0.01,0.01,-0.06748414192771911
0.01,2.01,-0.07512903254813269
0.01,4.01,-0.08733656069127237
0.01,6.01,-0.11774338283426947
0.01,8.01,-0.11567191618505336
0.01,10.01,-0.08436026341129374
0.01,12.01,-0.0649824865445521
0.01,14.01,-0.05205664500184542
0.01,16.009999999999998,-0.042967770210630786
0.01,18.009999999999998,-0.0363233831482701
0.01,20.009999999999998,-0.031319876549113446
0.01,22.009999999999998,-0.02746405036411651
0.01,24.009999999999998,-0.024438116347640863
0.01,26.009999999999998,-0.022029065840695868
0.01,28.009999999999998,-0.0200893815429806
0.01,30.009999999999998,-0.01851405763298916
0.01,32.01,-0.0172265814024639
0.01,34.01,-0.016170070565188606
0.01,36.01,-0.01530149514798829
0.01,38.01,-0.01458780836559064
0.01,40.01,-0.014003294367608894
0.01,42.01,-0.013527712164172905
0.01,44.01,-0.013144972707423902
0.01,46.01,-0.012842180515633135
0.01,48.01,-0.012608929305906078
0.01,50.01,-0.012436777710385708
0.01,52.01,-0.012318854741408782
0.01,54.01,-0.012249560183471361
0.01,56.01,-0.012224335484468107
0.01,58.01,-0.012239487810445704
0.01,60.01,-0.012292054853903694
0.01,62.01,-0.012379701472591716
0.01,64.00999999999999,-0.01250064175900008
0.01,66.00999999999999,-0.012653582018877164
0.01,68.00999999999999,-0.012837681591028674
0.01,70.00999999999999,-0.013052529631810679
0.01,72.00999999999999,-0.013298137044461162
0.01,74.00999999999999,-0.013574943771665201
0.01,76.00999999999999,-0.013883842812679582
0.01,78.00999999999999,-0.014226223727966312
0.01,80.00999999999999,-0.014604040273883678
0.01,82.00999999999999,-0.015019909509255035
0.01,84.00999999999999,-0.015477253801177208
0.01,86.00999999999999,-0.015980503614824493
0.01,88.00999999999999,-0.01653538959124118
0.01,90.00999999999999,-0.01714937059495622
0.01,92.00999999999999,-0.01783227691393645
0.01,94.00999999999999,-0.018597308851146854
0.01,96.00999999999999,-0.019462652511724587
0.01,98.00999999999999,-0.02045423418931588
0.03,0.01,-0.16961433125997566
0.03,2.01,-0.25904360011122546
0.03,4.01,-0.19428352643362076
0.03,6.01,-0.10100931508876076
0.03,8.01,-0.06116803927596996
0.03,10.01,-0.040395153471564645
0.03,12.01,-0.028268681867223942
0.03,14.01,-0.020667824802501136
0.03,16.009999999999998,-0.01567579344506404
0.03,18.009999999999998,-0.012296402105286784
0.03,20.009999999999998,-0.009968304768039032
0.03,22.009999999999998,-0.008355078373723207
0.03,24.009999999999998,-0.0072450940255589895
0.03,26.009999999999998,-0.006499946901885441
0.03,28.009999999999998,-0.00602621187470484
0.03,30.009999999999998,-0.00575917526611738
0.03,32.01,-0.00565306298383772
0.03,34.01,-0.005674959493881486
0.03,36.01,-0.005800908531774833
0.03,38.01,-0.006013348919603315
0.03,40.01,-0.006299393052371529
0.03,42.01,-0.006649652653063094
0.03,44.01,-0.007057429969422946
0.03,46.01,-0.007518160256494429
0.03,48.01,-0.008029033078058138
0.03,50.01,-0.00858874664802534
0.03,52.01,-0.009197367438234925
0.03,54.01,-0.009856280466669816
0.03,56.01,-0.010568226682950523
0.03,58.01,-0.011337434866679947
0.03,60.01,-0.012169868838491938
0.03,62.01,-0.013073629991628997
0.03,64.00999999999999,-0.014059586142681952
0.03,66.00999999999999,-0.01514235204008915
0.03,68.00999999999999,-0.016341848901663077
0.03,70.00999999999999,-0.01768587532483176
0.03,72.00999999999999,-0.019214566134010763
0.03,74.00999999999999,-0.0209886712035826
0.03,76.00999999999999,-0.02310640717719585
0.03,78.00999999999999,-0.02574247269772633
0.03,80.00999999999999,-0.029257734050556858
0.03,82.00999999999999,-0.03463184759570245
0.03,84.00999999999999,-0.03497287467721447
0.03,86.00999999999999,-0.022700118124343686
0.03,88.00999999999999,-0.01748581558164963
0.03,90.00999999999999,-0.013963830978538793
0.03,92.00999999999999,-0.0112786982040933
0.03,94.00999999999999,-0.009105625160658166
0.03,96.00999999999999,-0.007282537682161636
0.03,98.00999999999999,-0.005715636286869574
0.05,0.01,-0.25728759403967766
0.05,2.01,-0.4457558538977839
0.05,4.01,-0.14742086723885683
0.05,6.01,-0.06970484753739463
0.05,8.01,-0.03803942642642321
0.05,10.01,-0.022358541878606024
0.05,12.01,-0.013734920232148798
0.05,14.01,-0.008708620570906093
0.05,16.009999999999998,-0.005701636359795564
0.05,18.009999999999998,-0.00391002778249213
0.05,20.009999999999998,-0.0028900083050794126
0.05,22.009999999999998,-0.002381325847236944
0.05,24.009999999999998,-0.0022240670636789824
0.05,26.009999999999998,-0.002316346409263609
0.05,28.009999999999998,-0.002591431408269564
0.05,30.009999999999998,-0.0030047460573844904
0.05,32.01,-0.003526180473168397
0.05,34.01,-0.004135388516132488
0.05,36.01,-0.004818839411273489
0.05,38.01,-0.0055679397472937295
0.05,40.01,-0.00637783521084951
0.05,42.01,-0.007246664672194137
0.05,44.01,-0.008175135006732226
0.05,46.01,-0.009166345430398973
0.05,48.01,-0.010225833146615248
0.05,50.01,-0.011361849576573496
0.05,52.01,-0.012585918880943488
0.05,54.01,-0.01391379168336266
0.05,56.01,-0.015367011424013158
0.05,58.01,-0.01697551053182273
0.05,60.01,-0.018782071529612483
0.05,62.01,-0.0208504470591237
0.05,64.00999999999999,-0.023281388553243423
0.05,66.00999999999999,-0.026248092371189337
0.05,68.00999999999999,-0.030088839276504537
0.05,70.00999999999999,-0.035625476663230474
0.05,72.00999999999999,-0.04613787206743106
0.05,74.00999999999999,-0.03639234931309523
0.05,76.00999999999999,-0.025204016340434225
0.05,78.00999999999999,-0.019250581296348157
0.05,80.00999999999999,-0.015108796505068045
0.05,82.00999999999999,-0.011928292614084382
0.05,84.00999999999999,-0.009353566539560342
0.05,86.00999999999999,-0.007199049327579017
0.05,88.00999999999999,-0.005354536463451634
0.05,90.00999999999999,-0.003748750798032887
0.05,92.00999999999999,-0.002332700837340238
0.05,94.00999999999999,-0.0010711419377848839
0.05,96.00999999999999,0.00006219551234834037
0.05,98.00999999999999,0.0010874536611544677
0.07,0.01,-0.3368010007971438
0.07,2.01,-0.3880098924610571
0.07,4.01,-0.1182868954070244
0.07,6.01,-0.05088750287956309
0.07,8.01,-0.02462801032549143
0.07,10.01,-0.012306624464922797
0.07,12.01,-0.005991074625362393
0.07,14.01,-0.0026609722960378134
0.07,16.009999999999998,-0.000963521399028916
0.07,18.009999999999998,-0.00022258299767425856
0.07,20.009999999999998,-0.00007259824915643864
0.07,22.009999999999998,-0.00030413192648534246
0.07,24.009999999999998,-0.0007919492310622389
0.07,26.009999999999998,-0.0014588767630011046
0.07,28.009999999999998,-0.0022565199312305634
0.07,30.009999999999998,-0.003154473130878032
0.07,32.01,-0.004134058074868538
0.07,34.01,-0.00518460108866594
0.07,36.01,-0.006301205957796513
0.07,38.01,-0.007483458914347442
0.07,40.01,-0.008734761480473297
0.07,42.01,-0.010062139286981665
0.07,44.01,-0.011476479172036154
0.07,46.01,-0.012993239186530725
0.07,48.01,-0.014633789783205684
0.07,50.01,-0.016427728443221566
0.07,52.01,-0.018416864736337947
0.07,54.01,-0.020662344236807725
0.07,56.01,-0.02325825444157091
0.07,58.01,-0.026360245601817642
0.07,60.01,-0.030254797548068868
0.07,62.01,-0.03556774769949396
0.07,64.00999999999999,-0.04420407508154785
0.07,66.00999999999999,-0.07303696415640029
0.07,68.00999999999999,-0.033882565855200206
0.07,70.00999999999999,-0.024670224583954556
0.07,72.00999999999999,-0.018916385384376084
0.07,74.00999999999999,-0.01471804122999792
0.07,76.00999999999999,-0.011424877029816476
0.07,78.00999999999999,-0.00872999600225122
0.07,80.00999999999999,-0.006462145082269766
0.07,82.00999999999999,-0.004515203605888337
0.07,84.00999999999999,-0.0028184912931890865
0.07,86.00999999999999,-0.0013223813211081295
0.07,88.00999999999999,9.402469989081137e-6
0.07,90.00999999999999,0.0012042312820197527
0.07,92.00999999999999,0.002283292415814881
0.07,94.00999999999999,0.0032633353368141976
0.07,96.00999999999999,0.004157836532868171
0.07,98.00999999999999,0.004977802355143928
0.09000000000000001,0.01,-0.4105717176477022
0.09000000000000001,2.01,-0.3463991443334462
0.09000000000000001,4.01,-0.09801937474566551
0.09000000000000001,6.01,-0.038284175217237426
0.09000000000000001,8.01,-0.016025695616513028
0.09000000000000001,10.01,-0.006183013136959861
0.09000000000000001,12.01,-0.0015667719540631703
0.09000000000000001,14.01,0.0005155019131801511
0.09000000000000001,16.009999999999998,0.001248660847924521
0.09000000000000001,18.009999999999998,0.0012135010315066017
0.09000000000000001,20.009999999999998,0.0007171126015450696
0.09000000000000001,22.009999999999998,-0.00006921616207848647
0.09000000000000001,24.009999999999998,-0.0010465037440713226
0.09000000000000001,26.009999999999998,-0.002156566943371678
0.09000000000000001,28.009999999999998,-0.0033654569375678456
0.09000000000000001,30.009999999999998,-0.004654372824643052
0.09000000000000001,32.01,-0.006014549217644139
0.09000000000000001,34.01,-0.0074443870466474465
0.09000000000000001,36.01,-0.00894794727021321
0.09000000000000001,38.01,-0.010534368890631356
0.09000000000000001,40.01,-0.012218032309215913
0.09000000000000001,42.01,-0.014019482146272116
0.09000000000000001,44.01,-0.015967331247850686
0.09000000000000001,46.01,-0.018101688776204182
0.09000000000000001,48.01,-0.02048028606559493
0.09000000000000001,50.01,-0.023189914962814265
0.09000000000000001,52.01,-0.026369550868477476
0.09000000000000001,54.01,-0.030262988771866336
0.09000000000000001,56.01,-0.03536226773400693
0.09000000000000001,58.01,-0.04293777849185443
0.09000000000000001,60.01,-0.05907242478107744
0.09000000000000001,62.01,-0.04506475106179301
0.09000000000000001,64.00999999999999,-0.030600151341508078
0.09000000000000001,66.00999999999999,-0.02288849743826847
0.09000000000000001,68.00999999999999,-0.017577178356208156
0.09000000000000001,70.00999999999999,-0.013542138614025371
0.09000000000000001,72.00999999999999,-0.01030968698612685
0.09000000000000001,74.00999999999999,-0.0076319396222817954
0.09000000000000001,76.00999999999999,-0.005361606311150313
0.09000000000000001,78.00999999999999,-0.0034034702261661956
0.09000000000000001,80.00999999999999,-0.001692160858439327
0.09000000000000001,82.00999999999999,-0.00018072886748024972
0.09000000000000001,84.00999999999999,0.0011657462901288932
0.09000000000000001,86.00999999999999,0.0023739741412687845
0.09000000000000001,88.00999999999999,0.0034648548157602157
0.09000000000000001,90.00999999999999,0.004455055099792167
0.09000000000000001,92.00999999999999,0.005358079717967066
0.09000000000000001,94.00999999999999,0.006185021436034345
0.09000000000000001,96.00999999999999,0.0069450997682101
0.09000000000000001,98.00999999999999,0.007646056440220023
0.11000000000000001,0.01,-0.4799017335758518
0.11000000000000001,2.01,-0.3145582495393756
0.11000000000000001,4.01,-0.08309663838408314
0.11000000000000001,6.01,-0.029406911850599605
0.11000000000000001,8.01,-0.010289803935664935
0.11000000000000001,10.01,-0.0023855103155327323
0.11000000000000001,12.01,0.0009056648013557739
0.11000000000000001,14.01,0.0020161403124735883
0.11000000000000001,16.009999999999998,0.001997612523880598
0.11000000000000001,18.009999999999998,0.001355217153925864
0.11000000000000001,20.009999999999998,0.0003495069914408594
0.11000000000000001,22.009999999999998,-0.0008787961325078877
0.11000000000000001,24.009999999999998,-0.002252020222209841
0.11000000000000001,26.009999999999998,-0.0037277504199383985
0.11000000000000001,28.009999999999998,-0.005284485965522186
0.11000000000000001,30.009999999999998,-0.0069140019760845425
0.11000000000000001,32.01,-0.008617296222003308
0.11000000000000001,34.01,-0.01040262514192259
0.11000000000000001,36.01,-0.01228493122413317
0.11000000000000001,38.01,-0.014286419188462504
0.11000000000000001,40.01,-0.01643838747952968
0.11000000000000001,42.01,-0.018784838297851474
0.11000000000000001,44.01,-0.021389121231766797
0.11000000000000001,46.01,-0.02434648575524075
0.11000000000000001,48.01,-0.027809623307074146
0.11000000000000001,50.01,-0.03204714756757938
0.11000000000000001,52.01,-0.03760413565972232
0.11000000000000001,54.01,-0.04590302080207012
0.11000000000000001,56.01,-0.0639930183885777
0.11000000000000001,58.01,-0.04833255454619509
0.11000000000000001,60.01,-0.032609507491966956
0.11000000000000001,62.01,-0.024228297372812988
0.11000000000000001,64.00999999999999,-0.018473218627425243
0.11000000000000001,66.00999999999999,-0.014115900711932434
0.11000000000000001,68.00999999999999,-0.010637346644691617
0.11000000000000001,70.00999999999999,-0.007765615939368632
0.11000000000000001,72.00999999999999,-0.0053390159641459435
0.11000000000000001,74.00999999999999,-0.0032529915092348555
0.11000000000000001,76.00999999999999,-0.0014357643031889947
0.11000000000000001,78.00999999999999,0.0001642010735763003
0.11000000000000001,80.00999999999999,0.001585215756505647
0.11000000000000001,82.00999999999999,0.002856561299181924
0.11000000000000001,84.00999999999999,0.004001129973442257
0.11000000000000001,86.00999999999999,0.0050371583189345315
0.11000000000000001,88.00999999999999,0.005979405950210863
0.11000000000000001,90.00999999999999,0.006839981195510815
0.11000000000000001,92.00999999999999,0.00762893417103925
0.11000000000000001,94.00999999999999,0.008354692198043778
0.11000000000000001,96.00999999999999,0.009024385613725336
0.11000000000000001,98.00999999999999,0.009644095679332328
0.13,0.01,-0.5456081871169249
0.13,2.01,-0.28928629339789014
0.13,4.01,-0.0717508253667748
0.13,6.01,-0.02300905136068926
0.13,8.01,-0.006448798739071504
0.13,10.01,-0.00011457889897285856
0.13,12.01,0.0021070877461404104
0.13,14.01,0.0024343616840458576
0.13,16.009999999999998,0.0018092406140454223
0.13,18.009999999999998,0.0006744370833131966
0.13,20.009999999999998,-0.0007480620617417028
0.13,22.009999999999998,-0.002343114500189085
0.13,24.009999999999998,-0.004051218260547308
0.13,26.009999999999998,-0.005843847772734195
0.13,28.009999999999998,-0.007711043639333122
0.13,30.009999999999998,-0.009655127854290664
0.13,32.01,-0.011687777970700808
0.13,34.01,-0.013829225920318631
0.13,36.01,-0.01610916308324605
0.13,38.01,-0.018569530524548523
0.13,40.01,-0.02127009462921179
0.13,42.01,-0.02429905100987359
0.13,44.01,-0.02779411270282626
0.13,46.01,-0.03198873719706599
0.13,48.01,-0.037330365266121664
0.13,50.01,-0.04486969295255247
0.13,52.01,-0.05839692907757352
0.13,54.01,-0.06492796547869256
0.13,56.01,-0.0389154717475245
0.13,58.01,-0.02817044225978937
0.13,60.01,-0.02123382667888186
0.13,62.01,-0.016138823550171103
0.13,64.00999999999999,-0.012147726711629989
0.13,66.00999999999999,-0.008897034519903792
0.13,68.00999999999999,-0.0061787117810525125
0.13,70.00999999999999,-0.0038617227290806467
0.13,72.00999999999999,-0.001857828825989617
0.13,74.00999999999999,-0.00010461270018862444
0.13,76.00999999999999,0.0014437758483296335
0.13,78.00999999999999,0.0028220364164306773
0.13,80.00999999999999,0.0040570709625144565
0.13,82.00999999999999,0.005170155370756015
0.13,84.00999999999999,0.006178399320033545
0.13,86.00999999999999,0.007095758884747989
0.13,88.00999999999999,0.007933757826616792
0.13,90.00999999999999,0.008702013268268848
0.13,92.00999999999999,0.009408626488429632
0.13,94.00999999999999,0.010060478547420487
0.13,96.00999999999999,0.010663457382904038
0.13,98.00999999999999,0.01122263466153723
0.15,0.01,-0.608252446672407
0.15,2.01,-0.26874072197768106
0.15,4.01,-0.06296600520245287
0.15,6.01,-0.018375474699047642
0.15,8.01,-0.00394651935970265
0.15,10.01,0.0010863842924945244
0.15,12.01,0.0024252166205944187
0.15,14.01,0.0021069545770729323
0.15,16.009999999999998,0.0009808198755630465
0.15,18.009999999999998,-0.000563384637154142
0.15,20.009999999999998,-0.0023365675862930986
0.15,22.009999999999998,-0.004245708160956443
0.15,24.009999999999998,-0.006247434026685046
0.15,26.009999999999998,-0.00832610424732426
0.15,28.009999999999998,-0.010483193335691414
0.15,30.009999999999998,-0.01273241037259764
0.15,32.01,-0.015098161243248871
0.15,34.01,-0.017616489420472455
0.15,36.01,-0.02033862295533843
0.15,38.01,-0.023338356905418932
0.15,40.01,-0.026726542908452444
0.15,42.01,-0.030681055610458603
0.15,44.01,-0.03551621842542031
0.15,46.01,-0.04187616491918103
0.15,48.01,-0.05147675642539197
0.15,50.01,-0.07346339640779864
0.15,52.01,-0.05302731061444378
0.15,54.01,-0.03560648862451449
0.15,56.01,-0.026213080678985375
0.15,58.01,-0.019768504728107848
0.15,60.01,-0.014906086522949284
0.15,62.01,-0.011041417597980727
0.15,64.00999999999999,-0.0078662377524008
0.15,66.00999999999999,-0.005196503236572875
0.15,68.00999999999999,-0.0029129018835883026
0.15,70.00999999999999,-0.0009334056287998496
0.15,72.00999999999999,0.0008009165831532417
0.15,74.00999999999999,0.0023338722109655153
0.15,76.00999999999999,0.003698924923267398
0.15,78.00999999999999,0.004922210747469785
0.15,80.00999999999999,0.006024522506941836
0.15,82.00999999999999,0.007022661517046779
0.15,84.00999999999999,0.007930385591166446
0.15,86.00999999999999,0.008759090714922277
0.15,88.00999999999999,0.009518311879069468
0.15,90.00999999999999,0.010216098013843584
0.15,92.00999999999999,0.010859297336609921
0.15,94.00999999999999,0.011453777708938115
0.15,96.00999999999999,0.012004599030603174
0.15,98.00999999999999,0.012516149689704308
0.16999999999999998,0.01,-0.6682441768580663
0.16999999999999998,2.01,-0.25176177361177526
0.16999999999999998,4.01,-0.05610377926940664
0.16999999999999998,6.01,-0.015057646077397444
0.16999999999999998,8.01,-0.0024349131285751613
0.16999999999999998,10.01,0.0015023358590129376
0.16999999999999998,12.01,0.0021011901217238976
0.16999999999999998,14.01,0.0012425005592744398
0.16999999999999998,16.009999999999998,-0.00030448522599961503
0.16999999999999998,18.009999999999998,-0.0021957167673099815
0.16999999999999998,20.009999999999998,-0.004270798846942914
0.16999999999999998,22.009999999999998,-0.006456377621301655
0.16999999999999998,24.009999999999998,-0.0087239334982563
0.16999999999999998,26.009999999999998,-0.011070380208004972
0.16999999999999998,28.009999999999998,-0.013509240116022354
0.16999999999999998,30.009999999999998,-0.01606739036888204
0.16999999999999998,32.01,-0.018785462556019247
0.16999999999999998,34.01,-0.02172167343360813
0.16999999999999998,36.01,-0.024960429426499783
0.16999999999999998,38.01,-0.02862972495063906
0.16999999999999998,40.01,-0.03293805485917251
0.16999999999999998,42.01,-0.038262809985715095
0.16999999999999998,44.01,-0.04540950999508729
0.16999999999999998,46.01,-0.05671092665042467
0.16999999999999998,48.01,-0.09094095180643508
0.16999999999999998,50.01,-0.050305848732778824
0.16999999999999998,52.01,-0.034682949507580704
0.16999999999999998,54.01,-0.025617564673635757
0.16999999999999998,56.01,-0.019255288220274103
0.16999999999999998,58.01,-0.014405305393370817
0.16999999999999998,60.01,-0.010530003658630297
0.16999999999999998,62.01,-0.007337080521412777
0.16999999999999998,64.00999999999999,-0.0046485962834748795
0.16999999999999998,66.00999999999999,-0.0023476392212749245
0.16999999999999998,68.00999999999999,-0.0003530506605691834
0.16999999999999998,70.00999999999999,0.0013938955716065547
0.16999999999999998,72.00999999999999,0.00293709170227686
0.16999999999999998,74.00999999999999,0.004310204985022192
0.16999999999999998,76.00999999999999,0.005539613865138638
0.16999999999999998,78.00999999999999,0.006646354988784659
0.16999999999999998,80.00999999999999,0.007647458092141537
0.16999999999999998,82.00999999999999,0.008556887372571476
0.16999999999999998,84.00999999999999,0.009386221541964761
0.16999999999999998,86.00999999999999,0.010145155443255765
0.16999999999999998,88.00999999999999,0.010841876835003796
0.16999999999999998,90.00999999999999,0.011483353969838659
0.16999999999999998,92.00999999999999,0.012075558217441397
0.16999999999999998,94.00999999999999,0.012623638594004043
0.16999999999999998,96.00999999999999,0.013132060146991443
0.16999999999999998,98.00999999999999,0.01360471480786186
0.18999999999999997,0.01,-0.7258955946429242
0.18999999999999997,2.01,-0.23757134743763592
0.18999999999999997,4.01,-0.05073654824194483
0.18999999999999997,6.01,-0.012755728708799006
0.18999999999999997,8.01,-0.0016819010215459174
0.18999999999999997,10.01,0.001322662970609758
0.18999999999999997,12.01,0.0012946066936816748
0.18999999999999997,14.01,-0.000021670655340075284
0.18999999999999997,16.009999999999998,-0.001926864072977652
0.18999999999999997,18.009999999999998,-0.004117112002284622
0.18999999999999997,20.009999999999998,-0.006457529465116088
0.18999999999999997,22.009999999999998,-0.008892696928554416
0.18999999999999997,24.009999999999998,-0.011408269773855877
0.18999999999999997,26.009999999999998,-0.014013994580590987
0.18999999999999997,28.009999999999998,-0.01673682425262254
0.18999999999999997,30.009999999999998,-0.019619757629039537
0.18999999999999997,32.01,-0.02272520437322114
0.18999999999999997,34.01,-0.02614392104395602
0.18999999999999997,36.01,-0.030013743694131855
0.18999999999999997,38.01,-0.03455990355420436
0.18999999999999997,40.01,-0.0401927078872797
0.18999999999999997,42.01,-0.04779871791319833
0.18999999999999997,44.01,-0.06001559246512301
0.18999999999999997,46.01,-0.10300887032452544
0.18999999999999997,48.01,-0.05101970142354594
0.18999999999999997,50.01,-0.03527376037863988
0.18999999999999997,52.01,-0.02599598764615473
0.18999999999999997,54.01,-0.019458018915625288
0.18999999999999997,56.01,-0.014469057658458104
0.18999999999999997,58.01,-0.010483723138352777
0.18999999999999997,60.01,-0.007203026480139598
0.18999999999999997,62.01,-0.004443988925764874
0.18999999999999997,64.00999999999999,-0.002085958347106301
0.18999999999999997,66.00999999999999,-0.00004497601089989656
0.18999999999999997,68.00999999999999,0.0017398094109641795
0.18999999999999997,70.00999999999999,0.0033139260687553764
0.18999999999999997,72.00999999999999,0.004712317217931028
0.18999999999999997,74.00999999999999,0.00596236842193968
0.18999999999999997,76.00999999999999,0.007085919636789575
0.18999999999999997,78.00999999999999,0.008100647363697618
0.18999999999999997,80.00999999999999,0.009021040875313014
0.18999999999999997,82.00999999999999,0.009859108339891056
0.18999999999999997,84.00999999999999,0.010624898192247038
0.18999999999999997,86.00999999999999,0.011326891063879144
0.18999999999999997,88.00999999999999,0.011972299098074221
0.18999999999999997,90.00999999999999,0.012567297756679186
0.18999999999999997,92.00999999999999,0.01311720759963377
0.18999999999999997,94.00999999999999,0.01362663843967728
0.18999999999999997,96.00999999999999,0.014099604821194163
0.18999999999999997,98.00999999999999,0.014539619379334474
0.20999999999999996,0.01,-0.781452576237785
0.20999999999999996,2.01,-0.22562173060307478
0.20999999999999996,4.01,-0.04656382911842892
0.20999999999999996,6.01,-0.011259470558737009
0.20999999999999996,8.01,-0.0015252132519701367
0.20999999999999996,10.01,0.0006792744084879523
0.20999999999999996,12.01,0.00011606848097020679
0.20999999999999996,14.01,-0.001590999928632833
0.20999999999999996,16.009999999999998,-0.003804492788442422
0.20999999999999996,18.009999999999998,-0.006256311273732789
0.20999999999999996,20.009999999999998,-0.008834639478786974
0.20999999999999996,22.009999999999998,-0.011500826183317757
0.20999999999999996,24.009999999999998,-0.014254552449399861
0.20999999999999996,26.009999999999998,-0.017119301578685443
0.20999999999999996,28.009999999999998,-0.02013775986401599
0.20999999999999996,30.009999999999998,-0.023373591947142502
0.20999999999999996,32.01,-0.026919634109506763
0.20999999999999996,34.01,-0.030916240332511565
0.20999999999999996,36.01,-0.03559115072096171
0.20999999999999996,38.01,-0.04135556080222119
0.20999999999999996,40.01,-0.04908642732063953
0.20999999999999996,42.01,-0.061324815361081565
0.20999999999999996,44.01,-0.09852322433433677
0.20999999999999996,46.01,-0.05430397513568088
0.20999999999999996,48.01,-0.03712851930337073
0.20999999999999996,50.01,-0.02720904178313735
0.20999999999999996,52.01,-0.020279283659461442
0.20999999999999996,54.01,-0.015021070585924225
0.20999999999999996,56.01,-0.010838841564723856
0.20999999999999996,58.01,-0.007408592998315753
0.20999999999999996,60.01,-0.004533039705880692
0.20999999999999996,62.01,-0.0020825806298278796
0.20999999999999996,64.00999999999999,0.00003270207399664311
0.20999999999999996,66.00999999999999,0.0018778142191528911
0.20999999999999996,68.00999999999999,0.0035012832735048004
0.20999999999999996,70.00999999999999,0.004940277993229102
0.20999999999999996,72.00999999999999,0.006223872055225172
0.20999999999999996,74.00999999999999,0.007375209273307712
0.20999999999999996,76.00999999999999,0.00841298854823051
0.20999999999999996,78.00999999999999,0.00935251118893737
0.20999999999999996,80.00999999999999,0.010206437457074675
0.20999999999999996,82.00999999999999,0.010985344470300033
0.20999999999999996,84.00999999999999,0.011698145095540138
0.20999999999999996,86.00999999999999,0.012352407486899614
0.20999999999999996,88.00999999999999,0.01295460227527594
0.20999999999999996,90.00999999999999,0.013510296195932917
0.20999999999999996,92.00999999999999,0.014024305470624266
0.20999999999999996,94.00999999999999,0.0145008185447545
0.20999999999999996,96.00999999999999,0.014943495207393853
0.20999999999999996,98.00999999999999,0.015355547310275736
0.22999999999999995,0.01,-0.8351137854643427
0.22999999999999995,2.01,-0.21551265837269984
0.22999999999999995,4.01,-0.04336641314756681
0.22999999999999995,6.01,-0.010415847701068154
0.22999999999999995,8.01,-0.0018471393738050401
0.22999999999999995,10.01,-0.0003325786930296129
0.22999999999999995,12.01,-0.0013550399982080602
0.22999999999999995,14.01,-0.00339814756653925
0.22999999999999995,16.009999999999998,-0.005879691175265191
0.22999999999999995,18.009999999999998,-0.00856375838357729
0.22999999999999995,20.009999999999998,-0.011359743228611906
0.22999999999999995,22.009999999999998,-0.014245081803496623
0.22999999999999995,24.009999999999998,-0.01723385023099504
0.22999999999999995,26.009999999999998,-0.020364884496572415
0.22999999999999995,28.009999999999998,-0.023700094531451894
0.22999999999999995,30.009999999999998,-0.027330628451476352
0.22999999999999995,32.01,-0.03139327025079187
0.22999999999999995,34.01,-0.0361067674209499
0.22999999999999995,36.01,-0.04185801698266149
0.22999999999999995,38.01,-0.04944631574229483
0.22999999999999995,40.01,-0.06104572029561607
0.22999999999999995,42.01,-0.08924672758153007
0.22999999999999995,44.01,-0.060472676155931986
0.22999999999999995,46.01,-0.04027011938040468
0.22999999999999995,48.01,-0.029243885109709485
0.22999999999999995,50.01,-0.021697222231640473
0.22999999999999995,52.01,-0.01603672221015123
0.22999999999999995,54.01,-0.011570020814073996
0.22999999999999995,56.01,-0.007928523154851293
0.22999999999999995,58.01,-0.004890912302336693
0.22999999999999995,60.01,-0.0023132366348703227
0.22999999999999995,62.01,-0.00009637070402405581
0.22999999999999995,64.00999999999999,0.001830919143618755
0.22999999999999995,66.00999999999999,0.003521545459772557
0.22999999999999995,68.00999999999999,0.005015863369504912
0.22999999999999995,70.00999999999999,0.006345321166989777
0.22999999999999995,72.00999999999999,0.007534869355619292
0.22999999999999995,74.00999999999999,0.008604605347740671
0.22999999999999995,76.00999999999999,0.009570928914110346
0.22999999999999995,78.00999999999999,0.010447373955149539
0.22999999999999995,80.00999999999999,0.011245219983377786
0.22999999999999995,82.00999999999999,0.011973949957597086
0.22999999999999995,84.00999999999999,0.012641598625545206
0.22999999999999995,86.00999999999999,0.0132550213521208
0.22999999999999995,88.00999999999999,0.013820104225694525
0.22999999999999995,90.00999999999999,0.014341930142886535
0.22999999999999995,92.00999999999999,0.014824911444682301
0.22999999999999995,94.00999999999999,0.01527289682646461
0.22999999999999995,96.00999999999999,0.01568925824203628
0.22999999999999995,98.00999999999999,0.0160769620926104
0.24999999999999994,0.01,-0.8870430884025293
0.24999999999999994,2.01,-0.20694268270498037
0.24999999999999994,4.01,-0.04097950902311559
0.24999999999999994,6.01,-0.010110122601325322
0.24999999999999994,8.01,-0.00255975675332127
0.24999999999999994,10.01,-0.001642129318033897
0.24999999999999994,12.01,-0.003060162128579194
0.24999999999999994,14.01,-0.005393909954672593
0.24999999999999994,16.009999999999998,-0.008110842323067486
0.24999999999999994,18.009999999999998,-0.011004319727447861
0.24999999999999994,20.009999999999998,-0.014003570845707563
0.24999999999999994,22.009999999999998,-0.017101889613180793
0.24999999999999994,24.009999999999998,-0.020328673181746172
0.24999999999999994,26.009999999999998,-0.02374059612798722
0.24999999999999994,28.009999999999998,-0.027423891282979736
0.24999999999999994,30.009999999999998,-0.031507383045683124
0.24999999999999994,32.01,-0.03619330126608657
0.24999999999999994,34.01,-0.041829328830315815
0.24999999999999994,36.01,-0.04910320226154474
0.24999999999999994,38.01,-0.05973910255316609
0.24999999999999994,40.01,-0.08122135301999316
0.24999999999999994,42.01,-0.07122734271300378
0.24999999999999994,44.01,-0.04494714999391392
0.24999999999999994,46.01,-0.03218312074800512
0.24999999999999994,48.01,-0.02374478023741965
0.24999999999999994,50.01,-0.017528028240803736
0.24999999999999994,52.01,-0.012678759040117123
0.24999999999999994,54.01,-0.008758459164694341
0.24999999999999994,56.01,-0.00550977873885128
0.24999999999999994,58.01,-0.0027679657895240697
0.24999999999999994,60.01,-0.00042090144572434215
0.24999999999999994,62.01,0.0016112473391300727
0.24999999999999994,64.00999999999999,0.0033873397987570827
0.24999999999999994,66.00999999999999,0.004951986999097057
0.24999999999999994,68.00999999999999,0.006339768130230692
0.24999999999999994,70.00999999999999,0.00757798937319731
0.24999999999999994,72.00999999999999,0.008688554047873949
0.24999999999999994,74.00999999999999,0.009689268436806633
0.24999999999999994,76.00999999999999,0.010594776810368564
0.24999999999999994,78.00999999999999,0.011417245586773497
0.24999999999999994,80.00999999999999,0.012166873426825021
0.24999999999999994,82.00999999999999,0.012852277860928511
0.24999999999999994,84.00999999999999,0.013480792624283807
0.24999999999999994,86.00999999999999,0.014058699297875683
0.24999999999999994,88.00999999999999,0.014591409870836815
0.24999999999999994,90.00999999999999,0.015083612130183558
0.24999999999999994,92.00999999999999,0.01553938654463461
0.24999999999999994,94.00999999999999,0.015962301041796894
0.24999999999999994,96.00999999999999,0.016355488465201344
0.24999999999999994,98.00999999999999,0.016721710333898177
0.26999999999999996,0.01,-0.9373779643378508
0.26999999999999996,2.01,-0.19967909726086214
0.26999999999999996,4.01,-0.03927614736345683
0.26999999999999996,6.01,-0.01025414800570626
0.26999999999999996,8.01,-0.003595814988939905
0.26999999999999996,10.01,-0.003195585994839184
0.26999999999999996,12.01,-0.004955163856649167
0.26999999999999996,14.01,-0.007541622790142213
0.26999999999999996,16.009999999999998,-0.010467418337563792
0.26999999999999996,18.009999999999998,-0.013552809992462292
0.26999999999999996,20.009999999999998,-0.016745913940125597
0.26999999999999996,22.009999999999998,-0.020056106507264304
0.26999999999999996,24.009999999999998,-0.023529671620472356
0.26999999999999996,26.009999999999998,-0.027244723911203514
0.26999999999999996,28.009999999999998,-0.03131917569958699
0.26999999999999996,30.009999999999998,-0.035934897135197715
0.26999999999999996,32.01,-0.04139468311395078
0.26999999999999996,34.01,-0.0482687613487653
0.26999999999999996,36.01,-0.05786857877477704
0.26999999999999996,38.01,-0.07471030184258394
0.26999999999999996,40.01,-0.09436181951220567
0.26999999999999996,42.01,-0.05174205614212119
0.26999999999999996,44.01,-0.03621582148832373
0.26999999999999996,46.01,-0.026508194987322056
0.26999999999999996,48.01,-0.019539817236091463
0.26999999999999996,50.01,-0.01418929158695301
0.26999999999999996,52.01,-0.009911048767974993
0.26999999999999996,54.01,-0.006395229061834335
0.26999999999999996,56.01,-0.0034478231520390446
0.26999999999999996,58.01,-0.0009389210445302125
0.26999999999999996,60.01,0.0012228371005757494
0.26999999999999996,62.01,0.003104144769071268
0.26999999999999996,64.00999999999999,0.004755139741683567
0.26999999999999996,66.00999999999999,0.006214417757470326
0.26999999999999996,68.00999999999999,0.007512275664077316
0.26999999999999996,70.00999999999999,0.008672888841124531
0.26999999999999996,72.00999999999999,0.0097158192024413
0.26999999999999996,74.00999999999999,0.010657087382737785
0.26999999999999996,76.00999999999999,0.011509952409411446
0.26999999999999996,78.00999999999999,0.012285489817141445
0.26999999999999996,80.00999999999999,0.012993027670793848
0.26999999999999996,82.00999999999999,0.0136404803906044
0.26999999999999996,84.00999999999999,0.014234607759366864
0.26999999999999996,86.00999999999999,0.014781218285830334
0.26999999999999996,88.00999999999999,0.015285330596289129
0.26999999999999996,90.00999999999999,0.01575130276207245
0.26999999999999996,92.00999999999999,0.01618293684843567
0.26999999999999996,94.00999999999999,0.016583564113574974
0.26999999999999996,96.00999999999999,0.01695611495202688
0.26999999999999996,98.00999999999999,0.017303176704542334
0.29,0.01,-0.986235407477029
0.29,2.01,-0.19353851361352398
0.29,4.01,-0.0381564709941461
0.29,6.01,-0.010778824136737197
0.29,8.01,-0.004902860518686426
0.29,10.01,-0.004951295400300509
0.29,12.01,-0.0070062090628812
0.29,14.01,-0.009813559786697207
0.29,16.009999999999998,-0.012926783943632905
0.29,18.009999999999998,-0.016191124693381326
0.29,20.009999999999998,-0.019573041676644462
0.29,22.009999999999998,-0.023098705634546024
0.29,24.009999999999998,-0.026833626327766463
0.29,26.009999999999998,-0.030882440328191124
0.29,28.009999999999998,-0.03540535365744314
0.29,30.009999999999998,-0.04066085599737707
0.29,32.01,-0.04711185763325019
0.29,34.01,-0.0557378138381073
0.29,36.01,-0.06934472263216061
0.29,38.01,-0.10895039914250508
0.29,40.01,-0.06200008278396798
0.29,42.01,-0.041693165946228156
0.29,44.01,-0.030140468181516472
0.29,46.01,-0.022153352480555034
0.29,48.01,-0.0161490593033935
0.29,50.01,-0.011415229762196947
0.29,52.01,-0.007565081203710158
0.29,54.01,-0.004363504279732246
0.29,56.01,-0.0016563520561483284
0.29,58.01,0.0006630720657919672
0.29,60.01,0.002671691245150664
0.29,62.01,0.004426749786330014
0.29,64.00999999999999,0.0059719422423525435
0.29,66.00999999999999,0.007341320803959866
0.29,68.00999999999999,0.008561887191742775
0.29,70.00999999999999,0.009655369467171222
0.29,72.00999999999999,0.010639474306272868
0.29,74.00999999999999,0.011528790691531756
0.29,76.00999999999999,0.012335455481362285
0.29,78.00999999999999,0.013069652382614854
0.29,80.00999999999999,0.013739991907644997
0.29,82.00999999999999,0.014353804728159072
0.29,84.00999999999999,0.014917370972679797
0.29,86.00999999999999,0.015436101447539843
0.29,88.00999999999999,0.015914682298165318
0.29,90.00999999999999,0.01635719153692005
0.29,92.00999999999999,0.01676719368729001
0.29,94.00999999999999,0.017147817237828177
0.29,96.00999999999999,0.017501818470641438
0.29,98.00999999999999,0.01783163440027248
0.31,0.01,-1.0337161906071433
0.31,2.01,-0.18837385596516146
0.31,4.01,-0.037540569679263336
0.31,6.01,-0.011629055459443163
0.31,8.01,-0.006439310209877092
0.31,10.01,-0.006876511040761674
0.31,12.01,-0.009187005944216411
0.31,14.01,-0.012188530941547204
0.31,16.009999999999998,-0.01547206919326035
0.31,18.009999999999998,-0.018906339872289034
0.31,20.009999999999998,-0.022476004196408807
0.31,22.009999999999998,-0.026225290931553638
0.31,24.009999999999998,-0.030242244146038495
0.31,26.009999999999998,-0.0346651215068975
0.31,28.009999999999998,-0.03971186374731288
0.31,30.009999999999998,-0.04575463669412584
0.31,32.01,-0.053522586767955
0.31,34.01,-0.0648182723060994
0.31,36.01,-0.08716648172197838
0.31,38.01,-0.07983795147661572
0.31,40.01,-0.04927909069315634
0.31,42.01,-0.034895876503949944
0.31,44.01,-0.02549788122482638
0.31,46.01,-0.018633204803517753
0.31,48.01,-0.013317982475775706
0.31,50.01,-0.009049901712744978
0.31,52.01,-0.005535260628662676
0.31,54.01,-0.002586609749231151
0.31,56.01,-0.00007675220865192422
0.31,58.01,0.00208461815826441
0.31,60.01,0.003963883494509685
0.31,62.01,0.005611201897560319
0.31,64.00999999999999,0.007065329410148254
0.31,66.00999999999999,0.008356771960238141
0.31,68.00999999999999,0.009509919632927924
0.31,70.00999999999999,0.010544535141233942
0.31,72.00999999999999,0.01147681823112336
0.31,74.00999999999999,0.012320183382020698
0.31,76.00999999999999,0.013085838730127614
0.31,78.00999999999999,0.013783224120735474
0.31,80.00999999999999,0.014420347384893818
0.31,82.00999999999999,0.015004045821007405
0.31,84.00999999999999,0.015540191867499806
0.31,86.00999999999999,0.016033856561713147
0.31,88.00999999999999,0.016489440673490896
0.31,90.00999999999999,0.01691078080823593
0.31,92.00999999999999,0.017301235930412082
0.31,94.00999999999999,0.01766375842857806
0.31,96.00999999999999,0.018000952871222883
0.31,98.00999999999999,0.01831512488381614
0.33,0.01,-1.0799080223154067
0.33,2.01,-0.1840653840778825
0.33,4.01,-0.03736353786691676
0.33,6.01,-0.01276027419905508
0.33,8.01,-0.008171745993800661
0.33,10.01,-0.008945167833129042
0.33,12.01,-0.01147691200247497
0.33,14.01,-0.014650232185644735
0.33,16.009999999999998,-0.018090712261333658
0.33,18.009999999999998,-0.021689418997740954
0.33,20.009999999999998,-0.025449495838315593
0.33,22.009999999999998,-0.029435143030623105
0.33,24.009999999999998,-0.03376149633121926
0.33,26.009999999999998,-0.0386103456855949
0.33,28.009999999999998,-0.04428015721916944
0.33,30.009999999999998,-0.05131694985599925
0.33,32.01,-0.06091830145350411
0.33,34.01,-0.07679279028747418
0.33,36.01,-0.17345933663588428
0.33,38.01,-0.060407009484941154
0.33,40.01,-0.04120802361442903
0.33,42.01,-0.029774611678864256
0.33,44.01,-0.02175417233196678
0.33,46.01,-0.01568872171573962
0.33,48.01,-0.010895127510476891
0.33,50.01,-0.006993904254979136
0.33,52.01,-0.0037510095402806046
0.33,54.01,-0.0010114972649064758
0.33,56.01,0.0013326030392703022
0.33,58.01,0.003359496657330799
0.33,60.01,0.0051275703399390245
0.33,62.01,0.0066814885225479625
0.33,64.00999999999999,0.008056108860891465
0.33,66.00999999999999,0.009279095123302807
0.33,68.00999999999999,0.010372717059571424
0.33,70.00999999999999,0.011355123869402874
0.33,72.00999999999999,0.012241266069104629
0.33,74.00999999999999,0.013043576147753425
0.33,76.00999999999999,0.01377247986248389
0.33,78.00999999999999,0.014436786182103298
0.33,80.00999999999999,0.015043988707623118
0.33,82.00999999999999,0.015600501481360825
0.33,84.00999999999999,0.016111845469101646
0.33,86.00999999999999,0.0165827974800504
0.33,88.00999999999999,0.017017510150141628
0.33,90.00999999999999,0.017419609397590605
0.33,92.00999999999999,0.01779227417070056
0.33,94.00999999999999,0.018138302153440946
0.33,96.00999999999999,0.01846016424482659
0.33,98.00999999999999,0.01876004999587462
0.35000000000000003,0.01,-1.124887934889066
0.35000000000000003,2.01,-0.18051433293191305
0.35000000000000003,4.01,-0.03757197558114826
0.35000000000000003,6.01,-0.014135980394236913
0.35000000000000003,8.01,-0.010073001397120904
0.35000000000000003,10.01,-0.011136308915553506
0.35000000000000003,12.01,-0.013859595791659983
0.35000000000000003,14.01,-0.01718608246223413
0.35000000000000003,16.009999999999998,-0.020773437382796488
0.35000000000000003,18.009999999999998,-0.024534315292141576
0.35000000000000003,20.009999999999998,-0.02849108619001306
0.35000000000000003,22.009999999999998,-0.03273062480274572
0.35000000000000003,24.009999999999998,-0.03740136057222237
0.35000000000000003,26.009999999999998,-0.04274253270191476
0.35000000000000003,28.009999999999998,-0.049167457891619686
0.35000000000000003,30.009999999999998,-0.05749795031602004
0.35000000000000003,32.01,-0.06982320685167875
0.35000000000000003,34.01,-0.09564312321873253
0.35000000000000003,36.01,-0.0793041056607593
0.35000000000000003,38.01,-0.04988404641712204
0.35000000000000003,40.01,-0.03530545101803703
0.35000000000000003,42.01,-0.025679638632052144
0.35000000000000003,44.01,-0.018627356160451067
0.35000000000000003,46.01,-0.013165124428164083
0.35000000000000003,48.01,-0.008782981132775454
0.35000000000000003,50.01,-0.005179955202181716
0.35000000000000003,52.01,-0.0021628156570568957
0.35000000000000003,54.01,0.0004000573836596685
0.35000000000000003,56.01,0.002602333489945757
0.35000000000000003,58.01,0.00451296318699688
0.35000000000000003,60.01,0.00618408065956298
0.35000000000000003,62.01,0.007655975120429275
0.35000000000000003,64.00999999999999,0.00896035190643725
0.35000000000000003,66.00999999999999,0.010122546750214966
0.35000000000000003,68.00999999999999,0.011163073315743823
0.35000000000000003,70.00999999999999,0.012098731605729888
0.35000000000000003,72.00999999999999,0.012943418752922584
0.35000000000000003,74.00999999999999,0.01370873305984321
0.35000000000000003,76.00999999999999,0.014404431284298594
0.35000000000000003,78.00999999999999,0.015038779767583221
0.35000000000000003,80.00999999999999,0.015618827474146052
0.35000000000000003,82.00999999999999,0.016150620725059905
0.35000000000000003,84.00999999999999,0.016639373808450403
0.35000000000000003,86.00999999999999,0.017089605793474544
0.35000000000000003,88.00999999999999,0.017505251171944042
0.35000000000000003,90.00999999999999,0.017889750028038137
0.35000000000000003,92.00999999999999,0.018246122047722694
0.35000000000000003,94.00999999999999,0.018577027663613712
0.35000000000000003,96.00999999999999,0.018884818879125048
0.35000000000000003,98.00999999999999,0.019171581753020653
0.37000000000000005,0.01,-1.1687241237973174
0.37000000000000005,2.01,-0.1776383033227073
0.37000000000000005,4.01,-0.03812145436935202
0.37000000000000005,6.01,-0.015725961361344284
0.37000000000000005,8.01,-0.012120777153771328
0.37000000000000005,10.01,-0.013432948182102278
0.37000000000000005,12.01,-0.016322070692620344
0.37000000000000005,14.01,-0.019786386719138446
0.37000000000000005,16.009999999999998,-0.02351352422208485
0.37000000000000005,18.009999999999998,-0.027437340192507098
0.37000000000000005,20.009999999999998,-0.031600702738718775
0.37000000000000005,22.009999999999998,-0.036116846570449064
0.37000000000000005,24.009999999999998,-0.04117590423037167
0.37000000000000005,26.009999999999998,-0.04709431648897181
0.37000000000000005,28.009999999999998,-0.05445332245604807
0.37000000000000005,30.009999999999998,-0.06453309005534888
0.37000000000000005,32.01,-0.08133635783507198
0.37000000000000005,34.01,-0.1664763717803214
0.37000000000000005,36.01,-0.06270863080196361
0.37000000000000005,38.01,-0.04264070080574909
0.37000000000000005,40.01,-0.0306664513249489
0.37000000000000005,42.01,-0.022278399698099305
0.37000000000000005,44.01,-0.015950066783660073
0.37000000000000005,46.01,-0.010962468522456026
0.37000000000000005,48.01,-0.006915047625884328
0.37000000000000005,50.01,-0.0035603923152955023
0.37000000000000005,52.01,-0.0007346088005975156
0.37000000000000005,54.01,0.0016765013243131882
0.37000000000000005,56.01,0.00375561028576926
0.37000000000000005,58.01,0.005564385627469307
0.37000000000000005,60.01,0.007149948238828797
0.37000000000000005,62.01,0.008549024603731612
0.37000000000000005,64.00999999999999,0.009790719526539916
0.37000000000000005,66.00999999999999,0.010898426787181208
0.37000000000000005,68.00999999999999,0.011891181113629301
0.37000000000000005,70.00999999999999,0.012784636737336761
0.37000000000000005,72.00999999999999,0.013591789659413865
0.37000000000000005,74.00999999999999,0.01432351992772074
0.37000000000000005,76.00999999999999,0.01498900494180706
0.37000000000000005,78.00999999999999,0.015596038687744408
0.37000000000000005,80.00999999999999,0.016151281269237455
0.37000000000000005,82.00999999999999,0.01666045605614922
0.37000000000000005,84.00999999999999,0.01712850696437587
0.37000000000000005,86.00999999999999,0.017559725040883725
0.37000000000000005,88.00999999999999,0.017957851168655635
0.37000000000000005,90.00999999999999,0.018326160015151027
0.37000000000000005,92.00999999999999,0.018667529119047812
0.37000000000000005,94.00999999999999,0.018984496105947646
0.37000000000000005,96.00999999999999,0.019279306350964233
0.37000000000000005,98.00999999999999,0.01955395290021289
0.39000000000000007,0.01,-1.2114773876571152
0.39000000000000007,2.01,-0.17536785463559063
0.39000000000000007,4.01,-0.038974645445541356
0.39000000000000007,6.01,-0.017504977120126164
0.39000000000000007,8.01,-0.014296619573213237
0.39000000000000007,10.01,-0.01582123157354555
0.39000000000000007,12.01,-0.01885398387218208
0.39000000000000007,14.01,-0.022443722674731218
0.39000000000000007,16.009999999999998,-0.026306277866425046
0.39000000000000007,18.009999999999998,-0.03039671656200975
0.39000000000000007,20.009999999999998,-0.0347802932635209
0.39000000000000007,22.009999999999998,-0.039601534837002836
0.39000000000000007,24.009999999999998,-0.04510370297952623
0.39000000000000007,26.009999999999998,-0.05170890231970042
0.39000000000000007,28.009999999999998,-0.060251138743611654
0.39000000000000007,30.009999999999998,-0.07282151319724088
0.39000000000000007,32.01,-0.098527727225423
0.39000000000000007,34.01,-0.08541707150595204
0.39000000000000007,36.01,-0.052838360968200146
0.39000000000000007,38.01,-0.037129807492825226
0.39000000000000007,40.01,-0.026856343380540087
0.39000000000000007,42.01,-0.019377463404130553
0.39000000000000007,44.01,-0.013614743836974637
0.39000000000000007,46.01,-0.009012448925079098
0.39000000000000007,48.01,-0.005243948450981086
0.39000000000000007,50.01,-0.002100222430405681
0.39000000000000007,52.01,0.0005606958299892086
0.39000000000000007,54.01,0.002839569977914778
0.39000000000000007,56.01,0.0048103827625931555
0.39000000000000007,58.01,0.006528934003844604
0.39000000000000007,60.01,0.008038240584461188
0.39000000000000007,62.01,0.009372073405023185
0.39000000000000007,64.00999999999999,0.010557355478783725
0.39000000000000007,66.00999999999999,0.011615835521865797
0.39000000000000007,68.00999999999999,0.012565284901710244
0.39000000000000007,70.00999999999999,0.013420371902269938
0.39000000000000007,72.00999999999999,0.01419331207399937
0.39000000000000007,74.00999999999999,0.014894359828062951
0.39000000000000007,76.00999999999999,0.015532185326194705
0.39000000000000007,78.00999999999999,0.016114167096431056
0.39000000000000007,80.00999999999999,0.016646621801767684
0.39000000000000007,82.00999999999999,0.017134986509547756
0.39000000000000007,84.00999999999999,0.01758396462522204
0.39000000000000007,86.00999999999999,0.01799764372419248
0.39000000000000007,88.00999999999999,0.018379591431594098
0.39000000000000007,90.00999999999999,0.018732933996507706
0.39000000000000007,92.00999999999999,0.019060421108481475
0.39000000000000007,94.00999999999999,0.019364479691675623
0.39000000000000007,96.00999999999999,0.019647258804489316
0.39000000000000007,98.00999999999999,0.019910667313685217
0.4100000000000001,0.01,-1.2532022715604096
0.4100000000000001,2.01,-0.17364394189406068
0.4100000000000001,4.01,-0.040099912610944734
0.4100000000000001,6.01,-0.019451772714690008
0.4100000000000001,8.01,-0.016585153349527038
0.4100000000000001,10.01,-0.01828980795349397
0.4100000000000001,12.01,-0.021447084370002686
0.4100000000000001,14.01,-0.025152484890938992
0.4100000000000001,16.009999999999998,-0.029148640447334406
0.4100000000000001,18.009999999999998,-0.03341226419600591
0.4100000000000001,20.009999999999998,-0.03803362339013042
0.4100000000000001,22.009999999999998,-0.04319507784921601
0.4100000000000001,24.009999999999998,-0.0492086424878438
0.4100000000000001,26.009999999999998,-0.05664391216635409
0.4100000000000001,28.009999999999998,-0.06672921998274467
0.4100000000000001,30.009999999999998,-0.08312626862803413
0.4100000000000001,32.01,-0.14219208735517044
0.4100000000000001,34.01,-0.06842182415714945
0.4100000000000001,36.01,-0.0458031965466115
0.4100000000000001,38.01,-0.0326944119211427
0.4100000000000001,40.01,-0.023632090898591487
0.4100000000000001,42.01,-0.016854267526496144
0.4100000000000001,44.01,-0.01154813633125636
0.4100000000000001,46.01,-0.007266312623589236
0.4100000000000001,48.01,-0.0037347364355657378
0.4100000000000001,50.01,-0.0007730016327762442
0.4100000000000001,52.01,0.001743947065055413
0.4100000000000001,54.01,0.0039062376801659755
0.4100000000000001,56.01,0.005780830850386847
0.4100000000000001,58.01,0.007418704908199611
0.4100000000000001,60.01,0.00885945773910577
0.4100000000000001,62.01,0.010134369341396828
0.4100000000000001,64.00999999999999,0.011268505760554697
0.4100000000000001,66.00999999999999,0.012282203631904671
0.4100000000000001,68.00999999999999,0.013192141848932453
0.4100000000000001,70.00999999999999,0.014012130567746526
0.4100000000000001,72.00999999999999,0.014753702163767736
0.4100000000000001,74.00999999999999,0.015426560591420323
0.4100000000000001,76.00999999999999,0.01603892768558604
0.4100000000000001,78.00999999999999,0.0165978132568532
0.4100000000000001,80.00999999999999,0.01710922803239398
0.4100000000000001,82.00999999999999,0.01757835318150049
0.4100000000000001,84.00999999999999,0.018009676479713438
0.4100000000000001,86.00999999999999,0.018407102567025352
0.4100000000000001,88.00999999999999,0.018774042895888802
0.4100000000000001,90.00999999999999,0.01911348961552231
0.4100000000000001,92.00999999999999,0.019428076647848534
0.4100000000000001,94.00999999999999,0.01972013047399772
0.4100000000000001,96.00999999999999,0.01999171259732034
0.4100000000000001,98.00999999999999,0.020244655229624958
0.4300000000000001,0.01,-1.2939479864032817
0.4300000000000001,2.01,-0.17241595771164905
0.4300000000000001,4.01,-0.0414702379869209
0.4300000000000001,6.01,-0.0215483245165089
0.4300000000000001,8.01,-0.018973496473160247
0.4300000000000001,10.01,-0.020829350032581767
0.4300000000000001,12.01,-0.02409481953934991
0.4300000000000001,14.01,-0.02790854180803784
0.4300000000000001,16.009999999999998,-0.03203890515772696
0.4300000000000001,18.009999999999998,-0.03648518327665204
0.4300000000000001,20.009999999999998,-0.04136618246855081
0.4300000000000001,22.009999999999998,-0.04691074418802117
0.4300000000000001,24.009999999999998,-0.053521216044072006
0.4300000000000001,26.009999999999998,-0.06197768407862418
0.4300000000000001,28.009999999999998,-0.07415258726962022
0.4300000000000001,30.009999999999998,-0.09723369375068285
0.4300000000000001,32.01,-0.09947780201841946
0.4300000000000001,34.01,-0.05819072101819517
0.4300000000000001,36.01,-0.040348566182717205
0.4300000000000001,38.01,-0.028992607846323647
0.4300000000000001,40.01,-0.02084382530336903
0.4300000000000001,42.01,-0.014626216918656516
0.4300000000000001,44.01,-0.009698103033383677
0.4300000000000001,46.01,-0.0056880470285440715
0.4300000000000001,48.01,-0.002360900675221185
0.4300000000000001,50.01,0.00044173446460729377
0.4300000000000001,52.01,0.002831529735579286
0.4300000000000001,54.01,0.0048900075763754665
0.4300000000000001,56.01,0.006678345540599043
0.4300000000000001,58.01,0.008243493462648226
0.4300000000000001,60.01,0.009622158015567777
0.4300000000000001,62.01,0.010843491309692973
0.4300000000000001,64.00999999999999,0.011930959199498138
0.4300000000000001,66.00999999999999,0.012903672311699203
0.4300000000000001,68.00999999999999,0.013777354772488454
0.4300000000000001,70.00999999999999,0.014565062428802431
0.4300000000000001,72.00999999999999,0.015277724047667241
0.4300000000000001,74.00999999999999,0.015924555007729845
0.4300000000000001,76.00999999999999,0.016513377581802827
0.4300000000000001,78.00999999999999,0.017050871751905457
0.4300000000000001,80.00999999999999,0.017542773659412918
0.4300000000000001,82.00999999999999,0.017994034098467598
0.4300000000000001,84.00999999999999,0.018408946181904466
0.4300000000000001,86.00999999999999,0.01879124898237679
0.4300000000000001,88.00999999999999,0.01914421227680986
0.4300000000000001,90.00999999999999,0.019470706301211053
0.4300000000000001,92.00999999999999,0.019773259521676374
0.4300000000000001,94.00999999999999,0.020054106755061453
0.4300000000000001,96.00999999999999,0.02031522946592095
0.4300000000000001,98.00999999999999,0.020558389680696933
0.4500000000000001,0.01,-1.3337591565065348
0.4500000000000001,2.01,-0.17164021544307628
0.4500000000000001,4.01,-0.04306239035739179
0.4500000000000001,6.01,-0.023779257030632217
0.4500000000000001,8.01,-0.02145080784248596
0.4500000000000001,10.01,-0.023432184688795425
0.4500000000000001,12.01,-0.02679202518086611
0.4500000000000001,14.01,-0.030708975504919314
0.4500000000000001,16.009999999999998,-0.03497650607899638
0.4500000000000001,18.009999999999998,-0.03961791319662697
0.4500000000000001,20.009999999999998,-0.044785183365745815
0.4500000000000001,22.009999999999998,-0.050765092089311174
0.4500000000000001,24.009999999999998,-0.05808052792382253
0.4500000000000001,26.009999999999998,-0.0678199345280514
0.4500000000000001,28.009999999999998,-0.08297556793219607
0.4500000000000001,30.009999999999998,-0.12159828478737172
0.4500000000000001,32.01,-0.07840619893865325
0.4500000000000001,34.01,-0.0508572897283279
0.4500000000000001,36.01,-0.03590509825076161
0.4500000000000001,38.01,-0.02582331430608102
0.4500000000000001,40.01,-0.01839253545161427
0.4500000000000001,42.01,-0.01263499336903957
0.4500000000000001,44.01,-0.008026211096105015
0.4500000000000001,46.01,-0.004250299906908815
0.4500000000000001,48.01,-0.001101858209272392
0.4500000000000001,50.01,0.001560141942609627
0.4500000000000001,52.01,0.0038365489296919714
0.4500000000000001,54.01,0.005801792566774633
0.4500000000000001,56.01,0.0075122103496032
0.4500000000000001,58.01,0.009011337647138013
0.4500000000000001,60.01,0.010333404524183269
0.4500000000000001,62.01,0.011505723877264468
0.4500000000000001,64.00999999999999,0.012550367719368039
0.4500000000000001,66.00999999999999,0.013485371571199483
0.4500000000000001,68.00999999999999,0.014325617369324254
0.4500000000000001,70.00999999999999,0.015083492129402744
0.4500000000000001,72.00999999999999,0.015769386935831964
0.4500000000000001,74.00999999999999,0.016392080155146507
0.4500000000000001,76.00999999999999,0.016959035340725223
0.4500000000000001,78.00999999999999,0.017476635368457324
0.4500000000000001,80.00999999999999,0.01795036828443354
0.4500000000000001,82.00999999999999,0.01838497615760899
0.4500000000000001,84.00999999999999,0.018784575286691592
0.4500000000000001,86.00999999999999,0.01915275400997159
0.4500000000000001,88.00999999999999,0.019492652847200673
0.4500000000000001,90.00999999999999,0.019807030589399935
0.4500000000000001,92.00999999999999,0.020098319127459678
0.4500000000000001,94.00999999999999,0.020368669192461848
0.4500000000000001,96.00999999999999,0.02061998871328375
0.4500000000000001,98.00999999999999,0.02085397514023587
0.47000000000000014,0.01,-1.3726764338222912
0.47000000000000014,2.01,-0.1712787593248208
0.47000000000000014,4.01,-0.04485627322265401
0.47000000000000014,6.01,-0.02613138596247063
0.47000000000000014,8.01,-0.02400793315531316
0.47000000000000014,10.01,-0.02609200436642342
0.47000000000000014,12.01,-0.029534685234151023
0.47000000000000014,14.01,-0.033551883178333866
0.47000000000000014,16.009999999999998,-0.03796186555592626
0.47000000000000014,18.009999999999998,-0.04281405214428824
0.47000000000000014,20.009999999999998,-0.04829965145031122
0.47000000000000014,22.009999999999998,-0.054778611976422094
0.47000000000000014,24.009999999999998,-0.06293737528375468
0.47000000000000014,26.009999999999998,-0.07433080293609076
0.47000000000000014,28.009999999999998,-0.0940843892289007
0.47000000000000014,30.009999999999998,-0.1358285289698257
0.47000000000000014,32.01,-0.06658138274220647
0.47000000000000014,34.01,-0.04515129010195819
0.47000000000000014,36.01,-0.032164917956375
0.47000000000000014,38.01,-0.02305810086925788
0.47000000000000014,40.01,-0.016209364972982657
0.47000000000000014,42.01,-0.010837886486967726
0.47000000000000014,44.01,-0.006503320278652729
0.47000000000000014,46.01,-0.0029318127689311815
0.47000000000000014,48.01,0.00005868611070632955
0.47000000000000014,50.01,0.0025951939926018293
0.47000000000000014,52.01,0.004769646097269301
0.47000000000000014,54.01,0.006650533720694668
0.47000000000000014,56.01,0.008290086961667255
0.47000000000000014,58.01,0.009728911067588525
0.47000000000000014,60.01,0.010999090728779285
0.47000000000000014,62.01,0.012126332778059794
0.47000000000000014,64.00999999999999,0.01313148362111747
0.47000000000000014,66.00999999999999,0.014031627715304269
0.47000000000000014,68.00999999999999,0.014840898017950181
0.47000000000000014,70.00999999999999,0.015571083941353387
0.47000000000000014,72.00999999999999,0.01623209413814039
0.47000000000000014,74.00999999999999,0.01683231340006302
0.47000000000000014,76.00999999999999,0.01737888112736486
0.47000000000000014,78.00999999999999,0.017877910900908144
0.47000000000000014,80.00999999999999,0.018334665272846037
0.47000000000000014,82.00999999999999,0.018753696123566605
0.47000000000000014,84.00999999999999,0.019138958269038366
0.47000000000000014,86.00999999999999,0.01949390209227231
0.47000000000000014,88.00999999999999,0.019821549584134877
0.47000000000000014,90.00999999999999,0.020124557157298082
0.47000000000000014,92.00999999999999,0.020405267837248393
0.47000000000000014,94.00999999999999,0.02066575486315552
0.47000000000000014,96.00999999999999,0.020907858298035736
0.47000000000000014,98.00999999999999,0.021133215915916465
0.49000000000000016,0.01,-1.4107370072101164
0.49000000000000016,2.01,-0.1712984204854755
0.49000000000000016,4.01,-0.046834407912977105
0.49000000000000016,6.01,-0.028593356151722697
0.49000000000000016,8.01,-0.02663712466503826
0.49000000000000016,10.01,-0.028803639471005393
0.49000000000000016,12.01,-0.032319743922969435
0.49000000000000016,14.01,-0.03643622551500254
0.49000000000000016,16.009999999999998,-0.04099628649117265
0.49000000000000016,18.009999999999998,-0.04607832853712508
0.49000000000000016,20.009999999999998,-0.051920606737516486
0.49000000000000016,22.009999999999998,-0.05897667837988904
0.49000000000000016,24.009999999999998,-0.06815907974787484
0.49000000000000016,26.009999999999998,-0.08175754261399103
0.49000000000000016,28.009999999999998,-0.10963430251413794
0.49000000000000016,30.009999999999998,-0.09581074741649268
0.49000000000000016,32.01,-0.05831847929183369
0.49000000000000016,34.01,-0.04049121628830066
0.49000000000000016,36.01,-0.02894233167285977
0.49000000000000016,38.01,-0.020609889165207597
0.49000000000000016,40.01,-0.014244485757314618
0.49000000000000016,42.01,-0.009202681205461152
0.49000000000000016,44.01,-0.0051068140997868
0.49000000000000016,46.01,-0.0017157399700388587
0.49000000000000016,48.01,0.0011338491197621487
0.49000000000000016,50.01,0.003557461486562756
0.49000000000000016,52.01,0.005639576392621572
0.49000000000000016,54.01,0.007443644806208242
0.49000000000000016,56.01,0.009018368915796137
0.49000000000000016,58.01,0.010401812120691974
0.49000000000000016,60.01,0.01162418231020437
0.49000000000000016,62.01,0.012709771152782458
0.49000000000000016,64.00999999999999,0.01367833836550667
0.49000000000000016,66.00999999999999,0.014546120532488075
0.49000000000000016,68.00999999999999,0.015326579682298344
0.49000000000000016,70.00999999999999,0.016030967615632028
0.49000000000000016,72.00999999999999,0.016668757331777556
0.49000000000000016,74.00999999999999,0.017247976997277766
0.49000000000000016,76.00999999999999,0.017775471387990956
0.49000000000000016,78.00999999999999,0.01825710863975054
0.49000000000000016,80.00999999999999,0.018697945261510963
0.49000000000000016,82.00999999999999,0.019102358949343923
0.49000000000000016,84.00999999999999,0.01947415631274111
0.49000000000000016,86.00999999999999,0.019816660875856443
0.49000000000000016,88.00999999999999,0.020132785439932674
0.49000000000000016,90.00999999999999,0.02042509195057557
0.49000000000000016,92.00999999999999,0.020695841309893787
0.49000000000000016,94.00999999999999,0.02094703504299731
0.49000000000000016,96.00999999999999,0.021180450324618575
0.49000000000000016,98.00999999999999,0.02139766956171925
0.5100000000000001,0.01,-1.4479750282677086
0.5100000000000001,2.01,-0.17167006026870169
0.5100000000000001,4.01,-0.04898151954614338
0.5100000000000001,6.01,-0.031155351733645448
0.5100000000000001,8.01,-0.029331817199534586
0.5100000000000001,10.01,-0.03156287728584746
0.5100000000000001,12.01,-0.03514495804263376
0.5100000000000001,14.01,-0.03936171136067483
0.5100000000000001,16.009999999999998,-0.044081880861523134
0.5100000000000001,18.009999999999998,-0.049416619760497674
0.5100000000000001,20.009999999999998,-0.05566135231845578
0.5100000000000001,22.009999999999998,-0.06339093873690094
0.5100000000000001,24.009999999999998,-0.07383732646753709
0.5100000000000001,26.009999999999998,-0.09051302038425432
0.5100000000000001,28.009999999999998,-0.1382721594940487
0.5100000000000001,30.009999999999998,-0.0796711830442353
0.5100000000000001,32.01,-0.0519728303519329
0.5100000000000001,34.01,-0.036560944856386876
0.5100000000000001,36.01,-0.026116577289825152
0.5100000000000001,38.01,-0.01841689764555276
0.5100000000000001,40.01,-0.012460676135467853
0.5100000000000001,42.01,-0.0077044820075367546
0.5100000000000001,44.01,-0.003818791358958906
0.5100000000000001,46.01,-0.0005885101334784824
0.5100000000000001,48.01,0.0021343418481776827
0.5100000000000001,50.01,0.0044556682585374634
0.5100000000000001,52.01,0.0064536264826936685
0.5100000000000001,54.01,0.008187338492883079
0.5100000000000001,56.01,0.00970244413616704
0.5100000000000001,58.01,0.011034780685479214
0.5100000000000001,60.01,0.012212899864306802
0.5100000000000001,62.01,0.01325983639043197
0.5100000000000001,64.00999999999999,0.014194379312181588
0.5100000000000001,66.00999999999999,0.015032004103833523
0.5100000000000001,68.00999999999999,0.015785567883687263
0.5100000000000001,70.00999999999999,0.016465835855160968
0.5100000000000001,72.00999999999999,0.0170818853328056
0.5100000000000001,74.00999999999999,0.017641419564740985
0.5100000000000001,76.00999999999999,0.018151014140386865
0.5100000000000001,78.00999999999999,0.0186163123695483
0.5100000000000001,80.00999999999999,0.019042181588344118
0.5100000000000001,82.00999999999999,0.019432839230993322
0.5100000000000001,84.00999999999999,0.019791955281487292
0.5100000000000001,86.00999999999999,0.020122736109088254
0.5100000000000001,88.00999999999999,0.020427993511819967
0.5100000000000001,90.00999999999999,0.02071020191795577
0.5100000000000001,92.00999999999999,0.02097154604075184
0.5100000000000001,94.00999999999999,0.021213960786644226
0.5100000000000001,96.00999999999999,0.021439164839391033
0.5100000000000001,98.00999999999999,0.02164868905199799
0.5300000000000001,0.01,-1.4844219701301749
0.5300000000000001,2.01,-0.17236795797232818
0.5300000000000001,4.01,-0.05128420224089841
0.5300000000000001,6.01,-0.0338088619585893
0.5300000000000001,8.01,-0.03208644756474416
0.5300000000000001,10.01,-0.03436631682463885
0.5300000000000001,12.01,-0.038008780406753345
0.5300000000000001,14.01,-0.042328711048182324
0.5300000000000001,16.009999999999998,-0.0472215285997378
0.5300000000000001,18.009999999999998,-0.05283601736157495
0.5300000000000001,20.009999999999998,-0.05953789336599445
0.5300000000000001,22.009999999999998,-0.06806135091556358
0.5300000000000001,24.009999999999998,-0.08010151045776522
0.5300000000000001,26.009999999999998,-0.10137105401283239
0.5300000000000001,28.009999999999998,-0.1370295216505078
0.5300000000000001,30.009999999999998,-0.06930799964698255
0.5300000000000001,32.01,-0.04683095659862849
0.5300000000000001,34.01,-0.033169091639582426
0.5300000000000001,36.01,-0.02360465367064244
0.5300000000000001,38.01,-0.016433700109198937
0.5300000000000001,40.01,-0.010829400194160357
0.5300000000000001,42.01,-0.006323654695193536
0.5300000000000001,44.01,-0.00262484392114592
0.5300000000000001,46.01,0.00046096749426835954
0.5300000000000001,48.01,0.003069020905796726
0.5300000000000001,50.01,0.00529709490148463
0.5300000000000001,52.01,0.007217922961278657
0.5300000000000001,54.01,0.008886870108629069
0.5300000000000001,56.01,0.010346893101758464
0.5300000000000001,58.01,0.011631863075864342
0.5300000000000001,60.01,0.01276885896556786
0.5300000000000001,62.01,0.013779791090913804
0.5300000000000001,64.00999999999999,0.014682575715598258
0.5300000000000001,66.00999999999999,0.015492000856914424
0.5300000000000001,68.00999999999999,0.016220375072490748
0.5300000000000001,70.00999999999999,0.016878020724393566
0.5300000000000001,72.00999999999999,0.01747365387491147
0.5300000000000001,74.00999999999999,0.018014680277178084
0.5300000000000001,76.00999999999999,0.01850742841488836
0.5300000000000001,78.00999999999999,0.0189573347283048
0.5300000000000001,80.00999999999999,0.019369092116716613
0.5300000000000001,82.00999999999999,0.01974676994703575
0.5300000000000001,84.00999999999999,0.02009391174714175
0.5300000000000001,86.00999999999999,0.020413615272498173
0.5300000000000001,88.00999999999999,0.020708598538919175
0.5300000000000001,90.00999999999999,0.02098125459983916
0.5300000000000001,92.00999999999999,0.021233697234663867
0.5300000000000001,94.00999999999999,0.021467799250954607
0.5300000000000001,96.00999999999999,0.02168522474842313
0.5300000000000001,98.00999999999999,0.021887456419126712
0.5500000000000002,0.01,-1.520106931924413
0.5500000000000002,2.01,-0.1733693111547207
0.5500000000000002,4.01,-0.05373064608207989
0.5500000000000002,6.01,-0.03654649037976218
0.5500000000000002,8.01,-0.034896307783873926
0.5500000000000002,10.01,-0.037211251776465976
0.5500000000000002,12.01,-0.040910267823099186
0.5500000000000002,14.01,-0.045338192860682455
0.5500000000000002,16.009999999999998,-0.05041886313529183
0.5500000000000002,18.009999999999998,-0.05634494136057195
0.5500000000000002,20.009999999999998,-0.06356952624815124
0.5500000000000002,22.009999999999998,-0.07303922834932239
0.5500000000000002,24.009999999999998,-0.08714295831062588
0.5500000000000002,26.009999999999998,-0.11608351681716217
0.5500000000000002,28.009999999999998,-0.10236878572414662
0.5500000000000002,30.009999999999998,-0.06166278851663687
0.5500000000000002,32.01,-0.04251672388239486
0.5500000000000002,34.01,-0.030190842113720633
0.5500000000000002,36.01,-0.02134704046129137
0.5500000000000002,38.01,-0.014625919021743886
0.5500000000000002,40.01,-0.009328302621499713
0.5500000000000002,42.01,-0.005044444438608834
0.5500000000000002,44.01,-0.0015132064297938988
0.5500000000000002,46.01,0.0014418700631452898
0.5500000000000002,48.01,0.003945290617523964
0.5500000000000002,50.01,0.006087878116766149
0.5500000000000002,52.01,0.007937664027831146
0.5500000000000002,54.01,0.00954672274173982
0.5500000000000002,56.01,0.010955640687403997
0.5500000000000002,58.01,0.012196539382138692
0.5500000000000002,60.01,0.013295178979826855
0.5500000000000002,62.01,0.014272457542413417
0.5500000000000002,64.00999999999999,0.015145501890017198
0.5500000000000002,66.00999999999999,0.015928475647935647
0.5500000000000002,68.00999999999999,0.01663318730516178
0.5500000000000002,70.00999999999999,0.017269554206486327
0.5500000000000002,72.00999999999999,0.017845961047158975
0.5500000000000002,74.00999999999999,0.01836953997440208
0.5500000000000002,76.00999999999999,0.01884639166516813
0.5500000000000002,78.00999999999999,0.019281761432176334
0.5500000000000002,80.00999999999999,0.01968018069249291
0.5500000000000002,82.00999999999999,0.02004558149348222
0.5500000000000002,84.00999999999999,0.02038138989086363
0.5500000000000002,86.00999999999999,0.020690602588178446
0.5500000000000002,88.00999999999999,0.02097585022502426
0.5500000000000002,90.00999999999999,0.02123944993938602
0.5500000000000002,92.00999999999999,0.021483449255536136
0.5500000000000002,94.00999999999999,0.021709662912817493
0.5500000000000002,96.00999999999999,0.021919703916267387
0.5500000000000002,98.00999999999999,0.02211500983167491
0.5700000000000002,0.01,-1.5550568987891744
0.5700000000000002,2.01,-0.17465382456942186
0.5700000000000002,4.01,-0.056310412687094274
0.5700000000000002,6.01,-0.03936179818039201
0.5700000000000002,8.01,-0.03775742500433646
0.5700000000000002,10.01,-0.040095575662260644
0.5700000000000002,12.01,-0.04384900865901067
0.5700000000000002,14.01,-0.048391678653941
0.5700000000000002,16.009999999999998,-0.05367828161337785
0.5700000000000002,18.009999999999998,-0.0599533101248168
0.5700000000000002,20.009999999999998,-0.06777965975099004
0.5700000000000002,22.009999999999998,-0.07839192229416814
0.5700000000000002,24.009999999999998,-0.0952627799290305
0.5700000000000002,26.009999999999998,-0.1404759025296108
0.5700000000000002,28.009999999999998,-0.08648926627269832
0.5700000000000002,30.009999999999998,-0.05561181702196889
0.5700000000000002,32.01,-0.03880693211128486
0.5700000000000002,34.01,-0.027540218126571647
0.5700000000000002,36.01,-0.01929959566553375
0.5700000000000002,38.01,-0.01296691191949001
0.5700000000000002,40.01,-0.007939546568324775
0.5700000000000002,42.01,-0.003854019705100324
0.5700000000000002,44.01,-0.0004741498415224331
0.5700000000000002,46.01,0.0023618750103072865
0.5700000000000002,48.01,0.004769401912122105
0.5700000000000002,50.01,0.006833236441922809
0.5700000000000002,52.01,0.00861729624778328
0.5700000000000002,54.01,0.01017074983434332
0.5700000000000002,56.01,0.011532074076452395
0.5700000000000002,58.01,0.012731823025190422
0.5700000000000002,60.01,0.013794568616419926
0.5700000000000002,62.01,0.014740292360386605
0.5700000000000002,64.00999999999999,0.015585403180830355
0.5700000000000002,66.00999999999999,0.01634349473378022
0.5700000000000002,68.00999999999999,0.017025917480759996
0.5700000000000002,70.00999999999999,0.017642216678153005
0.5700000000000002,72.00999999999999,0.018200471769239928
0.5700000000000002,74.00999999999999,0.018707562241606843
0.5700000000000002,76.00999999999999,0.01916937793936125
0.5700000000000002,78.00999999999999,0.019590986932185025
0.5700000000000002,80.00999999999999,0.01997677061045928
0.5700000000000002,82.00999999999999,0.02033053322864469
0.5700000000000002,84.00999999999999,0.020655591350968408
0.5700000000000002,86.00999999999999,0.020954847360049676
0.5700000000000002,88.00999999999999,0.021230850232086554
0.5700000000000002,90.00999999999999,0.021485846066737646
0.5700000000000002,92.00999999999999,0.021721820319623393
0.5700000000000002,94.00999999999999,0.021940533273925603
0.5700000000000002,96.00999999999999,0.022143549971413157
0.5700000000000002,98.00999999999999,0.022332265578550253
0.5900000000000002,0.01,-1.5892969652791475
0.5900000000000002,2.01,-0.17620336952967008
0.5900000000000002,4.01,-0.05901424938206651
0.5900000000000002,6.01,-0.04224917463148303
0.5900000000000002,8.01,-0.04066646263146745
0.5900000000000002,10.01,-0.04301770474692908
0.5900000000000002,12.01,-0.046825066291896755
0.5900000000000002,14.01,-0.051491215826544645
0.5900000000000002,16.009999999999998,-0.05700497930834663
0.5900000000000002,18.009999999999998,-0.06367277680466657
0.5900000000000002,20.009999999999998,-0.072196965447191
0.5900000000000002,22.009999999999998,-0.08421029847845296
0.5900000000000002,24.009999999999998,-0.10497808184066812
0.5900000000000002,26.009999999999998,-0.17733611516115472
0.5900000000000002,28.009999999999998,-0.07600355959446939
0.5900000000000002,30.009999999999998,-0.05061235722878939
0.5900000000000002,32.01,-0.035558057173347965
0.5900000000000002,34.01,-0.02515545156448523
0.5900000000000002,36.01,-0.017428675251397734
0.5900000000000002,38.01,-0.011435614487415043
0.5900000000000002,40.01,-0.006648675299460062
0.5900000000000002,42.01,-0.002741793617304036
0.5900000000000002,44.01,0.0005004606078930756
0.5900000000000002,46.01,0.0032274679195003902
0.5900000000000002,48.01,0.0055466782230653286
0.5900000000000002,50.01,0.007537643060735011
0.5900000000000002,52.01,0.009260651299299245
0.5900000000000002,54.01,0.010762286454565093
0.5900000000000002,56.01,0.012079135438718861
0.5900000000000002,58.01,0.013240339479747947
0.5900000000000002,60.01,0.014269393925786628
0.5900000000000002,62.01,0.01518544606923743
0.5900000000000002,64.00999999999999,0.01600424882227607
0.5900000000000002,66.00999999999999,0.016738873171449606
0.5900000000000002,68.00999999999999,0.017400248246668873
0.5900000000000002,70.00999999999999,0.01799757606899001
0.5900000000000002,72.00999999999999,0.018538653792090153
0.5900000000000002,74.00999999999999,0.01903012671964108
0.5900000000000002,76.00999999999999,0.019477688877823862
0.5900000000000002,78.00999999999999,0.019886243407621185
0.5900000000000002,80.00999999999999,0.020260031857268795
0.5900000000000002,82.00999999999999,0.020602739176739673
0.5900000000000002,84.00999999999999,0.020917579564229682
0.5900000000000002,86.00999999999999,0.02120736710249798
0.5900000000000002,88.00999999999999,0.021474574223571928
0.5900000000000002,90.00999999999999,0.021721380366259892
0.5900000000000002,92.00999999999999,0.02194971268082676
0.5900000000000002,94.00999999999999,0.022161280245805964
0.5900000000000002,96.00999999999999,0.02235760296226491
0.5900000000000002,98.00999999999999,0.02254003605838335
0.6100000000000002,0.01,-1.6228505283770007
0.6100000000000002,2.01,-0.17800169972329732
0.6100000000000002,4.01,-0.06183393431629142
0.6100000000000002,6.01,-0.045203729301735024
0.6100000000000002,8.01,-0.043620638516473395
0.6100000000000002,10.01,-0.04597651530029827
0.6100000000000002,12.01,-0.049838935657970276
0.6100000000000002,14.01,-0.05463936373492371
0.6100000000000002,16.009999999999998,-0.060405009170582655
0.6100000000000002,18.009999999999998,-0.06751704930268254
0.6100000000000002,20.009999999999998,-0.07685701137076902
0.6100000000000002,22.009999999999998,-0.09062126573214122
0.6100000000000002,24.009999999999998,-0.11730152274580628
0.6100000000000002,26.009999999999998,-0.11928390655337043
0.6100000000000002,28.009999999999998,-0.06816299802886806
0.6100000000000002,30.009999999999998,-0.04635960045908445
0.6100000000000002,32.01,-0.0326722629135461
0.6100000000000002,34.01,-0.022990662786411674
0.6100000000000002,36.01,-0.015708048738205915
0.6100000000000002,38.01,-0.010015086978460864
0.6100000000000002,40.01,-0.005443811163879889
0.6100000000000002,42.01,-0.00169893138296388
0.6100000000000002,44.01,0.0014174937730976724
0.6100000000000002,46.01,0.004044175361386865
0.6100000000000002,48.01,0.00628168879090115
0.6100000000000002,50.01,0.008204959908237481
0.6100000000000002,52.01,0.00987105309514855
0.6100000000000002,54.01,0.011324237144125449
0.6100000000000002,56.01,0.012599395575742764
0.6100000000000002,58.01,0.013724389173946243
0.6100000000000002,60.01,0.014721732881382846
0.6100000000000002,62.01,0.015609811117315868
0.6100000000000002,64.00999999999999,0.016403774677095213
0.6100000000000002,66.00999999999999,0.017116213254631665
0.6100000000000002,68.00999999999999,0.017757666877168798
0.6100000000000002,70.00999999999999,0.0183370197622588
0.6100000000000002,72.00999999999999,0.018861807079222415
0.6100000000000002,74.00999999999999,0.019338456333694822
0.6100000000000002,76.00999999999999,0.019772479086179864
0.6100000000000002,78.00999999999999,0.02016862452654842
0.6100000000000002,80.00999999999999,0.020531003460306153
0.6100000000000002,82.00999999999999,0.020863189132665116
0.6100000000000002,84.00999999999999,0.02116829976745334
0.6100000000000002,86.00999999999999,0.02144906655812531
0.6100000000000002,88.00999999999999,0.021707890000250137
0.6100000000000002,90.00999999999999,0.02194688681787836
0.6100000000000002,92.00999999999999,0.022167929253161873
0.6100000000000002,94.00999999999999,0.02237267811913452
0.6100000000000002,96.00999999999999,0.022562610730726337
0.6100000000000002,98.00999999999999,0.02273904460777852
0.6300000000000002,0.01,-1.6557394551097038
0.6300000000000002,2.01,-0.18003421263503944
0.6300000000000002,4.01,-0.06476214656805665
0.6300000000000002,6.01,-0.04822120185246429
0.6300000000000002,8.01,-0.04661765696882855
0.6300000000000002,10.01,-0.04897129258196793
0.6300000000000002,12.01,-0.05289151080642387
0.6300000000000002,14.01,-0.05783919338961585
0.6300000000000002,16.009999999999998,-0.06388536893619923
0.6300000000000002,18.009999999999998,-0.07150231908414967
0.6300000000000002,20.009999999999998,-0.08180463027334609
0.6300000000000002,22.009999999999998,-0.097810101784136
0.6300000000000002,24.009999999999998,-0.13471491407431307
0.6300000000000002,26.009999999999998,-0.09977444499061427
0.6300000000000002,28.009999999999998,-0.06190603881843115
0.6300000000000002,30.009999999999998,-0.04266485678670574
0.6300000000000002,32.01,-0.03007982710233502
0.6300000000000002,34.01,-0.02101083697871276
0.6300000000000002,36.01,-0.014116871182725456
0.6300000000000002,38.01,-0.008691505378821216
0.6300000000000002,40.01,-0.00431507857383173
0.6300000000000002,42.01,-0.0007179857311138908
0.6300000000000002,44.01,0.002282800670101762
0.6300000000000002,46.01,0.004816743631582919
0.6300000000000002,48.01,0.006978383404368755
0.6300000000000002,50.01,0.008838543019546567
0.6300000000000002,52.01,0.010451402651990219
0.6300000000000002,54.01,0.011859146009498186
0.6300000000000002,56.01,0.013095113027932155
0.6300000000000002,58.01,0.014185998223606897
0.6300000000000002,60.01,0.015153419590794363
0.6300000000000002,62.01,0.01601506090848761
0.6300000000000002,64.00999999999999,0.016785518086296195
0.6300000000000002,66.00999999999999,0.017476935937091095
0.6300000000000002,68.00999999999999,0.018099493852396342
0.6300000000000002,70.00999999999999,0.018661780784706657
0.6300000000000002,72.00999999999999,0.01917108796860121
0.6300000000000002,74.00999999999999,0.01963363971738566
0.6300000000000002,76.00999999999999,0.02005477705740658
0.6300000000000002,78.00999999999999,0.020439105059479476
0.6300000000000002,80.00999999999999,0.020790611953448557
0.6300000000000002,82.00999999999999,0.021112766114048494
0.6300000000000002,84.00999999999999,0.02140859554894621
0.6300000000000002,86.00999999999999,0.021680753444721278
0.6300000000000002,88.00999999999999,0.021931572524839144
0.6300000000000002,90.00999999999999,0.022163110370098396
0.6300000000000002,92.00999999999999,0.022377187393405957
0.6300000000000002,94.00999999999999,0.022575418809307746
0.6300000000000002,96.00999999999999,0.022759241667335294
0.6300000000000002,98.00999999999999,0.02292993780704073
0.6500000000000002,0.01,-1.6879842288113474
0.6500000000000002,2.01,-0.18228774809030318
0.6500000000000002,4.01,-0.06779235659022434
0.6500000000000002,6.01,-0.051297886160139805
0.6500000000000002,8.01,-0.049655652071926765
0.6500000000000002,10.01,-0.0520016895154619
0.6500000000000002,12.01,-0.05598406190207937
0.6500000000000002,14.01,-0.06109429990623341
0.6500000000000002,16.009999999999998,-0.06745411993682465
0.6500000000000002,18.009999999999998,-0.07564783631830646
0.6500000000000002,20.009999999999998,-0.08709744617900901
0.6500000000000002,22.009999999999998,-0.10606354952558959
0.6500000000000002,24.009999999999998,-0.1674013994528089
0.6500000000000002,26.009999999999998,-0.08754869891233702
0.6500000000000002,28.009999999999998,-0.05670679155240514
0.6500000000000002,30.009999999999998,-0.03940303888780111
0.6500000000000002,32.01,-0.027729292127364198
0.6500000000000002,34.01,-0.019188643222705762
0.6500000000000002,36.01,-0.012638304797766182
0.6500000000000002,38.01,-0.007453443322953451
0.6500000000000002,40.01,-0.0032541797618707196
0.6500000000000002,42.01,0.00020737760459373344
0.6500000000000002,44.01,0.003101404715061494
0.6500000000000002,46.01,0.00554927779853973
0.6500000000000002,48.01,0.007640198431791472
0.6500000000000002,50.01,0.009441326210062596
0.6500000000000002,52.01,0.011004246024440754
0.6500000000000002,54.01,0.01236925318731151
0.6500000000000002,56.01,0.013568281947723549
0.6500000000000002,58.01,0.014626959710574722
0.6500000000000002,60.01,0.015566080405294697
0.6500000000000002,62.01,0.016402681785908098
0.6500000000000002,64.00999999999999,0.017150846506345064
0.6500000000000002,66.00999999999999,0.017822306716439622
0.6500000000000002,68.00999999999999,0.018426906447849323
0.6500000000000002,70.00999999999999,0.01897295946259712
0.6500000000000002,72.00999999999999,0.01946752918255588
0.6500000000000002,74.00999999999999,0.019916649808240924
0.6500000000000002,76.00999999999999,0.020325502541766956
0.6500000000000002,78.00999999999999,0.020698557179322383
0.6500000000000002,80.00999999999999,0.021039686736325808
0.6500000000000002,82.00999999999999,0.021352260888229984
0.6500000000000002,84.00999999999999,0.021639222634832783
0.6500000000000002,86.00999999999999,0.021903151578881872
0.6500000000000002,88.00999999999999,0.022146316449744265
0.6500000000000002,90.00999999999999,0.022370718929488956
0.6500000000000002,92.00999999999999,0.022578130402277945
0.6500000000000002,94.00999999999999,0.02277012291290135
0.6500000000000002,96.00999999999999,0.02294809536120927
0.6500000000000002,98.00999999999999,0.023113295757242865
0.6700000000000003,0.01,-1.7196040773265986
0.6700000000000003,2.01,-0.18475041722345947
0.6700000000000003,4.01,-0.07091873332678901
0.6700000000000003,6.01,-0.05443056619928052
0.6700000000000003,8.01,-0.05273314031896016
0.6700000000000003,10.01,-0.055067693468418596
0.6700000000000003,12.01,-0.05911822054332437
0.6700000000000003,14.01,-0.06440882777138088
0.6700000000000003,16.009999999999998,-0.07112054385400768
0.6700000000000003,18.009999999999998,-0.07997668730013532
0.6700000000000003,20.009999999999998,-0.0928113043844088
0.6700000000000003,22.009999999999998,-0.11586248786191655
0.6700000000000003,24.009999999999998,-0.16253715554064324
0.6700000000000003,26.009999999999998,-0.07861076114237345
0.6700000000000003,28.009999999999998,-0.05226517968642143
0.6700000000000003,30.009999999999998,-0.03648688630211278
0.6700000000000003,32.01,-0.02558158909283978
0.6700000000000003,34.01,-0.01750233964747666
0.6700000000000003,36.01,-0.011258555299654648
0.6700000000000003,38.01,-0.006291349619335182
0.6700000000000003,40.01,-0.0022540771951072023
0.6700000000000003,42.01,0.0010825897941087884
0.6700000000000003,44.01,0.003877649587556633
0.6700000000000003,46.01,0.0062453511832960985
0.6700000000000003,48.01,0.008270141177356694
0.6700000000000003,50.01,0.010015888217071531
0.6700000000000003,52.01,0.011531829196122525
0.6700000000000003,54.01,0.01285654073614392
0.6700000000000003,56.01,0.014020671199604672
0.6700000000000003,58.01,0.015048867536653895
0.6700000000000003,60.01,0.01596116363921702
0.6700000000000003,62.01,0.016773999434985788
0.6700000000000003,64.00999999999999,0.017500981210397244
0.6700000000000003,66.00999999999999,0.018153457103905143
0.6700000000000003,68.00999999999999,0.018740958338383667
0.6700000000000003,70.00999999999999,0.019271541448449586
0.6700000000000003,72.00999999999999,0.019752056507906277
0.6700000000000003,74.00999999999999,0.02018835936779865
0.6700000000000003,76.00999999999999,0.02058548105946745
0.6700000000000003,78.00999999999999,0.020947764092617602
0.6700000000000003,80.00999999999999,0.0212789729291683
0.6700000000000003,82.00999999999999,0.021582384138990912
0.6700000000000003,84.00999999999999,0.021860860442408973
0.6700000000000003,86.00999999999999,0.022116911879751733
0.6700000000000003,88.00999999999999,0.022352746625919802
0.6700000000000003,90.00999999999999,0.0225703134219483
0.6700000000000003,92.00999999999999,0.022771337179200924
0.6700000000000003,94.00999999999999,0.022957348991812884
0.6700000000000003,96.00999999999999,0.023129711545051678
0.6700000000000003,98.00999999999999,0.02328964071387722
0.6900000000000003,0.01,-1.7506170858574264
0.6900000000000003,2.01,-0.1874114565442079
0.6900000000000003,4.01,-0.07413606508430187
0.6900000000000003,6.01,-0.05761646164703921
0.6900000000000003,8.01,-0.05584898099890524
0.6900000000000003,10.01,-0.05816959990521017
0.6900000000000003,12.01,-0.06229597260746311
0.6900000000000003,14.01,-0.06778750956601724
0.6900000000000003,16.009999999999998,-0.07489534641359208
0.6900000000000003,18.009999999999998,-0.0845168590073
0.6900000000000003,20.009999999999998,-0.09904898401935028
0.6900000000000003,22.009999999999998,-0.1281145235422741
0.6900000000000003,24.009999999999998,-0.12469354247719633
0.6900000000000003,26.009999999999998,-0.07156620125737148
0.6900000000000003,28.009999999999998,-0.048393386195610066
0.6900000000000003,30.009999999999998,-0.03385307395927796
0.6900000000000003,32.01,-0.023606352691533918
0.6900000000000003,34.01,-0.015934347631669128
0.6900000000000003,36.01,-0.009966181622443632
0.6900000000000003,38.01,-0.005197160712526469
0.6900000000000003,40.01,-0.0013087519998441419
0.6900000000000003,42.01,0.0019123416384539123
0.6900000000000003,44.01,0.004615315559299445
0.6900000000000003,46.01,0.0069080925036198015
0.6900000000000003,48.01,0.008870857664759335
0.6900000000000003,50.01,0.010564507069857986
0.6900000000000003,52.01,0.012036142815275586
0.6900000000000003,54.01,0.013322770238599202
0.6900000000000003,56.01,0.01445385654186393
0.6900000000000003,58.01,0.015453144393882656
0.6900000000000003,60.01,0.016339964203933605
0.6900000000000003,62.01,0.017130200829070096
0.6900000000000003,64.00999999999999,0.017837017035106748
0.6900000000000003,66.00999999999999,0.018471402548477414
0.6900000000000003,68.00999999999999,0.019042595993454793
0.6900000000000003,70.00999999999999,0.01955841282005473
0.6900000000000003,72.00999999999999,0.020025502785393792
0.6900000000000003,74.00999999999999,0.020449554012919625
0.6900000000000003,76.00999999999999,0.02083545609808595
0.6900000000000003,78.00999999999999,0.021187431505945434
0.6900000000000003,80.00999999999999,0.021509142194148602
0.6900000000000003,82.00999999999999,0.021803776715217913
0.6900000000000003,84.00999999999999,0.02207412181757233
0.6900000000000003,86.00999999999999,0.02232262164771486
0.6900000000000003,88.00999999999999,0.022551426967993327
0.6900000000000003,90.00999999999999,0.02276243628333234
0.6900000000000003,92.00999999999999,0.022957330372436385
0.6900000000000003,94.00999999999999,0.023137601412636606
0.6900000000000003,96.00999999999999,0.023304577649922643
0.6900000000000003,98.00999999999999,0.023459444380095854
0.7100000000000003,0.01,-1.7810402966847194
0.7100000000000003,2.01,-0.19026110283468145
0.7100000000000003,4.01,-0.07743969182350852
0.7100000000000003,6.01,-0.06085318157919227
0.7100000000000003,8.01,-0.059002343082376466
0.7100000000000003,10.01,-0.06130799195316326
0.7100000000000003,12.01,-0.06551965812758243
0.7100000000000003,14.01,-0.07123571941101095
0.7100000000000003,16.009999999999998,-0.07879092076106484
0.7100000000000003,18.009999999999998,-0.0893027223912381
0.7100000000000003,20.009999999999998,-0.1059549102908422
0.7100000000000003,22.009999999999998,-0.14489990792378424
0.7100000000000003,24.009999999999998,-0.10693801082325488
0.7100000000000003,26.009999999999998,-0.06575780994391928
0.7100000000000003,28.009999999999998,-0.04496588177550759
0.7100000000000003,30.009999999999998,-0.03145417419258598
0.7100000000000003,32.01,-0.02177951339835548
0.7100000000000003,34.01,-0.01447025377558677
0.7100000000000003,36.01,-0.00875159087060116
0.7100000000000003,38.01,-0.004164008297323898
0.7100000000000003,40.01,-0.0004130175588843343
0.7100000000000003,42.01,0.002700711293501898
0.7100000000000003,44.01,0.005317712024958605
0.7100000000000003,46.01,0.007540255931695343
0.7100000000000003,48.01,0.009444687602359784
0.7100000000000003,50.01,0.01108920449135572
0.7100000000000003,52.01,0.012518958943727818
0.7100000000000003,54.01,0.013769513842601807
0.7100000000000003,56.01,0.014869247303617137
0.7100000000000003,58.01,0.01584106503202097
0.7100000000000003,60.01,0.016703644161336257
0.7100000000000003,62.01,0.01747235258677594
0.7100000000000003,64.00999999999999,0.018159938934843602
0.7100000000000003,66.00999999999999,0.01877705749147239
0.7100000000000003,68.00999999999999,0.019332672469947316
0.7100000000000003,70.00999999999999,0.019834372800663965
0.7100000000000003,72.00999999999999,0.02028861970942637
0.7100000000000003,74.00999999999999,0.020700943218965057
0.7100000000000003,76.00999999999999,0.021076099421052232
0.7100000000000003,78.00999999999999,0.021418197324298803
0.7100000000000003,80.00999999999999,0.021730801894458328
0.7100000000000003,82.00999999999999,0.022017018310470392
0.7100000000000003,84.00999999999999,0.022279561285709494
0.7100000000000003,86.00999999999999,0.022520812430136934
0.7100000000000003,88.00999999999999,0.022742867972348778
0.7100000000000003,90.00999999999999,0.022947578662387093
0.7100000000000003,92.00999999999999,0.023136583295181597
0.7100000000000003,94.00999999999999,0.023311337000741623
0.7100000000000003,96.00999999999999,0.023473135219119375
0.7100000000000003,98.00999999999999,0.023623134099713686
0.7300000000000003,0.01,-1.8108897976181875
0.7300000000000003,2.01,-0.19329048543506755
0.7300000000000003,4.01,-0.0808254469894436
0.7300000000000003,6.01,-0.0641386849454778
0.7300000000000003,8.01,-0.06219267760731623
0.7300000000000003,10.01,-0.06448372514299222
0.7300000000000003,12.01,-0.06879197796326329
0.7300000000000003,14.01,-0.07475954311070734
0.7300000000000003,16.009999999999998,-0.08282168852878372
0.7300000000000003,18.009999999999998,-0.09437714423781643
0.7300000000000003,20.009999999999998,-0.11374165308419158
0.7300000000000003,22.009999999999998,-0.17334603128715378
0.7300000000000003,24.009999999999998,-0.09511738496231184
0.7300000000000003,26.009999999999998,-0.0608217587617596
0.7300000000000003,28.009999999999998,-0.041894540664368644
0.7300000000000003,30.009999999999998,-0.029253737891089773
0.7300000000000003,32.01,-0.020081669481157867
0.7300000000000003,34.01,-0.01309809421140723
0.7300000000000003,36.01,-0.007606661860488714
0.7300000000000003,38.01,-0.003185995352093923
0.7300000000000003,40.01,0.00043762617994055214
0.7300000000000003,42.01,0.0034512656505265946
0.7300000000000003,44.01,0.0059877518439059255
0.7300000000000003,46.01,0.008144277929527238
0.7300000000000003,48.01,0.009993709328177003
0.7300000000000003,50.01,0.0115917824423131
0.7300000000000003,52.01,0.012981861466683538
0.7300000000000003,54.01,0.014198180064812434
0.7300000000000003,56.01,0.015268108645363158
0.7300000000000003,58.01,0.016213775737119452
0.7300000000000003,60.01,0.017053249977991757
0.7300000000000003,62.01,0.017801416419015507
0.7300000000000003,64.00999999999999,0.018470635939781717
0.7300000000000003,66.00999999999999,0.01907124808236025
0.7300000000000003,68.00999999999999,0.019611959079855877
0.7300000000000003,70.00999999999999,0.020100144533339574
0.7300000000000003,72.00999999999999,0.020542087834078335
0.7300000000000003,74.00999999999999,0.020943169659463367
0.7300000000000003,76.00999999999999,0.021308019825098397
0.7300000000000003,78.00999999999999,0.021640639896300464
0.7300000000000003,80.00999999999999,0.021944502886039694
0.7300000000000003,82.00999999999999,0.022222634850909504
0.7300000000000003,84.00999999999999,0.022477682078157812
0.7300000000000003,86.00999999999999,0.022711966722649864
0.7300000000000003,88.00999999999999,0.022927533124566857
0.7300000000000003,90.00999999999999,0.02312618656153253
0.7300000000000003,92.00999999999999,0.023309525823427935
0.7300000000000003,94.00999999999999,0.023478970716015173
0.7300000000000003,96.00999999999999,0.023635785380153707
0.7300000000000003,98.00999999999999,0.02378109814163805
0.7500000000000003,0.01,-1.840180800722677
0.7500000000000003,2.01,-0.19649153312327516
0.7500000000000003,4.01,-0.08428960735369226
0.7500000000000003,6.01,-0.0674712467621765
0.7500000000000003,8.01,-0.0654196947621088
0.7500000000000003,10.01,-0.06769791676263573
0.7500000000000003,12.01,-0.07211600726822304
0.7500000000000003,14.01,-0.07836586782908538
0.7500000000000003,16.009999999999998,-0.08700454422632928
0.7500000000000003,18.009999999999998,-0.09979457347373835
0.7500000000000003,20.009999999999998,-0.12274182832027661
0.7500000000000003,22.009999999999998,-0.20442495392489224
0.7500000000000003,24.009999999999998,-0.08623294173478363
0.7500000000000003,26.009999999999998,-0.05653493495026961
0.7500000000000003,28.009999999999998,-0.03911508314010548
0.7500000000000003,30.009999999999998,-0.027223144781486526
0.7500000000000003,32.01,-0.018496953842562322
0.7500000000000003,34.01,-0.01180783045725323
0.7500000000000003,36.01,-0.0065244598456310025
0.7500000000000003,38.01,-0.0022580222331224586
0.7500000000000003,40.01,0.0012471079066247704
0.7500000000000003,42.01,0.004167141632509237
0.7500000000000003,44.01,0.006628011617599167
0.7500000000000003,46.01,0.00872232374383352
0.7500000000000003,48.01,0.010519776845627129
0.7500000000000003,50.01,0.012073853415569399
0.7500000000000003,52.01,0.013426271427920496
0.7500000000000003,54.01,0.014610035378416392
0.7500000000000003,56.01,0.015651580248778663
0.7500000000000003,58.01,0.016572310734824527
0.7500000000000003,60.01,0.01738972709252963
0.7500000000000003,62.01,0.018118262199331363
0.7500000000000003,64.00999999999999,0.01876991298868004
0.7500000000000003,66.00999999999999,0.019354722975967326
0.7500000000000003,68.00999999999999,0.01988115531140044
0.7500000000000003,70.00999999999999,0.0203563842536003
0.7500000000000003,72.00999999999999,0.02078652510058082
0.7500000000000003,74.00999999999999,0.021176817173000642
0.7500000000000003,76.00999999999999,0.02153177061643384
0.7500000000000003,78.00999999999999,0.021855285057952926
0.7500000000000003,80.00999999999999,0.02215074617793094
0.7500000000000003,82.00999999999999,0.022421104813773556
0.7500000000000003,84.00999999999999,0.022668942144252708
0.7500000000000003,86.00999999999999,0.02289652370523354
0.7500000000000003,88.00999999999999,0.02310584438586221
0.7500000000000003,90.00999999999999,0.023298666096533464
0.7500000000000003,92.00999999999999,0.02347654944886428
0.7500000000000003,94.00999999999999,0.02364088051654712
0.7500000000000003,96.00999999999999,0.02379289353470347
0.7500000000000003,98.00999999999999,0.023933690229820143
0.7700000000000004,0.01,-1.8689277126207684
0.7700000000000004,2.01,-0.19985689330637307
0.7700000000000004,4.01,-0.0878288496235784
0.7700000000000004,6.01,-0.07084942915767581
0.7700000000000004,8.01,-0.06868334502137055
0.7700000000000004,10.01,-0.07095193941233212
0.7700000000000004,12.01,-0.07549521599563948
0.7700000000000004,14.01,-0.08206249521628665
0.7700000000000004,16.009999999999998,-0.09135943988399675
0.7700000000000004,18.009999999999998,-0.10562569490749209
0.7700000000000004,20.009999999999998,-0.13352200545453163
0.7700000000000004,22.009999999999998,-0.14541095701619633
0.7700000000000004,24.009999999999998,-0.07911533326180542
0.7700000000000004,26.009999999999998,-0.05275040058439316
0.7700000000000004,28.009999999999998,-0.036579163691307925
0.7700000000000004,30.009999999999998,-0.025339509448540305
0.7700000000000004,32.01,-0.01701222535549085
0.7700000000000004,34.01,-0.010590958377960421
0.7700000000000004,36.01,-0.005499017135419558
0.7700000000000004,38.01,-0.0013756499752151717
0.7700000000000004,40.01,0.002018877010465104
0.7700000000000004,42.01,0.004851111996031942
0.7700000000000004,44.01,0.0072407809758241164
0.7700000000000004,46.01,0.00927632573530271
0.7700000000000004,48.01,0.011024550559972658
0.7700000000000004,50.01,0.012536865717288383
0.7700000000000004,52.01,0.013853468270491913
0.7700000000000004,54.01,0.015006222382499032
0.7700000000000004,56.01,0.01602069209876153
0.7700000000000004,58.01,0.016917606080401857
0.7700000000000004,60.01,0.017713932280500087
0.7700000000000004,62.01,0.01842367908074113
0.7700000000000004,64.00999999999999,0.019058501010840362
0.7700000000000004,66.00999999999999,0.019628162546028928
0.7700000000000004,68.00999999999999,0.02014089730608614
0.7700000000000004,70.00999999999999,0.02060368913583557
0.7700000000000004,72.00999999999999,0.021022494139034783
0.7700000000000004,74.00999999999999,0.02140241759074349
0.7700000000000004,76.00999999999999,0.021747856022491706
0.7700000000000004,78.00999999999999,0.022062612177432512
0.7700000000000004,80.00999999999999,0.02234998865123749
0.7700000000000004,82.00999999999999,0.022612864655452748
0.7700000000000004,84.00999999999999,0.02285375931836503
0.7700000000000004,86.00999999999999,0.023074884173897844
0.7700000000000004,88.00999999999999,0.023278186911646848
0.7700000000000004,90.00999999999999,0.023465388021292187
0.7700000000000004,92.00999999999999,0.023638011626823274
0.7700000000000004,94.00999999999999,0.023797411544628437
0.7700000000000004,96.00999999999999,0.023944793395811997
0.7700000000000004,98.00999999999999,0.02408123344331374
0.7900000000000004,0.01,-1.8971441974684102
0.7900000000000004,2.01,-0.2033798616492958
0.7900000000000004,4.01,-0.09144021279675597
0.7900000000000004,6.01,-0.07427205656451635
0.7900000000000004,8.01,-0.0719838038167828
0.7900000000000004,10.01,-0.07424741847593415
0.7900000000000004,12.01,-0.07893349693052897
0.7900000000000004,14.01,-0.08585828331623212
0.7900000000000004,16.009999999999998,-0.09591016405296086
0.7900000000000004,18.009999999999998,-0.1119647157654983
0.7900000000000004,20.009999999999998,-0.1471775206186675
0.7900000000000004,22.009999999999998,-0.1237315731472538
0.7900000000000004,24.009999999999998,-0.07318212494749002
0.7900000000000004,26.009999999999998,-0.04936614120845215
0.7900000000000004,28.009999999999998,-0.034249495926860746
0.7900000000000004,30.009999999999998,-0.023584244561653443
0.7900000000000004,32.01,-0.015616479114671261
0.7900000000000004,34.01,-0.009440211623533427
0.7900000000000004,36.01,-0.0045251621432723845
0.7900000000000004,38.01,-0.0005349916382876511
0.7900000000000004,40.01,0.0027559778609722776
0.7900000000000004,42.01,0.005505639049645817
0.7900000000000004,44.01,0.00782810318918097
0.7900000000000004,46.01,0.009808015201697738
0.7900000000000004,48.01,0.011509522955928397
0.7900000000000004,50.01,0.012982124695845434
0.7900000000000004,52.01,0.014264607749403739
0.7900000000000004,54.01,0.015387775180024764
0.7900000000000004,56.01,0.01637637788173639
0.7900000000000004,58.01,0.01725051148150819
0.7900000000000004,60.01,0.0180266442023876
0.7900000000000004,62.01,0.01871838499721902
0.7900000000000004,64.00999999999999,0.019337065557222845
0.7900000000000004,66.00999999999999,0.019892186784042695
0.7900000000000004,68.00999999999999,0.020391765135052926
0.7900000000000004,70.00999999999999,0.020842604035490427
0.7900000000000004,72.00999999999999,0.021250508548326608
0.7900000000000004,74.00999999999999,0.02162045661322555
0.7900000000000004,76.00999999999999,0.021956736714679955
0.7900000000000004,78.00999999999999,0.022263059364914795
0.7900000000000004,80.00999999999999,0.022542647990742418
0.7900000000000004,82.00999999999999,0.022798313494404893
0.7900000000000004,84.00999999999999,0.02303251577939494
0.7900000000000004,86.00999999999999,0.023247414798531298
0.7900000000000004,88.00999999999999,0.023444913126602428
0.7900000000000004,90.00999999999999,0.02362669163660472
0.7900000000000004,92.00999999999999,0.023794239533132446
0.7900000000000004,94.00999999999999,0.023948879744372882
0.7900000000000004,96.00999999999999,0.024091790477495004
0.7900000000000004,98.00999999999999,0.024224023587825078
0.8100000000000004,0.01,-1.9248432335334578
0.8100000000000004,2.01,-0.207054320592979
0.8100000000000004,4.01,-0.09512106541897544
0.8100000000000004,6.01,-0.07773819447816604
0.8100000000000004,8.01,-0.075321459329064
0.8100000000000004,10.01,-0.07758623333586347
0.8100000000000004,12.01,-0.08243520201292756
0.8100000000000004,14.01,-0.08976332447873153
0.8100000000000004,16.009999999999998,-0.10068539605505611
0.8100000000000004,18.009999999999998,-0.11894130998246208
0.8100000000000004,20.009999999999998,-0.16632938663019473
0.8100000000000004,22.009999999999998,-0.10994445741563372
0.8100000000000004,24.009999999999998,-0.06809974558342072
0.8100000000000004,26.009999999999998,-0.04630838933619726
0.8100000000000004,28.009999999999998,-0.032096713031629295
0.8100000000000004,30.009999999999998,-0.021942048093012985
0.8100000000000004,32.01,-0.014300408075974429
0.8100000000000004,34.01,-0.008349333400587603
0.8100000000000004,36.01,-0.003598384574474211
0.8100000000000004,38.01,0.00026737493198312025
0.8100000000000004,40.01,0.003461110273791615
0.8100000000000004,42.01,0.006132918854599988
0.8100000000000004,44.01,0.008391808874643449
0.8100000000000004,46.01,0.010318948973909187
0.8100000000000004,48.01,0.011976040181170926
0.8100000000000004,50.01,0.01341081067118371
0.8100000000000004,52.01,0.014660737120654457
0.8100000000000004,54.01,0.015755632461499643
0.8100000000000004,56.01,0.016719486417542857
0.8100000000000004,58.01,0.01757180041029847
0.8100000000000004,60.01,0.018328572444162396
0.8100000000000004,62.01,0.019003034821807804
0.8100000000000004,64.00999999999999,0.01960621422264071
0.8100000000000004,66.00999999999999,0.02014736210077089
0.8100000000000004,68.00999999999999,0.020634289071745148
0.8100000000000004,70.00999999999999,0.02107362730703178
0.8100000000000004,72.00999999999999,0.021471038319884304
0.8100000000000004,74.00999999999999,0.021831378889739676
0.8100000000000004,76.00999999999999,0.022158834584896397
0.8100000000000004,78.00999999999999,0.02245702798101861
0.8100000000000004,80.00999999999999,0.02272910695471518
0.8100000000000004,82.00999999999999,0.022977817167393867
0.8100000000000004,84.00999999999999,0.023205561914937743
0.8100000000000004,86.00999999999999,0.02341445181354894
0.8100000000000004,88.00999999999999,0.023606346257914898
0.8100000000000004,90.00999999999999,0.023782888180023255
0.8100000000000004,92.00999999999999,0.023945533322931388
0.8100000000000004,94.00999999999999,0.0240955750003448
0.8100000000000004,96.00999999999999,0.024234165122782494
0.8100000000000004,98.00999999999999,0.02436233212170972
0.8300000000000004,0.01,-1.9520371641688596
0.8300000000000004,2.01,-0.21087468547744115
0.8300000000000004,4.01,-0.09886907704732878
0.8300000000000004,6.01,-0.08124713130531443
0.8300000000000004,8.01,-0.07869690307294266
0.8300000000000004,10.01,-0.08097052226231385
0.8300000000000004,12.01,-0.08600518803284153
0.8300000000000004,14.01,-0.09378916909185474
0.8300000000000004,16.009999999999998,-0.10572015936070958
0.8300000000000004,18.009999999999998,-0.12674134446275753
0.8300000000000004,20.009999999999998,-0.20102259731304495
0.8300000000000004,22.009999999999998,-0.09978653540034413
0.8300000000000004,24.009999999999998,-0.06365882565355603
0.8300000000000004,26.009999999999998,-0.04352204745726987
0.8300000000000004,28.009999999999998,-0.030097270483004514
0.8300000000000004,30.009999999999998,-0.020400172572850733
0.8300000000000004,32.01,-0.013056071689016215
0.8300000000000004,34.01,-0.007312898506022028
0.8300000000000004,36.01,-0.0027147279564218776
0.8300000000000004,38.01,0.0010344778006139816
0.8300000000000004,40.01,0.004136679132230552
0.8300000000000004,42.01,0.006734917859939533
0.8300000000000004,44.01,0.008933544155081491
0.8300000000000004,46.01,0.010810531780190306
0.8300000000000004,48.01,0.012425320292692535
0.8300000000000004,50.01,0.013823994159409875
0.8300000000000004,52.01,0.015042808086982147
0.8300000000000004,54.01,0.01611064869134866
0.8300000000000004,56.01,0.017050791459627044
0.8300000000000004,58.01,0.017882178791920715
0.8300000000000004,60.01,0.018620365300193342
0.8300000000000004,62.01,0.01927822740158853
0.8300000000000004,64.00999999999999,0.019866503055338394
0.8300000000000004,66.00999999999999,0.020394207207122438
0.8300000000000004,68.00999999999999,0.020868955021389177
0.8300000000000004,70.00999999999999,0.021297215844551805
0.8300000000000004,72.00999999999999,0.0216845145405531
0.8300000000000004,74.00999999999999,0.022035592425745137
0.8300000000000004,76.00999999999999,0.022354536892676198
0.8300000000000004,78.00999999999999,0.022644886553303968
0.8300000000000004,80.00999999999999,0.022909717085837354
0.8300000000000004,82.00999999999999,0.023151711756235843
0.8300000000000004,84.00999999999999,0.023373219682230745
0.8300000000000004,86.00999999999999,0.023576304228911778
0.8300000000000004,88.00999999999999,0.02376278341016063
0.8300000000000004,90.00999999999999,0.023934263776664355
0.8300000000000004,92.00999999999999,0.02409216896797276
0.8300000000000004,94.00999999999999,0.02423776387069087
0.8300000000000004,96.00999999999999,0.024372175140955174
0.8300000000000004,98.00999999999999,0.024496408704665566
0.8500000000000004,0.01,-1.9787377438576
0.8500000000000004,2.01,-0.21483585719884785
0.8500000000000004,4.01,-0.10268219333855427
0.8500000000000004,6.01,-0.08479836290808793
0.8500000000000004,8.01,-0.08211092301901936
0.8500000000000004,10.01,-0.08440269100622495
0.8500000000000004,12.01,-0.08964887315890419
0.8500000000000004,14.01,-0.09794910857231964
0.8500000000000004,16.009999999999998,-0.11105786915022653
0.8500000000000004,18.009999999999998,-0.13564554959097505
0.8500000000000004,20.009999999999998,-0.20686885273890482
0.8500000000000004,22.009999999999998,-0.09173790270957019
0.8500000000000004,24.009999999999998,-0.05971911024664392
0.8500000000000004,26.009999999999998,-0.040964861934130126
0.8500000000000004,28.009999999999998,-0.02823200106069447
0.8500000000000004,30.009999999999998,-0.01894788700038008
0.8500000000000004,32.01,-0.011876641621032847
0.8500000000000004,34.01,-0.006326172895304438
0.8500000000000004,36.01,-0.0018707031159688435
0.8500000000000004,38.01,0.0017690087222417138
0.8500000000000004,40.01,0.0047848354155247295
0.8500000000000004,42.01,0.007313403472447794
0.8500000000000004,44.01,0.009454794330883049
0.8500000000000004,46.01,0.011284035159687188
0.8500000000000004,48.01,0.012858468764728757
0.8500000000000004,50.01,0.014222648866169434
0.8500000000000004,52.01,0.015411687884830801
0.8500000000000004,54.01,0.01645360371629567
0.8500000000000004,56.01,0.01737100013380103
0.8500000000000004,58.01,0.01818229250195741
0.8500000000000004,60.01,0.018902616501507048
0.8500000000000004,62.01,0.01954451164889255
0.8500000000000004,64.00999999999999,0.020118442114228457
0.8500000000000004,66.00999999999999,0.020633198218956532
0.8500000000000004,68.00999999999999,0.021096209238739505
0.8500000000000004,70.00999999999999,0.02151378946547762
0.8500000000000004,72.00999999999999,0.021891333485721257
0.8500000000000004,74.00999999999999,0.02223347242138153
0.8500000000000004,76.00999999999999,0.02254419987914618
0.8500000000000004,78.00999999999999,0.02282697419095875
0.8500000000000004,80.00999999999999,0.023084801948080012
0.8500000000000004,82.00999999999999,0.02332030666522071
0.8500000000000004,84.00999999999999,0.023535785541876603
0.8500000000000004,86.00999999999999,0.023733256633801665
0.8500000000000004,88.00999999999999,0.023914498250802628
0.8500000000000004,90.00999999999999,0.024081082016902726
0.8500000000000004,92.00999999999999,0.02423440073564656
0.8500000000000004,94.00999999999999,0.024375691975545503
0.8500000000000004,96.00999999999999,0.024506058112469184
0.8500000000000004,98.00999999999999,0.024626483425534043
0.8700000000000004,0.01,-2.0049561799105717
0.8700000000000004,2.01,-0.21893318050358831
0.8700000000000004,4.01,-0.1065586142776444
0.8700000000000004,6.01,-0.08839157951927684
0.8700000000000004,8.01,-0.08556449905801308
0.8700000000000004,10.01,-0.0878854252246406
0.8700000000000004,12.01,-0.09337230623436117
0.8700000000000004,14.01,-0.10225853620952073
0.8700000000000004,16.009999999999998,-0.11675329124815861
0.8700000000000004,18.009999999999998,-0.1461089270117763
0.8700000000000004,20.009999999999998,-0.1582868078825347
0.8700000000000004,22.009999999999998,-0.08507456927020632
0.8700000000000004,24.009999999999998,-0.05618194378595377
0.8700000000000004,26.009999999999998,-0.03860370996939265
0.8700000000000004,28.009999999999998,-0.026485092615134688
0.8700000000000004,30.009999999999998,-0.01757607344977149
0.8700000000000004,32.01,-0.0107562039929088
0.8700000000000004,34.01,-0.00538500166758917
0.8700000000000004,36.01,-0.0010632178888243427
0.8700000000000004,38.01,0.0024733707334748736
0.8700000000000004,40.01,0.005407510358053947
0.8700000000000004,42.01,0.00786996972592701
0.8700000000000004,44.01,0.00995690389369463
0.8700000000000004,46.01,0.011740613543368528
0.8700000000000004,48.01,0.013276491735470821
0.8700000000000004,50.01,0.014607662828512488
0.8700000000000004,52.01,0.015768168822459225
0.8700000000000004,54.01,0.016785211054232398
0.8700000000000004,56.01,0.01768076023517206
0.8700000000000004,58.01,0.018472733862371415
0.8700000000000004,60.01,0.019175871055294374
0.8700000000000004,62.01,0.019802391835717168
0.8700000000000004,64.00999999999999,0.020362500305323418
0.8700000000000004,66.00999999999999,0.020864773104670192
0.8700000000000004,68.00999999999999,0.021316462442366617
0.8700000000000004,70.00999999999999,0.021723734736714503
0.8700000000000004,72.00999999999999,0.02209186019442226
0.8700000000000004,74.00999999999999,0.022425364626295498
0.8700000000000004,76.00999999999999,0.022728151927313645
0.8700000000000004,78.00999999999999,0.02300360357226202
0.8700000000000004,80.00999999999999,0.023254659959802804
0.8700000000000004,82.00999999999999,0.023483887315613565
0.8700000000000004,84.00999999999999,0.023693533027351027
0.8700000000000004,86.00999999999999,0.023885571652901033
0.8700000000000004,88.00999999999999,0.02406174336350104
0.8700000000000004,90.00999999999999,0.024223586215695835
0.8700000000000004,92.00999999999999,0.0243724633622103
0.8700000000000004,94.00999999999999,0.02450958609114736
0.8700000000000004,96.00999999999999,0.024636033410153156
0.8700000000000004,98.00999999999999,0.024752768756102474
0.8900000000000005,0.01,-2.0307031703183602
0.8900000000000005,2.01,-0.22316240716508642
0.8900000000000005,4.01,-0.11049677514049568
0.8900000000000005,6.01,-0.09202665476055562
0.8900000000000005,8.01,-0.08905880066672746
0.8900000000000005,10.01,-0.0914217069708378
0.8900000000000005,12.01,-0.09718225137236935
0.8900000000000005,14.01,-0.10673541194631067
0.8900000000000005,16.009999999999998,-0.1228769479776076
0.8900000000000005,18.009999999999998,-0.15894709424021633
0.8900000000000005,20.009999999999998,-0.13682654488033233
0.8900000000000005,22.009999999999998,-0.07939304896252625
0.8900000000000005,24.009999999999998,-0.05297524299158988
0.8900000000000005,26.009999999999998,-0.03641214064709813
0.8900000000000005,28.009999999999998,-0.024843348178424686
0.8900000000000005,30.009999999999998,-0.016276919801405127
0.8900000000000005,32.01,-0.009689603688708706
0.8900000000000005,34.01,-0.004485718834560685
0.8900000000000005,36.01,-0.0002895195397629586
0.8900000000000005,38.01,0.003149717638918307
0.8900000000000005,40.01,0.0060064440732186955
0.8900000000000005,42.01,0.00840605896166628
0.8900000000000005,44.01,0.010441093538677788
0.8900000000000005,46.01,0.012181317995149328
0.8900000000000005,48.01,0.013680307375632002
0.8900000000000005,50.01,0.014979848011809299
0.8900000000000005,52.01,0.016112976520598767
0.8900000000000005,54.01,0.017106125074099008
0.8900000000000005,56.01,0.017980666562714548
0.8900000000000005,58.01,0.01875404729134759
0.8900000000000005,60.01,0.01944063033202685
0.8900000000000005,62.01,0.020052332212387503
0.8900000000000005,64.00999999999999,0.020599109605946436
0.8900000000000005,66.00999999999999,0.0210893355738147
0.8900000000000005,68.00999999999999,0.0215300934151087
0.8900000000000005,70.00999999999999,0.02192740832557316
0.8900000000000005,72.00999999999999,0.022286431602537633
0.8900000000000005,74.00999999999999,0.022611588281542333
0.8900000000000005,76.00999999999999,0.02290669633481692
0.8900000000000005,78.00999999999999,0.023175063566895894
0.8900000000000005,80.00999999999999,0.023419566881536645
0.8900000000000005,82.00999999999999,0.02364271751256144
0.8900000000000005,84.00999999999999,0.02384671500279051
0.8900000000000005,86.00999999999999,0.02403349210526424
0.8900000000000005,88.00999999999999,0.024204752316956638
0.8900000000000005,90.00999999999999,0.024362001399192694
0.8900000000000005,92.00999999999999,0.024506573964029485
0.8900000000000005,94.00999999999999,0.024639655991780005
0.8900000000000005,96.00999999999999,0.024762303977243716
0.8900000000000005,98.00999999999999,0.024875461270032657
0.9100000000000005,0.01,-2.055988938190158
0.9100000000000005,2.01,-0.22751966340644947
0.9100000000000005,4.01,-0.11449532984912003
0.9100000000000005,6.01,-0.09570363654323859
0.9100000000000005,8.01,-0.09259518668334803
0.9100000000000005,10.01,-0.09501483559484254
0.9100000000000005,12.01,-0.10108629115699039
0.9100000000000005,14.01,-0.11140086827034898
0.9100000000000005,16.009999999999998,-0.12952191604401705
0.9100000000000005,18.009999999999998,-0.1758713967545672
0.9100000000000005,20.009999999999998,-0.12270418484379356
0.9100000000000005,22.009999999999998,-0.07444472988020376
0.9100000000000005,24.009999999999998,-0.05004471010949659
0.9100000000000005,26.009999999999998,-0.03436869311495985
0.9100000000000005,28.009999999999998,-0.023295639618244483
0.9100000000000005,30.009999999999998,-0.01504368233798017
0.9100000000000005,32.01,-0.008672320430866312
0.9100000000000005,34.01,-0.0036250739794041866
0.9100000000000005,36.01,0.0004528527673204872
0.9100000000000005,38.01,0.0037999869917910416
0.9100000000000005,40.01,0.006583209683106078
0.9100000000000005,42.01,0.00892298024006402
0.9100000000000005,44.01,0.010908474698382922
0.9100000000000005,46.01,0.01260710800894086
0.9100000000000005,48.01,0.01407075568842848
0.9100000000000005,50.01,0.015339948610747792
0.9100000000000005,52.01,0.016446777060821857
0.9100000000000005,54.01,0.01741694723924882
0.9100000000000005,56.01,0.018271266439006437
0.9100000000000005,58.01,0.01902673423511587
0.9100000000000005,60.01,0.01969735651281644
0.9100000000000005,62.01,0.02029476105068729
0.9100000000000005,64.00999999999999,0.020828668766745002
0.9100000000000005,66.00999999999999,0.021307258488357156
0.9100000000000005,68.00999999999999,0.021737452165236225
0.9100000000000005,70.00999999999999,0.022125139944031945
0.9100000000000005,72.00999999999999,0.0224753592975361
0.9100000000000005,74.00999999999999,0.0227924387075941
0.9100000000000005,76.00999999999999,0.023080113754328183
0.9100000000000005,78.00999999999999,0.02334162154493124
0.9100000000000005,80.00999999999999,0.02357977800734619
0.9100000000000005,82.00999999999999,0.023797041530665537
0.9100000000000005,84.00999999999999,0.023995565652982533
0.9100000000000005,86.00999999999999,0.024177242907601024
0.9100000000000005,88.00999999999999,0.02434374148922208
0.9100000000000005,90.00999999999999,0.02449653605686103
0.9100000000000005,92.00999999999999,0.02463693372350411
0.9100000000000005,94.00999999999999,0.024766096074798898
0.9100000000000005,96.00999999999999,0.024885057896216468
0.9100000000000005,98.00999999999999,0.024994743159705006
0.9300000000000005,0.01,-2.080823263155754
0.9300000000000005,2.01,-0.23200142102932747
0.9300000000000005,4.01,-0.11855313643166249
0.9300000000000005,6.01,-0.09942273967125081
0.9300000000000005,8.01,-0.09617520714421832
0.9300000000000005,10.01,-0.09866845352798731
0.9300000000000005,12.01,-0.10509295277570305
0.9300000000000005,14.01,-0.11628001117877662
0.9300000000000005,16.009999999999998,-0.1368147747416054
0.9300000000000005,18.009999999999998,-0.20168329244967534
0.9300000000000005,20.009999999999998,-0.11213323183831364
0.9300000000000005,22.009999999999998,-0.07006528192143563
0.9300000000000005,24.009999999999998,-0.047348409581010664
0.9300000000000005,26.009999999999998,-0.03245571423699592
0.9300000000000005,28.009999999999998,-0.021832497029727123
0.9300000000000005,30.009999999999998,-0.013870499957168672
0.9300000000000005,32.01,-0.007700369145625092
0.9300000000000005,34.01,-0.002800172149035926
0.9300000000000005,36.01,0.0011661074823596778
0.9300000000000005,38.01,0.004425927812978604
0.9300000000000005,40.01,0.007139233773638698
0.9300000000000005,42.01,0.00942192505627859
0.9300000000000005,44.01,0.011360062018059162
0.9300000000000005,46.01,0.01301886168150791
0.9300000000000005,48.01,0.014448606992704626
0.9300000000000005,50.01,0.015688648257960097
0.9300000000000005,52.01,0.016770183210011225
0.9300000000000005,54.01,0.0177182315563503
0.9300000000000005,56.01,0.018553064537007273
0.9300000000000005,58.01,0.019291257487833325
0.9300000000000005,60.01,0.01994647649057105
0.9300000000000005,62.01,0.020530074194814313
0.9300000000000005,64.00999999999999,0.021051546566555213
0.9300000000000005,66.00999999999999,0.021518886864694983
0.9300000000000005,68.00999999999999,0.021938862710622856
0.9300000000000005,70.00999999999999,0.022317234943697802
0.9300000000000005,72.00999999999999,0.022658931947884785
0.9300000000000005,74.00999999999999,0.02296818958792768
0.9300000000000005,76.00999999999999,0.02324866434791388
0.9300000000000005,78.00999999999999,0.023503525415999482
0.9300000000000005,80.00999999999999,0.023735530100817664
0.9300000000000005,82.00999999999999,0.023947085957074794
0.9300000000000005,84.00999999999999,0.024140302242479934
0.9300000000000005,86.00999999999999,0.024317032757128876
0.9300000000000005,88.00999999999999,0.024478911681067875
0.9300000000000005,90.00999999999999,0.024627383691300544
0.9300000000000005,92.00999999999999,0.02476372938056727
0.9300000000000005,94.00999999999999,0.024889086798446446
0.9300000000000005,96.00999999999999,0.025004469777049752
0.9300000000000005,98.00999999999999,0.025110783578613124
0.9500000000000005,0.01,-2.105215510057996
0.9500000000000005,2.01,-0.23660447179010446
0.9500000000000005,4.01,-0.12266924434431997
0.9500000000000005,6.01,-0.10318434000027618
0.9500000000000005,8.01,-0.0998006071766783
0.9500000000000005,10.01,-0.10238657757445535
0.9500000000000005,12.01,-0.10921186277220392
0.9500000000000005,14.01,-0.12140299620754441
0.9500000000000005,16.009999999999998,-0.14493419238603034
0.9500000000000005,18.009999999999998,-0.26974153166229736
0.9500000000000005,20.009999999999998,-0.10367759430810675
0.9500000000000005,22.009999999999998,-0.06614027838768985
0.9500000000000005,24.009999999999998,-0.04485327029667095
0.9500000000000005,26.009999999999998,-0.030658507428588957
0.9500000000000005,28.009999999999998,-0.020445795267484086
0.9500000000000005,30.009999999999998,-0.01275224708558842
0.9500000000000005,32.01,-0.0067702191193603385
0.9500000000000005,34.01,-0.0020084242145640098
0.9500000000000005,36.01,0.0018522337337997029
0.9500000000000005,38.01,0.005029124023510835
0.9500000000000005,40.01,0.0076758138256949205
0.9500000000000005,42.01,0.009903980819064443
0.9500000000000005,44.01,0.011796784111659802
0.9500000000000005,46.01,0.013417384521348398
0.9500000000000005,48.01,0.014814569295122529
0.9500000000000005,50.01,0.016026576307546538
0.9500000000000005,52.01,0.01708375985986708
0.9500000000000005,54.01,0.018010489347449764
0.9500000000000005,56.01,0.01882652711507922
0.9500000000000005,58.01,0.019548044987865453
0.9500000000000005,60.01,0.020188385302950376
0.9500000000000005,62.01,0.020758638189852702
0.9500000000000005,64.00999999999999,0.02126808468291057
0.9500000000000005,66.00999999999999,0.021724540523512068
0.9500000000000005,68.00999999999999,0.022134625538194203
0.9500000000000005,70.00999999999999,0.02250397660964671
0.9500000000000005,72.00999999999999,0.022837417451799805
0.9500000000000005,74.00999999999999,0.023139094989828184
0.9500000000000005,76.00999999999999,0.02341258969431334
0.9500000000000005,78.00999999999999,0.023661005435312278
0.9500000000000005,80.00999999999999,0.023887043110267556
0.9500000000000005,82.00999999999999,0.024093061324887477
0.9500000000000005,84.00999999999999,0.024281126674967846
0.9500000000000005,86.00999999999999,0.02445305562369738
0.9500000000000005,88.00999999999999,0.024610449546773217
0.9500000000000005,90.00999999999999,0.024754724192908053
0.9500000000000005,92.00999999999999,0.024887134555810556
0.9500000000000005,94.00999999999999,0.025008795957524973
0.9500000000000005,96.00999999999999,0.025120701989065845
0.9500000000000005,98.00999999999999,0.025223739832614594
0.9700000000000005,0.01,-2.129174655221629
0.9700000000000005,2.01,-0.2413259046320788
0.9700000000000005,4.01,-0.12684288344985167
0.9700000000000005,6.01,-0.10698897003669047
0.9700000000000005,8.01,-0.10347333298439743
0.9700000000000005,10.01,-0.10617363651121883
0.9700000000000005,12.01,-0.11345393795744334
0.9700000000000005,14.01,-0.12680650095633805
0.9700000000000005,16.009999999999998,-0.15414464496677815
0.9700000000000005,18.009999999999998,-0.20000067235379254
0.9700000000000005,20.009999999999998,-0.09663188457904442
0.9700000000000005,22.009999999999998,-0.06258677095061382
0.9700000000000005,24.009999999999998,-0.04253274596576438
0.9700000000000005,26.009999999999998,-0.028964707099807564
0.9700000000000005,28.009999999999998,-0.019128511257780242
0.9700000000000005,30.009999999999998,-0.01168441600085086
0.9700000000000005,32.01,-0.005878727846891078
0.9700000000000005,34.01,-0.0012475055864663905
0.9700000000000005,36.01,0.0025130291669034806
0.9700000000000005,38.01,0.005611014361036444
0.9700000000000005,40.01,0.008194133142265091
0.9700000000000005,42.01,0.01037014246331975
0.9700000000000005,44.01,0.012219492874360353
0.9700000000000005,46.01,0.013803417106509779
0.9700000000000005,48.01,0.015169294720792932
0.9700000000000005,50.01,0.016354313331721788
0.9700000000000005,52.01,0.017388028796694568
0.9700000000000005,54.01,0.01829419344305185
0.9700000000000005,56.01,0.019092085744692816
0.9700000000000005,58.01,0.019797493164303015
0.9700000000000005,60.01,0.020423449162521173
0.9700000000000005,62.01,0.02098079304622961
0.9700000000000005,64.00999999999999,0.02147860023100876
0.9700000000000005,66.00999999999999,0.021924516435538728
0.9700000000000005,68.00999999999999,0.02232501978271649
0.9700000000000005,70.00999999999999,0.022685628193781754
0.9700000000000005,72.00999999999999,0.023011064843050447
0.9700000000000005,74.00999999999999,0.02330539115757766
0.9700000000000005,76.00999999999999,0.023572114482118114
0.9700000000000005,78.00999999999999,0.02381427580752584
0.9700000000000005,80.00999999999999,0.02403452169245427
0.9700000000000005,82.00999999999999,0.024235163564603097
0.9700000000000005,84.00999999999999,0.024418226879283335
0.9700000000000005,86.00999999999999,0.02458549207631372
0.9700000000000005,88.00999999999999,0.024738528866365357
0.9700000000000005,90.00999999999999,0.02487872506240845
0.9700000000000005,92.00999999999999,0.025007310927362747
0.9700000000000005,94.00999999999999,0.025125379818202603
0.9700000000000005,96.00999999999999,0.02523390575686555
0.9700000000000005,98.00999999999999,0.025333758439853873
0.9900000000000005,0.01,-2.1527093105489974
0.9900000000000005,2.01,-0.2461630854388404
0.9900000000000005,4.01,-0.13107345447916718
0.9900000000000005,6.01,-0.11083731588594913
0.9900000000000005,8.01,-0.10719554000432863
0.9900000000000005,10.01,-0.11003451601548551
0.9900000000000005,12.01,-0.1178316225626399
0.9900000000000005,14.01,-0.13253578351836243
0.9900000000000005,16.009999999999998,-0.164863106704113
0.9900000000000005,18.009999999999998,-0.1669463633650627
0.9900000000000005,20.009999999999998,-0.09059550104920716
0.9900000000000005,22.009999999999998,-0.05934267198628031
0.9900000000000005,24.009999999999998,-0.04036520124377374
0.9900000000000005,26.009999999999998,-0.02736381046165505
0.9900000000000005,28.009999999999998,-0.0178745337227685
0.9900000000000005,30.009999999999998,-0.010663021773535637
0.9900000000000005,32.01,-0.005023086479882385
0.9900000000000005,34.01,-0.0005153216527192852
0.9900000000000005,36.01,0.003150123515737204
0.9900000000000005,38.01,0.006172909394000252
0.9900000000000005,40.01,0.00869527369033407
0.9900000000000005,42.01,0.01082132249724551
0.9900000000000005,44.01,0.01262897157722711
0.9900000000000005,46.01,0.014177641766542992
0.9900000000000005,48.01,0.015513385142420321
0.9900000000000005,50.01,0.016672395945336083
0.9900000000000005,52.01,0.01768347289748889
0.9900000000000005,54.01,0.018569781878012476
0.9900000000000005,56.01,0.01935014060156045
0.9900000000000005,58.01,0.020039969895761508
0.9900000000000005,60.01,0.02065200813911179
0.9900000000000005,62.01,0.021196854689468338
0.9900000000000005,64.00999999999999,0.02168338801570012
0.9900000000000005,66.00999999999999,0.022119090803819314
0.9900000000000005,68.00999999999999,0.022510305162191702
0.9900000000000005,70.00999999999999,0.02286243472214881
0.9900000000000005,72.00999999999999,0.023180105985782462
0.9900000000000005,74.00999999999999,0.023467298107865728
0.9900000000000005,76.00999999999999,0.023727448016808372
0.9900000000000005,78.00999999999999,0.02396353611479226
0.9900000000000005,80.00999999999999,0.024178156569692424
0.9900000000000005,82.00999999999999,0.024373575297215178
0.9900000000000005,84.00999999999999,0.024551778044505396
0.9900000000000005,86.00999999999999,0.02471451046546321
0.9900000000000005,88.00999999999999,0.02486331167976283
0.9900000000000005,90.00999999999999,0.024999542500862608
0.9900000000000005,92.00999999999999,0.025124409280333736
0.9900000000000005,94.00999999999999,0.025238984130059587
0.9900000000000005,96.00999999999999,0.025344222137808174
0.9900000000000005,98.00999999999999,0.025440976076201917
