0.001,0.001,-0.009047824257371247
0.001,0.501,-0.009049141399416066
0.001,1.001,-0.00905027632577708
0.001,1.501,-0.009051226058822312
0.001,2.001,-0.009051987581551377
0.001,2.501,-0.009052557837512814
0.001,3.001,-0.009052933730747092
0.001,3.501,-0.009053112125759839
0.001,4.0009999999999994,-0.009053089847523059
0.001,4.5009999999999994,-0.009052863681509888
0.001,5.0009999999999994,-0.009052430373761819
0.001,5.5009999999999994,-0.009051786630991822
0.001,6.0009999999999994,-0.009050929120725094
0.001,6.5009999999999994,-0.009049854471478182
0.001,7.0009999999999994,-0.009048559272980573
0.001,7.5009999999999994,-0.009047040076439588
0.001,8.001,-0.009045293394849895
0.001,8.501,-0.009043315703352628
0.001,9.001,-0.009041103439643334
0.001,9.501,-0.009038653004433234
0.001,10.001,-0.009035960761965181
0.001,10.501,-0.00903302304058711
0.001,11.001,-0.009029836133386026
0.001,11.501,-0.009026396298883684
0.001,12.001,-0.009022699761798111
0.001,12.501,-0.00901874271387343
0.001,13.001,-0.009014521314779088
0.001,13.501,-0.009010031693084211
0.001,14.001,-0.00900526994730758
0.001,14.501,-0.009000232147045317
0.001,15.001,-0.008994914334183627
0.001,15.501,-0.008989312524193072
0.001,16.000999999999998,-0.008983422707513393
0.001,16.500999999999998,-0.008977240851027192
0.001,17.000999999999998,-0.008970762899628353
0.001,17.500999999999998,-0.008963984777886248
0.001,18.000999999999998,-0.008956902391809825
0.001,18.500999999999998,-0.00894951163071347
0.001,19.000999999999998,-0.008941808369188033
0.001,19.500999999999998,-0.008933788469179757
0.001,20.000999999999998,-0.008925447782179576
0.001,20.500999999999998,-0.008916782151524702
0.001,21.000999999999998,-0.008907787414816567
0.001,21.500999999999998,-0.008898459406456402
0.001,22.000999999999998,-0.008888793960299768
0.001,22.500999999999998,-0.008878786912434978
0.001,23.000999999999998,-0.008868434104084196
0.001,23.500999999999998,-0.008857731384630616
0.001,24.000999999999998,-0.008846674614773162
0.001,24.500999999999998,-0.008835259669809628
0.001,25.000999999999998,-0.008823482443049233
0.001,25.500999999999998,-0.008811338849356178
0.001,26.000999999999998,-0.008798824828823104
0.001,26.500999999999998,-0.008785936350576349
0.001,27.000999999999998,-0.0087726694167121
0.001,27.500999999999998,-0.008759020066362515
0.001,28.000999999999998,-0.008744984379890526
0.001,28.500999999999998,-0.008730558483214438
0.001,29.000999999999998,-0.008715738552257645
0.001,29.500999999999998,-0.008700520817521743
0.001,30.000999999999998,-0.008684901568782679
0.001,30.500999999999998,-0.008668877159902695
0.001,31.000999999999998,-0.008652444013758757
0.001,31.500999999999998,-0.008635598627278826
0.001,32.001,-0.008618337576584579
0.001,32.501,-0.008600657522232782
0.001,33.001,-0.008582555214550315
0.001,33.501,-0.008564027499055741
0.001,34.001,-0.008545071321959335
0.001,34.501,-0.008525683735735921
0.001,35.001,-0.008505861904758162
0.001,35.501,-0.008485603110983987
0.001,36.001,-0.008464904759686804
0.001,36.501,-0.008443764385217496
0.001,37.001,-0.00842217965678858
0.001,37.501,-0.008400148384263877
0.001,38.001,-0.008377668523949663
0.001,38.501,-0.008354738184362087
0.001,39.001,-0.008331355631969021
0.001,39.501,-0.008307519296882953
0.006,0.001,-0.04353758609767528
0.006,0.501,-0.04416041861779412
0.006,1.001,-0.04481669540319265
0.006,1.501,-0.04550992940509039
0.006,2.001,-0.046244205877940085
0.006,2.501,-0.047024313507306126
0.006,3.001,-0.04785591551674586
0.006,3.501,-0.04874577641763186
0.006,4.0009999999999994,-0.04970206777420721
0.006,4.5009999999999994,-0.05073478875795594
0.006,5.0009999999999994,-0.05185635786293098
0.006,5.5009999999999994,-0.05308246763737108
0.006,6.0009999999999994,-0.05443335806966631
0.006,6.5009999999999994,-0.05593578480849705
0.006,7.0009999999999994,-0.057626200304231476
0.006,7.5009999999999994,-0.05955618843081396
0.006,8.001,-0.061802430708958356
0.006,8.501,-0.06448678824854591
0.006,9.001,-0.06782250067692723
0.006,9.501,-0.07224451188500501
0.006,10.001,-0.07894406310616257
0.006,10.501,-0.10013185738266138
0.006,11.001,-0.09357687795247618
0.006,11.501,-0.08769346672214191
0.006,12.001,-0.08238986441264273
0.006,12.501,-0.07758989644455272
0.006,13.001,-0.07322984181741136
0.006,13.501,-0.0692560218608461
0.006,14.001,-0.06562292387503844
0.006,14.501,-0.062291726887439176
0.006,15.001,-0.05922913299196991
0.006,15.501,-0.05640643324516091
0.006,16.000999999999998,-0.05379875528196451
0.006,16.500999999999998,-0.05138445293949098
0.006,17.000999999999998,-0.04914460775517125
0.006,17.500999999999998,-0.04706261926872504
0.006,18.000999999999998,-0.04512386631635386
0.006,18.500999999999998,-0.04331542545740733
0.006,19.000999999999998,-0.041625835668868974
0.006,19.500999999999998,-0.04004490073141137
0.006,20.000999999999998,-0.038563522492569724
0.006,20.500999999999998,-0.03717355955874541
0.006,21.000999999999998,-0.035867707034328886
0.006,21.500999999999998,-0.0346393937643467
0.006,22.000999999999998,-0.033482694199598796
0.006,22.500999999999998,-0.03239225253013644
0.006,23.000999999999998,-0.03136321715421597
0.006,23.500999999999998,-0.030391183888489465
0.006,24.000999999999998,-0.029472146598752427
0.006,24.500999999999998,-0.028602454152631143
0.006,25.000999999999998,-0.027778772776658953
0.006,25.500999999999998,-0.02699805304849856
0.006,26.000999999999998,-0.026257500877047688
0.006,26.500999999999998,-0.02555455192387709
0.006,27.000999999999998,-0.02488684900295657
0.006,27.500999999999998,-0.024252222065095818
0.006,28.000999999999998,-0.0236486704315349
0.006,28.500999999999998,-0.02307434698971354
0.006,29.000999999999998,-0.02252754410513105
0.006,29.500999999999998,-0.022006681037632043
0.006,30.000999999999998,-0.021510292679624267
0.006,30.500999999999998,-0.021037019458443933
0.006,31.000999999999998,-0.020585598266127016
0.006,31.500999999999998,-0.020154854297790462
0.006,32.001,-0.019743693695174796
0.006,32.501,-0.01935109690507203
0.006,33.001,-0.018976112673672073
0.006,33.501,-0.018617852607621107
0.006,34.001,-0.018275486241009133
0.006,34.501,-0.017948236554797856
0.006,35.001,-0.01763537590152843
0.006,35.501,-0.01733622229365063
0.006,36.001,-0.017050136018615533
0.006,36.501,-0.016776516548048934
0.006,37.001,-0.016514799711993
0.006,37.501,-0.016264455112410054
0.006,38.001,-0.016024983752954833
0.006,38.501,-0.015795915864507105
0.006,39.001,-0.015576808908131103
0.006,39.501,-0.015367245739064346
0.011,0.001,-0.07315296436960415
0.011,0.501,-0.07513148274028791
0.011,1.001,-0.07731274871084018
0.011,1.501,-0.07973827726309542
0.011,2.001,-0.08246349831693964
0.011,2.501,-0.0855647693848356
0.011,3.001,-0.0891514909515856
0.011,3.501,-0.09338861019080877
0.011,4.0009999999999994,-0.09854265380577441
0.011,4.5009999999999994,-0.10508961767860087
0.011,5.0009999999999994,-0.11402709751142534
0.011,5.5009999999999994,-0.1282104223477841
0.011,6.0009999999999994,-0.17346141300392373
0.011,6.5009999999999994,-0.15377047933195084
0.011,7.0009999999999994,-0.13736606562904313
0.011,7.5009999999999994,-0.12353241727949882
0.011,8.001,-0.11174312138932149
0.011,8.501,-0.10160307882740016
0.011,9.001,-0.09281044336118745
0.011,9.501,-0.08513098131309244
0.011,10.001,-0.07838038826057694
0.011,10.501,-0.07241183723666646
0.011,11.001,-0.06710704658051826
0.011,11.501,-0.06236976498105456
0.011,12.001,-0.05812094759816507
0.011,12.501,-0.05429513524580042
0.011,13.001,-0.05083770258065859
0.011,13.501,-0.04770274278208707
0.011,14.001,-0.04485142439837332
0.011,14.501,-0.042250702588971824
0.011,15.001,-0.03987229926178376
0.011,15.501,-0.03769188928786541
0.011,16.000999999999998,-0.035688446128377904
0.011,16.500999999999998,-0.03384371184972018
0.011,17.000999999999998,-0.03214176498684475
0.011,17.500999999999998,-0.030568665962885683
0.011,18.000999999999998,-0.029112164419742556
0.011,18.500999999999998,-0.0277614563015534
0.011,19.000999999999998,-0.026506981172753553
0.011,19.500999999999998,-0.025340252266932442
0.011,20.000999999999998,-0.024253713311774838
0.011,20.500999999999998,-0.023240617375175097
0.011,21.000999999999998,-0.022294923913235468
0.011,21.500999999999998,-0.021411210935195102
0.011,22.000999999999998,-0.020584599780232214
0.011,22.500999999999998,-0.019810690461680297
0.011,23.000999999999998,-0.019085505902082807
0.011,23.500999999999998,-0.01840544367789363
0.011,24.000999999999998,-0.01776723413097675
0.011,24.500999999999998,-0.017167903897341664
0.011,25.000999999999998,-0.016604744060978248
0.011,25.500999999999998,-0.016075282269456155
0.011,26.000999999999998,-0.015577258253780004
0.011,26.500999999999998,-0.015108602282287519
0.011,27.000999999999998,-0.014667416150657954
0.011,27.500999999999998,-0.01425195637019279
0.011,28.000999999999998,-0.013860619266649703
0.011,28.500999999999998,-0.013491927743840563
0.011,29.000999999999998,-0.01314451950146488
0.011,29.500999999999998,-0.0128171365263017
0.011,30.000999999999998,-0.012508615700968041
0.011,30.500999999999998,-0.012217880395718785
0.011,31.000999999999998,-0.011943932926807423
0.011,31.500999999999998,-0.011685847780344967
0.011,32.001,-0.011442765513733716
0.011,32.501,-0.011213887258041524
0.011,33.001,-0.010998469754352511
0.011,33.501,-0.010795820865472025
0.011,34.001,-0.010605295511558505
0.011,34.501,-0.010426291984474962
0.011,35.001,-0.010258248601047355
0.011,35.501,-0.01010064066010492
0.011,36.001,-0.009952977672253619
0.011,36.501,-0.009814800834895375
0.011,37.001,-0.009685680728112102
0.011,37.501,-0.00956521520975973
0.011,38.001,-0.009453027490502875
0.011,38.501,-0.009348764371624933
0.011,39.001,-0.009252094630292088
0.011,39.501,-0.009162707538585314
0.016,0.001,-0.10041107890151839
0.016,0.501,-0.104341013881654
0.016,1.001,-0.10886765885088658
0.016,1.501,-0.11417998552739414
0.016,2.001,-0.12057167597587619
0.016,2.501,-0.12853691442705656
0.016,3.001,-0.1390117483097308
0.016,3.501,-0.15416042573168792
0.016,4.0009999999999994,-0.1817936113167511
0.016,4.5009999999999994,-0.22588477569279317
0.016,5.0009999999999994,-0.19214295208248772
0.016,5.5009999999999994,-0.16555798036376462
0.016,6.0009999999999994,-0.14418376485672782
0.016,6.5009999999999994,-0.12670711499464735
0.016,7.0009999999999994,-0.11221244920179022
0.016,7.5009999999999994,-0.10004356846371847
0.016,8.001,-0.08971896817109554
0.016,8.501,-0.08087806454817484
0.016,9.001,-0.07324598422207018
0.016,9.501,-0.06660988332605951
0.016,10.001,-0.060802641878023964
0.016,10.501,-0.05569140015305269
0.016,11.001,-0.051169348056880636
0.016,11.501,-0.047149745482822844
0.016,12.001,-0.043561501363953974
0.016,12.501,-0.040345860138077505
0.016,13.001,-0.03745388708660935
0.016,13.501,-0.034844538048387094
0.016,14.001,-0.032483162092050766
0.016,14.501,-0.030340328752217337
0.016,15.001,-0.028390901224012544
0.016,15.501,-0.026613297828616857
0.016,16.000999999999998,-0.024988898942731208
0.016,16.500999999999998,-0.023501567298345894
0.016,17.000999999999998,-0.022137257359385692
0.016,17.500999999999998,-0.020883695220671634
0.016,18.000999999999998,-0.01973011473830641
0.016,18.500999999999998,-0.018667038797448226
0.016,19.000999999999998,-0.01768609704109317
0.016,19.500999999999998,-0.01677987322673986
0.016,20.000999999999998,-0.015941776793907625
0.016,20.500999999999998,-0.015165934321239749
0.016,21.000999999999998,-0.014447097405672276
0.016,21.500999999999998,-0.013780564165584638
0.016,22.000999999999998,-0.013162112098051602
0.016,22.500999999999998,-0.01258794043945291
0.016,23.000999999999998,-0.012054620513195804
0.016,23.500999999999998,-0.011559052816626933
0.016,24.000999999999998,-0.011098429815550127
0.016,24.500999999999998,-0.010670203590034497
0.016,25.000999999999998,-0.010272057617845547
0.016,25.500999999999998,-0.009901882098428356
0.016,26.000999999999998,-0.00955775231610373
0.016,26.500999999999998,-0.00923790962002096
0.016,27.000999999999998,-0.008940744663694315
0.016,27.500999999999998,-0.008664782601164125
0.016,28.000999999999998,-0.00840866998200179
0.016,28.500999999999998,-0.008171163125162454
0.016,29.000999999999998,-0.00795111778341142
0.016,29.500999999999998,-0.007747479936719839
0.016,30.000999999999998,-0.00755927757557317
0.016,30.500999999999998,-0.00738561335422282
0.016,31.000999999999998,-0.0072256580101047775
0.016,31.500999999999998,-0.007078644459469784
0.016,32.001,-0.0069438624910410154
0.016,32.501,-0.006820653989618099
0.016,33.001,-0.006708408630196193
0.016,33.501,-0.006606559990628574
0.016,34.001,-0.006514582037280412
0.016,34.501,-0.006431985943681176
0.016,35.001,-0.006358317206987429
0.016,35.501,-0.006293153031253336
0.016,36.001,-0.006236099950132613
0.016,36.501,-0.006186791664811321
0.016,37.001,-0.0061448870757298615
0.016,37.501,-0.006110068489087853
0.016,38.001,-0.006082039981233758
0.016,38.501,-0.00606052590592859
0.016,39.001,-0.0060452695310985564
0.016,39.501,-0.006036031793155053
0.021,0.001,-0.1260810569940603
0.021,0.501,-0.13249336028340075
0.021,1.001,-0.14020960156966425
0.021,1.501,-0.14981259529657753
0.021,2.001,-0.16238178736925094
0.021,2.501,-0.18030424644524737
0.021,3.001,-0.2111564284364595
0.021,3.501,-0.29314932365223456
0.021,4.0009999999999994,-0.23856101841838537
0.021,4.5009999999999994,-0.19805729843472297
0.021,5.0009999999999994,-0.16705514115821424
0.021,5.5009999999999994,-0.14272933998821463
0.021,6.0009999999999994,-0.12325132914663142
0.021,6.5009999999999994,-0.10738984966864465
0.021,7.0009999999999994,-0.09428821514134317
0.021,7.5009999999999994,-0.08333367036535781
0.021,8.001,-0.07407747170665478
0.021,8.501,-0.06618421584188865
0.021,9.001,-0.0593987080576803
0.021,9.501,-0.053523710426934386
0.021,10.001,-0.04840464103154832
0.021,10.501,-0.0439188311274846
0.021,11.001,-0.03996784084021823
0.021,11.501,-0.036471870030324434
0.021,12.001,-0.0333656312947858
0.021,12.501,-0.030595260611125757
0.021,13.001,-0.02811597569648245
0.021,13.501,-0.025890280722719768
0.021,14.001,-0.023886575386879463
0.021,14.501,-0.0220780667812926
0.021,15.001,-0.02044191048798738
0.021,15.501,-0.0189585269526346
0.021,16.000999999999998,-0.01761105314554521
0.021,16.500999999999998,-0.01638489955401333
0.021,17.000999999999998,-0.015267389851630682
0.021,17.500999999999998,-0.01424746595756056
0.021,18.000999999999998,-0.013315445183091554
0.021,18.500999999999998,-0.012462819147816238
0.021,19.000999999999998,-0.011682086403336712
0.021,19.500999999999998,-0.010966612420750935
0.021,20.000999999999998,-0.010310511917204567
0.021,20.500999999999998,-0.009708549516685247
0.021,21.000999999999998,-0.0091560555342095
0.021,21.500999999999998,-0.008648854294669453
0.021,22.000999999999998,-0.008183202888055977
0.021,22.500999999999998,-0.007755738651693589
0.021,23.000999999999998,-0.007363433980236388
0.021,23.500999999999998,-0.007003557312758861
0.021,24.000999999999998,-0.006673639346560532
0.021,24.500999999999998,-0.006371443689420608
0.021,25.000999999999998,-0.006094941293906812
0.021,25.500999999999998,-0.005842288125031453
0.021,26.000999999999998,-0.005611805600917424
0.021,26.500999999999998,-0.005401963418876617
0.021,27.000999999999998,-0.005211364439485319
0.021,27.500999999999998,-0.005038731351159946
0.021,28.000999999999998,-0.004882894879324681
0.021,28.500999999999998,-0.004742783338997688
0.021,29.000999999999998,-0.004617413358788618
0.021,29.500999999999998,-0.004505881628786033
0.021,30.000999999999998,-0.004407357545503997
0.021,30.500999999999998,-0.004321076644567344
0.021,31.000999999999998,-0.004246334726652291
0.021,31.500999999999998,-0.0041824825948575325
0.021,32.001,-0.004128921332457265
0.021,32.501,-0.004085098059227389
0.021,33.001,-0.004050502112443989
0.021,33.501,-0.004024661605471394
0.021,34.001,-0.0040071403227150484
0.021,34.501,-0.003997534914795944
0.021,35.001,-0.003995472362181306
0.021,35.501,-0.004000607679326182
0.021,36.001,-0.004012621834691095
0.021,36.501,-0.004031219864893808
0.021,37.001,-0.004056129163769288
0.021,37.501,-0.004087097929337764
0.021,38.001,-0.004123893753602271
0.021,38.501,-0.0041663023418237605
0.021,39.001,-0.004214126349405652
0.021,39.501,-0.004267184325869061
0.026000000000000002,0.001,-0.15054977705106218
0.026000000000000002,0.501,-0.15993660513597113
0.026000000000000002,1.001,-0.17174488507837476
0.026000000000000002,1.501,-0.18743535173324502
0.026000000000000002,2.001,-0.2103590107114702
0.026000000000000002,2.501,-0.25207458246036135
0.026000000000000002,3.001,-0.3375923735533796
0.026000000000000002,3.501,-0.2654994648801393
0.026000000000000002,4.0009999999999994,-0.21431340906695134
0.026000000000000002,4.5009999999999994,-0.17648149215043618
0.026000000000000002,5.0009999999999994,-0.14763524294497166
0.026000000000000002,5.5009999999999994,-0.12508715716903712
0.026000000000000002,6.0009999999999994,-0.10710117721639471
0.026000000000000002,6.5009999999999994,-0.0925105359606645
0.026000000000000002,7.0009999999999994,-0.08050490761274258
0.026000000000000002,7.5009999999999994,-0.07050573567903384
0.026000000000000002,8.001,-0.062090066275910086
0.026000000000000002,8.501,-0.054942318635225695
0.026000000000000002,9.001,-0.04882278960365499
0.026000000000000002,9.501,-0.04354652671158508
0.026000000000000002,10.001,-0.038968818385771556
0.026000000000000002,10.501,-0.03497501852259637
0.026000000000000002,11.001,-0.03147327651504664
0.026000000000000002,11.501,-0.02838925554126214
0.026000000000000002,12.001,-0.025662236977589237
0.026000000000000002,12.501,-0.02324220753050567
0.026000000000000002,13.001,-0.021087653809489015
0.026000000000000002,13.501,-0.019163873325702477
0.026000000000000002,14.001,-0.017441667327898314
0.026000000000000002,14.501,-0.015896319303771292
0.026000000000000002,15.001,-0.01450678953130985
0.026000000000000002,15.501,-0.013255074681736291
0.026000000000000002,16.000999999999998,-0.012125694697417713
0.026000000000000002,16.500999999999998,-0.01110527867216516
0.026000000000000002,17.000999999999998,-0.010182228369954645
0.026000000000000002,17.500999999999998,-0.009346443092983756
0.026000000000000002,18.000999999999998,-0.008589093374424837
0.026000000000000002,18.500999999999998,-0.007902433789444944
0.026000000000000002,19.000999999999998,-0.007279647306053074
0.026000000000000002,19.500999999999998,-0.006714715217300285
0.026000000000000002,20.000999999999998,-0.006202307939019894
0.026000000000000002,20.500999999999998,-0.005737692917410588
0.026000000000000002,21.000999999999998,-0.005316656637710013
0.026000000000000002,21.500999999999998,-0.004935438310050575
0.026000000000000002,22.000999999999998,-0.004590673269326516
0.026000000000000002,22.500999999999998,-0.004279344491015212
0.026000000000000002,23.000999999999998,-0.00399874091582612
0.026000000000000002,23.500999999999998,-0.003746421509094544
0.026000000000000002,24.000999999999998,-0.003520184168468417
0.026000000000000002,24.500999999999998,-0.0033180387452224416
0.026000000000000002,25.000999999999998,-0.0031381835678971235
0.026000000000000002,25.500999999999998,-0.002978984957653856
0.026000000000000002,26.000999999999998,-0.0028389593072862263
0.026000000000000002,26.500999999999998,-0.0027167573637693274
0.026000000000000002,27.000999999999998,-0.0026111504103569737
0.026000000000000002,27.500999999999998,-0.002521018090806391
0.026000000000000002,28.000999999999998,-0.0024453376570517404
0.026000000000000002,28.500999999999998,-0.0023831744540004337
0.026000000000000002,29.000999999999998,-0.0023336734822688426
0.026000000000000002,29.500999999999998,-0.0022960519024505313
0.026000000000000002,30.000999999999998,-0.0022695923637409306
0.026000000000000002,30.500999999999998,-0.002253637056007153
0.026000000000000002,31.000999999999998,-0.0022475823981743318
0.026000000000000002,31.500999999999998,-0.0022508742875368692
0.026000000000000002,32.001,-0.0022630038446081954
0.026000000000000002,32.501,-0.0022835035966779008
0.026000000000000002,33.001,-0.002311944050583173
0.026000000000000002,33.501,-0.0023479306115100004
0.026000000000000002,34.001,-0.0023911008100727035
0.026000000000000002,34.501,-0.002441121804613377
0.026000000000000002,35.001,-0.0024976881297363376
0.026000000000000002,35.501,-0.002560519665611133
0.026000000000000002,36.001,-0.0026293598056614884
0.026000000000000002,36.501,-0.002703973802926224
0.026000000000000002,37.001,-0.002784147277730308
0.026000000000000002,37.501,-0.002869684871358899
0.026000000000000002,38.001,-0.0029604090322280646
0.026000000000000002,38.501,-0.003056158922655223
0.026000000000000002,39.001,-0.0031567894357290537
0.026000000000000002,39.501,-0.0032621703130476364
0.031000000000000003,0.001,-0.17405158758370282
0.031000000000000003,0.501,-0.18687965543980964
0.031000000000000003,1.001,-0.2037682326734501
0.031000000000000003,1.501,-0.22795344864186035
0.031000000000000003,2.001,-0.2692896601728449
0.031000000000000003,2.501,-0.4134248096883983
0.031000000000000003,3.001,-0.3113798501009827
0.031000000000000003,3.501,-0.2429833675557427
0.031000000000000003,4.0009999999999994,-0.1946000418471063
0.031000000000000003,4.5009999999999994,-0.15896897013120304
0.031000000000000003,5.0009999999999994,-0.13189847189585957
0.031000000000000003,5.5009999999999994,-0.11081451509895981
0.031000000000000003,6.0009999999999994,-0.09405727502603817
0.031000000000000003,6.5009999999999994,-0.08051313121170264
0.031000000000000003,7.0009999999999994,-0.06940996333008223
0.031000000000000003,7.5009999999999994,-0.06019739791794569
0.031000000000000003,8.001,-0.05247373429883183
0.031000000000000003,8.501,-0.04593972727616566
0.031000000000000003,9.001,-0.04036844001666097
0.031000000000000003,9.501,-0.0355850441572466
0.031000000000000003,10.001,-0.03145296189318823
0.031000000000000003,10.501,-0.027864158173021167
0.031000000000000003,11.001,-0.02473221219410509
0.031000000000000003,11.501,-0.021987289053160074
0.031000000000000003,12.001,-0.019572434877350595
0.031000000000000003,12.501,-0.01744080940869656
0.031000000000000003,13.001,-0.01555359283743786
0.031000000000000003,13.501,-0.013878384393959945
0.031000000000000003,14.001,-0.012387964219405717
0.031000000000000003,14.501,-0.011059326780415893
0.031000000000000003,15.001,-0.009872919476160091
0.031000000000000003,15.501,-0.008812037867563849
0.031000000000000003,16.000999999999998,-0.007862341578360642
0.031000000000000003,16.500999999999998,-0.007011463982579726
0.031000000000000003,17.000999999999998,-0.006248695378031429
0.031000000000000003,17.500999999999998,-0.005564724179171501
0.031000000000000003,18.000999999999998,-0.004951424245940944
0.031000000000000003,18.500999999999998,-0.0044016791459228
0.031000000000000003,19.000999999999998,-0.003909236169977931
0.031000000000000003,19.500999999999998,-0.003468584460439336
0.031000000000000003,20.000999999999998,-0.003074852790620461
0.031000000000000003,20.500999999999998,-0.002723723445276549
0.031000000000000003,21.000999999999998,-0.002411359359834997
0.031000000000000003,21.500999999999998,-0.002134342230316076
0.031000000000000003,22.000999999999998,-0.0018896197421498367
0.031000000000000003,22.500999999999998,-0.0016744604115634526
0.031000000000000003,23.000999999999998,-0.0014864148083472348
0.031000000000000003,23.500999999999998,-0.001323282149037059
0.031000000000000003,24.000999999999998,-0.0011830814267617396
0.031000000000000003,24.500999999999998,-0.001064026387274139
0.031000000000000003,25.000999999999998,-0.0009645037770348031
0.031000000000000003,25.500999999999998,-0.0008830543841513439
0.031000000000000003,26.000999999999998,-0.0008183564707411675
0.031000000000000003,26.500999999999998,-0.0007692112592432784
0.031000000000000003,27.000999999999998,-0.0007345301880379018
0.031000000000000003,27.500999999999998,-0.0007133236955035038
0.031000000000000003,28.000999999999998,-0.0007046913280612729
0.031000000000000003,28.500999999999998,-0.0007078129981525211
0.031000000000000003,29.000999999999998,-0.0007219412435506591
0.031000000000000003,29.500999999999998,-0.0007463943608066424
0.031000000000000003,30.000999999999998,-0.0007805503036361454
0.031000000000000003,30.500999999999998,-0.000823841252319147
0.031000000000000003,31.000999999999998,-0.0008757487730783296
0.031000000000000003,31.500999999999998,-0.0009357994974102226
0.031000000000000003,32.001,-0.0010035612606942483
0.031000000000000003,32.501,-0.0010786396474234507
0.031000000000000003,33.001,-0.001160674897258533
0.031000000000000003,33.501,-0.0012493391320178128
0.031000000000000003,34.001,-0.001344333868792645
0.031000000000000003,34.501,-0.0014453877887812498
0.031000000000000003,35.001,-0.0015522547352394209
0.031000000000000003,35.501,-0.0016647119172604613
0.031000000000000003,36.001,-0.0017825582989768867
0.031000000000000003,36.501,-0.001905613156309216
0.031000000000000003,37.001,-0.0020337147855878646
0.031000000000000003,37.501,-0.0021667193503358793
0.031000000000000003,38.001,-0.0023044998542132433
0.031000000000000003,38.501,-0.0024469452296613133
0.031000000000000003,39.001,-0.002593959533148559
0.031000000000000003,39.501,-0.0027454612391464876
0.036000000000000004,0.001,-0.1967439924816437
0.036000000000000004,0.501,-0.21346270078990037
0.036000000000000004,1.001,-0.23653407908294577
0.036000000000000004,1.501,-0.27260994146928513
0.036000000000000004,2.001,-0.3533296766764658
0.036000000000000004,2.501,-0.38703716284351203
0.036000000000000004,3.001,-0.28933301133879885
0.036000000000000004,3.501,-0.22407657911615425
0.036000000000000004,4.0009999999999994,-0.1780739102240461
0.036000000000000004,4.5009999999999994,-0.1443120648560171
0.036000000000000004,5.0009999999999994,-0.11874959398401853
0.036000000000000004,5.5009999999999994,-0.09890889309634418
0.036000000000000004,6.0009999999999994,-0.0831949201015281
0.036000000000000004,6.5009999999999994,-0.0705392185851153
0.036000000000000004,7.0009999999999994,-0.060202135064648166
0.036000000000000004,7.5009999999999994,-0.051657245639279786
0.036000000000000004,8.001,-0.044520910051708745
0.036000000000000004,8.501,-0.03850776439350248
0.036000000000000004,9.001,-0.0334017198965362
0.036000000000000004,9.501,-0.029036550878318232
0.036000000000000004,10.001,-0.025282590825316704
0.036000000000000004,10.501,-0.02203742199562131
0.036000000000000004,11.001,-0.01921923711055966
0.036000000000000004,11.501,-0.01676202632320319
0.036000000000000004,12.001,-0.014612034428805362
0.036000000000000004,12.501,-0.01272511705919823
0.036000000000000004,13.001,-0.01106474291765168
0.036000000000000004,13.501,-0.009600466808729561
0.036000000000000004,14.001,-0.008306750174886676
0.036000000000000004,14.501,-0.007162041176307735
0.036000000000000004,15.001,-0.00614805073580499
0.036000000000000004,15.501,-0.005249178042428693
0.036000000000000004,16.000999999999998,-0.004452051115476863
0.036000000000000004,16.500999999999998,-0.003745156722452278
0.036000000000000004,17.000999999999998,-0.0031185402543671527
0.036000000000000004,17.500999999999998,-0.0025635607907533785
0.036000000000000004,18.000999999999998,-0.002072690015938003
0.036000000000000004,18.500999999999998,-0.0016393462120411033
0.036000000000000004,19.000999999999998,-0.0012577564876169647
0.036000000000000004,19.500999999999998,-0.0009228418708777629
0.036000000000000004,20.000999999999998,-0.0006301210226020426
0.036000000000000004,20.500999999999998,-0.0003756291928717313
0.036000000000000004,21.000999999999998,-0.00015584972100031458
0.036000000000000004,21.500999999999998,0.000032344093976247046
0.036000000000000004,22.000999999999998,0.000191738509402151
0.036000000000000004,22.500999999999998,0.00032482167004816917
0.036000000000000004,23.000999999999998,0.00043381992076381437
0.036000000000000004,23.500999999999998,0.0005207290580463569
0.036000000000000004,24.000999999999998,0.0005873413094752075
0.036000000000000004,24.500999999999998,0.0006352686939439037
0.036000000000000004,25.000999999999998,0.0006659633052040169
0.036000000000000004,25.500999999999998,0.0006807349712144401
0.036000000000000004,26.000999999999998,0.0006807666680808625
0.036000000000000004,26.500999999999998,0.0006671280067851865
0.036000000000000004,27.000999999999998,0.0006407870608921423
0.036000000000000004,27.500999999999998,0.0006026207619980739
0.036000000000000004,28.000999999999998,0.0005534240552515987
0.036000000000000004,28.500999999999998,0.0004939179785460324
0.036000000000000004,29.000999999999998,0.000424756804925458
0.036000000000000004,29.500999999999998,0.0003465343675618446
0.036000000000000004,30.000999999999998,0.00025978966963777217
0.036000000000000004,30.500999999999998,0.00016501186709231425
0.036000000000000004,31.000999999999998,0.00006264470000554717
0.036000000000000004,31.500999999999998,-0.00004690956196848339
0.036000000000000004,32.001,-0.00016328660353856841
0.036000000000000004,32.501,-0.00028615692805586575
0.036000000000000004,33.001,-0.0004152230595791584
0.036000000000000004,33.501,-0.0005502170457486822
0.036000000000000004,34.001,-0.0006908982292835666
0.036000000000000004,34.501,-0.0008370512600841765
0.036000000000000004,35.001,-0.0009884843235239329
0.036000000000000004,35.501,-0.0011450275636644934
0.036000000000000004,36.001,-0.001306531682871143
0.036000000000000004,36.501,-0.0014728667017319076
0.036000000000000004,37.001,-0.0016439208652997573
0.036000000000000004,37.501,-0.0018195996835890516
0.036000000000000004,38.001,-0.0019998250959230093
0.036000000000000004,38.501,-0.0021845347502752813
0.036000000000000004,39.001,-0.0023736813901028414
0.036000000000000004,39.501,-0.002567232342451986
0.041,0.001,-0.21874022914766583
0.041,0.501,-0.23978715943115242
0.041,1.001,-0.27029146966606227
0.041,1.501,-0.32338539864019544
0.041,2.001,-0.5166204011225262
0.041,2.501,-0.36431131302337133
0.041,3.001,-0.270377027729079
0.041,3.501,-0.20784735891848252
0.041,4.0009999999999994,-0.16391177124260375
0.041,4.5009999999999994,-0.13177274229511185
0.041,5.0009999999999994,-0.10751933876284935
0.041,5.5009999999999994,-0.08875772938586496
0.041,6.0009999999999994,-0.07394915298977721
0.041,6.5009999999999994,-0.06206438969520428
0.041,7.0009999999999994,-0.05239199130585393
0.041,7.5009999999999994,-0.044426339454643575
0.041,8.001,-0.03779948300406455
0.041,8.501,-0.032238116428043494
0.041,9.001,-0.02753557418257864
0.041,9.501,-0.023533103133944314
0.041,10.001,-0.02010703995709033
0.041,10.501,-0.01715984600655725
0.041,11.001,-0.014613721128352311
0.041,11.501,-0.012405977693046605
0.041,12.001,-0.010485638616199625
0.041,12.501,-0.008810900940131372
0.041,13.001,-0.007347220948536008
0.041,13.501,-0.006065851863073242
0.041,14.001,-0.004942715344299402
0.041,14.501,-0.003957522109824237
0.041,15.001,-0.0030930805013045237
0.041,15.501,-0.002334748286930574
0.041,16.000999999999998,-0.0016699946495388196
0.041,16.500999999999998,-0.0010880476781405177
0.041,17.000999999999998,-0.0005796087515154598
0.041,17.500999999999998,-0.00013661965349262561
0.041,18.000999999999998,0.0002479284450795788
0.041,18.500999999999998,0.00058015254028497
0.041,19.000999999999998,0.0008654084317837596
0.041,19.500999999999998,0.001108399578775808
0.041,20.000999999999998,0.001313268232221724
0.041,20.500999999999998,0.0014836720675778098
0.041,21.000999999999998,0.0016228488957128057
0.041,21.500999999999998,0.0017336715243324655
0.041,22.000999999999998,0.0018186944448422837
0.041,22.500999999999998,0.0018801937052592005
0.041,23.000999999999998,0.00192020107975867
0.041,23.500999999999998,0.0019405334455466702
0.041,24.000999999999998,0.001942818117077437
0.041,24.500999999999998,0.0019285147578997006
0.041,25.000999999999998,0.001898934385172947
0.041,25.500999999999998,0.0018552558961172638
0.041,26.000999999999998,0.0017985404754846425
0.041,26.500999999999998,0.0017297441854786585
0.041,27.000999999999998,0.0016497289919799457
0.041,27.500999999999998,0.001559272441557076
0.041,28.000999999999998,0.0014590761710104316
0.041,28.500999999999998,0.0013497734039302073
0.041,29.000999999999998,0.001231935565886369
0.041,29.500999999999998,0.0011060781307260098
0.041,30.000999999999998,0.0009726657943026212
0.041,30.500999999999998,0.0008321170583174796
0.041,31.000999999999998,0.0006848082954057921
0.041,31.500999999999998,0.0005310773567651986
0.041,32.001,0.00037122677524963413
0.041,32.501,0.00020552660968074093
0.041,33.001,0.00003421696997934695
0.041,33.501,-0.000142489742584382
0.041,34.001,-0.00032440685029282157
0.041,34.501,-0.0005113716432871944
0.041,35.001,-0.000703243830985429
0.041,35.501,-0.0008999041813525302
0.041,36.001,-0.0011012533314255155
0.041,36.501,-0.0013072107548668596
0.041,37.001,-0.0015177138744141491
0.041,37.501,-0.0017327173089989809
0.041,38.001,-0.0019521922470287223
0.041,38.501,-0.002176125938903345
0.041,39.001,-0.002404521303316434
0.041,39.501,-0.0026373966432874096
0.046,0.001,-0.24012567115788314
0.046,0.501,-0.2659305927993111
0.046,1.001,-0.30530784527568816
0.046,1.501,-0.38400321758546146
0.046,2.001,-0.49180228548613125
0.046,2.501,-0.3444117766216615
0.046,3.001,-0.2538062963108251
0.046,3.501,-0.1936840674808875
0.046,4.0009999999999994,-0.15157324275235673
0.046,4.5009999999999994,-0.12086658853223109
0.046,5.0009999999999994,-0.09776846294063576
0.046,5.5009999999999994,-0.07995903556583739
0.046,6.0009999999999994,-0.06594926008081547
0.046,6.5009999999999994,-0.054744574853964126
0.046,7.0009999999999994,-0.04565844523330609
0.046,7.5009999999999994,-0.038203629719354426
0.046,8.001,-0.03202603444914211
0.046,8.501,-0.026863004011435935
0.046,9.001,-0.022516195298609515
0.046,9.501,-0.018833454592818488
0.046,10.001,-0.01569642014356665
0.046,10.501,-0.013011862034184751
0.046,11.001,-0.010705518702951652
0.046,11.501,-0.00871763621613808
0.046,12.001,-0.006999690668117713
0.046,12.501,-0.005511946618400307
0.046,13.001,-0.004221615412577165
0.046,13.501,-0.003101449996935568
0.046,14.001,-0.0021286614337186066
0.046,14.501,-0.0012840753242037012
0.046,15.001,-0.0005514690999519831
0.046,15.501,0.00008295294725126252
0.046,16.000999999999998,0.0006309787554831109
0.046,16.500999999999998,0.001102725480250366
0.046,17.000999999999998,0.0015069122972536236
0.046,17.500999999999998,0.0018510826443203787
0.046,18.000999999999998,0.0021417863493094023
0.046,18.500999999999998,0.002384729718061633
0.046,19.000999999999998,0.002584899869214459
0.046,19.500999999999998,0.002746668245424924
0.046,20.000999999999998,0.0028738771919200393
0.046,20.500999999999998,0.0029699126927220376
0.046,21.000999999999998,0.00303776573359223
0.046,21.500999999999998,0.0030800842754206944
0.046,22.000999999999998,0.0030992174403561036
0.046,22.500999999999998,0.0030972532114409215
0.046,23.000999999999998,0.0030760507067983042
0.046,23.500999999999998,0.003037267897863953
0.046,24.000999999999998,0.0029823854872787006
0.046,24.500999999999998,0.0029127275378726253
0.046,25.000999999999998,0.0028294793434797995
0.046,25.500999999999998,0.0027337029503092802
0.046,26.000999999999998,0.0026263506705259294
0.046,26.500999999999998,0.00250827687461405
0.046,27.000999999999998,0.002380248303685311
0.046,27.500999999999998,0.0022429531053022975
0.046,28.000999999999998,0.0020970087651803
0.046,28.500999999999998,0.0019429690811080748
0.046,29.000999999999998,0.001781330303660844
0.046,29.500999999999998,0.0016125365500082771
0.046,30.000999999999998,0.0014369845817478345
0.046,30.500999999999998,0.0012550280246877632
0.046,31.000999999999998,0.0010669810974890583
0.046,31.500999999999998,0.0008731219067140607
0.046,32.001,0.0006736953578194195
0.046,32.501,0.00046891572479449545
0.046,33.001,0.00025896891524904587
0.046,33.501,0.00004401446267721359
0.046,34.001,-0.00017581272679200767
0.046,34.501,-0.00040040084967912434
0.046,35.001,-0.0006296598823772072
0.046,35.501,-0.0008635204431779696
0.046,36.001,-0.0011019328246199313
0.046,36.501,-0.0013448661840506602
0.046,37.001,-0.0015923078824462839
0.046,37.501,-0.0018442629635227886
0.046,38.001,-0.002100753767012964
0.046,38.501,-0.0023618196717426834
0.046,39.001,-0.0026275169658339023
0.046,39.501,-0.002897918843029132
0.051,0.001,-0.260967003722758
0.051,0.501,-0.2919549743443121
0.051,1.001,-0.3418913508053789
0.051,1.501,-0.46358848828850674
0.051,2.001,-0.4697504060352645
0.051,2.501,-0.3267602078486871
0.051,3.001,-0.2391323964504794
0.051,3.501,-0.18116334997216654
0.051,4.0009999999999994,-0.1406843180026708
0.051,4.5009999999999994,-0.11125836024287454
0.051,5.0009999999999994,-0.08919301071685784
0.051,5.5009999999999994,-0.07223466232879497
0.051,6.0009999999999994,-0.05893875752077479
0.051,6.5009999999999994,-0.0483417487318894
0.051,7.0009999999999994,-0.039779394591472554
0.051,7.5009999999999994,-0.03278089713410724
0.051,8.001,-0.027004561477379493
0.051,8.501,-0.02219726119336686
0.051,9.001,-0.018168099239782787
0.051,9.501,-0.014770826169005463
0.051,10.001,-0.011891823202724805
0.051,10.501,-0.009441715037293949
0.051,11.001,-0.007349405662417791
0.051,11.501,-0.005557765500859681
0.051,12.001,-0.004020465108700702
0.051,12.501,-0.0026996184910693596
0.051,13.001,-0.0015640069284499035
0.051,13.501,-0.0005877248997196438
0.051,14.001,0.000250863125178212
0.051,14.501,0.0009699342256126314
0.051,15.001,0.0015848440383317702
0.051,15.501,0.002108630945308408
0.051,16.000999999999998,0.0025524182341552792
0.051,16.500999999999998,0.0029257371989239705
0.051,17.000999999999998,0.003236788478299054
0.051,17.500999999999998,0.0034926547751682607
0.051,18.000999999999998,0.0036994750301478085
0.051,18.500999999999998,0.0038625878291548427
0.051,19.000999999999998,0.003986650099237217
0.051,19.500999999999998,0.004075735836902589
0.051,20.000999999999998,0.004133418611301709
0.051,20.500999999999998,0.004162840812792563
0.051,21.000999999999998,0.004166772018721343
0.051,21.500999999999998,0.0041476583808631
0.051,22.000999999999998,0.004107664571808153
0.051,22.500999999999998,0.004048709537498901
0.051,23.000999999999998,0.003972497072614943
0.051,23.500999999999998,0.003880542051417092
0.051,24.000999999999998,0.00377419299886153
0.051,24.500999999999998,0.0036546515675639577
0.051,25.000999999999998,0.0035229893895798343
0.051,25.500999999999998,0.003380162693310186
0.051,26.000999999999998,0.0032270250115434412
0.051,26.500999999999998,0.003064338253869897
0.051,27.000999999999998,0.0028927823732098623
0.051,27.500999999999998,0.002712963820213958
0.051,28.000999999999998,0.0025254229494131725
0.051,28.500999999999998,0.0023306405161205093
0.051,29.000999999999998,0.0021290433822355737
0.051,29.500999999999998,0.001921009531653941
0.051,30.000999999999998,0.0017068724812544893
0.051,30.500999999999998,0.0014869251610049941
0.051,31.000999999999998,0.0012614233261734695
0.051,31.500999999999998,0.0010305885556578555
0.051,32.001,0.0007946108827579989
0.051,32.501,0.00055365109813745
0.051,33.001,0.0003078427590238941
0.051,33.501,0.0000572939337852036
0.051,34.001,-0.00019791129329590693
0.051,34.501,-0.0004577115359903211
0.051,35.001,-0.000722067021125393
0.051,35.501,-0.0009909586898964387
0.051,36.001,-0.0012643874734782484
0.051,36.501,-0.0015423737333946919
0.051,37.001,-0.0018249568594183932
0.051,37.501,-0.0021121950199622166
0.051,38.001,-0.002404165062033295
0.051,38.501,-0.00270096255991685
0.051,39.001,-0.0030027020138515548
0.051,39.501,-0.003309517202150891
0.055999999999999994,0.001,-0.2813177632256605
0.055999999999999994,0.501,-0.31791164911071434
0.055999999999999994,1.001,-0.38041780556160487
0.055999999999999994,1.501,-0.6109173818651095
0.055999999999999994,2.001,-0.44995186423933764
0.055999999999999994,2.501,-0.3109395204058928
0.055999999999999994,3.001,-0.22600310973448082
0.055999999999999994,3.501,-0.16997992875954415
0.055999999999999994,4.0009999999999994,-0.13097532412850135
0.055999999999999994,4.5009999999999994,-0.1027063546811007
0.055999999999999994,5.0009999999999994,-0.08157385670921645
0.055999999999999994,5.5009999999999994,-0.06538410763871907
0.055999999999999994,6.0009999999999994,-0.052732779103537186
0.055999999999999994,6.5009999999999994,-0.04268436723151952
0.055999999999999994,7.0009999999999994,-0.03459478805262722
0.055999999999999994,7.5009999999999994,-0.028008111137626752
0.055999999999999994,8.001,-0.02259385178558922
0.055999999999999994,8.501,-0.018107498580872655
0.055999999999999994,9.001,-0.014364886092188472
0.055999999999999994,9.501,-0.011225102418876143
0.055999999999999994,10.001,-0.008578816342362641
0.055999999999999994,10.501,-0.006340136940253836
0.055999999999999994,11.001,-0.004440829618688538
0.055999999999999994,11.501,-0.002826136956614468
0.055999999999999994,12.001,-0.0014517130440135778
0.055999999999999994,12.501,-0.00028134354345807355
0.055999999999999994,13.001,0.0007147712561122593
0.055999999999999994,13.501,0.0015613243070664792
0.055999999999999994,14.001,0.0022789085946373633
0.055999999999999994,14.501,0.00288479971283509
0.055999999999999994,15.001,0.0033935696367178234
0.055999999999999994,15.501,0.003817572121413951
0.055999999999999994,16.000999999999998,0.004167329556844145
0.055999999999999994,16.500999999999998,0.0044518435138558715
0.055999999999999994,17.000999999999998,0.004678845717528031
0.055999999999999994,17.500999999999998,0.004855002157615654
0.055999999999999994,18.000999999999998,0.004986080070348002
0.055999999999999994,18.500999999999998,0.005077085305850991
0.055999999999999994,19.000999999999998,0.005132375925086342
0.055999999999999994,19.500999999999998,0.005155756602996525
0.055999999999999994,20.000999999999998,0.005150557445883296
0.055999999999999994,20.500999999999998,0.0051197000852007055
0.055999999999999994,21.000999999999998,0.0050657533316941575
0.055999999999999994,21.500999999999998,0.0049909802226345435
0.055999999999999994,22.000999999999998,0.004897377940640511
0.055999999999999994,22.500999999999998,0.00478671180284411
0.055999999999999994,23.000999999999998,0.0046605442969812755
0.055999999999999994,23.500999999999998,0.004520259963646869
0.055999999999999994,24.000999999999998,0.004367086781635894
0.055999999999999994,24.500999999999998,0.0042021145985452965
0.055999999999999994,25.000999999999998,0.0040263110558819495
0.055999999999999994,25.500999999999998,0.003840535382276175
0.055999999999999994,26.000999999999998,0.0036455503666265945
0.055999999999999994,26.500999999999998,0.0034420327722845326
0.055999999999999994,27.000999999999998,0.0032305824116330636
0.055999999999999994,27.500999999999998,0.0030117300658555057
0.055999999999999994,28.000999999999998,0.0027859444060270855
0.055999999999999994,28.500999999999998,0.002553638047776856
0.055999999999999994,29.000999999999998,0.0023151728517625952
0.055999999999999994,29.500999999999998,0.0020708645654566177
0.055999999999999994,30.000999999999998,0.001820986887589894
0.055999999999999994,30.500999999999998,0.0015657750246556579
0.055999999999999994,31.000999999999998,0.00130542879872352
0.055999999999999994,31.500999999999998,0.0010401153571527452
0.055999999999999994,32.001,0.0007699715273741508
0.055999999999999994,32.501,0.0004951058535174191
0.055999999999999994,33.001,0.00021560034611569495
0.055999999999999994,33.501,-0.00006848802871741583
0.055999999999999994,34.001,-0.00035712609850243465
0.055999999999999994,34.501,-0.0006503034536465141
0.055999999999999994,35.001,-0.0009480316217911205
0.055999999999999994,35.501,-0.001250343435404283
0.055999999999999994,36.001,-0.0015572925836482218
0.055999999999999994,36.501,-0.001868953342262114
0.055999999999999994,37.001,-0.002185420477805927
0.055999999999999994,37.501,-0.0025068093251863766
0.055999999999999994,38.001,-0.00283325603996807
0.055999999999999994,38.501,-0.0031649180296533354
0.055999999999999994,39.001,-0.003501974570924354
0.055999999999999994,39.501,-0.0038446276229021775
0.06099999999999999,0.001,-0.3012218816660541
0.06099999999999999,0.501,-0.3438444964024539
0.06099999999999999,1.001,-0.42136931298245917
0.06099999999999999,1.501,-0.6818008825913986
0.06099999999999999,2.001,-0.4320244873987835
0.06099999999999999,2.501,-0.29663894333231977
0.06099999999999999,3.001,-0.21415601241820426
0.06099999999999999,3.501,-0.15990636936606234
0.06099999999999999,4.0009999999999994,-0.12224536830858532
0.06099999999999999,4.5009999999999994,-0.09503053086088446
0.06099999999999999,5.0009999999999994,-0.07474779247279265
0.06099999999999999,5.5009999999999994,-0.059258048442976274
0.06099999999999999,6.0009999999999994,-0.04719366030329929
0.06099999999999999,6.5009999999999994,-0.03764469966284356
0.06099999999999999,7.0009999999999994,-0.029985465096813428
0.06099999999999999,7.5009999999999994,-0.023773584060015424
0.06099999999999999,8.001,-0.018688794114513827
0.06099999999999999,8.501,-0.014494439308322421
0.06099999999999999,9.001,-0.011012492067397892
0.06099999999999999,9.501,-0.008106907049952995
0.06099999999999999,10.001,-0.005672262111869979
0.06099999999999999,10.501,-0.0036258430165536093
0.06099999999999999,11.001,-0.0019020238227157524
0.06099999999999999,11.501,-0.000448209664657348
0.06099999999999999,12.001,0.0007781371318890257
0.06099999999999999,12.501,0.0018117070009109892
0.06099999999999999,13.001,0.002681006071967293
0.06099999999999999,13.501,0.0034096218999047495
0.06099999999999999,14.001,0.004017197049793572
0.06099999999999999,14.501,0.004520185261369344
0.06099999999999999,15.001,0.004932444033865696
0.06099999999999999,15.501,0.0052657028927417665
0.06099999999999999,16.000999999999998,0.005529936288203738
0.06099999999999999,16.500999999999998,0.0057336626935721585
0.06099999999999999,17.000999999999998,0.005884186127421235
0.06099999999999999,17.500999999999998,0.005987792413641075
0.06099999999999999,18.000999999999998,0.006049909605067828
0.06099999999999999,18.500999999999998,0.0060752398425457654
0.06099999999999999,19.000999999999998,0.0060678683015010955
0.06099999999999999,19.500999999999998,0.006031353649926505
0.06099999999999999,20.000999999999998,0.005968803503295851
0.06099999999999999,20.500999999999998,0.005882937639775598
0.06099999999999999,21.000999999999998,0.005776141179496902
0.06099999999999999,21.500999999999998,0.005650509495235309
0.06099999999999999,22.000999999999998,0.005507886279363265
0.06099999999999999,22.500999999999998,0.005349895921622286
0.06099999999999999,23.000999999999998,0.005177971137689566
0.06099999999999999,23.500999999999998,0.004993376617308636
0.06099999999999999,24.000999999999998,0.004797229323439827
0.06099999999999999,24.500999999999998,0.004590515963220049
0.06099999999999999,25.000999999999998,0.004374108061930837
0.06099999999999999,25.500999999999998,0.00414877499829631
0.06099999999999999,26.000999999999998,0.003915195299916428
0.06099999999999999,26.500999999999998,0.0036739664488257967
0.06099999999999999,27.000999999999998,0.0034256134069580307
0.06099999999999999,27.500999999999998,0.003170596038053336
0.06099999999999999,28.000999999999998,0.002909315574959083
0.06099999999999999,28.500999999999998,0.002642120258281193
0.06099999999999999,29.000999999999998,0.002369310253108284
0.06099999999999999,29.500999999999998,0.0020911419343712387
0.06099999999999999,30.000999999999998,0.0018078316177967018
0.06099999999999999,30.500999999999998,0.0015195588018461666
0.06099999999999999,31.000999999999998,0.0012264689762404718
0.06099999999999999,31.500999999999998,0.0009286760442431402
0.06099999999999999,32.001,0.0006262643986588226
0.06099999999999999,32.501,0.0003192906852318503
0.06099999999999999,33.001,7.785281656173815e-6
0.06099999999999999,33.501,-0.0003082464844212235
0.06099999999999999,34.001,-0.0006288233593248135
0.06099999999999999,34.501,-0.0009539874140228194
0.06099999999999999,35.001,-0.001283803509937946
0.06099999999999999,35.501,-0.0016183589716408965
0.06099999999999999,36.001,-0.00195776346135838
0.06099999999999999,36.501,-0.002302149053364298
0.06099999999999999,37.001,-0.0026516705094373066
0.06099999999999999,37.501,-0.003006505759792489
0.06099999999999999,38.001,-0.0033668565972631084
0.06099999999999999,38.501,-0.0037329495961590867
0.06099999999999999,39.001,-0.004105037271222675
0.06099999999999999,39.501,-0.004483399496603667
0.06599999999999999,0.001,-0.32071606091440813
0.06599999999999999,0.501,-0.36979205036506285
0.06599999999999999,1.001,-0.4653962286610102
0.06599999999999999,1.501,-0.6600037404752774
0.06599999999999999,2.001,-0.4156758179328096
0.06599999999999999,2.501,-0.2836206686608794
0.06599999999999999,3.001,-0.2033903047026978
0.06599999999999999,3.501,-0.15076865743977022
0.06599999999999999,4.0009999999999994,-0.11434075617925404
0.06599999999999999,4.5009999999999994,-0.08809315933763434
0.06599999999999999,5.0009999999999994,-0.0685899768787535
0.06599999999999999,5.5009999999999994,-0.053742275901858164
0.06599999999999999,6.0009999999999994,-0.042216119851275685
0.06599999999999999,6.5009999999999994,-0.03312507199643458
0.06599999999999999,7.0009999999999994,-0.025860314959744723
0.06599999999999999,7.5009999999999994,-0.01999192831819386
0.06599999999999999,8.001,-0.015209037759832938
0.06599999999999999,8.501,-0.011282201467458577
0.06599999999999999,9.001,-0.008039028376751694
0.06599999999999999,9.501,-0.005347942011679487
0.06599999999999999,10.001,-0.0031071097141685405
0.06599999999999999,10.501,-0.0012367341179075775
0.06599999999999999,11.001,0.0003264154974445821
0.06599999999999999,11.501,0.001632948426277446
0.06599999999999999,12.001,0.0027237421245152466
0.06599999999999999,12.501,0.0036320878799073926
0.06599999999999999,13.001,0.004385304142473748
0.06599999999999999,13.501,0.00500596355382418
0.06599999999999999,14.001,0.005512836035072313
0.06599999999999999,14.501,0.0059216206953487185
0.06599999999999999,15.001,0.006245518958658186
0.06599999999999999,15.501,0.006495687096886027
0.06599999999999999,16.000999999999998,0.006681596311433176
0.06599999999999999,16.500999999999998,0.0068113213182696385
0.06599999999999999,17.000999999999998,0.00689177319021142
0.06599999999999999,17.500999999999998,0.00692888840702123
0.06599999999999999,18.000999999999998,0.006927783255556229
0.06599999999999999,18.500999999999998,0.006892880629181752
0.06599999999999999,19.000999999999998,0.0068280147023540155
0.06599999999999999,19.500999999999998,0.006736517763927502
0.06599999999999999,20.000999999999998,0.006621292582184503
0.06599999999999999,20.500999999999998,0.0064848729741784
0.06599999999999999,21.000999999999998,0.006329474709509925
0.06599999999999999,21.500999999999998,0.006157038455799471
0.06599999999999999,22.000999999999998,0.005969266141431728
0.06599999999999999,22.500999999999998,0.0057676518495000245
0.06599999999999999,23.000999999999998,0.005553508149255509
0.06599999999999999,23.500999999999998,0.005327988605817652
0.06599999999999999,24.000999999999998,0.005092107076159216
0.06599999999999999,24.500999999999998,0.004846754292459406
0.06599999999999999,25.000999999999998,0.00459271214739259
0.06599999999999999,25.500999999999998,0.004330666025565318
0.06599999999999999,26.000999999999998,0.004061215467870548
0.06599999999999999,26.500999999999998,0.0037848834084391117
0.06599999999999999,27.000999999999998,0.0035021241850731882
0.06599999999999999,27.500999999999998,0.0032133304919904626
0.06599999999999999,28.000999999999998,0.002918839417083357
0.06599999999999999,28.500999999999998,0.002618937683731599
0.06599999999999999,29.000999999999998,0.002313866198604001
0.06599999999999999,29.500999999999998,0.0020038239913057303
0.06599999999999999,30.000999999999998,0.0016889716185174812
0.06599999999999999,30.500999999999998,0.0013694340940825223
0.06599999999999999,31.000999999999998,0.0010453033969424139
0.06599999999999999,31.500999999999998,0.0007166406005938639
0.06599999999999999,32.001,0.0003834776606308071
0.06599999999999999,32.501,0.00004581889071167411
0.06599999999999999,33.001,-0.0002963578482050172
0.06599999999999999,33.501,-0.0006431002254296443
0.06599999999999999,34.001,-0.0009944807694566744
0.06599999999999999,34.501,-0.001350596436905941
0.06599999999999999,35.001,-0.0017115684140712427
0.06599999999999999,35.501,-0.0020775421474357493
0.06599999999999999,36.001,-0.0024486876032493443
0.06599999999999999,36.501,-0.00282519976006973
0.06599999999999999,37.001,-0.0032072993421334087
0.06599999999999999,37.501,-0.0035952338056695135
0.06599999999999999,38.001,-0.003989278594913596
0.06599999999999999,38.501,-0.0043897386897807505
0.06599999999999999,39.001,-0.004796950473067357
0.06599999999999999,39.501,-0.005211283951909604
0.071,0.001,-0.33983142329991306
0.071,0.501,-0.39578898451585676
0.071,1.001,-0.513426591613338
0.071,1.501,-0.6399705753119092
0.071,2.001,-0.40067703367940777
0.071,2.501,-0.27169864130669935
0.071,3.001,-0.19354889579366052
0.071,3.501,-0.14243066734908982
0.071,4.0009999999999994,-0.10714126774865607
0.071,4.5009999999999994,-0.08178651750213203
0.071,5.0009999999999994,-0.0630027768456312
0.071,5.5009999999999994,-0.04874748074893283
0.071,6.0009999999999994,-0.03771783803236503
0.071,6.5009999999999994,-0.029049120636030143
0.071,7.0009999999999994,-0.022148113024723123
0.071,7.5009999999999994,-0.01659640071757107
0.071,8.001,-0.012091783757695762
0.071,8.501,-0.00841148566788921
0.071,9.001,-0.00538832287680642
0.071,9.501,-0.002894847453733966
0.071,10.001,-0.0008325427414320567
0.071,10.501,0.0008756940916207281
0.071,11.001,0.002290881187032214
0.071,11.501,0.003461793719005027
0.071,12.001,0.00442777558644708
0.071,12.501,0.00522082568530504
0.071,13.001,0.005867165402866761
0.071,13.501,0.0063884298881676654
0.071,14.001,0.006802582961412271
0.071,14.501,0.007124626610990961
0.071,15.001,0.007367156142160089
0.071,15.501,0.007540798172967319
0.071,16.000999999999998,0.00765455887375574
0.071,16.500999999999998,0.007716102838336583
0.071,17.000999999999998,0.00773197790619453
0.071,17.500999999999998,0.007707797550383505
0.071,18.000999999999998,0.007648389711440343
0.071,18.500999999999998,0.007557918920786916
0.071,19.000999999999998,0.007439987026727577
0.071,19.500999999999998,0.007297716676906707
0.071,20.000999999999998,0.007133820826228279
0.071,20.500999999999998,0.006950660858942928
0.071,21.000999999999998,0.006750295386950149
0.071,21.500999999999998,0.0065345213760248655
0.071,22.000999999999998,0.006304908929985253
0.071,22.500999999999998,0.006062830809142682
0.071,23.000999999999998,0.005809487558202819
0.071,23.500999999999998,0.00554592895842481
0.071,24.000999999999998,0.005273072390341534
0.071,24.500999999999998,0.00499171858986867
0.071,25.000999999999998,0.004702565196921145
0.071,25.500999999999998,0.004406218427628894
0.071,26.000999999999998,0.004103203145699626
0.071,26.500999999999998,0.0037939715629620972
0.071,27.000999999999998,0.003478910761627624
0.071,27.500999999999998,0.003158349199815561
0.071,28.000999999999998,0.002832562336152821
0.071,28.500999999999998,0.0025017774877930804
0.071,29.000999999999998,0.002166178018206101
0.071,29.500999999999998,0.001825906935942409
0.071,30.000999999999998,0.001481069972751492
0.071,30.500999999999998,0.001131738198502874
0.071,31.000999999999998,0.000777950220976098
0.071,31.500999999999998,0.000419714010475615
0.071,32.001,0.000057008382131885915
0.071,32.501,-0.00031021583752868787
0.071,33.001,-0.0006820349387853322
0.071,33.501,-0.0010585517358795218
0.071,34.001,-0.001439895242101162
0.071,34.501,-0.0018262206063150016
0.071,35.001,-0.0022177093089172234
0.071,35.501,-0.0026145696196468796
0.071,36.001,-0.0030170373242912815
0.071,36.501,-0.0034253767321827944
0.071,37.001,-0.003839881981658029
0.071,37.501,-0.004260878666523235
0.071,38.001,-0.0046887258131890555
0.071,38.501,-0.005123818245814135
0.071,39.001,-0.005566589385745377
0.071,39.501,-0.006017514542189822
0.076,0.001,-0.3585946949330123
0.076,0.501,-0.4218671922364375
0.076,1.001,-0.5668802991191347
0.076,1.501,-0.621463233528967
0.076,2.001,-0.3868457129354607
0.076,2.501,-0.26072454197410155
0.076,3.001,-0.184506564540384
0.076,3.501,-0.13478389821524567
0.076,4.0009999999999994,-0.10055108806519061
0.076,4.5009999999999994,-0.0760247585184716
0.076,5.0009999999999994,-0.05790839350127891
0.076,5.5009999999999994,-0.0442025039568332
0.076,6.0009999999999994,-0.033633231591032535
0.076,6.5009999999999994,-0.02535601392345893
0.076,7.0009999999999994,-0.01879212754592749
0.076,7.5009999999999994,-0.013533845006779052
0.076,8.001,-0.00928702292820013
0.076,8.501,-0.005835075178064558
0.076,9.001,-0.0030156543492569216
0.076,9.501,-0.000705146494777889
0.076,10.001,0.0011918857558176343
0.076,10.501,0.0027500431408972164
0.076,11.001,0.00402828930777227
0.076,11.501,0.005073696396169822
0.076,12.001,0.0059241843751929035
0.076,12.501,0.0066105521437912484
0.076,13.001,0.007158002451182484
0.076,13.501,0.0075872999541333475
0.076,14.001,0.007915659954521571
0.076,14.501,0.008157437081119344
0.076,15.001,0.0083246637407485
0.076,15.501,0.0084274746126754
0.076,16.000999999999998,0.008474443889470044
0.076,16.500999999999998,0.00847285512600389
0.076,17.000999999999998,0.008428918612397487
0.076,17.500999999999998,0.008347947573530985
0.076,18.000999999999998,0.008234501832161744
0.076,18.500999999999998,0.008092505588003993
0.076,19.000999999999998,0.007925344474659667
0.076,19.500999999999998,0.007735945927773845
0.076,20.000999999999998,0.007526846036821251
0.076,20.500999999999998,0.007300245391278382
0.076,21.000999999999998,0.0070580559199761375
0.076,21.500999999999998,0.006801940323717372
0.076,22.000999999999998,0.006533345388814817
0.076,22.500999999999998,0.0062535302229379044
0.076,23.000999999999998,0.0059635902594622064
0.076,23.500999999999998,0.005664477720970167
0.076,24.000999999999998,0.005357019107966925
0.076,24.500999999999998,0.005041930178594209
0.076,25.000999999999998,0.004719828804024412
0.076,25.500999999999998,0.004391246018321294
0.076,26.000999999999998,0.004056635527781608
0.076,26.500999999999998,0.0037163819006845802
0.076,27.000999999999998,0.0033708076220691635
0.076,27.500999999999998,0.0030201791681397847
0.076,28.000999999999998,0.0026647122299468945
0.076,28.500999999999998,0.0023045761951608554
0.076,29.000999999999998,0.00193989797926198
0.076,29.500999999999998,0.001570765282710794
0.076,30.000999999999998,0.0011972293381141402
0.076,30.500999999999998,0.0008193072006563822
0.076,31.000999999999998,0.0004369836257775289
0.076,31.500999999999998,0.00005021256996878137
0.076,32.001,-0.00034108165661821815
0.076,32.501,-0.0007370035635208341
0.076,33.001,-0.001137685962941809
0.076,33.501,-0.0015432897515652855
0.076,34.001,-0.0019540039857270097
0.076,34.501,-0.002370046249683899
0.076,35.001,-0.002791663322018398
0.076,35.501,-0.0032191321507339422
0.076,36.001,-0.0036527611535023194
0.076,36.501,-0.004092891866010501
0.076,37.001,-0.00453990096863062
0.076,37.501,-0.00499420272998783
0.076,38.001,-0.005456251915715082
0.076,38.501,-0.005926547222184282
0.076,39.001,-0.006405635308774048
0.076,39.501,-0.006894115518906584
0.081,0.001,-0.3770290762910843
0.081,0.501,-0.44805660268827935
0.081,1.001,-0.6281479030253869
0.081,1.501,-0.6042887735834265
0.081,2.001,-0.374034070279786
0.081,2.501,-0.2505782193302557
0.081,3.001,-0.17616187817463264
0.081,3.501,-0.12774046813843287
0.081,4.0009999999999994,-0.0944926170524789
0.081,4.5009999999999994,-0.0707383617768742
0.081,5.0009999999999994,-0.053243829667320115
0.081,5.5009999999999994,-0.040049730650145304
0.081,6.0009999999999994,-0.0299092056229123
0.081,6.5009999999999994,-0.021996509001331543
0.081,7.0009999999999994,-0.015746439574385
0.081,7.5009999999999994,-0.010761241146685238
0.081,8.001,-0.006754286941541177
0.081,8.501,-0.003514765988449589
0.081,9.001,-0.0008848424700505231
0.081,9.501,0.0012555210519782506
0.081,10.001,0.0029988895727076775
0.081,10.501,0.0044175299501042625
0.081,11.001,0.0055684895174201166
0.081,11.501,0.006497251959189414
0.081,12.001,0.007240409135406606
0.081,12.501,0.007827640703905167
0.081,13.001,0.008283199318225548
0.081,13.501,0.008627037696860398
0.081,14.001,0.008875672942766012
0.081,14.501,0.009042855805024327
0.081,15.001,0.009140093551696432
0.081,15.501,0.009177061867654573
0.081,16.000999999999998,0.009161931833854761
0.081,16.500999999999998,0.009101631358523952
0.081,17.000999999999998,0.009002055599523806
0.081,17.500999999999998,0.008868237389321482
0.081,18.000999999999998,0.008704486072615274
0.081,18.500999999999998,0.008514501230637659
0.081,19.000999999999998,0.00830146631290661
0.081,19.500999999999998,0.00806812609736956
0.081,20.000999999999998,0.007816851061184685
0.081,20.500999999999998,0.00754969110014566
0.081,21.000999999999998,0.007268420536491026
0.081,21.500999999999998,0.006974575966976773
0.081,22.000999999999998,0.006669488199295401
0.081,22.500999999999998,0.0063543092855693345
0.081,23.000999999999998,0.006030035472010566
0.081,23.500999999999998,0.005697526732786146
0.081,24.000999999999998,0.005357523435186452
0.081,24.500999999999998,0.005010660585873367
0.081,25.000999999999998,0.0046574800293130636
0.081,25.500999999999998,0.004298440905574602
0.081,26.000999999999998,0.003933928622524025
0.081,26.500999999999998,0.0035642625546709952
0.081,27.000999999999998,0.0031897026457160943
0.081,27.500999999999998,0.0028104550626736613
0.081,28.000999999999998,0.002426677025205895
0.081,28.500999999999998,0.0020384809135238924
0.081,29.000999999999998,0.001645937741121404
0.081,29.500999999999998,0.0012490800641578662
0.081,30.000999999999998,0.0008479043869478176
0.081,30.500999999999998,0.0004423731123413058
0.081,31.000999999999998,0.000032416076500459134
0.081,31.500999999999998,-0.0003820683006729511
0.081,32.001,-0.0008012122255969534
0.081,32.501,-0.0012251780845011495
0.081,33.001,-0.001654158329675158
0.081,33.501,-0.002088375693972598
0.081,34.001,-0.0025280837351630697
0.081,34.501,-0.0029735677179820383
0.081,35.001,-0.003425145848274566
0.081,35.501,-0.0038831708807377865
0.081,36.001,-0.004348032129615972
0.081,36.501,-0.004820157920628884
0.081,37.001,-0.005300018532714306
0.081,37.501,-0.005788129690290064
0.081,38.001,-0.006285056681184932
0.081,38.501,-0.006791419192847779
0.081,39.001,-0.0073078969807356675
0.081,39.501,-0.007835236509047078
0.08600000000000001,0.001,-0.3951548970394984
0.08600000000000001,0.501,-0.4743858197606764
0.08600000000000001,1.001,-0.7018953313773836
0.08600000000000001,1.501,-0.5882886908160314
0.08600000000000001,2.001,-0.36212070202746915
0.08600000000000001,2.501,-0.24116097654705707
0.08600000000000001,3.001,-0.16843152201392997
0.08600000000000001,3.501,-0.1212281986562552
0.08600000000000001,4.0009999999999994,-0.0889021263812376
0.08600000000000001,4.5009999999999994,-0.06587023938953318
0.08600000000000001,5.0009999999999994,-0.04895735925465691
0.08600000000000001,5.5009999999999994,-0.03624185881824481
0.08600000000000001,6.0009999999999994,-0.02650217356705642
0.08600000000000001,6.5009999999999994,-0.01893018588261508
0.08600000000000001,7.0009999999999994,-0.01297336169184414
0.08600000000000001,7.5009999999999994,-0.008243285041282758
0.08600000000000001,8.001,-0.004460369711665774
0.08600000000000001,8.501,-0.0014192138643221996
0.08600000000000001,9.001,0.0010337928791847029
0.08600000000000001,9.501,0.003015338444698498
0.08600000000000001,10.001,0.004615297870446684
0.08600000000000001,10.501,0.00590375243439327
0.08600000000000001,11.001,0.006935954977714168
0.08600000000000001,11.501,0.00775590174312675
0.08600000000000001,12.001,0.00839894095514676
0.08600000000000001,12.501,0.00889370422066036
0.08600000000000001,13.001,0.00926355451783266
0.08600000000000001,13.501,0.009527684238827758
0.08600000000000001,14.001,0.009701956637288414
0.08600000000000001,14.501,0.009799556899647427
0.08600000000000001,15.001,0.009831500426215903
0.08600000000000001,15.501,0.009807032930067114
0.08600000000000001,16.000999999999998,0.00973394780429423
0.08600000000000001,16.500999999999998,0.009618839667943675
0.08600000000000001,17.000999999999998,0.009467308277131818
0.08600000000000001,17.500999999999998,0.009284123540008968
0.08600000000000001,18.000999999999998,0.009073359832954573
0.08600000000000001,18.500999999999998,0.008838505924958053
0.08600000000000001,19.000999999999998,0.008582555398751426
0.08600000000000001,19.500999999999998,0.008308081384298805
0.08600000000000001,20.000999999999998,0.008017298602399001
0.08600000000000001,20.500999999999998,0.007712115088230952
0.08600000000000001,21.000999999999998,0.0073941754792251554
0.08600000000000001,21.500999999999998,0.007064897373938346
0.08600000000000001,22.000999999999998,0.006725501972891158
0.08600000000000001,22.500999999999998,0.006377039979441071
0.08600000000000001,23.000999999999998,0.0060204135543167475
0.08600000000000001,23.500999999999998,0.0056563949705922545
0.08600000000000001,24.000999999999998,0.005285642498327078
0.08600000000000001,24.500999999999998,0.00490871395354775
0.08600000000000001,25.000999999999998,0.004526078269815839
0.08600000000000001,25.500999999999998,0.004138125388541906
0.08600000000000001,26.000999999999998,0.0037451747135369903
0.08600000000000001,26.500999999999998,0.0033474823337450166
0.08600000000000001,27.000999999999998,0.0029452471838462765
0.08600000000000001,27.500999999999998,0.0025386162840453745
0.08600000000000001,28.000999999999998,0.0021276891767202655
0.08600000000000001,28.500999999999998,0.0017125216577749958
0.08600000000000001,29.000999999999998,0.001293128883798171
0.08600000000000001,29.500999999999998,0.0008694879218608814
0.08600000000000001,30.000999999999998,0.00044153979652618996
0.08600000000000001,30.500999999999998,9.191077938640324e-6
0.08600000000000001,31.000999999999998,-0.0004276849545678113
0.08600000000000001,31.500999999999998,-0.0008692475474206957
0.08600000000000001,32.001,-0.0013156880881989852
0.08600000000000001,32.501,-0.00176723009070405
0.08600000000000001,33.001,-0.0022241295460788124
0.08600000000000001,33.501,-0.002686675643435183
0.08600000000000001,34.001,-0.003155191870762873
0.08600000000000001,34.501,-0.0036300375146092606
0.08600000000000001,35.001,-0.004111609585449379
0.08600000000000001,35.501,-0.0046003452050698695
0.08600000000000001,36.001,-0.005096724503043375
0.08600000000000001,36.501,-0.0056012740818919896
0.08600000000000001,37.001,-0.006114571125378082
0.08600000000000001,37.501,-0.00663724824217541
0.08600000000000001,38.001,-0.00716999915884152
0.08600000000000001,38.501,-0.0077135854026462655
0.08600000000000001,39.001,-0.008268844147870252
0.08600000000000001,39.501,-0.008836697440601171
0.09100000000000001,0.001,-0.41299011806592306
0.09100000000000001,0.501,-0.5008826413585268
0.09100000000000001,1.001,-0.8001326649467684
0.09100000000000001,1.501,-0.5733311748070467
0.09100000000000001,2.001,-0.35100465465188213
0.09100000000000001,2.501,-0.23239074713250896
0.09100000000000001,3.001,-0.16124622496400492
0.09100000000000001,3.501,-0.11518708269106495
0.09100000000000001,4.0009999999999994,-0.08372663883521375
0.09100000000000001,4.5009999999999994,-0.061372938736100974
0.09100000000000001,5.0009999999999994,-0.045005990663265355
0.09100000000000001,5.5009999999999994,-0.032739577873233255
0.09100000000000001,6.0009999999999994,-0.0233759163961436
0.09100000000000001,6.5009999999999994,-0.016123460534172327
0.09100000000000001,7.0009999999999994,-0.010441583846462849
0.09100000000000001,7.5009999999999994,-0.00595065011369475
0.09100000000000001,8.001,-0.0023776908149681433
0.09100000000000001,8.501,0.00047761189663655945
0.09100000000000001,9.001,0.002764897147500084
0.09100000000000001,9.501,0.004597704992148566
0.09100000000000001,10.001,0.006063382554988492
0.09100000000000001,10.501,0.007229957269315218
0.09100000000000001,11.001,0.008150995697719016
0.09100000000000001,11.501,0.008869096368888274
0.09100000000000001,12.001,0.009418438905698608
0.09100000000000001,12.501,0.009826670096304509
0.09100000000000001,13.001,0.010116316906726056
0.09100000000000001,13.501,0.010305857239254946
0.09100000000000001,14.001,0.010410539881042069
0.09100000000000001,14.501,0.010443018477266239
0.09100000000000001,15.001,0.010413846096578996
0.09100000000000001,15.501,0.01033186423933494
0.09100000000000001,16.000999999999998,0.010204511169588993
0.09100000000000001,16.500999999999998,0.01003806804856071
0.09100000000000001,17.000999999999998,0.009837856724461516
0.09100000000000001,17.500999999999998,0.009608399660910295
0.09100000000000001,18.000999999999998,0.009353550001405895
0.09100000000000001,18.500999999999998,0.009076597919741351
0.09100000000000001,19.000999999999998,0.008780358020628825
0.09100000000000001,19.500999999999998,0.00846724150708508
0.09100000000000001,20.000999999999998,0.00813931603289518
0.09100000000000001,20.500999999999998,0.007798355545843315
0.09100000000000001,21.000999999999998,0.007445881954019046
0.09100000000000001,21.500999999999998,0.007083200079329518
0.09100000000000001,22.000999999999998,0.006711427074216417
0.09100000000000001,22.500999999999998,0.00633151725075088
0.09100000000000001,23.000999999999998,0.005944283091721482
0.09100000000000001,23.500999999999998,0.005550413070388961
0.09100000000000001,24.000999999999998,0.005150486791228447
0.09100000000000001,24.500999999999998,0.004744987871994268
0.09100000000000001,25.000999999999998,0.004334314913108234
0.09100000000000001,25.500999999999998,0.003918790839979702
0.09100000000000001,26.000999999999998,0.00349867085457628
0.09100000000000001,26.500999999999998,0.0030741491921093614
0.09100000000000001,27.000999999999998,0.002645364845332371
0.09100000000000001,27.500999999999998,0.002212406391240776
0.09100000000000001,28.000999999999998,0.0017753160318552952
0.09100000000000001,28.500999999999998,0.001334092941285385
0.09100000000000001,29.000999999999998,0.0008886959947571119
0.09100000000000001,29.500999999999998,0.0004390459411193204
0.09100000000000001,30.000999999999998,-0.000014972931973007697
0.09100000000000001,30.500999999999998,-0.00047351160185447536
0.09100000000000001,31.000999999999998,-0.0009367555550404
0.09100000000000001,31.500999999999998,-0.001404924452195977
0.09100000000000001,32.001,-0.0018782722027204032
0.09100000000000001,32.501,-0.0023570874459786888
0.09100000000000001,33.001,-0.0028416944444223796
0.09100000000000001,33.501,-0.00333245440229981
0.09100000000000001,34.001,-0.0038297672326888
0.09100000000000001,34.501,-0.0043340738054423004
0.09100000000000001,35.001,-0.004845858719766401
0.09100000000000001,35.501,-0.005365653657905086
0.09100000000000001,36.001,-0.005894041391392012
0.09100000000000001,36.501,-0.006431660529170744
0.09100000000000001,37.001,-0.006979211118450441
0.09100000000000001,37.501,-0.007537461235554132
0.09100000000000001,38.001,-0.008107254736645706
0.09100000000000001,38.501,-0.008689520378984362
0.09100000000000001,39.001,-0.009285282574727858
0.09100000000000001,39.501,-0.009895674104693261
0.09600000000000002,0.001,-0.43055072285359575
0.09600000000000002,0.501,-0.5275744980261796
0.09600000000000002,1.001,-1.0143403561929802
0.09600000000000002,1.501,-0.5593054288942547
0.09600000000000002,2.001,-0.3406010729314651
0.09600000000000002,2.501,-0.22419855557909363
0.09600000000000002,3.001,-0.15454777024240474
0.09600000000000002,3.501,-0.10956669332090543
0.09600000000000002,4.0009999999999994,-0.07892163899759265
0.09600000000000002,4.5009999999999994,-0.057206590322238335
0.09600000000000002,5.0009999999999994,-0.04135360608095566
0.09600000000000002,5.5009999999999994,-0.029509865857351384
0.09600000000000002,6.0009999999999994,-0.020500012396704667
0.09600000000000002,6.5009999999999994,-0.013548127607602323
0.09600000000000002,7.0009999999999994,-0.008124813519432228
0.09600000000000002,7.5009999999999994,-0.0038587124238658177
0.09600000000000002,8.001,-0.0004830953595521964
0.09600000000000002,8.501,0.002197562286366972
0.09600000000000002,9.001,0.004329155697759199
0.09600000000000002,9.501,0.006022257378788351
0.09600000000000002,10.001,0.007361831449908102
0.09600000000000002,10.501,0.008413969305968438
0.09600000000000002,11.001,0.009230648001425132
0.09600000000000002,11.501,0.009853148588916123
0.09600000000000002,12.001,0.010314549185731228
0.09600000000000002,12.501,0.010641568301719334
0.09600000000000002,13.001,0.010855944871894178
0.09600000000000002,13.501,0.010975483288338167
0.09600000000000002,14.001,0.01101485307763838
0.09600000000000002,14.501,0.010986206752424016
0.09600000000000002,15.001,0.010899661444425847
0.09600000000000002,15.501,0.010763677455208053
0.09600000000000002,16.000999999999998,0.010585358068403723
0.09600000000000002,16.500999999999998,0.010370688693209026
0.09600000000000002,17.000999999999998,0.010124728881309338
0.09600000000000002,17.500999999999998,0.009851767457636787
0.09600000000000002,18.000999999999998,0.009555448573900081
0.09600000000000002,18.500999999999998,0.009238874686634473
0.09600000000000002,19.000999999999998,0.008904691106809536
0.09600000000000002,19.500999999999998,0.008555155744118737
0.09600000000000002,20.000999999999998,0.00819219688930136
0.09600000000000002,20.500999999999998,0.007817461279682456
0.09600000000000002,21.000999999999998,0.007432354231066078
0.09600000000000002,21.500999999999998,0.007038073259929972
0.09600000000000002,22.000999999999998,0.006635636338880903
0.09600000000000002,22.500999999999998,0.00622590570720824
0.09600000000000002,23.000999999999998,0.0058096079833928095
0.09600000000000002,23.500999999999998,0.005387351187184232
0.09600000000000002,24.000999999999998,0.004959639167471372
0.09600000000000002,24.500999999999998,0.004526883842601965
0.09600000000000002,25.000999999999998,0.00408941558741556
0.09600000000000002,25.500999999999998,0.003647492042427744
0.09600000000000002,26.000999999999998,0.0032013055725748085
0.09600000000000002,26.500999999999998,0.002750989563466137
0.09600000000000002,27.000999999999998,0.002296623710500368
0.09600000000000002,27.500999999999998,0.0018382384290795833
0.09600000000000002,28.000999999999998,0.0013758184914462596
0.09600000000000002,28.500999999999998,0.0009093059764579137
0.09600000000000002,29.000999999999998,0.0004386026021876918
0.09600000000000002,29.500999999999998,-0.000036428502965427795
0.09600000000000002,30.000999999999998,-0.0005159615474620398
0.09600000000000002,30.500999999999998,-0.0010002073101395281
0.09600000000000002,31.000999999999998,-0.0014894128383480826
0.09600000000000002,31.500999999999998,-0.00198386159869755
0.09600000000000002,32.001,-0.0024838740777953956
0.09600000000000002,32.501,-0.0029898088397728798
0.09600000000000002,33.001,-0.0035020640571431384
0.09600000000000002,33.501,-0.004021079541949428
0.09600000000000002,34.001,-0.00454733931561839
0.09600000000000002,34.501,-0.005081374768872396
0.09600000000000002,35.001,-0.005623768478017432
0.09600000000000002,35.501,-0.006175158761541351
0.09600000000000002,36.001,-0.006736245082071421
0.09600000000000002,36.501,-0.007307794424396784
0.09600000000000002,37.001,-0.007890648811791906
0.09600000000000002,37.501,-0.008485734162125523
0.09600000000000002,38.001,-0.009094070734472715
0.09600000000000002,38.501,-0.009716785479436281
0.09600000000000002,39.001,-0.010355126686293271
0.09600000000000002,39.501,-0.011010481423352158
0.10100000000000002,0.001,-0.44785102710414704
0.10100000000000002,0.501,-0.5544888385677615
0.10100000000000002,1.001,-1.042845551141554
0.10100000000000002,1.501,-0.5461174256297712
0.10100000000000002,2.001,-0.33083794813578554
0.10100000000000002,2.501,-0.21652587269804605
0.10100000000000002,3.001,-0.14828676179170086
0.10100000000000002,3.501,-0.10432424767649763
0.10100000000000002,4.0009999999999994,-0.0744493627974655
0.10100000000000002,4.5009999999999994,-0.053337374593695086
0.10100000000000002,5.0009999999999994,-0.037969571388593255
0.10100000000000002,5.5009999999999994,-0.026524717379486668
0.10100000000000002,6.0009999999999994,-0.017848664201518843
0.10100000000000002,6.5009999999999994,-0.01118027190187107
0.10100000000000002,7.0009999999999994,-0.006000760021799306
0.10100000000000002,7.5009999999999994,-0.0019465984680294701
0.10100000000000002,8.001,0.0012430423362988635
0.10100000000000002,8.501,0.0037591553396918893
0.10100000000000002,9.001,0.005744096276202967
0.10100000000000002,9.501,0.00730563232126975
0.10100000000000002,10.001,0.008526474956439198
0.10100000000000002,10.501,0.009470885519513847
0.10100000000000002,11.001,0.01018933861292759
0.10100000000000002,11.501,0.01072186999502784
0.10100000000000002,12.001,0.011100516634893823
0.10100000000000002,12.501,0.011351119623497073
0.10100000000000002,13.001,0.01149467302208819
0.10100000000000002,13.501,0.011548344568819147
0.10100000000000002,14.001,0.01152625618932318
0.10100000000000002,14.501,0.011440086604889972
0.10100000000000002,15.001,0.011299540737538884
0.10100000000000002,15.501,0.01111271837258861
0.10100000000000002,16.000999999999998,0.010886405914604236
0.10100000000000002,16.500999999999998,0.010626308920693509
0.10100000000000002,17.000999999999998,0.010337238657597683
0.10100000000000002,17.500999999999998,0.01002326269430042
0.10100000000000002,18.000999999999998,0.009687827160784493
0.10100000000000002,18.500999999999998,0.009333856534599942
0.10100000000000002,19.000999999999998,0.008963835491391594
0.10100000000000002,19.500999999999998,0.008579876354121468
0.10100000000000002,20.000999999999998,0.00818377491342663
0.10100000000000002,20.500999999999998,0.007777056807006938
0.10100000000000002,21.000999999999998,0.007361016194632794
0.10100000000000002,21.500999999999998,0.006936748114648225
0.10100000000000002,22.000999999999998,0.006505175633588961
0.10100000000000002,22.500999999999998,0.00606707268481415
0.10100000000000002,23.000999999999998,0.005623083321354895
0.10100000000000002,23.500999999999998,0.0051737379724341795
0.10100000000000002,24.000999999999998,0.004719467184494663
0.10100000000000002,24.500999999999998,0.004260613240266761
0.10100000000000002,25.000999999999998,0.003797439978805786
0.10100000000000002,25.500999999999998,0.00333014108207344
0.10100000000000002,26.000999999999998,0.002858847046720195
0.10100000000000002,26.500999999999998,0.0023836310211806863
0.10100000000000002,27.000999999999998,0.0019045136562526183
0.10100000000000002,27.500999999999998,0.0014214670906949993
0.10100000000000002,28.000999999999998,0.0009344181709593294
0.10100000000000002,28.500999999999998,0.0004432509850922986
0.10100000000000002,29.000999999999998,-0.000052191225607560454
0.10100000000000002,29.500999999999998,-0.0005521047280040725
0.10100000000000002,30.000999999999998,-0.0010567244953012915
0.10100000000000002,30.500999999999998,-0.0015663239174658478
0.10100000000000002,31.000999999999998,-0.002081215010424617
0.10100000000000002,31.500999999999998,-0.00260174912131024
0.10100000000000002,32.001,-0.0031283181377621608
0.10100000000000002,32.501,-0.0036613562204192845
0.10100000000000002,33.001,-0.004201342089661289
0.10100000000000002,33.501,-0.004748801910783092
0.10100000000000002,34.001,-0.005304312836693366
0.10100000000000002,34.501,-0.005868507284486603
0.10100000000000002,35.001,-0.006442078042688593
0.10100000000000002,35.501,-0.007025784330546056
0.10100000000000002,36.001,-0.007620458960745917
0.10100000000000002,36.501,-0.008227016794000543
0.10100000000000002,37.001,-0.00884646472024761
0.10100000000000002,37.501,-0.009479913459651636
0.10100000000000002,38.001,-0.010128591551048043
0.10100000000000002,38.501,-0.010793861991308225
0.10100000000000002,39.001,-0.011477242113540148
0.10100000000000002,39.501,-0.012180427455325455
0.10600000000000002,0.001,-0.4649039269036509
0.10600000000000002,0.501,-0.5816534832205856
0.10600000000000002,1.001,-1.0240781389211902
0.10600000000000002,1.501,-0.5336866832557072
0.10600000000000002,2.001,-0.3216536484103325
0.10600000000000002,2.501,-0.2093226071341484
0.10600000000000002,3.001,-0.14242092803110215
0.10600000000000002,3.501,-0.09942313666018318
0.10600000000000002,4.0009999999999994,-0.07027749863850705
0.10600000000000002,4.5009999999999994,-0.04973635772717813
0.10600000000000002,5.0009999999999994,-0.03482768065398256
0.10600000000000002,5.5009999999999994,-0.023760177776846476
0.10600000000000002,6.0009999999999994,-0.01539980823546877
0.10600000000000002,6.5009999999999994,-0.008999441952831824
0.10600000000000002,7.0009999999999994,-0.004050363418634961
0.10600000000000002,7.5009999999999994,-0.00019646234863331113
0.10600000000000002,8.001,0.0028174991200045907
0.10600000000000002,8.501,0.005178218850278249
0.10600000000000002,9.001,0.007024698083220038
0.10600000000000002,9.501,0.008462045390452852
0.10600000000000002,10.001,0.009570837526335363
0.10600000000000002,10.501,0.010413601628575908
0.10600000000000002,11.001,0.011039388586261085
0.10600000000000002,11.501,0.01148705414745109
0.10600000000000002,12.001,0.011787648720658156
0.10600000000000002,12.501,0.011966181973221524
0.10600000000000002,13.001,0.012042942119448133
0.10600000000000002,13.501,0.012034493569094026
0.10600000000000002,14.001,0.011954439269664878
0.10600000000000002,14.501,0.011814008865357061
0.10600000000000002,15.001,0.011622516510991391
0.10600000000000002,15.501,0.011387720161101553
0.10600000000000002,16.000999999999998,0.011116105688481703
0.10600000000000002,16.500999999999998,0.010813113150442456
0.10600000000000002,17.000999999999998,0.010483318168862818
0.10600000000000002,17.500999999999998,0.010130578218947445
0.10600000000000002,18.000999999999998,0.00975815128827607
0.10600000000000002,18.500999999999998,0.009368792634974303
0.10600000000000002,19.000999999999998,0.00896483407600314
0.10600000000000002,19.500999999999998,0.00854824925646959
0.10600000000000002,20.000999999999998,0.008120707605120306
0.10600000000000002,20.500999999999998,0.007683619109547624
0.10600000000000002,21.000999999999998,0.007238171603495572
0.10600000000000002,21.500999999999998,0.006785361915961789
0.10600000000000002,22.000999999999998,0.006326021963906074
0.10600000000000002,22.500999999999998,0.00586084065974142
0.10600000000000002,23.000999999999998,0.005390382338162445
0.10600000000000002,23.500999999999998,0.0049151022743587625
0.10600000000000002,24.000999999999998,0.004435359759694828
0.10600000000000002,24.500999999999998,0.003951429115693125
0.10600000000000002,25.000999999999998,0.0034635089582648673
0.10600000000000002,25.500999999999998,0.002971729968069603
0.10600000000000002,26.000999999999998,0.0024761613770243746
0.10600000000000002,26.500999999999998,0.0019768163431910686
0.10600000000000002,27.000999999999998,0.0014736563549045557
0.10600000000000002,27.500999999999998,0.0009665947787043105
0.10600000000000002,28.000999999999998,0.00045549964339778454
0.10600000000000002,28.500999999999998,-0.000059804266517023835
0.10600000000000002,29.000999999999998,-0.0005795339514987159
0.10600000000000002,29.500999999999998,-0.0011039473298991211
0.10600000000000002,30.000999999999998,-0.00163334293489871
0.10600000000000002,30.500999999999998,-0.0021680601597694124
0.10600000000000002,31.000999999999998,-0.0027084800479948642
0.10600000000000002,31.500999999999998,-0.0032550266369675146
0.10600000000000002,32.001,-0.0038081688765963413
0.10600000000000002,32.501,-0.004368423157674758
0.10600000000000002,33.001,-0.004936356499755358
0.10600000000000002,33.501,-0.005512590465222962
0.10600000000000002,34.001,-0.00609780588594358
0.10600000000000002,34.501,-0.006692748512229299
0.10600000000000002,35.001,-0.0072982357220601965
0.10600000000000002,35.501,-0.007915164463049698
0.10600000000000002,36.001,-0.00854452064246966
0.10600000000000002,36.501,-0.009187390234391468
0.10600000000000002,37.001,-0.009844972441093794
0.10600000000000002,37.501,-0.01051859533308424
0.10600000000000002,38.001,-0.01120973450477026
0.10600000000000002,38.501,-0.011920035429975023
0.10600000000000002,39.001,-0.012651340395542568
0.10600000000000002,39.501,-0.013405721149985114
0.11100000000000003,0.001,-0.48172109996419765
0.11100000000000003,0.501,-0.6090969605179789
0.11100000000000003,1.001,-1.0063137196167249
0.11100000000000003,1.501,-0.5219437818054761
0.11100000000000003,2.001,-0.3129950157976226
0.11100000000000003,2.501,-0.2025455577384916
0.11100000000000003,3.001,-0.1369138148577303
0.11100000000000003,3.501,-0.09483179209996345
0.11100000000000003,4.0009999999999994,-0.06637818666350716
0.11100000000000003,4.5009999999999994,-0.046378594686330515
0.11100000000000003,5.0009999999999994,-0.03190534297334051
0.11100000000000003,5.5009999999999994,-0.0211955990715674
0.11100000000000003,6.0009999999999994,-0.013134428701578799
0.11100000000000003,6.5009999999999994,-0.00698801346225464
0.11100000000000003,7.0009999999999994,-0.002257200611491459
0.11100000000000003,7.5009999999999994,0.0014070709536915874
0.11100000000000003,8.001,0.004254727007259415
0.11100000000000003,8.501,0.006468385343153749
0.11100000000000003,9.001,0.008183860810400234
0.11100000000000003,9.501,0.009503736731035932
0.11100000000000003,10.001,0.010506562299160221
0.11100000000000003,10.501,0.011253217573963567
0.11100000000000003,11.001,0.011791401293580347
0.11100000000000003,11.501,0.012158848528393003
0.11100000000000003,12.001,0.01238567273583091
0.11100000000000003,12.501,0.01249609395792518
0.11100000000000003,13.001,0.012509730024944356
0.11100000000000003,13.501,0.01244257229716695
0.11100000000000003,14.001,0.012307730746235618
0.11100000000000003,14.501,0.012116008386368348
0.11100000000000003,15.001,0.011876348075706623
0.11100000000000003,15.501,0.011596182899396318
0.11100000000000003,16.000999999999998,0.01128171303113748
0.11100000000000003,16.500999999999998,0.010938126043940968
0.11100000000000003,17.000999999999998,0.010569773369766111
0.11100000000000003,17.500999999999998,0.010180312496944378
0.11100000000000003,18.000999999999998,0.009772822206321611
0.11100000000000003,18.500999999999998,0.009349896448713792
0.11100000000000003,19.000999999999998,0.008913721194710102
0.11100000000000003,19.500999999999998,0.00846613762804689
0.11100000000000003,20.000999999999998,0.008008694323704116
0.11100000000000003,20.500999999999998,0.007542690492545579
0.11100000000000003,21.000999999999998,0.007069211942801072
0.11100000000000003,21.500999999999998,0.006589161073598165
0.11100000000000003,22.000999999999998,0.006103281953928369
0.11100000000000003,22.500999999999998,0.005612181334582852
0.11100000000000003,23.000999999999998,0.005116346277820167
0.11100000000000003,23.500999999999998,0.0046161589601034225
0.11100000000000003,24.000999999999998,0.004111909099710098
0.11100000000000003,24.500999999999998,0.003603804377746253
0.11100000000000003,25.000999999999998,0.0030919791537413165
0.11100000000000003,25.500999999999998,0.0025765017221340905
0.11100000000000003,26.000999999999998,0.002057380311015246
0.11100000000000003,26.500999999999998,0.001534567987357835
0.11100000000000003,27.000999999999998,0.0010079666020257078
0.11100000000000003,27.500999999999998,0.00047742988178122543
0.11100000000000003,28.000999999999998,-0.00005723424671512053
0.11100000000000003,28.500999999999998,-0.000596262035199446
0.11100000000000003,29.000999999999998,-0.0011399329457430808
0.11100000000000003,29.500999999999998,-0.0016885693031026827
0.11100000000000003,30.000999999999998,-0.0022425365486492994
0.11100000000000003,30.500999999999998,-0.0028022440908565434
0.11100000000000003,31.000999999999998,-0.003368146761114056
0.11100000000000003,31.500999999999998,-0.00394074689782873
0.11100000000000003,32.001,-0.004520597096970044
0.11100000000000003,32.501,-0.005108303683973081
0.11100000000000003,33.001,-0.005704530980949481
0.11100000000000003,33.501,-0.006310006465328595
0.11100000000000003,34.001,-0.006925526942409881
0.11100000000000003,34.501,-0.0075519658862008635
0.11100000000000003,35.001,-0.008190282142099145
0.11100000000000003,35.501,-0.008841530233716886
0.11100000000000003,36.001,-0.009506872577506112
0.11100000000000003,36.501,-0.010187593986898544
0.11100000000000003,37.001,-0.010885118947990949
0.11100000000000003,37.501,-0.011601032279046422
0.11100000000000003,38.001,-0.01233710395686638
0.11100000000000003,38.501,-0.013095319119443949
0.11100000000000003,39.001,-0.013877914557570918
0.11100000000000003,39.501,-0.014687423419156083
0.11600000000000003,0.001,-0.4983131705345787
0.11600000000000003,0.501,-0.63684884134776
0.11600000000000003,1.001,-0.9894644972992456
0.11600000000000003,1.501,-0.5108284239910097
0.11600000000000003,2.001,-0.30481588063231857
0.11600000000000003,2.501,-0.1961572053993002
0.11600000000000003,3.001,-0.1317337653560911
0.11600000000000003,3.501,-0.0905228024407497
0.11600000000000003,4.0009999999999994,-0.06272723760379376
0.11600000000000003,4.5009999999999994,-0.0432424291188026
0.11600000000000003,5.0009999999999994,-0.029182947795551195
0.11600000000000003,5.5009999999999994,-0.01881305926728269
0.11600000000000003,6.0009999999999994,-0.011036022193758738
0.11600000000000003,6.5009999999999994,-0.005130692521972735
0.11600000000000003,7.0009999999999994,-0.0006070218721461462
0.11600000000000003,7.5009999999999994,0.002877340003494419
0.11600000000000003,8.001,0.00556726204848626
0.11600000000000003,8.501,0.007641478270034113
0.11600000000000003,9.001,0.009232770581378447
0.11600000000000003,9.501,0.010441318792413376
0.11600000000000003,10.001,0.011343742368634196
0.11600000000000003,10.501,0.01199935382286578
0.11600000000000003,11.001,0.012454565069847892
0.11600000000000003,11.501,0.012746044664247197
0.11600000000000003,12.001,0.0129030143967667
0.11600000000000003,12.501,0.012948942836015137
0.11600000000000003,13.001,0.012902809794567142
0.11600000000000003,13.501,0.012780061214900267
0.11600000000000003,14.001,0.012593337817840371
0.11600000000000003,14.501,0.012353036464434721
0.11600000000000003,15.001,0.012067746472572194
0.11600000000000003,15.501,0.01174459152051159
0.11600000000000003,16.000999999999998,0.01138949959836029
0.11600000000000003,16.500999999999998,0.011007417647352566
0.11600000000000003,17.000999999999998,0.010602483332946055
0.11600000000000003,17.500999999999998,0.010178163344445764
0.11600000000000003,18.000999999999998,0.009737365369132896
0.11600000000000003,18.500999999999998,0.009282529223235823
0.11600000000000003,19.000999999999998,0.008815701375580395
0.11600000000000003,19.500999999999998,0.00833859615919453
0.11600000000000003,20.000999999999998,0.007852646251032868
0.11600000000000003,20.500999999999998,0.007359044452306118
0.11600000000000003,21.000999999999998,0.0068587783795415885
0.11600000000000003,21.500999999999998,0.006352659348643316
0.11600000000000003,22.000999999999998,0.005841346478114476
0.11600000000000003,22.500999999999998,0.005325366836308548
0.11600000000000003,23.000999999999998,0.004805132298444731
0.11600000000000003,23.500999999999998,0.004280953652571945
0.11600000000000003,24.000999999999998,0.0037530523924329817
0.11600000000000003,24.500999999999998,0.0032215705537304747
0.11600000000000003,25.000999999999998,0.002686578884337064
0.11600000000000003,25.500999999999998,0.0021480835852191807
0.11600000000000003,26.000999999999998,0.0016060318146721327
0.11600000000000003,26.500999999999998,0.0010603161118670685
0.11600000000000003,27.000999999999998,0.0005107778650491205
0.11600000000000003,27.500999999999998,-0.00004279007626163331
0.11600000000000003,28.000999999999998,-0.000600641568120789
0.11600000000000003,28.500999999999998,-0.001163076060776468
0.11600000000000003,29.000999999999998,-0.0017304381694841463
0.11600000000000003,29.500999999999998,-0.0023031179043094437
0.11600000000000003,30.000999999999998,-0.0028815515513597595
0.11600000000000003,30.500999999999998,-0.003466223213388405
0.11600000000000003,31.000999999999998,-0.0040576670336123465
0.11600000000000003,31.500999999999998,-0.004656470143543697
0.11600000000000003,32.001,-0.005263276394306328
0.11600000000000003,32.501,-0.005878790952081832
0.11600000000000003,33.001,-0.006503785863021
0.11600000000000003,33.501,-0.007139106722317733
0.11600000000000003,34.001,-0.007785680617744643
0.11600000000000003,34.501,-0.008444525561770458
0.11600000000000003,35.001,-0.009116761681046831
0.11600000000000003,35.501,-0.0098036245010482
0.11600000000000003,36.001,-0.010506480751717534
0.11600000000000003,36.501,-0.011226847233539963
0.11600000000000003,37.001,-0.011966413431427833
0.11600000000000003,37.501,-0.012727068758649138
0.11600000000000003,38.001,-0.013510935572300743
0.11600000000000003,38.501,-0.014320409450843043
0.11600000000000003,39.001,-0.015158208699589837
0.11600000000000003,39.501,-0.016027435705993277
0.12100000000000004,0.001,-0.5146898458269707
0.12100000000000004,0.501,-0.6649400823591394
0.12100000000000004,1.001,-0.9734537262914814
0.12100000000000004,1.501,-0.5002879034302616
0.12100000000000004,2.001,-0.29707588801373763
0.12100000000000004,2.501,-0.19012475868945217
0.12100000000000004,3.001,-0.12685311387856793
0.12100000000000004,3.501,-0.08647221426151294
0.12100000000000004,4.0009999999999994,-0.05930351580245094
0.12100000000000004,4.5009999999999994,-0.040308940417597944
0.12100000000000004,5.0009999999999994,-0.026643363680550886
0.12100000000000004,5.5009999999999994,-0.016596903754281744
0.12100000000000004,6.0009999999999994,-0.00909017490951411
0.12100000000000004,6.5009999999999994,-0.0034141233365929044
0.12100000000000004,7.0009999999999994,0.0009126151138280636
0.12100000000000004,7.5009999999999994,0.004225989917395437
0.12100000000000004,8.001,0.006766047140666309
0.12100000000000004,8.501,0.008707816906362145
0.12100000000000004,9.001,0.010181188843656555
0.12100000000000004,9.501,0.011284050830832955
0.12100000000000004,10.001,0.012091182274384354
0.12100000000000004,10.501,0.012660401037358559
0.12100000000000004,11.001,0.013036892087453844
0.12100000000000004,11.501,0.013256307104807935
0.12100000000000004,12.001,0.01334701771619144
0.12100000000000004,12.501,0.013331775980434557
0.12100000000000004,13.001,0.013228953351191147
0.12100000000000004,13.501,0.013053475669975459
0.12100000000000004,14.001,0.012817536140379716
0.12100000000000004,14.501,0.012531144223782945
0.12100000000000004,15.001,0.012202551954770477
0.12100000000000004,15.501,0.011838587755653954
0.12100000000000004,16.000999999999998,0.011444919795510544
0.12100000000000004,16.500999999999998,0.011026265217920689
0.12100000000000004,17.000999999999998,0.010586557441438119
0.12100000000000004,17.500999999999998,0.01012908073833653
0.12100000000000004,18.000999999999998,0.00965657909363403
0.12100000000000004,18.500999999999998,0.009171344712010449
0.12100000000000004,19.000999999999998,0.008675290317567329
0.12100000000000004,19.500999999999998,0.008170008469201212
0.12100000000000004,20.000999999999998,0.0076568204134904935
0.12100000000000004,20.500999999999998,0.007136816460430059
0.12100000000000004,21.000999999999998,0.006610889453701906
0.12100000000000004,21.500999999999998,0.006079762586188295
0.12100000000000004,22.000999999999998,0.005544012560758427
0.12100000000000004,22.500999999999998,0.0050040888993988855
0.12100000000000004,23.000999999999998,0.004460330048022879
0.12100000000000004,23.500999999999998,0.0039129768004871335
0.12100000000000004,24.000999999999998,0.003362183466237423
0.12100000000000004,24.500999999999998,0.0028080271262368485
0.12100000000000004,25.000999999999998,0.0022505152571422674
0.12100000000000004,25.500999999999998,0.0016895919508742195
0.12100000000000004,26.000999999999998,0.001125142913200157
0.12100000000000004,26.500999999999998,0.0005569993887314106
0.12100000000000004,27.000999999999998,-0.000015058870775151723
0.12100000000000004,27.500999999999998,-0.000591301504052082
0.12100000000000004,28.000999999999998,-0.001172046235889488
0.12100000000000004,28.500999999999998,-0.0017576583229525888
0.12100000000000004,29.000999999999998,-0.0023485507208307315
0.12100000000000004,29.500999999999998,-0.0029451849609744077
0.12100000000000004,30.000999999999998,-0.0035480727435619336
0.12100000000000004,30.500999999999998,-0.0041577782700742
0.12100000000000004,31.000999999999998,-0.0047749213581617725
0.12100000000000004,31.500999999999998,-0.005400181401998997
0.12100000000000004,32.001,-0.006034302264700104
0.12100000000000004,32.501,-0.0066780982165288785
0.12100000000000004,33.001,-0.007332461064998189
0.12100000000000004,33.501,-0.007998368662184722
0.12100000000000004,34.001,-0.008676895022969769
0.12100000000000004,34.501,-0.009369222348373417
0.12100000000000004,35.001,-0.010076655324650866
0.12100000000000004,35.501,-0.010800638166701827
0.12100000000000004,36.001,-0.011542775000948635
0.12100000000000004,36.501,-0.012304854348307033
0.12100000000000004,37.001,-0.013088878686487532
0.12100000000000004,37.501,-0.013897100362889776
0.12100000000000004,38.001,-0.014732065523940428
0.12100000000000004,38.501,-0.015596668266574604
0.12100000000000004,39.001,-0.016494217965857982
0.12100000000000004,39.501,-0.017428523784898356
0.12600000000000003,0.001,-0.53086002985639
0.12600000000000003,0.501,-0.6934033905099776
0.12600000000000003,1.001,-0.958213930737607
0.12600000000000003,1.501,-0.49027588161343777
0.12600000000000003,2.001,-0.28973956081597363
0.12600000000000003,2.501,-0.18441939189136275
0.12600000000000003,3.001,-0.12224754260268586
0.12600000000000003,3.501,-0.08265897463041072
0.12600000000000003,4.0009999999999994,-0.05608844666142658
0.12600000000000003,4.5009999999999994,-0.03756150231126176
0.12600000000000003,5.0009999999999994,-0.02427153817739537
0.12600000000000003,5.5009999999999994,-0.014533379248012623
0.12600000000000003,6.0009999999999994,-0.007284225187005833
0.12600000000000003,6.5009999999999994,-0.001826575128327096
0.12600000000000003,7.0009999999999994,0.002312637320053379
0.12600000000000003,7.5009999999999994,0.005463246107428127
0.12600000000000003,8.001,0.00786068964094476
0.12600000000000003,8.501,0.009676459656365599
0.12600000000000003,9.001,0.011037682890266312
0.12600000000000003,9.501,0.012040057937978445
0.12600000000000003,10.001,0.01275660663906139
0.12600000000000003,10.501,0.013243719268245566
0.12600000000000003,11.001,0.013545408928931406
0.12600000000000003,11.501,0.01369635609248223
0.12600000000000003,12.001,0.013724120399092252
0.12600000000000003,12.501,0.013650769557699366
0.12600000000000003,13.001,0.013494093940645296
0.12600000000000003,13.501,0.013268522569381058
0.12600000000000003,14.001,0.01298582111212633
0.12600000000000003,14.501,0.012655628868012539
0.12600000000000003,15.001,0.012285875525808166
0.12600000000000003,15.501,0.011883107248373484
0.12600000000000003,16.000999999999998,0.0114527437310903
0.12600000000000003,16.500999999999998,0.010999282256788187
0.12600000000000003,17.000999999999998,0.01052646071992077
0.12600000000000003,17.500999999999998,0.010037388646675222
0.12600000000000003,18.000999999999998,0.00953465307348196
0.12600000000000003,18.500999999999998,0.009020404541853596
0.12600000000000003,19.000999999999998,0.008496427267599062
0.12600000000000003,19.500999999999998,0.007964196637820713
0.12600000000000003,20.000999999999998,0.0074249265018285215
0.12600000000000003,20.500999999999998,0.006879608196129358
0.12600000000000003,21.000999999999998,0.006329042838324528
0.12600000000000003,21.500999999999998,0.0057738681102995
0.12600000000000003,22.000999999999998,0.005214580505590129
0.12600000000000003,22.500999999999998,0.004651553822925574
0.12600000000000003,23.000999999999998,0.004085054535465368
0.12600000000000003,23.500999999999998,0.0035152545439737642
0.12600000000000003,24.000999999999998,0.0029422417250693535
0.12600000000000003,24.500999999999998,0.0023660286074386368
0.12600000000000003,25.000999999999998,0.0017865594453727283
0.12600000000000003,25.500999999999998,0.0012037159069512218
0.12600000000000003,26.000999999999998,0.0006173215511821851
0.12600000000000003,26.500999999999998,0.000027145232419102314
0.12600000000000003,27.000999999999998,-0.0005670964602164205
0.12600000000000003,27.500999999999998,-0.001165737647109416
0.12600000000000003,28.000999999999998,-0.0017691624282283984
0.12600000000000003,28.500999999999998,-0.002377804942380625
0.12600000000000003,29.000999999999998,-0.0029921501990296845
0.12600000000000003,29.500999999999998,-0.003612735685502593
0.12600000000000003,30.000999999999998,-0.004240153772139167
0.12600000000000003,30.500999999999998,-0.004875054958665737
0.12600000000000003,31.000999999999998,-0.005518152027712938
0.12600000000000003,31.500999999999998,-0.006170225196934245
0.12600000000000003,32.001,-0.006832128390824466
0.12600000000000003,32.501,-0.007504796788589323
0.12600000000000003,33.001,-0.008189255847177508
0.12600000000000003,33.501,-0.008886632051330993
0.12600000000000003,34.001,-0.009598165708537165
0.12600000000000003,34.501,-0.01032522619042675
0.12600000000000003,35.001,-0.011069330129461354
0.12600000000000003,35.501,-0.011832163218829107
0.12600000000000003,36.001,-0.012615606445756454
0.12600000000000003,36.501,-0.013421767829953128
0.12600000000000003,37.001,-0.014253021062492613
0.12600000000000003,37.501,-0.01511205287924764
0.12600000000000003,38.001,-0.016001921605434555
0.12600000000000003,38.501,-0.016926130146337478
0.12600000000000003,39.001,-0.017888717883350995
0.12600000000000003,39.501,-0.01889437763340058
0.13100000000000003,0.001,-0.5468319191826738
0.13100000000000003,0.501,-0.7222736210490682
0.13100000000000003,1.001,-0.9436854690966932
0.13100000000000003,1.501,-0.48075140178601805
0.13100000000000003,2.001,-0.2827755442108331
0.13100000000000003,2.501,-0.1790156306456483
0.13100000000000003,3.001,-0.11789556276484317
0.13100000000000003,3.501,-0.07906448152887025
0.13100000000000003,4.0009999999999994,-0.053065619559568455
0.13100000000000003,4.5009999999999994,-0.03498542702758606
0.13100000000000003,5.0009999999999994,-0.02205417528626606
0.13100000000000003,5.5009999999999994,-0.012610338720889343
0.13100000000000003,6.0009999999999994,-0.0056069915019300864
0.13100000000000003,6.5009999999999994,-0.00035768978695768783
0.13100000000000003,7.0009999999999994,0.003602691774499539
0.13100000000000003,7.5009999999999994,0.006598134892805446
0.13100000000000003,8.001,0.008859668969254941
0.13100000000000003,8.501,0.010555400115356078
0.13100000000000003,9.001,0.011809811611811112
0.13100000000000003,9.501,0.012716507523443762
0.13100000000000003,10.001,0.013346828269729188
0.13100000000000003,10.501,0.013755798440114042
0.13100000000000003,11.001,0.013986310118770247
0.13100000000000003,11.501,0.01407211471964212
0.13100000000000003,12.001,0.014039995133873981
0.13100000000000003,12.501,0.01391136440166861
0.13100000000000003,13.001,0.013703456986410817
0.13100000000000003,13.501,0.013430226570200016
0.13100000000000003,14.001,0.013103029718655027
0.13100000000000003,14.501,0.012731151465121542
0.13100000000000003,15.001,0.012322212922679359
0.13100000000000003,15.501,0.011882489969517844
0.13100000000000003,16.000999999999998,0.011417164275747245
0.13100000000000003,16.500999999999998,0.010930522405436054
0.13100000000000003,17.000999999999998,0.01042611474525916
0.13100000000000003,17.500999999999998,0.009906883115183174
0.13100000000000003,18.000999999999998,0.00937526379009131
0.13100000000000003,18.500999999999998,0.008833271085220772
0.13100000000000003,19.000999999999998,0.00828256548021715
0.13100000000000003,19.500999999999998,0.007724509368735331
0.13100000000000003,20.000999999999998,0.007160212846238273
0.13100000000000003,20.500999999999998,0.006590571432790265
0.13100000000000003,21.000999999999998,0.0060162972302508985
0.13100000000000003,21.500999999999998,0.005437944705043314
0.13100000000000003,22.000999999999998,0.0048559320471059444
0.13100000000000003,22.500999999999998,0.004270558866607561
0.13100000000000003,23.000999999999998,0.0036820208405849344
0.13100000000000003,23.500999999999998,0.0030904218027592405
0.13100000000000003,24.000999999999998,0.002495783674530416
0.13100000000000003,24.500999999999998,0.0018980545582848174
0.13100000000000003,25.000999999999998,0.0012971152515964465
0.13100000000000003,25.500999999999998,0.0006927843895472184
0.13100000000000003,26.000999999999998,0.00008482237968735797
0.13100000000000003,26.500999999999998,-0.0005270657417885301
0.13100000000000003,27.000999999999998,-0.0011432284349354588
0.13100000000000003,27.500999999999998,-0.001764066691331557
0.13100000000000003,28.000999999999998,-0.0023900339333803745
0.13100000000000003,28.500999999999998,-0.003021636753904083
0.13100000000000003,29.000999999999998,-0.0036594364940966927
0.13100000000000003,29.500999999999998,-0.004304051679742453
0.13100000000000003,30.000999999999998,-0.0049561613583925974
0.13100000000000003,30.500999999999998,-0.005616509404898374
0.13100000000000003,31.000999999999998,-0.0062859098904030734
0.13100000000000003,31.500999999999998,-0.006965253641956236
0.13100000000000003,32.001,-0.007655516157952905
0.13100000000000003,32.501,-0.008357767090692567
0.13100000000000003,33.001,-0.00907318156422271
0.13100000000000003,33.501,-0.009803053666849124
0.13100000000000003,34.001,-0.01054881254805605
0.13100000000000003,34.501,-0.011312041665634862
0.13100000000000003,35.001,-0.012094501879543411
0.13100000000000003,35.501,-0.012898159286979217
0.13100000000000003,36.001,-0.013725218956039585
0.13100000000000003,36.501,-0.014578166068524315
0.13100000000000003,37.001,-0.01545981646266591
0.13100000000000003,37.501,-0.016373379228005025
0.13100000000000003,38.001,-0.01732253492822996
0.13100000000000003,38.501,-0.018311534336903548
0.13100000000000003,39.001,-0.019345324456785856
0.13100000000000003,39.501,-0.02042971135877023
0.13600000000000004,0.001,-0.5626130840145928
0.13600000000000004,0.501,-0.7515882225791112
0.13600000000000004,1.001,-0.9298153663192731
0.13600000000000004,1.501,-0.4716780867008276
0.13600000000000004,2.001,-0.27615599106188826
0.13600000000000004,2.501,-0.173890852168315
0.13600000000000004,3.001,-0.11377809265128147
0.13600000000000004,3.501,-0.07567221814201201
0.13600000000000004,4.0009999999999994,-0.050220464857944375
0.13600000000000004,4.5009999999999994,-0.032567675861699036
0.13600000000000004,5.0009999999999994,-0.01997947312276846
0.13600000000000004,5.5009999999999994,-0.010817001420219352
0.13600000000000004,6.0009999999999994,-0.0040485512548702335
0.13600000000000004,6.5009999999999994,0.0010017233498010591
0.13600000000000004,7.0009999999999994,0.004791336981710026
0.13600000000000004,7.5009999999999994,0.007638662891808749
0.13600000000000004,8.001,0.009770505413668681
0.13600000000000004,8.501,0.011351726483825264
0.13600000000000004,9.001,0.01250427652030367
0.13600000000000004,9.501,0.013319752795192881
0.13600000000000004,10.001,0.013867884817980639
0.13600000000000004,10.501,0.01420238881344707
0.13600000000000004,11.001,0.014365082927135849
0.13600000000000004,11.501,0.014388828544951549
0.13600000000000004,12.001,0.014299664434897677
0.13600000000000004,12.501,0.014118376447506992
0.13600000000000004,13.001,0.013861666439134258
0.13600000000000004,13.501,0.013543032633675352
0.13600000000000004,14.001,0.013173439550254205
0.13600000000000004,14.501,0.01276183266091779
0.13600000000000004,15.001,0.012315537235223488
0.13600000000000004,15.501,0.011840569932630093
0.13600000000000004,16.000999999999998,0.011341884046363424
0.13600000000000004,16.500999999999998,0.01082356385576319
0.13600000000000004,17.000999999999998,0.010288979626264613
0.13600000000000004,17.500999999999998,0.009740911948271716
0.13600000000000004,18.000999999999998,0.00918165201572832
0.13600000000000004,18.500999999999998,0.008613082896503768
0.13600000000000004,19.000999999999998,0.008036745689522291
0.13600000000000004,19.500999999999998,0.007453893591748098
0.13600000000000004,20.000999999999998,0.006865536236286787
0.13600000000000004,20.500999999999998,0.006272476156696752
0.13600000000000004,21.000999999999998,0.005675338842769828
0.13600000000000004,21.500999999999998,0.005074597550774149
0.13600000000000004,22.000999999999998,0.004470593795223859
0.13600000000000004,22.500999999999998,0.0038635542639157685
0.13600000000000004,23.000999999999998,0.0032536047513835216
0.13600000000000004,23.500999999999998,0.002640781589264965
0.13600000000000004,24.000999999999998,0.002025040958486912
0.13600000000000004,24.500999999999998,0.0014062663925333754
0.13600000000000004,25.000999999999998,0.0007842747193704744
0.13600000000000004,25.500999999999998,0.00015882063868847066
0.13600000000000004,26.000999999999998,-0.0004703999114006284
0.13600000000000004,26.500999999999998,-0.001103747480230552
0.13600000000000004,27.000999999999998,-0.0017416378364047552
0.13600000000000004,27.500999999999998,-0.0023845416468979454
0.13600000000000004,28.000999999999998,-0.0030329850704166154
0.13600000000000004,28.500999999999998,-0.003687551256417883
0.13600000000000004,29.000999999999998,-0.004348882765390965
0.13600000000000004,29.500999999999998,-0.005017684950979901
0.13600000000000004,30.000999999999998,-0.00569473037134067
0.13600000000000004,30.500999999999998,-0.00638086432703211
0.13600000000000004,31.000999999999998,-0.007077011657134206
0.13600000000000004,31.500999999999998,-0.00778418496597115
0.13600000000000004,32.001,-0.008503494502030834
0.13600000000000004,32.501,-0.009236159971330302
0.13600000000000004,33.001,-0.00998352464343518
0.13600000000000004,33.501,-0.010747072204784859
0.13600000000000004,34.001,-0.011528446937958445
0.13600000000000004,34.501,-0.012329477966761392
0.13600000000000004,35.001,-0.013152208519131896
0.13600000000000004,35.501,-0.013998931442083702
0.13600000000000004,36.001,-0.014872232582831501
0.13600000000000004,36.501,-0.015775044168032108
0.13600000000000004,37.001,-0.016710711027976912
0.13600000000000004,37.501,-0.017683073513624317
0.13600000000000004,38.001,-0.01869657237738294
0.13600000000000004,38.501,-0.01975638294525372
0.13600000000000004,39.001,-0.020868588934657074
0.13600000000000004,39.501,-0.022040410816535523
0.14100000000000004,0.001,-0.5782105373710317
0.14100000000000004,0.501,-0.7813877451330814
0.14100000000000004,1.001,-0.9165563559293486
0.14100000000000004,1.501,-0.46302348055691844
0.14100000000000004,2.001,-0.26985605778711147
0.14100000000000004,2.501,-0.1690248753092089
0.14100000000000004,3.001,-0.10987811146151163
0.14100000000000004,3.501,-0.07246745291117243
0.14100000000000004,4.0009999999999994,-0.04753998899733039
0.14100000000000004,4.5009999999999994,-0.03029662181028129
0.14100000000000004,5.0009999999999994,-0.01803690878368258
0.14100000000000004,5.5009999999999994,-0.009143756074559917
0.14100000000000004,6.0009999999999994,-0.0026000593776771136
0.14100000000000004,6.5009999999999994,0.002259855767829194
0.14100000000000004,7.0009999999999994,0.005886199873664441
0.14100000000000004,7.5009999999999994,0.008591964101811247
0.14100000000000004,8.001,0.010599898524204482
0.14100000000000004,8.501,0.012071752255745551
0.14100000000000004,9.001,0.013127045553277844
0.14100000000000004,9.501,0.013855450374354053
0.14100000000000004,10.001,0.014325150798666149
0.14100000000000004,10.501,0.014588607917912201
0.14100000000000004,11.001,0.014686609660466754
0.14100000000000004,11.501,0.014651163627724118
0.14100000000000004,12.001,0.01450759475994795
0.14100000000000004,12.501,0.014276087231904922
0.14100000000000004,13.001,0.01397283192552562
0.14100000000000004,13.501,0.013610890059879976
0.14100000000000004,14.001,0.013200849934660797
0.14100000000000004,14.501,0.012751331100686346
0.14100000000000004,15.001,0.012269374788925688
0.14100000000000004,15.501,0.011760748693786606
0.14100000000000004,16.000999999999998,0.011230186664538101
0.14100000000000004,16.500999999999998,0.010681578496183255
0.14100000000000004,17.000999999999998,0.010118121155210769
0.14100000000000004,17.500999999999998,0.009542439973845565
0.14100000000000004,18.000999999999998,0.00895668629059787
0.14100000000000004,18.500999999999998,0.0083626164924437
0.14100000000000004,19.000999999999998,0.007761656276805799
0.14100000000000004,19.500999999999998,0.007154953095069912
0.14100000000000004,20.000999999999998,0.006543419089440096
0.14100000000000004,20.500999999999998,0.005927766338023426
0.14100000000000004,21.000999999999998,0.005308535840439898
0.14100000000000004,21.500999999999998,0.004686121379645267
0.14100000000000004,22.000999999999998,0.004060789164175298
0.14100000000000004,22.500999999999998,0.0034326939731412903
0.14100000000000004,23.000999999999998,0.0028018923824322597
0.14100000000000004,23.500999999999998,0.002168353535946771
0.14100000000000004,24.000999999999998,0.0015319678336261598
0.14100000000000004,24.500999999999998,0.0008925538334837238
0.14100000000000004,25.000999999999998,0.0002498636037878525
0.14100000000000004,25.500999999999998,-0.00039641328905723125
0.14100000000000004,26.000999999999998,-0.0010466470139920067
0.14100000000000004,26.500999999999998,-0.0017012658237985055
0.14100000000000004,27.000999999999998,-0.002360755444472725
0.14100000000000004,27.500999999999998,-0.003025659460540727
0.14100000000000004,28.000999999999998,-0.0036965806788238492
0.14100000000000004,28.500999999999998,-0.00437418347997195
0.14100000000000004,29.000999999999998,-0.00505919719443301
0.14100000000000004,29.500999999999998,-0.00575242056856521
0.14100000000000004,30.000999999999998,-0.006454727418686246
0.14100000000000004,30.500999999999998,-0.007167073607536208
0.14100000000000004,31.000999999999998,-0.007890505520807306
0.14100000000000004,31.500999999999998,-0.008626170273457225
0.14100000000000004,32.001,-0.00937532793961128
0.14100000000000004,32.501,-0.010139366180018289
0.14100000000000004,33.001,-0.010919817742833689
0.14100000000000004,33.501,-0.011718381444415157
0.14100000000000004,34.001,-0.012536947407248533
0.14100000000000004,34.501,-0.013377627556539567
0.14100000000000004,35.001,-0.01424279267604478
0.14100000000000004,35.501,-0.015135117726868132
0.14100000000000004,36.001,-0.01605763768336938
0.14100000000000004,36.501,-0.01701381690175753
0.14100000000000004,37.001,-0.01800763610534708
0.14100000000000004,37.501,-0.01904370259281946
0.14100000000000004,38.001,-0.020127391481627482
0.14100000000000004,38.501,-0.021265029054037467
0.14100000000000004,39.001,-0.022464134176005356
0.14100000000000004,39.501,-0.023733741311051097
0.14600000000000005,0.001,-0.5936307944199325
0.14600000000000005,0.501,-0.8117164306160934
0.14600000000000005,1.001,-0.9038660882852689
0.14600000000000005,1.501,-0.4547585050918329
0.14600000000000005,2.001,-0.26385348767999
0.14600000000000005,2.501,-0.16439962173706388
0.14600000000000005,3.001,-0.10618037323787397
0.14600000000000005,3.501,-0.06943699164693568
0.14600000000000005,4.0009999999999994,-0.045012555582775976
0.14600000000000005,4.5009999999999994,-0.028161853421042445
0.14600000000000005,5.0009999999999994,-0.01621706057575445
0.14600000000000005,5.5009999999999994,-0.007581998285269176
0.14600000000000005,6.0009999999999994,-0.0012535984567737524
0.14600000000000005,6.5009999999999994,0.003424038804714556
0.14600000000000005,7.0009999999999994,0.006894105478584794
0.14600000000000005,7.5009999999999994,0.00946442140740475
0.14600000000000005,8.001,0.011353841439647003
0.14600000000000005,8.501,0.012721124174886106
0.14600000000000005,9.001,0.013683455338628497
0.14600000000000005,9.501,0.014328657443064302
0.14600000000000005,10.001,0.014723430111214826
0.14600000000000005,10.501,0.014919028869319576
0.14600000000000005,11.001,0.014955252140109412
0.14600000000000005,11.501,0.014863287487717702
0.14600000000000005,12.001,0.01466777423173285
0.14600000000000005,12.501,0.014388318623997032
0.14600000000000005,13.001,0.014040620708515195
0.14600000000000005,13.501,0.01363732187309974
0.14600000000000005,14.001,0.013188648923162738
0.14600000000000005,14.501,0.012702908173743296
0.14600000000000005,15.001,0.012186867790242584
0.14600000000000005,15.501,0.011646056026532556
0.14600000000000005,16.000999999999998,0.011084995578119289
0.14600000000000005,16.500999999999998,0.010507388986308944
0.14600000000000005,17.000999999999998,0.009916266232968788
0.14600000000000005,17.500999999999998,0.00931410290795763
0.14600000000000005,18.000999999999998,0.008702915308736597
0.14600000000000005,18.500999999999998,0.008084337334396785
0.14600000000000005,19.000999999999998,0.007459682918384954
0.14600000000000005,19.500999999999998,0.006829996902555889
0.14600000000000005,20.000999999999998,0.006196096616655518
0.14600000000000005,20.500999999999998,0.005558605939301129
0.14600000000000005,21.000999999999998,0.0049179832408486925
0.14600000000000005,21.500999999999998,0.004274544317319606
0.14600000000000005,22.000999999999998,0.003628481197300748
0.14600000000000005,22.500999999999998,0.0029798775251204286
0.14600000000000005,23.000999999999998,0.0023287210822253712
0.14600000000000005,23.500999999999998,0.001674913895948569
0.14600000000000005,24.000999999999998,0.0010182802941411592
0.14600000000000005,24.500999999999998,0.00035857319045765057
0.14600000000000005,25.000999999999998,-0.00030452117547803
0.14600000000000005,25.500999999999998,-0.0009713798693507317
0.14600000000000005,26.000999999999998,-0.0016424411341235713
0.14600000000000005,26.500999999999998,-0.0023182034092898186
0.14600000000000005,27.000999999999998,-0.0029992254373995136
0.14600000000000005,27.500999999999998,-0.0036861274288022463
0.14600000000000005,28.000999999999998,-0.004379593285325701
0.14600000000000005,28.500999999999998,-0.005080373913549563
0.14600000000000005,29.000999999999998,-0.005789291689752611
0.14600000000000005,29.500999999999998,-0.006507246172909851
0.14600000000000005,30.000999999999998,-0.007235221201033516
0.14600000000000005,30.500999999999998,-0.007974293551663618
0.14600000000000005,31.000999999999998,-0.008725643401977637
0.14600000000000005,31.500999999999998,-0.009490566891061349
0.14600000000000005,32.001,-0.010270491170710765
0.14600000000000005,32.501,-0.01106699243746518
0.14600000000000005,33.001,-0.011881817575332708
0.14600000000000005,33.501,-0.012716910216739201
0.14600000000000005,34.001,-0.013574442263908304
0.14600000000000005,34.501,-0.014456852225794983
0.14600000000000005,35.001,-0.01536689214806726
0.14600000000000005,35.501,-0.016307685490953763
0.14600000000000005,36.001,-0.017282799109530955
0.14600000000000005,36.501,-0.01829633361492246
0.14600000000000005,37.001,-0.019353037998980978
0.14600000000000005,37.501,-0.02045845673359394
0.14600000000000005,38.001,-0.02161912099927417
0.14600000000000005,38.501,-0.02284280089562129
0.14600000000000005,39.001,-0.024138843513151362
0.14600000000000005,39.501,-0.025518634461931054
0.15100000000000005,0.001,-0.6088799236791036
0.15100000000000005,0.501,-0.8426229098480549
0.15100000000000005,1.001,-0.8917064715679737
0.15100000000000005,1.501,-0.4468570068507639
0.15100000000000005,2.001,-0.2581282640854115
0.15100000000000005,2.501,-0.15999883393377493
0.15100000000000005,3.001,-0.10267116876902166
0.15100000000000005,3.501,-0.0665689712208604
0.15100000000000005,4.0009999999999994,-0.042627703195048716
0.15100000000000005,4.5009999999999994,-0.02615401155697658
0.15100000000000005,5.0009999999999994,-0.0145114600817341
0.15100000000000005,5.5009999999999994,-0.006123995216486128
0.15100000000000005,6.0009999999999994,-2.054023206819744e-6
0.15100000000000005,6.5009999999999994,0.004500859327480261
0.15100000000000005,7.0009999999999994,0.007821184806350676
0.15100000000000005,7.5009999999999994,0.010261767671429917
0.15100000000000005,8.001,0.012037715999594507
0.15100000000000005,8.501,0.013304912042941208
0.15100000000000005,9.001,0.01417829626415612
0.15100000000000005,9.501,0.014743912553742716
0.15100000000000005,10.001,0.015067032996987834
0.15100000000000005,10.501,0.015197753826536736
0.15100000000000005,11.001,0.015174921963537619
0.15100000000000005,11.501,0.015028936436646212
0.15100000000000005,12.001,0.014783777273251798
0.15100000000000005,12.501,0.01445849497079741
0.15100000000000005,13.001,0.014068317525753448
0.15100000000000005,13.501,0.013625482516538237
0.15100000000000005,14.001,0.013139868987562989
0.15100000000000005,14.501,0.012619481843951424
0.15100000000000005,15.001,0.01207082640910286
0.15100000000000005,15.501,0.011499200363563694
0.15100000000000005,16.000999999999998,0.010908922959404918
0.15100000000000005,16.500999999999998,0.010303516200298696
0.15100000000000005,17.000999999999998,0.009685848938413469
0.15100000000000005,17.500999999999998,0.009058252124323568
0.15100000000000005,18.000999999999998,0.008422611455553723
0.15100000000000005,18.500999999999998,0.007780442196308204
0.15100000000000005,19.000999999999998,0.007132949841460519
0.15100000000000005,19.500999999999998,0.006481079470403443
0.15100000000000005,20.000999999999998,0.005825556008788376
0.15100000000000005,20.500999999999998,0.005166917136655244
0.15100000000000005,21.000999999999998,0.004505540212365586
0.15100000000000005,21.500999999999998,0.003841664295710925
0.15100000000000005,22.000999999999998,0.003175408130270934
0.15100000000000005,22.500999999999998,0.002506784769573278
0.15100000000000005,23.000999999999998,0.0018357133925577251
0.15100000000000005,23.500999999999998,0.001162028742788583
0.15100000000000005,24.000999999999998,0.00048548853634138023
0.15100000000000005,24.500999999999998,-0.00019422088972097934
0.15100000000000005,25.000999999999998,-0.0008774804766801952
0.15100000000000005,25.500999999999998,-0.0015647357304120618
0.15100000000000005,26.000999999999998,-0.002256495277233518
0.15100000000000005,26.500999999999998,-0.002953330610452297
0.15100000000000005,27.000999999999998,-0.0036558769837935212
0.15100000000000005,27.500999999999998,-0.004364835441088117
0.15100000000000005,28.000999999999998,-0.005080976004468829
0.15100000000000005,28.500999999999998,-0.0058051420772596216
0.15100000000000005,29.000999999999998,-0.0065382561543989685
0.15100000000000005,29.500999999999998,-0.00728132697431701
0.15100000000000005,30.000999999999998,-0.008035458293924921
0.15100000000000005,30.500999999999998,-0.008801859525341217
0.15100000000000005,31.000999999999998,-0.009581858542661907
0.15100000000000005,31.500999999999998,-0.010376917053926765
0.15100000000000005,32.001,-0.011188649043464088
0.15100000000000005,32.501,-0.01201884293120984
0.15100000000000005,33.001,-0.012869488279702362
0.15100000000000005,33.501,-0.013742808122092012
0.15100000000000005,34.001,-0.01464129830821696
0.15100000000000005,34.501,-0.015567775702938467
0.15100000000000005,35.001,-0.016525437668918338
0.15100000000000005,35.501,-0.01751793609507714
0.15100000000000005,36.001,-0.0185494703981618
0.15100000000000005,36.501,-0.01962490559109904
0.15100000000000005,37.001,-0.02074992393341795
0.15100000000000005,37.501,-0.021931222264876062
0.15100000000000005,38.001,-0.02317677254398853
0.15100000000000005,38.501,-0.02449617149756102
0.15100000000000005,39.001,-0.025901118593716417
0.15100000000000005,39.501,-0.027406083290028516
0.15600000000000006,0.001,-0.6239635914280737
0.15600000000000006,0.501,-0.8741610373068419
0.15600000000000006,1.001,-0.8800431196495302
0.15600000000000006,1.501,-0.4392953778784359
0.15600000000000006,2.001,-0.2526623198277871
0.15600000000000006,2.501,-0.15580783893482097
0.15600000000000006,3.001,-0.09933812612390436
0.15600000000000006,3.501,-0.06385268673699707
0.15600000000000006,4.0009999999999994,-0.04037599277410024
0.15600000000000006,4.5009999999999994,-0.024264652662238255
0.15600000000000006,5.0009999999999994,-0.012912468249263176
0.15600000000000006,5.5009999999999994,-0.00476277226305178
0.15600000000000006,6.0009999999999994,0.001160989896388298
0.15600000000000006,6.5009999999999994,0.005496256612414464
0.15600000000000006,7.0009999999999994,0.00867296519818618
0.15600000000000006,7.5009999999999994,0.010989170390813818
0.15600000000000006,8.001,0.012656372389773782
0.15600000000000006,8.501,0.013827683920035964
0.15600000000000006,9.001,0.014615883707042365
0.15600000000000006,9.501,0.015105303288364146
0.15600000000000006,10.001,0.015359840470564656
0.15600000000000006,10.501,0.015428475489331586
0.15600000000000006,11.001,0.015349139324131452
0.15600000000000006,11.501,0.015151471942784864
0.15600000000000006,12.001,0.014858818712926866
0.15600000000000006,12.501,0.014489695115652675
0.15600000000000006,13.001,0.014058874674710245
0.15600000000000006,13.501,0.013578206140740748
0.15600000000000006,14.001,0.013057233634287804
0.15600000000000006,14.501,0.012503671699484416
0.15600000000000006,15.001,0.011923772363520366
0.15600000000000006,15.501,0.011322611005962935
0.15600000000000006,16.000999999999998,0.01070431062049506
0.15600000000000006,16.500999999999998,0.010072218922511835
0.15600000000000006,17.000999999999998,0.009429049072091925
0.15600000000000006,17.500999999999998,0.008776992107953949
0.15600000000000006,18.000999999999998,0.00811780722821441
0.15600000000000006,18.500999999999998,0.007452894604007929
0.15600000000000006,19.000999999999998,0.006783354330303144
0.15600000000000006,19.500999999999998,0.006110034304415913
0.15600000000000006,20.000999999999998,0.005433569205667561
0.15600000000000006,20.500999999999998,0.004754412278245104
0.15600000000000006,21.000999999999998,0.004072861256563753
0.15600000000000006,21.500999999999998,0.0033890794912691397
0.15600000000000006,22.000999999999998,0.0027031131145176454
0.15600000000000006,22.500999999999998,0.0020149049105061267
0.15600000000000006,23.000999999999998,0.0013243054203116236
0.15600000000000006,23.500999999999998,0.0006310817005649796
0.15600000000000006,24.000999999999998,-0.00006507593308199139
0.15600000000000006,24.500999999999998,-0.0007645489192630375
0.15600000000000006,25.000999999999998,-0.001467787022845675
0.15600000000000006,25.500999999999998,-0.002175306318596089
0.15600000000000006,26.000999999999998,-0.0028876884841472043
0.15600000000000006,26.500999999999998,-0.0036055813398464705
0.15600000000000006,27.000999999999998,-0.004329700610287724
0.15600000000000006,27.500999999999998,-0.00506083291852529
0.15600000000000006,28.000999999999998,-0.005799840060741588
0.15600000000000006,28.500999999999998,-0.006547664648225985
0.15600000000000006,29.000999999999998,-0.007305337246860687
0.15600000000000006,29.500999999999998,-0.008073985194097098
0.15600000000000006,30.000999999999998,-0.008854843332489003
0.15600000000000006,30.500999999999998,-0.009649266970688304
0.15600000000000006,31.000999999999998,-0.010458747472097095
0.15600000000000006,31.500999999999998,-0.011284930984216877
0.15600000000000006,32.001,-0.012129640966608457
0.15600000000000006,32.501,-0.012994905363818487
0.15600000000000006,33.001,-0.013882989517937261
0.15600000000000006,33.501,-0.014796436246652701
0.15600000000000006,34.001,-0.01573811496004284
0.15600000000000006,34.501,-0.016711282301409475
0.15600000000000006,35.001,-0.017719657646355972
0.15600000000000006,35.501,-0.01876751798890862
0.15600000000000006,36.001,-0.019859818451091683
0.15600000000000006,36.501,-0.021002347135493905
0.15600000000000006,37.001,-0.022201926719483442
0.15600000000000006,37.501,-0.023466680755126364
0.15600000000000006,38.001,-0.024806391253720778
0.15600000000000006,38.501,-0.02623298781772841
0.15600000000000006,39.001,-0.027761230960078258
0.15600000000000006,39.501,-0.029409690076507674
0.16100000000000006,0.001,-0.6388871004202077
0.16100000000000006,0.501,-0.9063909043077284
0.16100000000000006,1.001,-0.8688448866851314
0.16100000000000006,1.501,-0.4320522359878438
0.16100000000000006,2.001,-0.2474392922831927
0.16100000000000006,2.501,-0.15181334918813105
0.16100000000000006,3.001,-0.09617004252969577
0.16100000000000006,3.501,-0.06127844586734235
0.16100000000000006,4.0009999999999994,-0.03824887899509963
0.16100000000000006,4.5009999999999994,-0.022486133528723556
0.16100000000000006,5.0009999999999994,-0.011413170968707642
0.16100000000000006,5.5009999999999994,-0.0034920175477470283
0.16100000000000006,6.0009999999999994,0.002241338793035265
0.16100000000000006,6.5009999999999994,0.006415603976531292
0.16100000000000006,7.0009999999999994,0.009454446452379278
0.16100000000000006,7.5009999999999994,0.011651303021648525
0.16100000000000006,8.001,0.013214196242610554
0.16100000000000006,8.501,0.014293569477764112
0.16100000000000006,9.001,0.015000118038813784
0.16100000000000006,9.501,0.015416523253310901
0.16100000000000006,10.001,0.015605358593000038
0.16100000000000006,10.501,0.015614528898363211
0.16100000000000006,11.001,0.015481082553205898
0.16100000000000006,11.501,0.015233928102945654
0.16100000000000006,12.001,0.014895799351520994
0.16100000000000006,12.501,0.014484696205756258
0.16100000000000006,13.001,0.014014954190020523
0.16100000000000006,13.501,0.013498047265972687
0.16100000000000006,14.001,0.012943196654925049
0.16100000000000006,14.501,0.012357836884190343
0.16100000000000006,15.001,0.011747975615359715
0.16100000000000006,15.501,0.011118473658988604
0.16100000000000006,16.000999999999998,0.010473264457737276
0.16100000000000006,16.500999999999998,0.009815527263077967
0.16100000000000006,17.000999999999998,0.009147824599915113
0.16100000000000006,17.500999999999998,0.008472211979082364
0.16100000000000006,18.000999999999998,0.007790325887564752
0.16100000000000006,18.500999999999998,0.007103454658967591
0.16100000000000006,19.000999999999998,0.006412595762129738
0.16100000000000006,19.500999999999998,0.005718502245065031
0.16100000000000006,20.000999999999998,0.0050217204644528775
0.16100000000000006,20.500999999999998,0.004322620767322545
0.16100000000000006,21.000999999999998,0.0036214224348475876
0.16100000000000006,21.500999999999998,0.002918213921672949
0.16100000000000006,22.000999999999998,0.0022129692082353755
0.16100000000000006,22.500999999999998,0.0015055609135663783
0.16100000000000006,23.000999999999998,0.0007957706810707704
0.16100000000000006,23.500999999999998,0.00008329724156837248
0.16100000000000006,24.000999999999998,-0.0006322375299485303
0.16100000000000006,24.500999999999998,-0.0013512843196650456
0.16100000000000006,25.000999999999998,-0.0020743636588226033
0.16100000000000006,25.500999999999998,-0.0028020646545521243
0.16100000000000006,26.000999999999998,-0.0035350450819956695
0.16100000000000006,26.500999999999998,-0.00427403279408815
0.16100000000000006,27.000999999999998,-0.005019828445429336
0.16100000000000006,27.500999999999998,-0.005773309566675239
0.16100000000000006,28.000999999999998,-0.00653543606763491
0.16100000000000006,28.500999999999998,-0.00730725729289531
0.16100000000000006,29.000999999999998,-0.008089920805635906
0.16100000000000006,29.500999999999998,-0.008884683136238615
0.16100000000000006,30.000999999999998,-0.009692922805961436
0.16100000000000006,30.500999999999998,-0.010516156027058162
0.16100000000000006,31.000999999999998,-0.011356055595581928
0.16100000000000006,31.500999999999998,-0.012214473640213112
0.16100000000000006,32.001,-0.013093469081605628
0.16100000000000006,32.501,-0.013995340908356385
0.16100000000000006,33.001,-0.014922668711183022
0.16100000000000006,33.501,-0.015878362369842837
0.16100000000000006,34.001,-0.016865723406915074
0.16100000000000006,34.501,-0.017888521381765842
0.16100000000000006,35.001,-0.018951089906956153
0.16100000000000006,35.501,-0.020058448597395983
0.16100000000000006,36.001,-0.02121645977517036
0.16100000000000006,36.501,-0.022432032475638172
0.16100000000000006,37.001,-0.023713391931295822
0.16100000000000006,37.501,-0.025070441425732143
0.16100000000000006,38.001,-0.026515257253156874
0.16100000000000006,38.501,-0.02806278015501909
0.16100000000000006,39.001,-0.029731804864724223
0.16100000000000006,39.501,-0.03154643656453185
0.16600000000000006,0.001,-0.6536554237811437
0.16600000000000006,0.501,-0.9393800849684149
0.16600000000000006,1.001,-0.8580834725732278
0.16600000000000006,1.501,-0.4251081537144168
0.16600000000000006,2.001,-0.24244431575087194
0.16600000000000006,2.501,-0.148003293744859
0.16600000000000006,3.001,-0.09315674186219614
0.16600000000000006,3.501,-0.0588374453834066
0.16600000000000006,4.0009999999999994,-0.03623860124852413
0.16600000000000006,4.5009999999999994,-0.020811513630014072
0.16600000000000006,5.0009999999999994,-0.010007290574054292
0.16600000000000006,5.5009999999999994,-0.0023060009850666696
0.16600000000000006,6.0009999999999994,0.003244262261164199
0.16600000000000006,6.5009999999999994,0.007263777952078625
0.16600000000000006,7.0009999999999994,0.010170165330373931
0.16600000000000006,7.5009999999999994,0.01225240541472794
0.16600000000000006,8.001,0.01371516549073453
0.16600000000000006,8.501,0.014706313675111146
0.16600000000000006,9.001,0.01533453546238392
0.16600000000000006,9.501,0.01568092036408042
0.16600000000000006,10.001,0.015806764448851766
0.16600000000000006,10.501,0.01575893531508365
0.16600000000000006,11.001,0.015573630085336104
0.16600000000000006,11.501,0.015279051852535308
0.16600000000000006,12.001,0.014897344556802554
0.16600000000000006,12.501,0.014446010794895228
0.16600000000000006,13.001,0.013938963563871101
0.16600000000000006,13.501,0.013387315217886973
0.16600000000000006,14.001,0.01279997536456133
0.16600000000000006,14.501,0.012184108217125525
0.16600000000000006,15.001,0.011545485441873421
0.16600000000000006,15.501,0.010888760519672303
0.16600000000000006,16.000999999999998,0.010217683613507372
0.16600000000000006,16.500999999999998,0.00953527094674353
0.16600000000000006,17.000999999999998,0.008843939117295939
0.16600000000000006,17.500999999999998,0.008145612176685454
0.16600000000000006,18.000999999999998,0.007441807401402253
0.16600000000000006,18.500999999999998,0.006733704278343118
0.16600000000000006,19.000999999999998,0.006022200177915486
0.16600000000000006,19.500999999999998,0.005307955400306716
0.16600000000000006,20.000999999999998,0.004591429683161379
0.16600000000000006,20.500999999999998,0.0038729118028138464
0.16600000000000006,21.000999999999998,0.0031525435502544608
0.16600000000000006,21.500999999999998,0.002430339090928782
0.16600000000000006,22.000999999999998,0.0017062005048534695
0.16600000000000006,22.500999999999998,0.0009799301360128576
0.16600000000000006,23.000999999999998,0.0002512402467478442
0.16600000000000006,23.500999999999998,-0.0004802396342817178
0.16600000000000006,24.000999999999998,-0.0012149573692940216
0.16600000000000006,24.500999999999998,-0.0019534346448096818
0.16600000000000006,25.000999999999998,-0.0026962650135691282
0.16600000000000006,25.500999999999998,-0.0034441134304235687
0.16600000000000006,26.000999999999998,-0.004197717215483935
0.16600000000000006,26.500999999999998,-0.004957888422492466
0.16600000000000006,27.000999999999998,-0.005725517634103564
0.16600000000000006,27.500999999999998,-0.0065015792505348155
0.16600000000000006,28.000999999999998,-0.007287138386164481
0.16600000000000006,28.500999999999998,-0.008083359542527084
0.16600000000000006,29.000999999999998,-0.008891517288858945
0.16600000000000006,29.500999999999998,-0.009713009256471943
0.16600000000000006,30.000999999999998,-0.01054937184568637
0.16600000000000006,30.500999999999998,-0.011402299160077421
0.16600000000000006,31.000999999999998,-0.012273665831032104
0.16600000000000006,31.500999999999998,-0.013165554587834763
0.16600000000000006,32.001,-0.014080289681200984
0.16600000000000006,32.501,-0.015020477604760309
0.16600000000000006,33.001,-0.015989057013054968
0.16600000000000006,33.501,-0.016989360355337647
0.16600000000000006,34.001,-0.018025190604681628
0.16600000000000006,34.501,-0.019100917671593838
0.16600000000000006,35.001,-0.02022160081940122
0.16600000000000006,35.501,-0.02139314590975535
0.16600000000000006,36.001,-0.022622510024484097
0.16600000000000006,36.501,-0.02391797162949038
0.16600000000000006,37.001,-0.025289493137303064
0.16600000000000006,37.501,-0.026749216515743378
0.16600000000000006,38.001,-0.028312155116823425
0.16600000000000006,38.501,-0.029997182928741574
0.16600000000000006,39.001,-0.03182848912845915
0.16600000000000006,39.501,-0.03383778796350946
0.17100000000000007,0.001,-0.6682732348193263
0.17100000000000007,0.501,-0.9732051887644786
0.17100000000000007,1.001,-0.8477330867117633
0.17100000000000007,1.501,-0.41844542731931844
0.17100000000000007,2.001,-0.2376638445073131
0.17100000000000007,2.501,-0.14436667440065232
0.17100000000000007,3.001,-0.09028895320408062
0.17100000000000007,3.501,-0.056521665944890505
0.17100000000000007,4.0009999999999994,-0.03433809074476156
0.17100000000000007,4.5009999999999994,-0.01923447190411251
0.17100000000000007,5.0009999999999994,-0.008689110439711295
0.17100000000000007,5.5009999999999994,-0.0011995053247750298
0.17100000000000007,6.0009999999999994,0.004174557541746116
0.17100000000000007,6.5009999999999994,0.008045217217003145
0.17100000000000007,7.0009999999999994,0.010824250507752348
0.17100000000000007,7.5009999999999994,0.012796335296698463
0.17100000000000007,8.001,0.01416289879472779
0.17100000000000007,8.501,0.015069322477550225
0.17100000000000007,9.001,0.01562235131122669
0.17100000000000007,9.501,0.015901537968812406
0.17100000000000007,10.001,0.015966945302575516
0.17100000000000007,10.501,0.01586443959048338
0.17100000000000007,11.001,0.015629396195042868
0.17100000000000007,11.501,0.015289337205972406
0.17100000000000007,12.001,0.014865837126890533
0.17100000000000007,12.501,0.014375918434961887
0.17100000000000007,13.001,0.013833086159020097
0.17100000000000007,13.501,0.013248103445246809
0.17100000000000007,14.001,0.012629578898659052
0.17100000000000007,14.501,0.011984415535472533
0.17100000000000007,15.001,0.01131815688495745
0.17100000000000007,15.501,0.010635255886947272
0.17100000000000007,16.000999999999998,0.009939285296684017
0.17100000000000007,16.500999999999998,0.009233103388679997
0.17100000000000007,17.000999999999998,0.008518985221317124
0.17100000000000007,17.500999999999998,0.007798727164476611
0.17100000000000007,18.000999999999998,0.007073730518583199
0.17100000000000007,18.500999999999998,0.006345068668618489
0.17100000000000007,19.000999999999998,0.005613541184385555
0.17100000000000007,19.500999999999998,0.004879717502349558
0.17100000000000007,20.000999999999998,0.004143972236443361
0.17100000000000007,20.500999999999998,0.003406513716299339
0.17100000000000007,21.000999999999998,0.002667407005896086
0.17100000000000007,21.500999999999998,0.001926592387698503
0.17100000000000007,22.000999999999998,0.0011839000878763883
0.17100000000000007,22.500999999999998,0.0004390618529139939
0.17100000000000007,23.000999999999998,-0.00030828014382908164
0.17100000000000007,23.500999999999998,-0.0010585666933227086
0.17100000000000007,24.000999999999998,-0.00181231695463447
0.17100000000000007,24.500999999999998,-0.002570125658762374
0.17100000000000007,25.000999999999998,-0.003332661962212803
0.17100000000000007,25.500999999999998,-0.004100669854915676
0.17100000000000007,26.000999999999998,-0.004874970077323089
0.17100000000000007,26.500999999999998,-0.005656463549665886
0.17100000000000007,27.000999999999998,-0.006446136364620575
0.17100000000000007,27.500999999999998,-0.007245066445504586
0.17100000000000007,28.000999999999998,-0.008054432028176885
0.17100000000000007,28.500999999999998,-0.008875522189156385
0.17100000000000007,29.000999999999998,-0.009709749718878481
0.17100000000000007,29.500999999999998,-0.0105586667322954
0.17100000000000007,30.000999999999998,-0.011423983525536946
0.17100000000000007,30.500999999999998,-0.012307591335664607
0.17100000000000007,31.000999999999998,-0.013211589852362166
0.17100000000000007,31.500999999999998,-0.014138320582097168
0.17100000000000007,32.001,-0.015090407499997276
0.17100000000000007,32.501,-0.01607080687569434
0.17100000000000007,33.001,-0.017082868775223817
0.17100000000000007,33.501,-0.01813041359362972
0.17100000000000007,34.001,-0.019217828170608194
0.17100000000000007,34.501,-0.020350187750541787
0.17100000000000007,35.001,-0.021533412528854372
0.17100000000000007,35.501,-0.022774471194663845
0.17100000000000007,36.001,-0.02408164941623389
0.17100000000000007,36.501,-0.02546490976518142
0.17100000000000007,37.001,-0.02693638311832735
0.17100000000000007,37.501,-0.028511053654601003
0.17100000000000007,38.001,-0.030207736753233048
0.17100000000000007,38.501,-0.032050514133098444
0.17100000000000007,39.001,-0.034070909357742415
0.17100000000000007,39.501,-0.03631131518468708
0.17600000000000007,0.001,-0.6827449333468009
0.17600000000000007,0.501,-1.0079538217006372
0.17600000000000007,1.001,-0.8377701600068264
0.17600000000000007,1.501,-0.4120478789422455
0.17600000000000007,2.001,-0.2330855012566243
0.17600000000000007,2.501,-0.14089344248834373
0.17600000000000007,3.001,-0.0875582068403642
0.17600000000000007,3.501,-0.054323781998743534
0.17600000000000007,4.0009999999999994,-0.032540890963606045
0.17600000000000007,4.5009999999999994,-0.017749235493799732
0.17600000000000007,5.0009999999999994,-0.007453410414903015
0.17600000000000007,5.5009999999999994,-0.00016776710904789494
0.17600000000000007,6.0009999999999994,0.005036603927741329
0.17600000000000007,6.5009999999999994,0.008763973048843743
0.17600000000000007,7.0009999999999994,0.011420469619033792
0.17600000000000007,7.5009999999999994,0.013286612342351317
0.17600000000000007,8.001,0.014560696999660228
0.17600000000000007,8.501,0.015385701993172497
0.17600000000000007,9.001,0.015866497112438926
0.17600000000000007,9.501,0.016081150047526777
0.17600000000000007,10.001,0.016088532112593118
0.17600000000000007,10.501,0.015933542147710308
0.17600000000000007,11.001,0.015650761581245634
0.17600000000000007,11.501,0.015267054559269487
0.17600000000000007,12.001,0.014803445413073824
0.17600000000000007,12.501,0.014276492709112812
0.17600000000000007,13.001,0.013699307232241512
0.17600000000000007,13.501,0.013082314604876244
0.17600000000000007,14.001,0.012433832423253688
0.17600000000000007,14.501,0.011760511087223285
0.17600000000000007,15.001,0.011067673377921137
0.17600000000000007,15.501,0.010359578069162517
0.17600000000000007,16.000999999999998,0.009639626013206835
0.17600000000000007,16.500999999999998,0.008910522286556824
0.17600000000000007,17.000999999999998,0.00817440449935302
0.17600000000000007,17.500999999999998,0.007432944848073782
0.17600000000000007,18.000999999999998,0.006687431643987662
0.17600000000000007,18.500999999999998,0.0059388346851343594
0.17600000000000007,19.000999999999998,0.005187857822622398
0.17600000000000007,19.500999999999998,0.004434981307788993
0.17600000000000007,20.000999999999998,0.0036804959277723093
0.17600000000000007,20.500999999999998,0.0029245304949861717
0.17600000000000007,21.000999999999998,0.0021670739157372138
0.17600000000000007,21.500999999999998,0.0014079927992471791
0.17600000000000007,22.000999999999998,0.0006470453617413996
0.17600000000000007,22.500999999999998,-0.00011610778299424307
0.17600000000000007,23.000999999999998,-0.0008818954856699146
0.17600000000000007,23.500999999999998,-0.0016508302209514228
0.17600000000000007,24.000999999999998,-0.0024235042762575376
0.17600000000000007,24.500999999999998,-0.003200587775257186
0.17600000000000007,25.000999999999998,-0.003982828405078746
0.17600000000000007,25.500999999999998,-0.004771052773350788
0.17600000000000007,26.000999999999998,-0.005566169374660743
0.17600000000000007,26.500999999999998,-0.006369173198445897
0.17600000000000007,27.000999999999998,-0.007181152064387207
0.17600000000000007,27.500999999999998,-0.008003294829827659
0.17600000000000007,28.000999999999998,-0.00883690167979969
0.17600000000000007,28.500999999999998,-0.009683396787727866
0.17600000000000007,29.000999999999998,-0.010544343728681245
0.17600000000000007,29.500999999999998,-0.011421464143414623
0.17600000000000007,30.000999999999998,-0.012316660298905702
0.17600000000000007,30.500999999999998,-0.013232042381167337
0.17600000000000007,31.000999999999998,-0.01416996160487515
0.17600000000000007,31.500999999999998,-0.015133050554520515
0.17600000000000007,32.001,-0.01612427261591786
0.17600000000000007,32.501,-0.017146982962406722
0.17600000000000007,33.001,-0.018205004397117378
0.17600000000000007,33.501,-0.019302722526785054
0.17600000000000007,34.001,-0.020445206415425785
0.17600000000000007,34.501,-0.02163836329019058
0.17600000000000007,35.001,-0.02288913944971796
0.17600000000000007,35.501,-0.02420578491524357
0.17600000000000007,36.001,-0.02559820766956973
0.17600000000000007,36.501,-0.027078456452151414
0.17600000000000007,37.001,-0.02866139241313921
0.17600000000000007,37.501,-0.030365645750924226
0.17600000000000007,38.001,-0.03221501587092366
0.17600000000000007,38.501,-0.03424058711387111
0.17600000000000007,39.001,-0.03648404921014041
0.17600000000000007,39.501,-0.03900315260393415
0.18100000000000008,0.001,-0.697074669006526
0.18100000000000008,0.501,-1.0437270997989427
0.18100000000000008,1.001,-0.8281730970530073
0.18100000000000008,1.501,-0.40590068635260335
0.18100000000000008,2.001,-0.22869794672413943
0.18100000000000008,2.501,-0.13757439286317252
0.18100000000000008,3.001,-0.08495674477018378
0.18100000000000008,3.501,-0.05223708425706608
0.18100000000000008,4.0009999999999994,-0.030841089212513217
0.18100000000000008,4.5009999999999994,-0.01635051844058691
0.18100000000000008,5.0009999999999994,-0.006295411279017568
0.18100000000000008,5.5009999999999994,0.0007935741188854484
0.18100000000000008,6.0009999999999994,0.0058344095641097715
0.18100000000000008,6.5009999999999994,0.009423752723733261
0.18100000000000008,7.0009999999999994,0.011962269722527244
0.18100000000000008,7.5009999999999994,0.013726456081110651
0.18100000000000008,8.001,0.014911578790261185
0.18100000000000008,8.501,0.0156582921307393
0.18100000000000008,9.001,0.01606965246055167
0.18100000000000008,9.501,0.01622229148179502
0.18100000000000008,10.001,0.016173928350543237
0.18100000000000008,10.501,0.01596852648322676
0.18100000000000008,11.001,0.015639899665008505
0.18100000000000008,11.501,0.015214275884445141
0.18100000000000008,12.001,0.014712147498731815
0.18100000000000008,12.501,0.01414962447273303
0.18100000000000008,13.001,0.013539436306085298
0.18100000000000008,13.501,0.012891682125492392
0.18100000000000008,14.001,0.012214397945656572
0.18100000000000008,14.501,0.011513989637979866
0.18100000000000008,15.001,0.010795566192733263
0.18100000000000008,15.501,0.010063198211860996
0.18100000000000008,16.000999999999998,0.009320119810730706
0.18100000000000008,16.500999999999998,0.008568887315082416
0.18100000000000008,17.000999999999998,0.00781150470357405
0.18100000000000008,17.500999999999998,0.007049523256887933
0.18100000000000008,18.000999999999998,0.0062841210528442005
0.18100000000000008,18.500999999999998,0.005516166601750042
0.18100000000000008,19.000999999999998,0.004746269913997354
0.18100000000000008,19.500999999999998,0.003974823538923117
0.18100000000000008,20.000999999999998,0.003202035543573817
0.18100000000000008,20.500999999999998,0.0024279559644845294
0.18100000000000008,21.000999999999998,0.0016524979303204762
0.18100000000000008,21.500999999999998,0.0008754543929214431
0.18100000000000008,22.000999999999998,0.0000965112003463997
0.18100000000000008,22.500999999999998,-0.0006847429159754226
0.18100000000000008,23.000999999999998,-0.0014688089973682594
0.18100000000000008,23.500999999999998,-0.0022562728201125787
0.18100000000000008,24.000999999999998,-0.0030478019141082467
0.18100000000000008,24.500999999999998,-0.003844144462955698
0.18100000000000008,25.000999999999998,-0.004646129976034041
0.18100000000000008,25.500999999999998,-0.005454671683161709
0.18100000000000008,26.000999999999998,-0.006270770659912078
0.18100000000000008,26.500999999999998,-0.007095521749502107
0.18100000000000008,27.000999999999998,-0.007930121408422489
0.18100000000000008,27.500999999999998,-0.00877587767091198
0.18100000000000008,28.000999999999998,-0.009634222505958946
0.18100000000000008,28.500999999999998,-0.010506726934535963
0.18100000000000008,29.000999999999998,-0.01139511939057529
0.18100000000000008,29.500999999999998,-0.012301307954996437
0.18100000000000008,30.000999999999998,-0.013227407279285685
0.18100000000000008,30.500999999999998,-0.014175771259302063
0.18100000000000008,31.000999999999998,-0.01514903284324405
0.18100000000000008,31.500999999999998,-0.01615015279159108
0.18100000000000008,32.001,-0.017182479797228097
0.18100000000000008,32.501,-0.018249825188569026
0.18100000000000008,33.001,-0.01935655657898267
0.18100000000000008,33.501,-0.020507716447543574
0.18100000000000008,34.001,-0.021709173981145233
0.18100000000000008,34.501,-0.022967821961482858
0.18100000000000008,35.001,-0.024291835669704723
0.18100000000000008,35.501,-0.025691018754904364
0.18100000000000008,36.001,-0.027177273572613535
0.18100000000000008,36.501,-0.028765253846417198
0.18100000000000008,37.001,-0.030473291531609856
0.18100000000000008,37.501,-0.03232474876898635
0.18100000000000008,38.001,-0.03435005255588039
0.18100000000000008,38.501,-0.036589872612589516
0.18100000000000008,39.001,-0.039100311781450806
0.18100000000000008,39.501,-0.04196186335382872
0.18600000000000008,0.001,-0.7112663620199824
0.18600000000000008,0.501,-1.0806429214330517
0.18600000000000008,1.001,-0.8189220619414488
0.18600000000000008,1.501,-0.39999023580331283
0.18600000000000008,2.001,-0.22449076694887243
0.18600000000000008,2.501,-0.1344010722794533
0.18600000000000008,3.001,-0.08247744336945242
0.18600000000000008,3.501,-0.050255412703768154
0.18600000000000008,4.0009999999999994,-0.029233257482807043
0.18600000000000008,4.5009999999999994,-0.015033468709463371
0.18600000000000008,5.0009999999999994,-0.005210726746881389
0.18600000000000008,5.5009999999999994,0.0016885197003731756
0.18600000000000008,6.0009999999999994,0.006571651883068335
0.18600000000000008,6.5009999999999994,0.01002795701157666
0.18600000000000008,7.0009999999999994,0.012452812259037133
0.18600000000000008,7.5009999999999994,0.014118818644117542
0.18600000000000008,8.001,0.015218311491813323
0.18600000000000008,8.501,0.01588969567413917
0.18600000000000008,9.001,0.0162342725495737
0.18600000000000008,9.501,0.016327284200042452
0.18600000000000008,10.001,0.016225334892749257
0.18600000000000008,10.501,0.015971482918781272
0.18600000000000008,11.001,0.015598799301152221
0.18600000000000008,11.501,0.015132896487271272
0.18600000000000008,12.001,0.01459375207912544
0.18600000000000008,12.501,0.013997041922260922
0.18600000000000008,13.001,0.01335512648615287
0.18600000000000008,13.501,0.012677788826339687
0.18600000000000008,14.001,0.011972792281791558
0.18600000000000008,14.501,0.011246305829481986
0.18600000000000008,15.001,0.010503231228027904
0.18600000000000008,15.501,0.009747456549852249
0.18600000000000008,16.000999999999998,0.008982054026104011
0.18600000000000008,16.500999999999998,0.008209435397353693
0.18600000000000008,17.000999999999998,0.0074314745720623545
0.18600000000000008,17.500999999999998,0.006649604938613746
0.18600000000000008,18.000999999999998,0.005864896880122692
0.18600000000000008,18.500999999999998,0.005078119714787284
0.18600000000000008,19.000999999999998,0.0042897912965872
0.18600000000000008,19.500999999999998,0.0035002177689733155
0.18600000000000008,20.000999999999998,0.0027095254020739756
0.18600000000000008,20.500999999999998,0.0019176860146770808
0.18600000000000008,21.000999999999998,0.0011245371516600822
0.18600000000000008,21.500999999999998,0.00032979793069055907
0.18600000000000008,22.000999999999998,-0.0004669187295392452
0.18600000000000008,22.500999999999998,-0.0012660969472673492
0.18600000000000008,23.000999999999998,-0.0020683113583004967
0.18600000000000008,23.500999999999998,-0.002874222921329661
0.18600000000000008,24.000999999999998,-0.00368457681829968
0.18600000000000008,24.500999999999998,-0.004500202296463556
0.18600000000000008,25.000999999999998,-0.005322014366934545
0.18600000000000008,25.500999999999998,-0.0061510173382569935
0.18600000000000008,26.000999999999998,-0.006988310226037832
0.18600000000000008,26.500999999999998,-0.007835094144271006
0.18600000000000008,27.000999999999998,-0.008692681854163699
0.18600000000000008,27.500999999999998,-0.009562509726037713
0.18600000000000008,28.000999999999998,-0.010446152464075653
0.18600000000000008,28.500999999999998,-0.01134534105851341
0.18600000000000008,29.000999999999998,-0.012261984573474521
0.18600000000000008,29.500999999999998,-0.013198196561967003
0.18600000000000008,30.000999999999998,-0.014156327137768238
0.18600000000000008,30.500999999999998,-0.015139002048267708
0.18600000000000008,31.000999999999998,-0.01614917051314836
0.18600000000000008,31.500999999999998,-0.01719016416500129
0.18600000000000008,32.001,-0.018265770214347665
0.18600000000000008,32.501,-0.019380323059972324
0.18600000000000008,33.001,-0.020538820123705136
0.18600000000000008,33.501,-0.021747069936283114
0.18600000000000008,34.001,-0.02301188380176651
0.18600000000000008,34.501,-0.024341327312983982
0.18600000000000008,35.001,-0.025745055563242573
0.18600000000000008,35.501,-0.02723476778398151
0.18600000000000008,36.001,-0.028824836309725578
0.18600000000000008,36.501,-0.030533196678613986
0.18600000000000008,37.001,-0.03238264070652851
0.18600000000000008,37.501,-0.03440275327595983
0.18600000000000008,38.001,-0.03663292011931921
0.18600000000000008,38.501,-0.039127206448601404
0.18600000000000008,39.001,-0.04196270384040633
0.18600000000000008,39.501,-0.04525480320194633
0.1910000000000001,0.001,-0.7253237217021682
0.1910000000000001,0.501,-1.1188403020127833
0.1910000000000001,1.001,-0.8099987923627461
0.1910000000000001,1.501,-0.39430399432368374
0.1910000000000001,2.001,-0.22045437546788818
0.1910000000000001,2.501,-0.13136569987597513
0.1910000000000001,3.001,-0.08011374627676583
0.1910000000000001,3.501,-0.04837309845945903
0.1910000000000001,4.0009999999999994,-0.027712401128332148
0.1910000000000001,4.5009999999999994,-0.013793622222148971
0.1910000000000001,5.0009999999999994,-0.0041953218253928184
0.1910000000000001,5.5009999999999994,0.0025207499377938314
0.1910000000000001,6.0009999999999994,0.00725171268539071
0.1910000000000001,6.5009999999999994,0.010579712705197683
0.1910000000000001,7.0009999999999994,0.012895003379213454
0.1910000000000001,7.5009999999999994,0.01446641317176825
0.1910000000000001,8.001,0.01548343778830362
0.1910000000000001,8.501,0.016082303501895087
0.1910000000000001,9.001,0.016362612053597375
0.1910000000000001,9.501,0.01639825985437833
0.1910000000000001,10.001,0.01624477160861327
0.1910000000000001,10.501,0.015944329200638
0.1910000000000001,11.001,0.01552928447434003
0.1910000000000001,11.501,0.015024653875268586
0.1910000000000001,12.001,0.014449916567176646
0.1910000000000001,12.501,0.013820327996869775
0.1910000000000001,13.001,0.013147891210207898
0.1910000000000001,13.501,0.012442083059633943
0.1910000000000001,14.001,0.011710402633008987
0.1910000000000001,14.501,0.010958789227636392
0.1910000000000001,15.001,0.010191943561514927
0.1910000000000001,15.501,0.009413576493975048
0.1910000000000001,16.000999999999998,0.00862660293361206
0.1910000000000001,16.500999999999998,0.007833293939206919
0.1910000000000001,17.000999999999998,0.007035396671657818
0.1910000000000001,17.500999999999998,0.006234229430947823
0.1910000000000001,18.000999999999998,0.00543075723969616
0.1910000000000001,18.500999999999998,0.0046256521265470585
0.1910000000000001,19.000999999999998,0.0038193412884346967
0.1910000000000001,19.500999999999998,0.003012045579046968
0.1910000000000001,20.000999999999998,0.0022038102165889834
0.1910000000000001,20.500999999999998,0.0013945291806608806
0.1910000000000001,21.000999999999998,0.0005839644418871026
0.1910000000000001,21.500999999999998,-0.0002282390857382549
0.1910000000000001,22.000999999999998,-0.0010425421792614117
0.1910000000000001,22.500999999999998,-0.001859502996160528
0.1910000000000001,23.000999999999998,-0.002679771415362457
0.1910000000000001,23.500999999999998,-0.0035040857324452786
0.1910000000000001,24.000999999999998,-0.004333271501284996
0.1910000000000001,24.500999999999998,-0.005168242392875888
0.1910000000000001,25.000999999999998,-0.006010003013556751
0.1910000000000001,25.500999999999998,-0.006859653693210552
0.1910000000000001,26.000999999999998,-0.0077183973227824415
0.1910000000000001,26.500999999999998,-0.008587548393398807
0.1910000000000001,27.000999999999998,-0.009468544470621489
0.1910000000000001,27.500999999999998,-0.01036296043180323
0.1910000000000001,28.000999999999998,-0.011272525908233265
0.1910000000000001,28.500999999999998,-0.012199146514686999
0.1910000000000001,29.000999999999998,-0.013144929627766762
0.1910000000000001,29.500999999999998,-0.014112215705532422
0.1910000000000001,30.000999999999998,-0.015103616444747024
0.1910000000000001,30.500999999999998,-0.016122061477483476
0.1910000000000001,31.000999999999998,-0.017170855857619363
0.1910000000000001,31.500999999999998,-0.018253751341181408
0.1910000000000001,32.001,-0.01937503551417693
0.1910000000000001,32.501,-0.02053964430645845
0.1910000000000001,33.001,-0.021753305565743723
0.1910000000000001,33.501,-0.02302272449244378
0.1910000000000001,34.001,-0.024355826403734675
0.1910000000000001,34.501,-0.025762079416202222
0.1910000000000001,35.001,-0.02725293076412573
0.1910000000000001,35.501,-0.028842408335188807
0.1910000000000001,36.001,-0.03054796857493062
0.1910000000000001,36.501,-0.03239172259011456
0.1910000000000001,37.001,-0.03440226270167107
0.1910000000000001,37.501,-0.03661748077740748
0.1910000000000001,38.001,-0.03908910391841595
0.1910000000000001,38.501,-0.041890379647154696
0.1910000000000001,39.001,-0.045129965185711426
0.1910000000000001,39.501,-0.04897921348313661
0.1960000000000001,0.001,-0.7392502630363894
0.1960000000000001,0.501,-1.1584852282688933
0.1960000000000001,1.001,-0.8013864376333698
0.1960000000000001,1.501,-0.3888303984482381
0.1960000000000001,2.001,-0.21657992809180582
0.1960000000000001,2.501,-0.12846109789912707
0.1960000000000001,3.001,-0.07785960592265201
0.1960000000000001,3.501,-0.04658491313532043
0.1960000000000001,4.0009999999999994,-0.026273914157180667
0.1960000000000001,4.5009999999999994,-0.012626862815129342
0.1960000000000001,5.0009999999999994,-0.003245476539217529
0.1960000000000001,5.5009999999999994,0.0032936572604228
0.1960000000000001,6.0009999999999994,0.00787770869613974
0.1960000000000001,6.5009999999999994,0.011081900951973991
0.1960000000000001,7.0009999999999994,0.01329152035640578
0.1960000000000001,7.5009999999999994,0.01477173855354301
0.1960000000000001,8.001,0.015709298990013665
0.1960000000000001,8.501,0.01623831654875406
0.1960000000000001,9.001,0.01645674592157717
0.1960000000000001,9.501,0.016437179566330867
0.1960000000000001,10.001,0.016234096157808228
0.1960000000000001,10.501,0.015888828434697296
0.1960000000000001,11.001,0.01543303144708899
0.1960000000000001,11.501,0.01489114418398493
0.1960000000000001,12.001,0.014282162855391231
0.1960000000000001,12.501,0.013620935526651997
0.1960000000000001,13.001,0.012919118827496127
0.1960000000000001,13.501,0.012185892760973718
0.1960000000000001,14.001,0.011428500143314427
0.1960000000000001,14.501,0.01065265741860788
0.1960000000000001,15.001,0.009862870113795675
0.1960000000000001,15.501,0.009062676888675236
0.1960000000000001,16.000999999999998,0.008254839619897411
0.1960000000000001,16.500999999999998,0.00744149234285546
0.1960000000000001,17.000999999999998,0.006624258569732713
0.1960000000000001,17.500999999999998,0.005804344109156194
0.1960000000000001,18.000999999999998,0.004982610763753212
0.1960000000000001,18.500999999999998,0.004159634991156319
0.1960000000000001,19.000999999999998,0.003335754653066514
0.1960000000000001,19.500999999999998,0.002511106255292772
0.1960000000000001,20.000999999999998,0.0016856545350560637
0.1960000000000001,20.500999999999998,0.0008592158342129452
0.1960000000000001,21.000999999999998,0.000031476375026595615
0.1960000000000001,21.500999999999998,-0.0007979936956743899
0.1960000000000001,22.000999999999998,-0.001629729825684642
0.1960000000000001,22.500999999999998,-0.0024643656295738614
0.1960000000000001,23.000999999999998,-0.003302628131805636
0.1960000000000001,23.500999999999998,-0.004145335405637686
0.1960000000000001,24.000999999999998,-0.004993396424141391
0.1960000000000001,24.500999999999998,-0.005847813021063544
0.1960000000000001,25.000999999999998,-0.006709683934930842
0.1960000000000001,25.500999999999998,-0.007580210983884998
0.1960000000000001,26.000999999999998,-0.008460707495238577
0.1960000000000001,26.500999999999998,-0.009352609196982976
0.1960000000000001,27.000999999999998,-0.010257487873399057
0.1960000000000001,27.500999999999998,-0.011177068199572395
0.1960000000000001,28.000999999999998,-0.012113248307667777
0.1960000000000001,28.500999999999998,-0.013068124811518953
0.1960000000000001,29.000999999999998,-0.01404402323934031
0.1960000000000001,29.500999999999998,-0.015043535116428763
0.1960000000000001,30.000999999999998,-0.0160695633280116
0.1960000000000001,30.500999999999998,-0.01712537791621499
0.1960000000000001,31.000999999999998,-0.018214685182086077
0.1960000000000001,31.500999999999998,-0.019341713959426896
0.1960000000000001,32.001,-0.020511324331582297
0.1960000000000001,32.501,-0.021729146075449256
0.1960000000000001,33.001,-0.02300175705391787
0.1960000000000001,33.501,-0.024336916145758482
0.1960000000000001,34.001,-0.02574387193702671
0.1960000000000001,34.501,-0.027233778717370188
0.1960000000000001,35.001,-0.028820267803358536
0.1960000000000001,35.501,-0.03052024932147681
0.1960000000000001,36.001,-0.03235506572607938
0.1960000000000001,36.501,-0.0343521999942073
0.1960000000000001,37.001,-0.03654789271178785
0.1960000000000001,37.501,-0.038991317953051385
0.1960000000000001,38.001,-0.041751584404582556
0.1960000000000001,38.501,-0.04493021990558733
0.1960000000000001,39.001,-0.04868526986233345
0.1960000000000001,39.501,-0.053283018256544405
0.2010000000000001,0.001,-0.7530493215565612
0.2010000000000001,0.501,-1.1997787407146274
0.2010000000000001,1.001,-0.7930694170427595
0.2010000000000001,1.501,-0.38355875690625957
0.2010000000000001,2.001,-0.21285924837505887
0.2010000000000001,2.501,-0.12568063112156852
0.2010000000000001,3.001,-0.07570943239994918
0.2010000000000001,3.501,-0.044886024547492964
0.2010000000000001,4.0009999999999994,-0.024913540139807705
0.2010000000000001,4.5009999999999994,-0.01152938722934671
0.2010000000000001,5.0009999999999994,-0.0023577542159989046
0.2010000000000001,5.5009999999999994,0.004010375220293377
0.2010000000000001,6.0009999999999994,0.008452518277446905
0.2010000000000001,6.5009999999999994,0.01153718202121179
0.2010000000000001,7.0009999999999994,0.013644834675709594
0.2010000000000001,7.5009999999999994,0.0150371010536701
0.2010000000000001,8.001,0.015898055371445424
0.2010000000000001,8.501,0.016359765001262738
0.2010000000000001,9.001,0.016518587552318026
0.2010000000000001,9.501,0.016445851184211227
0.2010000000000001,10.001,0.016195020417930535
0.2010000000000001,10.501,0.01580660476006604
0.2010000000000001,11.001,0.015311583744786056
0.2010000000000001,11.501,0.0147338365306348
0.2010000000000001,12.001,0.014091891088271732
0.2010000000000001,12.501,0.013400200468049885
0.2010000000000001,13.001,0.012670085336409592
0.2010000000000001,13.501,0.011910437724144018
0.2010000000000001,14.001,0.011128251742512422
0.2010000000000001,14.501,0.010329027448294607
0.2010000000000001,15.001,0.00951708070934397
0.2010000000000001,15.501,0.00869578271722056
0.2010000000000001,16.000999999999998,0.00786774635395298
0.2010000000000001,16.500999999999998,0.007034972060281808
0.2010000000000001,17.000999999999998,0.006198962587873752
0.2010000000000001,17.500999999999998,0.005360813655381616
0.2010000000000001,18.000999999999998,0.004521285801649122
0.2010000000000001,18.500999999999998,0.0036808614555798314
0.2010000000000001,19.000999999999998,0.0028397902940596326
0.2010000000000001,19.500999999999998,0.001998125247268001
0.2010000000000001,20.000999999999998,0.0011557509713431557
0.2010000000000001,20.500999999999998,0.00031240619608362274
0.2010000000000001,21.000999999999998,-0.0005322989628030184
0.2010000000000001,21.500999999999998,-0.001378869885567298
0.2010000000000001,22.000999999999998,-0.0022279178791285853
0.2010000000000001,22.500999999999998,-0.0030801536686782573
0.2010000000000001,23.000999999999998,-0.003936383591026469
0.2010000000000001,23.500999999999998,-0.00479750823873153
0.2010000000000001,24.000999999999998,-0.005664523398047423
0.2010000000000001,24.500999999999998,-0.0065385232087937575
0.2010000000000001,25.000999999999998,-0.00742070555515538
0.2010000000000001,25.500999999999998,-0.008312379777583472
0.2010000000000001,26.000999999999998,-0.00921497688197602
0.2010000000000001,26.500999999999998,-0.010130062518217707
0.2010000000000001,27.000999999999998,-0.01105935311195937
0.2010000000000001,27.500999999999998,-0.012004735668717452
0.2010000000000001,28.000999999999998,-0.012968291937789311
0.2010000000000001,28.500999999999998,-0.01395232783831183
0.2010000000000001,29.000999999999998,-0.014959409329317434
0.2010000000000001,29.500999999999998,-0.01599240627552488
0.2010000000000001,30.000999999999998,-0.017054546357707208
0.2010000000000001,30.500999999999998,-0.018149481754483845
0.2010000000000001,31.000999999999998,-0.019281372260887747
0.2010000000000001,31.500999999999998,-0.02045498982805989
0.2010000000000001,32.001,-0.021675851392375163
0.2010000000000001,32.501,-0.02295038960012274
0.2010000000000001,33.001,-0.02428617508852734
0.2010000000000001,33.501,-0.02569221011464624
0.2010000000000001,34.001,-0.027179322809661385
0.2010000000000001,34.501,-0.028760706396427676
0.2010000000000001,35.001,-0.030452672322995176
0.2010000000000001,35.501,-0.032275727846176654
0.2010000000000001,36.001,-0.03425616155629147
0.2010000000000001,36.501,-0.036428454106196315
0.2010000000000001,37.001,-0.0388390897440036
0.2010000000000001,37.501,-0.041552875086249934
0.2010000000000001,38.001,-0.0446640482599039
0.2010000000000001,38.501,-0.048317330008052634
0.2010000000000001,39.001,-0.05275198006192697
0.2010000000000001,39.501,-0.05840775684616703
0.2060000000000001,0.001,-0.7667240667476891
0.2060000000000001,0.501,-1.2429683784167644
0.2060000000000001,1.001,-0.7850332955358985
0.2060000000000001,1.501,-0.37847916522116754
0.2060000000000001,2.001,-0.2092847622096458
0.2060000000000001,2.501,-0.12301815367877086
0.2060000000000001,3.001,-0.07365804859641323
0.2060000000000001,3.501,-0.0432719578570021
0.2060000000000001,4.0009999999999994,-0.023627337907812046
0.2060000000000001,4.5009999999999994,-0.010497674391615266
0.2060000000000001,5.0009999999999994,-0.0015289736604902626
0.2060000000000001,5.5009999999999994,0.0046738039314893065
0.2060000000000001,6.0009999999999994,0.00897880486380534
0.2060000000000001,6.5009999999999994,0.011948017031845615
0.2060000000000001,7.0009999999999994,0.013957232288486332
0.2060000000000001,7.5009999999999994,0.015264633281152351
0.2060000000000001,8.001,0.016051704011008295
0.2060000000000001,8.501,0.016448525134745928
0.2060000000000001,9.001,0.016549904735594506
0.2060000000000001,9.501,0.016425944418775346
0.2060000000000001,10.001,0.01612912489183156
0.2060000000000001,10.501,0.015699157094425445
0.2060000000000001,11.001,0.015166365296604947
0.2060000000000001,11.501,0.014554085600713043
0.2060000000000001,12.001,0.01388039173863018
0.2060000000000001,12.501,0.013159353508667662
0.2060000000000001,13.001,0.01240196555218169
0.2060000000000001,13.501,0.011616840362300748
0.2060000000000001,14.001,0.010810730528221096
0.2060000000000001,14.501,0.009988925849687115
0.2060000000000001,15.001,0.009155557771259107
0.2060000000000001,15.501,0.008313834483728341
0.2060000000000001,16.000999999999998,0.0074662236743919235
0.2060000000000001,16.500999999999998,0.006614595402011154
0.2060000000000001,17.000999999999998,0.0057603343468959
0.2060000000000001,17.500999999999998,0.004904428353249751
0.2060000000000001,18.000999999999998,0.0040475384761938515
0.2060000000000001,18.500999999999998,0.00319005448851066
0.2060000000000001,19.000999999999998,0.0023321388663623543
0.2060000000000001,19.500999999999998,0.0014737615704671359
0.2060000000000001,20.000999999999998,0.0006147274067362096
0.2060000000000001,20.500999999999998,-0.0002453026568369904
0.2060000000000001,21.000999999999998,-0.001106795154872331
0.2060000000000001,21.500999999999998,-0.0019703319546017437
0.2060000000000001,22.000999999999998,-0.0028366016297710645
0.2060000000000001,22.500999999999998,-0.003706393914210861
0.2060000000000001,23.000999999999998,-0.004580596900527978
0.2060000000000001,23.500999999999998,-0.0054601967595216995
0.2060000000000001,24.000999999999998,-0.006346279853103827
0.2060000000000001,24.500999999999998,-0.00724003720322787
0.2060000000000001,25.000999999999998,-0.008142771366649343
0.2060000000000001,25.500999999999998,-0.009055905855194613
0.2060000000000001,26.000999999999998,-0.009980997338867217
0.2060000000000001,26.500999999999998,-0.010919750980560292
0.2060000000000001,27.000999999999998,-0.01187403938372165
0.2060000000000001,27.500999999999998,-0.012845925797487369
0.2060000000000001,28.000999999999998,-0.013837692430015373
0.2060000000000001,28.500999999999998,-0.01485187498726765
0.2060000000000001,29.000999999999998,-0.015891304905277133
0.2060000000000001,29.500999999999998,-0.016959161213233105
0.2060000000000001,30.000999999999998,-0.01805903460230429
0.2060000000000001,30.500999999999998,-0.019195007154279735
0.2060000000000001,31.000999999999998,-0.02037175241510819
0.2060000000000001,31.500999999999998,-0.021594662249720543
0.2060000000000001,32.001,-0.022870009449054922
0.2060000000000001,32.501,-0.024205158796751853
0.2060000000000001,33.001,-0.025608844924785712
0.2060000000000001,33.501,-0.02709154393781181
0.2060000000000001,34.001,-0.028665979435230603
0.2060000000000001,34.501,-0.030347825712878515
0.2060000000000001,35.001,-0.03215670805107194
0.2060000000000001,35.501,-0.03411766453633372
0.2060000000000001,36.001,-0.036263350938378014
0.2060000000000001,36.501,-0.03863749339320202
0.2060000000000001,37.001,-0.041300545353787785
0.2060000000000001,37.501,-0.04433948779841451
0.2060000000000001,38.001,-0.0478860500353984
0.2060000000000001,38.501,-0.05215387691350549
0.2060000000000001,39.001,-0.05752468738666999
0.2060000000000001,39.501,-0.06478993014378139
0.2110000000000001,0.001,-0.780277514144422
0.2110000000000001,0.501,-1.288364870838632
0.2110000000000001,1.001,-0.7772646742456556
0.2110000000000001,1.501,-0.3735824305120357
0.2110000000000001,2.001,-0.20584944023403257
0.2110000000000001,2.501,-0.12046796225946646
0.2110000000000001,3.001,-0.07170065069127722
0.2110000000000001,3.501,-0.041738561356814086
0.2110000000000001,4.0009999999999994,-0.02241165135588797
0.2110000000000001,4.5009999999999994,-0.009528458371773268
0.2110000000000001,5.0009999999999994,-0.0007561846592764598
0.2110000000000001,5.5009999999999994,0.0052866324635823525
0.2110000000000001,6.0009999999999994,0.009459037590606359
0.2110000000000001,6.5009999999999994,0.01231668707710884
0.2110000000000001,7.0009999999999994,0.014230831439631317
0.2110000000000001,7.5009999999999994,0.015456310885795854
0.2110000000000001,8.001,0.01617209449158892
0.2110000000000001,8.501,0.016506334130788683
0.2110000000000001,9.001,0.01655233368065845
0.2110000000000001,9.501,0.016379004162338923
0.2110000000000001,10.001,0.016037871385268576
0.2110000000000001,10.501,0.015567871228644004
0.2110000000000001,11.001,0.014998691997701541
0.2110000000000001,11.501,0.014353142721920883
0.2110000000000001,12.001,0.013648856231964407
0.2110000000000001,12.501,0.012899530276242105
0.2110000000000001,13.001,0.012115842930697757
0.2110000000000001,13.501,0.011306135173531523
0.2110000000000001,14.001,0.01047692489722247
0.2110000000000001,14.501,0.009633297461546522
0.2110000000000001,15.001,0.008779204846639884
0.2110000000000001,15.501,0.007917696462678224
0.2110000000000001,16.000999999999998,0.007051098378855158
0.2110000000000001,16.500999999999998,0.006181153280657749
0.2110000000000001,17.000999999999998,0.0053091302774095905
0.2110000000000001,17.500999999999998,0.004435911377109775
0.2110000000000001,18.000999999999998,0.0035620597620886207
0.2110000000000001,18.500999999999998,0.002687873757466458
0.2110000000000001,19.000999999999998,0.0018134294605207102
0.2110000000000001,19.500999999999998,0.0009386143051808432
0.2110000000000001,20.000999999999998,0.00006315330997812285
0.2110000000000001,20.500999999999998,-0.0008133706447177036
0.2110000000000001,21.000999999999998,-0.001691501475723195
0.2110000000000001,21.500999999999998,-0.0025718987018106647
0.2110000000000001,22.000999999999998,-0.0034553297977766755
0.2110000000000001,22.500999999999998,-0.004342665658834204
0.2110000000000001,23.000999999999998,-0.005234878867435795
0.2110000000000001,23.500999999999998,-0.006133044567441098
0.2110000000000001,24.000999999999998,-0.00703834385174619
0.2110000000000001,24.500999999999998,-0.007952069664973513
0.2110000000000001,25.000999999999998,-0.008875635318000293
0.2110000000000001,25.500999999999998,-0.009810585811582388
0.2110000000000001,26.000999999999998,-0.0107586122781953
0.2110000000000001,26.500999999999998,-0.011721569981692955
0.2110000000000001,27.000999999999998,-0.012701500472563292
0.2110000000000001,27.500999999999998,-0.01370065869430944
0.2110000000000001,28.000999999999998,-0.014721546089891367
0.2110000000000001,28.500999999999998,-0.015766951088580304
0.2110000000000001,29.000999999999998,-0.01683999879469534
0.2110000000000001,29.500999999999998,-0.017944212296214984
0.2110000000000001,30.000999999999998,-0.019083588830434706
0.2110000000000001,30.500999999999998,-0.0202626951860589
0.2110000000000001,31.000999999999998,-0.02148678833933719
0.2110000000000001,31.500999999999998,-0.022761969653291074
0.2110000000000001,32.001,-0.02409538438978179
0.2110000000000001,32.501,-0.02549548340364865
0.2110000000000001,33.001,-0.026972371719980615
0.2110000000000001,33.501,-0.028538280972661492
0.2110000000000001,34.001,-0.03020822246232571
0.2110000000000001,34.501,-0.03200091046358876
0.2110000000000001,35.001,-0.033940102010564556
0.2110000000000001,35.501,-0.03605660091423861
0.2110000000000001,36.001,-0.038391364802674036
0.2110000000000001,36.501,-0.04100053445969887
0.2110000000000001,37.001,-0.04396401640787112
0.2110000000000001,37.501,-0.04740113470590482
0.2110000000000001,38.001,-0.051501746670379864
0.2110000000000001,38.501,-0.05659580203003094
0.2110000000000001,39.001,-0.06333781563587948
0.2110000000000001,39.501,-0.07335397724227537
0.2160000000000001,0.001,-0.7937125362821732
0.2160000000000001,0.501,-1.3363673507286387
0.2160000000000001,1.001,-0.7697510937955572
0.2160000000000001,1.501,-0.3688600050686448
0.2160000000000001,2.001,-0.2025467469627847
0.2160000000000001,2.501,-0.11802475476011426
0.2160000000000001,3.001,-0.06983277326426049
0.2160000000000001,3.501,-0.04028197625483615
0.2160000000000001,4.0009999999999994,-0.02126308277188138
0.2160000000000001,4.5009999999999994,-0.008618704500280946
0.2160000000000001,5.0009999999999994,-0.000036646349110436294
0.2160000000000001,5.5009999999999994,0.0058513586163751186
0.2160000000000001,6.0009999999999994,0.009895509509627125
0.2160000000000001,6.5009999999999994,0.01264531011140338
0.2160000000000001,7.0009999999999994,0.014467598408219526
0.2160000000000001,7.5009999999999994,0.015613967299440173
0.2160000000000001,8.001,0.01626094276230189
0.2160000000000001,8.501,0.01653480315880606
0.2160000000000001,9.001,0.01652739140074213
0.2160000000000001,9.501,0.016306462246524968
0.2160000000000001,10.001,0.015922614197887375
0.2160000000000001,10.501,0.015414030502598089
0.2160000000000001,11.001,0.014809781914578463
0.2160000000000001,11.501,0.014132165638047154
0.2160000000000001,12.001,0.013398386323038969
0.2160000000000001,12.501,0.012621780348050934
0.2160000000000001,13.001,0.011812718237422512
0.2160000000000001,13.501,0.010979277093039627
0.2160000000000001,14.001,0.010127746602093333
0.2160000000000001,14.501,0.009263013208469659
0.2160000000000001,15.001,0.008388854127132153
0.2160000000000001,15.501,0.007508163975303572
0.2160000000000001,16.000999999999998,0.006623130570087968
0.2160000000000001,16.500999999999998,0.005735372039192527
0.2160000000000001,17.000999999999998,0.004846044241571465
0.2160000000000001,17.500999999999998,0.003955925217452763
0.2160000000000001,18.000999999999998,0.0030654817241741322
0.2160000000000001,18.500999999999998,0.0021749216880809913
0.2160000000000001,19.000999999999998,0.0012842354903009473
0.2160000000000001,19.500999999999998,0.00039322831884966436
0.2160000000000001,20.000999999999998,-0.000498454700144757
0.2160000000000001,20.500999999999998,-0.0013913092774001865
0.2160000000000001,21.000999999999998,-0.002285957635407565
0.2160000000000001,21.500999999999998,-0.0031831383194592076
0.2160000000000001,22.000999999999998,-0.004083699574607455
0.2160000000000001,22.500999999999998,-0.004988595876628879
0.2160000000000001,23.000999999999998,-0.005898887338205969
0.2160000000000001,23.500999999999998,-0.006815741827734166
0.2160000000000001,24.000999999999998,-0.007740439744426439
0.2160000000000001,24.500999999999998,-0.008674381495905097
0.2160000000000001,25.000999999999998,-0.009619097829248417
0.2160000000000001,25.500999999999998,-0.010576263279865737
0.2160000000000001,26.000999999999998,-0.011547713131762984
0.2160000000000001,26.500999999999998,-0.012535464436558744
0.2160000000000001,27.000999999999998,-0.013541741828259943
0.2160000000000001,27.500999999999998,-0.014569009111411894
0.2160000000000001,28.000999999999998,-0.015620007912462139
0.2160000000000001,28.500999999999998,-0.016697805097236652
0.2160000000000001,29.000999999999998,-0.017805851213158017
0.2160000000000001,29.500999999999998,-0.018948052974396185
0.2160000000000001,30.000999999999998,-0.020128863862557637
0.2160000000000001,30.500999999999998,-0.021353398402557847
0.2160000000000001,31.000999999999998,-0.022627577805689893
0.2160000000000001,31.500999999999998,-0.023958317784684085
0.2160000000000001,32.001,-0.02535377397856628
0.2160000000000001,32.501,-0.026823667469633643
0.2160000000000001,33.001,-0.028379723843057363
0.2160000000000001,33.501,-0.03003627677615367
0.2160000000000001,34.001,-0.031811116036001896
0.2160000000000001,34.501,-0.03372670901732572
0.2160000000000001,35.001,-0.0358120122861674
0.2160000000000001,35.501,-0.03810525171375953
0.2160000000000001,36.001,-0.04065836748155661
0.2160000000000001,36.501,-0.04354448471612081
0.2160000000000001,37.001,-0.046871276107093664
0.2160000000000001,37.501,-0.050806857410892234
0.2160000000000001,38.001,-0.05563566407113725
0.2160000000000001,38.501,-0.061898975970037136
0.2160000000000001,39.001,-0.0708446753110802
0.2160000000000001,39.501,-0.08672246665087588
0.2210000000000001,0.001,-0.80703187263355
0.2210000000000001,0.501,-1.3875030850001433
0.2210000000000001,1.001,-0.7624809486256239
0.2210000000000001,1.501,-0.3643039274995317
0.2210000000000001,2.001,-0.19937059571714477
0.2210000000000001,2.501,-0.11568359365540912
0.2210000000000001,3.001,-0.06805025838563442
0.2210000000000001,3.501,-0.03889860990571742
0.2210000000000001,4.0009999999999994,-0.02017846921176497
0.2210000000000001,4.5009999999999994,-0.007765588213347668
0.2210000000000001,5.0009999999999994,0.0006321919435133012
0.2210000000000001,5.5009999999999994,0.006370306434826195
0.2210000000000001,6.0009999999999994,0.010290353722253273
0.2210000000000001,6.5009999999999994,0.012935855906177157
0.2210000000000001,7.0009999999999994,0.01466936144767754
0.2210000000000001,7.5009999999999994,0.015739306790508688
0.2210000000000001,8.001,0.016319843413704793
0.2210000000000001,8.501,0.016535428959890276
0.2210000000000001,9.001,0.016476486679202443
0.2210000000000001,9.501,0.01620964785298437
0.2210000000000001,10.001,0.015784610031663815
0.2210000000000001,10.501,0.01523882525704294
0.2210000000000001,11.001,0.014600764319977935
0.2210000000000001,11.501,0.013892227161398138
0.2210000000000001,12.001,0.013130002396110507
0.2210000000000001,12.501,0.012327075225608497
0.2210000000000001,13.001,0.011493517220175276
0.2210000000000001,13.501,0.010637148884996867
0.2210000000000001,14.001,0.009764037880874404
0.2210000000000001,14.501,0.00887887698514822
0.2210000000000001,15.001,0.007985273102835576
0.2210000000000001,15.501,0.007085969826685398
0.2210000000000001,16.000999999999998,0.006183019888435108
0.2210000000000001,16.500999999999998,0.005277919489832389
0.2210000000000001,17.000999999999998,0.004371713388282544
0.2210000000000001,17.500999999999998,0.0034650773613359304
0.2210000000000001,18.000999999999998,0.002558383031072649
0.2210000000000001,18.500999999999998,0.0016517488180740614
0.2210000000000001,19.000999999999998,0.0007450798932613217
0.2210000000000001,19.500999999999998,-0.0001619006813328716
0.2210000000000001,20.000999999999998,-0.0010696279455937596
0.2210000000000001,20.500999999999998,-0.001978676884908964
0.2210000000000001,21.000999999999998,-0.0028897491470197753
0.2210000000000001,21.500999999999998,-0.00380366389601414
0.2210000000000001,22.000999999999998,-0.004721352261117185
0.2210000000000001,22.500999999999998,-0.005643854997541446
0.2210000000000001,23.000999999999998,-0.006572323112541821
0.2210000000000001,23.500999999999998,-0.0075080213303214335
0.2210000000000001,24.000999999999998,-0.00845233438192905
0.2210000000000001,24.500999999999998,-0.009406776217367144
0.2210000000000001,25.000999999999998,-0.01037300235359245
0.2210000000000001,25.500999999999998,-0.011352825701149313
0.2210000000000001,26.000999999999998,-0.01234823636250295
0.2210000000000001,26.500999999999998,-0.01336142607741888
0.2210000000000001,27.000999999999998,-0.014394818219126818
0.2210000000000001,27.500999999999998,-0.015451104538661616
0.2210000000000001,28.000999999999998,-0.016533290240436403
0.2210000000000001,28.500999999999998,-0.017644749487906564
0.2210000000000001,29.000999999999998,-0.0187892941395596
0.2210000000000001,29.500999999999998,-0.01997125948431461
0.2210000000000001,30.000999999999998,-0.0211956121052458
0.2210000000000001,30.500999999999998,-0.022468086940759448
0.2210000000000001,31.000999999999998,-0.023795363429685773
0.2210000000000001,31.500999999999998,-0.025185294795968427
0.2210000000000001,32.001,-0.026647210828087003
0.2210000000000001,32.501,-0.028192324247819388
0.2210000000000001,33.001,-0.02983428621290378
0.2210000000000001,33.501,-0.031589961726059115
0.2210000000000001,34.001,-0.03348053829406625
0.2210000000000001,34.501,-0.03553315578122781
0.2210000000000001,35.001,-0.03778338198579072
0.2210000000000001,35.501,-0.040279121770307014
0.2210000000000001,36.001,-0.0430870874557616
0.2210000000000001,36.501,-0.046304151714639794
0.2210000000000001,37.001,-0.05007880368104871
0.2210000000000001,37.501,-0.05465588941026781
0.2210000000000001,38.001,-0.060483641443131245
0.2210000000000001,38.501,-0.06852919665088586
0.2210000000000001,39.001,-0.08162946223468341
0.2210000000000001,39.501,-0.12318245622498776
0.22600000000000012,0.001,-0.8202381386450729
0.22600000000000012,0.501,-1.4424934443806967
0.22600000000000012,1.001,-0.755443410866584
0.22600000000000012,1.501,-0.3599067704399753
0.22600000000000012,2.001,-0.19631530858043456
0.22600000000000012,2.501,-0.11343987345384932
0.22600000000000012,3.001,-0.0663492281544796
0.22600000000000012,3.501,-0.037585112029762724
0.22600000000000012,4.0009999999999994,-0.019154861511811117
0.22600000000000012,4.5009999999999994,-0.0069664762602673624
0.22600000000000012,5.0009999999999994,0.0012527077225742422
0.22600000000000012,5.5009999999999994,0.006845641766951363
0.22600000000000012,6.0009999999999994,0.010645557709478476
0.22600000000000012,6.5009999999999994,0.013190159333654139
0.22600000000000012,7.0009999999999994,0.014837823166877206
0.22600000000000012,7.5009999999999994,0.01583391605807609
0.22600000000000012,8.001,0.01635028057928127
0.22600000000000012,8.501,0.01650960413388685
0.22600000000000012,9.001,0.01640092980762553
0.22600000000000012,9.501,0.01608979675787458
0.22600000000000012,10.001,0.015625026788968363
0.22600000000000012,10.501,0.015043361225865623
0.22600000000000012,11.001,0.014372687714480002
0.22600000000000012,11.501,0.013634322854394712
0.22600000000000012,12.001,0.012844650833388344
0.22600000000000012,12.501,0.012016315413655478
0.22600000000000012,13.001,0.011159097419606662
0.22600000000000012,13.501,0.01028056770312373
0.22600000000000012,14.001,0.009386577784364317
0.22600000000000012,14.501,0.008481631765235496
0.22600000000000012,15.001,0.007569170466075602
0.22600000000000012,15.501,0.006651790016411668
0.22600000000000012,16.000999999999998,0.005731411040154011
0.22600000000000012,16.500999999999998,0.004809410269712058
0.22600000000000012,17.000999999999998,0.003886723344928955
0.22600000000000012,17.500999999999998,0.0029639253280058925
0.22600000000000012,18.000999999999998,0.002041293841662177
0.22600000000000012,18.500999999999998,0.0011188585407393564
0.22600000000000012,19.000999999999998,0.0001964397366241849
0.22600000000000012,19.500999999999998,-0.0007263216755856589
0.22600000000000012,20.000999999999998,-0.0016499413455231954
0.22600000000000012,20.500999999999998,-0.0025750744002994187
0.22600000000000012,21.000999999999998,-0.003502503234051473
0.22600000000000012,21.500999999999998,-0.004433129447226226
0.22600000000000012,22.000999999999998,-0.00536796942291479
0.22600000000000012,22.500999999999998,-0.006308153189188211
0.22600000000000012,23.000999999999998,-0.007254926355803541
0.22600000000000012,23.500999999999998,-0.008209655039530625
0.22600000000000012,24.000999999999998,-0.009173833812426646
0.22600000000000012,24.500999999999998,-0.010149096828880311
0.22600000000000012,25.000999999999998,-0.011137232417803958
0.22600000000000012,25.500999999999998,-0.012140201574425118
0.22600000000000012,26.000999999999998,-0.013160160962139539
0.22600000000000012,26.500999999999998,-0.014199491251990617
0.22600000000000012,27.000999999999998,-0.015260831903404985
0.22600000000000012,27.500999999999998,-0.01634712384918654
0.22600000000000012,28.000999999999998,-0.017461662025163714
0.22600000000000012,28.500999999999998,-0.018608160330177835
0.22600000000000012,29.000999999999998,-0.0197908324888181
0.22600000000000012,29.500999999999998,-0.021014493527358236
0.22600000000000012,30.000999999999998,-0.02228468833063884
0.22600000000000012,30.500999999999998,-0.023607856285228553
0.22600000000000012,31.000999999999998,-0.02499154474727073
0.22600000000000012,31.500999999999998,-0.02644468967724734
0.22600000000000012,32.001,-0.027977990385834713
0.22600000000000012,32.501,-0.029604418870962584
0.22600000000000012,33.001,-0.031339926128829715
0.22600000000000012,33.501,-0.033204444400418205
0.22600000000000012,34.001,-0.035223347653948286
0.22600000000000012,34.501,-0.037429646965466454
0.22600000000000012,35.001,-0.03986741432069461
0.22600000000000012,35.501,-0.0425973642864107
0.22600000000000012,36.001,-0.0457064634898222
0.22600000000000012,36.501,-0.04932565316959843
0.22600000000000012,37.001,-0.053665610133961095
0.22600000000000012,37.501,-0.05909837539535475
0.22600000000000012,38.001,-0.0663808475258949
0.22600000000000012,38.501,-0.0774850561897701
0.22600000000000012,39.001,-0.10188511338717679
0.22600000000000012,39.501,-0.09170214974853307
0.23100000000000012,0.001,-0.8333338339737068
0.23100000000000012,0.501,-1.502370962540499
0.23100000000000012,1.001,-0.7486283625132271
0.23100000000000012,1.501,-0.3556615939615272
0.23100000000000012,2.001,-0.19337558072072866
0.23100000000000012,2.501,-0.11128929170357493
0.23100000000000012,3.001,-0.06472606023371122
0.23100000000000012,3.501,-0.03633835352779266
0.23100000000000012,4.0009999999999994,-0.018189505592553334
0.23100000000000012,4.5009999999999994,-0.006218909963532471
0.23100000000000012,5.0009999999999994,0.0018271204829798104
0.23100000000000012,5.5009999999999994,0.0072793861211949695
0.23100000000000012,6.0009999999999994,0.010962976095098637
0.23100000000000012,6.5009999999999994,0.01340993219768652
0.23100000000000012,7.0009999999999994,0.014974571556648913
0.23100000000000012,7.5009999999999994,0.01589927455704515
0.23100000000000012,8.001,0.016353637643448864
0.23100000000000012,8.501,0.016458626299877262
0.23100000000000012,9.001,0.01630194125709805
0.23100000000000012,9.501,0.015948059563215045
0.23100000000000012,10.001,0.015444951406065693
0.23100000000000012,10.501,0.014828667007884253
0.23100000000000012,11.001,0.014126526967922673
0.23100000000000012,11.501,0.013359377867891525
0.23100000000000012,12.001,0.01254321057416512
0.23100000000000012,12.501,0.011690336721168454
0.23100000000000012,13.001,0.010810254230719296
0.23100000000000012,13.501,0.009910290929283166
0.23100000000000012,14.001,0.00899608780654193
0.23100000000000012,14.501,0.008071965036796778
0.23100000000000012,15.001,0.007141201363704084
0.23100000000000012,15.501,0.006206248818341746
0.23100000000000012,16.000999999999998,0.005268898714181153
0.23100000000000012,16.500999999999998,0.004330410603208143
0.23100000000000012,17.000999999999998,0.003391612832943057
0.23100000000000012,17.500999999999998,0.0024529811445429817
0.23100000000000012,18.000999999999998,0.0015147001468764215
0.23100000000000012,18.500999999999998,0.0005767113182252315
0.23100000000000012,19.000999999999998,-0.0003612496933835113
0.23100000000000012,19.500999999999998,-0.0012996243623113884
0.23100000000000012,20.000999999999998,-0.002239009564137903
0.23100000000000012,20.500999999999998,-0.003180141622449832
0.23100000000000012,21.000999999999998,-0.004123885206949819
0.23100000000000012,21.500999999999998,-0.005071226406433493
0.23100000000000012,22.000999999999998,-0.006023269495773816
0.23100000000000012,22.500999999999998,-0.006981237080438844
0.23100000000000012,23.000999999999998,-0.007946473445980679
0.23100000000000012,23.500999999999998,-0.008920451072423806
0.23100000000000012,24.000999999999998,-0.009904780402731827
0.23100000000000012,24.500999999999998,-0.010901223088638841
0.23100000000000012,25.000999999999998,-0.011911709084672407
0.23100000000000012,25.500999999999998,-0.012938358132309861
0.23100000000000012,26.000999999999998,-0.013983506383403822
0.23100000000000012,26.500999999999998,-0.015049739171736166
0.23100000000000012,27.000999999999998,-0.016139931276222902
0.23100000000000012,27.500999999999998,-0.017257296460204095
0.23100000000000012,28.000999999999998,-0.01840544866329425
0.23100000000000012,28.500999999999998,-0.019588478031003033
0.23100000000000012,29.000999999999998,-0.02081104609029392
0.23100000000000012,29.500999999999998,-0.022078505964338947
0.23100000000000012,30.000999999999998,-0.023397055795605044
0.23100000000000012,30.500999999999998,-0.02477393687400587
0.23100000000000012,31.000999999999998,-0.026217692928925413
0.23100000000000012,31.500999999999998,-0.027738514605007775
0.23100000000000012,32.001,-0.029348704942815676
0.23100000000000012,32.501,-0.031063320605993795
0.23100000000000012,33.001,-0.03290107486622113
0.23100000000000012,33.501,-0.034885641856182883
0.23100000000000012,34.001,-0.03704759685740782
0.23100000000000012,34.501,-0.0394274050784357
0.23100000000000012,35.001,-0.0420802216067403
0.23100000000000012,35.501,-0.04508400289235227
0.23100000000000012,36.001,-0.048554116198905185
0.23100000000000012,36.501,-0.052671908048652356
0.23100000000000012,37.001,-0.05774711724900539
0.23100000000000012,37.501,-0.06437774517628699
0.23100000000000012,38.001,-0.07397784505861246
0.23100000000000012,38.501,-0.09167239655301819
0.23100000000000012,39.001,-0.11062770509227571
0.23100000000000012,39.501,-0.07487262997312649
0.23600000000000013,0.001,-0.8463213500098693
0.23600000000000013,0.501,-1.5687060517400562
0.23600000000000013,1.001,-0.7420263348340406
0.23600000000000013,1.501,-0.351561903952971
0.23600000000000013,2.001,-0.1905464485214097
0.23600000000000013,2.501,-0.10922782309374712
0.23600000000000013,3.001,-0.06317736599790647
0.23600000000000013,3.501,-0.035155407559279955
0.23600000000000013,4.0009999999999994,-0.017279825760776607
0.23600000000000013,4.5009999999999994,-0.005520590268496328
0.23600000000000013,5.0009999999999994,0.002357505249774565
0.23600000000000013,5.5009999999999994,0.007673429041412508
0.23600000000000013,6.0009999999999994,0.011244342043109546
0.23600000000000013,6.5009999999999994,0.01359677379816951
0.23600000000000013,7.0009999999999994,0.015081089835565789
0.23600000000000013,7.5009999999999994,0.015936763717343122
0.23600000000000013,8.001,0.016331205909339272
0.23600000000000013,8.501,0.016383706274775416
0.23600000000000013,9.001,0.016180659419693738
0.23600000000000013,9.501,0.015785509045299267
0.23600000000000013,10.001,0.015245396846007911
0.23600000000000013,10.501,0.014595700736516101
0.23600000000000013,11.001,0.013863189693792924
0.23600000000000013,11.501,0.013068253044646233
0.23600000000000013,12.001,0.012226498968705396
0.23600000000000013,12.501,0.011349915884452555
0.23600000000000013,13.001,0.010447726311783083
0.23600000000000013,13.501,0.009527021382972248
0.23600000000000013,14.001,0.008593236907785677
0.23600000000000013,14.501,0.007650513650996324
0.23600000000000013,15.001,0.006701972081771427
0.23600000000000013,15.501,0.005749923310686064
0.23600000000000013,16.000999999999998,0.00479603196606973
0.23600000000000013,16.500999999999998,0.0038414425473047714
0.23600000000000013,17.000999999999998,0.002886877781352458
0.23600000000000013,17.500999999999998,0.0019327153336035144
0.23600000000000013,18.000999999999998,0.0009790476369254675
0.23600000000000013,18.500999999999998,0.00002572843281797854
0.23600000000000013,19.000999999999998,-0.0009275912522968416
0.23600000000000013,19.500999999999998,-0.0018814356277657776
0.23600000000000013,20.000999999999998,-0.0028364835868980517
0.23600000000000013,20.500999999999998,-0.0037935538973049437
0.23600000000000013,21.000999999999998,-0.004753595248904688
0.23600000000000013,21.500999999999998,-0.005717680515592002
0.23600000000000013,22.000999999999998,-0.006687004784052625
0.23600000000000013,22.500999999999998,-0.007662886871180018
0.23600000000000013,23.000999999999998,-0.008646774201067783
0.23600000000000013,23.500999999999998,-0.00964025105304945
0.23600000000000013,24.000999999999998,-0.010645050332631177
0.23600000000000013,24.500999999999998,-0.011663069166396908
0.23600000000000013,25.000999999999998,-0.012696388790019254
0.23600000000000013,25.500999999999998,-0.013747299397455517
0.23600000000000013,26.000999999999998,-0.014818330864515818
0.23600000000000013,26.500999999999998,-0.015912290571790944
0.23600000000000013,27.000999999999998,-0.017032309958763297
0.23600000000000013,27.500999999999998,-0.018181901982981617
0.23600000000000013,28.000999999999998,-0.01936503239376928
0.23600000000000013,28.500999999999998,-0.02058620874520177
0.23600000000000013,29.000999999999998,-0.021850592497829217
0.23600000000000013,29.500999999999998,-0.023164141592069837
0.23600000000000013,30.000999999999998,-0.024533793830753367
0.23600000000000013,30.500999999999998,-0.02596770578421519
0.23600000000000013,31.000999999999998,-0.027475568549869107
0.23600000000000013,31.500999999999998,-0.02906903194310303
0.23600000000000013,32.001,-0.030762284970143702
0.23600000000000013,32.501,-0.03257286704774516
0.23600000000000013,33.001,-0.0345228294244887
0.23600000000000013,33.501,-0.036640445258004695
0.23600000000000013,34.001,-0.0389628117832959
0.23600000000000013,34.501,-0.04153996827889845
0.23600000000000013,35.001,-0.04444173014507147
0.23600000000000013,35.501,-0.047769719410303814
0.23600000000000013,36.001,-0.05168019787405061
0.23600000000000013,36.501,-0.05643195063495334
0.23600000000000013,37.001,-0.06250177420294577
0.23600000000000013,37.501,-0.07092941028994666
0.23600000000000013,38.001,-0.08483373083851997
0.23600000000000013,38.501,-0.13458106217073054
0.23600000000000013,39.001,-0.08269094807969325
0.23600000000000013,39.501,-0.06559720091516098
0.24100000000000013,0.001,-0.8592029767625607
0.24100000000000013,0.501,-1.6441028279874585
0.24100000000000013,1.001,-0.73562845411006
0.24100000000000013,1.501,-0.34760161484940255
0.24100000000000013,2.001,-0.18782326104214164
0.24100000000000013,2.501,-0.10725169626320924
0.24100000000000013,3.001,-0.061699970966190607
0.24100000000000013,3.501,-0.03403353259977915
0.24100000000000013,4.0009999999999994,-0.016423409758760082
0.24100000000000013,4.5009999999999994,-0.004869364357968614
0.24100000000000013,5.0009999999999994,0.002845804699644988
0.24100000000000013,5.5009999999999994,0.008029539185634966
0.24100000000000013,6.0009999999999994,0.011491277460887739
0.24100000000000013,6.5009999999999994,0.013752180388154137
0.24100000000000013,7.0009999999999994,0.0151587652634134
0.24100000000000013,7.5009999999999994,0.015947675196164454
0.24100000000000013,8.001,0.016284192357156738
0.24100000000000013,8.501,0.016285975393510184
0.24100000000000013,9.001,0.01603814753712665
0.24100000000000013,9.501,0.015603146731241243
0.24100000000000013,10.001,0.015027308356697563
0.24100000000000013,10.501,0.014345356048256253
0.24100000000000013,11.001,0.013583521953137962
0.24100000000000013,11.501,0.01276175038045689
0.24100000000000013,12.001,0.011895277015688807
0.24100000000000013,12.501,0.01099577559768991
0.24100000000000013,13.001,0.010072200422843458
0.24100000000000013,13.501,0.009131411980968812
0.24100000000000013,14.001,0.008178646007390213
0.24100000000000013,14.501,0.00721786815796252
0.24100000000000013,15.001,0.006252044234101382
0.24100000000000013,15.501,0.005283347425675419
0.24100000000000013,16.000999999999998,0.004313318136252242
0.24100000000000013,16.500999999999998,0.0033429877851496453
0.24100000000000013,17.000999999999998,0.0023729750015860362
0.24100000000000013,17.500999999999998,0.001403560474738011
0.24100000000000013,18.000999999999998,0.0004347451537233954
0.24100000000000013,18.500999999999998,-0.000533704665590301
0.24100000000000013,19.000999999999998,-0.0015022226916503595
0.24100000000000013,19.500999999999998,-0.0024714163994543487
0.24100000000000013,20.000999999999998,-0.003442047671305744
0.24100000000000013,20.500999999999998,-0.004415019165162501
0.24100000000000013,21.000999999999998,-0.005391365559774597
0.24100000000000013,21.500999999999998,-0.006372249067217964
0.24100000000000013,22.000999999999998,-0.007358958803563548
0.24100000000000013,22.500999999999998,-0.008352913780965837
0.24100000000000013,23.000999999999998,-0.009355669440836226
0.24100000000000013,23.500999999999998,-0.010368927797950286
0.24100000000000013,24.000999999999998,-0.011394551419081262
0.24100000000000013,24.500999999999998,-0.01243458162713898
0.24100000000000013,25.000999999999998,-0.013491261514560524
0.24100000000000013,25.500999999999998,-0.014567064582245923
0.24100000000000013,26.000999999999998,-0.015664730111529898
0.24100000000000013,26.500999999999998,-0.016787306752147426
0.24100000000000013,27.000999999999998,-0.01793820630489587
0.24100000000000013,27.500999999999998,-0.019121270345399764
0.24100000000000013,28.000999999999998,-0.020340853250884923
0.24100000000000013,28.500999999999998,-0.02160192646862854
0.24100000000000013,29.000999999999998,-0.022910210675726114
0.24100000000000013,29.500999999999998,-0.024272345094134843
0.24100000000000013,30.000999999999998,-0.02569610707034704
0.24100000000000013,30.500999999999998,-0.027190700801458866
0.24100000000000013,31.000999999999998,-0.028767142950596493
0.24100000000000013,31.500999999999998,-0.030438786840003028
0.24100000000000013,32.001,-0.03222204947817934
0.24100000000000013,32.501,-0.03413744337348415
0.24100000000000013,33.001,-0.036211080371657406
0.24100000000000013,33.501,-0.03847693265394146
0.24100000000000013,34.001,-0.04098035965191973
0.24100000000000013,34.501,-0.043783859261836706
0.24100000000000013,35.001,-0.046976972082244994
0.24100000000000013,35.501,-0.050694553851848706
0.24100000000000013,36.001,-0.05515366148711354
0.24100000000000013,36.501,-0.060737795485570144
0.24100000000000013,37.001,-0.06822772468839396
0.24100000000000013,37.501,-0.07966006647527624
0.24100000000000013,38.001,-0.10485073629833744
0.24100000000000013,38.501,-0.09433905961631119
0.24100000000000013,39.001,-0.0709374096447991
0.24100000000000013,39.501,-0.059165415123659325
0.24600000000000014,0.001,-0.8719809091727956
0.24600000000000014,0.501,-1.733500954466288
0.24600000000000014,1.001,-0.7294263929255358
0.24600000000000014,1.501,-0.34377501617546163
0.24600000000000014,2.001,-0.18520165440121028
0.24600000000000014,2.501,-0.10535737298384334
0.24600000000000014,3.001,-0.06029089723936255
0.24600000000000014,3.501,-0.03297015723437927
0.24600000000000014,4.0009999999999994,-0.015617995345992203
0.24600000000000014,4.5009999999999994,-0.004263213639299296
0.24600000000000014,5.0009999999999994,0.003293840039115703
0.24600000000000014,5.5009999999999994,0.00834937426807629
0.24600000000000014,6.0009999999999994,0.011705302155105263
0.24600000000000014,6.5009999999999994,0.013877553659939507
0.24600000000000014,7.0009999999999994,0.015208897049413944
0.24600000000000014,7.5009999999999994,0.015933218282330144
0.24600000000000014,8.001,0.016213726605106546
0.24600000000000014,8.501,0.016166492076553247
0.24600000000000014,9.001,0.015875399916727234
0.24600000000000014,9.501,0.015401908798783608
0.24600000000000014,10.001,0.01479156908469803
0.24600000000000014,10.501,0.014078467436418912
0.24600000000000014,11.001,0.013288313370676035
0.24600000000000014,11.501,0.012440617922177655
0.24600000000000014,12.001,0.011550254059242024
0.24600000000000014,12.501,0.010628589024041984
0.24600000000000014,13.001,0.009684315764193499
0.24600000000000014,13.501,0.008724069914974875
0.24600000000000014,14.001,0.007752892010876124
0.24600000000000014,14.501,0.0067745766931178175
0.24600000000000014,15.001,0.005791938516005471
0.24600000000000014,15.501,0.004807015578124824
0.24600000000000014,16.000999999999998,0.0038212263601189317
0.24600000000000014,16.500999999999998,0.0028354910235755537
0.24600000000000014,17.000999999999998,0.0018503254776976313
0.24600000000000014,17.500999999999998,0.000865914391918951
0.24600000000000014,18.000999999999998,-0.00011783222030513352
0.24600000000000014,18.500999999999998,-0.001101235366063505
0.24600000000000014,19.000999999999998,-0.0020848137582157103
0.24600000000000014,19.500999999999998,-0.0030692588360443215
0.24600000000000014,20.000999999999998,-0.0040554166262714575
0.24600000000000014,20.500999999999998,-0.005044275329171927
0.24600000000000014,21.000999999999998,-0.006036957814457588
0.24600000000000014,21.500999999999998,-0.007034718454670033
0.24600000000000014,22.000999999999998,-0.008038943927435496
0.24600000000000014,22.500999999999998,-0.009051157796208867
0.24600000000000014,23.000999999999998,-0.010073028843817108
0.24600000000000014,23.500999999999998,-0.011106383294975375
0.24600000000000014,24.000999999999998,-0.012153221233670942
0.24600000000000014,24.500999999999998,-0.013215737710498651
0.24600000000000014,25.000999999999998,-0.014296349257469726
0.24600000000000014,25.500999999999998,-0.015397726800997706
0.24600000000000014,26.000999999999998,-0.016522836310927828
0.24600000000000014,26.500999999999998,-0.017674988976852893
0.24600000000000014,27.000999999999998,-0.018857903308318123
0.24600000000000014,27.500999999999998,-0.020075782379457917
0.24600000000000014,28.000999999999998,-0.021333410579963914
0.24600000000000014,28.500999999999998,-0.022636275842703824
0.24600000000000014,29.000999999999998,-0.02399072562481424
0.24600000000000014,29.500999999999998,-0.0254041682879649
0.24600000000000014,30.000999999999998,-0.026885336542292894
0.24600000000000014,30.500999999999998,-0.02844463725873115
0.24600000000000014,31.000999999999998,-0.030094623867040083
0.24600000000000014,31.500999999999998,-0.03185064663468624
0.24600000000000014,32.001,-0.03373176761178202
0.24600000000000014,32.501,-0.03576208082598488
0.24600000000000014,33.001,-0.03797267394178527
0.24600000000000014,33.501,-0.04040464563386219
0.24600000000000014,34.001,-0.04311394300831293
0.24600000000000014,34.501,-0.04617951865346902
0.24600000000000014,35.001,-0.04971798137151052
0.24600000000000014,35.501,-0.05391213998735016
0.24600000000000014,36.001,-0.059073043370085225
0.24600000000000014,36.501,-0.06579767451667966
0.24600000000000014,37.001,-0.0754827000705119
0.24600000000000014,37.501,-0.09305438457299475
0.24600000000000014,38.001,-0.11803528879582437
0.24600000000000014,38.501,-0.07777851799353848
0.24600000000000014,39.001,-0.06337082475637662
0.24600000000000014,39.501,-0.054244715086840554
0.2510000000000001,0.001,-0.8846572529134991
0.2510000000000001,0.501,-1.848877570626486
0.2510000000000001,1.001,-0.7234123263425485
0.2510000000000001,1.501,-0.3400767424437012
0.2510000000000001,2.001,-0.18267752872759146
0.2510000000000001,2.501,-0.10354152943274016
0.2510000000000001,3.001,-0.05894734769996207
0.2510000000000001,3.501,-0.03196286647810229
0.2510000000000001,4.0009999999999994,-0.014861458228737912
0.2510000000000001,4.5009999999999994,-0.003700242938564441
0.2510000000000001,5.0009999999999994,0.0037033207892670783
0.2510000000000001,5.5009999999999994,0.008634490001431516
0.2510000000000001,6.0009999999999994,0.011887842066662269
0.2510000000000001,6.5009999999999994,0.01397420837727123
0.2510000000000001,7.0009999999999994,0.015232703464426373
0.2510000000000001,7.5009999999999994,0.01589452655507142
0.2510000000000001,8.001,0.016120867169154007
0.2510000000000001,8.501,0.016026247735638627
0.2510000000000001,9.001,0.015693347520785966
0.2510000000000001,9.501,0.015182671381086907
0.2510000000000001,10.001,0.014539005122602491
0.2510000000000001,10.501,0.013795815064398975
0.2510000000000001,11.001,0.012978301734122996
0.2510000000000001,11.501,0.012105554170668636
0.2510000000000001,12.001,0.01119209201087934
0.2510000000000001,12.501,0.010248983850099383
0.2510000000000001,13.001,0.009284667875271935
0.2510000000000001,13.501,0.008305560405540008
0.2510000000000001,14.001,0.007316511428347636
0.2510000000000001,14.501,0.006321148468354
0.2510000000000001,15.001,0.005322138075737767
0.2510000000000001,15.501,0.004321385923829996
0.2510000000000001,16.000999999999998,0.0033201907192842786
0.2510000000000001,16.500999999999998,0.002319363042495165
0.2510000000000001,17.000999999999998,0.0013193173185105656
0.2510000000000001,17.500999999999998,0.0003201430124613186
0.2510000000000001,18.000999999999998,-0.0006783403930966103
0.2510000000000001,18.500999999999998,-0.0016765412144646857
0.2510000000000001,19.000999999999998,-0.0026750635966211397
0.2510000000000001,19.500999999999998,-0.003674683813267423
0.2510000000000001,20.000999999999998,-0.00467633338059177
0.2510000000000001,20.500999999999998,-0.0056810879065899295
0.2510000000000001,21.000999999999998,-0.0066901608982420195
0.2510000000000001,21.500999999999998,-0.007704901994284599
0.2510000000000001,22.000999999999998,-0.008726799299464759
0.2510000000000001,22.500999999999998,-0.009757485681421183
0.2510000000000001,23.000999999999998,-0.010798749066057614
0.2510000000000001,23.500999999999998,-0.011852546943099215
0.2510000000000001,24.000999999999998,-0.012921025482351335
0.2510000000000001,24.500999999999998,-0.014006543876460699
0.2510000000000001,25.000999999999998,-0.01511170478408446
0.2510000000000001,25.500999999999998,-0.016239392069612568
0.2510000000000001,26.000999999999998,-0.01739281745079626
0.2510000000000001,26.500999999999998,-0.018575578214370954
0.2510000000000001,27.000999999999998,-0.019791728900407732
0.2510000000000001,27.500999999999998,-0.021045870874598492
0.2510000000000001,28.000999999999998,-0.02234326513302195
0.2510000000000001,28.500999999999998,-0.02368997571391164
0.2510000000000001,29.000999999999998,-0.02509305403474171
0.2510000000000001,29.500999999999998,-0.026560778825020902
0.2510000000000001,30.000999999999998,-0.02810297289523891
0.2510000000000001,30.500999999999998,-0.02973142813186347
0.2510000000000001,31.000999999999998,-0.03146048619480227
0.2510000000000001,31.500999999999998,-0.033307848636275894
0.2510000000000001,32.001,-0.03529573439618723
0.2510000000000001,32.501,-0.03745258005115746
0.2510000000000001,33.001,-0.039815619737315136
0.2510000000000001,33.501,-0.04243495404998289
0.2510000000000001,34.001,-0.04538027452485359
0.2510000000000001,34.501,-0.0487526390479925
0.2510000000000001,35.001,-0.052706668296304555
0.2510000000000001,35.501,-0.05749666270187655
0.2510000000000001,36.001,-0.06358633833997823
0.2510000000000001,36.501,-0.07196951308833507
0.2510000000000001,37.001,-0.0855188763754783
0.2510000000000001,37.501,-0.12577970280113648
0.2510000000000001,38.001,-0.08723551292326062
0.2510000000000001,38.501,-0.06845343494090876
0.2510000000000001,39.001,-0.05778724137316755
0.2510000000000001,39.501,-0.05026466761065378
0.2560000000000001,0.001,-0.897234029727014
0.2560000000000001,0.501,-2.050480726387875
0.2560000000000001,1.001,-0.7175788923833006
0.2560000000000001,1.501,-0.3365017460123148
0.2560000000000001,2.001,-0.1802470273795687
0.2560000000000001,2.501,-0.10180103930668859
0.2560000000000001,3.001,-0.05766669176716693
0.2560000000000001,3.501,-0.03100938944294515
0.2560000000000001,4.0009999999999994,-0.014151801178271195
0.2560000000000001,4.5009999999999994,-0.003178670759270419
0.2560000000000001,5.0009999999999994,0.004075853606191532
0.2560000000000001,5.5009999999999994,0.008886348157622653
0.2560000000000001,6.0009999999999994,0.01204023669350935
0.2560000000000001,6.5009999999999994,0.014043379254599392
0.2560000000000001,7.0009999999999994,0.015231328251266218
0.2560000000000001,7.5009999999999994,0.015832663885443563
0.2560000000000001,8.001,0.016006607104564086
0.2560000000000001,8.501,0.015866172096010198
0.2560000000000001,9.001,0.01549286300344807
0.2560000000000001,9.501,0.014946255346959605
0.2560000000000001,10.001,0.014270390057049206
0.2560000000000001,10.501,0.01349812910247751
0.2560000000000001,11.001,0.012654177137957245
0.2560000000000001,11.501,0.011757212047333127
0.2560000000000001,12.001,0.010821409152650216
0.2560000000000001,12.501,0.00985754593779778
0.2560000000000001,13.001,0.008873812146084903
0.2560000000000001,13.501,0.007876410082500666
0.2560000000000001,14.001,0.006870003632389737
0.2560000000000001,14.501,0.005858056914893342
0.2560000000000001,15.001,0.004843091549014328
0.2560000000000001,15.501,0.003826883291689509
0.2560000000000001,16.000999999999998,0.0028106130765889123
0.2560000000000001,16.500999999999998,0.0017949834374395846
0.2560000000000001,17.000999999999998,0.0007803084117631864
0.2560000000000001,17.500999999999998,-0.0002334170637197236
0.2560000000000001,18.000999999999998,-0.0012464637756432334
0.2560000000000001,18.500999999999998,-0.0022593275057496004
0.2560000000000001,19.000999999999998,-0.003272698419514622
0.2560000000000001,19.500999999999998,-0.0042874386709204106
0.2560000000000001,20.000999999999998,-0.005304566806547263
0.2560000000000001,20.500999999999998,-0.00632524792969591
0.2560000000000001,21.000999999999998,-0.007350788886913123
0.2560000000000001,21.500999999999998,-0.008382637988008753
0.2560000000000001,22.000999999999998,-0.0094223889844741
0.2560000000000001,22.500999999999998,-0.010471789224935923
0.2560000000000001,23.000999999999998,-0.011532752093058762
0.2560000000000001,23.500999999999998,-0.012607374025752696
0.2560000000000001,24.000999999999998,-0.01369795662119696
0.2560000000000001,24.500999999999998,-0.014807034592657899
0.2560000000000001,25.000999999999998,-0.01593741062504072
0.2560000000000001,25.500999999999998,-0.017092198572603936
0.2560000000000001,26.000999999999998,-0.018274876934213997
0.2560000000000001,26.500999999999998,-0.019489355208093688
0.2560000000000001,27.000999999999998,-0.02074005663579208
0.2560000000000001,27.500999999999998,-0.02203202210614774
0.2560000000000001,28.000999999999998,-0.02337104177309316
0.2560000000000001,28.500999999999998,-0.02476382350809382
0.2560000000000001,29.000999999999998,-0.026218211073678957
0.2560000000000001,29.500999999999998,-0.027743470541913423
0.2560000000000001,30.000999999999998,-0.02935067211052599
0.2560000000000001,30.500999999999998,-0.031053208005953938
0.2560000000000001,31.000999999999998,-0.032867508991295015
0.2560000000000001,31.500999999999998,-0.03481405831133177
0.2560000000000001,32.001,-0.036918864507706775
0.2560000000000001,32.501,-0.03921566698084077
0.2560000000000001,33.001,-0.0417493600927584
0.2560000000000001,33.501,-0.04458154445753078
0.2560000000000001,34.001,-0.047800018114606234
0.2560000000000001,34.501,-0.051536125546361014
0.2560000000000001,35.001,-0.05599935006242936
0.2560000000000001,35.501,-0.061554955473541575
0.2560000000000001,36.001,-0.06893110717850441
0.2560000000000001,36.501,-0.07995276971905785
0.2560000000000001,37.001,-0.1023693890552368
0.2560000000000001,37.501,-0.10263546379985705
0.2560000000000001,38.001,-0.07482780864569977
0.2560000000000001,38.501,-0.06193670538138237
0.2560000000000001,39.001,-0.0533671118439297
0.2560000000000001,39.501,-0.04692739308011368
0.2610000000000001,0.001,-0.9097131823454085
0.2610000000000001,0.501,-2.17256809651754
0.2610000000000001,1.001,-0.7119191563217825
0.2610000000000001,1.501,-0.3330452725598208
0.2610000000000001,2.001,-0.1779065181676039
0.2610000000000001,2.501,-0.10013295856573523
0.2610000000000001,3.001,-0.05644645252650496
0.2610000000000001,3.501,-0.03010758819565537
0.2610000000000001,4.0009999999999994,-0.01348714420010054
0.2610000000000001,4.5009999999999994,-0.0026968204822465647
0.2610000000000001,5.0009999999999994,0.004412950248931846
0.2610000000000001,5.5009999999999994,0.00910632384916854
0.2610000000000001,6.0009999999999994,0.012163745795530308
0.2610000000000001,6.5009999999999994,0.014086227170741025
0.2610000000000001,7.0009999999999994,0.015205846414562185
0.2610000000000001,7.5009999999999994,0.015748629856637955
0.2610000000000001,8.001,0.015871879100981562
0.2610000000000001,8.501,0.01568713800291456
0.2610000000000001,9.001,0.015274765259287428
0.2610000000000001,9.501,0.014693430617423259
0.2610000000000001,10.001,0.013986449075362478
0.2610000000000001,10.501,0.013186093643505939
0.2610000000000001,11.001,0.01231658572454096
0.2610000000000001,11.501,0.011396202474948575
0.2610000000000001,12.001,0.010438783570151045
0.2610000000000001,12.501,0.009454822620583517
0.2610000000000001,13.001,0.008452266986192336
0.2610000000000001,13.501,0.007437110035345973
0.2610000000000001,14.001,0.006413833797406926
0.2610000000000001,14.501,0.005385742518346712
0.2610000000000001,15.001,0.004355215795777301
0.2610000000000001,15.501,0.003323901827494695
0.2610000000000001,16.000999999999998,0.002292865631612677
0.2610000000000001,16.500999999999998,0.0012627030909170833
0.2610000000000001,17.000999999999998,0.00023362881488980802
0.2610000000000001,17.500999999999998,-0.0007944562508697267
0.2610000000000001,18.000999999999998,-0.0018219130438002218
0.2610000000000001,18.500999999999998,-0.0028493251188898595
0.2610000000000001,19.000999999999998,-0.0038774694143046615
0.2610000000000001,19.500999999999998,-0.0049072951908168405
0.2610000000000001,20.000999999999998,-0.005939909769283276
0.2610000000000001,20.500999999999998,-0.006976570067802515
0.2610000000000001,21.000999999999998,-0.00801867924382451
0.2610000000000001,21.500999999999998,-0.009067787999516883
0.2610000000000001,22.000999999999998,-0.010125600329464919
0.2610000000000001,22.500999999999998,-0.011193983693733249
0.2610000000000001,23.000999999999998,-0.012274983800438753
0.2610000000000001,23.500999999999998,-0.013370844394250549
0.2610000000000001,24.000999999999998,-0.014484032686041343
0.2610000000000001,24.500999999999998,-0.015617271342670977
0.2610000000000001,25.000999999999998,-0.016773578308317348
0.2610000000000001,25.500999999999998,-0.01795631618183546
0.2610000000000001,26.000999999999998,-0.01916925347326549
0.2610000000000001,26.500999999999998,-0.020416640871449322
0.2610000000000001,27.000999999999998,-0.021703306769239792
0.2610000000000001,27.500999999999998,-0.02303477785678032
0.2610000000000001,28.000999999999998,-0.02441743282793668
0.2610000000000001,28.500999999999998,-0.025858700497543675
0.2610000000000001,29.000999999999998,-0.027367318455797495
0.2610000000000001,29.500999999999998,-0.02895367570970179
0.2610000000000001,30.000999999999998,-0.030630274134436766
0.2610000000000001,30.500999999999998,-0.03241236168957765
0.2610000000000001,31.000999999999998,-0.03431882013284106
0.2610000000000001,31.500999999999998,-0.036373440543605376
0.2610000000000001,32.001,-0.03860680927607889
0.2610000000000001,32.501,-0.04105919192333407
0.2610000000000001,33.001,-0.04378512422292477
0.2610000000000001,33.501,-0.04686108609253796
0.2610000000000001,34.001,-0.05039913322907906
0.2610000000000001,34.501,-0.054573073154669166
0.2610000000000001,35.001,-0.0596742358646704
0.2610000000000001,35.501,-0.06624911341656543
0.2610000000000001,36.001,-0.07552613385069572
0.2610000000000001,36.501,-0.09144439761876577
0.2610000000000001,37.001,-0.1587845182457733
0.2610000000000001,37.501,-0.08332468841333758
0.2610000000000001,38.001,-0.06690869535570763
0.2610000000000001,38.501,-0.05693011434009166
0.2610000000000001,39.001,-0.04971347363231856
0.2610000000000001,39.501,-0.044057410537204925
0.2660000000000001,0.001,-0.9220965790335953
0.2660000000000001,0.501,-2.160823689637043
0.2660000000000001,1.001,-0.7064265783525434
0.2660000000000001,1.501,-0.32970283887964696
0.2660000000000001,2.001,-0.17565257635394033
0.2660000000000001,2.501,-0.09853451162084664
0.2660000000000001,3.001,-0.055284295078260146
0.2660000000000001,3.501,-0.029255447670930107
0.2660000000000001,4.0009999999999994,-0.012865715634761576
0.2660000000000001,4.5009999999999994,-0.002253112399732027
0.2660000000000001,5.0009999999999994,0.004716034791815399
0.2660000000000001,5.5009999999999994,0.009295712119814725
0.2660000000000001,6.0009999999999994,0.012259555463130081
0.2660000000000001,6.5009999999999994,0.014103844792640902
0.2660000000000001,7.0009999999999994,0.015157269460753327
0.2660000000000001,7.5009999999999994,0.015643364669334997
0.2660000000000001,8.001,0.015717560093245653
0.2660000000000001,8.501,0.015489965771070313
0.2660000000000001,9.001,0.015039823539188174
0.2660000000000001,9.501,0.014424920071448286
0.2660000000000001,10.001,0.013687862681120218
0.2660000000000001,10.501,0.012860350245460672
0.2660000000000001,11.001,0.011966133068501764
0.2660000000000001,11.501,0.01102309761676203
0.2660000000000001,12.001,0.010044756257618678
0.2660000000000001,12.501,0.009041325684395654
0.2660000000000001,13.001,0.008020516690314228
0.2660000000000001,13.501,0.006988118571163805
0.2660000000000001,14.001,0.005948435556745357
0.2660000000000001,14.501,0.004904615381077643
0.2660000000000001,15.001,0.0038588983731776064
0.2660000000000001,15.501,0.0028128073822818733
0.2660000000000001,16.000999999999998,0.0017672932285801926
0.2660000000000001,16.500999999999998,0.0007228464035188703
0.2660000000000001,17.000999999999998,-0.0003204170875411444
0.2660000000000001,17.500999999999998,-0.0013626898910037016
0.2660000000000001,18.000999999999998,-0.0024044231208482474
0.2660000000000001,18.500999999999998,-0.0034462885668628193
0.2660000000000001,19.000999999999998,-0.004489150859659011
0.2660000000000001,19.500999999999998,-0.005534047779593772
0.2660000000000001,20.000999999999998,-0.00658217737657181
0.2660000000000001,20.500999999999998,-0.007634890945652673
0.2660000000000001,21.000999999999998,-0.008693691209909388
0.2660000000000001,21.500999999999998,-0.009760235320476488
0.2660000000000001,22.000999999999998,-0.010836342512960347
0.2660000000000001,22.500999999999998,-0.01192400647555207
0.2660000000000001,23.000999999999998,-0.013025412702377732
0.2660000000000001,23.500999999999998,-0.014142961341401666
0.2660000000000001,24.000999999999998,-0.015279296317335399
0.2660000000000001,24.500999999999998,-0.016437341838322544
0.2660000000000001,25.000999999999998,-0.017620347809388665
0.2660000000000001,25.500999999999998,-0.018831946215281004
0.2660000000000001,26.000999999999998,-0.02007622125653125
0.2660000000000001,26.500999999999998,-0.0213577970072874
0.2660000000000001,27.000999999999998,-0.022681947734112133
0.2660000000000001,27.500999999999998,-0.02405473795794206
0.2660000000000001,28.000999999999998,-0.025483202147113398
0.2660000000000001,28.500999999999998,-0.02697557805973407
0.2660000000000001,29.000999999999998,-0.028541613961483386
0.2660000000000001,29.500999999999998,-0.030192979489013373
0.2660000000000001,30.000999999999998,-0.03194382497628301
0.2660000000000001,30.500999999999998,-0.033811558462781895
0.2660000000000001,31.000999999999998,-0.03581795045842012
0.2660000000000001,31.500999999999998,-0.037990747491144304
0.2660000000000001,32.001,-0.040366104003579324
0.2660000000000001,32.501,-0.04299238688034404
0.2660000000000001,33.001,-0.045936401136058826
0.2660000000000001,33.501,-0.049294157769789994
0.2660000000000001,34.001,-0.05321084927105108
0.2660000000000001,34.501,-0.05792146909736606
0.2660000000000001,35.001,-0.06384453667213755
0.2660000000000001,35.501,-0.0718429905543244
0.2660000000000001,36.001,-0.08422319605750749
0.2660000000000001,36.501,-0.11308238931098619
0.2660000000000001,37.001,-0.09607020744052698
0.2660000000000001,37.501,-0.07306899032337552
0.2660000000000001,38.001,-0.06108688989892495
0.2660000000000001,38.501,-0.05286976364369569
0.2660000000000001,39.001,-0.04660335651047422
0.2660000000000001,39.501,-0.04154253451353494
0.27100000000000013,0.001,-0.9343860177906421
0.27100000000000013,0.501,-2.1493862615912183
0.27100000000000013,1.001,-0.7010949842603145
0.27100000000000013,1.501,-0.3264702127362551
0.27100000000000013,2.001,-0.17348196923098896
0.27100000000000013,2.501,-0.09700307880472603
0.27100000000000013,3.001,-0.054178015968719365
0.27100000000000013,3.501,-0.028451066522395152
0.27100000000000013,4.0009999999999994,-0.012285844086279196
0.27100000000000013,4.5009999999999994,-0.001846056490624623
0.27100000000000013,5.0009999999999994,0.004986450165511733
0.27100000000000013,5.5009999999999994,0.00945573392151719
0.27100000000000013,6.0009999999999994,0.012328783620582373
0.27100000000000013,6.5009999999999994,0.014097261675134087
0.27100000000000013,7.0009999999999994,0.015086550149654106
0.27100000000000013,7.5009999999999994,0.015517753589633088
0.27100000000000013,8.001,0.015544475442078376
0.27100000000000013,8.501,0.015275427128198349
0.27100000000000013,9.001,0.014788761181891402
0.27100000000000013,9.501,0.01414140308678246
0.27100000000000013,10.001,0.013375270062376043
0.27100000000000013,10.501,0.012521501142606223
0.27100000000000013,11.001,0.011603387244265101
0.27100000000000013,11.501,0.01063843381208178
0.27100000000000013,12.001,0.00963983393178161
0.27100000000000013,12.501,0.00861753406874051
0.27100000000000013,13.001,0.0075790140345120514
0.27100000000000013,13.501,0.006529863712897592
0.27100000000000013,14.001,0.005474213409194186
0.27100000000000013,14.501,0.004415057542401693
0.27100000000000013,15.001,0.003354499774299649
0.27100000000000013,15.501,0.002293939673838133
0.27100000000000013,16.000999999999998,0.0012342154443700237
0.27100000000000013,16.500999999999998,0.0001757133116534748
0.27100000000000013,17.000999999999998,-0.0008815486336360701
0.27100000000000013,17.500999999999998,-0.0019378563690205242
0.27100000000000013,18.000999999999998,-0.0029937513561834033
0.27100000000000013,18.500999999999998,-0.004049994237741571
0.27100000000000013,19.000999999999998,-0.005107538428452199
0.27100000000000013,19.500999999999998,-0.006167511833701664
0.27100000000000013,20.000999999999998,-0.0072312054069031545
0.27100000000000013,20.500999999999998,-0.008300067636765475
0.27100000000000013,21.000999999999998,-0.00937570436581327
0.27100000000000013,21.500999999999998,-0.01045988360679257
0.27100000000000013,22.000999999999998,-0.011554545263030333
0.27100000000000013,22.500999999999998,-0.012661815889520311
0.27100000000000013,23.000999999999998,-0.01378402886993084
0.27100000000000013,23.500999999999998,-0.014923750648409756
0.27100000000000013,24.000999999999998,-0.016083813964632907
0.27100000000000013,24.500999999999998,-0.017267359422080467
0.27100000000000013,25.000999999999998,-0.018477887207987397
0.27100000000000013,25.500999999999998,-0.01971932142774658
0.27100000000000013,26.000999999999998,-0.020996090387098414
0.27100000000000013,26.500999999999998,-0.022313227356382033
0.27100000000000013,27.000999999999998,-0.023676498039442825
0.27100000000000013,27.500999999999998,-0.025092563387920125
0.27100000000000013,28.000999999999998,-0.02656918993135054
0.27100000000000013,28.500999999999998,-0.028115525050797348
0.27100000000000013,29.000999999999998,-0.029742462626905157
0.27100000000000013,29.500999999999998,-0.03146313697335477
0.27100000000000013,30.000999999999998,-0.03329360295766982
0.27100000000000013,30.500999999999998,-0.03525379321745222
0.27100000000000013,31.000999999999998,-0.03736889978712358
0.27100000000000013,31.500999999999998,-0.039671427753960375
0.27100000000000013,32.001,-0.04220435537631605
0.27100000000000013,32.501,-0.04502620262158186
0.27100000000000013,33.001,-0.04821958239629034
0.27100000000000013,33.501,-0.05190656882176134
0.27100000000000013,34.001,-0.05627866201130822
0.27100000000000013,34.501,-0.061661981164404286
0.27100000000000013,35.001,-0.06868320150898297
0.27100000000000013,35.501,-0.07881133568486465
0.27100000000000013,36.001,-0.09725016566855986
0.27100000000000013,36.501,-0.12298950628712668
0.27100000000000013,37.001,-0.08112085429521707
0.27100000000000013,37.501,-0.06604314079185332
0.27100000000000013,38.001,-0.056487669280591055
0.27100000000000013,38.501,-0.04945873833899174
0.27100000000000013,39.001,-0.04389885887784545
0.27100000000000013,39.501,-0.039306654558458956
0.27600000000000013,0.001,-0.9465832302409599
0.27600000000000013,0.501,-2.138244715445356
0.27600000000000013,1.001,-0.6959185387623728
0.27600000000000013,1.501,-0.3233433945572698
0.27600000000000013,2.001,-0.17139164210579577
0.27600000000000013,2.501,-0.09553618498543687
0.27600000000000013,3.001,-0.053125533585731216
0.27600000000000013,3.501,-0.02769264880870337
0.27600000000000013,4.0009999999999994,-0.011745951087670181
0.27600000000000013,4.5009999999999994,-0.001474245855691586
0.27600000000000013,5.0009999999999994,0.0052254641003327135
0.27600000000000013,5.5009999999999994,0.00958754154502131
0.27600000000000013,6.0009999999999994,0.012372485026078295
0.27600000000000013,6.5009999999999994,0.01406744889414227
0.27600000000000013,7.0009999999999994,0.014994586811138785
0.27600000000000013,7.5009999999999994,0.015372630989720582
0.27600000000000013,8.001,0.015353402731810135
0.27600000000000013,8.501,0.015044248797157048
0.27600000000000013,9.001,0.014522259003399596
0.27600000000000013,9.501,0.013843518755934842
0.27600000000000013,10.001,0.013049272150674474
0.27600000000000013,10.501,0.012170112161652178
0.27600000000000013,11.001,0.01122888161155166
0.27600000000000013,11.501,0.010242714241705263
0.27600000000000013,12.001,0.00922449158647494
0.27600000000000013,12.501,0.008183896318605902
0.27600000000000013,13.001,0.007128182632547988
0.27600000000000013,13.501,0.00606274546645412
0.27600000000000013,14.001,0.004991544902404471
0.27600000000000013,14.501,0.003917425083238654
0.27600000000000013,15.001,0.002842355458383239
0.27600000000000013,15.501,0.0017676142462949296
0.27600000000000013,16.000999999999998,0.0006939284807914725
0.27600000000000013,16.500999999999998,-0.00037841888465754703
0.27600000000000013,17.000999999999998,-0.0014495071184899427
0.27600000000000013,17.500999999999998,-0.002519715407225863
0.27600000000000013,18.000999999999998,-0.00358967587866214
0.27600000000000013,18.500999999999998,-0.004660238806024772
0.27600000000000013,19.000999999999998,-0.005732447656876388
0.27600000000000013,19.500999999999998,-0.006807522266845417
0.27600000000000013,20.000999999999998,-0.007886848896727638
0.27600000000000013,20.500999999999998,-0.0089719763130994
0.27600000000000013,21.000999999999998,-0.010064617348075247
0.27600000000000013,21.500999999999998,-0.011166655667329488
0.27600000000000013,22.000999999999998,-0.012280157727141396
0.27600000000000013,22.500999999999998,-0.013407390149154465
0.27600000000000013,23.000999999999998,-0.014550843003893574
0.27600000000000013,23.500999999999998,-0.01571325979079502
0.27600000000000013,24.000999999999998,-0.016897675257780666
0.27600000000000013,24.500999999999998,-0.018107462648491265
0.27600000000000013,25.000999999999998,-0.019346392543004815
0.27600000000000013,25.500999999999998,-0.02061870622888267
0.27600000000000013,26.000999999999998,-0.021929207592191295
0.27600000000000013,26.500999999999998,-0.023283378985116003
0.27600000000000013,27.000999999999998,-0.024687528609945775
0.27600000000000013,27.500999999999998,-0.02614897997403868
0.27600000000000013,28.000999999999998,-0.027676318420262875
0.27600000000000013,28.500999999999998,-0.029279716445715594
0.27600000000000013,29.000999999999998,-0.030971369870382688
0.27600000000000013,29.500999999999998,-0.03276609329650973
0.27600000000000013,30.000999999999998,-0.03468214997766218
0.27600000000000013,30.500999999999998,-0.03674243610769833
0.27600000000000013,31.000999999999998,-0.03897621794946472
0.27600000000000013,31.500999999999998,-0.04142176323114195
0.27600000000000013,32.001,-0.04413048266444171
0.27600000000000013,32.501,-0.047173757000365704
0.27600000000000013,33.001,-0.050654853535768464
0.27600000000000013,33.501,-0.05473129406797301
0.27600000000000013,34.001,-0.059661062157279114
0.27600000000000013,34.501,-0.0659116419813813
0.27600000000000013,35.001,-0.0744744288404504
0.27600000000000013,35.501,-0.08815237843499596
0.27600000000000013,36.001,-0.1255890506127344
0.27600000000000013,36.501,-0.09273115531812544
0.27600000000000013,37.001,-0.07214292871264108
0.27600000000000013,37.501,-0.060699939087929915
0.27600000000000013,38.001,-0.05269082451810346
0.27600000000000013,38.501,-0.046521174443743825
0.27600000000000013,39.001,-0.041508682469170693
0.27600000000000013,39.501,-0.037295745812162315
0.28100000000000014,0.001,-0.9586898852433177
0.28100000000000014,0.501,-2.127388552025441
0.28100000000000014,1.001,-0.6908917212366812
0.28100000000000014,1.501,-0.3203186007644789
0.28100000000000014,2.001,-0.1693787055395405
0.28100000000000014,2.501,-0.09413148919998185
0.28100000000000014,3.001,-0.05212487941498695
0.28100000000000014,3.501,-0.026978496424948872
0.28100000000000014,4.0009999999999994,-0.011244544424237946
0.28100000000000014,4.5009999999999994,-0.0011363507417724295
0.28100000000000014,5.0009999999999994,0.005434274536117251
0.28100000000000014,5.5009999999999994,0.009692223562845381
0.28100000000000014,6.0009999999999994,0.012391655822667547
0.28100000000000014,6.5009999999999994,0.014015323263544599
0.28100000000000014,7.0009999999999994,0.014882227273785992
0.28100000000000014,7.5009999999999994,0.01520878402517041
0.28100000000000014,8.001,0.015145075226423256
0.28100000000000014,8.501,0.014797115755621565
0.28100000000000014,9.001,0.014240958381113583
0.28100000000000014,9.501,0.013531868812337233
0.28100000000000014,10.001,0.01271043440419349
0.28100000000000014,10.501,0.011806715374720472
0.28100000000000014,11.001,0.010843117349251308
0.28100000000000014,11.501,0.009836411352328996
0.28100000000000014,12.001,0.008799174815982955
0.28100000000000014,12.501,0.007740832814109415
0.28100000000000014,13.001,0.006668419078310759
0.28100000000000014,13.501,0.005587137881609569
0.28100000000000014,14.001,0.0045007826173104615
0.28100000000000014,14.501,0.0034120500384826613
0.28100000000000014,15.001,0.0023227776950381085
0.28100000000000014,15.501,0.0012341242495934601
0.28100000000000014,16.000999999999998,0.00014670688223918094
0.28100000000000014,16.500999999999998,-0.0009392938634405906
0.28100000000000014,17.000999999999998,-0.002024054193121058
0.28100000000000014,17.500999999999998,-0.003108046519964068
0.28100000000000014,18.000999999999998,-0.004191994105844012
0.28100000000000014,18.500999999999998,-0.00527683779596945
0.28100000000000014,19.000999999999998,-0.006363712561989782
0.28100000000000014,19.500999999999998,-0.007453932182657622
0.28100000000000014,20.000999999999998,-0.008548980870121275
0.28100000000000014,20.500999999999998,-0.009650511034803164
0.28100000000000014,21.000999999999998,-0.0107603467036404
0.28100000000000014,21.500999999999998,-0.01188049238994543
0.28100000000000014,22.000999999999998,-0.013013147479257435
0.28100000000000014,22.500999999999998,-0.014160726463850776
0.28100000000000014,23.000999999999998,-0.015325885649180915
0.28100000000000014,23.500999999999998,-0.016511557291350856
0.28100000000000014,24.000999999999998,-0.01772099253425389
0.28100000000000014,24.500999999999998,-0.018957815036069817
0.28100000000000014,25.000999999999998,-0.020226087859809727
0.28100000000000014,25.500999999999998,-0.021530397127074098
0.28100000000000014,26.000999999999998,-0.02287595720957642
0.28100000000000014,26.500999999999998,-0.024268744027833262
0.28100000000000014,27.000999999999998,-0.025715665601104172
0.28100000000000014,27.500999999999998,-0.02722478275861217
0.28100000000000014,28.000999999999998,-0.0288055985445199
0.28100000000000014,28.500999999999998,-0.030469443431816706
0.28100000000000014,29.000999999999998,-0.03222999688568945
0.28100000000000014,29.500999999999998,-0.034104007398171265
0.28100000000000014,30.000999999999998,-0.036112308891108086
0.28100000000000014,30.500999999999998,-0.03828129280618799
0.28100000000000014,31.000999999999998,-0.04064510500702219
0.28100000000000014,31.500999999999998,-0.043249042417371146
0.28100000000000014,32.001,-0.04615503223420653
0.28100000000000014,32.501,-0.04945094157751976
0.28100000000000014,33.001,-0.053267459288938654
0.28100000000000014,33.501,-0.0578114012685508
0.28100000000000014,34.001,-0.06343935962060115
0.28100000000000014,34.501,-0.07084977564685667
0.28100000000000014,35.001,-0.08173679284401247
0.28100000000000014,35.501,-0.10265523470073495
0.28100000000000014,36.001,-0.11410613601007925
0.28100000000000014,36.501,-0.08003354569434215
0.28100000000000014,37.001,-0.06571069386977248
0.28100000000000014,37.501,-0.05639315939573801
0.28100000000000014,38.001,-0.04946151751119314
0.28100000000000014,38.501,-0.04394420643416035
0.28100000000000014,39.001,-0.039369229424791534
0.28100000000000014,39.501,-0.03547006911777531
0.28600000000000014,0.001,-0.9707075922429256
0.28600000000000014,0.501,-2.1168078278683162
0.28600000000000014,1.001,-0.6860093035839517
0.28600000000000014,1.501,-0.3173922485707552
0.28600000000000014,2.001,-0.16744042370961565
0.28600000000000014,2.501,-0.09278677520019829
0.28600000000000014,3.001,-0.05117419006607982
0.28600000000000014,3.501,-0.026307002200709848
0.28600000000000014,4.0009999999999994,-0.010780212045164078
0.28600000000000014,4.5009999999999994,-0.0008311130927207699
0.28600000000000014,5.0009999999999994,0.005614014555061497
0.28600000000000014,5.5009999999999994,0.009770809336216959
0.28600000000000014,6.0009999999999994,0.012387237687572009
0.28600000000000014,6.5009999999999994,0.013941751179764157
0.28600000000000014,7.0009999999999994,0.014750272446543228
0.28600000000000014,7.5009999999999994,0.015026955987306592
0.28600000000000014,8.001,0.014920185020072169
0.28600000000000014,8.501,0.014534674207458798
0.28600000000000014,9.001,0.013945464065023089
0.28600000000000014,9.501,0.01320702029737486
0.28600000000000014,10.001,0.012359289344249166
0.28600000000000014,10.501,0.011431811517006757
0.28600000000000014,11.001,0.010446565764335992
0.28600000000000014,11.501,0.00941996906547483
0.28600000000000014,12.001,0.008364301931630763
0.28600000000000014,12.501,0.007288737801435206
0.28600000000000014,13.001,0.006200094896977315
0.28600000000000014,13.501,0.005103390928572482
0.28600000000000014,14.001,0.004002255974647095
0.28600000000000014,14.501,0.0028992421374754024
0.28600000000000014,15.001,0.0017960572421764909
0.28600000000000014,15.501,0.000693742057917418
0.28600000000000014,16.000999999999998,-0.00040719490276780457
0.28600000000000014,16.500999999999998,-0.0015066747739522768
0.28600000000000014,17.000999999999998,-0.002604970410624737
0.28600000000000014,17.500999999999998,-0.0037026476114534685
0.28600000000000014,18.000999999999998,-0.004800521392716604
0.28600000000000014,18.500999999999998,-0.005899624280978205
0.28600000000000014,19.000999999999998,-0.007001184392208662
0.28600000000000014,19.500999999999998,-0.008106611677541571
0.28600000000000014,20.000999999999998,-0.009217491196256531
0.28600000000000014,20.500999999999998,-0.01033558266588784
0.28600000000000014,21.000999999999998,-0.011462825869009208
0.28600000000000014,21.500999999999998,-0.012601351791655002
0.28600000000000014,22.000999999999998,-0.01375349965159052
0.28600000000000014,22.500999999999998,-0.01492184026694618
0.28600000000000014,23.000999999999998,-0.016109206539654034
0.28600000000000014,23.500999999999998,-0.017318732210194566
0.28600000000000014,24.000999999999998,-0.018553900514212174
0.28600000000000014,24.500999999999998,-0.01981860498336992
0.28600000000000014,25.000999999999998,-0.021117225446909017
0.28600000000000014,25.500999999999998,-0.02245472340093494
0.28600000000000014,26.000999999999998,-0.02383676245999814
0.28600000000000014,26.500999999999998,-0.025269861805122806
0.28600000000000014,27.000999999999998,-0.02676159373020235
0.28600000000000014,27.500999999999998,-0.028320841102298273
0.28600000000000014,28.000999999999998,-0.02995813767226436
0.28600000000000014,28.500999999999998,-0.031686125184328576
0.28600000000000014,29.000999999999998,-0.03352017871054404
0.28600000000000014,29.500999999999998,-0.03547928019289267
0.28600000000000014,30.000999999999998,-0.037587268401955753
0.28600000000000014,30.500999999999998,-0.039874678106857527
0.28600000000000014,31.000999999999998,-0.04238153627521546
0.28600000000000014,31.500999999999998,-0.04516178232131943
0.28600000000000014,32.001,-0.048290593736408684
0.28600000000000014,32.501,-0.051877258701700096
0.28600000000000014,33.001,-0.05608954830382672
0.28600000000000014,33.501,-0.061204653756208344
0.28600000000000014,34.001,-0.06773141429335748
0.28600000000000014,34.501,-0.07677228948671451
0.28600000000000014,35.001,-0.0915862943297413
0.28600000000000014,35.501,-0.14026272107600585
0.28600000000000014,36.001,-0.09119126400003852
0.28600000000000014,36.501,-0.07185941282523133
0.28600000000000014,37.001,-0.06070163296638505
0.28600000000000014,37.501,-0.05278993764035065
0.28600000000000014,38.001,-0.04665500369551786
0.28600000000000014,38.501,-0.0416510394246951
0.28600000000000014,39.001,-0.03743441268202313
0.28600000000000014,39.501,-0.033799538547097045
0.29100000000000015,0.001,-0.9826379043889888
0.29100000000000015,0.501,-2.106493116805095
0.29100000000000015,1.001,-0.6812663300025441
0.29100000000000015,1.501,-0.31456094209088786
0.29100000000000015,2.001,-0.16557420377788573
0.29100000000000015,2.501,-0.09149994281635014
0.29100000000000015,3.001,-0.05027169998852855
0.29100000000000015,3.501,-0.025676643595507975
0.29100000000000015,4.0009999999999994,-0.010351616502305344
0.29100000000000015,4.5009999999999994,-0.0005573415723904296
0.29100000000000015,5.0009999999999994,0.005765756887058077
0.29100000000000015,5.5009999999999994,0.009824273131277934
0.29100000000000015,6.0009999999999994,0.012360121621637632
0.29100000000000015,6.5009999999999994,0.013847552132773843
0.29100000000000015,7.0009999999999994,0.014599479589486347
0.29100000000000015,7.5009999999999994,0.014827849364440919
0.29100000000000015,8.001,0.014679385913872356
0.29100000000000015,8.501,0.014257534295785093
0.29100000000000015,9.001,0.013636346744370934
0.29100000000000015,9.501,0.012869507995263138
0.29100000000000015,10.001,0.011996338870826212
0.29100000000000015,10.501,0.01104587219364006
0.29100000000000015,11.001,0.010039670399248392
0.29100000000000015,11.501,0.008993804793389968
0.29100000000000015,12.001,0.007920265893149288
0.29100000000000015,12.501,0.006827981245763851
0.29100000000000015,13.001,0.005723558324853117
0.29100000000000015,13.501,0.00461183220942242
0.29100000000000015,14.001,0.003496272882107382
0.29100000000000015,14.501,0.002379290390496225
0.29100000000000015,15.001,0.00126246487498477
0.29100000000000015,15.501,0.00014672074386250233
0.29100000000000015,16.000999999999998,-0.0009675410999190892
0.29100000000000015,16.500999999999998,-0.0020803428656194015
0.29100000000000015,17.000999999999998,-0.0031920539042549455
0.29100000000000015,17.500999999999998,-0.004303333701982551
0.29100000000000015,18.000999999999998,-0.005415089805486786
0.29100000000000015,18.500999999999998,-0.006528447705037382
0.29100000000000015,19.000999999999998,-0.007644730497135717
0.29100000000000015,19.500999999999998,-0.008765446760494244
0.29100000000000015,20.000999999999998,-0.009892285561888495
0.29100000000000015,20.500999999999998,-0.011027117903446362
0.29100000000000015,21.000999999999998,-0.012172004262092986
0.29100000000000015,21.500999999999998,-0.013329208181474525
0.29100000000000015,22.000999999999998,-0.01450121618011941
0.29100000000000015,22.500999999999998,-0.01569076456015511
0.29100000000000015,23.000999999999998,-0.01690087406406872
0.29100000000000015,23.500999999999998,-0.018134893763747835
0.29100000000000015,24.000999999999998,-0.01939655611675687
0.29100000000000015,24.500999999999998,-0.020690045845108723
0.29100000000000015,25.000999999999998,-0.022020086261372862
0.29100000000000015,25.500999999999998,-0.02339204800333105
0.29100000000000015,26.000999999999998,-0.02481208701921319
0.29100000000000015,26.500999999999998,-0.026287321345587956
0.29100000000000015,27.000999999999998,-0.0278260601740005
0.29100000000000015,27.500999999999998,-0.029438104614787533
0.29100000000000015,28.000999999999998,-0.03113514860802689
0.29100000000000015,28.500999999999998,-0.032931322604496854
0.29100000000000015,29.000999999999998,-0.034843945476812424
0.29100000000000015,29.500999999999998,-0.03689458808200653
0.29100000000000015,30.000999999999998,-0.039110617276513285
0.29100000000000015,30.500999999999998,-0.04152750649364293
0.29100000000000015,31.000999999999998,-0.04419241979953504
0.29100000000000015,31.500999999999998,-0.04717001624990011
0.29100000000000015,32.001,-0.05055236007348046
0.29100000000000015,32.501,-0.054477002831869695
0.29100000000000015,33.001,-0.05916294872585895
0.29100000000000015,33.501,-0.06499109188415014
0.29100000000000015,34.001,-0.07271761001067877
0.29100000000000015,34.501,-0.08422249510321725
0.29100000000000015,35.001,-0.10729542931997413
0.29100000000000015,35.501,-0.11060406477843034
0.29100000000000015,36.001,-0.07977937544328101
0.29100000000000015,36.501,-0.06582531812073895
0.29100000000000015,37.001,-0.056604086345624395
0.29100000000000015,37.501,-0.04969590797081003
0.29100000000000015,38.001,-0.04417569153367406
0.29100000000000015,38.501,-0.03958703832837737
0.29100000000000015,39.001,-0.03566976213868833
0.29100000000000015,39.501,-0.03226082748717412
0.29600000000000015,0.001,-0.994482321437873
0.29600000000000015,0.501,-2.0964354748076377
0.29600000000000015,1.001,-0.6766580984811693
0.29600000000000015,1.501,-0.31182145963244606
0.29600000000000015,2.001,-0.1637775861624916
0.29600000000000015,2.501,-0.09026900005498814
0.29600000000000015,3.001,-0.04941573480732425
0.29600000000000015,3.501,-0.02508597693073944
0.29600000000000015,4.0009999999999994,-0.009957489862407326
0.29600000000000015,4.5009999999999994,-0.00031390701146663536
0.29600000000000015,5.0009999999999994,0.005890518031202774
0.29600000000000015,5.5009999999999994,0.00985353788445692
0.29600000000000015,6.0009999999999994,0.012311151415666188
0.29600000000000015,6.5009999999999994,0.013733501917609706
0.29600000000000015,7.0009999999999994,0.014430565305461662
0.29600000000000015,7.5009999999999994,0.014612128641744146
0.29600000000000015,8.001,0.014423296046939746
0.29600000000000015,8.501,0.013966272584140918
0.29600000000000015,9.001,0.013314145394789673
0.29600000000000015,9.501,0.012519836659520361
0.29600000000000015,10.001,0.011622056379759327
0.29600000000000015,10.501,0.010649341897309289
0.29600000000000015,11.001,0.009622848958379539
0.29600000000000015,11.501,0.00855831128166823
0.29600000000000015,12.001,0.007467436073789725
0.29600000000000015,12.501,0.0063589105244240204
0.29600000000000015,13.001,0.005239135935418228
0.29600000000000015,13.501,0.004112768521318491
0.29600000000000015,14.001,0.002983121238451722
0.29600000000000015,14.501,0.0018524645370326526
0.29600000000000015,15.001,0.000722252781183777
0.29600000000000015,15.501,-0.000406704576897024
0.29600000000000015,16.000999999999998,-0.001534113313011537
0.29600000000000015,16.500999999999998,-0.002660096238873925
0.29600000000000015,17.000999999999998,-0.0037851191839731752
0.29600000000000015,17.500999999999998,-0.004909935769405842
0.29600000000000015,18.000999999999998,-0.006035547007754313
0.29600000000000015,18.500999999999998,-0.007163172813895629
0.29600000000000015,19.000999999999998,-0.008294233304787221
0.29600000000000015,19.500999999999998,-0.009430338378316847
0.29600000000000015,20.000999999999998,-0.010573284547638367
0.29600000000000015,20.500999999999998,-0.01172505840958548
0.29600000000000015,21.000999999999998,-0.01288784647635665
0.29600000000000015,21.500999999999998,-0.014064051426007446
0.29600000000000015,22.000999999999998,-0.015256315154489488
0.29600000000000015,22.500999999999998,-0.016467549365696853
0.29600000000000015,23.000999999999998,-0.01770097484537667
0.29600000000000015,23.500999999999998,-0.018960171066140116
0.29600000000000015,24.000999999999998,-0.020249138412657724
0.29600000000000015,24.500999999999998,-0.02157237616623864
0.29600000000000015,25.000999999999998,-0.022934980544929574
0.29600000000000015,25.500999999999998,-0.024342768706077364
0.29600000000000015,26.000999999999998,-0.025802436907778052
0.29600000000000015,26.500999999999998,-0.027321764345628483
0.29600000000000015,27.000999999999998,-0.028909879095043875
0.29600000000000015,27.500999999999998,-0.030577610022051456
0.29600000000000015,28.000999999999998,-0.03233796003680521
0.29600000000000015,28.500999999999998,-0.034206754364975264
0.29600000000000015,29.000999999999998,-0.03620354747367411
0.29600000000000015,29.500999999999998,-0.03835292300135311
0.29600000000000015,30.000999999999998,-0.040686410221074505
0.29600000000000015,30.500999999999998,-0.04324540451003516
0.29600000000000015,31.000999999999998,-0.04608579685892826
0.29600000000000015,31.500999999999998,-0.049285672319161054
0.29600000000000015,32.001,-0.052958895163468016
0.29600000000000015,32.501,-0.05728097150796148
0.29600000000000015,33.001,-0.06254350343998705
0.29600000000000015,33.501,-0.06928626231349798
0.29600000000000015,34.001,-0.07869512940362072
0.29600000000000015,34.501,-0.0943818857314612
0.29600000000000015,35.001,-0.15657115250889825
0.29600000000000015,35.501,-0.0908939097164341
0.29600000000000015,36.001,-0.07211227981275303
0.29600000000000015,36.501,-0.061046299637701695
0.29600000000000015,37.001,-0.05314099932703836
0.29600000000000015,37.501,-0.046987577056112236
0.29600000000000015,38.001,-0.041957116936930834
0.29600000000000015,38.501,-0.03771194106622287
0.29600000000000015,39.001,-0.03404882041258182
0.29600000000000015,39.501,-0.030835484375240113
0.30100000000000016,0.001,-1.0062422924601002
0.30100000000000016,0.501,-2.0866264077709595
0.30100000000000016,1.001,-0.6721801438372679
0.30100000000000016,1.501,-0.3091707420483353
0.30100000000000016,2.001,-0.16204823562268356
0.30100000000000016,2.501,-0.08909205585746395
0.30100000000000016,3.001,-0.048604705215915756
0.30100000000000016,3.501,-0.024533632104236203
0.30100000000000016,4.0009999999999994,-0.009596629045217686
0.30100000000000016,4.5009999999999994,-0.00009973823560660566
0.30100000000000016,5.0009999999999994,0.0059892620320063095
0.30100000000000016,5.5009999999999994,0.009859478652266884
0.30100000000000016,6.0009999999999994,0.012241126826114751
0.30100000000000016,6.5009999999999994,0.013600335576492512
0.30100000000000016,7.0009999999999994,0.014244208280658106
0.30100000000000016,7.5009999999999994,0.014380422866033082
0.30100000000000016,8.001,0.01415250030640279
0.30100000000000016,8.501,0.013661434329089256
0.30100000000000016,9.001,0.012979369428006579
0.30100000000000016,9.501,0.012158483052009783
0.30100000000000016,10.001,0.011236888701516581
0.30100000000000016,10.501,0.010242639855708342
0.30100000000000016,11.001,0.00919649507186279
0.30100000000000016,11.501,0.008113858296047435
0.30100000000000016,12.001,0.0070061598759215415
0.30100000000000016,12.501,0.00588185197635306
0.30100000000000016,13.001,0.004747134127080929
0.30100000000000016,13.501,0.0036064872864210867
0.30100000000000016,14.001,0.0024630703089817546
0.30100000000000016,14.501,0.0013190163697520824
0.30100000000000016,15.001,0.0001756558360338223
0.30100000000000016,15.501,-0.0009663155174123861
0.30100000000000016,16.000999999999998,-0.0021067093407924065
0.30100000000000016,16.500999999999998,-0.0032457487056441817
0.30100000000000016,17.000999999999998,-0.004383996039604814
0.30100000000000016,17.500999999999998,-0.005522299694427205
0.30100000000000016,18.000999999999998,-0.006661755247897028
0.30100000000000016,18.500999999999998,-0.0078036786851385515
0.30100000000000016,19.000999999999998,-0.008949589395694913
0.30100000000000016,19.500999999999998,-0.010101201536030072
0.30100000000000016,20.000999999999998,-0.01126042279822076
0.30100000000000016,20.500999999999998,-0.012429360036582009
0.30100000000000016,21.000999999999998,-0.013610331568161042
0.30100000000000016,21.500999999999998,-0.01480588630914224
0.30100000000000016,22.000999999999998,-0.01601883026423381
0.30100000000000016,22.500999999999998,-0.017252261278763253
0.30100000000000016,23.000999999999998,-0.018509613426994573
0.30100000000000016,23.500999999999998,-0.019794712987983694
0.30100000000000016,24.000999999999998,-0.021111848710465946
0.30100000000000016,24.500999999999998,-0.022465860073822487
0.30100000000000016,25.000999999999998,-0.023862248635113457
0.30100000000000016,25.500999999999998,-0.025307319496868735
0.30100000000000016,26.000999999999998,-0.026808362721753187
0.30100000000000016,26.500999999999998,-0.028373888609652925
0.30100000000000016,27.000999999999998,-0.03001393687173784
0.30100000000000016,27.500999999999998,-0.031740489102378415
0.30100000000000016,28.000999999999998,-0.03356802864809289
0.30100000000000016,28.500999999999998,-0.035514315687477094
0.30100000000000016,29.000999999999998,-0.03760148481474003
0.30100000000000016,29.500999999999998,-0.03985764053044505
0.30100000000000016,30.000999999999998,-0.042319248498668735
0.30100000000000016,30.500999999999998,-0.045034851467617466
0.30100000000000016,31.000999999999998,-0.04807110034302084
0.30100000000000016,31.500999999999998,-0.051523079276373646
0.30100000000000016,32.001,-0.055533209541085954
0.30100000000000016,32.501,-0.060329019722109536
0.30100000000000016,33.001,-0.06630815400393347
0.30100000000000016,33.501,-0.07426605986226455
0.30100000000000016,34.001,-0.08620832849822593
0.30100000000000016,34.501,-0.11079308881967329
0.30100000000000016,35.001,-0.10984801928153239
0.30100000000000016,35.501,-0.08021291003278551
0.30100000000000016,36.001,-0.0663365971833891
0.30100000000000016,36.501,-0.05709403270326888
0.30100000000000016,37.001,-0.050145203215898784
0.30100000000000016,37.501,-0.04458154386931283
0.30100000000000016,38.001,-0.03995118597072705
0.30100000000000016,38.501,-0.035995219372392744
0.30100000000000016,39.001,-0.03255083693978727
0.30100000000000016,39.501,-0.02950866265461791
0.30600000000000016,0.001,-1.0179192183673176
0.30600000000000016,0.501,-2.0770578419421963
0.30600000000000016,1.001,-0.6678282221487457
0.30600000000000016,1.501,-0.306605882046448
0.30600000000000016,2.001,-0.16038393307648793
0.30600000000000016,2.501,-0.08796731345397579
0.30600000000000016,3.001,-0.04783710137160346
0.30600000000000016,3.501,-0.024018307739863715
0.30600000000000016,4.0009999999999994,-0.009267891545445661
0.30600000000000016,4.5009999999999994,0.00008618176277802592
0.30600000000000016,5.0009999999999994,0.006062903944412945
0.30600000000000016,5.5009999999999994,0.0098429257766795
0.30600000000000016,6.0009999999999994,0.012150806488857996
0.30600000000000016,6.5009999999999994,0.013448750098175866
0.30600000000000016,7.0009999999999994,0.014041051798939316
0.30600000000000016,7.5009999999999994,0.014133327998714168
0.30600000000000016,8.001,0.013867552538243413
0.30600000000000016,8.501,0.013343535564883685
0.30600000000000016,9.001,0.012632500663640273
0.30600000000000016,9.501,0.011785897813091875
0.30600000000000016,10.001,0.01084125787924729
0.30600000000000016,10.501,0.00982616172564392
0.30600000000000016,11.001,0.00876097991277705
0.30600000000000016,11.501,0.007660794168804469
0.30600000000000016,12.001,0.0065367642119189065
0.30600000000000016,12.501,0.005397112322098399
0.30600000000000016,13.001,0.004247840486329563
0.30600000000000016,13.501,0.003093257861717172
0.30600000000000016,14.001,0.0019363719851110683
0.30600000000000016,14.501,0.0007791809464768595
0.30600000000000016,15.001,-0.00037710723101105903
0.30600000000000016,15.501,-0.00153190929622192
0.30600000000000016,16.000999999999998,-0.002685142095590648
0.30600000000000016,16.500999999999998,-0.003837128748689224
0.30600000000000016,17.000999999999998,-0.0049885285401095394
0.30600000000000016,17.500999999999998,-0.00614028529949151
0.30600000000000016,18.000999999999998,-0.007293590437797218
0.30600000000000016,18.500999999999998,-0.008449857847591698
0.30600000000000016,19.000999999999998,-0.009610708664613686
0.30600000000000016,19.500999999999998,-0.010777964503514849
0.30600000000000016,20.000999999999998,-0.011953648277966217
0.30600000000000016,20.500999999999998,-0.013139992136949684
0.30600000000000016,21.000999999999998,-0.014339452429375744
0.30600000000000016,21.500999999999998,-0.015554731978389708
0.30600000000000016,22.000999999999998,-0.016788810334407055
0.30600000000000016,22.500999999999998,-0.01804498311416829
0.30600000000000016,23.000999999999998,-0.019326912060905213
0.30600000000000016,23.500999999999998,-0.02063868812886408
0.30600000000000016,24.000999999999998,-0.021984910774512034
0.30600000000000016,24.500999999999998,-0.02337078782850735
0.30600000000000016,25.000999999999998,-0.024802261978411975
0.30600000000000016,25.500999999999998,-0.0262861722436283
0.30600000000000016,26.000999999999998,-0.027830462233034287
0.30600000000000016,26.500999999999998,-0.02944445202215936
0.30600000000000016,27.000999999999998,-0.031139198122800728
0.30600000000000016,27.500999999999998,-0.03292797785117704
0.30600000000000016,28.000999999999998,-0.03482695322654321
0.30600000000000016,28.500999999999998,-0.03685610037894232
0.30600000000000016,29.000999999999998,-0.03904054270655367
0.30600000000000016,29.500999999999998,-0.04141251803066076
0.30600000000000016,30.000999999999998,-0.04401437936082141
0.30600000000000016,30.500999999999998,-0.046903357456150666
0.30600000000000016,31.000999999999998,-0.05015949221768143
0.30600000000000016,31.500999999999998,-0.05389965472416197
0.30600000000000016,32.001,-0.05830430509060834
0.30600000000000016,32.501,-0.06367401273641067
0.30600000000000016,33.001,-0.07056717845311683
0.30600000000000016,33.501,-0.08021812214008196
0.30600000000000016,34.001,-0.09643621806223213
0.30600000000000016,34.501,-0.1692787357639844
0.30600000000000016,35.001,-0.09159348937887311
0.30600000000000016,35.501,-0.07284375310806585
0.30600000000000016,36.001,-0.06170718276670269
0.30600000000000016,36.501,-0.05372803168148129
0.30600000000000016,37.001,-0.0475079815513171
0.30600000000000016,37.501,-0.042418815038829105
0.30600000000000016,38.001,-0.038121969411230666
0.30600000000000016,38.501,-0.03441317328815954
0.30600000000000016,39.001,-0.031159236478380453
0.30600000000000016,39.501,-0.028268239242237286
0.31100000000000017,0.001,-1.0295144542741113
0.31100000000000017,0.501,-2.067722096739448
0.31100000000000017,1.001,-0.6635982964438881
0.31100000000000017,1.501,-0.3041241143635604
0.31100000000000017,2.001,-0.1587825680800926
0.31100000000000017,2.501,-0.08689306425530247
0.31100000000000017,3.001,-0.04711148774459889
0.31100000000000017,3.501,-0.023538766729880464
0.31100000000000017,4.0009999999999994,-0.008970191501309344
0.31100000000000017,4.5009999999999994,0.0002448193424587769
0.31100000000000017,5.0009999999999994,0.006112313017874849
0.31100000000000017,5.5009999999999994,0.009804667793743005
0.31100000000000017,6.0009999999999994,0.012040910596505638
0.31100000000000017,6.5009999999999994,0.013279406898143026
0.31100000000000017,7.0009999999999994,0.013821706051941302
0.31100000000000017,7.5009999999999994,0.013871409077497607
0.31100000000000017,8.001,0.013568977578347116
0.31100000000000017,8.501,0.01301306501849575
0.31100000000000017,9.001,0.012273995140422683
0.31100000000000017,9.501,0.011402507179336469
0.31100000000000017,10.001,0.010435562801740949
0.31100000000000017,10.501,0.009400281148738275
0.31100000000000017,11.001,0.008316653682042832
0.31100000000000017,11.501,0.007199447218430216
0.31100000000000017,12.001,0.006059556863463119
0.31100000000000017,12.501,0.004904979966968999
0.31100000000000017,13.001,0.0037415250384185
0.31100000000000017,13.501,0.0025733327404528356
0.31100000000000017,14.001,0.0014032619393277157
0.31100000000000017,14.501,0.00023317770107278424
0.31100000000000017,15.001,-0.0009358327674519884
0.31100000000000017,15.501,-0.0021032977088565816
0.31100000000000017,16.000999999999998,-0.0032692386138483583
0.31100000000000017,16.500999999999998,-0.004434078570191791
0.31100000000000017,17.000999999999998,-0.005598574119679206
0.31100000000000017,17.500999999999998,-0.006763765472281927
0.31100000000000017,18.000999999999998,-0.007930941314171797
0.31100000000000017,18.500999999999998,-0.009101615481578083
0.31100000000000017,19.000999999999998,-0.010277513561632125
0.31100000000000017,19.500999999999998,-0.011460568100472301
0.31100000000000017,20.000999999999998,-0.012652921604009625
0.31100000000000017,20.500999999999998,-0.013856936951124832
0.31100000000000017,21.000999999999998,-0.015075215238349616
0.31100000000000017,21.500999999999998,-0.016310621471408097
0.31100000000000017,22.000999999999998,-0.017566318944770887
0.31100000000000017,22.500999999999998,-0.0188458136421119
0.31100000000000017,23.000999999999998,-0.0201530105936202
0.31100000000000017,23.500999999999998,-0.021492284901162388
0.31100000000000017,24.000999999999998,-0.022868571174816138
0.31100000000000017,24.500999999999998,-0.02428747653933168
0.31100000000000017,25.000999999999998,-0.025755424355020637
0.31100000000000017,25.500999999999998,-0.027279838645420627
0.31100000000000017,26.000999999999998,-0.028869383394283625
0.31100000000000017,26.500999999999998,-0.030534277113591364
0.31100000000000017,27.000999999999998,-0.03228671263507668
0.31100000000000017,27.500999999999998,-0.034141427068266395
0.31100000000000017,28.000999999999998,-0.0361164910604994
0.31100000000000017,28.500999999999998,-0.03823442678128479
0.31100000000000017,29.000999999999998,-0.04052383358520256
0.31100000000000017,29.500999999999998,-0.04302182537348473
0.31100000000000017,30.000999999999998,-0.045777819760871245
0.31100000000000017,30.500999999999998,-0.04885969112660108
0.31100000000000017,31.000999999999998,-0.052364310988811245
0.31100000000000017,31.500999999999998,-0.056436860892340845
0.31100000000000017,32.001,-0.061309458525786904
0.31100000000000017,32.501,-0.06738821258791242
0.31100000000000017,33.001,-0.07548687610909317
0.31100000000000017,33.501,-0.08766352179357306
0.31100000000000017,34.001,-0.11288321777992115
0.31100000000000017,34.501,-0.11107434748795052
0.31100000000000017,35.001,-0.08126409926379033
0.31100000000000017,35.501,-0.06721768165992933
0.31100000000000017,36.001,-0.05784811439218865
0.31100000000000017,36.501,-0.050799596366084894
0.31100000000000017,37.001,-0.045154619647664075
0.31100000000000017,37.501,-0.040456116147273305
0.31100000000000017,38.001,-0.03644191610670843
0.31100000000000017,38.501,-0.03294703533388688
0.31100000000000017,39.001,-0.029860569362122294
0.31100000000000017,39.501,-0.02710418703372844
0.31600000000000017,0.001,-1.0410293117078326
0.31600000000000017,0.501,-2.0586118597323892
0.31600000000000017,1.001,-0.6594865235294908
0.31600000000000017,1.501,-0.301722806720982
0.31600000000000017,2.001,-0.15724213190585445
0.31600000000000017,2.501,-0.08586768223092239
0.31600000000000017,3.001,-0.04642649837739986
0.31600000000000017,3.501,-0.02309383213255517
0.31600000000000017,4.0009999999999994,-0.008702496076537919
0.31600000000000017,4.5009999999999994,0.00037709345073552725
0.31600000000000017,5.0009999999999994,0.0061383156263325744
0.31600000000000017,5.5009999999999994,0.009745454109995041
0.31600000000000017,6.0009999999999994,0.011912123361873085
0.31600000000000017,6.5009999999999994,0.013092934100614628
0.31600000000000017,7.0009999999999994,0.013586750264473368
0.31600000000000017,7.5009999999999994,0.013595202205191559
0.31600000000000017,8.001,0.013257273120984778
0.31600000000000017,8.501,0.012670485871240922
0.31600000000000017,9.001,0.01190428478221444
0.31600000000000017,9.501,0.011008714563400537
0.31600000000000017,10.001,0.010020180705208277
0.31600000000000017,10.501,0.008965351181993236
0.31600000000000017,11.001,0.007863846973695035
0.31600000000000017,11.501,0.006730127054730611
0.31600000000000017,12.001,0.005574827730915893
0.31600000000000017,12.501,0.004405726198546983
0.31600000000000017,13.001,0.003228441396380982
0.31600000000000017,13.501,0.0020469486555645816
0.31600000000000017,14.001,0.0008639606855727899
0.31600000000000017,14.501,-0.00031878853706626686
0.31600000000000017,15.001,-0.001500331217340209
0.31600000000000017,15.501,-0.0026803061850335028
0.31600000000000017,16.000999999999998,-0.003858839149779171
0.31600000000000017,16.500999999999998,-0.005036453221114338
0.31600000000000017,17.000999999999998,-0.006214002742418026
0.31600000000000017,17.500999999999998,-0.007392625365828964
0.31600000000000017,18.000999999999998,-0.008573708674766235
0.31600000000000017,18.500999999999998,-0.009758868692544994
0.31600000000000017,19.000999999999998,-0.01094993840545222
0.31600000000000017,19.500999999999998,-0.012148965052709154
0.31600000000000017,20.000999999999998,-0.01335821545045255
0.31600000000000017,20.500999999999998,-0.014580189066380422
0.31600000000000017,21.000999999999998,-0.015817638983225468
0.31600000000000017,21.500999999999998,-0.017073601317167404
0.31600000000000017,22.000999999999998,-0.018351434127591063
0.31600000000000017,22.500999999999998,-0.019654867408944537
0.31600000000000017,23.000999999999998,-0.020988066447094382
0.31600000000000017,23.500999999999998,-0.02235571172407428
0.31600000000000017,24.000999999999998,-0.02376309977045482
0.31600000000000017,24.500999999999998,-0.02521627104761312
0.31600000000000017,25.000999999999998,-0.02672217332768946
0.31600000000000017,25.500999999999998,-0.028288872493455873
0.31600000000000017,26.000999999999998,-0.029925827790572887
0.31600000000000017,26.500999999999998,-0.03164425629414659
0.31600000000000017,27.000999999999998,-0.03345762332576503
0.31600000000000017,27.500999999999998,-0.03538231460272792
0.31600000000000017,28.000999999999998,-0.037438577100457684
0.31600000000000017,28.500999999999998,-0.039651868455011334
0.31600000000000017,29.000999999999998,-0.042054847742499776
0.31600000000000017,29.500999999999998,-0.04469041162598853
0.31600000000000017,30.000999999999998,-0.047616511775372405
0.31600000000000017,30.500999999999998,-0.0509141748907071
0.31600000000000017,31.000999999999998,-0.05470167519331973
0.31600000000000017,31.500999999999998,-0.059161563514537385
0.31600000000000017,32.001,-0.06459771371851329
0.31600000000000017,32.501,-0.07157415719923674
0.31600000000000017,33.001,-0.08133569033077118
0.31600000000000017,33.501,-0.09771017446619024
0.31600000000000017,34.001,-0.1683570763501542
0.31600000000000017,34.501,-0.09319669393256193
0.31600000000000017,35.001,-0.07402801869019346
0.31600000000000017,35.501,-0.06267127431960723
0.31600000000000017,36.001,-0.05454277664949331
0.31600000000000017,36.501,-0.04821029042516065
0.31600000000000017,37.001,-0.043031544792143335
0.31600000000000017,37.501,-0.03866075753236468
0.31600000000000017,38.001,-0.034889434635190876
0.31600000000000017,38.501,-0.03158169037512557
0.31600000000000017,39.001,-0.02864377230925259
0.31600000000000017,39.501,-0.02600811834075475
0.3210000000000002,0.001,-1.052465060678504
0.3210000000000002,0.501,-2.049720163581678
0.3210000000000002,1.001,-0.6554892418501675
0.3210000000000002,1.501,-0.2993994514885341
0.3210000000000002,2.001,-0.15576071116258133
0.3210000000000002,2.501,-0.08488961872778411
0.3210000000000002,3.001,-0.045780832515922215
0.3210000000000002,3.501,-0.022682383391623318
0.3210000000000002,4.0009999999999994,-0.008463822126321708
0.3210000000000002,4.5009999999999994,0.000483878606565985
0.3210000000000002,5.0009999999999994,0.00614169796803931
0.3210000000000002,5.5009999999999994,0.009665997468533999
0.3210000000000002,6.0009999999999994,0.011765095287768444
0.3210000000000002,6.5009999999999994,0.012889928641048126
0.3210000000000002,7.0009999999999994,0.013336734652649729
0.3210000000000002,7.5009999999999994,0.013305216381872362
0.3210000000000002,8.001,0.012932911440048076
0.3210000000000002,8.501,0.012316237381478735
0.3210000000000002,9.001,0.011523778932514606
0.3210000000000002,9.501,0.01060490200906404
0.3210000000000002,10.001,0.009595468556249598
0.3210000000000002,10.501,0.00852170561502033
0.3210000000000002,11.001,0.0074028720318174285
0.3210000000000002,11.501,0.006253125780161808
0.3210000000000002,12.001,0.005082849983132531
0.3210000000000002,12.501,0.0038996062885213872
0.3210000000000002,13.001,0.0027088278179521197
0.3210000000000002,13.501,0.0015143275943585027
0.3210000000000002,14.001,0.00031867455395638566
0.3210000000000002,14.501,-0.0008765266063159444
0.3210000000000002,15.001,-0.002070426220977313
0.3210000000000002,15.501,-0.0032627729234711734
0.3210000000000002,16.000999999999998,-0.004453796344347335
0.3210000000000002,16.500999999999998,-0.005644119803746808
0.3210000000000002,17.000999999999998,-0.006834696138285773
0.3210000000000002,17.500999999999998,-0.008026761668135454
0.3210000000000002,18.000999999999998,-0.00922180468253899
0.3210000000000002,18.500999999999998,-0.01042154585140434
0.3210000000000002,19.000999999999998,-0.011627928762410297
0.3210000000000002,19.500999999999998,-0.012843119413582058
0.3210000000000002,20.000999999999998,-0.01406951401758479
0.3210000000000002,20.500999999999998,-0.015309754941382155
0.3210000000000002,21.000999999999998,-0.016566755052381223
0.3210000000000002,21.500999999999998,-0.01784373120701787
0.3210000000000002,22.000999999999998,-0.01914424813995206
0.3210000000000002,22.500999999999998,-0.02047227463973953
0.3210000000000002,23.000999999999998,-0.021832254692689942
0.3210000000000002,23.500999999999998,-0.023229197327870772
0.3210000000000002,24.000999999999998,-0.024668790329451677
0.3210000000000002,24.500999999999998,-0.02615754498775772
0.3210000000000002,25.000999999999998,-0.027702981930240414
0.3210000000000002,25.500999999999998,-0.029313872270636133
0.3210000000000002,26.000999999999998,-0.031000554588104287
0.3210000000000002,26.500999999999998,-0.03277535784423176
0.3210000000000002,27.000999999999998,-0.03465317539677008
0.3210000000000002,27.500999999999998,-0.03665225954145685
0.3210000000000002,28.000999999999998,-0.038795346401636295
0.3210000000000002,28.500999999999998,-0.041111290630818385
0.3210000000000002,29.000999999999998,-0.043637514535333724
0.3210000000000002,29.500999999999998,-0.046423812169779616
0.3210000000000002,30.000999999999998,-0.04953851996616379
0.3210000000000002,30.500999999999998,-0.05307907296065484
0.3210000000000002,31.000999999999998,-0.05719131316451362
0.3210000000000002,31.500999999999998,-0.06210801711081858
0.3210000000000002,32.001,-0.06823544458758532
0.3210000000000002,32.501,-0.07638446716149089
0.3210000000000002,33.001,-0.08859073497256505
0.3210000000000002,33.501,-0.11352487238795841
0.3210000000000002,34.001,-0.11413721525917918
0.3210000000000002,34.501,-0.08291266848682287
0.3210000000000002,35.001,-0.06845920285495811
0.3210000000000002,35.501,-0.05886043389989638
0.3210000000000002,36.001,-0.051654806262552
0.3210000000000002,36.501,-0.04589154616332159
0.3210000000000002,37.001,-0.04109902801610329
0.3210000000000002,37.501,-0.037007440064595304
0.3210000000000002,38.001,-0.03344728947317393
0.3210000000000002,38.501,-0.03030478571503534
0.3210000000000002,39.001,-0.027499635636700336
0.3210000000000002,39.501,-0.02497294624833552
0.3260000000000002,0.001,-1.063822931619741
0.3260000000000002,0.501,-2.0410403647558972
0.3260000000000002,1.001,-0.6516029602835798
0.3260000000000002,1.501,-0.29715165799133336
0.3260000000000002,2.001,-0.1543364819079991
0.3260000000000002,2.501,-0.08395739768894883
0.3260000000000002,3.001,-0.04517325057794386
0.3260000000000002,3.501,-0.022303352847777014
0.3260000000000002,4.0009999999999994,-0.008253233120946557
0.3260000000000002,4.5009999999999994,0.0005660076530748515
0.3260000000000002,5.0009999999999994,0.006123208556548375
0.3260000000000002,5.5009999999999994,0.009566976224250762
0.3260000000000002,6.0009999999999994,0.011600445261042813
0.3260000000000002,6.5009999999999994,0.012670958205768842
0.3260000000000002,7.0009999999999994,0.0130721822302525
0.3260000000000002,7.5009999999999994,0.013001935194971809
0.3260000000000002,8.001,0.01259634097670749
0.3260000000000002,8.501,0.011950736381279692
0.3260000000000002,9.001,0.01113286576967587
0.3260000000000002,9.501,0.01019143153302608
0.3260000000000002,10.001,0.009161764327051208
0.3260000000000002,10.501,0.008069660184464311
0.3260000000000002,11.001,0.006934023909197284
0.3260000000000002,11.501,0.00576871909704485
0.3260000000000002,12.001,0.004583881116976369
0.3260000000000002,12.501,0.0033868605077373992
0.3260000000000002,13.001,0.0021829081789679905
0.3260000000000002,13.501,0.0009756777326748317
0.3260000000000002,14.001,-0.00023240341223125516
0.3260000000000002,14.501,-0.0014398581512284903
0.3260000000000002,15.001,-0.0026459537873024033
0.3260000000000002,15.501,-0.003850548097146056
0.3260000000000002,16.000999999999998,-0.005053974462608718
0.3260000000000002,16.500999999999998,-0.006256956740720729
0.3260000000000002,17.000999999999998,-0.0074605471037725996
0.3260000000000002,17.500999999999998,-0.008666081935005612
0.3260000000000002,18.000999999999998,-0.009875152231728926
0.3260000000000002,18.500999999999998,-0.011089585995686851
0.3260000000000002,19.000999999999998,-0.012311440885557197
0.3260000000000002,19.500999999999998,-0.01354300604514079
0.3260000000000002,20.000999999999998,-0.014786812560978222
0.3260000000000002,20.500999999999998,-0.016045652491490876
0.3260000000000002,21.000999999999998,-0.017322606887492757
0.3260000000000002,21.500999999999998,-0.0186210837316457
0.3260000000000002,22.000999999999998,-0.019944867307252784
0.3260000000000002,22.500999999999998,-0.021298181220304212
0.3260000000000002,23.000999999999998,-0.02268576821726101
0.3260000000000002,23.500999999999998,-0.024112991169645513
0.3260000000000002,24.000999999999998,-0.025585961289827527
0.3260000000000002,24.500999999999998,-0.027111702035069518
0.3260000000000002,25.000999999999998,-0.028698360614780333
0.3260000000000002,25.500999999999998,-0.030355484123697728
0.3260000000000002,26.000999999999998,-0.03209438503999058
0.3260000000000002,26.500999999999998,-0.03392863276755163
0.3260000000000002,27.000999999999998,-0.03587472687136396
0.3260000000000002,27.500999999999998,-0.03795303869109104
0.3260000000000002,28.000999999999998,-0.040189160514757294
0.3260000000000002,28.500999999999998,-0.04261589374252793
0.3260000000000002,29.000999999999998,-0.045276276907075814
0.3260000000000002,29.500999999999998,-0.04822838227617096
0.3260000000000002,30.000999999999998,-0.051553285002990154
0.3260000000000002,30.500999999999998,-0.05536910962120127
0.3260000000000002,31.000999999999998,-0.05985772930910381
0.3260000000000002,31.500999999999998,-0.06532085939799177
0.3260000000000002,32.001,-0.0723156663399415
0.3260000000000002,32.501,-0.08206116330499032
0.3260000000000002,33.001,-0.09823523754029852
0.3260000000000002,33.501,-0.15795741671872493
0.3260000000000002,34.001,-0.0957113151613614
0.3260000000000002,34.501,-0.07566378927737216
0.3260000000000002,35.001,-0.06393661577676231
0.3260000000000002,35.501,-0.05558332610600044
0.3260000000000002,36.001,-0.049092736490037786
0.3260000000000002,36.501,-0.04379367423754592
0.3260000000000002,37.001,-0.03932678821044969
0.3260000000000002,37.501,-0.03547618235298737
0.3260000000000002,38.001,-0.032101503021226656
0.3260000000000002,38.501,-0.029106096787111596
0.3260000000000002,39.001,-0.02642041134302041
0.3260000000000002,39.501,-0.023992629126596728
0.3310000000000002,0.001,-1.0751041172105151
0.3310000000000002,0.501,-2.0325661238640516
0.3310000000000002,1.001,-0.6478243477862764
0.3310000000000002,1.501,-0.29497714540079023
0.3310000000000002,2.001,-0.15296770420850353
0.3310000000000002,2.501,-0.08306961123565698
0.3310000000000002,3.001,-0.04460257042813737
0.3310000000000002,3.501,-0.021955722515559717
0.3310000000000002,4.0009999999999994,-0.008069836303555455
0.3310000000000002,4.5009999999999994,0.0006242743004406526
0.3310000000000002,5.0009999999999994,0.006083560521930986
0.3310000000000002,5.5009999999999994,0.009449036445654924
0.3310000000000002,6.0009999999999994,0.01141876248695875
0.3310000000000002,6.5009999999999994,0.012436563023622171
0.3310000000000002,7.0009999999999994,0.01279359047719495
0.3310000000000002,7.5009999999999994,0.012685818380252706
0.3310000000000002,8.001,0.012247987805693403
0.3310000000000002,8.501,0.011574378658571461
0.3310000000000002,9.001,0.010731913613724886
0.3310000000000002,9.501,0.009768646363814262
0.3310000000000002,10.001,0.008719388172665321
0.3310000000000002,10.501,0.007609513695024696
0.3310000000000002,11.001,0.006457581536701618
0.3310000000000002,11.501,0.005277167329268709
0.3310000000000002,12.001,0.004078163934783104
0.3310000000000002,12.501,0.0028677150624008135
0.3310000000000002,13.001,0.0016508928708732634
0.3310000000000002,13.501,0.00043119429590821046
0.3310000000000002,14.001,-0.0007890926301183376
0.3310000000000002,14.501,-0.0020086168291751916
0.3310000000000002,15.001,-0.00322676153232963
0.3310000000000002,15.501,-0.004443493122571106
0.3310000000000002,16.000999999999998,-0.005659248693214575
0.3310000000000002,16.500999999999998,-0.006874853104474984
0.3310000000000002,17.000999999999998,-0.008091458861494635
0.3310000000000002,17.500999999999998,-0.00931050398043994
0.3310000000000002,18.000999999999998,-0.010533684370355942
0.3310000000000002,18.500999999999998,-0.011762938286261737
0.3310000000000002,19.000999999999998,-0.013000441208751708
0.3310000000000002,19.500999999999998,-0.01424861015415096
0.3310000000000002,20.000999999999998,-0.015510116975877355
0.3310000000000002,20.500999999999998,-0.01678791073055539
0.3310000000000002,21.000999999999998,-0.018085249695342462
0.3310000000000002,21.500999999999998,-0.019405744180574815
0.3310000000000002,22.000999999999998,-0.02075341193526388
0.3310000000000002,22.500999999999998,-0.022132748757063503
0.3310000000000002,23.000999999999998,-0.023548817981354726
0.3310000000000002,23.500999999999998,-0.02500736396297845
0.3310000000000002,24.000999999999998,-0.026514956668089007
0.3310000000000002,24.500999999999998,-0.02807917735307803
0.3310000000000002,25.000999999999998,-0.029708859480464304
0.3310000000000002,25.500999999999998,-0.031414405248428486
0.3310000000000002,26.000999999999998,-0.03320820762040011
0.3310000000000002,26.500999999999998,-0.03510522263363401
0.3310000000000002,27.000999999999998,-0.037123760743162024
0.3310000000000002,27.500999999999998,-0.03928660578260944
0.3310000000000002,28.000999999999998,-0.04162263865590811
0.3310000000000002,28.500999999999998,-0.044169265722943586
0.3310000000000002,29.000999999999998,-0.046976182814957426
0.3310000000000002,29.500999999999998,-0.050111465348931065
0.3310000000000002,30.000999999999998,-0.05367195393396307
0.3310000000000002,30.500999999999998,-0.05780217400829772
0.3310000000000002,31.000999999999998,-0.06273188549491071
0.3310000000000002,31.500999999999998,-0.06885980216972949
0.3310000000000002,32.001,-0.07697461416648824
0.3310000000000002,32.501,-0.08902345870014669
0.3310000000000002,33.001,-0.11290697516091797
0.3310000000000002,33.501,-0.11931704158866067
0.3310000000000002,34.001,-0.08517904236095253
0.3310000000000002,34.501,-0.07006650954175427
0.3310000000000002,35.001,-0.06013275705452245
0.3310000000000002,35.501,-0.052711299010911365
0.3310000000000002,36.001,-0.046792206680964135
0.3310000000000002,36.501,-0.041879508281925895
0.3310000000000002,37.001,-0.03769121438801058
0.3310000000000002,37.501,-0.034050927566615916
0.3310000000000002,38.001,-0.030840583264752277
0.3310000000000002,38.501,-0.02797706509090799
0.3310000000000002,39.001,-0.0253995195913987
0.3310000000000002,39.501,-0.023061974933948275
0.3360000000000002,0.001,-1.0863097740868288
0.3360000000000002,0.501,-2.02429138745888
0.3360000000000002,1.001,-0.6441502238138587
0.3360000000000002,1.501,-0.2928737361574511
0.3360000000000002,2.001,-0.15165271710606887
0.3360000000000002,2.501,-0.0822249155801883
0.3360000000000002,3.001,-0.04406766393213546
0.3360000000000002,3.501,-0.021638521101810693
0.3360000000000002,4.0009999999999994,-0.007912780061043928
0.3360000000000002,4.5009999999999994,0.0006594354780473377
0.3360000000000002,5.0009999999999994,0.006023433739292622
0.3360000000000002,5.5009999999999994,0.009312793858873847
0.3360000000000002,6.0009999999999994,0.01122060827824442
0.3360000000000002,6.5009999999999994,0.012187257522957212
0.3360000000000002,7.0009999999999994,0.012501432882507798
0.3360000000000002,7.5009999999999994,0.012357303265311467
0.3360000000000002,8.001,0.01188825699115173
0.3360000000000002,8.501,0.011187540235098034
0.3360000000000002,9.001,0.010321272134563013
0.3360000000000002,9.501,0.009336872087070763
0.3360000000000002,10.001,0.008268643519194319
0.3360000000000002,10.501,0.007141549055491081
0.3360000000000002,11.001,0.005973808711412662
0.3360000000000002,11.501,0.004778716366185598
0.3360000000000002,12.001,0.0035659274471770645
0.3360000000000002,12.501,0.0023423829585414446
0.3360000000000002,13.001,0.001112979629179195
0.3360000000000002,13.501,-0.00011893964653261757
0.3360000000000002,14.001,-0.0013512242150932885
0.3360000000000002,14.501,-0.002582647579102891
0.3360000000000002,15.001,-0.003812707977711237
0.3360000000000002,15.501,-0.005041479987369875
0.3360000000000002,16.000999999999998,-0.006269504504521614
0.3360000000000002,16.500999999999998,-0.007497708001803952
0.3360000000000002,17.000999999999998,-0.00872734447351217
0.3360000000000002,17.500999999999998,-0.009959955319582131
0.3360000000000002,18.000999999999998,-0.011197343774316082
0.3360000000000002,18.500999999999998,-0.012441561514946402
0.3360000000000002,19.000999999999998,-0.01369490589128433
0.3360000000000002,19.500999999999998,-0.014959926878727315
0.3360000000000002,20.000999999999998,-0.01623944343288388
0.3360000000000002,20.500999999999998,-0.017536569465491356
0.3360000000000002,21.000999999999998,-0.01885475021508226
0.3360000000000002,21.500999999999998,-0.020197810401454998
0.3360000000000002,22.000999999999998,-0.021570016288777548
0.3360000000000002,22.500999999999998,-0.022976154713992183
0.3360000000000002,23.000999999999998,-0.024421633370463852
0.3360000000000002,23.500999999999998,-0.02591260832517523
0.3360000000000002,24.000999999999998,-0.027456147123178436
0.3360000000000002,24.500999999999998,-0.029060439255554633
0.3360000000000002,25.000999999999998,-0.030735070811028775
0.3360000000000002,25.500999999999998,-0.03249138773592009
0.3360000000000002,26.000999999999998,-0.03434298387179298
0.3360000000000002,26.500999999999998,-0.0363063685617288
0.3360000000000002,27.000999999999998,-0.03840189901661265
0.3360000000000002,27.500999999999998,-0.04065511392841225
0.3360000000000002,28.000999999999998,-0.043098694702193366
0.3360000000000002,28.500999999999998,-0.045775445234790324
0.3360000000000002,29.000999999999998,-0.04874299835008768
0.3360000000000002,29.500999999999998,-0.05208160719351599
0.3360000000000002,30.000999999999998,-0.05590781668916897
0.3360000000000002,30.500999999999998,-0.06040029831175845
0.3360000000000002,31.000999999999998,-0.06585369777734192
0.3360000000000002,31.500999999999998,-0.07280732413786037
0.3360000000000002,32.001,-0.08242370144239866
0.3360000000000002,32.501,-0.09810044619903374
0.3360000000000002,33.001,-0.14685206633887937
0.3360000000000002,33.501,-0.09924039837127575
0.3360000000000002,34.001,-0.0777720153433521
0.3360000000000002,34.501,-0.06551115679417877
0.3360000000000002,35.001,-0.05685343894832566
0.3360000000000002,35.501,-0.05015725586587318
0.3360000000000002,36.001,-0.044706200527931006
0.3360000000000002,36.501,-0.04012051912804
0.3360000000000002,37.001,-0.03617353975391587
0.3360000000000002,37.501,-0.03271857874790438
0.3360000000000002,38.001,-0.029654967600529027
0.3360000000000002,38.501,-0.026910455109645744
0.3360000000000002,39.001,-0.024431325352910475
0.3360000000000002,39.501,-0.022176489266873153
0.3410000000000002,0.001,-1.0974410244514539
0.3410000000000002,0.501,-2.0162103711807666
0.3410000000000002,1.001,-0.6405775494469933
0.3410000000000002,1.501,-0.29083934987864907
0.3410000000000002,2.001,-0.1503899339563059
0.3410000000000002,2.501,-0.08142202724026099
0.3410000000000002,3.001,-0.04356745376494223
0.3410000000000002,3.501,-0.021350821244293047
0.3410000000000002,4.0009999999999994,-0.007781251489178409
0.3410000000000002,4.5009999999999994,0.0006722135127677151
0.3410000000000002,5.0009999999999994,0.005943476799875724
0.3410000000000002,5.5009999999999994,0.009158835647827795
0.3410000000000002,6.0009999999999994,0.011006517711713598
0.3410000000000002,6.5009999999999994,0.011923531865881104
0.3410000000000002,7.0009999999999994,0.012196160372968626
0.3410000000000002,7.5009999999999994,0.01201680610601863
0.3410000000000002,8.001,0.011517533841839844
0.3410000000000002,8.501,0.01079057854941777
0.3410000000000002,9.001,0.009901273470286957
0.3410000000000002,9.501,0.00889641770552918
0.3410000000000002,10.001,0.007809818070787122
0.3410000000000002,10.501,0.006666034237334223
0.3410000000000002,11.001,0.005482955010735507
0.3410000000000002,11.501,0.004273598535609491
0.3410000000000002,12.001,0.0030473877078658063
0.3410000000000002,12.501,0.0018110648011035596
0.3410000000000002,13.001,0.0005693542989985423
0.3410000000000002,13.501,-0.00067455244742122
0.3410000000000002,14.001,-0.0019186402772058686
0.3410000000000002,14.501,-0.0031618059468941986
0.3410000000000002,15.001,-0.00440366190410546
0.3410000000000002,15.501,-0.0056443906309996406
0.3410000000000002,16.000999999999998,-0.006884637052343545
0.3410000000000002,16.500999999999998,-0.008125430008682622
0.3410000000000002,17.000999999999998,-0.009368126303720695
0.3410000000000002,17.500999999999998,-0.010614372659719207
0.3410000000000002,18.000999999999998,-0.011866082268729872
0.3410000000000002,18.500999999999998,-0.013125423658853885
0.3410000000000002,19.000999999999998,-0.014394820409063216
0.3410000000000002,19.500999999999998,-0.015676960921819545
0.3410000000000002,20.000999999999998,-0.01697481806141128
0.3410000000000002,20.500999999999998,-0.018291679040454867
0.3410000000000002,21.000999999999998,-0.019631186538173112
0.3410000000000002,21.500999999999998,-0.020997392716961674
0.3410000000000002,22.000999999999998,-0.022394828635505393
0.3410000000000002,22.500999999999998,-0.02382859262652074
0.3410000000000002,23.000999999999998,-0.025304462641193497
0.3410000000000002,23.500999999999998,-0.026829039547013135
0.3410000000000002,24.000999999999998,-0.02840993118578915
0.3410000000000002,24.500999999999998,-0.030055991101384343
0.3410000000000002,25.000999999999998,-0.03177763195326971
0.3410000000000002,25.500999999999998,-0.033587242936533784
0.3410000000000002,26.000999999999998,-0.03549975506598221
0.3410000000000002,26.500999999999998,-0.037533421528668516
0.3410000000000002,27.000999999999998,-0.03971091897934923
0.3410000000000002,27.500999999999998,-0.042060941989591566
0.3410000000000002,28.000999999999998,-0.04462058134178174
0.3410000000000002,28.500999999999998,-0.04743899866968866
0.3410000000000002,29.000999999999998,-0.05058334900429351
0.3410000000000002,29.500999999999998,-0.05414883227889815
0.3410000000000002,30.000999999999998,-0.05827689267644566
0.3410000000000002,30.500999999999998,-0.06319104767755832
0.3410000000000002,31.000999999999998,-0.06927587542865676
0.3410000000000002,31.500999999999998,-0.07728202083974096
0.3410000000000002,32.001,-0.08901803700486104
0.3410000000000002,32.501,-0.11134786155335417
0.3410000000000002,33.001,-0.12754271925472746
0.3410000000000002,33.501,-0.08812559241426032
0.3410000000000002,34.001,-0.07205913825127458
0.3410000000000002,34.501,-0.061674040322940445
0.3410000000000002,35.001,-0.05397393215411309
0.3410000000000002,35.501,-0.04785947050340089
0.3410000000000002,36.001,-0.04279932076782829
0.3410000000000002,36.501,-0.03849432910233522
0.3410000000000002,37.001,-0.03475860102246107
0.3410000000000002,37.501,-0.031468313535582416
0.3410000000000002,38.001,-0.028536614038189488
0.3410000000000002,38.501,-0.025900095229931582
0.3410000000000002,39.001,-0.023510965997511766
0.3410000000000002,39.501,-0.02133225592117144
0.3460000000000002,0.001,-1.1084989575892106
0.3460000000000002,0.501,-2.0083175441255627
0.3460000000000002,1.001,-0.6371034191618411
0.3460000000000002,1.501,-0.2888719977086673
0.3460000000000002,2.001,-0.14917783810533217
0.3460000000000002,2.501,-0.08065971952866297
0.3460000000000002,3.001,-0.04310091045152031
0.3460000000000002,3.501,-0.021091736951286244
0.3460000000000002,4.0009999999999994,-0.007674474135015873
0.3460000000000002,4.5009999999999994,0.0006632981485634182
0.3460000000000002,5.0009999999999994,0.005844308838515444
0.3460000000000002,5.5009999999999994,0.008987722123138725
0.3460000000000002,6.0009999999999994,0.010777001164021596
0.3460000000000002,6.5009999999999994,0.011645853370515366
0.3460000000000002,7.0009999999999994,0.011878202637365859
0.3460000000000002,7.5009999999999994,0.011664723325257885
0.3460000000000002,8.001,0.011136185074494931
0.3460000000000002,8.501,0.010383833553251866
0.3460000000000002,9.001,0.009472233263500053
0.3460000000000002,9.501,0.008447576621147673
0.3460000000000002,10.001,0.007343184742553521
0.3460000000000002,10.501,0.006183223162632187
0.3460000000000002,11.001,0.00498525663895992
0.3460000000000002,11.501,0.003762033412119642
0.3460000000000002,12.001,0.0025227485863621307
0.3460000000000002,12.501,0.0012739495333850964
0.3460000000000002,13.001,0.0000201915431612687
0.3460000000000002,13.501,-0.0012354832032602098
0.3460000000000002,14.001,-0.002491193271004194
0.3460000000000002,14.501,-0.0037459574624010977
0.3460000000000002,15.001,-0.0049995017545864315
0.3460000000000002,15.501,-0.006252116374015723
0.3460000000000002,16.000999999999998,-0.007504550634882062
0.3460000000000002,16.500999999999998,-0.008757936651057674
0.3460000000000002,17.000999999999998,-0.010013735525155207
0.3460000000000002,17.500999999999998,-0.011273701435325578
0.3460000000000002,18.000999999999998,-0.012539860392689645
0.3460000000000002,18.500999999999998,-0.013814501477766517
0.3460000000000002,19.000999999999998,-0.015100179188827535
0.3460000000000002,19.500999999999998,-0.016399726228223548
0.3460000000000002,20.000999999999998,-0.0177162766778525
0.3460000000000002,20.500999999999998,-0.019053300127865477
0.3460000000000002,21.000999999999998,-0.0204146479787047
0.3460000000000002,21.500999999999998,-0.021804613897625932
0.3460000000000002,22.000999999999998,-0.02322801135447879
0.3460000000000002,22.500999999999998,-0.024690272393057957
0.3460000000000002,23.000999999999998,-0.02619757346516101
0.3460000000000002,23.500999999999998,-0.027756996491290098
0.3460000000000002,24.000999999999998,-0.029376736665025514
0.3460000000000002,24.500999999999998,-0.03106637344379235
0.3460000000000002,25.000999999999998,-0.03283722857439661
0.3460000000000002,25.500999999999998,-0.034702846408554984
0.3460000000000002,26.000999999999998,-0.03667964979900872
0.3460000000000002,26.500999999999998,-0.038787854220821774
0.3460000000000002,27.000999999999998,-0.04105277212332976
0.3460000000000002,27.500999999999998,-0.04350672567511365
0.3460000000000002,28.000999999999998,-0.04619194307866299
0.3460000000000002,28.500999999999998,-0.049165114648715966
0.3460000000000002,29.000999999999998,-0.05250489790421242
0.3460000000000002,29.500999999999998,-0.05632500483453011
0.3460000000000002,30.000999999999998,-0.06079873406722544
0.3460000000000002,30.500999999999998,-0.06620954939501786
0.3460000000000002,31.000999999999998,-0.073070075908451
0.3460000000000002,31.500999999999998,-0.08246349505499402
0.3460000000000002,32.001,-0.09742730005314487
0.3460000000000002,32.501,-0.1373081681654038
0.3460000000000002,33.001,-0.10401364043321233
0.3460000000000002,33.501,-0.08039753917361982
0.3460000000000002,34.001,-0.06741278907228135
0.3460000000000002,34.501,-0.05836237486517119
0.3460000000000002,35.001,-0.051409310503937655
0.3460000000000002,35.501,-0.04577259273582838
0.3460000000000002,36.001,-0.041044248619623074
0.3460000000000002,36.501,-0.03698306125761026
0.3460000000000002,37.001,-0.033433971286967165
0.3460000000000002,37.501,-0.03029108644603905
0.3460000000000002,38.001,-0.027478695251824142
0.3460000000000002,38.501,-0.024940679126133836
0.3460000000000002,39.001,-0.022634216492398846
0.3460000000000002,39.501,-0.020525841958609233
0.3510000000000002,0.001,-1.1194846312946503
0.3510000000000002,0.501,-2.0006076143311686
0.3510000000000002,1.001,-0.6337250531895118
0.3510000000000002,1.501,-0.28696977707349236
0.3510000000000002,2.001,-0.1480149788763201
0.3510000000000002,2.501,-0.07993681929449858
0.3510000000000002,3.001,-0.04266704961957879
0.3510000000000002,3.501,-0.020860421224865422
0.3510000000000002,4.0009999999999994,-0.007591705901363793
0.3510000000000002,4.5009999999999994,0.0006333484210567786
0.3510000000000002,5.0009999999999994,0.005726521229784842
0.3510000000000002,5.5009999999999994,0.008799988271066466
0.3510000000000002,6.0009999999999994,0.010532545736959468
0.3510000000000002,6.5009999999999994,0.011354667830891382
0.3510000000000002,7.0009999999999994,0.011547969355398672
0.3510000000000002,7.5009999999999994,0.011301432662388061
0.3510000000000002,8.001,0.010744559893261563
0.3510000000000002,8.501,0.009967628728653827
0.3510000000000002,9.001,0.009034451622677821
0.3510000000000002,9.501,0.007990627546098111
0.3510000000000002,10.001,0.006869002525778711
0.3510000000000002,10.501,0.005693356527423227
0.3510000000000002,11.001,0.0044809372120911545
0.3510000000000002,11.501,0.0032442285662465133
0.3510000000000002,12.001,0.0019922024839851837
0.3510000000000002,12.501,0.0007312151219602409
0.3510000000000002,13.001,-0.0005343445021430554
0.3510000000000002,13.501,-0.00180158112642137
0.3510000000000002,14.001,-0.0030687453942220416
0.3510000000000002,14.501,-0.004334977063712664
0.3510000000000002,15.001,-0.005600115083809976
0.3510000000000002,15.501,-0.006864557391740439
0.3510000000000002,16.000999999999998,-0.008129158190840487
0.3510000000000002,16.500999999999998,-0.009395153927738813
0.3510000000000002,17.000999999999998,-0.010664111668471907
0.3510000000000002,17.500999999999998,-0.011937895383549522
0.3510000000000002,18.000999999999998,-0.013218647003942648
0.3510000000000002,18.500999999999998,-0.014508780151235096
0.3510000000000002,19.000999999999998,-0.015810985282265787
0.3510000000000002,19.500999999999998,-0.01712824570219812
0.3510000000000002,20.000999999999998,-0.018463864555790202
0.3510000000000002,20.500999999999998,-0.01982150356396207
0.3510000000000002,21.000999999999998,-0.02120523499224526
0.3510000000000002,21.500999999999998,-0.02261960918942607
0.3510000000000002,22.000999999999998,-0.02406974110878054
0.3510000000000002,22.500999999999998,-0.02556142064550898
0.3510000000000002,23.000999999999998,-0.02710125357443876
0.3510000000000002,23.500999999999998,-0.028696842627917052
0.3510000000000002,24.000999999999998,-0.030357022246660294
0.3510000000000002,24.500999999999998,-0.032092166459247104
0.3510000000000002,25.000999999999998,-0.03391459834284172
0.3510000000000002,25.500999999999998,-0.03583914353070306
0.3510000000000002,26.000999999999998,-0.0378838926630875
0.3510000000000002,26.500999999999998,-0.04007127469659639
0.3510000000000002,27.000999999999998,-0.04242960622826505
0.3510000000000002,27.500999999999998,-0.044995394406747845
0.3510000000000002,28.000999999999998,-0.047816880287576045
0.3510000000000002,28.500999999999998,-0.05095972100130732
0.3510000000000002,29.000999999999998,-0.05451657324617945
0.3510000000000002,29.500999999999998,-0.058624308112236095
0.3510000000000002,30.000999999999998,-0.06349754968365344
0.3510000000000002,30.500999999999998,-0.0695015510440901
0.3510000000000002,31.000999999999998,-0.0773372899306555
0.3510000000000002,31.500999999999998,-0.08864335891967827
0.3510000000000002,32.001,-0.10917581396880095
0.3510000000000002,32.501,-0.14164104026461663
0.3510000000000002,33.001,-0.09186824901668905
0.3510000000000002,33.501,-0.07447222620189704
0.3510000000000002,34.001,-0.06350065888300077
0.3510000000000002,34.501,-0.05545193824227772
0.3510000000000002,35.001,-0.04909911733020412
0.3510000000000002,35.501,-0.043862319822947506
0.3510000000000002,36.001,-0.0394194576266213
0.3510000000000002,36.501,-0.03557220793509376
0.3510000000000002,37.001,-0.03218933905742493
0.3510000000000002,37.501,-0.029179260277255682
0.3510000000000002,38.001,-0.026475365905357606
0.3510000000000002,38.501,-0.02402761142596606
0.3510000000000002,39.001,-0.02179738277348278
0.3510000000000002,39.501,-0.01975422148288521
0.3560000000000002,0.001,-1.1303990732183473
0.3560000000000002,0.501,-1.9930755152882245
0.3560000000000002,1.001,-0.630439790414701
0.3560000000000002,1.501,-0.2851308668058514
0.3560000000000002,2.001,-0.14689996783951703
0.3560000000000002,2.501,-0.07925220389468596
0.3560000000000002,3.001,-0.042264929446587746
0.3560000000000002,3.501,-0.020656063852303327
0.3560000000000002,4.0009999999999994,-0.007532237099535988
0.3560000000000002,4.5009999999999994,0.000582994399368264
0.3560000000000002,5.0009999999999994,0.005590679163995756
0.3560000000000002,5.5009999999999994,0.008596145192665147
0.3560000000000002,6.0009999999999994,0.010273616581676887
0.3560000000000002,6.5009999999999994,0.011050400743181518
0.3560000000000002,7.0009999999999994,0.011205851339302852
0.3560000000000002,7.5009999999999994,0.010927294240997504
0.3560000000000002,8.001,0.010342990992330658
0.3560000000000002,8.501,0.009542272032724775
0.3560000000000002,9.001,0.008588214014958365
0.3560000000000002,9.501,0.007525835348673349
0.3560000000000002,10.001,0.0063875172911974365
0.3560000000000002,10.501,0.0051966625659705945
0.3560000000000002,11.001,0.00397020848620902
0.3560000000000002,11.501,0.00272038025956816
0.3560000000000002,12.001,0.0014559309979639418
0.3560000000000002,12.501,0.00018302919172967502
0.3560000000000002,13.001,-0.0010940996197406905
0.3560000000000002,13.501,-0.0023727049635746678
0.3560000000000002,14.001,-0.0036511680311664754
0.3560000000000002,14.501,-0.004928748564664055
0.3560000000000002,15.001,-0.006205398049072733
0.3560000000000002,15.501,-0.0074816222286066825
0.3560000000000002,16.000999999999998,-0.008758380837117328
0.3560000000000002,16.500999999999998,-0.010037015871915217
0.3560000000000002,17.000999999999998,-0.01131920220825644
0.3560000000000002,17.500999999999998,-0.01260691615691862
0.3560000000000002,18.000999999999998,-0.013902418920423066
0.3560000000000002,18.500999999999998,-0.01520825295246495
0.3560000000000002,19.000999999999998,-0.016527250077261996
0.3560000000000002,19.500999999999998,-0.017862550963127152
0.3560000000000002,20.000999999999998,-0.019217636235952615
0.3560000000000002,20.500999999999998,-0.020596370226942592
0.3560000000000002,21.000999999999998,-0.02200305914177999
0.3560000000000002,21.500999999999998,-0.023442526395430905
0.3560000000000002,22.000999999999998,-0.024920209083006455
0.3560000000000002,22.500999999999998,-0.02644228120090498
0.3560000000000002,23.000999999999998,-0.02801581151339808
0.3560000000000002,23.500999999999998,-0.029648967214887995
0.3560000000000002,24.000999999999998,-0.03135127929981796
0.3560000000000002,24.500999999999998,-0.033133992685725255
0.3560000000000002,25.000999999999998,-0.03501053508492603
0.3560000000000002,25.500999999999998,-0.03699715587221923
0.3560000000000002,26.000999999999998,-0.03911381416717248
0.3560000000000002,26.500999999999998,-0.04138544218344936
0.3560000000000002,27.000999999999998,-0.043843791243513064
0.3560000000000002,27.500999999999998,-0.046530215260329744
0.3560000000000002,28.000999999999998,-0.049500027181373966
0.3560000000000002,28.500999999999998,-0.052829630939180076
0.3560000000000002,29.000999999999998,-0.05662886217768603
0.3560000000000002,29.500999999999998,-0.06106389152701183
0.3560000000000002,30.000999999999998,-0.0664038167291389
0.3560000000000002,30.500999999999998,-0.07312820660293762
0.3560000000000002,31.000999999999998,-0.08222652036722398
0.3560000000000002,31.500999999999998,-0.09634433789144708
0.3560000000000002,32.001,-0.12932890496711072
0.3560000000000002,32.501,-0.11048340461513227
0.3560000000000002,33.001,-0.0836150877652031
0.3560000000000002,33.501,-0.06967049367765364
0.3560000000000002,34.001,-0.06012518411056158
0.3560000000000002,34.501,-0.052857947340858455
0.3560000000000002,35.001,-0.04699877619869103
0.3560000000000002,35.501,-0.04210207444860813
0.3560000000000002,36.001,-0.03790768345401531
0.3560000000000002,36.501,-0.03424983407159591
0.3560000000000002,37.001,-0.031016054062700648
0.3560000000000002,37.501,-0.028126328401930807
0.3560000000000002,38.001,-0.025521583148333304
0.3560000000000002,38.501,-0.02315688631320415
0.3560000000000002,39.001,-0.020997216506800073
0.3560000000000002,39.501,-0.019014713867868783
0.3610000000000002,0.001,-1.1412432821375147
0.3610000000000002,0.501,-1.9857163933893118
0.3610000000000002,1.001,-0.627245081768532
0.3610000000000002,1.501,-0.2833535226096205
0.3610000000000002,2.001,-0.14583147534206678
0.3610000000000002,2.501,-0.07860479837651231
0.3610000000000002,3.001,-0.04189364828479619
0.3610000000000002,3.501,-0.020477889351520645
0.3610000000000002,4.0009999999999994,-0.007495388638011524
0.3610000000000002,4.5009999999999994,0.0005128388063484202
0.3610000000000002,5.0009999999999994,0.0054373231130911415
0.3610000000000002,5.5009999999999994,0.008376681442336165
0.3610000000000002,6.0009999999999994,0.010000658130280254
0.3610000000000002,6.5009999999999994,0.01073345844611552
0.3610000000000002,7.0009999999999994,0.010852221595517048
0.3610000000000002,7.5009999999999994,0.010542651561812166
0.3610000000000002,8.001,0.009931795488209966
0.3610000000000002,8.501,0.009108056775942112
0.3610000000000002,9.001,0.008133792096104514
0.3610000000000002,9.501,0.007053451839547642
0.3610000000000002,10.001,0.005898962535515383
0.3610000000000002,10.501,0.004693357760899062
0.3610000000000002,11.001,0.0034532710340766104
0.3610000000000002,11.501,0.002190674090247424
0.3610000000000002,12.001,0.0009141055379900953
0.3610000000000002,12.501,-0.00037045038473941527
0.3610000000000002,13.001,-0.0016589289478423225
0.3610000000000002,13.501,-0.002948722456545011
0.3610000000000002,14.001,-0.004238341237081397
0.3610000000000002,14.501,-0.005527164161986113
0.3610000000000002,15.001,-0.006815254939795332
0.3610000000000002,15.501,-0.008103227349818297
0.3610000000000002,16.000999999999998,-0.009392147442838596
0.3610000000000002,16.500999999999998,-0.010683464148168481
0.3610000000000002,17.000999999999998,-0.011978962184148068
0.3610000000000002,17.500999999999998,-0.013280732970371155
0.3610000000000002,18.000999999999998,-0.014591160595865635
0.3610000000000002,18.500999999999998,-0.015912920956360654
0.3610000000000002,19.000999999999998,-0.017248993043823588
0.3610000000000002,19.500999999999998,-0.018602682136974358
0.3610000000000002,20.000999999999998,-0.01997765537394873
0.3610000000000002,20.500999999999998,-0.021377990956103002
0.3610000000000002,21.000999999999998,-0.022808243109684493
0.3610000000000002,21.500999999999998,-0.024273526011241622
0.3610000000000002,22.000999999999998,-0.025779621286429456
0.3610000000000002,22.500999999999998,-0.027333115597033993
0.3610000000000002,23.000999999999998,-0.028941577502938923
0.3610000000000002,23.500999999999998,-0.030613786636210318
0.3610000000000002,24.000999999999998,-0.03236003391179819
0.3610000000000002,24.500999999999998,-0.03419252010506607
0.3610000000000002,25.000999999999998,-0.03612589347896811
0.3610000000000002,25.500999999999998,-0.0381779884317283
0.3610000000000002,26.000999999999998,-0.04037086211233726
0.3610000000000002,26.500999999999998,-0.04273228540525642
0.3610000000000002,27.000999999999998,-0.045297949761719664
0.3610000000000002,27.500999999999998,-0.0481148456584666
0.3610000000000002,28.000999999999998,-0.05124664746168951
0.3610000000000002,28.500999999999998,-0.0547827276140087
0.3610000000000002,29.000999999999998,-0.05885419587902883
0.3610000000000002,29.500999999999998,-0.06366476168984028
0.3610000000000002,30.000999999999998,-0.06955665935102495
0.3610000000000002,30.500999999999998,-0.07717391624129942
0.3610000000000002,31.000999999999998,-0.08797127017022405
0.3610000000000002,31.500999999999998,-0.1066586293030093
0.3610000000000002,32.001,-0.1787917235231459
0.3610000000000002,32.501,-0.09660446555480741
0.3610000000000002,33.001,-0.07736017255963644
0.3610000000000002,33.501,-0.06563734009093627
0.3610000000000002,34.001,-0.05715922478107667
0.3610000000000002,34.501,-0.050519934481309085
0.3610000000000002,35.001,-0.045074470652781716
0.3610000000000002,35.501,-0.04047084525440017
0.3610000000000002,36.001,-0.036494868064446136
0.3610000000000002,36.501,-0.033006002971981835
0.3610000000000002,37.001,-0.029906788785847824
0.3610000000000002,37.501,-0.02712670230892258
0.3610000000000002,38.001,-0.02461296633459893
0.3610000000000002,38.501,-0.022324990976152467
0.3610000000000002,39.001,-0.020230846288979903
0.3610000000000002,39.501,-0.018304933270044982
0.3660000000000002,0.001,-1.152018229156231
0.3660000000000002,0.501,-1.9785255962396386
0.3660000000000002,1.001,-0.6241384840748396
0.3660000000000002,1.501,-0.2816360728356819
0.3660000000000002,2.001,-0.144808227276213
0.3660000000000002,2.501,-0.07799357285383338
0.3660000000000002,3.001,-0.041552342449555246
0.3660000000000002,3.501,-0.02032515505790944
0.3660000000000002,4.0009999999999994,-0.007480510335776291
0.3660000000000002,4.5009999999999994,0.00042345852718923827
0.3660000000000002,5.0009999999999994,0.005266970195525605
0.3660000000000002,5.5009999999999994,0.008142064274101773
0.3660000000000002,6.0009999999999994,0.009714095242464083
0.3660000000000002,6.5009999999999994,0.010404229182656544
0.3660000000000002,7.0009999999999994,0.010487436312991621
0.3660000000000002,7.5009999999999994,0.010147832426932984
0.3660000000000002,8.001,0.009511275787446996
0.3660000000000002,8.501,0.008665262439600573
0.3660000000000002,9.001,0.007671444482829387
0.3660000000000002,9.501,0.006573716503341848
0.3660000000000002,10.001,0.005403560075871443
0.3660000000000002,10.501,0.00418364750367127
0.3660000000000002,11.001,0.0029303148742894775
0.3660000000000002,11.501,0.00165528559310478
0.3660000000000002,12.001,0.0003668878991485436
0.3660000000000002,12.501,-0.0009290749397930648
0.3660000000000002,13.001,-0.0022286964567820172
0.3660000000000002,13.501,-0.0035295098420941168
0.3660000000000002,14.001,-0.004830153260112439
0.3660000000000002,14.501,-0.006130123978838609
0.3660000000000002,15.001,-0.007429597742283453
0.3660000000000002,15.501,-0.008729296727299395
0.3660000000000002,16.000999999999998,-0.010030394236806836
0.3660000000000002,16.500999999999998,-0.011334447682165946
0.3660000000000002,17.000999999999998,-0.012643353854070505
0.3660000000000002,17.500999999999998,-0.013959322280020317
0.3660000000000002,18.000999999999998,-0.015284863827033854
0.3660000000000002,18.500999999999998,-0.016622792779407126
0.3660000000000002,19.000999999999998,-0.017976241512522625
0.3660000000000002,19.500999999999998,-0.019348687681600557
0.3660000000000002,20.000999999999998,-0.020743994624123116
0.3660000000000002,20.500999999999998,-0.022166466510714702
0.3660000000000002,21.000999999999998,-0.023620920755061378
0.3660000000000002,21.500999999999998,-0.02511278141443451
0.3660000000000002,22.000999999999998,-0.026648198923412587
0.3660000000000002,22.500999999999998,-0.028234203715767875
0.3660000000000002,23.000999999999998,-0.029878904424286
0.3660000000000002,23.500999999999998,-0.03159174590982086
0.3660000000000002,24.000999999999998,-0.033383849174062785
0.3660000000000002,24.500999999999998,-0.035268465610019076
0.3660000000000002,25.000999999999998,-0.03726159435931042
0.3660000000000002,25.500999999999998,-0.03938283787713685
0.3660000000000002,26.000999999999998,-0.04165661467078197
0.3660000000000002,26.500999999999998,-0.04411392392633917
0.3660000000000002,27.000999999999998,-0.04679499308025162
0.3660000000000002,27.500999999999998,-0.04975339697472217
0.3660000000000002,28.000999999999998,-0.05306275267760286
0.3660000000000002,28.500999999999998,-0.056828199817998346
0.3660000000000002,29.000999999999998,-0.06120746209479473
0.3660000000000002,29.500999999999998,-0.06645303687337978
0.3660000000000002,30.000999999999998,-0.0730074793178091
0.3660000000000002,30.500999999999998,-0.08175991125202392
0.3660000000000002,31.000999999999998,-0.09496921410163797
0.3660000000000002,31.500999999999998,-0.12259781737004329
0.3660000000000002,32.001,-0.11960194898482057
0.3660000000000002,32.501,-0.08754179752821804
0.3660000000000002,33.001,-0.07232681698180153
0.3660000000000002,33.501,-0.06216347705734574
0.3660000000000002,34.001,-0.054516087953506195
0.3660000000000002,34.501,-0.04839324795927051
0.3660000000000002,35.001,-0.0432999358345105
0.3660000000000002,35.501,-0.03895173326734872
0.3660000000000002,36.001,-0.03516941197938968
0.3660000000000002,36.501,-0.031832353902670245
0.3660000000000002,37.001,-0.02885528204450933
0.3660000000000002,37.501,-0.02617554681582451
0.3660000000000002,38.001,-0.023745686107475565
0.3660000000000002,38.501,-0.021528828038934193
0.3660000000000002,39.001,-0.019495721623411517
0.3660000000000002,39.501,-0.01762274703884232
0.3710000000000002,0.001,-1.1627248588400283
0.3710000000000002,0.501,-1.9714986617587889
0.3710000000000002,1.001,-0.6211176543131653
0.3710000000000002,1.501,-0.2799769145438897
0.3710000000000002,2.001,-0.1438290020665292
0.3710000000000002,2.501,-0.07741754006117715
0.3710000000000002,3.001,-0.041240184157695925
0.3710000000000002,3.501,-0.020197149341003306
0.3710000000000002,4.0009999999999994,-0.00748697935021464
0.3710000000000002,4.5009999999999994,0.0003154060155591068
0.3710000000000002,5.0009999999999994,0.0050801154483577915
0.3710000000000002,5.5009999999999994,0.007892740803085163
0.3710000000000002,6.0009999999999994,0.00941433427409763
0.3710000000000002,6.5009999999999994,0.01006308408936174
0.3710000000000002,7.0009999999999994,0.01011183578412575
0.3710000000000002,7.5009999999999994,0.009743149800995131
0.3710000000000002,8.001,0.009081720395064288
0.3710000000000002,8.501,0.008214155437311797
0.3710000000000002,9.001,0.007201417472189886
0.3710000000000002,9.501,0.006086857179936428
0.3710000000000002,10.001,0.004901520696483946
0.3710000000000002,10.501,0.003667726709456181
0.3710000000000002,11.001,0.0024015200568203443
0.3710000000000002,11.501,0.0011143807979415582
0.3710000000000002,12.001,-0.00018556920521577147
0.3710000000000002,12.501,-0.001492704501788969
0.3710000000000002,13.001,-0.0028032744628350287
0.3710000000000002,13.501,-0.004114951387467291
0.3710000000000002,14.001,-0.0054265000978258315
0.3710000000000002,14.501,-0.006737535641796355
0.3710000000000002,15.001,-0.008048345736940354
0.3710000000000002,15.501,-0.009359761457197961
0.3710000000000002,16.000999999999998,-0.010673064445729782
0.3710000000000002,16.500999999999998,-0.011989922320499925
0.3710000000000002,17.000999999999998,-0.013312346377130546
0.3710000000000002,17.500999999999998,-0.01464266749131702
0.3710000000000002,18.000999999999998,-0.01598352749034588
0.3710000000000002,18.500999999999998,-0.017337884349308483
0.3710000000000002,19.000999999999998,-0.01870903048355911
0.3710000000000002,19.500999999999998,-0.0201006242442473
0.3710000000000002,20.000999999999998,-0.021516735558153588
0.3710000000000002,20.500999999999998,-0.022961907567691123
0.3710000000000002,21.000999999999998,-0.024441237216117913
0.3710000000000002,21.500999999999998,-0.025960479108635984
0.3710000000000002,22.000999999999998,-0.027526178833214725
0.3710000000000002,22.500999999999998,-0.029145844498640237
0.3710000000000002,23.000999999999998,-0.03082816893088221
0.3710000000000002,23.500999999999998,-0.03258332038070194
0.3710000000000002,24.000999999999998,-0.03442332774618094
0.3710000000000002,24.500999999999998,-0.036362598903439416
0.3710000000000002,25.000999999999998,-0.03841863071571232
0.3710000000000002,25.500999999999998,-0.04061300194443433
0.3710000000000002,26.000999999999998,-0.0429727954701001
0.3710000000000002,26.500999999999998,-0.04553269311312158
0.3710000000000002,27.000999999999998,-0.04833816411053754
0.3710000000000002,27.500999999999998,-0.051450511861497766
0.3710000000000002,28.000999999999998,-0.0549552500712928
0.3710000000000002,28.500999999999998,-0.058976846837329566
0.3710000000000002,29.000999999999998,-0.0637066994054519
0.3710000000000002,29.500999999999998,-0.06946175906052535
0.3710000000000002,30.000999999999998,-0.07682572580408988
0.3710000000000002,30.500999999999998,-0.0870695345418106
0.3710000000000002,31.000999999999998,-0.10398635252149258
0.3710000000000002,31.500999999999998,-0.16235080535335342
0.3710000000000002,32.001,-0.10267585741544705
0.3710000000000002,32.501,-0.08080358660593571
0.3710000000000002,33.001,-0.06811895519583196
0.3710000000000002,33.501,-0.059115018246049034
0.3710000000000002,34.001,-0.052133988622824645
0.3710000000000002,34.501,-0.0464439721470702
0.3710000000000002,35.001,-0.041654364121139535
0.3710000000000002,35.501,-0.03753094411376731
0.3710000000000002,36.001,-0.03392163262869499
0.3710000000000002,36.501,-0.030721785731928825
0.3710000000000002,37.001,-0.027856141844535196
0.3710000000000002,37.501,-0.025268650664469452
0.3710000000000002,38.001,-0.022916375769380114
0.3710000000000002,38.501,-0.020765652666029446
0.3710000000000002,39.001,-0.018789566927212367
0.3710000000000002,39.501,-0.01696624120731149
0.3760000000000002,0.001,-1.1733640902893299
0.3760000000000002,0.501,-1.9646313080107567
0.3760000000000002,1.001,-0.6181803442649788
0.3760000000000002,1.501,-0.2783745098282553
0.3760000000000002,2.001,-0.1428926278585968
0.3760000000000002,2.501,-0.07687575307148828
0.3760000000000002,3.001,-0.040956379603911214
0.3760000000000002,3.501,-0.020093189940595363
0.3760000000000002,4.0009999999999994,-0.007514198710344783
0.3760000000000002,4.5009999999999994,0.0001892106054427467
0.3760000000000002,5.0009999999999994,0.004877233013999865
0.3760000000000002,5.5009999999999994,0.007629139089048276
0.3760000000000002,6.0009999999999994,0.009101764074028545
0.3760000000000002,6.5009999999999994,0.009710378119237889
0.3760000000000002,7.0009999999999994,0.009725745263733432
0.3760000000000002,7.5009999999999994,0.009328902614335222
0.3760000000000002,8.001,0.008643404668477517
0.3760000000000002,8.501,0.0077549898250780305
0.3760000000000002,9.001,0.006723945712295801
0.3760000000000002,9.501,0.005593090699584274
0.3760000000000002,10.001,0.004393044751331704
0.3760000000000002,10.501,0.003145780390060769
0.3760000000000002,11.001,0.001867057208480044
0.3760000000000002,11.501,0.0005681167494580169
0.3760000000000002,12.001,-0.0007431216474821922
0.3760000000000002,12.501,-0.0020612073216087767
0.3760000000000002,13.001,-0.0033825431761430325
0.3760000000000002,13.501,-0.004704938958839755
0.3760000000000002,14.001,-0.006027285085521944
0.3760000000000002,14.501,-0.007349313888618189
0.3760000000000002,15.001,-0.008671425125352676
0.3760000000000002,15.501,-0.009994559406466541
0.3760000000000002,16.000999999999998,-0.0113201079608449
0.3760000000000002,16.500999999999998,-0.012649850518371072
0.3760000000000002,17.000999999999998,-0.013985915523989477
0.3760000000000002,17.500999999999998,-0.015330758694523917
0.3760000000000002,18.000999999999998,-0.01668715730592843
0.3760000000000002,18.500999999999998,-0.018058218702551893
0.3760000000000002,19.000999999999998,-0.01944740246477393
0.3760000000000002,19.500999999999998,-0.020858556549770903
0.3760000000000002,20.000999999999998,-0.022295968617277364
0.3760000000000002,20.500999999999998,-0.023764434757391328
0.3760000000000002,21.000999999999998,-0.0252693490576194
0.3760000000000002,21.500999999999998,-0.026816819023335145
0.3760000000000002,22.000999999999998,-0.028413814001953416
0.3760000000000002,22.500999999999998,-0.030068356760154076
0.3760000000000002,23.000999999999998,-0.03178977269836668
0.3760000000000002,23.500999999999998,-0.03358901761688427
0.3760000000000002,24.000999999999998,-0.0354791147289219
0.3760000000000002,24.500999999999998,-0.0374757468851632
0.3760000000000002,25.000999999999998,-0.03959807448910065
0.3760000000000002,25.500999999999998,-0.041869890184480334
0.3760000000000002,26.000999999999998,-0.044321291050259407
0.3760000000000002,26.500999999999998,-0.04699117346081988
0.3760000000000002,27.000999999999998,-0.049931088742432385
0.3760000000000002,27.500999999999998,-0.05321145900109594
0.3760000000000002,28.000999999999998,-0.05693212918110996
0.3760000000000002,28.500999999999998,-0.06124147834622938
0.3760000000000002,29.000999999999998,-0.06637405663354541
0.3760000000000002,29.500999999999998,-0.0727335908819864
0.3760000000000002,30.000999999999998,-0.08110852526859347
0.3760000000000002,30.500999999999998,-0.09339990924899537
0.3760000000000002,31.000999999999998,-0.11683254936573828
0.3760000000000002,31.500999999999998,-0.13385219562462247
0.3760000000000002,32.001,-0.0923618699978297
0.3760000000000002,32.501,-0.07544224893334164
0.3760000000000002,33.001,-0.0645067849837464
0.3760000000000002,33.501,-0.0564010752624803
0.3760000000000002,34.001,-0.04996732845022336
0.3760000000000002,34.501,-0.044645737668120834
0.3760000000000002,35.001,-0.04012099037667767
0.3760000000000002,35.501,-0.03619707132918312
0.3760000000000002,36.001,-0.032743364148438155
0.3760000000000002,36.501,-0.02966821618128932
0.3760000000000002,37.001,-0.02690469178578386
0.3760000000000002,37.501,-0.024402323755663716
0.3760000000000002,38.001,-0.02212205976995432
0.3760000000000002,38.501,-0.02003302113057141
0.3760000000000002,39.001,-0.018110343488455794
0.3760000000000002,39.501,-0.016333691664507658
0.3810000000000002,0.001,-1.1839368181557035
0.3810000000000002,0.501,-1.957919423704059
0.3810000000000002,1.001,-0.6153243955129002
0.3810000000000002,1.501,-0.2768273823844971
0.3810000000000002,2.001,-0.1419979798932206
0.3810000000000002,2.501,-0.07636730316456652
0.3810000000000002,3.001,-0.04070016716420258
0.3810000000000002,3.501,-0.02001262241282898
0.3810000000000002,4.0009999999999994,-0.007561595947058741
0.3810000000000002,4.5009999999999994,0.000045379736184014696
0.3810000000000002,5.0009999999999994,0.004658777248403051
0.3810000000000002,5.5009999999999994,0.007351669148125323
0.3810000000000002,6.0009999999999994,0.00877675691481139
0.3810000000000002,6.5009999999999994,0.009346450903368525
0.3810000000000002,7.0009999999999994,0.009329475770974018
0.3810000000000002,7.5009999999999994,0.008905376512747393
0.3810000000000002,8.001,0.008196591521215255
0.3810000000000002,8.501,0.0072880079640090314
0.3810000000000002,9.001,0.006239252828208017
0.3810000000000002,9.501,0.005092623475483213
0.3810000000000002,10.001,0.0038783227263509412
0.3810000000000002,10.501,0.002617984188245423
0.3810000000000002,11.001,0.0013270880414632535
0.3810000000000002,11.501,0.000016641991822080593
0.3810000000000002,12.001,-0.0013056334236557499
0.3810000000000002,12.501,-0.0026344594317879166
0.3810000000000002,13.001,-0.003966390280047159
0.3810000000000002,13.501,-0.005299371620065593
0.3810000000000002,14.001,-0.006632418513839042
0.3810000000000002,14.501,-0.007965380204392872
0.3810000000000002,15.001,-0.009298768684937505
0.3810000000000002,15.501,-0.010633634886284618
0.3810000000000002,16.000999999999998,-0.011971481030785283
0.3810000000000002,16.500999999999998,-0.013314201053060238
0.3810000000000002,17.000999999999998,-0.014664043412730574
0.3810000000000002,17.500999999999998,-0.016023592425616857
0.3810000000000002,18.000999999999998,-0.017395765627331472
0.3810000000000002,18.500999999999998,-0.01878382580827341
0.3810000000000002,19.000999999999998,-0.020191407337180577
0.3810000000000002,19.500999999999998,-0.021622557318411617
0.3810000000000002,20.000999999999998,-0.02308179309728495
0.3810000000000002,20.500999999999998,-0.024574178737192157
0.3810000000000002,21.000999999999998,-0.026105424463802894
0.3810000000000002,21.500999999999998,-0.02768201487097372
0.3810000000000002,22.000999999999998,-0.029311374150147833
0.3810000000000002,22.500999999999998,-0.03100208010529968
0.3810000000000002,23.000999999999998,-0.03276414382426679
0.3810000000000002,23.500999999999998,-0.03460937952884519
0.3810000000000002,24.000999999999998,-0.03655190088273806
0.3810000000000002,24.500999999999998,-0.03860879859163629
0.3810000000000002,25.000999999999998,-0.04080108428335917
0.3810000000000002,25.500999999999998,-0.04315503628521398
0.3810000000000002,26.000999999999998,-0.04570417114336064
0.3810000000000002,26.500999999999998,-0.04849222522109125
0.3810000000000002,27.000999999999998,-0.05157783773130784
0.3810000000000002,27.500999999999998,-0.055042250201841614
0.3810000000000002,28.000999999999998,-0.05900270006950879
0.3810000000000002,28.500999999999998,-0.06363744731335583
0.3810000000000002,29.000999999999998,-0.069237149226312
0.3810000000000002,29.500999999999998,-0.07632497387748276
0.3810000000000002,30.000999999999998,-0.08599776534767979
0.3810000000000002,30.500999999999998,-0.10128215564139902
0.3810000000000002,31.000999999999998,-0.14009910058817143
0.3810000000000002,31.500999999999998,-0.11072216927783372
0.3810000000000002,32.001,-0.08492187605806578
0.3810000000000002,32.501,-0.07099352039253341
0.3810000000000002,33.001,-0.061344935676836986
0.3810000000000002,33.501,-0.05395709588483287
0.3810000000000002,34.001,-0.047981488801932086
0.3810000000000002,34.501,-0.04297763548477114
0.3810000000000002,35.001,-0.03868610810907706
0.3810000000000002,35.501,-0.03494057531163644
0.3810000000000002,36.001,-0.03162765647789563
0.3810000000000002,36.501,-0.028666395982732643
0.3810000000000002,37.001,-0.025996849959619768
0.3810000000000002,37.501,-0.023573314701343318
0.3810000000000002,38.001,-0.021360095492287994
0.3810000000000002,38.501,-0.019328748427228953
0.3810000000000002,39.001,-0.017456217779799655
0.3810000000000002,39.501,-0.015723539923015072
0.38600000000000023,0.001,-1.1944439136048521
0.38600000000000023,0.501,-1.951359059310092
0.38600000000000023,1.001,-0.6125477347653057
0.38600000000000023,1.501,-0.27533411430105853
0.38600000000000023,2.001,-0.14114397805166629
0.38600000000000023,2.501,-0.07589131783441733
0.38600000000000023,3.001,-0.04047081571649194
0.38600000000000023,3.501,-0.019954818677667796
0.38600000000000023,4.0009999999999994,-0.007628621812774905
0.38600000000000023,4.5009999999999994,-0.00011559990248866114
0.38600000000000023,5.0009999999999994,0.00442518375681096
0.38600000000000023,5.5009999999999994,0.00706072389840917
0.38600000000000023,6.0009999999999994,0.008439669362522122
0.38600000000000023,6.5009999999999994,0.00897162755610377
0.38600000000000023,7.0009999999999994,0.008923324838701424
0.38600000000000023,7.5009999999999994,0.008472844558035125
0.38600000000000023,8.001,0.0077415320803838825
0.38600000000000023,8.501,0.0068134411394016325
0.38600000000000023,9.001,0.005747552006531542
0.38600000000000023,9.501,0.004585652057149014
0.38600000000000023,10.001,0.003357535764328623
0.38600000000000023,10.501,0.002084504876455062
0.38600000000000023,11.001,0.0007817658278829048
0.38600000000000023,11.501,-0.0005399029793437815
0.38600000000000023,12.001,-0.0018729762225481034
0.38600000000000023,12.501,-0.0032123442357064325
0.38600000000000023,13.001,-0.004554710539378452
0.38600000000000023,13.501,-0.0058981552593710684
0.38600000000000023,14.001,-0.007241817273379109
0.38600000000000023,14.501,-0.008585662483870854
0.38600000000000023,15.001,-0.009930315449032237
0.38600000000000023,15.501,-0.011276938350289256
0.38600000000000023,16.000999999999998,-0.012627145978735134
0.38600000000000023,16.500999999999998,-0.013982948761307222
0.38600000000000023,17.000999999999998,-0.015346718268439266
0.38600000000000023,17.500999999999998,-0.016721171450933964
0.38600000000000023,18.000999999999998,-0.01810937125533571
0.38600000000000023,18.500999999999998,-0.019514742416995447
0.38600000000000023,19.000999999999998,-0.02094110224675498
0.38600000000000023,19.500999999999998,-0.02239270721211627
0.38600000000000023,20.000999999999998,-0.023874317165649042
0.38600000000000023,20.500999999999998,-0.02539128030274028
0.38600000000000023,21.000999999999998,-0.02694964347748411
0.38600000000000023,21.500999999999998,-0.02855629456335136
0.38600000000000023,22.000999999999998,-0.03021914639996342
0.38600000000000023,22.500999999999998,-0.031947375958880524
0.38600000000000023,23.000999999999998,-0.03375173839088387
0.38600000000000023,23.500999999999998,-0.03564498473604473
0.38600000000000023,24.000999999999998,-0.037642426233832404
0.38600000000000023,24.500999999999998,-0.03976271076470685
0.38600000000000023,25.000999999999998,-0.04202891413548631
0.38600000000000023,25.500999999999998,-0.044470112244049814
0.38600000000000023,26.000999999999998,-0.047123712330619016
0.38600000000000023,26.500999999999998,-0.050039029511312824
0.38600000000000023,27.000999999999998,-0.05328300179335118
0.38600000000000023,27.500999999999998,-0.05694978646828324
0.38600000000000023,28.000999999999998,-0.061177901330687734
0.38600000000000023,28.500999999999998,-0.06618337289308261
0.38600000000000023,29.000999999999998,-0.07233102804642434
0.38600000000000023,29.500999999999998,-0.08031281743466456
0.38600000000000023,30.000999999999998,-0.09171287049936602
0.38600000000000023,30.500999999999998,-0.11182092561653834
0.38600000000000023,31.000999999999998,-0.1648718665474576
0.38600000000000023,31.500999999999998,-0.0983774974245905
0.38600000000000023,32.001,-0.0791026962161792
0.38600000000000023,32.501,-0.06719474320866345
0.38600000000000023,33.001,-0.0585355414418973
0.38600000000000023,33.501,-0.051735570407336326
0.38600000000000023,34.001,-0.04614956393666825
0.38600000000000023,34.501,-0.041422805765490754
0.38600000000000023,35.001,-0.03733836797138066
0.38600000000000023,35.501,-0.03375339710990579
0.38600000000000023,36.001,-0.030568545573313684
0.38600000000000023,36.501,-0.027711763565284594
0.38600000000000023,37.001,-0.02512903242274982
0.38600000000000023,37.501,-0.022778744056510862
0.38600000000000023,38.001,-0.02062812547605783
0.38600000000000023,38.501,-0.01865087308597107
0.38600000000000023,39.001,-0.01682553489541646
0.38600000000000023,39.501,-0.015134372629986254
0.39100000000000024,0.001,-1.2048862252295918
0.39100000000000024,0.501,-1.944946418751857
0.39100000000000024,1.001,-0.6098483694812816
0.39100000000000024,1.501,-0.2738933430563639
0.39100000000000024,2.001,-0.14032958455874944
0.39100000000000024,2.501,-0.07544695892480907
0.39100000000000024,3.001,-0.04026762306933268
0.39100000000000024,3.501,-0.019919175659935007
0.39100000000000024,4.0009999999999994,-0.0077147490836061705
0.39100000000000024,4.5009999999999994,-0.0002932612992616046
0.39100000000000024,5.0009999999999994,0.0041768703626917526
0.39100000000000024,5.5009999999999994,0.00675668004447974
0.39100000000000024,6.0009999999999994,0.008090843090368269
0.39100000000000024,6.5009999999999994,0.008586219428176445
0.39100000000000024,7.0009999999999994,0.008507577214298873
0.39100000000000024,7.5009999999999994,0.008031567883143409
0.39100000000000024,8.001,0.00727846630144393
0.39100000000000024,8.501,0.006331510139548677
0.39100000000000024,9.001,0.005249046541899033
0.39100000000000024,9.501,0.004072363647611502
0.39100000000000024,10.001,0.002830856155372874
0.39100000000000024,10.501,0.001545500822717115
0.39100000000000024,11.001,0.00023123584290957178
0.39100000000000024,11.501,-0.0011013852950481906
0.39100000000000024,12.001,-0.002445029023805001
0.39100000000000024,12.501,-0.003794752124527241
0.39100000000000024,13.001,-0.0051474054354773615
0.39100000000000024,13.501,-0.006501202241843931
0.39100000000000024,14.001,-0.007855404524287568
0.39100000000000024,14.501,-0.009210094717994628
0.39100000000000024,15.001,-0.010566010410518842
0.39100000000000024,15.501,-0.01192442611577503
0.39100000000000024,16.000999999999998,-0.013287070942110193
0.39100000000000024,16.500999999999998,-0.014656074298918666
0.39100000000000024,17.000999999999998,-0.01603393420489005
0.39100000000000024,17.500999999999998,-0.01742350457406333
0.39100000000000024,18.000999999999998,-0.01882799927445844
0.39100000000000024,18.500999999999998,-0.020251011932986278
0.39100000000000024,19.000999999999998,-0.021696551521442464
0.39100000000000024,19.500999999999998,-0.023169094808619103
0.39100000000000024,20.000999999999998,-0.0246736579103944
0.39100000000000024,20.500999999999998,-0.026215890537066515
0.39100000000000024,21.000999999999998,-0.027802198286447935
0.39100000000000024,21.500999999999998,-0.02943990068987388
0.39100000000000024,22.000999999999998,-0.03113743602704119
0.39100000000000024,22.500999999999998,-0.03290462871545342
0.39100000000000024,23.000999999999998,-0.03475304220693111
0.39100000000000024,23.500999999999998,-0.036696451208070816
0.39100000000000024,24.000999999999998,-0.03875148411694651
0.39100000000000024,24.500999999999998,-0.040938514139531555
0.39100000000000024,25.000999999999998,-0.04328292351398426
0.39100000000000024,25.500999999999998,-0.045816944724056764
0.39100000000000024,26.000999999999998,-0.04858242576386236
0.39100000000000024,26.500999999999998,-0.051635137406767256
0.39100000000000024,27.000999999999998,-0.055051783432706336
0.39100000000000024,27.500999999999998,-0.05894204209417134
0.39100000000000024,28.000999999999998,-0.06347070396139959
0.39100000000000024,28.500999999999998,-0.0689021409964779
0.39100000000000024,29.000999999999998,-0.07570112633141825
0.39100000000000024,29.500999999999998,-0.08480583113282429
0.39100000000000024,30.000999999999998,-0.09862061297762748
0.39100000000000024,30.500999999999998,-0.12803387199918426
0.39100000000000024,31.000999999999998,-0.12214420967294876
0.39100000000000024,31.500999999999998,-0.08989673784350467
0.39100000000000024,32.001,-0.07432709055340206
0.39100000000000024,32.501,-0.06388264452727557
0.39100000000000024,33.001,-0.05600954075325751
0.39100000000000024,33.501,-0.049700510011846305
0.39100000000000024,34.001,-0.044450226261400744
0.39100000000000024,34.501,-0.039967455306639636
0.39100000000000024,35.001,-0.03606826658874703
0.39100000000000024,35.501,-0.032628667213799374
0.39100000000000024,36.001,-0.02956087547049642
0.39100000000000024,36.501,-0.026800330104354782
0.39100000000000024,37.001,-0.02429807549462846
0.39100000000000024,37.501,-0.02201604978337145
0.39100000000000024,38.001,-0.019924037909880298
0.39100000000000024,38.501,-0.017997627767100757
0.39100000000000024,39.001,-0.016216796148487395
0.39100000000000024,39.501,-0.014564904148690813
0.39600000000000024,0.001,-1.2152645799161648
0.39600000000000024,0.501,-1.9386778516197267
0.39600000000000024,1.001,-0.6072243837731041
0.39600000000000024,1.501,-0.27250375870660654
0.39600000000000024,2.001,-0.13955380183175956
0.39600000000000024,2.501,-0.07503342088326301
0.39600000000000024,3.001,-0.04008991449049379
0.39600000000000024,3.501,-0.01990511401676842
0.39600000000000024,4.0009999999999994,-0.007819471437753904
0.39600000000000024,4.5009999999999994,-0.00048715611825939087
0.39600000000000024,5.0009999999999994,0.00391423801492749
0.39600000000000024,5.5009999999999994,0.006439898905535368
0.39600000000000024,6.0009999999999994,0.007730605640387661
0.39600000000000024,6.5009999999999994,0.008190524811724276
0.39600000000000024,7.0009999999999994,0.008082505515703775
0.39600000000000024,7.5009999999999994,0.007581796305350247
0.39600000000000024,8.001,0.0068076235435617595
0.39600000000000024,8.501,0.005842425797357088
0.39600000000000024,9.001,0.004743930348254044
0.39600000000000024,9.501,0.0035529365872033064
0.39600000000000024,10.001,0.0022984477955860505
0.39600000000000024,10.501,0.001001122426208978
0.39600000000000024,11.001,-0.00032436422108032825
0.39600000000000024,11.501,-0.0016676793187876543
0.39600000000000024,12.001,-0.003021677722601493
0.39600000000000024,12.501,-0.004381580119772924
0.39600000000000024,13.001,-0.005744382825914732
0.39600000000000024,13.501,-0.007108431085776357
0.39600000000000024,14.001,-0.008473109388910285
0.39600000000000024,14.501,-0.009838616702819734
0.39600000000000024,15.001,-0.011205804247241088
0.39600000000000024,15.501,-0.012576060106191667
0.39600000000000024,16.000999999999998,-0.013951229633161453
0.39600000000000024,16.500999999999998,-0.015333563921069077
0.39600000000000024,17.000999999999998,-0.016725691026900136
0.39600000000000024,17.500999999999998,-0.018130606463612323
0.39600000000000024,18.000999999999998,-0.019551680910917628
0.39600000000000024,18.500999999999998,-0.02099268430915456
0.39600000000000024,19.000999999999998,-0.02245782661248174
0.39600000000000024,19.500999999999998,-0.023951816602680913
0.39600000000000024,20.000999999999998,-0.025479941420518723
0.39600000000000024,20.500999999999998,-0.0270481709980225
0.39600000000000024,21.000999999999998,-0.028663293558578766
0.39600000000000024,21.500999999999998,-0.030333091060712955
0.39600000000000024,22.000999999999998,-0.03206656730262474
0.39600000000000024,22.500999999999998,-0.033874247020067444
0.39600000000000024,23.000999999999998,-0.035768572745865874
0.39600000000000024,23.500999999999998,-0.0377644392121922
0.39600000000000024,24.000999999999998,-0.0398799257122262
0.39600000000000024,24.500999999999998,-0.04213732055780514
0.39600000000000024,25.000999999999998,-0.04456458874903957
0.39600000000000024,25.500999999999998,-0.0471975340010473
0.39600000000000024,26.000999999999998,-0.05008308980925918
0.39600000000000024,26.500999999999998,-0.053284528941072926
0.39600000000000024,27.000999999999998,-0.05689011017530311
0.39600000000000024,27.500999999999998,-0.06102829931258505
0.39600000000000024,28.000999999999998,-0.06589664933321455
0.39600000000000024,28.500999999999998,-0.07182232150807215
0.39600000000000024,29.000999999999998,-0.07940783438218094
0.39600000000000024,29.500999999999998,-0.08996501360086459
0.39600000000000024,30.000999999999998,-0.10740753560814355
0.39600000000000024,30.500999999999998,-0.1674244164396112
0.39600000000000024,31.000999999999998,-0.10612623253474754
0.39600000000000024,31.500999999999998,-0.08343250283024864
0.39600000000000024,32.001,-0.07028052357143567
0.39600000000000024,32.501,-0.06094871357601237
0.39600000000000024,33.001,-0.053716365341313715
0.39600000000000024,33.501,-0.047823996252647716
0.39600000000000024,34.001,-0.042866283021434824
0.39600000000000024,34.501,-0.03860015616098718
0.39600000000000024,35.001,-0.03486776689788046
0.39600000000000024,35.501,-0.0315604826048113
0.39600000000000024,36.001,-0.028600158758124924
0.39600000000000024,36.501,-0.02592858762412979
0.39600000000000024,37.001,-0.023501172638143386
0.39600000000000024,37.501,-0.02128294235337868
0.39600000000000024,38.001,-0.019245933732930355
0.39600000000000024,38.501,-0.017367414534104952
0.39600000000000024,39.001,-0.01562864007117112
0.39600000000000024,39.501,-0.014013961674612918
0.40100000000000025,0.001,-1.2255797836667977
0.40100000000000025,0.501,-1.9325498458746635
0.40100000000000025,1.001,-0.6046739345653184
0.40100000000000025,1.501,-0.27116410124978446
0.40100000000000025,2.001,-0.13881567046424534
0.40100000000000025,2.501,-0.07464992912459589
0.40100000000000025,3.001,-0.039937041327920364
0.40100000000000025,3.501,-0.019912076945006265
0.40100000000000025,4.0009999999999994,-0.007942302404387647
0.40100000000000025,4.5009999999999994,-0.000696853759125142
0.40100000000000025,5.0009999999999994,0.0036376716379287466
0.40100000000000025,5.5009999999999994,0.006110727191377341
0.40100000000000025,6.0009999999999994,0.0073592711371445185
0.40100000000000025,6.5009999999999994,0.00778482960082616
0.40100000000000025,7.0009999999999994,0.0076483708460040045
0.40100000000000025,7.5009999999999994,0.007123768900670485
0.40100000000000025,8.001,0.006329223108507753
0.40100000000000025,8.501,0.005346389497574242
0.40100000000000025,9.001,0.004232388437584472
0.40100000000000025,9.501,0.0030275408064538295
0.40100000000000025,10.001,0.0017604666163397453
0.40100000000000025,10.501,0.0004515125247779722
0.40100000000000025,11.001,-0.0008849038671687459
0.40100000000000025,11.501,-0.002238666278088719
0.40100000000000025,12.001,-0.003602814778983804
0.40100000000000025,12.501,-0.004972731539608095
0.40100000000000025,13.001,-0.006345556627061079
0.40100000000000025,13.501,-0.00771976616107263
0.40100000000000025,14.001,-0.009094866665819629
0.40100000000000025,14.501,-0.010471173769179706
0.40100000000000025,15.001,-0.011849653067635552
0.40100000000000025,15.501,-0.013231807613423664
0.40100000000000025,16.000999999999998,-0.01461960111904709
0.40100000000000025,16.500999999999998,-0.016015409281916942
0.40100000000000025,17.000999999999998,-0.017421994052038467
0.40100000000000025,17.500999999999998,-0.018842497500654615
0.40100000000000025,18.000999999999998,-0.02028045341096952
0.40100000000000025,18.500999999999998,-0.02173981596353971
0.40100000000000025,19.000999999999998,-0.023225006059331414
0.40100000000000025,19.500999999999998,-0.024740977034066663
0.40100000000000025,20.000999999999998,-0.02629330289801063
0.40100000000000025,20.500999999999998,-0.02788829394477329
0.40100000000000025,21.000999999999998,-0.02953314682757662
0.40100000000000025,21.500999999999998,-0.03123613931850685
0.40100000000000025,22.000999999999998,-0.03300688443260089
0.40100000000000025,22.500999999999998,-0.0348566651915219
0.40100000000000025,23.000999999999998,-0.03679888130157756
0.40100000000000025,23.500999999999998,-0.038849654604151
0.40100000000000025,24.000999999999998,-0.041028665143225514
0.40100000000000025,24.500999999999998,-0.04336033103210929
0.40100000000000025,25.000999999999998,-0.04587551613949343
0.40100000000000025,25.500999999999998,-0.04861407600127049
0.40100000000000025,26.000999999999998,-0.05162878869135737
0.40100000000000025,26.500999999999998,-0.05499168450685328
0.40100000000000025,27.000999999999998,-0.058804775486579405
0.40100000000000025,27.500999999999998,-0.06321945114896278
0.40100000000000025,28.000999999999998,-0.06847457860443068
0.40100000000000025,28.500999999999998,-0.07498022983667525
0.40100000000000025,29.000999999999998,-0.08353391913771588
0.40100000000000025,29.500999999999998,-0.09604395025787871
0.40100000000000025,30.000999999999998,-0.11961615908208564
0.40100000000000025,30.500999999999998,-0.1411593227458174
0.40100000000000025,31.000999999999998,-0.0960192681095831
0.40100000000000025,31.500999999999998,-0.07821186593389634
0.40100000000000025,32.001,-0.0667723952971948
0.40100000000000025,32.501,-0.05831713117355526
0.40100000000000025,33.001,-0.05161786955955874
0.40100000000000025,33.501,-0.04608393366623931
0.40100000000000025,34.001,-0.04138367182509242
0.40100000000000025,34.501,-0.037311334062289904
0.40100000000000025,35.001,-0.033730011361324634
0.40100000000000025,35.501,-0.03054373371793265
0.40100000000000025,36.001,-0.02768246592037514
0.40100000000000025,36.501,-0.025093434817865405
0.40100000000000025,37.001,-0.02273582275763356
0.40100000000000025,37.501,-0.020577367513023154
0.40100000000000025,38.001,-0.01859209906208658
0.40100000000000025,38.501,-0.016758783939015812
0.40100000000000025,39.001,-0.01505982621536
0.40100000000000025,39.501,-0.01348047245618458
0.40600000000000025,0.001,-1.2358326223811662
0.40600000000000025,0.501,-1.9265590210027794
0.40600000000000025,1.001,-0.6021952479914753
0.40600000000000025,1.501,-0.26987315815284707
0.40600000000000025,2.001,-0.1381142673346803
0.40600000000000025,2.501,-0.07429573849585475
0.40600000000000025,3.001,-0.03980837971618101
0.40600000000000025,3.501,-0.01993952906256502
0.40600000000000025,4.0009999999999994,-0.008082774377773605
0.40600000000000025,4.5009999999999994,-0.0009219404754822469
0.40600000000000025,5.0009999999999994,0.0033475409289039637
0.40600000000000025,5.5009999999999994,0.005769497730133494
0.40600000000000025,6.0009999999999994,0.006977140956989508
0.40600000000000025,6.5009999999999994,0.007369407910887089
0.40600000000000025,7.0009999999999994,0.00720542336967675
0.40600000000000025,7.5009999999999994,0.006657714542368354
0.40600000000000025,8.001,0.005843474745813829
0.40600000000000025,8.501,0.004843593652186878
0.40600000000000025,9.001,0.0037145973685364098
0.40600000000000025,9.501,0.0024963382503901954
0.40600000000000025,10.001,0.0012170609863411536
0.40600000000000025,10.501,-0.0001031932234912547
0.40600000000000025,11.001,-0.0014502594313731618
0.40600000000000025,11.501,-0.0028142339198229394
0.40600000000000025,12.001,-0.004188338890041235
0.40600000000000025,12.501,-0.005568115687083702
0.40600000000000025,13.001,-0.006950846517823822
0.40600000000000025,13.501,-0.008335137408106416
0.40600000000000025,14.001,-0.009720616563642294
0.40600000000000025,14.501,-0.011107716531597131
0.40600000000000025,15.001,-0.012497518175130437
0.40600000000000025,15.501,-0.013891641078469897
0.40600000000000025,16.000999999999998,-0.015292169620064092
0.40600000000000025,16.500999999999998,-0.016701607252290987
0.40600000000000025,17.000999999999998,-0.018122853950527804
0.40600000000000025,17.500999999999998,-0.01955920364478229
0.40600000000000025,18.000999999999998,-0.021014359938658005
0.40600000000000025,18.500999999999998,-0.022492469716605665
0.40600000000000025,19.000999999999998,-0.023998175477618386
0.40600000000000025,19.500999999999998,-0.025536688542021277
0.40600000000000025,20.000999999999998,-0.027113886801703055
0.40600000000000025,20.500999999999998,-0.028736442604363026
0.40600000000000025,21.000999999999998,-0.030411988931496707
0.40600000000000025,21.500999999999998,-0.032149335622860105
0.40600000000000025,22.000999999999998,-0.03395875260108844
0.40600000000000025,22.500999999999998,-0.03585234480159419
0.40600000000000025,23.000999999999998,-0.03784455538522562
0.40600000000000025,23.500999999999998,-0.03995285250492045
0.40600000000000025,24.000999999999998,-0.0421986852146958
0.40600000000000025,24.500999999999998,-0.04460884491093691
0.40600000000000025,25.000999999999998,-0.04721745703289771
0.40600000000000025,25.500999999999998,-0.05006898804672438
0.40600000000000025,26.000999999999998,-0.05322295850298868
0.40600000000000025,26.500999999999998,-0.056761671914344836
0.40600000000000025,27.000999999999998,-0.06080361591330295
0.40600000000000025,27.500999999999998,-0.06552839776682663
0.40600000000000025,28.000999999999998,-0.07122764176935688
0.40600000000000025,28.500999999999998,-0.07842302059251825
0.40600000000000025,29.000999999999998,-0.08819722313310696
0.40600000000000025,29.500999999999998,-0.10347763873499312
0.40600000000000025,30.000999999999998,-0.14021794697197215
0.40600000000000025,30.500999999999998,-0.11670493621188018
0.40600000000000025,31.000999999999998,-0.08861835600746447
0.40600000000000025,31.500999999999998,-0.07383630188791775
0.40600000000000025,32.001,-0.0636783562758124
0.40600000000000025,32.501,-0.055932815009172146
0.40600000000000025,33.001,-0.04968456460264081
0.40600000000000025,33.501,-0.04446253450022637
0.40600000000000025,34.001,-0.03999074395358189
0.40600000000000025,34.501,-0.03609288814004425
0.40600000000000025,35.001,-0.032649102050888064
0.40600000000000025,35.501,-0.029573968475719394
0.40600000000000025,36.001,-0.026804336663670873
0.40600000000000025,36.501,-0.024292116638339044
0.40600000000000025,37.001,-0.021999787522331622
0.40600000000000025,37.501,-0.0198974751954631
0.40600000000000025,38.001,-0.01796098194267481
0.40600000000000025,38.501,-0.01617041723614206
0.40600000000000025,39.001,-0.014509221273118014
0.40600000000000025,39.501,-0.01296345277297881
0.41100000000000025,0.001,-1.2460238625994142
0.41100000000000025,0.501,-1.920702121588066
0.41100000000000025,1.001,-0.5997866160110236
0.41100000000000025,1.501,-0.26862976203009925
0.41100000000000025,2.001,-0.13744870383081226
0.41100000000000025,2.501,-0.0739701318352167
0.41100000000000025,3.001,-0.03970332936215365
0.41100000000000025,3.501,-0.01998695535836309
0.41100000000000025,4.0009999999999994,-0.008240437691856561
0.41100000000000025,4.5009999999999994,-0.0011620185475003098
0.41100000000000025,5.0009999999999994,0.003044201106175176
0.41100000000000025,5.5009999999999994,0.005416530151253762
0.41100000000000025,6.0009999999999994,0.006584504356159232
0.41100000000000025,6.5009999999999994,0.006944522659873914
0.41100000000000025,7.0009999999999994,0.006753902853303101
0.41100000000000025,7.5009999999999994,0.006183852406207502
0.41100000000000025,8.001,0.005350579126669877
0.41100000000000025,8.501,0.0043342221463298705
0.41100000000000025,9.001,0.0031907256671156736
0.41100000000000025,9.501,0.0019594832763477066
0.41100000000000025,10.001,0.0006683720884827771
0.41100000000000025,10.501,-0.000662865982763744
0.41100000000000025,11.001,-0.002020313743124502
0.41100000000000025,11.501,-0.0033942761875626476
0.41100000000000025,12.001,-0.004778154683227169
0.41100000000000025,12.501,-0.006167647558729374
0.41100000000000025,13.001,-0.007560177663004181
0.41100000000000025,13.501,-0.0089544800755465
0.41100000000000025,14.001,-0.010350304453276497
0.41100000000000025,14.501,-0.011748200655073093
0.41100000000000025,15.001,-0.013149365850008782
0.41100000000000025,15.501,-0.014555537889267046
0.41100000000000025,16.000999999999998,-0.0159689243248338
0.41100000000000025,16.500999999999998,-0.017392159754314795
0.41100000000000025,17.000999999999998,-0.01882828660229023
0.41100000000000025,17.500999999999998,-0.02028075631780199
0.41100000000000025,18.000999999999998,-0.02175344949214901
0.41100000000000025,18.500999999999998,-0.023250714748672144
0.41100000000000025,19.000999999999998,-0.024777427569691993
0.41100000000000025,19.500999999999998,-0.02633907164616374
0.41100000000000025,20.000999999999998,-0.027941847023436737
0.41100000000000025,20.500999999999998,-0.029592811479665297
0.41100000000000025,21.000999999999998,-0.031300064506789904
0.41100000000000025,21.500999999999998,-0.03307298741257167
0.41100000000000025,22.000999999999998,-0.034922559127332865
0.41100000000000025,22.500999999999998,-0.036861776425673565
0.41100000000000025,23.000999999999998,-0.03890622139064357
0.41100000000000025,23.500999999999998,-0.0410748414130839
0.41100000000000025,24.000999999999998,-0.04339104388262452
0.41100000000000025,24.500999999999998,-0.04588427032289207
0.41100000000000025,25.000999999999998,-0.04859232523878727
0.41100000000000025,25.500999999999998,-0.051564939074924813
0.41100000000000025,26.000999999999998,-0.05486944232510716
0.41100000000000025,26.500999999999998,-0.058600253412696215
0.41100000000000025,27.000999999999998,-0.06289573623667019
0.41100000000000025,27.500999999999998,-0.0679705732795169
0.41100000000000025,28.000999999999998,-0.07418472599976142
0.41100000000000025,28.500999999999998,-0.08221350465497901
0.41100000000000025,29.000999999999998,-0.09357392445867746
0.41100000000000025,29.500999999999998,-0.11311333762837839
0.41100000000000025,30.000999999999998,-0.21385682024145328
0.41100000000000025,30.500999999999998,-0.10379574052427842
0.41100000000000025,31.000999999999998,-0.08278017870757697
0.41100000000000025,31.500999999999998,-0.07007293008142643
0.41100000000000025,32.001,-0.06091273493092512
0.41100000000000025,32.501,-0.0537544785314652
0.41100000000000025,33.001,-0.04789318064926322
0.41100000000000025,33.501,-0.04294526664562955
0.41100000000000025,34.001,-0.03867774180945562
0.41100000000000025,34.501,-0.0349379034422927
0.41100000000000025,35.001,-0.03161992971513698
0.41100000000000025,35.501,-0.028647284251907917
0.41100000000000025,36.001,-0.025962708185546197
0.41100000000000025,36.501,-0.023522174700453438
0.41100000000000025,37.001,-0.02129105588832553
0.41100000000000025,37.501,-0.019241593399673303
0.41100000000000025,38.001,-0.017351172634114058
0.41100000000000025,38.501,-0.015601111179087452
0.41100000000000025,39.001,-0.013975787129415296
0.41100000000000025,39.501,-0.012461998389201137
0.41600000000000026,0.001,-1.2561542522089602
0.41600000000000026,0.501,-1.914976011273015
0.41600000000000026,1.001,-0.5974463932304891
0.41600000000000026,1.501,-0.2674327884617621
0.41600000000000026,2.001,-0.13681812418134398
0.41600000000000026,2.501,-0.07367241861804419
0.41600000000000026,3.001,-0.039621312404192005
0.41600000000000026,3.501,-0.02005386020583763
0.41600000000000026,4.0009999999999994,-0.008414859750920628
0.41600000000000026,4.5009999999999994,-0.0014167055046147015
0.41600000000000026,5.0009999999999994,0.0027279936120924997
0.41600000000000026,5.5009999999999994,0.005052131527035819
0.41600000000000026,6.0009999999999994,0.0061816390606964505
0.41600000000000026,6.5009999999999994,0.006510426114184897
0.41600000000000026,7.0009999999999994,0.006294039173333377
0.41600000000000026,7.5009999999999994,0.005702392444864923
0.41600000000000026,8.001,0.004850728288836287
0.41600000000000026,8.501,0.003818450756846635
0.41600000000000026,9.001,0.002660934221504707
0.41600000000000026,9.501,0.0014171230272137653
0.41600000000000026,10.001,0.00011453427331921395
0.41600000000000026,10.501,-0.0012273834042421106
0.41600000000000026,11.001,-0.0025949558070676518
0.41600000000000026,11.501,-0.003978692919361135
0.41600000000000026,12.001,-0.005372172429305553
0.41600000000000026,12.501,-0.006771247572031194
0.41600000000000026,13.001,-0.00817348045487222
0.41600000000000026,13.501,-0.009577734475792014
0.41600000000000026,14.001,-0.010983880637186805
0.41600000000000026,14.501,-0.012392586638503636
0.41600000000000026,15.001,-0.013805167147532462
0.41600000000000026,15.501,-0.0152234801945208
0.41600000000000026,16.000999999999998,-0.016649859221369495
0.41600000000000026,16.500999999999998,-0.018087073611953004
0.41600000000000026,17.000999999999998,-0.01953831297019115
0.41600000000000026,17.500999999999998,-0.02100719230423489
0.41600000000000026,18.000999999999998,-0.022497776837930666
0.41600000000000026,18.500999999999998,-0.024014626576942477
0.41600000000000026,19.000999999999998,-0.025562862157491775
0.41600000000000026,19.500999999999998,-0.027148255053899263
0.41600000000000026,20.000999999999998,-0.028777347097210575
0.41600000000000026,20.500999999999998,-0.030457606700335045
0.41600000000000026,21.000999999999998,-0.032197632540980986
0.41600000000000026,21.500999999999998,-0.03400742025126043
0.41600000000000026,22.000999999999998,-0.03589871474592108
0.41600000000000026,22.500999999999998,-0.037885481582487
0.41600000000000026,23.000999999999998,-0.03998454755993068
0.41600000000000026,23.500999999999998,-0.04221648781065937
0.41600000000000026,24.000999999999998,-0.044606881565609685
0.41600000000000026,24.500999999999998,-0.04718813611401079
0.41600000000000026,25.000999999999998,-0.05000221721530286
0.41600000000000026,25.500999999999998,-0.053104885292777265
0.41600000000000026,26.000999999999998,-0.05657255670399261
0.41600000000000026,26.500999999999998,-0.060514018429203516
0.41600000000000026,27.000999999999998,-0.06509179916442476
0.41600000000000026,27.500999999999998,-0.07056465829899536
0.41600000000000026,28.000999999999998,-0.07738253189049409
0.41600000000000026,28.500999999999998,-0.08643799076961976
0.41600000000000026,29.000999999999998,-0.09994507851385216
0.41600000000000026,29.500999999999998,-0.12699326115117057
0.41600000000000026,30.000999999999998,-0.13299307097516191
0.41600000000000026,30.500999999999998,-0.0949568570212149
0.41600000000000026,31.000999999999998,-0.07796225978485552
0.41600000000000026,31.500999999999998,-0.06677369208435938
0.41600000000000026,32.001,-0.058413976939324784
0.41600000000000026,32.501,-0.05175037314995535
0.41600000000000026,33.001,-0.04622503155755861
0.41600000000000026,33.501,-0.04152010452074692
0.41600000000000026,34.001,-0.037436410600327166
0.41600000000000026,34.501,-0.03384043033743077
0.41600000000000026,35.001,-0.03063803929107953
0.41600000000000026,35.501,-0.027760241149574767
0.41600000000000026,36.001,-0.02515485664343964
0.41600000000000026,36.501,-0.022781406253842874
0.41600000000000026,37.001,-0.020607814409551367
0.41600000000000026,37.501,-0.018608206114225378
0.41600000000000026,38.001,-0.016761386804678823
0.41600000000000026,38.501,-0.01504976496365845
0.41600000000000026,39.001,-0.013458570533195498
0.41600000000000026,39.501,-0.011975276251780036
0.42100000000000026,0.001,-1.2662245211173209
0.42100000000000026,0.501,-1.9093776670795939
0.42100000000000026,1.001,-0.5951729939142478
0.42100000000000026,1.501,-0.26628115394281865
0.42100000000000026,2.001,-0.13622170388725824
0.42100000000000026,2.501,-0.07340193368385026
0.42100000000000026,3.001,-0.03956177233951019
0.42100000000000026,3.501,-0.02013976643547901
0.42100000000000026,4.0009999999999994,-0.00860562421228847
0.42100000000000026,4.5009999999999994,-0.0016856333948222502
0.42100000000000026,5.0009999999999994,0.002399246773801267
0.42100000000000026,5.5009999999999994,0.004676596975656852
0.42100000000000026,6.0009999999999994,0.00576881182093561
0.42100000000000026,6.5009999999999994,0.006067360401693547
0.42100000000000026,7.0009999999999994,0.005826052793263314
0.42100000000000026,7.5009999999999994,0.005213535833710065
0.42100000000000026,8.001,0.004344106054643124
0.42100000000000026,8.501,0.0032964475454698577
0.42100000000000026,9.001,0.002125376652861055
0.42100000000000026,9.501,0.0008693977818650667
0.42100000000000026,10.001,-0.0004443246091670912
0.42100000000000026,10.501,-0.0017966293116678245
0.42100000000000026,11.001,-0.0031740805046632514
0.42100000000000026,11.501,-0.004567389564516466
0.42100000000000026,12.001,-0.005970307773522421
0.42100000000000026,12.501,-0.007378841310450093
0.42100000000000026,13.001,-0.008790690271663848
0.42100000000000026,13.501,-0.010204845756784677
0.42100000000000026,14.001,-0.011621300134595877
0.42100000000000026,14.501,-0.01304083961359103
0.42100000000000026,15.001,-0.014464897711245404
0.42100000000000026,15.501,-0.015895454732501327
0.42100000000000026,16.000999999999998,-0.017334972943035862
0.42100000000000026,16.500999999999998,-0.018786360416562273
0.42100000000000026,17.000999999999998,-0.020252958988641583
0.42100000000000026,17.500999999999998,-0.021738553667879815
0.42100000000000026,18.000999999999998,-0.02324740246226971
0.42100000000000026,18.500999999999998,-0.02478428705170803
0.42100000000000026,19.000999999999998,-0.026354586237579816
0.42100000000000026,19.500999999999998,-0.02796437579461282
0.42100000000000026,20.000999999999998,-0.029620560442229923
0.42100000000000026,20.500999999999998,-0.03133104641869706
0.42100000000000026,21.000999999999998,-0.033104966987616585
0.42100000000000026,21.500999999999998,-0.034952978762887756
0.42100000000000026,22.000999999999998,-0.03688765502177807
0.42100000000000026,22.500999999999998,-0.03892401488319222
0.42100000000000026,23.000999999999998,-0.04108024728575525
0.42100000000000026,23.500999999999998,-0.04337872132989614
0.42100000000000026,24.000999999999998,-0.04584742942669935
0.42100000000000026,24.500999999999998,-0.04852210553580572
0.42100000000000026,25.000999999999998,-0.051449435570180085
0.42100000000000026,25.500999999999998,-0.05469211247445359
0.42100000000000026,26.000999999999998,-0.0583371724098392
0.42100000000000026,26.500999999999998,-0.06251054981954791
0.42100000000000026,27.000999999999998,-0.06740440314494686
0.42100000000000026,27.500999999999998,-0.07333356294426366
0.42100000000000026,28.000999999999998,-0.08086868656788161
0.42100000000000026,28.500999999999998,-0.09121976857000039
0.42100000000000026,29.000999999999998,-0.1078017019955346
0.42100000000000026,29.500999999999998,-0.15295324966705695
0.42100000000000026,30.000999999999998,-0.11422972796276688
0.42100000000000026,30.500999999999998,-0.08823016048484056
0.42100000000000026,31.000999999999998,-0.07386368506476787
0.42100000000000026,31.500999999999998,-0.06383853863153087
0.42100000000000026,32.001,-0.056136355830591164
0.42100000000000026,32.501,-0.04989555717338989
0.42100000000000026,33.001,-0.04466488440037457
0.42100000000000026,33.501,-0.04017698384941242
0.42100000000000026,34.001,-0.03625970487590962
0.42100000000000026,34.501,-0.032795312945527344
0.42100000000000026,35.001,-0.02969952291368315
0.42100000000000026,35.501,-0.026909791737900802
0.42100000000000026,36.001,-0.024378349011616653
0.42100000000000026,36.501,-0.02206783000778953
0.42100000000000026,37.001,-0.019948422240181934
0.42100000000000026,37.501,-0.01799593455685067
0.42100000000000026,38.001,-0.01619045113513055
0.42100000000000026,38.501,-0.014515368963282465
0.42100000000000026,39.001,-0.012956694130766359
0.42100000000000026,39.501,-0.011502517243387007
0.42600000000000027,0.001,-1.2762353818929781
0.42600000000000027,0.501,-1.9039041740647777
0.42600000000000027,1.001,-0.5929648891716167
0.42600000000000027,1.501,-0.2651738139527871
0.42600000000000027,2.001,-0.13565864824571428
0.42600000000000027,2.501,-0.07315803603846138
0.42600000000000027,3.001,-0.03952417301495764
0.42600000000000027,3.501,-0.02024421446222341
0.42600000000000027,4.0009999999999994,-0.008812330217394172
0.42600000000000027,4.5009999999999994,-0.0019684480972509133
0.42600000000000027,5.0009999999999994,0.0020582764248526786
0.42600000000000027,5.5009999999999994,0.00429021022842503
0.42600000000000027,6.0009999999999994,0.005346278933063248
0.42600000000000027,6.5009999999999994,0.0056155579942796935
0.42600000000000027,7.0009999999999994,0.005350155212403673
0.42600000000000027,7.5009999999999994,0.004717475389994272
0.42600000000000027,8.001,0.003830888423991402
0.42600000000000027,8.501,0.002768373228410559
0.42600000000000027,9.001,0.001584199663789268
0.42600000000000027,9.501,0.0003164412844172959
0.42600000000000027,10.001,-0.001008082897962892
0.42600000000000027,10.501,-0.002370493406055621
0.42600000000000027,11.001,-0.003757588314191651
0.42600000000000027,11.501,-0.005160276917965313
0.42600000000000027,12.001,-0.006572481483713307
0.42600000000000027,12.501,-0.007990359284749893
0.42600000000000027,13.001,-0.00941174725181955
0.42600000000000027,13.501,-0.01083576368906114
0.42600000000000027,14.001,-0.012262522481482449
0.42600000000000027,14.501,-0.013692929158196507
0.42600000000000027,15.001,-0.015128537600448022
0.42600000000000027,15.501,-0.016571452673860343
0.42600000000000027,16.000999999999998,-0.018024268628512877
0.42600000000000027,16.500999999999998,-0.019490036406620323
0.42600000000000027,17.000999999999998,-0.020972255466817684
0.42600000000000027,17.500999999999998,-0.022474887683788594
0.42600000000000027,18.000999999999998,-0.024002392539419673
0.42600000000000027,18.500999999999998,-0.025559784371416122
0.42600000000000027,19.000999999999998,-0.027152714058323986
0.42600000000000027,19.500999999999998,-0.028787579381074922
0.42600000000000027,20.000999999999998,-0.030471670640991218
0.42600000000000027,20.500999999999998,-0.032213361252862026
0.42600000000000027,21.000999999999998,-0.034022357447666726
0.42600000000000027,21.500999999999998,-0.0359100276645875
0.42600000000000027,22.000999999999998,-0.03788984191299777
0.42600000000000027,22.500999999999998,-0.039977966413102445
0.42600000000000027,23.000999999999998,-0.042194082792637956
0.42600000000000027,23.500999999999998,-0.044562540560091936
0.42600000000000027,24.000999999999998,-0.047114018779149856
0.42600000000000027,24.500999999999998,-0.04988799199573623
0.42600000000000027,25.000999999999998,-0.052936516545304776
0.42600000000000027,25.500999999999998,-0.05633028644086357
0.42600000000000027,26.000999999999998,-0.06016881332073987
0.42600000000000027,26.500999999999998,-0.06459863432941583
0.42600000000000027,27.000999999999998,-0.06984858261176664
0.42600000000000027,27.500999999999998,-0.07630581392943891
0.42600000000000027,28.000999999999998,-0.08470658614504503
0.42600000000000027,28.500999999999998,-0.09674395014516138
0.42600000000000027,29.000999999999998,-0.11812803083679013
0.42600000000000027,29.500999999999998,-0.1695539879259864
0.42600000000000027,30.000999999999998,-0.10296079811591494
0.42600000000000027,30.500999999999998,-0.08280216065991856
0.42600000000000027,31.000999999999998,-0.07029989909298766
0.42600000000000027,31.500999999999998,-0.06119666109453076
0.42600000000000027,32.001,-0.054044967513502275
0.42600000000000027,32.501,-0.048170077941903165
0.42600000000000027,33.001,-0.043200157553685795
0.42600000000000027,33.501,-0.038907397132888204
0.42600000000000027,34.001,-0.03514156339457731
0.42600000000000027,34.501,-0.031798054073372196
0.42600000000000027,35.001,-0.028800933939352128
0.42600000000000027,35.501,-0.026093223635476236
0.42600000000000027,36.001,-0.023631003189397447
0.42600000000000027,36.501,-0.021379657479483283
0.42600000000000027,37.001,-0.01931138996615905
0.42600000000000027,37.501,-0.017403521149696722
0.42600000000000027,38.001,-0.01563729092853289
0.42600000000000027,38.501,-0.013996994969630534
0.42600000000000027,39.001,-0.012469348651517513
0.42600000000000027,39.501,-0.011043009833571343
0.43100000000000027,0.001,-1.286187530376125
0.43100000000000027,0.501,-1.8985527202874888
0.43100000000000027,1.001,-0.5908206043077551
0.43100000000000027,1.501,-0.2641097611380891
0.43100000000000027,2.001,-0.1351281909600912
0.43100000000000027,2.501,-0.07294010772609205
0.43100000000000027,3.001,-0.03950799767675142
0.43100000000000027,3.501,-0.02036676146383931
0.43100000000000027,4.0009999999999994,-0.009034591667830855
0.43100000000000027,4.5009999999999994,-0.0022648086749605945
0.43100000000000027,5.0009999999999994,0.0017053864903915066
0.43100000000000027,5.5009999999999994,0.003893244163785531
0.43100000000000027,6.0009999999999994,0.004914286730061973
0.43100000000000027,6.5009999999999994,0.005155242162008383
0.43100000000000027,7.0009999999999994,0.0048665493882147914
0.43100000000000027,7.5009999999999994,0.00421439596730111
0.43100000000000027,8.001,0.0033112439441074504
0.43100000000000027,8.501,0.0022343815240234155
0.43100000000000027,9.001,0.0010375433660548827
0.43100000000000027,9.501,-0.00024161894622817814
0.43100000000000027,10.001,-0.0015766248281747983
0.43100000000000027,10.501,-0.0029488709883262187
0.43100000000000027,11.001,-0.004345385047865982
0.43100000000000027,11.501,-0.005757270871086344
0.43100000000000027,12.001,-0.007178619214175161
0.43100000000000027,12.501,-0.008605736709504763
0.43100000000000027,13.001,-0.010036596082888476
0.43100000000000027,13.501,-0.011470442467008929
0.43100000000000027,14.001,-0.012907511544389377
0.43100000000000027,14.501,-0.01434882912319698
0.43100000000000027,15.001,-0.01579607113095155
0.43100000000000027,15.501,-0.017251469477605433
0.43100000000000027,16.000999999999998,-0.0187177537949577
0.43100000000000027,16.500999999999998,-0.020198122360887305
0.43100000000000027,17.000999999999998,-0.021696238005823765
0.43100000000000027,17.500999999999998,-0.023216246785102965
0.43100000000000027,18.000999999999998,-0.024762818916165948
0.43100000000000027,18.500999999999998,-0.026341213116405235
0.43100000000000027,19.000999999999998,-0.02795736721934669
0.43100000000000027,19.500999999999998,-0.029618019998665923
0.43100000000000027,20.000999999999998,-0.03133087175378769
0.43100000000000027,20.500999999999998,-0.03310479477971979
0.43100000000000027,21.000999999999998,-0.034950109922161625
0.43100000000000027,21.500999999999998,-0.03687895290524437
0.43100000000000027,22.000999999999998,-0.03890576549642933
0.43100000000000027,22.500999999999998,-0.04104796437275846
0.43100000000000027,23.000999999999998,-0.04332686924622883
0.43100000000000027,23.500999999999998,-0.045769019587299016
0.43100000000000027,24.000999999999998,-0.04840809179919213
0.43100000000000027,24.500999999999998,-0.05128777724920436
0.43100000000000027,25.000999999999998,-0.054466262318055875
0.43100000000000027,25.500999999999998,-0.0580235136915225
0.43100000000000027,26.000999999999998,-0.06207377854271844
0.43100000000000027,26.500999999999998,-0.06678853218599473
0.43100000000000027,27.000999999999998,-0.0724424816632065
0.43100000000000027,27.500999999999998,-0.07951756346477142
0.43100000000000027,28.000999999999998,-0.08898326901098177
0.43100000000000027,28.500999999999998,-0.10330756657558635
0.43100000000000027,29.000999999999998,-0.1334261149490537
0.43100000000000027,29.500999999999998,-0.12982518437000853
0.43100000000000027,30.000999999999998,-0.09487707131218331
0.43100000000000027,30.500999999999998,-0.07825504938884678
0.43100000000000027,31.000999999999998,-0.06714944082766426
0.43100000000000027,31.500999999999998,-0.05879609011122792
0.43100000000000027,32.001,-0.052112560749233414
0.43100000000000027,32.501,-0.04655772340454422
0.43100000000000027,33.001,-0.04182033896369862
0.43100000000000027,33.501,-0.03770408835986175
0.43100000000000027,34.001,-0.0340767340675876
0.43100000000000027,34.501,-0.030844707709943627
0.43100000000000027,35.001,-0.027939217216355398
0.43100000000000027,35.501,-0.025308112220555075
0.43100000000000027,36.001,-0.02291085471979652
0.43100000000000027,36.501,-0.020715268828009552
0.43100000000000027,37.001,-0.0186953615830321
0.43100000000000027,37.501,-0.01682981576525345
0.43100000000000027,38.001,-0.015100919399965062
0.43100000000000027,38.501,-0.013493787703465985
0.43100000000000027,39.001,-0.011995786072787624
0.43100000000000027,39.501,-0.01059609449775539
0.4360000000000003,0.001,-1.2960816462610847
0.4360000000000003,0.501,-1.8933205920653906
0.4360000000000003,1.001,-0.5887387163272554
0.4360000000000003,1.501,-0.2630880235991441
0.4360000000000003,2.001,-0.13462959283015857
0.4360000000000003,2.501,-0.07274755276653375
0.4360000000000003,3.001,-0.03951274807508676
0.4360000000000003,3.501,-0.02050698060680528
0.4360000000000003,4.0009999999999994,-0.009272036543261225
0.4360000000000003,4.5009999999999994,-0.0025743867652009145
0.4360000000000003,5.0009999999999994,0.001340869538462769
0.4360000000000003,5.5009999999999994,0.0034859613103488257
0.4360000000000003,6.0009999999999994,0.004473072044154883
0.4360000000000003,6.5009999999999994,0.004686627400898924
0.4360000000000003,7.0009999999999994,0.004375430134056946
0.4360000000000003,7.5009999999999994,0.003704474826977531
0.4360000000000003,8.001,0.0027853340576583785
0.4360000000000003,8.501,0.0016946194800532
0.4360000000000003,9.001,0.00048554158898179815
0.4360000000000003,9.501,-0.0008046613251795898
0.4360000000000003,10.001,-0.0021498402556388296
0.4360000000000003,10.501,-0.0035316626985978927
0.4360000000000003,11.001,-0.0049373816048820796
0.4360000000000003,11.501,-0.006358292177772387
0.4360000000000003,12.001,-0.007788651284218073
0.4360000000000003,12.501,-0.009224913293751844
0.4360000000000003,13.001,-0.010665185804091528
0.4360000000000003,13.501,-0.012108840523367373
0.4360000000000003,14.001,-0.01355623534713108
0.4360000000000003,14.501,-0.015008517471956712
0.4360000000000003,15.001,-0.016467486728269892
0.4360000000000003,15.501,-0.017935504759457946
0.4360000000000003,16.000999999999998,-0.019415440223635148
0.4360000000000003,16.500999999999998,-0.020910643504338626
0.4360000000000003,17.000999999999998,-0.022424946929222908
0.4360000000000003,17.500999999999998,-0.023962688524269776
0.4360000000000003,18.000999999999998,-0.02552875911238882
0.4360000000000003,18.500999999999998,-0.027128674301208883
0.4360000000000003,19.000999999999998,-0.028768674793487256
0.4360000000000003,19.500999999999998,-0.03045586072320406
0.4360000000000003,20.000999999999998,-0.03219836867127668
0.4360000000000003,20.500999999999998,-0.03400560408086477
0.4360000000000003,21.000999999999998,-0.03588854764151213
0.4360000000000003,21.500999999999998,-0.03786016291941664
0.4360000000000003,22.000999999999998,-0.03993594587303147
0.4360000000000003,22.500999999999998,-0.042134678009072224
0.4360000000000003,23.000999999999998,-0.04447947934756774
0.4360000000000003,23.500999999999998,-0.04699931537633893
0.4360000000000003,24.000999999999998,-0.04973121376520332
0.4360000000000003,24.500999999999998,-0.05272363249674211
0.4360000000000003,25.000999999999998,-0.056041779164298415
0.4360000000000003,25.500999999999998,-0.05977641473825933
0.4360000000000003,26.000999999999998,-0.06405929464410501
0.4360000000000003,26.500999999999998,-0.06909232697219483
0.4360000000000003,27.000999999999998,-0.07520827887329169
0.4360000000000003,27.500999999999998,-0.08301558844543908
0.4360000000000003,28.000999999999998,-0.09382293272800268
0.4360000000000003,28.500999999999998,-0.11143392995451863
0.4360000000000003,29.000999999999998,-0.16489647685835468
0.4360000000000003,29.500999999999998,-0.11364116130428396
0.4360000000000003,30.000999999999998,-0.0885721879276533
0.4360000000000003,30.500999999999998,-0.07434528730979142
0.4360000000000003,31.000999999999998,-0.06432807182420112
0.4360000000000003,31.500999999999998,-0.05659754717668593
0.4360000000000003,32.001,-0.050317450005595746
0.4360000000000003,32.501,-0.04504514154176111
0.4360000000000003,33.001,-0.040516555775230306
0.4360000000000003,33.501,-0.03656081909023536
0.4360000000000003,34.001,-0.03306063617723827
0.4360000000000003,34.501,-0.029931792595992778
0.4360000000000003,35.001,-0.027111652051284803
0.4360000000000003,35.501,-0.02455228139762581
0.4360000000000003,36.001,-0.022216128846228728
0.4360000000000003,36.501,-0.020073192356971106
0.4360000000000003,37.001,-0.018099099075234694
0.4360000000000003,37.501,-0.016273763867576053
0.4360000000000003,38.001,-0.014580428380127295
0.4360000000000003,38.501,-0.013004957402437137
0.4360000000000003,39.001,-0.011535313620327397
0.4360000000000003,39.501,-0.0101611587953277
0.4410000000000003,0.001,-1.3059183936519823
0.4410000000000003,0.501,-1.8882051695016946
0.4410000000000003,1.001,-0.5867178515798663
0.4410000000000003,1.501,-0.26210766327510077
0.4410000000000003,2.001,-0.13416214051697606
0.4410000000000003,2.501,-0.07257979615296262
0.4410000000000003,3.001,-0.03953794361986704
0.4410000000000003,3.501,-0.020664460316413835
0.4410000000000003,4.0009999999999994,-0.009524306258334198
0.4410000000000003,4.5009999999999994,-0.0028968660045621784
0.4410000000000003,5.0009999999999994,0.0009650072997333115
0.4410000000000003,5.5009999999999994,0.0030686143210972294
0.4410000000000003,6.0009999999999994,0.004022862642712205
0.4410000000000003,6.5009999999999994,0.00420991983610472
0.4410000000000003,7.0009999999999994,0.003876984494027791
0.4410000000000003,7.5009999999999994,0.0031878819881239195
0.4410000000000003,8.001,0.002253313430713638
0.4410000000000003,8.501,0.0011492277818680452
0.4410000000000003,9.001,-0.00007167783015310514
0.4410000000000003,9.501,-0.0013725699274367287
0.4410000000000003,10.001,-0.0027276243977943787
0.4410000000000003,10.501,-0.004118774270993997
0.4410000000000003,11.001,-0.005533493739315096
0.4410000000000003,11.501,-0.006963266234745608
0.4410000000000003,12.001,-0.008402512470398277
0.4410000000000003,12.501,-0.009847833044832888
0.4410000000000003,13.001,-0.011297469621641493
0.4410000000000003,13.501,-0.012750920356105894
0.4410000000000003,14.001,-0.014208665909559045
0.4410000000000003,14.501,-0.015671976131633722
0.4410000000000003,15.001,-0.017142776792497066
0.4410000000000003,15.501,-0.0186235621718715
0.4410000000000003,16.000999999999998,-0.02011734385735702
0.4410000000000003,16.500999999999998,-0.021627629426272527
0.4410000000000003,17.000999999999998,-0.02315842722642361
0.4410000000000003,17.500999999999998,-0.024714275548248635
0.4410000000000003,18.000999999999998,-0.02630029633741337
0.4410000000000003,18.500999999999998,-0.027922275445440008
0.4410000000000003,19.000999999999998,-0.029586773471657064
0.4410000000000003,19.500999999999998,-0.031301273768336246
0.4410000000000003,20.000999999999998,-0.033074377507025354
0.4410000000000003,20.500999999999998,-0.03491606034495105
0.4410000000000003,21.000999999999998,-0.036838011977689725
0.4410000000000003,21.500999999999998,-0.03885409000751021
0.4410000000000003,22.000999999999998,-0.040980935272440185
0.4410000000000003,22.500999999999998,-0.04323882087194597
0.4410000000000003,23.000999999999998,-0.045652848478741626
0.4410000000000003,23.500999999999998,-0.04825467612455424
0.4410000000000003,24.000999999999998,-0.051085087087447564
0.4410000000000003,24.500999999999998,-0.05419794295683403
0.4410000000000003,25.000999999999998,-0.057666522803247154
0.4410000000000003,25.500999999999998,-0.06159421347159434
0.4410000000000003,26.000999999999998,-0.06613370738602369
0.4410000000000003,26.500999999999998,-0.07152438634148942
0.4410000000000003,27.000999999999998,-0.07817348490332904
0.4410000000000003,27.500999999999998,-0.0868619318090913
0.4410000000000003,28.000999999999998,-0.09941178933650793
0.4410000000000003,28.500999999999998,-0.12218616885307822
0.4410000000000003,29.000999999999998,-0.16133198174209565
0.4410000000000003,29.500999999999998,-0.10326906916898303
0.4410000000000003,30.000999999999998,-0.08340630173272727
0.4410000000000003,30.500999999999998,-0.07091830878622334
0.4410000000000003,31.000999999999998,-0.06177495041975931
0.4410000000000003,31.500999999999998,-0.05457061820805584
0.4410000000000003,32.001,-0.04864209512379648
0.4410000000000003,32.501,-0.04362120471312663
0.4410000000000003,33.001,-0.03928125036960494
0.4410000000000003,33.501,-0.03547218677274488
0.4410000000000003,34.001,-0.03208925073005879
0.4410000000000003,34.501,-0.029056222095857114
0.4410000000000003,35.001,-0.026315805194508397
0.4410000000000003,35.501,-0.023823770827464296
0.4410000000000003,36.001,-0.02154521691181878
0.4410000000000003,36.501,-0.019452087037199407
0.4410000000000003,37.001,-0.01752146915892239
0.4410000000000003,37.501,-0.015734396243911503
0.4410000000000003,38.001,-0.014074980214698435
0.4410000000000003,38.501,-0.012529773325998382
0.4410000000000003,39.001,-0.011087288484760734
0.4410000000000003,39.501,-0.009737633015644839
0.4460000000000003,0.001,-1.3156984215932281
0.4460000000000003,0.501,-1.8832039222638115
0.4460000000000003,1.001,-0.5847566835387881
0.4460000000000003,1.501,-0.26116777441956307
0.4460000000000003,2.001,-0.13372514537739041
0.4460000000000003,2.501,-0.07243628290631066
0.4460000000000003,3.001,-0.039583120584103404
0.4460000000000003,3.501,-0.02083880358811241
0.4460000000000003,4.0009999999999994,-0.009791055055946574
0.4460000000000003,4.5009999999999994,-0.003231941486655593
0.4460000000000003,5.0009999999999994,0.0005780711577806075
0.4460000000000003,5.5009999999999994,0.002641446420693777
0.4460000000000003,6.0009999999999994,0.0035638776394040506
0.4460000000000003,6.5009999999999994,0.0037253176021713463
0.4460000000000003,7.0009999999999994,0.003371392096442022
0.4460000000000003,7.5009999999999994,0.00266478055759118
0.4460000000000003,8.001,0.0017153302619139638
0.4460000000000003,8.501,0.0005983410429680064
0.4460000000000003,9.001,-0.0006339927725007855
0.4460000000000003,9.501,-0.0019452342296997494
0.4460000000000003,10.001,-0.0033098775897182076
0.4460000000000003,10.501,-0.004710116302928877
0.4460000000000003,11.001,-0.0061336418418608644
0.4460000000000003,11.501,-0.007572122875149807
0.4460000000000003,12.001,-0.009020141811526994
0.4460000000000003,12.501,-0.010474444084551546
0.4460000000000003,13.001,-0.011933404735973763
0.4460000000000003,13.501,-0.013396648366869782
0.4460000000000003,14.001,-0.01486477909762772
0.4460000000000003,14.501,-0.016339190855575253
0.4460000000000003,15.001,-0.017821937574181587
0.4460000000000003,15.501,-0.01931564929507553
0.4460000000000003,16.000999999999998,-0.02082348470913782
0.4460000000000003,16.500999999999998,-0.022349114010065008
0.4460000000000003,17.000999999999998,-0.02389672850847746
0.4460000000000003,17.500999999999998,-0.025471075587381264
0.4460000000000003,18.000999999999998,-0.027077519521994234
0.4460000000000003,18.500999999999998,-0.028722130663368768
0.4460000000000003,19.000999999999998,-0.030411807731107708
0.4460000000000003,19.500999999999998,-0.032154440763663646
0.4460000000000003,20.000999999999998,-0.03395912603224287
0.4460000000000003,20.500999999999998,-0.03583644953044317
0.4460000000000003,21.000999999999998,-0.03779886344628381
0.4460000000000003,21.500999999999998,-0.03986119185458724
0.4460000000000003,22.000999999999998,-0.04204132037897326
0.4460000000000003,22.500999999999998,-0.04436115443724663
0.4460000000000003,23.000999999999998,-0.04684798047761445
0.4460000000000003,23.500999999999998,-0.04953645074097295
0.4460000000000003,24.000999999999998,-0.052471567447974404
0.4460000000000003,24.500999999999998,-0.055713336620621695
0.4460000000000003,25.000999999999998,-0.0593443526059905
0.4460000000000003,25.500999999999998,-0.06348284695853038
0.4460000000000003,26.000999999999998,-0.06830672593391916
0.4460000000000003,26.500999999999998,-0.07410197864671209
0.4460000000000003,27.000999999999998,-0.08137280955723536
0.4460000000000003,27.500999999999998,-0.0911414019525817
0.4460000000000003,28.000999999999998,-0.10604805875453335
0.4460000000000003,28.500999999999998,-0.13833693523105026
0.4460000000000003,29.000999999999998,-0.1295016950045905
0.4460000000000003,29.500999999999998,-0.09561944775594303
0.4460000000000003,30.000999999999998,-0.07903329883196937
0.4460000000000003,30.500999999999998,-0.0678698009159919
0.4460000000000003,31.000999999999998,-0.059444687993832734
0.4460000000000003,31.500999999999998,-0.05269126975004087
0.4460000000000003,32.001,-0.047072107303209
0.4460000000000003,32.501,-0.04227654143231459
0.4460000000000003,33.001,-0.03810793270911993
0.4460000000000003,33.501,-0.03443348189125081
0.4460000000000003,34.001,-0.0311590323187305
0.4460000000000003,34.501,-0.028215246814811582
0.4460000000000003,35.001,-0.02554949180395768
0.4460000000000003,35.501,-0.023120808383570404
0.4460000000000003,36.001,-0.020896656315926947
0.4460000000000003,36.501,-0.018850727530948765
0.4460000000000003,37.001,-0.016961431834151806
0.4460000000000003,37.501,-0.015210820077546178
0.4460000000000003,38.001,-0.013583800679582224
0.4460000000000003,38.501,-0.012067558044642377
0.4460000000000003,39.001,-0.010651113153942925
0.4460000000000003,39.501,-0.009324986315116397
0.4510000000000003,0.001,-1.325422364576188
0.4510000000000003,0.501,-1.878314405596962
0.4510000000000003,1.001,-0.582853930702733
0.4510000000000003,1.501,-0.26026748216126117
0.4510000000000003,2.001,-0.13331794236356048
0.4510000000000003,2.501,-0.07231647718239909
0.4510000000000003,3.001,-0.039647831351801555
0.4510000000000003,3.501,-0.0210296273373302
0.4510000000000003,4.0009999999999994,-0.01007194943445866
0.4510000000000003,4.5009999999999994,-0.0035793192501343968
0.4510000000000003,5.0009999999999994,0.00018032261192246768
0.4510000000000003,5.5009999999999994,0.002204691827707439
0.4510000000000003,6.0009999999999994,0.0030963278822638274
0.4510000000000003,6.5009999999999994,0.003233011201894259
0.4510000000000003,7.0009999999999994,0.0028588254873853636
0.4510000000000003,7.5009999999999994,0.002135327041322299
0.4510000000000003,8.001,0.0011715265741050473
0.4510000000000003,8.501,0.000042088078943625096
0.4510000000000003,9.001,-0.0012012865796822078
0.4510000000000003,9.501,-0.002522548867046559
0.4510000000000003,10.001,-0.0038965050543190716
0.4510000000000003,10.501,-0.00530560403789623
0.4510000000000003,11.001,-0.006737750734502855
0.4510000000000003,11.501,-0.008184796174542638
0.4510000000000003,12.001,-0.009641482425601824
0.4510000000000003,12.501,-0.011104698476831883
0.4510000000000003,13.001,-0.012572952180118488
0.4510000000000003,13.501,-0.014045994710262535
0.4510000000000003,14.001,-0.015524554484043315
0.4510000000000003,14.501,-0.017010151096145232
0.4510000000000003,15.001,-0.018504969060564466
0.4510000000000003,15.501,-0.020011777538551934
0.4510000000000003,16.000999999999998,-0.021533886781532827
0.4510000000000003,16.500999999999998,-0.023075135374102676
0.4510000000000003,17.000999999999998,-0.02463990497591483
0.4510000000000003,17.500999999999998,-0.026233161457678636
0.4510000000000003,18.000999999999998,-0.027860523365876803
0.4510000000000003,18.500999999999998,-0.02952836077241091
0.4510000000000003,19.000999999999998,-0.031243930027765817
0.4510000000000003,19.500999999999998,-0.033015553064951735
0.4510000000000003,20.000999999999998,-0.03485285415523064
0.4510000000000003,20.500999999999998,-0.03676707309327065
0.4510000000000003,21.000999999999998,-0.03877148280636295
0.4510000000000003,21.500999999999998,-0.04088195320189651
0.4510000000000003,22.000999999999998,-0.04311772490453719
0.4510000000000003,22.500999999999998,-0.04550249214344253
0.4510000000000003,23.000999999999998,-0.04806595413269914
0.4510000000000003,23.500999999999998,-0.05084609963409841
0.4510000000000003,24.000999999999998,-0.053892682439401624
0.4510000000000003,24.500999999999998,-0.05727271806878651
0.4510000000000003,25.000999999999998,-0.061079596828849586
0.4510000000000003,25.500999999999998,-0.06544910154880877
0.4510000000000003,26.000999999999998,-0.07058973781355862
0.4510000000000003,26.500999999999998,-0.07684611353802027
0.4510000000000003,27.000999999999998,-0.0848509279080102
0.4510000000000003,27.500999999999998,-0.09597434843382424
0.4510000000000003,28.000999999999998,-0.11425567422657276
0.4510000000000003,28.500999999999998,-0.1733808147027934
0.4510000000000003,29.000999999999998,-0.1144992825760339
0.4510000000000003,29.500999999999998,-0.0895593496222661
0.4510000000000003,30.000999999999998,-0.07524445896059656
0.4510000000000003,30.500999999999998,-0.0651260095705995
0.4510000000000003,31.000999999999998,-0.05730251689742984
0.4510000000000003,31.500999999999998,-0.05094017907128809
0.4510000000000003,32.001,-0.04559553643014514
0.4510000000000003,32.501,-0.04100318526323736
0.4510000000000003,33.001,-0.036990988378325707
0.4510000000000003,33.501,-0.03344057438539004
0.4510000000000003,34.001,-0.030266837619094187
0.4510000000000003,34.501,-0.027406407279081568
0.4510000000000003,35.001,-0.024810742815696424
0.4510000000000003,35.501,-0.02244178686567376
0.4510000000000003,36.001,-0.020269113403395607
0.4510000000000003,36.501,-0.018267991299975316
0.4510000000000003,37.001,-0.016418030458020726
0.4510000000000003,37.501,-0.014702211157074895
0.4510000000000003,38.001,-0.01310617276297364
0.4510000000000003,38.501,-0.011617682402517877
0.4510000000000003,39.001,-0.010226231277082588
0.4510000000000003,39.501,-0.008922723280427517
0.4560000000000003,0.001,-1.3350908430234003
0.4560000000000003,0.501,-1.8735342565573252
0.4560000000000003,1.001,-0.5810083546134974
0.4560000000000003,1.501,-0.2594059411440598
0.4560000000000003,2.001,-0.13293988898314682
0.4560000000000003,2.501,-0.07221986142834624
0.4560000000000003,3.001,-0.03973164370737681
0.4560000000000003,3.501,-0.02123656178523481
0.4560000000000003,4.0009999999999994,-0.010366667606566626
0.4560000000000003,4.5009999999999994,-0.003938715795073544
0.4560000000000003,5.0009999999999994,-0.00022798628561437884
0.4560000000000003,5.5009999999999994,0.0017585761534162636
0.4560000000000003,6.0009999999999994,0.00262041632019816
0.4560000000000003,6.5009999999999994,0.0027331838452113455
0.4560000000000003,7.0009999999999994,0.002339450445655339
0.4560000000000003,7.5009999999999994,0.0015996716382797836
0.4560000000000003,8.001,0.0006220384896032938
0.4560000000000003,8.501,-0.000519407834002561
0.4560000000000003,9.001,-0.0017734478104537849
0.4560000000000003,9.501,-0.003104413403493711
0.4560000000000003,10.001,-0.004487416685739487
0.4560000000000003,10.501,-0.005905157160881622
0.4560000000000003,11.001,-0.007345749477258879
0.4560000000000003,11.501,-0.008801224268475252
0.4560000000000003,12.001,-0.010266481337892236
0.4560000000000003,12.501,-0.011738552066152631
0.4560000000000003,13.001,-0.013216076668504204
0.4560000000000003,13.501,-0.014698933153277388
0.4560000000000003,14.001,-0.016187975218860985
0.4560000000000003,14.501,-0.01768484988736392
0.4560000000000003,15.001,-0.019191874871607242
0.4560000000000003,15.501,-0.020711962052410143
0.4560000000000003,16.000999999999998,-0.02224857799617927
0.4560000000000003,16.500999999999998,-0.023805735823492352
0.4560000000000003,17.000999999999998,-0.025388015398302557
0.4560000000000003,17.500999999999998,-0.027000611076344327
0.4560000000000003,18.000999999999998,-0.028649408400947866
0.4560000000000003,18.500999999999998,-0.030341093420846208
0.4560000000000003,19.000999999999998,-0.032083301013438995
0.4560000000000003,19.500999999999998,-0.03388481209801775
0.4560000000000003,20.000999999999998,-0.03575581444842564
0.4560000000000003,20.500999999999998,-0.037708248784468566
0.4560000000000003,21.000999999999998,-0.039756272267119516
0.4560000000000003,21.500999999999998,-0.0419168876871372
0.4560000000000003,22.000999999999998,-0.04421081243763823
0.4560000000000003,22.500999999999998,-0.04666370389679681
0.4560000000000003,23.000999999999998,-0.049307930505380945
0.4560000000000003,23.500999999999998,-0.05218520702772759
0.4560000000000003,24.000999999999998,-0.055350653178027856
0.4560000000000003,24.500999999999998,-0.0588793084557426
0.4560000000000003,25.000999999999998,-0.06287713167504273
0.4560000000000003,25.500999999999998,-0.06750078324208372
0.4560000000000003,26.000999999999998,-0.0729962207603202
0.4560000000000003,26.500999999999998,-0.0797827120343868
0.4560000000000003,27.000999999999998,-0.08866672213226826
0.4560000000000003,27.500999999999998,-0.1015399228743589
0.4560000000000003,28.000999999999998,-0.12509423845250658
0.4560000000000003,28.500999999999998,-0.16108012024311796
0.4560000000000003,29.000999999999998,-0.10455679215236588
0.4560000000000003,29.500999999999998,-0.08454382851205042
0.4560000000000003,30.000999999999998,-0.07190408127444725
0.4560000000000003,30.500999999999998,-0.0626328449873101
0.4560000000000003,31.000999999999998,-0.05532121230368907
0.4560000000000003,31.500999999999998,-0.0493015775372616
0.4560000000000003,32.001,-0.044202349243649165
0.4560000000000003,32.501,-0.0397943073345429
0.4560000000000003,33.001,-0.035925527930099226
0.4560000000000003,33.501,-0.03248982242721333
0.4560000000000003,34.001,-0.029409866890554325
0.4560000000000003,34.501,-0.026627494632381586
0.4560000000000003,35.001,-0.024097777499480142
0.4560000000000003,35.501,-0.021785244204441893
0.4560000000000003,36.001,-0.019661368786284585
0.4560000000000003,36.501,-0.017702847459035984
0.4560000000000003,37.001,-0.01589038310264142
0.4560000000000003,37.501,-0.014207807052876909
0.4560000000000003,38.001,-0.012641431190075202
0.4560000000000003,38.501,-0.011179561060407002
0.4560000000000003,39.001,-0.009812123989588114
0.4560000000000003,39.501,-0.008530380862725624
0.4610000000000003,0.001,-1.344704463751495
0.4610000000000003,0.501,-1.8688611904502899
0.4610000000000003,1.001,-0.5792187579815754
0.4610000000000003,1.501,-0.25858233424109356
0.4610000000000003,2.001,-0.13259036431624127
0.4610000000000003,2.501,-0.07214593558503077
0.4610000000000003,3.001,-0.03983414016390066
0.4610000000000003,3.501,-0.021459249878080067
0.4610000000000003,4.0009999999999994,-0.010674898987804882
0.4610000000000003,4.5009999999999994,-0.0043098576258279175
0.4610000000000003,5.0009999999999994,-0.0006466125164756586
0.4610000000000003,5.5009999999999994,0.0013033167787170757
0.4610000000000003,6.0009999999999994,0.0021363383493315513
0.4610000000000003,6.5009999999999994,0.002226011769418945
0.4610000000000003,7.0009999999999994,0.0018134262803203988
0.4610000000000003,7.5009999999999994,0.0010579585180913037
0.4610000000000003,8.001,0.00006699649015623086
0.4610000000000003,8.501,-0.0010860287149787873
0.4610000000000003,9.001,-0.0023503700110313747
0.4610000000000003,9.501,-0.003690732115529942
0.4610000000000003,10.001,-0.0050825268451228645
0.4610000000000003,10.501,-0.006508699605564048
0.4610000000000003,11.001,-0.007957571186214506
0.4610000000000003,11.501,-0.00942134918091371
0.4610000000000003,12.001,-0.01089508931945496
0.4610000000000003,12.501,-0.012375964326046623
0.4610000000000003,13.001,-0.013862746455533231
0.4610000000000003,13.501,-0.015355440944259086
0.4610000000000003,14.001,-0.016855027909432496
0.4610000000000003,14.501,-0.0183632837368031
0.4610000000000003,15.001,-0.019882662165286953
0.4610000000000003,15.501,-0.021416221648190945
0.4610000000000003,16.000999999999998,-0.022967590133116125
0.4610000000000003,16.500999999999998,-0.024540961812181523
0.4610000000000003,17.000999999999998,-0.026141123105266485
0.4610000000000003,17.500999999999998,-0.02777350749041474
0.4610000000000003,18.000999999999998,-0.029444281070074692
0.4610000000000003,18.500999999999998,-0.0311604632352019
0.4610000000000003,19.000999999999998,-0.03293008977884452
0.4610000000000003,19.500999999999998,-0.034762429738099954
0.4610000000000003,20.000999999999998,-0.03666827272629302
0.4610000000000003,20.500999999999998,-0.03866031152355654
0.4610000000000003,21.000999999999998,-0.04075365681144935
0.4610000000000003,21.500999999999998,-0.042966539871691634
0.4610000000000003,22.000999999999998,-0.0453212896020676
0.4610000000000003,22.500999999999998,-0.04784572110898792
0.4610000000000003,23.000999999999998,-0.050575161206115514
0.4610000000000003,23.500999999999998,-0.053555495068753345
0.4610000000000003,24.000999999999998,-0.05684791947626742
0.4610000000000003,24.500999999999998,-0.06053669305925008
0.4610000000000003,25.000999999999998,-0.06474247785844131
0.4610000000000003,25.500999999999998,-0.06964693322693036
0.4610000000000003,26.000999999999998,-0.07554228964830316
0.4610000000000003,26.500999999999998,-0.08294427462736828
0.4610000000000003,27.000999999999998,-0.09290006020127198
0.4610000000000003,27.500999999999998,-0.10812225373688343
0.4610000000000003,28.000999999999998,-0.14130325917197442
0.4610000000000003,28.500999999999998,-0.13133884559706285
0.4610000000000003,29.000999999999998,-0.09710873972896644
0.4610000000000003,29.500999999999998,-0.08026806263953158
0.4610000000000003,30.000999999999998,-0.06891891509213488
0.4610000000000003,30.500999999999998,-0.06034945110873018
0.4610000000000003,31.000999999999998,-0.0534790550548639
0.4610000000000003,31.500999999999998,-0.04776242875675881
0.4610000000000003,32.001,-0.0428840400911651
0.4610000000000003,32.501,-0.0386440096476674
0.4610000000000003,33.001,-0.034907267306125256
0.4610000000000003,33.501,-0.031577998471420135
0.4610000000000003,34.001,-0.028585615741019088
0.4610000000000003,34.501,-0.025876517772439867
0.4610000000000003,35.001,-0.023408980241024214
0.4610000000000003,35.501,-0.0211498465476383
0.4610000000000003,36.001,-0.019072304694684475
0.4610000000000003,36.501,-0.017154347098792135
0.4610000000000003,37.001,-0.015377675003494042
0.4610000000000003,37.501,-0.01372690112025568
0.4610000000000003,38.001,-0.01218895758655319
0.4610000000000003,38.501,-0.010752648540671966
0.4610000000000003,39.001,-0.009408306638426242
0.4610000000000003,39.501,-0.008147525635784027
0.4660000000000003,0.001,-1.3542638204141255
0.4660000000000003,0.501,-1.8642929974606748
0.4660000000000003,1.001,-0.5774839829127724
0.4660000000000003,1.501,-0.2577958713382635
0.4660000000000003,2.001,-0.1322687680853578
0.4660000000000003,2.501,-0.0720942163326343
0.4660000000000003,3.001,-0.03995491732765599
0.4660000000000003,3.501,-0.021697346737951706
0.4660000000000003,4.0009999999999994,-0.010996343712728684
0.4660000000000003,4.5009999999999994,-0.00469248081865975
0.4660000000000003,5.0009999999999994,-0.0010753217053961484
0.4660000000000003,5.5009999999999994,0.0008391232105590734
0.4660000000000003,6.0009999999999994,0.0016442821405250746
0.4660000000000003,6.5009999999999994,0.001711664541937774
0.4660000000000003,7.0009999999999994,0.0012809061120073878
0.4660000000000003,7.5009999999999994,0.000510326083475135
0.4660000000000003,8.001,-0.000493474337406017
0.4660000000000003,8.501,-0.0016576616478284067
0.4660000000000003,9.001,-0.0029319514982108913
0.4660000000000003,9.501,-0.004281413787791218
0.4660000000000003,10.001,-0.005681754167933387
0.4660000000000003,10.501,-0.007116159372558231
0.4660000000000003,11.001,-0.0085731528621256
0.4660000000000003,11.501,-0.01004511666280096
0.4660000000000003,12.001,-0.011527260735426514
0.4660000000000003,12.501,-0.013016898217058606
0.4660000000000003,13.001,-0.014512933203332218
0.4660000000000003,13.501,-0.016015498690823138
0.4660000000000003,14.001,-0.017525702509154167
0.4660000000000003,14.501,-0.019045452526223028
0.4660000000000003,15.001,-0.020577341551679375
0.4660000000000003,15.501,-0.022124578728655322
0.4660000000000003,16.000999999999998,-0.02369095877950532
0.4660000000000003,16.500999999999998,-0.025280863915192978
0.4660000000000003,17.000999999999998,-0.026899295988776058
0.4660000000000003,17.500999999999998,-0.028551938918472863
0.4660000000000003,18.000999999999998,-0.03024525382181313
0.4660000000000003,18.500999999999998,-0.03198661198782781
0.4660000000000003,19.000999999999998,-0.03378447412357895
0.4660000000000003,19.500999999999998,-0.03564862872678061
0.4660000000000003,20.000999999999998,-0.037590508677738915
0.4660000000000003,20.500999999999998,-0.03962361435411766
0.4660000000000003,21.000999999999998,-0.04176408564796644
0.4660000000000003,21.500999999999998,-0.04403148747562387
0.4660000000000003,22.000999999999998,-0.04644990956393563
0.4660000000000003,22.500999999999998,-0.04904954234170031
0.4660000000000003,23.000999999999998,-0.051868997774749195
0.4660000000000003,23.500999999999998,-0.0549588400460984
0.4660000000000003,24.000999999999998,-0.05838716929875565
0.4660000000000003,24.500999999999998,-0.06224887817883602
0.4660000000000003,25.000999999999998,-0.06668191953689606
0.4660000000000003,25.500999999999998,-0.07189810379103447
0.4660000000000003,26.000999999999998,-0.07824743551254285
0.4660000000000003,26.500999999999998,-0.08637232620821747
0.4660000000000003,27.000999999999998,-0.09766318738589945
0.4660000000000003,27.500999999999998,-0.11621354321025683
0.4660000000000003,28.000999999999998,-0.1758291401876783
0.4660000000000003,28.500999999999998,-0.11663883944287544
0.4660000000000003,29.000999999999998,-0.091154226843496
0.4660000000000003,29.500999999999998,-0.076544029967664
0.4660000000000003,30.000999999999998,-0.0662220943686422
0.4660000000000003,30.500999999999998,-0.058244208096851664
0.4660000000000003,31.000999999999998,-0.05175843944825887
0.4660000000000003,31.500999999999998,-0.04631183150143794
0.4660000000000003,32.001,-0.041633335775931035
0.4660000000000003,32.501,-0.03754716330980805
0.4660000000000003,33.001,-0.03393243194169011
0.4660000000000003,33.501,-0.030702228796130642
0.4660000000000003,34.001,-0.027791835067931113
0.4660000000000003,34.501,-0.02515167570131937
0.4660000000000003,35.001,-0.022742880793179585
0.4660000000000003,35.501,-0.020534373738701404
0.4660000000000003,36.001,-0.018500894029135843
0.4660000000000003,36.501,-0.01662161485170295
0.4660000000000003,37.001,-0.014879151937193906
0.4660000000000003,37.501,-0.013258837211964407
0.4660000000000003,38.001,-0.011748176193417273
0.4660000000000003,38.501,-0.01033643570786547
0.4660000000000003,39.001,-0.009014325856773923
0.4660000000000003,39.501,-0.0077737513379237564
0.4710000000000003,0.001,-1.3637694939257472
0.4710000000000003,0.501,-1.8598275394624528
0.4710000000000003,1.001,-0.5758029092294268
0.4710000000000003,1.501,-0.2570457881826478
0.4710000000000003,2.001,-0.13197451977507813
0.4710000000000003,2.501,-0.07206423637650401
0.4710000000000003,3.001,-0.04009358529667177
0.4710000000000003,3.501,-0.02195051914293522
0.4710000000000003,4.0009999999999994,-0.011330712177022861
0.4710000000000003,4.5009999999999994,-0.0050863306125628616
0.4710000000000003,5.0009999999999994,-0.0015138877503803744
0.4710000000000003,5.5009999999999994,0.0003661974192190609
0.4710000000000003,6.0009999999999994,0.001144428949243964
0.4710000000000003,6.5009999999999994,0.0011903053467367253
0.4710000000000003,7.0009999999999994,0.0007420371389723207
0.4710000000000003,7.5009999999999994,-0.000043092781586206996
0.4710000000000003,8.001,-0.001059254068916161
0.4710000000000003,8.501,-0.0022341985631868094
0.4710000000000003,9.001,-0.003518095154437628
0.4710000000000003,9.501,-0.004876371520096116
0.4710000000000003,10.001,-0.006285021382098091
0.4710000000000003,10.501,-0.0077274683579933515
0.4710000000000003,11.001,-0.009192435228921048
0.4710000000000003,11.501,-0.010672476040130982
0.4710000000000003,12.001,-0.012162953402476265
0.4710000000000003,12.501,-0.013661320053557233
0.4710000000000003,13.001,-0.015166611858116272
0.4710000000000003,13.501,-0.016679090246193615
0.4710000000000003,14.001,-0.018199992214524133
0.4710000000000003,14.501,-0.019731359420480307
0.4710000000000003,15.001,-0.021275927015400695
0.4710000000000003,15.501,-0.02283705922617306
0.4710000000000003,16.000999999999998,-0.024418723287412958
0.4710000000000003,16.500999999999998,-0.026025496810714532
0.4710000000000003,17.000999999999998,-0.02766260651654768
0.4710000000000003,17.500999999999998,-0.029335998805443738
0.4710000000000003,18.000999999999998,-0.031052445221248535
0.4710000000000003,18.500999999999998,-0.0328196887853294
0.4710000000000003,19.000999999999998,-0.03464664085430937
0.4710000000000003,19.500999999999998,-0.03654364312879237
0.4710000000000003,20.000999999999998,-0.03852281655718717
0.4710000000000003,20.500999999999998,-0.040598529488883844
0.4710000000000003,21.000999999999998,-0.04278803380446455
0.4710000000000003,21.500999999999998,-0.04511234384418962
0.4710000000000003,22.000999999999998,-0.047597475931715406
0.4710000000000003,22.500999999999998,-0.05027623964546104
0.4710000000000003,23.000999999999998,-0.05319090234375645
0.4710000000000003,23.500999999999998,-0.056397291108672136
0.4710000000000003,24.000999999999998,-0.05997137340510829
0.4710000000000003,24.500999999999998,-0.06402035967807482
0.4710000000000003,25.000999999999998,-0.068702652141642
0.4710000000000003,25.500999999999998,-0.07426671613387362
0.4710000000000003,26.000999999999998,-0.08113554393376271
0.4710000000000003,26.500999999999998,-0.09012111791155061
0.4710000000000003,27.000999999999998,-0.10312111062796439
0.4710000000000003,27.500999999999998,-0.12678725731195134
0.4710000000000003,28.000999999999998,-0.16634551614353746
0.4710000000000003,28.500999999999998,-0.10676842488367264
0.4710000000000003,29.000999999999998,-0.08619628793410318
0.4710000000000003,29.500999999999998,-0.07324747076964484
0.4710000000000003,30.000999999999998,-0.06376402536635559
0.4710000000000003,30.500999999999998,-0.056292139966374374
0.4710000000000003,31.000999999999998,-0.05014489533635215
0.4710000000000003,31.500999999999998,-0.04494057740220727
0.4710000000000003,32.001,-0.0404439684442988
0.4710000000000003,32.501,-0.0364992804565384
0.4710000000000003,33.001,-0.032997679137845064
0.4710000000000003,33.501,-0.029859943684023324
0.4710000000000003,34.001,-0.027026497566566634
0.4710000000000003,34.501,-0.024451334127396897
0.4710000000000003,35.001,-0.022098137392163358
0.4710000000000003,35.501,-0.01993770679289833
0.4710000000000003,36.001,-0.017946190847238416
0.4710000000000003,36.501,-0.016103841514188935
0.4710000000000003,37.001,-0.014394114394770237
0.4710000000000003,37.501,-0.012803005001790595
0.4710000000000003,38.001,-0.011318550059588362
0.4710000000000003,38.501,-0.009930446628695376
0.4710000000000003,39.001,-0.008629756944214669
0.4710000000000003,39.501,-0.007408676663206628
0.4760000000000003,0.001,-1.3732220528675254
0.4760000000000003,0.501,-1.8554627469969294
0.4760000000000003,1.001,-0.5741744528801669
0.4760000000000003,1.501,-0.2563313452917256
0.4760000000000003,2.001,-0.13170705779822894
0.4760000000000003,2.501,-0.07205554377077533
0.4760000000000003,3.001,-0.04024976709109995
0.4760000000000003,3.501,-0.022218445034786247
0.4760000000000003,4.0009999999999994,-0.011677724603879919
0.4760000000000003,4.5009999999999994,-0.0054911610217893425
0.4760000000000003,5.0009999999999994,-0.001962092472540977
0.4760000000000003,5.5009999999999994,-0.00011526584236640214
0.4760000000000003,6.0009999999999994,0.0006369534089150364
0.4760000000000003,6.5009999999999994,0.0006620912554533287
0.4760000000000003,7.0009999999999994,0.00019696088891522912
0.4760000000000003,7.5009999999999994,-0.000602170477016134
0.4760000000000003,8.001,-0.0016302277231548673
0.4760000000000003,8.501,-0.002815536032384172
0.4760000000000003,9.001,-0.004108708234095648
0.4760000000000003,9.501,-0.005475522545126496
0.4760000000000003,10.001,-0.006892255136290021
0.4760000000000003,10.501,-0.008342562191771291
0.4760000000000003,11.001,-0.009815362581478262
0.4760000000000003,11.501,-0.011303380070937785
0.4760000000000003,12.001,-0.01280212845485508
0.4760000000000003,12.501,-0.014309199378880935
0.4760000000000003,13.001,-0.015823760534656842
0.4760000000000003,13.501,-0.017346202603487
0.4760000000000003,14.001,-0.018877893370041837
0.4760000000000003,14.501,-0.020421010784278368
0.4760000000000003,15.001,-0.02197843584600627
0.4760000000000003,15.501,-0.02355369254936235
0.4760000000000003,16.000999999999998,-0.025150926740375067
0.4760000000000003,16.500999999999998,-0.026774919271833276
0.4760000000000003,17.000999999999998,-0.028431131756468678
0.4760000000000003,17.500999999999998,-0.030125785890556252
0.4760000000000003,18.000999999999998,-0.03186598007731169
0.4760000000000003,18.500999999999998,-0.03365985027862045
0.4760000000000003,19.000999999999998,-0.035516786112656094
0.4760000000000003,19.500999999999998,-0.03744771883135417
0.4760000000000003,20.000999999999998,-0.03946550593895666
0.4760000000000003,20.500999999999998,-0.04158544945253961
0.4760000000000003,21.000999999999998,-0.043826003877588005
0.4760000000000003,21.500999999999998,-0.04620976067303341
0.4760000000000003,22.000999999999998,-0.04876484710100139
0.4760000000000003,22.500999999999998,-0.05152696569525805
0.4760000000000003,23.000999999999998,-0.05454245979821075
0.4760000000000003,23.500999999999998,-0.05787309195645409
0.4760000000000003,24.000999999999998,-0.06160382631313681
0.4760000000000003,24.500999999999998,-0.06585620615253587
0.4760000000000003,25.000999999999998,-0.07081296796835557
0.4760000000000003,25.500999999999998,-0.07676753115479645
0.4760000000000003,26.000999999999998,-0.08423633020015965
0.4760000000000003,26.500999999999998,-0.09426345293687871
0.4760000000000003,27.000999999999998,-0.10953114936609817
0.4760000000000003,27.500999999999998,-0.1422564337272484
0.4760000000000003,28.000999999999998,-0.13521655834914795
0.4760000000000003,28.500999999999998,-0.09932704992909308
0.4760000000000003,29.000999999999998,-0.08195140027563087
0.4760000000000003,29.500999999999998,-0.07029192963306215
0.4760000000000003,30.000999999999998,-0.06150690042379014
0.4760000000000003,30.500999999999998,-0.05447317306858984
0.4760000000000003,31.000999999999998,-0.04862638478095987
0.4760000000000003,31.500999999999998,-0.04364081761674728
0.4760000000000003,32.001,-0.03931049850974408
0.4760000000000003,32.501,-0.035496411777293
0.4760000000000003,33.001,-0.03210003467690316
0.4760000000000003,33.501,-0.029048836072551723
0.4760000000000003,34.001,-0.026287769554477973
0.4760000000000003,34.501,-0.023774005557856227
0.4760000000000003,35.001,-0.021473522254163414
0.4760000000000003,35.501,-0.019358817050199466
0.4760000000000003,36.001,-0.017407322064800775
0.4760000000000003,36.501,-0.01560027757025923
0.4760000000000003,37.001,-0.013921912438514811
0.4760000000000003,37.501,-0.012358835836420758
0.4760000000000003,38.001,-0.010899577649696022
0.4760000000000003,38.501,-0.009534235763339418
0.4760000000000003,39.001,-0.008254201514993231
0.4760000000000003,39.501,-0.007051943272182672
0.4810000000000003,0.001,-1.382622053876113
0.4810000000000003,0.501,-1.8511966164085099
0.4810000000000003,1.001,-0.5725975644327942
0.4810000000000003,1.501,-0.25565182691960364
0.4810000000000003,2.001,-0.13146583870565676
0.4810000000000003,2.501,-0.0720677012774113
0.4810000000000003,3.001,-0.04042309811342287
0.4810000000000003,3.501,-0.022500813052449657
0.4810000000000003,4.0009999999999994,-0.01203711063314028
0.4810000000000003,4.5009999999999994,-0.0059067344687334655
0.4810000000000003,5.0009999999999994,-0.002419725284345975
0.4810000000000003,5.5009999999999994,-0.0006050787360968868
0.4810000000000003,6.0009999999999994,0.00012202380880355773
0.4810000000000003,6.5009999999999994,0.00012717348416958069
0.4810000000000003,7.0009999999999994,-0.0003541865425720969
0.4810000000000003,7.5009999999999994,-0.0011667844643226954
0.4810000000000003,8.001,-0.0022062850539028567
0.4810000000000003,8.501,-0.003401575072439933
0.4810000000000003,9.001,-0.004703702180300584
0.4810000000000003,9.501,-0.006078788056088288
0.4810000000000003,10.001,-0.007503385837715919
0.4810000000000003,10.501,-0.008961380084913984
0.4810000000000003,11.001,-0.010441882642110642
0.4810000000000003,11.501,-0.011937784810648833
0.4810000000000003,12.001,-0.013444750218523538
0.4810000000000003,12.501,-0.014960508848303015
0.4810000000000003,13.001,-0.016484360408376808
0.4810000000000003,13.501,-0.01801682579747764
0.4810000000000003,14.001,-0.019559405380531622
0.4810000000000003,14.501,-0.02111441610637132
0.4810000000000003,15.001,-0.022684888576005674
0.4810000000000003,15.501,-0.024274511537668825
0.4810000000000003,16.000999999999998,-0.025887615928481992
0.4810000000000003,16.500999999999998,-0.02752919416774887
0.4810000000000003,17.000999999999998,-0.02920495341199979
0.4810000000000003,17.500999999999998,-0.030921404288608602
0.4810000000000003,18.000999999999998,-0.03268598958700456
0.4810000000000003,18.500999999999998,-0.03450726089549691
0.4810000000000003,19.000999999999998,-0.036395115734434526
0.4810000000000003,19.500999999999998,-0.03836111408898514
0.4810000000000003,20.000999999999998,-0.04041890254016789
0.4810000000000003,20.500999999999998,-0.04258478833151031
0.4810000000000003,21.000999999999998,-0.044878527955474354
0.4810000000000003,21.500999999999998,-0.047324431023226934
0.4810000000000003,22.000999999999998,-0.04995294110402363
0.4810000000000003,22.500999999999998,-0.05280296184384292
0.4810000000000003,23.000999999999998,-0.055925391689386546
0.4810000000000003,23.500999999999998,-0.05938870608759976
0.4810000000000003,24.000999999999998,-0.06328819501718597
0.4810000000000003,24.500999999999998,-0.06776216063750355
0.4810000000000003,25.000999999999998,-0.07302249174542078
0.4810000000000003,25.500999999999998,-0.07941827899731954
0.4810000000000003,26.000999999999998,-0.08758741474547552
0.4810000000000003,26.500999999999998,-0.09890029435317453
0.4810000000000003,27.000999999999998,-0.11732848718189715
0.4810000000000003,27.500999999999998,-0.17262942302918044
0.4810000000000003,28.000999999999998,-0.1200621084615018
0.4810000000000003,28.500999999999998,-0.09335503072604993
0.4810000000000003,29.000999999999998,-0.07824229199210743
0.4810000000000003,29.500999999999998,-0.06761480496786729
0.4810000000000003,30.000999999999998,-0.05942123230899752
0.4810000000000003,30.500999999999998,-0.05277093067487821
0.4810000000000003,31.000999999999998,-0.04719278561041525
0.4810000000000003,31.500999999999998,-0.04240580774334938
0.4810000000000003,32.001,-0.03822817493597585
0.4810000000000003,32.501,-0.03453506373548662
0.4810000000000003,33.001,-0.03123684065519143
0.4810000000000003,33.501,-0.028266827002015
0.4810000000000003,34.001,-0.025573987130541983
0.4810000000000003,34.501,-0.02311833227496089
0.4810000000000003,35.001,-0.020867909060701437
0.4810000000000003,35.501,-0.018796756742579013
0.4810000000000003,36.001,-0.01688348019015802
0.4810000000000003,36.501,-0.015110227487632707
0.4810000000000003,37.001,-0.013461941148429031
0.4810000000000003,37.501,-0.011925799045592706
0.4810000000000003,38.001,-0.010490789813952968
0.4810000000000003,38.501,-0.009147385447051614
0.4810000000000003,39.001,-0.007887285382101454
0.4810000000000003,39.501,-0.006703213996534335
0.4860000000000003,0.001,-1.391970042016264
0.4860000000000003,0.501,-1.8470272071284501
0.4860000000000003,1.001,-0.5710712276449641
0.4860000000000003,1.501,-0.2550065400767042
0.4860000000000003,2.001,-0.13125033643691708
0.4860000000000003,2.501,-0.07210028575842586
0.4860000000000003,3.001,-0.0406132256366496
0.4860000000000003,3.501,-0.02279732208974583
0.4860000000000003,4.0009999999999994,-0.012408608931759046
0.4860000000000003,4.5009999999999994,-0.006332821435910713
0.4860000000000003,5.0009999999999994,-0.0028865828751479666
0.4860000000000003,5.5009999999999994,-0.0011030600519709166
0.4860000000000003,6.0009999999999994,-0.00040019764263771185
0.4860000000000003,6.5009999999999994,-0.0004143023632562498
0.4860000000000003,7.0009999999999994,-0.0009112742660819378
0.4860000000000003,7.5009999999999994,-0.001736817056010087
0.4860000000000003,8.001,-0.0027873203530172502
0.4860000000000003,8.501,-0.003992220961466453
0.4860000000000003,9.001,-0.005302992451546695
0.4860000000000003,9.501,-0.006686093043735214
0.4860000000000003,10.001,-0.008118347498827502
0.4860000000000003,10.501,-0.009583864685432653
0.4860000000000003,11.001,-0.011071946425218915
0.4860000000000003,11.501,-0.01257564948530792
0.4860000000000003,12.001,-0.014090786092865515
0.4860000000000003,12.501,-0.01561522411936754
0.4860000000000003,13.001,-0.017148395614637605
0.4860000000000003,13.501,-0.01869095281344485
0.4860000000000003,14.001,-0.020244530630500288
0.4860000000000003,14.501,-0.021811587930858342
0.4860000000000003,15.001,-0.023395308926153782
0.4860000000000003,15.501,-0.02499955242361205
0.4860000000000003,16.000999999999998,-0.026628841331778508
0.4860000000000003,16.500999999999998,-0.028288388474341133
0.4860000000000003,17.000999999999998,-0.02998415786856315
0.4860000000000003,17.500999999999998,-0.03172296358474636
0.4860000000000003,18.000999999999998,-0.03351261149705571
0.4860000000000003,18.500999999999998,-0.0353620930967618
0.4860000000000003,19.000999999999998,-0.037281845642125444
0.4860000000000003,19.500999999999998,-0.039284100117132195
0.4860000000000003,20.000999999999998,-0.0413833491180335
0.4860000000000003,20.500999999999998,-0.043596983141190766
0.4860000000000003,21.000999999999998,-0.04594616973240954
0.4860000000000003,21.500999999999998,-0.04845709266196095
0.4860000000000003,22.000999999999998,-0.051162741033836535
0.4860000000000003,22.500999999999998,-0.05410556723582693
0.4860000000000003,23.000999999999998,-0.05734157221217466
0.4860000000000003,23.500999999999998,-0.060946846322781356
0.4860000000000003,24.000999999999998,-0.0650285772919875
0.4860000000000003,24.500999999999998,-0.06974476605094357
0.4860000000000003,25.000999999999998,-0.07534248327603245
0.4860000000000003,25.500999999999998,-0.08224051638439667
0.4860000000000003,26.000999999999998,-0.09123741627406756
0.4860000000000003,26.500999999999998,-0.10417755515040443
0.4860000000000003,27.000999999999998,-0.12734232561565925
0.4860000000000003,27.500999999999998,-0.1785887682187571
0.4860000000000003,28.000999999999998,-0.10992880800536044
0.4860000000000003,28.500999999999998,-0.08836965776654035
0.4860000000000003,29.000999999999998,-0.07495063836357369
0.4860000000000003,29.500999999999998,-0.06516929837837594
0.4860000000000003,30.000999999999998,-0.057483576600226724
0.4860000000000003,30.500999999999998,-0.051171876949727114
0.4860000000000003,31.000999999999998,-0.04583550524529551
0.4860000000000003,31.500999999999998,-0.04122970991494231
0.4860000000000003,32.001,-0.03719282379895267
0.4860000000000003,32.501,-0.03361213110744094
0.4860000000000003,33.001,-0.03040571223165013
0.4860000000000003,33.501,-0.027512036562879188
0.4860000000000003,34.001,-0.024883635892242795
0.4860000000000003,34.501,-0.022483071708953663
0.4860000000000003,35.001,-0.020280262114289117
0.4860000000000003,35.501,-0.018250650760099452
0.4860000000000003,36.001,-0.01637391694111088
0.4860000000000003,36.501,-0.014633044678406927
0.4860000000000003,37.001,-0.013013636579010158
0.4860000000000003,37.501,-0.011503398651121816
0.4860000000000003,38.001,-0.010091747074729413
0.4860000000000003,38.501,-0.008769503626804964
0.4860000000000003,39.001,-0.00752865664939519
0.4860000000000003,39.501,-0.006362171215399069
0.4910000000000003,0.001,-1.401266551138106
0.4910000000000003,0.501,-1.8429526390976176
0.4910000000000003,1.001,-0.5695944581080825
0.4910000000000003,1.501,-0.25439481359964616
0.4910000000000003,2.001,-0.13106004160935225
0.4910000000000003,2.501,-0.07215288759929211
0.4910000000000003,3.001,-0.04081980831878282
0.4910000000000003,3.501,-0.02310768087581394
0.4910000000000003,4.0009999999999994,-0.012791966824321377
0.4910000000000003,4.5009999999999994,-0.006769200135842368
0.4910000000000003,5.0009999999999994,-0.0033624689129141128
0.4910000000000003,5.5009999999999994,-0.0016090349361618655
0.4910000000000003,6.0009999999999994,-0.0009295545680418071
0.4910000000000003,6.5009999999999994,-0.0009621960644956851
0.4910000000000003,7.0009999999999994,-0.0014741763842425776
0.4910000000000003,7.5009999999999994,-0.0023121552160047243
0.4910000000000003,8.001,-0.0033732322638656
0.4910000000000003,8.501,-0.004587383063848208
0.4910000000000003,9.001,-0.005906498357610257
0.4910000000000003,9.501,-0.007297366142184208
0.4910000000000003,10.001,-0.008737077592409383
0.4910000000000003,10.501,-0.010209961942207774
0.4910000000000003,11.001,-0.011705508109630697
0.4910000000000003,11.501,-0.013216936372181569
0.4910000000000003,12.001,-0.014740206439553427
0.4910000000000003,12.501,-0.0162733237491654
0.4910000000000003,13.001,-0.01781585315481396
0.4910000000000003,13.501,-0.019368579502710898
0.4910000000000003,14.001,-0.02093327441017731
0.4910000000000003,14.501,-0.022512541795249308
0.4910000000000003,15.001,-0.024109723757743604
0.4910000000000003,15.501,-0.02572885480245088
0.4910000000000003,16.000999999999998,-0.027374657111800406
0.4910000000000003,16.500999999999998,-0.029052573294009194
0.4910000000000003,17.000999999999998,-0.03076883625097232
0.4910000000000003,17.500999999999998,-0.032530578943025606
0.4910000000000003,18.000999999999998,-0.0343459902836243
0.4910000000000003,18.500999999999998,-0.03622452765707483
0.4910000000000003,19.000999999999998,-0.03817720227268884
0.4910000000000003,19.500999999999998,-0.040216961738320026
0.4910000000000003,20.000999999999998,-0.04235920644810683
0.4910000000000003,20.500999999999998,-0.04462249532240288
0.4910000000000003,21.000999999999998,-0.04702952683721185
0.4910000000000003,21.500999999999998,-0.049608531770129666
0.4910000000000003,22.000999999999998,-0.052395301124869446
0.4910000000000003,22.500999999999998,-0.05543622915265822
0.4910000000000003,23.000999999999998,-0.05879304662275709
0.4910000000000003,23.500999999999998,-0.06255050950509895
0.4910000000000003,24.000999999999998,-0.066829571938139
0.4910000000000003,24.500999999999998,-0.07181152135199843
0.4910000000000003,25.000999999999998,-0.07778623149877363
0.4910000000000003,25.500999999999998,-0.08526081861180113
0.4910000000000003,26.000999999999998,-0.09525072854655056
0.4910000000000003,26.500999999999998,-0.11031768532900013
0.4910000000000003,27.000999999999998,-0.14149405997630693
0.4910000000000003,27.500999999999998,-0.14142673874693337
0.4910000000000003,28.000999999999998,-0.10230413678503093
0.4910000000000003,28.500999999999998,-0.08409328147280302
0.4910000000000003,29.000999999999998,-0.07199348463258672
0.4910000000000003,29.500999999999998,-0.0629195003218366
0.4910000000000003,30.000999999999998,-0.055674984318738414
0.4910000000000003,30.500999999999998,-0.049664695353720784
0.4910000000000003,31.000999999999998,-0.0445471872286293
0.4910000000000003,31.500999999999998,-0.04010743734336014
0.4910000000000003,32.001,-0.03620075852335168
0.4910000000000003,32.501,-0.03272484155852396
0.4910000000000003,33.001,-0.029604501523712703
0.4910000000000003,33.501,-0.026782759324306453
0.4910000000000003,34.001,-0.02421533359236946
0.4910000000000003,34.501,-0.021867083813829086
0.4910000000000003,35.001,-0.0197096269038712
0.4910000000000003,35.501,-0.01771968943754393
0.4910000000000003,36.001,-0.015877937618930284
0.4910000000000003,36.501,-0.01416812703352504
0.4910000000000003,37.001,-0.012576472159294222
0.4910000000000003,37.501,-0.011091170424191978
0.4910000000000003,38.001,-0.009702037190951229
0.4910000000000003,38.501,-0.00840022182262097
0.4910000000000003,39.001,-0.007177983987692954
0.4910000000000003,39.501,-0.006028515384052008
0.49600000000000033,0.001,-1.4105121042199043
0.49600000000000033,0.501,-1.838971090319579
0.49600000000000033,1.001,-0.5681663019598161
0.49600000000000033,1.501,-0.2538159972682811
0.49600000000000033,2.001,-0.13089446084322243
0.49600000000000033,2.501,-0.07222511016160871
0.49600000000000033,3.001,-0.041042515741954805
0.49600000000000033,3.501,-0.023431607576866464
0.49600000000000033,4.0009999999999994,-0.013186939942350429
0.49600000000000033,4.5009999999999994,-0.007215656197774339
0.49600000000000033,5.0009999999999994,-0.00384719376119097
0.49600000000000033,5.5009999999999994,-0.002122834632993509
0.49600000000000033,6.0009999999999994,-0.0014658961841980123
0.49600000000000033,6.5009999999999994,-0.0015163725599055822
0.49600000000000033,7.0009999999999994,-0.0020427717886055963
0.49600000000000033,7.5009999999999994,-0.002892690370421891
0.49600000000000033,8.001,-0.003963923604482639
0.49600000000000033,8.501,-0.005186974664595882
0.49600000000000033,9.001,-0.006514142904145606
0.49600000000000033,9.501,-0.007912539482989756
0.49600000000000033,10.001,-0.009359516914540438
0.49600000000000033,10.501,-0.010839620976393932
0.49600000000000033,11.001,-0.01234252491815871
0.49600000000000033,11.501,-0.013861610687326845
0.49600000000000033,12.001,-0.015392984478137
0.49600000000000033,12.501,-0.0169347890981555
0.49600000000000033,13.001,-0.01848672280878516
0.49600000000000033,13.501,-0.02004970450452906
0.49600000000000033,14.001,-0.0216256448479087
0.49600000000000033,14.501,-0.02321729617499982
0.49600000000000033,15.001,-0.024828163031638685
0.49600000000000033,15.501,-0.02646246160906548
0.49600000000000033,16.000999999999998,-0.028125121111105354
0.49600000000000033,16.500999999999998,-0.02982182388474265
0.49600000000000033,17.000999999999998,-0.0315590844920125
0.49600000000000033,17.500999999999998,-0.03334437122910029
0.49600000000000033,18.000999999999998,-0.035186277350755246
0.49600000000000033,18.500999999999998,-0.03709475397185075
0.49600000000000033,19.000999999999998,-0.039081423043081445
0.49600000000000033,19.500999999999998,-0.04115999808498927
0.49600000000000033,20.000999999999998,-0.043346854390871964
0.49600000000000033,20.500999999999998,-0.045661812380428435
0.49600000000000033,21.000999999999998,-0.04812923340009362
0.49600000000000033,21.500999999999998,-0.050779587064457336
0.49600000000000033,22.000999999999998,-0.053651753585598747
0.49600000000000033,22.500999999999998,-0.05679651479149645
0.49600000000000033,23.000999999999998,-0.06028205255597293
0.49600000000000033,23.500999999999998,-0.06420301750257548
0.49600000000000033,24.000999999999998,-0.06869636403111903
0.49600000000000033,24.500999999999998,-0.07397107791782244
0.49600000000000033,25.000999999999998,-0.08036957530245002
0.49600000000000033,25.500999999999998,-0.08851247665083059
0.49600000000000033,26.000999999999998,-0.09971521916246304
0.49600000000000033,26.500999999999998,-0.11768518080617293
0.49600000000000033,27.000999999999998,-0.16644397715821696
0.49600000000000033,27.500999999999998,-0.12492320245103963
0.49600000000000033,28.000999999999998,-0.09619180760599912
0.49600000000000033,28.500999999999998,-0.08035131439686596
0.49600000000000033,29.000999999999998,-0.06931040115368357
0.49600000000000033,29.500999999999998,-0.0608372504988589
0.49600000000000033,30.000999999999998,-0.053979920549780396
0.49600000000000033,30.500999999999998,-0.04823982837931669
0.49600000000000033,31.000999999999998,-0.04332148496137578
0.49600000000000033,31.500999999999998,-0.03903453083083005
0.49600000000000033,32.001,-0.03524870692194235
0.49600000000000033,32.501,-0.03187070976708917
0.49600000000000033,33.001,-0.02883126727820897
0.49600000000000033,33.501,-0.026077443439195273
0.49600000000000033,34.001,-0.02356781523835703
0.49600000000000033,34.501,-0.021269320125688527
0.49600000000000033,35.001,-0.019155121865748102
0.49600000000000033,35.501,-0.01720312221353132
0.49600000000000033,36.001,-0.015394896134201851
0.49600000000000033,36.501,-0.01371491295442258
0.49600000000000033,37.001,-0.012149955479116941
0.49600000000000033,37.501,-0.01068867924762532
0.49600000000000033,38.001,-0.00932127296688846
0.49600000000000033,38.501,-0.0080391932873637
0.49600000000000033,39.001,-0.00683495507398296
0.49600000000000033,39.501,-0.0057019636981168135
