3,3,0.03649292483460519,-0.045152966258907204
3,2.97,0.03644066902448919,-0.045188288935598814
3,2.9400000000000004,0.03638739670098408,-0.04522381057621788
3,2.9100000000000006,0.03633307796362571,-0.045259510453256935
3,2.880000000000001,0.0362776817298017,-0.04529536520949029
3,2.850000000000001,0.036221175675915235,-0.04533134858481286
3,2.820000000000001,0.0361635261748995,-0.04536743111482064
3,2.7900000000000014,0.03610469822992382,-0.04540357979793539
3,2.7600000000000016,0.036044655404174224,-0.04543975772858405
3,2.7300000000000018,0.035983359746146526,-0.0454759236927631
3,2.700000000000002,0.03592077171024907,-0.04551203172177615
3,2.670000000000002,0.035856850072447446,-0.04554803060115732
3,2.6400000000000023,0.035791551840447945,-0.045583863330208335
3,2.6100000000000025,0.035724832158092364,-0.04561946652750565
3,2.5800000000000027,0.035656644203449044,-0.045654769778722515
3,2.550000000000003,0.03558693908024194,-0.04568969492125864
3,2.520000000000003,0.035515665701986124,-0.04572415526276853
3,2.4900000000000033,0.03544277066820801,-0.045758054726995415
3,2.4600000000000035,0.03536819813241124,-0.045791286926259195
3,2.4300000000000037,0.03529188966061177,-0.04582373415503371
3,2.400000000000004,0.035213784080312976,-0.04585526630497805
3,2.370000000000004,0.035133817318497004,-0.04588573969981874
3,2.3400000000000043,0.03505192222826981,-0.04591499585479458
3,2.3100000000000045,0.03496802840275295,-0.04594286016375424
3,2.2800000000000047,0.034882061975490826,-0.0459691405275944
3,2.250000000000005,0.034793945405982324,-0.045993625935809565
3,2.220000000000005,0.03470359724906428,-0.04601608502824531
3,2.1900000000000053,0.03461093190697546,-0.04603626466525107
3,2.1600000000000055,0.03451585936202656,-0.046053888551429736
3,2.1300000000000057,0.034418284888745085,-0.046068655966644445
3,2.100000000000006,0.0343181087430368,-0.04608024067473068
3,2.070000000000006,0.03421522582680238,-0.046088290097321544
3,2.0400000000000063,0.03410952532509363,-0.0460924248551557
3,2.0100000000000064,0.03400089031362065,-0.04609223880022262
3,1.9800000000000064,0.03388919733366959,-0.046087299675173055
3,1.9500000000000064,0.03377431593117396,-0.04607715055097658
3,1.9200000000000064,0.03365610815613708,-0.046061312194830756
3,1.8900000000000063,0.033534428019109136,-0.04603928651829508
3,1.8600000000000063,0.03340912089952232,-0.046010561229502395
3,1.8300000000000063,0.033280022901478565,-0.04597461577418538
3,1.8000000000000063,0.03314696015118254,-0.04593092858418234
3,1.7700000000000062,0.033009748029890304,-0.04587898556477159
3,1.7400000000000062,0.03286819033549808,-0.04581828964167885
3,1.7100000000000062,0.03272207836469342,-0.045748371064642246
3,1.6800000000000062,0.03257118990715639,-0.04566879803929676
3,1.6500000000000061,0.032415288141512656,-0.04557918714913555
3,1.620000000000006,0.032254120422048796,-0.045479212954541104
3,1.590000000000006,0.03208741694333199,-0.0453686161351584
3,1.560000000000006,0.031914889268172666,-0.0452472095898892
3,1.530000000000006,0.031736228702680294,-0.04511488202348476
3,1.500000000000006,0.03155110449950263,-0.044971598733127734
3,1.470000000000006,0.03135916186801206,-0.0448173995214932
3,1.440000000000006,0.031160019766976195,-0.04465239389911235
3,1.410000000000006,0.030953268451562075,-0.04447675394347593
3,1.3800000000000059,0.03073846674289242,-0.044290705345579606
3,1.3500000000000059,0.030515138982701966,-0.044094517263259664
3,1.3200000000000058,0.03028277163090893,-0.04388849162567285
3,1.2900000000000058,0.030040809456387353,-0.04367295248686249
3,1.2600000000000058,0.029788651263976083,-0.043448235934075596
3,1.2300000000000058,0.029525645091390024,-0.043214680936650735
3,1.2000000000000057,0.029251082798548093,-0.042972621391725044
3,1.1700000000000057,0.028964193959139573,-0.04272237949993549
3,1.1400000000000057,0.02866413894855404,-0.04246426050318705
3,1.1100000000000056,0.028350001104374915,-0.04219854873661935
3,1.0800000000000056,0.028020777812942935,-0.04192550489312857
3,1.0500000000000056,0.027675370349639176,-0.041645364370961065
3,1.0200000000000056,0.027312572268475607,-0.041358336560240655
3,0.9900000000000055,0.026931056098193663,-0.04106460493127162
3,0.9600000000000055,0.02652935805548757,-0.040764327801065633
3,0.9300000000000055,0.026105860429241998,-0.09377589563423788
3,0.9000000000000055,0.02565877122090686,-0.0948496174936013
3,0.8700000000000054,0.025186100540495533,-0.09597293110741625
3,0.8400000000000054,0.024685633154517817,-0.09714950733548303
3,0.8100000000000054,0.024154896451992806,-0.09838346526408003
3,0.7800000000000054,0.023591122935419297,-0.09967943182054892
3,0.7500000000000053,0.02299120614217042,-0.10104261192495818
3,0.7200000000000053,0.022351648650373354,-0.10247887135332572
3,0.6900000000000053,0.021668500502977972,-0.1039948349946832
3,0.6600000000000052,0.02093728597339818,-0.10559800384545734
3,0.6300000000000052,0.02015291606397579,-0.10729689495218142
3,0.6000000000000052,0.01930958342601112,-0.10910120967283593
3,0.5700000000000052,0.018400635442967887,-0.11102203721083648
3,0.5400000000000051,0.017418419908888802,-0.11307210259511206
3,0.5100000000000051,0.016354095859073166,-0.11526607150047802
3,0.4800000000000051,0.015197399317171437,-0.11762092915770092
3,0.45000000000000506,0.013936349371611902,-0.1201564582420375
3,0.42000000000000504,0.012556872873760557,-0.12289585320850577
3,0.390000000000005,0.011042313823513023,-0.12586653019421007
3,0.360000000000005,0.00937277154496834,-0.12910123045296457
3,0.33000000000000496,0.007524170708944313,-0.13263958759706618
3,0.30000000000000493,0.00546688695279191,-0.13653046782883443
3,0.2700000000000049,0.0031635943874036713,-0.1408356664091997
3,0.2400000000000049,0.0005656812792513249,-0.14563609723919468
3,0.2100000000000049,-0.0023930856925570205,-0.15104275904546505
3,0.1800000000000049,-0.005808402126273687,-0.1572172248949521
3,0.1500000000000049,-0.009828825438354564,-0.16441207755682047
3,0.12000000000000491,-0.014705469263390234,-0.1730567163430062
3,0.09000000000000491,-0.020911281232710834,-0.1839636018248717
3,0.06000000000000491,-0.029499894634979523,-0.19895128832014092
3,0.03000000000000491,-0.008315728666064559,-0.22374248149396866
2.97,3,0.03661662374651317,-0.038367447710511426
2.97,2.97,0.03656392771491361,-0.03839288375080202
2.97,2.9400000000000004,0.03651020659211883,-0.03841857104916062
2.97,2.9100000000000006,0.03645543022494906,-0.03844450774148696
2.97,2.880000000000001,0.03639956726806201,-0.03847069144151247
2.97,2.850000000000001,0.03634258512458902,-0.03849711918915322
2.97,2.820000000000001,0.036284449883126235,-0.03852378739405973
2.97,2.7900000000000014,0.03622512625098112,-0.038550691774276724
2.97,2.7600000000000016,0.03616457748327438,-0.03857782728929887
2.97,2.7300000000000018,0.036102765307512066,-0.0386051880661962
2.97,2.700000000000002,0.036039649843724694,-0.03863276732050028
2.97,2.670000000000002,0.035975189519225015,-0.03866055726792737
2.97,2.6400000000000023,0.03590934097807663,-0.03868854903005093
2.97,2.6100000000000025,0.03584205898467714,-0.0387167325293942
2.97,2.5800000000000027,0.03577329632104485,-0.038745096376613886
2.97,2.550000000000003,0.03570300367722558,-0.038773627745776425
2.97,2.520000000000003,0.03563112953447986,-0.03880231223978431
2.97,2.4900000000000033,0.03555762004052236,-0.03883113374210315
2.97,2.4600000000000035,0.03548241887624146,-0.038860074255940194
2.97,2.4300000000000037,0.0354054671131673,-0.038889113728357794
2.97,2.400000000000004,0.035326703060968336,-0.038918229858528344
2.97,2.370000000000004,0.035246062104353854,-0.038947397888709726
2.97,2.3400000000000043,0.03516347652797819,-0.03897659037635801
2.97,2.3100000000000045,0.03507887532890472,-0.03900577694602362
2.97,2.2800000000000047,0.03499218401521623,-0.0390349240190038
2.97,2.250000000000005,0.03490332438981082,-0.03906399451960227
2.97,2.220000000000005,0.03481221431781555,-0.03909294755521714
2.97,2.1900000000000053,0.03471876747642672,-0.03912173806977366
2.97,2.1600000000000055,0.03462289308546383,-0.0391503164667649
2.97,2.1300000000000057,0.034524495616979956,-0.039178628201653146
2.97,2.100000000000006,0.03442347448178507,-0.03920661334053366
2.97,2.070000000000006,0.034319723691237675,-0.03923420608388983
2.97,2.0400000000000063,0.034213131491235865,-0.039261334252897656
2.97,2.0100000000000064,0.0341035799664764,-0.03928791873753795
2.97,1.9800000000000064,0.03399094461173281,-0.03931387290481069
2.97,1.9500000000000064,0.03387509386688409,-0.039339101966245474
2.97,1.9200000000000064,0.03375588861229724,-0.03936350230402408
2.97,1.8900000000000063,0.03363318162045158,-0.039386960757347544
2.97,1.8600000000000063,0.03350681695936286,-0.039409353868913255
2.97,1.8300000000000063,0.033376629342813185,-0.03943054709482441
2.97,1.8000000000000063,0.03324244342184088,-0.03945039398224978
2.97,1.7700000000000062,0.033104073011109784,-0.03946873531960183
2.97,1.7400000000000062,0.03296132024333308,-0.03948539826857014
2.97,1.7100000000000062,0.03281397464373996,-0.03950019548712702
2.97,1.6800000000000062,0.03266181211535331,-0.039512924257965994
2.97,1.6500000000000061,0.032504593825953686,-0.03952336563878536
2.97,1.620000000000006,0.03234206498408128,-0.03953128365549671
2.97,1.590000000000006,0.03217395349237915,-0.039536424562531425
2.97,1.560000000000006,0.03199996846302823,-0.03953851620004417
2.97,1.530000000000006,0.031819798578836864,-0.039537267482252225
2.97,1.500000000000006,0.03163311028111826,-0.039532368054703906
2.97,1.470000000000006,0.031439545762888835,-0.039523488163009435
2.97,1.440000000000006,0.031238720742626767,-0.03951027877968902
2.97,1.410000000000006,0.031030221990263535,-0.03949237203567968
2.97,1.3800000000000059,0.030813604573426683,-0.039469382006540765
2.97,1.3500000000000059,0.030588388785919067,-0.03944090589778823
2.97,1.3200000000000058,0.03035405671620699,-0.03940652567128791
2.97,1.2900000000000058,0.03011004840540403,-0.03936581014553531
2.97,1.2600000000000058,0.02985575753784286,-0.03931831758802988
2.97,1.2300000000000058,0.029590526596525706,-0.03926359880495707
2.97,1.2000000000000057,0.029313641406138728,-0.03920120070954089
2.97,1.1700000000000057,0.02902432497212144,-0.0391306703276218
2.97,1.1400000000000057,0.02872173050910315,-0.03905155917643688
2.97,1.1100000000000056,0.028404933534106783,-0.038963427921681656
2.97,1.0800000000000056,0.02807292287624824,-0.03886585120019717
2.97,1.0500000000000056,0.027724590429613748,-0.03875842247281068
2.97,1.0200000000000056,0.0273587194428492,-0.03864075876391629
2.97,0.9900000000000055,0.02697397110042243,-0.03851250514052018
2.97,0.9600000000000055,0.02656886910392002,-0.03837333879609633
2.97,0.9300000000000055,0.026141781904251274,-0.038222972624674334
2.97,0.9000000000000055,0.025690902165857725,-0.03806115820692718
2.97,0.8700000000000054,0.02521422295865059,-0.03788768817247572
2.97,0.8400000000000054,0.02470951006798035,-0.03770239795661513
2.97,0.8100000000000054,0.024174269683098125,-0.037505167024812214
2.97,0.7800000000000054,0.02360571056235258,-0.03729591969787002
2.97,0.7500000000000053,0.023000699571632158,-0.037074625765213795
2.97,0.7200000000000053,0.022355709237791614,-0.03684130112819811
2.97,0.6900000000000053,0.021666755635974085,-0.03659600875834798
2.97,0.6600000000000052,0.0209293245161881,-0.03633886029959482
2.97,0.6300000000000052,0.02013828303676694,-0.03607001867518039
2.97,0.6000000000000052,0.019287773763888988,-0.03578970208961085
2.97,0.5700000000000052,0.018371086641238196,-0.03549818983222011
2.97,0.5400000000000051,0.017380503311245358,-0.03519583030062767
2.97,0.5100000000000051,0.016307106278416424,-0.034883051636332
2.97,0.4800000000000051,0.015140542586966559,-0.03456037530268391
2.97,0.45000000000000506,0.013868727294638915,-0.12207738096193381
2.97,0.42000000000000504,0.012477464839597618,-0.1247791937583855
2.97,0.390000000000005,0.010949954062386011,-0.12771912576625596
2.97,0.360000000000005,0.00926612048609855,-0.1309300477190229
2.97,0.33000000000000496,0.007401678046382025,-0.13445179063583307
2.97,0.30000000000000493,0.005326742455314406,-0.1383335082863426
2.97,0.2700000000000049,0.0030036595251745,-0.14263740759689136
2.97,0.2400000000000049,0.00038338893421837683,-0.14744499459078847
2.97,0.2100000000000049,-0.0026008878996186422,-0.15286814144688415
2.97,0.1800000000000049,-0.006045713923026312,-0.15906976832619152
2.97,0.1500000000000049,-0.01010096468579905,-0.1663046668218613
2.97,0.12000000000000491,-0.01501998747615398,-0.1750061451679375
2.97,0.09000000000000491,-0.021279951670220038,-0.18599430550332385
2.97,0.06000000000000491,-0.02994394568117936,-0.201105219983046
2.97,0.03000000000000491,-0.008290398240301134,-0.2261175842666195
2.9400000000000004,3,0.03674112811502998,-0.03348809489001038
2.9400000000000004,2.97,0.03668798394742392,-0.03351240081592055
2.9400000000000004,2.9400000000000004,0.036633805956297186,-0.03353703696544867
2.9400000000000004,2.9100000000000006,0.03657856373118381,-0.03356200818402273
2.9400000000000004,2.880000000000001,0.03652222565920893,-0.03358731929208662
2.9400000000000004,2.850000000000001,0.036464758865355495,-0.03361297507192787
2.9400000000000004,2.820000000000001,0.03640612914878635,-0.03363898025325067
2.9400000000000004,2.7900000000000014,0.03634630091557825,-0.033665339497003066
2.9400000000000004,2.7600000000000016,0.03628523710715418,-0.033692057377308376
2.9400000000000004,2.7300000000000018,0.036222899124337904,-0.033719138361477996
2.9400000000000004,2.700000000000002,0.03615924674669556,-0.03374658678757564
2.9400000000000004,2.670000000000002,0.036094238046548585,-0.03377440683992538
2.9400000000000004,2.6400000000000023,0.03602782929779097,-0.03380260252124054
2.9400000000000004,2.6100000000000025,0.03595997487852914,-0.033831177622102054
2.9400000000000004,2.5800000000000027,0.035890627167563374,-0.03386013568714913
2.9400000000000004,2.550000000000003,0.03581973643375405,-0.033889479977473075
2.9400000000000004,2.520000000000003,0.03574725071835697,-0.033919213428485445
2.9400000000000004,2.4900000000000033,0.03567311570906562,-0.033949338604003454
2.9400000000000004,2.4600000000000035,0.035597274605597695,-0.033979857645000666
2.9400000000000004,2.4300000000000037,0.035519667976024155,-0.03401077221237506
2.9400000000000004,2.400000000000004,0.03544023360297416,-0.034042083424286385
2.9400000000000004,2.370000000000004,0.03535890631895615,-0.0340737917864434
2.9400000000000004,2.3400000000000043,0.03527561782986789,-0.03410589711472467
2.9400000000000004,2.3100000000000045,0.03519029652595479,-0.034138398449711796
2.9400000000000004,2.2800000000000047,0.03510286727855376,-0.03417129396188506
2.9400000000000004,2.250000000000005,0.035013251222093346,-0.03420458084708265
2.9400000000000004,2.220000000000005,0.0349213655194444,-0.034238255210201796
2.9400000000000004,2.1900000000000053,0.03482712310971822,-0.03427231193671304
2.9400000000000004,2.1600000000000055,0.034730432436413466,-0.03430674455070959
2.9400000000000004,2.1300000000000057,0.034631197154557404,-0.03434154505726836
2.9400000000000004,2.100000000000006,0.03452931581458896,-0.03437670376871707
2.9400000000000004,2.070000000000006,0.034424681521163514,-0.03441220911143772
2.9400000000000004,2.0400000000000063,0.03431718156404424,-0.034448047413234206
2.9400000000000004,2.0100000000000064,0.03420669701897773,-0.03448420266736085
2.9400000000000004,1.9800000000000064,0.03409310231520078,-0.03452065627185674
2.9400000000000004,1.9500000000000064,0.03397626476660301,-0.034557386741450216
2.9400000000000004,1.9200000000000064,0.033856044062623,-0.0345943693892307
2.9400000000000004,1.8900000000000063,0.033732291715280596,-0.034631575974577535
2.9400000000000004,1.8600000000000063,0.03360485045734226,-0.034668974315034115
2.9400000000000004,1.8300000000000063,0.033473553587128245,-0.034706527857907524
2.9400000000000004,1.8000000000000063,0.033338224253700977,-0.03474419520741252
2.9400000000000004,1.7700000000000062,0.03319867467678371,-0.034781929604693035
2.9400000000000004,1.7400000000000062,0.03305470529366886,-0.03481967835451186
2.9400000000000004,1.7100000000000062,0.03290610382586061,-0.03485738219580983
2.9400000000000004,1.6800000000000062,0.032752644255714544,-0.03489497461036847
2.9400000000000004,1.6500000000000061,0.03259408570340577,-0.03493238106554717
2.9400000000000004,1.620000000000006,0.03243017119290478,-0.034969518185113624
2.9400000000000004,1.590000000000006,0.032260626293309294,-0.03500629284533739
2.9400000000000004,1.560000000000006,0.03208515762159721,-0.035042601190347245
2.9400000000000004,1.530000000000006,0.03190345118958138,-0.03507832756365819
2.9400000000000004,1.500000000000006,0.03171517057617547,-0.03511334335286399
2.9400000000000004,1.470000000000006,0.03151995490320132,-0.035147505745208
2.9400000000000004,1.440000000000006,0.03131741658984635,-0.03518065639474166
2.9400000000000004,1.410000000000006,0.031107138857472807,-0.03521262000166524
2.9400000000000004,1.3800000000000059,0.030888672951827113,-0.035243202809775415
2.9400000000000004,1.3500000000000059,0.030661535045144316,-0.035272191030408725
2.9400000000000004,1.3200000000000058,0.030425202774752837,-0.03529934920488284
2.9400000000000004,1.2900000000000058,0.03017911136797015,-0.03532441852536311
2.9400000000000004,1.2600000000000058,0.029922649295184747,-0.03534711513910879
2.9400000000000004,1.2300000000000058,0.029655153383476712,-0.03536712846915742
2.9400000000000004,1.2000000000000057,0.029375903312218794,-0.03538411959576411
2.9400000000000004,1.1700000000000057,0.0290841153986326,-0.03539771975063735
2.9400000000000004,1.1400000000000057,0.02877893556602629,-0.03540752899103913
2.9400000000000004,1.1100000000000056,0.028459431367897112,-0.03541311513132485
2.9400000000000004,1.0800000000000056,0.028124582919807937,-0.03541401302252367
2.9400000000000004,1.0500000000000056,0.02777327256306791,-0.035409724286249444
2.9400000000000004,1.0200000000000056,0.027404273052383216,-0.03539971761632778
2.9400000000000004,0.9900000000000055,0.027016234020286873,-0.03538342977419684
2.9400000000000004,0.9600000000000055,0.026607666424104087,-0.03536026740755044
2.9400000000000004,0.9300000000000055,0.026176924623143284,-0.03532960982222598
2.9400000000000004,0.9000000000000055,0.02572218566362594,-0.0352908128292099
2.9400000000000004,0.8700000000000054,0.025241425262536848,-0.035243213775426135
2.9400000000000004,0.8400000000000054,0.024732389875591534,-0.0351861378408872
2.9400000000000004,0.8100000000000054,0.024192564102486363,-0.03511890565551046
2.9400000000000004,0.7800000000000054,0.023619132520661903,-0.035040842248149295
2.9400000000000004,0.7500000000000053,0.02300893483347393,-0.03495128730053773
2.9400000000000004,0.7200000000000053,0.022358412962496205,-0.034849606638200595
2.9400000000000004,0.6900000000000053,0.021663548388436656,-0.03473520485680254
2.9400000000000004,0.6600000000000052,0.02091978762618888,-0.03460753896698848
2.9400000000000004,0.6300000000000052,0.020121953179148014,-0.03446613293987506
2.9400000000000004,0.6000000000000052,0.019264136600948306,-0.034310593065770056
2.9400000000000004,0.5700000000000052,0.01833956933010705,-0.034140624091351046
2.9400000000000004,0.5400000000000051,0.01734046562866393,-0.03395604617142334
2.9400000000000004,0.5100000000000051,0.016257830046276664,-0.033756812750988935
2.9400000000000004,0.4800000000000051,0.01508121898910204,-0.0335430295450633
2.9400000000000004,0.45000000000000506,0.01379844154079449,-0.03331497476345227
2.9400000000000004,0.42000000000000504,0.012395177434648765,-0.03307312055828235
2.9400000000000004,0.390000000000005,0.010854477627848465,-0.03281815523211634
2.9400000000000004,0.360000000000005,0.00915609057228051,-0.032551004853676596
2.9400000000000004,0.33000000000000496,0.0072755154924403105,-0.03227285133589965
2.9400000000000004,0.30000000000000493,0.0051826032569996915,-0.031985141433913844
2.9400000000000004,0.2700000000000049,0.002839365149215783,-0.03168957730888161
2.9400000000000004,0.2400000000000049,0.00019632410315892194,-0.031388074601704896
2.9400000000000004,0.2100000000000049,-0.002813934890286901,-0.15490243295561684
2.9400000000000004,0.1800000000000049,-0.006288818328766099,-0.16110663671347386
2.9400000000000004,0.1500000000000049,-0.010379545153310755,-0.16835899152611702
2.9400000000000004,0.12000000000000491,-0.015341739213624441,-0.17709658337541623
2.9400000000000004,0.09000000000000491,-0.021656873010143494,-0.18814698153674836
2.9400000000000004,0.06000000000000491,-0.030397673261016306,-0.2033635871766552
2.9400000000000004,0.03000000000000491,-0.008265326409280536,-0.2285809913087539
2.9100000000000006,3,0.03686644047996207,-0.029605882817761324
2.9100000000000006,2.97,0.03681284003880021,-0.029630267950771838
2.9100000000000006,2.9400000000000004,0.03675819688293468,-0.0296550310320208
2.9100000000000006,2.9100000000000006,0.03670248033985623,-0.029680180033437142
2.9100000000000006,2.880000000000001,0.036645658524380405,-0.029705723107028348
2.9100000000000006,2.850000000000001,0.036587698278172584,-0.029731668586040552
2.9100000000000006,2.820000000000001,0.03652856510569334,-0.029758024986696524
2.9100000000000006,2.7900000000000014,0.03646822310629018,-0.02978480100935425
2.9100000000000006,2.7600000000000016,0.03640663490202715,-0.0298120055385563
2.9100000000000006,2.7300000000000018,0.03634376156102084,-0.02983964764334905
2.9100000000000006,2.700000000000002,0.036279562516160935,-0.029867736576744575
2.9100000000000006,2.670000000000002,0.03621399547837147,-0.029896281774398903
2.9100000000000006,2.6400000000000023,0.03614701634455912,-0.02992529285200758
2.9100000000000006,2.6100000000000025,0.03607857909952879,-0.029954779602798937
2.9100000000000006,2.5800000000000027,0.036008635711438086,-0.029984751993095332
2.9100000000000006,2.550000000000003,0.035937136020350424,-0.030015220157248
2.9100000000000006,2.520000000000003,0.03586402761941242,-0.030046194390430644
2.9100000000000006,2.4900000000000033,0.03578925572796181,-0.030077685140962124
2.9100000000000006,2.4600000000000035,0.03571276305572998,-0.03010970299983934
2.9100000000000006,2.4300000000000037,0.03563448965817713,-0.030142258689003117
2.9100000000000006,2.400000000000004,0.035554372781188934,-0.03017536304673421
2.9100000000000006,2.370000000000004,0.03547234669496266,-0.030209027011115983
2.9100000000000006,2.3400000000000043,0.0353883425162104,-0.03024326160017024
2.9100000000000006,2.3100000000000045,0.03530228801717937,-0.03027807788872336
2.9100000000000006,2.2800000000000047,0.035214107420860716,-0.030313486981845467
2.9100000000000006,2.250000000000005,0.035123721180920615,-0.03034949998385872
2.9100000000000006,2.220000000000005,0.03503104574522617,-0.03038612796281806
2.9100000000000006,2.1900000000000053,0.034935993301249385,-0.030423381909460506
2.9100000000000006,2.1600000000000055,0.03483847150202076,-0.030461272690631383
2.9100000000000006,2.1300000000000057,0.034738383170575225,-0.030499810995040594
2.9100000000000006,2.100000000000006,0.03463562598126137,-0.03053900727239378
2.9100000000000006,2.070000000000006,0.03453009211543963,-0.030578871663347815
2.9100000000000006,2.0400000000000063,0.03442166788924644,-0.030619413919689947
2.9100000000000006,2.0100000000000064,0.034310233351012985,-0.030660643313946405
2.9100000000000006,1.9800000000000064,0.034195661844984855,-0.03070256853633313
2.9100000000000006,1.9500000000000064,0.03407781953839394,-0.030745197577678525
2.9100000000000006,1.9200000000000064,0.033956564907974135,-0.0307885375971743
2.9100000000000006,1.8900000000000063,0.03383174818219223,-0.030832594771611002
2.9100000000000006,1.8600000000000063,0.03370321073420657,-0.03087737412526166
2.9100000000000006,1.8300000000000063,0.03357078442082187,-0.03092287933703733
2.9100000000000006,1.8000000000000063,0.033434290861678984,-0.030969112522297698
2.9100000000000006,1.7700000000000062,0.03329354065225808,-0.031016073985778284
2.9100000000000006,1.7400000000000062,0.03314833250346315,-0.03106376194274295
2.9100000000000006,1.7100000000000062,0.03299845229999766,-0.03111217220353582
2.9100000000000006,1.6800000000000062,0.032843672068215285,-0.031161297817296388
2.9100000000000006,1.6500000000000061,0.032683748843346114,-0.03121112867020774
2.9100000000000006,1.620000000000006,0.032518423424524746,-0.031261651031212895
2.9100000000000006,1.590000000000006,0.03234741900456142,-0.03131284704088261
2.9100000000000006,1.560000000000006,0.03217043965946019,-0.031364694134392815
2.9100000000000006,1.530000000000006,0.03198716868099227,-0.03141716439228856
2.9100000000000006,1.500000000000006,0.031797266733082405,-0.03147022380950981
2.9100000000000006,1.470000000000006,0.03160036980993153,-0.03152383147406987
2.9100000000000006,1.440000000000006,0.031396086970905276,-0.0315779386442436
2.9100000000000006,1.410000000000006,0.031183997823515892,-0.031632487714085694
2.9100000000000006,1.3800000000000059,0.030963649721398694,-0.031687411054785064
2.9100000000000006,1.3500000000000059,0.030734554639380372,-0.03174262971993354
2.9100000000000006,1.3200000000000058,0.030496185681760705,-0.031798052000997834
2.9100000000000006,1.2900000000000058,0.03024797317351849,-0.03185357182055627
2.9100000000000006,1.2600000000000058,0.029989300275074078,-0.03190906695019269
2.9100000000000006,1.2300000000000058,0.029719498053447216,-0.03196439704073127
2.9100000000000006,1.2000000000000057,0.02943783992939053,-0.03201940145452188
2.9100000000000006,1.1700000000000057,0.029143535408797945,-0.032073896892030496
2.9100000000000006,1.1400000000000057,0.02883572298896541,-0.03212767480887144
2.9100000000000006,1.1100000000000056,0.028513462113088892,-0.032180498626302775
2.9100000000000006,1.0800000000000056,0.028175724022280014,-0.03223210074481722
2.9100000000000006,1.0500000000000056,0.027821381328659144,-0.032282179383160664
2.9100000000000006,1.0200000000000056,0.027449196099067763,-0.032330395279952046
2.9100000000000006,0.9900000000000055,0.02705780620051528,-0.03237636831232743
2.9100000000000006,0.9600000000000055,0.02664570961029836,-0.03241967411131513
2.9100000000000006,0.9300000000000055,0.0262112463352071,-0.03245984078348471
2.9100000000000006,0.9000000000000055,0.025752577513956116,-0.03249634588076969
2.9100000000000006,0.8700000000000054,0.025267661188898963,-0.03252861380574901
2.9100000000000006,0.8400000000000054,0.02475422412742531,-0.03255601388232805
2.9100000000000006,0.8100000000000054,0.024209728938913745,-0.03257785937582336
2.9100000000000006,0.7800000000000054,0.023631335570488923,-0.03259340779704144
2.9100000000000006,0.7500000000000053,0.023015856057591107,-0.032601862879895596
2.9100000000000006,0.7200000000000053,0.022359701146777364,-0.03260237866486751
2.9100000000000006,0.6900000000000053,0.021658817079296448,-0.0325940661570219
2.9100000000000006,0.6600000000000052,0.020908610402917333,-0.0325760030421858
2.9100000000000006,0.6300000000000052,0.020103858131669032,-0.03254724693204729
2.9100000000000006,0.6000000000000052,0.01923859985212207,-0.03250685256833305
2.9100000000000006,0.5700000000000052,0.018306007401522793,-0.032453893332234196
2.9100000000000006,0.5400000000000051,0.01729822639685759,-0.0323874872816436
2.9100000000000006,0.5100000000000051,0.016206181967555397,-0.03230682777346788
2.9100000000000006,0.4800000000000051,0.015019338174457242,-0.0322112185120612
2.9100000000000006,0.45000000000000506,0.013725396127151578,-0.03210011259001619
2.9100000000000006,0.42000000000000504,0.012309908495055675,-0.031973154715327606
2.9100000000000006,0.390000000000005,0.010755775547937387,-0.031830225276701846
2.9100000000000006,0.360000000000005,0.00904256530004235,-0.031671484040874776
2.9100000000000006,0.33000000000000496,0.007145558171218903,-0.031497409879437735
2.9100000000000006,0.30000000000000493,0.005034335122670595,-0.03130883067510598
2.9100000000000006,0.2700000000000049,0.002670566493471966,-0.03110693418388643
2.9100000000000006,0.2400000000000049,4.33007419323693e-6,-0.030893246266402365
2.9100000000000006,0.2100000000000049,-0.0030323970709674017,-0.030669559113374774
2.9100000000000006,0.1800000000000049,-0.006537901678069832,-0.03043779393485913
2.9100000000000006,0.1500000000000049,-0.010664772095486691,-0.03019980097612429
2.9100000000000006,0.12000000000000491,-0.015670952932766408,-0.029957147400805087
2.9100000000000006,0.09000000000000491,-0.022042303650413708,-0.029711004411352535
2.9100000000000006,0.06000000000000491,-0.03086137800581981,-0.20573027038737612
2.9100000000000006,0.03000000000000491,-0.008240508288719578,-0.23113603483603168
2.880000000000001,3,0.03699256308929838,-0.02636610158884929
2.880000000000001,2.97,0.03693849800547756,-0.026390784669477224
2.880000000000001,2.9400000000000004,0.03688338115228629,-0.02641587650971118
2.880000000000001,2.9100000000000006,0.036827181590457315,-0.026441386859071138
2.880000000000001,2.880000000000001,0.03676986715737306,-0.026467325756087456
2.880000000000001,2.850000000000001,0.036711404406208945,-0.02649370353798157
2.880000000000001,2.820000000000001,0.03665175854136361,-0.026520530850105008
2.880000000000001,2.7900000000000014,0.03659089334972798,-0.026547818655516003
2.880000000000001,2.7600000000000016,0.03652877112812908,-0.026575578245414774
2.880000000000001,2.7300000000000018,0.03646535260586423,-0.02660382124927889
2.880000000000001,2.700000000000002,0.036400596862739804,-0.026632559645201115
2.880000000000001,2.670000000000002,0.03633446124161285,-0.02666180577073194
2.880000000000001,2.6400000000000023,0.03626690125549167,-0.026691572333492473
2.880000000000001,2.6100000000000025,0.036197870488585845,-0.026721872422490356
2.880000000000001,2.5800000000000027,0.036127320490870196,-0.026752719518789075
2.880000000000001,2.550000000000003,0.036055200665708206,-0.0267841275069622
2.880000000000001,2.520000000000003,0.03598145814987237,-0.026816110685967967
2.880000000000001,2.4900000000000033,0.03590603768560366,-0.026848683780584276
2.880000000000001,2.4600000000000035,0.03582888148381039,-0.026881861952232106
2.880000000000001,2.4300000000000037,0.03574992907773636,-0.026915660809568795
2.880000000000001,2.400000000000004,0.035669117166607874,-0.026950096419675343
2.880000000000001,2.370000000000004,0.03558637944806933,-0.02698518531758176
2.880000000000001,2.3400000000000043,0.03550164643866077,-0.027020944516393836
2.880000000000001,2.3100000000000045,0.035414845281262555,-0.027057391516036866
2.880000000000001,2.2800000000000047,0.03532589953851109,-0.02709454431167723
2.880000000000001,2.250000000000005,0.035234728970835905,-0.027132421400663104
2.880000000000001,2.220000000000005,0.03514124929780929,-0.027171041788798464
2.880000000000001,2.1900000000000053,0.03504537194143714,-0.027210424994504726
2.880000000000001,2.1600000000000055,0.034947003749622785,-0.027250591051570183
2.880000000000001,2.1300000000000057,0.034846046698130004,-0.027291560509718205
2.880000000000001,2.100000000000006,0.034742397568968506,-0.027333354432366536
2.880000000000001,2.070000000000006,0.03463594760313023,-0.027375994391690237
2.880000000000001,2.0400000000000063,0.03452658212521134,-0.027419502459814338
2.880000000000001,2.0100000000000064,0.03441418013707431,-0.027463901195997287
2.880000000000001,1.9800000000000064,0.034298613877918355,-0.027509213628843815
2.880000000000001,1.9500000000000064,0.034179748347114486,-0.027555463232798227
2.880000000000001,1.9200000000000064,0.034057440786336254,-0.027602673897919035
2.880000000000001,1.8900000000000063,0.033931540116688794,-0.02765086989202664
2.880000000000001,1.8600000000000063,0.03380188632653412,-0.027700075813265612
2.880000000000001,1.8300000000000063,0.033668309804567746,-0.02775031653300685
2.880000000000001,1.8000000000000063,0.033530630612712595,-0.02780161712580738
2.880000000000001,1.7700000000000062,0.03338865769211344,-0.027854002785644146
2.880000000000001,1.7400000000000062,0.03324218799530904,-0.02790749872547854
2.880000000000001,1.7100000000000062,0.033091005536185325,-0.027962130058320184
2.880000000000001,1.6800000000000062,0.03293488034892614,-0.02801792165607918
2.880000000000001,1.6500000000000061,0.03277356734508659,-0.028074897982964787
2.880000000000001,1.620000000000006,0.03260680505785546,-0.02813308290035481
2.880000000000001,1.590000000000006,0.032434314259631836,-0.028192499437058274
2.880000000000001,1.560000000000006,0.03225579643833837,-0.028253169521210625
2.880000000000001,1.530000000000006,0.032070932115310535,-0.028315113667347097
2.880000000000001,1.500000000000006,0.03187937898539132,-0.028378350611394015
2.880000000000001,1.470000000000006,0.03168076985712329,-0.028442896886215936
2.880000000000001,1.440000000000006,0.031474710367659156,-0.028508766328713436
2.880000000000001,1.410000000000006,0.031260776443606045,-0.028575969508030125
2.880000000000001,1.3800000000000059,0.031038511474187895,-0.0286445130628104
2.880000000000001,1.3500000000000059,0.0308074231588334,-0.028714398934991225
2.880000000000001,1.3200000000000058,0.030566979984635596,-0.028785623484001238
2.880000000000001,1.2900000000000058,0.030316607282979934,-0.028858176464855417
2.880000000000001,1.2600000000000058,0.03005568280564338,-0.028932039850314756
2.880000000000001,1.2300000000000058,0.029783531752314775,-0.02900718647618286
2.880000000000001,1.2000000000000057,0.029499421168776303,-0.029083578484963728
2.880000000000001,1.1700000000000057,0.029202553622600113,-0.029161165541964646
2.880000000000001,1.1400000000000057,0.028892060046869762,-0.029239882795101146
2.880000000000001,1.1100000000000056,0.02856699162317267,-0.029319648547333627
2.880000000000001,1.0800000000000056,0.028226310552815274,-0.02940036161007159
2.880000000000001,1.0500000000000056,0.027868879537077274,-0.029481898304452525
2.880000000000001,1.0200000000000056,0.027493449755407587,-0.0295641090786503
2.880000000000001,0.9900000000000055,0.02709864708965184,-0.029646814712857173
2.880000000000001,0.9600000000000055,0.026682956294325103,-0.02972980208805654
2.880000000000001,0.9300000000000055,0.02624470275534388,-0.029812819507568727
2.880000000000001,0.9000000000000055,0.025782031406118684,-0.029895571573463953
2.880000000000001,0.8700000000000054,0.02529288228343561,-0.02997771364505361
2.880000000000001,0.8400000000000054,0.02477496209722454,-0.030058845940752865
2.880000000000001,0.8100000000000054,0.02422571105403349,-0.030138507388822636
2.880000000000001,0.7800000000000054,0.023642264008225854,-0.030216169395111733
2.880000000000001,0.7500000000000053,0.02302140480735789,-0.03029122977515751
2.880000000000001,0.7200000000000053,0.022359512436389634,-0.03036300719949514
2.880000000000001,0.6900000000000053,0.021652497233618673,-0.030430736621952476
2.880000000000001,0.6600000000000052,0.020895725025933683,-0.03049356630776626
2.880000000000001,0.6300000000000052,0.020083926479258846,-0.03055055724009277
2.880000000000001,0.6000000000000052,0.019211088230741052,-0.030600685856063847
2.880000000000001,0.5700000000000052,0.01827032138788592,-0.030642851230109125
2.880000000000001,0.5400000000000051,0.01725370162103039,-0.03067588795630803
2.880000000000001,0.5100000000000051,0.016152073130656815,-0.030698586052746946
2.880000000000001,0.4800000000000051,0.014954805874828236,-0.03070971916532511
2.880000000000001,0.45000000000000506,0.013649490929842061,-0.030708082131600006
2.880000000000001,0.42000000000000504,0.01222155147250435,-0.03069253849944853
2.880000000000001,0.390000000000005,0.010653734197707217,-0.030662077783069563
2.880000000000001,0.360000000000005,0.00892542321537193,-0.03061588095964482
2.880000000000001,0.33000000000000496,0.007011675925054419,-0.030553390792880566
2.880000000000001,0.30000000000000493,0.004881798164761485,-0.030474380799962703
2.880000000000001,0.2700000000000049,0.0024971127213111576,-0.030379012849888337
2.880000000000001,0.2400000000000049,-0.00019275641045064145,-0.030267868562534675
2.880000000000001,0.2100000000000049,-0.003256451939872068,-0.030141934993580144
2.880000000000001,0.1800000000000049,-0.006793158034298962,-0.03000252446918371
2.880000000000001,0.1500000000000049,-0.010956859254764046,-0.029851121029080153
2.880000000000001,0.12000000000000491,-0.016007866513189625,-0.02968918432596348
2.880000000000001,0.09000000000000491,-0.022436512623792378,-0.02951799916650419
2.880000000000001,0.06000000000000491,-0.031335372902918886,-0.02933865944273411
2.880000000000001,0.03000000000000491,-0.008215939131534582,-0.02915214109917041
2.850000000000001,3,0.03711949787600152,-0.023592202564223883
2.850000000000001,2.97,0.037064959539635234,-0.023617202855831923
2.850000000000001,2.9400000000000004,0.037009360211151185,-0.02364263324577727
2.850000000000001,2.9100000000000006,0.03695266867945626,-0.023668504619975494
2.850000000000001,2.880000000000001,0.036894852499426714,-0.023694828220828468
2.850000000000001,2.850000000000001,0.036835877930393585,-0.023721615661099607
2.850000000000001,2.820000000000001,0.036775709870947804,-0.02374887893826931
2.850000000000001,2.7900000000000014,0.036714311789881146,-0.02377663044975048
2.850000000000001,2.7600000000000016,0.03665164565262187,-0.02380488300856912
2.850000000000001,2.7300000000000018,0.036587671843412314,-0.02383364985982178
2.850000000000001,2.700000000000002,0.036522349082395864,-0.02386294469774937
2.850000000000001,2.670000000000002,0.036455634337447126,-0.023892781683485895
2.850000000000001,2.6400000000000023,0.036387482730578194,-0.02392317546376857
2.850000000000001,2.6100000000000025,0.03631784743789318,-0.023954141190118315
2.850000000000001,2.5800000000000027,0.03624667958346675,-0.023985694539152863
2.850000000000001,2.550000000000003,0.03617392812577361,-0.024017851733287958
2.850000000000001,2.520000000000003,0.036099539736728914,-0.024050629562757025
2.850000000000001,2.4900000000000033,0.03602345867265514,-0.024084045408145932
2.850000000000001,2.4600000000000035,0.03594562663615288,-0.02411811726400645
2.850000000000001,2.4300000000000037,0.03586598262867273,-0.0241528637631491
2.850000000000001,2.400000000000004,0.03578446279260135,-0.02418830420217024
2.850000000000001,2.370000000000004,0.035701000242275516,-0.024224458567633916
2.850000000000001,2.3400000000000043,0.03561552488290463,-0.024261347563276553
2.850000000000001,2.3100000000000045,0.03552796321627526,-0.024298992638115687
2.850000000000001,2.2800000000000047,0.035438238132381686,-0.024337416015515867
2.850000000000001,2.250000000000005,0.03534626868542741,-0.024376640722935515
2.850000000000001,2.220000000000005,0.035251969853155235,-0.024416690623010995
2.850000000000001,2.1900000000000053,0.03515525227778495,-0.024457590444718236
2.850000000000001,2.1600000000000055,0.035056021987112204,-0.024499365816043638
2.850000000000001,2.1300000000000057,0.03495418009377495,-0.024542043296654655
2.850000000000001,2.100000000000006,0.03484962247080567,-0.024585650411599717
2.850000000000001,2.070000000000006,0.03474223940133411,-0.02463021568507771
2.850000000000001,2.0400000000000063,0.034631915199793764,-0.02467576867462034
2.850000000000001,2.0100000000000064,0.03451852780211051,-0.024722340005208086
2.850000000000001,1.9800000000000064,0.034401948321783185,-0.02476996140316013
2.850000000000001,1.9500000000000064,0.0342820405685393,-0.02481866572939395
2.850000000000001,1.9200000000000064,0.0341586605258463,-0.024868487011975554
2.850000000000001,1.8900000000000063,0.0340316557830604,-0.024919460476674506
2.850000000000001,1.8600000000000063,0.03390086491789367,-0.024971622576254845
2.850000000000001,1.8300000000000063,0.03376611682345715,-0.025025011016500315
2.850000000000001,1.8000000000000063,0.033627229974829705,-0.025079664779067708
2.850000000000001,1.7700000000000062,0.033484011627911196,-0.02513562413991121
2.850000000000001,1.7400000000000062,0.03333625694392002,-0.025192930681759845
2.850000000000001,1.7100000000000062,0.0331837480310348,-0.025251627300419008
2.850000000000001,1.6800000000000062,0.03302625289387763,-0.02531175820166584
2.850000000000001,1.6500000000000061,0.03286352428067181,-0.025373368888167068
2.850000000000001,1.620000000000006,0.03269529841617658,-0.02543650613364254
2.850000000000001,1.590000000000006,0.032521293607082176,-0.025501217941695423
2.850000000000001,1.560000000000006,0.03234120870473416,-0.025567553485805215
2.850000000000001,1.530000000000006,0.0321547214081489,-0.025635563027156166
2.850000000000001,1.500000000000006,0.031961486387418164,-0.02570529780603401
2.850000000000001,1.470000000000006,0.031761133205728306,-0.025776809900861175
2.850000000000001,1.440000000000006,0.03155326401386377,-0.025850152049504083
2.850000000000001,1.410000000000006,0.03133745098842511,-0.02592537742513141
2.850000000000001,1.3800000000000059,0.0311132334798756,-0.026002539358182128
2.850000000000001,1.3500000000000059,0.030880114831973747,-0.026081690994597506
2.850000000000001,1.3200000000000058,0.030637558827927056,-0.026162884878340037
2.850000000000001,1.2900000000000058,0.03038498571168908,-0.026246172444236944
2.850000000000001,1.2600000000000058,0.030121767724795703,-0.02633160340515589
2.850000000000001,1.2300000000000058,0.02984722408938168,-0.026419225014168976
2.850000000000001,1.2000000000000057,0.029560615356197903,-0.02650908117967858
2.850000000000001,1.1700000000000057,0.029261137024090743,-0.026601211407732778
2.850000000000001,1.1400000000000057,0.02894791231945979,-0.02669564954064856
2.850000000000001,1.1100000000000056,0.0286199840067888,-0.026792422258262977
2.850000000000001,1.0800000000000056,0.028276305077103124,-0.026891547300940136
2.850000000000001,1.0500000000000056,0.0279157281341547,-0.026993031368825887
2.850000000000001,1.0200000000000056,0.027536993264654756,-0.027096867645609868
2.850000000000001,0.9900000000000055,0.027138714138881612,-0.027203032888583778
2.850000000000001,0.9600000000000055,0.026719362039075795,-0.02731148402064225
2.850000000000001,0.9300000000000055,0.0262772474538764,-0.027422154154935617
2.850000000000001,0.9000000000000055,0.025810498804912145,-0.02753494797873568
2.850000000000001,0.8700000000000054,0.025317037782686194,-0.027649736421720493
2.850000000000001,0.8400000000000054,0.02479455065988042,-0.027766350538512286
2.850000000000001,0.8100000000000054,0.02424045481543613,-0.02788457454454013
2.850000000000001,0.7800000000000054,0.023651859534910766,-0.02800413796629403
2.850000000000001,0.7500000000000053,0.023025519942740914,-0.028124706902747987
2.850000000000001,0.7200000000000053,0.02235778265851196,-0.02824587445156706
2.850000000000001,0.6900000000000053,0.021644521434248325,-0.028367150438448202
2.850000000000001,0.6600000000000052,0.02088106060018352,-0.02848795070991953
2.850000000000001,0.6300000000000052,0.02006208358999498,-0.028607586417498554
2.850000000000001,0.6000000000000052,0.019181523079797612,-0.028725253944329343
2.850000000000001,0.5700000000000052,0.018232428285612903,-0.02884002641112668
2.850000000000001,0.5400000000000051,0.017206803590730887,-0.028950848044593747
2.850000000000001,0.5100000000000051,0.016095410713106578,-0.029056533092018215
2.850000000000001,0.4800000000000051,0.01488752369825133,-0.0291557713808171
2.850000000000001,0.45000000000000506,0.0135706214683508,-0.029247142995801653
2.850000000000001,0.42000000000000504,0.012129995206148103,-0.029329144766864143
2.850000000000001,0.390000000000005,0.010548235057509264,-0.029400231160472697
2.850000000000001,0.360000000000005,0.008804537657111165,-0.02945887151685901
2.850000000000001,0.33000000000000496,0.0068737330411446,-0.029503624052963154
2.850000000000001,0.30000000000000493,0.004724846550840305,-0.029533224293163577
2.850000000000001,0.2700000000000049,0.002318846612044653,-0.029546681216861187
2.850000000000001,0.2400000000000049,-0.0003951054918937321,-0.02954336826454894
2.850000000000001,0.2100000000000049,-0.003486284452628644,-0.029523089032890193
2.850000000000001,0.1800000000000049,-0.0070547895878235005,-0.029486091755346333
2.850000000000001,0.1500000000000049,-0.011256029298645581,-0.02943300971419427
2.850000000000001,0.12000000000000491,-0.016352727742365833,-0.02936472894039374
2.850000000000001,0.09000000000000491,-0.022839780145888805,-0.02928223445370634
2.850000000000001,0.06000000000000491,-0.03181998393339675,-0.02918651781992901
2.850000000000001,0.03000000000000491,-0.008191614322539441,-0.029078562628944295
2.820000000000001,3,0.03724724643267861,-0.021182783491851293
2.820000000000001,2.97,0.03719222598366632,-0.02120807539041447
2.820000000000001,2.9400000000000004,0.03713613514674899,-0.021233812983237482
2.820000000000001,2.9100000000000006,0.037078942433943635,-0.021260007940579716
2.820000000000001,2.880000000000001,0.03702061511225607,-0.021286672334161053
2.820000000000001,2.850000000000001,0.0369611191416218,-0.021313818654043602
2.820000000000001,2.820000000000001,0.03690041910921045,-0.02134145982645188
2.820000000000001,2.7900000000000014,0.03683847815954952,-0.021369609232181973
2.820000000000001,2.7600000000000016,0.03677525792060016,-0.021398280726270896
2.820000000000001,2.7300000000000018,0.036710718424938726,-0.021427488658158085
2.820000000000001,2.700000000000002,0.03664481802630069,-0.02145724789344764
2.820000000000001,2.670000000000002,0.03657751331059955,-0.02148757383613395
2.820000000000001,2.6400000000000023,0.03650875900140957,-0.02151848245249028
2.820000000000001,2.6100000000000025,0.0364385078591469,-0.021549990295690657
2.820000000000001,2.5800000000000027,0.03636671057384144,-0.021582114531952357
2.820000000000001,2.550000000000003,0.03629331565076428,-0.021614872967976623
2.820000000000001,2.520000000000003,0.03621826928824706,-0.021648284079536874
2.820000000000001,2.4900000000000033,0.03614151524748602,-0.0216823670417762
2.820000000000001,2.4600000000000035,0.03606299471331871,-0.02171714176104865
2.820000000000001,2.4300000000000037,0.0359826461452703,-0.021752628907952855
2.820000000000001,2.400000000000004,0.035900405118456366,-0.02178884995264526
2.820000000000001,2.370000000000004,0.03581620415290636,-0.021825827201493654
2.820000000000001,2.3400000000000043,0.03572997253098745,-0.02186358383568586
2.820000000000001,2.3100000000000045,0.03564163610132126,-0.02190214395187992
2.820000000000001,2.2800000000000047,0.03555111706854086,-0.021941532604822733
2.820000000000001,2.250000000000005,0.035458333767370474,-0.02198177585205921
2.820000000000001,2.220000000000005,0.035363200419709945,-0.02202290080099291
2.820000000000001,2.1900000000000053,0.03526562687333377,-0.02206493565798273
2.820000000000001,2.1600000000000055,0.03516551832044309,-0.02210790978039441
2.820000000000001,2.1300000000000057,0.03506277499426749,-0.022151853730426482
2.820000000000001,2.100000000000006,0.03495729184172687,-0.02219679933207075
2.820000000000001,2.070000000000006,0.03484895817002383,-0.0222427797306598
2.820000000000001,2.0400000000000063,0.03473765726440106,-0.022289829454930632
2.820000000000001,2.0100000000000064,0.03462326597469579,-0.02233798448199867
2.820000000000001,1.9800000000000064,0.03450565426746734,-0.02238728230535858
2.820000000000001,1.9500000000000064,0.03438468474039218,-0.022437762005554314
2.820000000000001,1.9200000000000064,0.03426021209490318,-0.02248946432367506
2.820000000000001,1.8900000000000063,0.0341320825635769,-0.022542431737853134
2.820000000000001,1.8600000000000063,0.03400013328671206,-0.02259670854259721
2.820000000000001,1.8300000000000063,0.03386419163369902,-0.022652340930497547
2.820000000000001,1.8000000000000063,0.033724074462705464,-0.02270937707671236
2.820000000000001,1.7700000000000062,0.03357958731256126,-0.02276786722546384
2.820000000000001,1.7400000000000062,0.03343052351940233,-0.022827863778318608
2.820000000000001,1.7100000000000062,0.03327666324953354,-0.022889421384275382
2.820000000000001,1.6800000000000062,0.033117772439756187,-0.022952597030244645
2.820000000000001,1.6500000000000061,0.03295360163396341,-0.023017450131662717
2.820000000000001,1.620000000000006,0.03278388470486743,-0.023084042622250278
2.820000000000001,1.590000000000006,0.032608337446819055,-0.023152439041321235
2.820000000000001,1.560000000000006,0.03242665602467132,-0.023222706617812464
2.820000000000001,1.530000000000006,0.032238515261628936,-0.02329491534829617
2.820000000000001,1.500000000000006,0.032043566745823954,-0.023369138067074968
2.820000000000001,1.470000000000006,0.031841436733592736,-0.02344545050575117
2.820000000000001,1.440000000000006,0.03163172382326361,-0.023523931337981696
2.820000000000001,1.410000000000006,0.03141399637038082,-0.023604662205757354
2.820000000000001,1.3800000000000059,0.031187789610084646,-0.02368772772176672
2.820000000000001,1.3500000000000059,0.030952602447808106,-0.023773215441377005
2.820000000000001,1.3200000000000058,0.030707893873674133,-0.023861215796342705
2.820000000000001,1.2900000000000058,0.0304530789476428,-0.02395182198088161
2.820000000000001,1.2600000000000058,0.030187524296365294,-0.024045129779079355
2.820000000000001,1.2300000000000058,0.029910543050766347,-0.024141237319047437
2.820000000000001,1.2000000000000057,0.029621389143358042,-0.024240244737759292
2.820000000000001,1.1700000000000057,0.029319250869710208,-0.024342253735902153
2.820000000000001,1.1400000000000057,0.029003243603033104,-0.024447366999075182
2.820000000000001,1.1100000000000056,0.028672401530484278,-0.02455568745543313
2.820000000000001,1.0800000000000056,0.028325668257508457,-0.024667317335573036
2.820000000000001,1.0500000000000056,0.027961886097898882,-0.024782356992093413
2.820000000000001,1.0200000000000056,0.027579783834191175,-0.02490090342924109
2.820000000000001,0.9900000000000055,0.027177962692360284,-0.02502304848362774
2.820000000000001,0.9600000000000055,0.0267548802250953,-0.02514887658539669
2.820000000000001,0.9300000000000055,0.026308831739337072,-0.025278462018123754
2.820000000000001,0.9000000000000055,0.025837928829511657,-0.02541186558136252
2.820000000000001,0.8700000000000054,0.025340074488832045,-0.025549130545571758
2.820000000000001,0.8400000000000054,0.024812934161605696,-0.025690277773858433
2.820000000000001,0.8100000000000054,0.02425390196196553,-0.02583529987074852
2.820000000000001,0.7800000000000054,0.023660061116407036,-0.02598415420556767
2.820000000000001,0.7500000000000053,0.02302813747506489,-0.026136754652230615
2.820000000000001,0.7200000000000053,0.022354444670390144,-0.02629296188811274
2.820000000000001,0.6900000000000053,0.021634819164482122,-0.02645257211557464
2.820000000000001,0.6600000000000052,0.02086454299199732,-0.026615304110129315
2.820000000000001,0.6300000000000052,0.020038251443672522,-0.026780784583393058
2.820000000000001,0.6000000000000052,0.019149822192927483,-0.026948531979953012
2.820000000000001,0.5700000000000052,0.018192241367520394,-0.02711793904007423
2.820000000000001,0.5400000000000051,0.017157440683175578,-0.027288254766824963
2.820000000000001,0.5100000000000051,0.016036097775067384,-0.02745856687064946
2.820000000000001,0.4800000000000051,0.01481738891163787,-0.02762778634379815
2.820000000000001,0.45000000000000506,0.013488678676228907,-0.02779463654418312
2.820000000000001,0.42000000000000504,0.012035123680354686,-0.027957650016380037
2.820000000000001,0.390000000000005,0.010439154456482854,-0.028115177139863327
2.820000000000001,0.360000000000005,0.008679776484298126,-0.02826541137748452
2.820000000000001,0.33000000000000496,0.006731587961179229,-0.028406436029634066
2.820000000000001,0.30000000000000493,0.004563328193391539,-0.028536296426615607
2.820000000000001,0.2700000000000049,0.0021356042280784647,-0.028653098638113106
2.820000000000001,0.2400000000000049,-0.0006028945533273609,-0.028755130154466235
2.820000000000001,0.2100000000000049,-0.003722087410472214,-0.028840988960700226
2.820000000000001,0.1800000000000049,-0.007323007078829845,-0.028909695615967457
2.820000000000001,0.1500000000000049,-0.011562514284084217,-0.028960752613150592
2.820000000000001,0.12000000000000491,-0.016705794831517212,-0.028994118001067867
2.820000000000001,0.09000000000000491,-0.02325239819809636,-0.029010093651535025
2.820000000000001,0.06000000000000491,-0.0323155507508583,-0.029009188594041724
2.820000000000001,0.03000000000000491,-0.008167529373634498,-0.028992032856781202
2.7900000000000014,3,0.03737580998479269,-0.019074173715649914
2.7900000000000014,2.97,0.03732029830277475,-0.019099724858357342
2.7900000000000014,2.9400000000000004,0.03726370665896177,-0.01912573357957356
2.7900000000000014,2.9100000000000006,0.03720600328317249,-0.019152212120279566
2.7900000000000014,2.880000000000001,0.03714715514911282,-0.019179173155007008
2.7900000000000014,2.850000000000001,0.037087127911655984,-0.019206629810729743
2.7900000000000014,2.820000000000001,0.03702588584053523,-0.019234595686990222
2.7900000000000014,2.7900000000000014,0.03696339175000904,-0.019263084876667662
2.7900000000000014,2.7600000000000016,0.03689960692397315,-0.019292111988311232
2.7900000000000014,2.7300000000000018,0.03683449103680463,-0.019321692169237237
2.7900000000000014,2.700000000000002,0.03676800206881034,-0.019351841129974512
2.7900000000000014,2.670000000000002,0.03670009621666216,-0.019382575170208784
2.7900000000000014,2.6400000000000023,0.036630727797912155,-0.019413911205888597
2.7900000000000014,2.6100000000000025,0.03655984914940276,-0.01944586679781403
2.7900000000000014,2.5800000000000027,0.03648741051892297,-0.0194784601819092
2.7900000000000014,2.550000000000003,0.036413359949835744,-0.01951171030098698
2.7900000000000014,2.520000000000003,0.03633764315793076,-0.019545636838436693
2.7900000000000014,2.4900000000000033,0.036260203399861725,-0.01958026025369848
2.7900000000000014,2.4600000000000035,0.03618098133277926,-0.01961560181949583
2.7900000000000014,2.4300000000000037,0.036099914864067065,-0.01965168366156618
2.7900000000000014,2.400000000000004,0.03601693899068198,-0.019688528800355244
2.7900000000000014,2.370000000000004,0.035931985627113125,-0.019726161194972343
2.7900000000000014,2.3400000000000043,0.03584498342099689,-0.019764605789989752
2.7900000000000014,2.3100000000000045,0.03575585755536886,-0.01980388856458619
2.7900000000000014,2.2800000000000047,0.03566452953645764,-0.019844036584566876
2.7900000000000014,2.250000000000005,0.035570916965776606,-0.01988507805753019
2.7900000000000014,2.220000000000005,0.03547493329501235,-0.019927042391143852
2.7900000000000014,2.1900000000000053,0.03537648756235712,-0.019969960254536463
2.7900000000000014,2.1600000000000055,0.035275484108460535,-0.020013863643733462
2.7900000000000014,2.1300000000000057,0.03517182227044315,-0.020058785950475416
2.7900000000000014,2.100000000000006,0.03506539605148419,-0.020104762035242946
2.7900000000000014,2.070000000000006,0.03495609376418484,-0.020151828304494565
2.7900000000000014,2.0400000000000063,0.034843797644986504,-0.020200022792231015
2.7900000000000014,2.0100000000000064,0.034728383436982826,-0.020249385246819657
2.7900000000000014,1.9800000000000064,0.034609719937932784,-0.020299957222104287
2.7900000000000014,1.9500000000000064,0.03448766851023642,-0.02035178217445295
2.7900000000000014,1.9200000000000064,0.03436208254899297,-0.02040490556489237
2.7900000000000014,1.8900000000000063,0.03423280690396112,-0.020459374967532834
2.7900000000000014,1.8600000000000063,0.034099677250749943,-0.020515240183718114
2.7900000000000014,1.8300000000000063,0.03396251940579535,-0.020572553362889046
2.7900000000000014,1.8000000000000063,0.03382114857958405,-0.020631369129852854
2.7900000000000014,1.7700000000000062,0.03367536856110365,-0.02069174471942556
2.7900000000000014,1.7400000000000062,0.03352497082643829,-0.020753740117629857
2.7900000000000014,1.7100000000000062,0.033369733563076404,-0.020817418210846678
2.7900000000000014,1.6800000000000062,0.03320942060035708,-0.020882844942011286
2.7900000000000014,1.6500000000000061,0.03304378023581814,-0.02095008947464208
2.7900000000000014,1.620000000000006,0.032872543945152856,-0.021019224364397196
2.7900000000000014,1.590000000000006,0.032695424962205885,-0.02109032573781086
2.7900000000000014,1.560000000000006,0.03251211671408549,-0.021163473478533992
2.7900000000000014,1.530000000000006,0.03232229109314774,-0.021238751419926843
2.7900000000000014,1.500000000000006,0.0321255965465752,-0.021316247543746947
2.7900000000000014,1.470000000000006,0.03192165596053095,-0.021396054183664318
2.7900000000000014,1.440000000000006,0.03171006431291917,-0.021478268232373636
2.7900000000000014,1.410000000000006,0.031490386065009215,-0.021562991349975774
2.7900000000000014,1.3800000000000059,0.031262152257718494,-0.021650330171765153
2.7900000000000014,1.3500000000000059,0.031024857273226562,-0.021740396511430574
2.7900000000000014,1.3200000000000058,0.03077795521649682,-0.021833307556134385
2.7900000000000014,1.2900000000000058,0.0305208558641488,-0.02192918604723265
2.7900000000000014,1.2600000000000058,0.030252920120220357,-0.02202816044060324
2.7900000000000014,1.2300000000000058,0.029973454907544893,-0.02213036503735131
2.7900000000000014,1.2000000000000057,0.029681707413151924,-0.02223594007417956
2.7900000000000014,1.1700000000000057,0.02937685859106299,-0.022345031759461453
2.7900000000000014,1.1400000000000057,0.029058015810270312,-0.022457792238580576
2.7900000000000014,1.1100000000000056,0.028724204515731454,-0.022574379466331645
2.7900000000000014,1.0800000000000056,0.028374358746676397,-0.022694956960753798
2.7900000000000014,1.0500000000000056,0.028007310328847644,-0.02281969340490861
2.7900000000000014,1.0200000000000056,0.027621776522900883,-0.0229487620565971
2.7900000000000014,0.9900000000000055,0.02721634587054066,-0.023082339915704155
2.7900000000000014,0.9600000000000055,0.026789461930207557,-0.023220606587742054
2.7900000000000014,0.9300000000000055,0.026339404534188933,-0.023363742768202356
2.7900000000000014,0.9000000000000055,0.02586426812458529,-0.023511928256086057
2.7900000000000014,0.8700000000000054,0.025361936636116012,-0.02366533938397851
2.7900000000000014,0.8400000000000054,0.024830054281719555,-0.023824145731163197
2.7900000000000014,0.8100000000000054,0.02426599146039645,-0.023988505956511738
2.7900000000000014,0.7800000000000054,0.023666804834660975,-0.024158562560797132
2.7900000000000014,0.7500000000000053,0.023029190412476558,-0.024334435352975414
2.7900000000000014,0.7200000000000053,0.022349428198723778,-0.024516213362552525
2.7900000000000014,0.6900000000000053,0.02162331664082761,-0.02470394490843622
2.7900000000000014,0.6600000000000052,0.020846094654626765,-0.02489762551060399
2.7900000000000014,0.6300000000000052,0.020012348449916,-0.02509718332505334
2.7900000000000014,0.6000000000000052,0.01911589962407223,-0.02530246180444487
2.7900000000000014,0.5700000000000052,0.018149669983707747,-0.02551319936514263
2.7900000000000014,0.5400000000000051,0.017105517154411762,-0.025729005997558806
2.7900000000000014,0.5100000000000051,0.015974033039770547,-0.025949337039950865
2.7900000000000014,0.4800000000000051,0.01474429420981771,-0.02617346479501512
2.7900000000000014,0.45000000000000506,0.01340354865764639,-0.026400449370984833
2.7900000000000014,0.42000000000000504,0.011936815767388618,-0.026629111135112182
2.7900000000000014,0.390000000000005,0.010326363299764718,-0.026858008520014368
2.7900000000000014,0.360000000000005,0.008551001786556343,-0.02708542659204466
2.7900000000000014,0.33000000000000496,0.006585092972703736,-0.027309383603889854
2.7900000000000014,0.30000000000000493,0.004397084419955828,-0.02752766425895042
2.7900000000000014,0.2700000000000049,0.001947214561020311,-0.027737888728343013
2.7900000000000014,0.2400000000000049,-0.0008163086011956575,-0.027937624057442947
2.7900000000000014,0.2100000000000049,-0.0039640618729080606,-0.028124537218914572
2.7900000000000014,0.1800000000000049,-0.007598030246789785,-0.028296574116472947
2.7900000000000014,0.1500000000000049,-0.011876556151009977,-0.02845212557044044
2.7900000000000014,0.12000000000000491,-0.017067336963536107,-0.028590117845208707
2.7900000000000014,0.09000000000000491,-0.023674671146418927,-0.02870997154607665
2.7900000000000014,0.06000000000000491,-0.03282242740239258,-0.028811451448112535
2.7900000000000014,0.03000000000000491,-0.008143679919158738,-0.028894531090789474
2.7600000000000016,3,0.03750518936180075,-0.017224034186833104
2.7600000000000016,2.97,0.03744917705563924,-0.017249815602295125
2.7600000000000016,2.9400000000000004,0.0373920750303351,-0.01727606396429393
2.7600000000000016,2.9100000000000006,0.03733385122818814,-0.017302791945889094
2.7600000000000016,2.880000000000001,0.03727447232388155,-0.017330012677433553
2.7600000000000016,2.850000000000001,0.03721390366139496,-0.01735773976705878
2.7600000000000016,2.820000000000001,0.037152109186982384,-0.017385987322330175
2.7600000000000016,2.7900000000000014,0.03708905137817299,-0.017414769972922607
2.7600000000000016,2.7600000000000016,0.03702469116833128,-0.017444102894697666
2.7600000000000016,2.7300000000000018,0.036958987866639426,-0.017474001834972178
2.7600000000000016,2.700000000000002,0.03689189907284415,-0.017504483139190112
2.7600000000000016,2.670000000000002,0.036823380586895965,-0.01753556377927118
2.7600000000000016,2.6400000000000023,0.036753386312560574,-0.017567261383034986
2.7600000000000016,2.6100000000000025,0.03668186815489749,-0.017599594266029278
2.7600000000000016,2.5800000000000027,0.036608775910988475,-0.017632581464455552
2.7600000000000016,2.550000000000003,0.036534057153441886,-0.01766624277035611
2.7600000000000016,2.520000000000003,0.03645765710613917,-0.017700598768702183
2.7600000000000016,2.4900000000000033,0.036379518511578085,-0.017735670876817905
2.7600000000000016,2.4600000000000035,0.03629958148904827,-0.017771481385703364
2.7600000000000016,2.4300000000000037,0.03621778338316263,-0.017808053504256086
2.7600000000000016,2.400000000000004,0.03613405860166682,-0.01784541140582034
2.7600000000000016,2.370000000000004,0.036048338441773034,-0.01788358027760456
2.7600000000000016,2.3400000000000043,0.03596055090420193,-0.017922586372960958
2.7600000000000016,2.3100000000000045,0.03587062049358383,-0.017962457067067936
2.7600000000000016,2.2800000000000047,0.03577846800434008,-0.018003220915772833
2.7600000000000016,2.250000000000005,0.03568401029066562,-0.018044907718180337
2.7600000000000016,2.220000000000005,0.03558716001919329,-0.018087548583022826
2.7600000000000016,2.1900000000000053,0.03548782540291209,-0.01813117599921507
2.7600000000000016,2.1600000000000055,0.03538590991463758,-0.018175823910830113
2.7600000000000016,2.1300000000000057,0.035281311978006526,-0.018221527796681153
2.7600000000000016,2.100000000000006,0.035173924634279055,-0.01826832475517092
2.7600000000000016,2.070000000000006,0.03506363518239419,-0.01831625359427884
2.7600000000000016,2.0400000000000063,0.034950324789754135,-0.018365354927461094
2.7600000000000016,2.0100000000000064,0.034833868071371406,-0.018415671275746608
2.7600000000000016,1.9800000000000064,0.03471413263363182,-0.018467247176276
2.7600000000000016,1.9500000000000064,0.034590978579937856,-0.018520129298078655
2.7600000000000016,1.9200000000000064,0.03446425797379854,-0.018574366565174222
2.7600000000000016,1.8900000000000063,0.034333814255550946,-0.018630010287845916
2.7600000000000016,1.8600000000000063,0.03419948160779625,-0.018687114302486957
2.7600000000000016,1.8300000000000063,0.03406108426415433,-0.01874573512063632
2.7600000000000016,1.8000000000000063,0.033918435755571616,-0.01880593208746956
2.7600000000000016,1.7700000000000062,0.03377133808743028,-0.018867767551270793
2.7600000000000016,1.7400000000000062,0.03361958083994098,-0.01893130704338737
2.7600000000000016,1.7100000000000062,0.03346294018342462,-0.018996619470136783
2.7600000000000016,1.6800000000000062,0.033301177799226804,-0.019063777317200825
2.7600000000000016,1.6500000000000061,0.03313403969503394,-0.019132856867123738
2.7600000000000016,1.620000000000006,0.03296125490317248,-0.0192039384305929
2.7600000000000016,1.590000000000006,0.0327825340476781,-0.019277106592226576
2.7600000000000016,1.560000000000006,0.03259756776485984,-0.019352450471754212
2.7600000000000016,1.530000000000006,0.03240602495958144,-0.019430064000918866
2.7600000000000016,1.500000000000006,0.03220755087730476,-0.01951004621662561
2.7600000000000016,1.470000000000006,0.032001764968906735,-0.019592501571059254
2.7600000000000016,1.440000000000006,0.03178825852168492,-0.019677540258584342
2.7600000000000016,1.410000000000006,0.031566592027320095,-0.01976527855972085
2.7600000000000016,1.3800000000000059,0.031336292251311015,-0.019855839201741277
2.7600000000000016,1.3500000000000059,0.031096848964882864,-0.019949351735009974
2.7600000000000016,1.3200000000000058,0.030847711293212003,-0.02004595292400413
2.7600000000000016,1.2900000000000058,0.030588283627217615,-0.020145787150754088
2.7600000000000016,1.2600000000000058,0.030317921037252032,-0.02024900682750544
2.7600000000000016,1.2300000000000058,0.030035924117622535,-0.020355772814895416
2.7600000000000016,1.2000000000000057,0.029741533179008794,-0.020466254838952543
2.7600000000000016,1.1700000000000057,0.029433921691258767,-0.020580631900168726
2.7600000000000016,1.1400000000000057,0.029112188863727358,-0.02069909266322624
2.7600000000000016,1.1100000000000056,0.028775351229135875,-0.02082183581392827
2.7600000000000016,1.0800000000000056,0.028422333074515645,-0.02094907036628635
2.7600000000000016,1.0500000000000056,0.028051955533526546,-0.02108101589562153
2.7600000000000016,1.0200000000000056,0.027662924120573758,-0.021217902668457085
2.7600000000000016,0.9900000000000055,0.027253814446015802,-0.021359971631445825
2.7600000000000016,0.9600000000000055,0.026823055801261955,-0.021507474210441982
2.7600000000000016,0.9300000000000055,0.026368912242033887,-0.021660671858425906
2.7600000000000016,0.9000000000000055,0.025889460723378957,-0.021819835273865495
2.7600000000000016,0.8700000000000054,0.025382565749078954,-0.0219852431917468
2.7600000000000016,0.8400000000000054,0.024845849885780556,-0.022157180623133512
2.7600000000000016,0.8100000000000054,0.024276659353165753,-0.022335936389375144
2.7600000000000016,0.7800000000000054,0.023672023729534385,-0.02252179975870138
2.7600000000000016,0.7500000000000053,0.02302860859561648,-0.022715055948615115
2.7600000000000016,0.7200000000000053,0.022342659668795083,-0.022915980204895284
2.7600000000000016,0.6900000000000053,0.021609936634840673,-0.023124830106398216
2.7600000000000016,0.6600000000000052,0.02082563444270053,-0.02334183568069756
2.7600000000000016,0.6300000000000052,0.019984289254327693,-0.023567186845125543
2.7600000000000016,0.6000000000000052,0.019079665485034418,-0.023801017628010207
2.7600000000000016,0.5700000000000052,0.018104619349480048,-0.0240433865837763
2.7600000000000016,0.5400000000000051,0.01705093291707472,-0.024294252820935447
2.7600000000000016,0.5100000000000051,0.015909110660112656,-0.024553447155906183
2.7600000000000016,0.4800000000000051,0.014668127469902476,-0.024820638145125015
2.7600000000000016,0.45000000000000506,0.013315112428216286,-0.02509529322787668
2.7600000000000016,0.42000000000000504,0.011834944953546058,-0.025376636050746887
2.7600000000000016,0.390000000000005,0.010209726778528588,-0.02566360239785561
2.7600000000000016,0.360000000000005,0.008418069576088712,-0.025954799178910054
2.7600000000000016,0.33000000000000496,0.006434093881078762,-0.026248473726658162
2.7600000000000016,0.30000000000000493,0.004225949622448664,-0.026542504129527203
2.7600000000000016,0.2700000000000049,0.0017534991555663568,-0.026834424867541923
2.7600000000000016,0.2400000000000049,-0.0010355406701653379,-0.027121504012384442
2.7600000000000016,0.2100000000000049,-0.004212417596441184,-0.02740088528377721
2.7600000000000016,0.1800000000000049,-0.007880088308540208,-0.02766979438919248
2.7600000000000016,0.1500000000000049,-0.012198407247276555,-0.027925777117088227
2.7600000000000016,0.12000000000000491,-0.017437634876113134,-0.028166887849453287
2.7600000000000016,0.09000000000000491,-0.024106916400833223,-0.02839171959383255
2.7600000000000016,0.06000000000000491,-0.03334098309564791,-0.02859925177607757
2.7600000000000016,0.03000000000000491,-0.008120061711167699,-0.028788676411350203
2.7300000000000018,3,0.037635384966433094,-0.015603186618249373
2.7300000000000018,2.97,0.03757886236311851,-0.015629175139520605
2.7300000000000018,2.9400000000000004,0.0375212400943912,-0.01565563821055018
2.7300000000000018,2.9100000000000006,0.03746248580938931,-0.015682588841804047
2.7300000000000018,2.880000000000001,0.03740256587805695,-0.015710040519228946
2.7300000000000018,2.850000000000001,0.037341445327416144,-0.015738007225788463
2.7300000000000018,2.820000000000001,0.037279087773932365,-0.01576650346450542
2.7300000000000018,2.7900000000000014,0.037215455351922236,-0.015795544282341686
2.7300000000000018,2.7600000000000016,0.037150508637402144,-0.015825145295849843
2.7300000000000018,2.7300000000000018,0.03708420656718958,-0.01585532271789844
2.7300000000000018,2.700000000000002,0.03701650635318056,-0.01588609338606145
2.7300000000000018,2.670000000000002,0.036947363390887694,-0.01591747479262423
2.7300000000000018,2.6400000000000023,0.03687673116220534,-0.015949485116314555
2.7300000000000018,2.6100000000000025,0.03680456113208259,-0.015982143255711567
2.7300000000000018,2.5800000000000027,0.03673080263807564,-0.016015468864803956
2.7300000000000018,2.550000000000003,0.03665540277291824,-0.01604948239051343
2.7300000000000018,2.520000000000003,0.03657830625907814,-0.01608420511256528
2.7300000000000018,2.4900000000000033,0.03649945531480023,-0.016119659185374544
2.7300000000000018,2.4600000000000035,0.03641878951117362,-0.016155867683000938
2.7300000000000018,2.4300000000000037,0.03633624561900163,-0.016192854646373628
2.7300000000000018,2.400000000000004,0.036251757445409,-0.016230645133636146
2.7300000000000018,2.370000000000004,0.03616525565832232,-0.016269265273471167
2.7300000000000018,2.3400000000000043,0.03607666759902346,-0.016308742321870295
2.7300000000000018,2.3100000000000045,0.0359859170804985,-0.016349104722341093
2.7300000000000018,2.2800000000000047,0.035892924171516745,-0.01639038216987221
2.7300000000000018,2.250000000000005,0.0357976049643815,-0.016432605679301826
2.7300000000000018,2.220000000000005,0.035699871325446726,-0.01647580765765077
2.7300000000000018,2.1900000000000053,0.035599630626485204,-0.016520021981382804
2.7300000000000018,2.1600000000000055,0.03549678545546646,-0.016565284078629384
2.7300000000000018,2.1300000000000057,0.03539123330489009,-0.0166116310169297
2.7300000000000018,2.100000000000006,0.03528286623535654,-0.016659101596635473
2.7300000000000018,2.070000000000006,0.03517157051230704,-0.016707736450645654
2.7300000000000018,2.0400000000000063,0.0350572262133892,-0.01675757815090858
2.7300000000000018,2.0100000000000064,0.034939706803491066,-0.016808671321989516
2.7300000000000018,1.9800000000000064,0.03481887867451026,-0.016861062762517337
2.7300000000000018,1.9500000000000064,0.0346946006462578,-0.01691480157507194
2.7300000000000018,1.9200000000000064,0.03456672342470771,-0.016969939304723416
2.7300000000000018,1.8900000000000063,0.03443508901334631,-0.017026530087708852
2.7300000000000018,1.8600000000000063,0.034299530072636475,-0.017084630810230733
2.7300000000000018,1.8300000000000063,0.03415986922249659,-0.01714430127833655
2.7300000000000018,1.8000000000000063,0.03401591828165041,-0.01720560440027158
2.7300000000000018,1.7700000000000062,0.03386747743702974,-0.0172686063815298
2.7300000000000018,1.7400000000000062,0.033714334335964595,-0.01733337693379844
2.7300000000000018,1.7100000000000062,0.03355626309235511,-0.0173999894990826
2.7300000000000018,1.6800000000000062,0.03339302319751067,-0.01746852149004329
2.7300000000000018,1.6500000000000061,0.033224358324604464,-0.017539054547356506
2.7300000000000018,1.620000000000006,0.03304999501494005,-0.017611674815956553
2.7300000000000018,1.590000000000006,0.03286964123169439,-0.017686473241023272
2.7300000000000018,1.560000000000006,0.03268298476580539,-0.017763545885369613
2.7300000000000018,1.530000000000006,0.03248969147638941,-0.017842994269626378
2.7300000000000018,1.500000000000006,0.032289403344539905,-0.017924925736627434
2.7300000000000018,1.470000000000006,0.032081736318595885,-0.018009453841591666
2.7300000000000018,1.440000000000006,0.03186627792320978,-0.018096698769654418
2.7300000000000018,1.410000000000006,0.03164258460269806,-0.018186787781961478
2.7300000000000018,1.3800000000000059,0.03141017876344521,-0.018279855692356847
2.7300000000000018,1.3500000000000059,0.031168545475474665,-0.01837604537482063
2.7300000000000018,1.3200000000000058,0.030917128786668926,-0.0184755083038421
2.7300000000000018,1.2900000000000058,0.030655327596612547,-0.01857840512741729
2.7300000000000018,1.2600000000000058,0.03038249102766786,-0.018684906273272933
2.7300000000000018,1.2300000000000058,0.030097913221534475,-0.018795192587451395
2.7300000000000018,1.2000000000000057,0.029800827477601523,-0.018909456003579014
2.7300000000000018,1.1700000000000057,0.02949039963467579,-0.01902790024055108
2.7300000000000018,1.1400000000000057,0.029165720582132154,-0.019150741522706405
2.7300000000000018,1.1100000000000056,0.028825797765472855,-0.019278209316620748
2.7300000000000018,1.0800000000000056,0.028469545527790584,-0.01941054707367873
2.7300000000000018,1.0500000000000056,0.02809577410032149,-0.019548012964598155
2.7300000000000018,1.0200000000000056,0.027703177020074455,-0.019690880585869985
2.7300000000000018,0.9900000000000055,0.02729031671143619,-0.01983943961305054
2.7300000000000018,0.9600000000000055,0.026855607917641293,-0.019993996364089946
2.7300000000000018,0.9300000000000055,0.026397298606755198,-0.02015487422760137
2.7300000000000018,0.9000000000000055,0.02591344790168272,-0.020322413893723648
2.7300000000000018,0.8700000000000054,0.025401900491653074,-0.02049697330804333
2.7300000000000018,0.8400000000000054,0.024860256869046367,-0.020678927243746786
2.7300000000000018,0.8100000000000054,0.024285838596068397,-0.02086866635729992
2.7300000000000018,0.7800000000000054,0.02367564763047099,-0.021066595553719564
2.7300000000000018,0.7500000000000053,0.023026318522744574,-0.02127313143889885
2.7300000000000018,0.7200000000000053,0.02233406202254117,-0.021488698576203558
2.7300000000000018,0.6900000000000053,0.021594598284047535,-0.02171372419016762
2.7300000000000018,0.6600000000000052,0.02080307741489019,-0.021948630871534508
2.7300000000000018,0.6300000000000052,0.019953984532614433,-0.02219382673363781
2.7300000000000018,0.6000000000000052,0.019041025730090914,-0.022449692354015574
2.7300000000000018,0.5700000000000052,0.01805699032005651,-0.022716563714341345
2.7300000000000018,0.5400000000000051,0.016993583304013897,-0.022994710242505285
2.7300000000000018,0.5100000000000051,0.01584121997051924,-0.023284306993448516
2.7300000000000018,0.4800000000000051,0.014588771490062574,-0.023585400038979496
2.7300000000000018,0.45000000000000506,0.013223245639678931,-0.023897864356167517
2.7300000000000018,0.42000000000000504,0.011729379048218625,-0.024221354060767378
2.7300000000000018,0.390000000000005,0.0100891040616257,-0.024555245938005288
2.7300000000000018,0.360000000000005,0.008280829460019408,-0.024898579169512533
2.7300000000000018,0.33000000000000496,0.0062784296604119745,-0.025249997291466236
2.7300000000000018,0.30000000000000493,0.00404975088421526,-0.0256077030179747
2.7300000000000018,0.2700000000000049,0.001554271709414883,-0.02596944251268274
2.7300000000000018,0.2400000000000049,-0.0012607922546269096,-0.02633254173014181
2.7300000000000018,0.2100000000000049,-0.0044673735012771,-0.026694019743837602
2.7300000000000018,0.1800000000000049,-0.008169420466662884,-0.02705079401672788
2.7300000000000018,0.1500000000000049,-0.012528330887246822,-0.02739995667561225
2.7300000000000018,0.12000000000000491,-0.01781698148211258,-0.027739031093690025
2.7300000000000018,0.09000000000000491,-0.024549465116065046,-0.028066055406804666
2.7300000000000018,0.06000000000000491,-0.0338716030163195,-0.028379420980395975
2.7300000000000018,0.03000000000000491,-0.00809667061614794,-0.02867765328586247
2.700000000000002,3,0.03776639674152077,-0.014191152361615833
2.700000000000002,2.97,0.03770935387451224,-0.01421733082125054
2.700000000000002,2.9400000000000004,0.03765120120113097,-0.014243990169094958
2.700000000000002,2.9100000000000006,0.037591906071644074,-0.01427114368582455
2.700000000000002,2.880000000000001,0.037531434545260686,-0.014298805141887555
2.700000000000002,2.850000000000001,0.03746975132576684,-0.01432698881981909
2.700000000000002,2.820000000000001,0.037406819693458784,-0.014355709538322659
2.700000000000002,2.7900000000000014,0.037342601432658024,-0.014384982677162705
2.700000000000002,2.7600000000000016,0.037277056754985494,-0.014414824203922719
2.700000000000002,2.7300000000000018,0.037210144217701996,-0.014445250701879402
2.700000000000002,2.700000000000002,0.03714182063714235,-0.014476279399784131
2.700000000000002,2.670000000000002,0.037072040996422514,-0.01450792820313545
2.700000000000002,2.6400000000000023,0.037000758347386385,-0.014540215727446973
2.700000000000002,2.6100000000000025,0.03692792370611234,-0.0145731613333476
2.700000000000002,2.5800000000000027,0.03685348594169149,-0.014606785163763958
2.700000000000002,2.550000000000003,0.03677739165753978,-0.014641108183435392
2.700000000000002,2.520000000000003,0.03669958506483377,-0.014676152220509442
2.700000000000002,2.4900000000000033,0.03662000784733451,-0.014711940011235741
2.700000000000002,2.4600000000000035,0.03653859901705995,-0.014748495246647703
2.700000000000002,2.4300000000000037,0.03645529475985417,-0.014785842622727044
2.700000000000002,2.400000000000004,0.03637002827030553,-0.014824007893597835
2.700000000000002,2.370000000000004,0.03628272957480732,-0.014863017927644218
2.700000000000002,2.3400000000000043,0.03619332534210434,-0.014902900767778476
2.700000000000002,2.3100000000000045,0.03610173867998919,-0.014943685695144565
2.700000000000002,2.2800000000000047,0.036007888917363576,-0.014985403297264027
2.700000000000002,2.250000000000005,0.03591169136967565,-0.01502808554022679
2.700000000000002,2.220000000000005,0.035813057087184144,-0.015071765846031648
2.700000000000002,2.1900000000000053,0.035711892583878066,-0.015116479174916098
2.700000000000002,2.1600000000000055,0.03560809954559595,-0.015162262112996538
2.700000000000002,2.1300000000000057,0.03550157451527999,-0.015209152966249945
2.700000000000002,2.100000000000006,0.03539220855359915,-0.015257191860598037
2.700000000000002,2.070000000000006,0.03527988687219526,-0.015306420848873459
2.700000000000002,2.0400000000000063,0.035164488437458646,-0.015356884025447104
2.700000000000002,2.0100000000000064,0.035045885541569524,-0.015408627648663048
2.700000000000002,1.9800000000000064,0.03492394333795848,-0.015461700272017764
2.700000000000002,1.9500000000000064,0.0347985193376012,-0.015516152884780268
2.700000000000002,1.9200000000000064,0.03466946286221754,-0.01557203906245655
2.700000000000002,1.8900000000000063,0.03453661445010729,-0.015629415128399507
2.700000000000002,1.8600000000000063,0.03439980520956814,-0.015688340327252526
2.700000000000002,1.8300000000000063,0.0342588561150893,-0.015748877010838547
2.700000000000002,1.8000000000000063,0.034113577239364735,-0.01581109083835819
2.700000000000002,1.7700000000000062,0.03396376691504893,-0.015875050991031536
2.700000000000002,1.7400000000000062,0.033809210818492266,-0.015940830403272266
2.700000000000002,1.7100000000000062,0.03364968096652737,-0.016008506011168717
2.700000000000002,1.6800000000000062,0.033484934617267315,-0.016078159020135804
2.700000000000002,1.6500000000000061,0.03331471306334652,-0.01614987519287736
2.700000000000002,1.620000000000006,0.03313874030579434,-0.016223745159648167
2.700000000000002,1.590000000000006,0.03295672159437224,-0.016299864752610693
2.700000000000002,1.560000000000006,0.03276834181862268,-0.016378335366128483
2.700000000000002,1.530000000000006,0.032573263731490304,-0.01645926434516143
2.700000000000002,1.500000000000006,0.03237112598538541,-0.016542765403957382
2.700000000000002,1.470000000000006,0.032161540956813436,-0.016628959077609362
2.700000000000002,1.440000000000006,0.03194409233332651,-0.01671797320863691
2.700000000000002,1.410000000000006,0.03171833243186535,-0.016809943471518096
2.700000000000002,1.3800000000000059,0.03148377921344271,-0.016905013938064054
2.700000000000002,1.3500000000000059,0.031239912953813776,-0.017003337685747633
2.700000000000002,1.3200000000000058,0.030986172523033033,-0.017105077452578832
2.700000000000002,1.2900000000000058,0.030721951220559318,-0.017210406340841287
2.700000000000002,1.2600000000000058,0.0304465921029161,-0.017319508572381112
2.700000000000002,1.2300000000000058,0.030159382731271316,-0.017432580297767966
2.700000000000002,1.2000000000000057,0.02985954925459921,-0.017549830461180888
2.700000000000002,1.1700000000000057,0.02954624972926194,-0.017671481721776322
2.700000000000002,1.1400000000000057,0.029218566559580363,-0.017797771432273957
2.700000000000002,1.1100000000000056,0.028875497923207954,-0.017928952672142617
2.700000000000002,1.0800000000000056,0.028515948021762702,-0.01806529533285786
2.700000000000002,1.0500000000000056,0.028138715967222252,-0.018207087247639586
2.700000000000002,1.0200000000000056,0.02774248308093771,-0.018354635355829374
2.700000000000002,0.9900000000000055,0.027325798338785564,-0.01850826688560321
2.700000000000002,0.9600000000000055,0.02688706164599214,-0.018668330532011307
2.700000000000002,0.9300000000000055,0.02642450456229934,-0.018835197597797948
2.700000000000002,0.9000000000000055,0.025936168022721452,-0.01900926305186193
2.700000000000002,0.8700000000000054,0.02541987650625009,-0.019190946443218143
2.700000000000002,0.8400000000000054,0.02487320799003541,-0.01938069258740005
2.700000000000002,0.8100000000000054,0.024293458885605933,-0.019578971912429514
2.700000000000002,0.7800000000000054,0.02367760297735093,-0.019786280315714888
2.700000000000002,0.7500000000000053,0.02302224316366775,-0.02000313833440978
2.700000000000002,0.7200000000000053,0.022323554525007807,-0.020230089370058768
2.700000000000002,0.6900000000000053,0.021577216890159363,-0.020467696630502907
2.700000000000002,0.6600000000000052,0.020778334623752344,-0.020716538353221625
2.700000000000002,0.6300000000000052,0.019921340771173194,-0.020977200751568198
2.700000000000002,0.6000000000000052,0.018999881926871687,-0.021250267980807203
2.700000000000002,0.5700000000000052,0.01800667915050326,-0.02153630824832528
2.700000000000002,0.5400000000000051,0.016933358816600977,-0.02183585500953847
2.700000000000002,0.5100000000000051,0.015770245222530878,-0.02214938201073338
2.700000000000002,0.4800000000000051,0.014506103711432752,-0.022477270811876615
2.700000000000002,0.45000000000000506,0.013127818286563736,-0.022819769425131253
2.700000000000002,0.42000000000000504,0.011619979873742933,-0.02317694098707271
2.700000000000002,0.390000000000005,0.009964347967152266,-0.023548602179973815
2.700000000000002,0.360000000000005,0.008139124291719816,-0.023934252803255576
2.700000000000002,0.33000000000000496,0.0061179320820343094,-0.024333000984044034
2.700000000000002,0.30000000000000493,0.003868307582772311,-0.024743493599597627
2.700000000000002,0.2700000000000049,0.0013493376471148278,-0.025163868944918823
2.700000000000002,0.2400000000000049,-0.0014922737672299537,-0.025591757811873478
2.700000000000002,0.2100000000000049,-0.004729158168342138,-0.026024366235115406
2.700000000000002,0.1800000000000049,-0.008466276451141582,-0.026458668050386797
2.700000000000002,0.1500000000000049,-0.012866601946455199,-0.026891698838668043
2.700000000000002,0.12000000000000491,-0.018205682530414817,-0.02732085707282267
2.700000000000002,0.09000000000000491,-0.025002662938898697,-0.027744022723147146
2.700000000000002,0.06000000000000491,-0.03441468919819335,-0.028159374405252097
2.700000000000002,0.03000000000000491,-0.00807350260976816,-0.028565110259506532
2.670000000000002,3,0.03789822413470756,-0.012973547573791822
2.670000000000002,2.97,0.03784065073166052,-0.012999904460610057
2.670000000000002,2.9400000000000004,0.03778195718063445,-0.01302674765970624
2.670000000000002,2.9100000000000006,0.03772211052707563,-0.013054090673199986
2.670000000000002,2.880000000000001,0.03766107651328023,-0.013081947504212738
2.670000000000002,2.850000000000001,0.03759881951346437,-0.013110332680129066
2.670000000000002,2.820000000000001,0.037535302464995465,-0.013139261277246878
2.670000000000002,2.7900000000000014,0.03747048679531581,-0.013168748946596809
2.670000000000002,2.7600000000000016,0.037404332344389266,-0.013198811941442318
2.670000000000002,2.7300000000000018,0.03733679728240886,-0.013229467146311485
2.670000000000002,2.700000000000002,0.037267838022283506,-0.01326073210754275
2.670000000000002,2.670000000000002,0.03719740912656608,-0.013292625065841668
2.670000000000002,2.6400000000000023,0.037125463208443274,-0.013325164990599464
2.670000000000002,2.6100000000000025,0.03705195082633212,-0.01335837161619001
2.670000000000002,2.5800000000000027,0.03697682037149326,-0.013392265480651293
2.670000000000002,2.550000000000003,0.03690001794830892,-0.013426867966651886
2.670000000000002,2.520000000000003,0.03682148724650393,-0.013462201344673963
2.670000000000002,2.4900000000000033,0.03674116940476794,-0.013498288819144291
2.670000000000002,2.4600000000000035,0.03665900286494932,-0.013535154577523384
2.670000000000002,2.4300000000000037,0.03657492321629338,-0.013572823842000481
2.670000000000002,2.400000000000004,0.03648886302867552,-0.013611322924920115
2.670000000000002,2.370000000000004,0.03640075167420493,-0.01365067928762434
2.670000000000002,2.3400000000000043,0.036310515135737034,-0.013690921602848308
2.670000000000002,2.3100000000000045,0.036218075801946956,-0.013732079821612453
2.670000000000002,2.2800000000000047,0.036123352247004546,-0.013774185243921266
2.670000000000002,2.250000000000005,0.03602625899412219,-0.013817270594842668
2.670000000000002,2.220000000000005,0.03592670626129339,-0.013861370105078069
2.670000000000002,2.1900000000000053,0.03582459968763639,-0.013906519597291014
2.670000000000002,2.1600000000000055,0.03571984003887475,-0.013952756578286481
2.670000000000002,2.1300000000000057,0.03561232288954908,-0.014000120337313599
2.670000000000002,2.100000000000006,0.03550193828048079,-0.014048652051680379
2.670000000000002,2.070000000000006,0.03538857034859229,-0.01409839489931808
2.670000000000002,2.0400000000000063,0.03527209692684782,-0.01414939417943957
2.670000000000002,2.0100000000000064,0.03515238911139505,-0.014201697442004196
2.670000000000002,1.9800000000000064,0.03502931079255572,-0.014255354626391298
2.670000000000002,1.9500000000000064,0.03490271814640658,-0.014310418210172704
2.670000000000002,1.9200000000000064,0.034772459082853584,-0.014366943368895824
2.670000000000002,1.8900000000000063,0.03463837264575195,-0.014424988147688153
2.670000000000002,1.8600000000000063,0.03450028836050453,-0.014484613645877054
2.670000000000002,1.8300000000000063,0.03435802552322334,-0.014545884215361071
2.670000000000002,1.8000000000000063,0.03421139242577066,-0.01460886767422756
2.670000000000002,1.7700000000000062,0.03406018550959895,-0.014673635536867125
2.670000000000002,1.7400000000000062,0.03390418844077034,-0.014740263262043543
2.670000000000002,1.7100000000000062,0.03374317109728551,-0.014808830520222638
2.670000000000002,1.6800000000000062,0.033576888459471856,-0.014879421482042464
2.670000000000002,1.6500000000000061,0.03340507939190209,-0.01495212513005624
2.670000000000002,1.620000000000006,0.033227465304661995,-0.015027035595047311
2.670000000000002,1.590000000000006,0.03304374867995588,-0.015104252519914652
2.670000000000002,1.560000000000006,0.03285361144790202,-0.015183881452952741
2.670000000000002,1.530000000000006,0.03265671319336248,-0.015266034273350437
2.670000000000002,1.500000000000006,0.03245268917341795,-0.015350829651767373
2.670000000000002,1.470000000000006,0.032241148121438315,-0.015438393548991972
2.670000000000002,1.440000000000006,0.03202166981114262,-0.01552885975590794
2.670000000000002,1.410000000000006,0.03179380234954732,-0.015622370478319658
2.670000000000002,1.3800000000000059,0.0315570591634009,-0.015719076970629117
2.670000000000002,1.3500000000000059,0.03131091563815584,-0.015819140222086206
2.670000000000002,1.3200000000000058,0.031054805362440527,-0.015922731700264675
2.670000000000002,1.2900000000000058,0.030788115923422905,-0.01603003415549259
2.670000000000002,1.2600000000000058,0.030510184190223277,-0.016141242491796937
2.670000000000002,1.2300000000000058,0.030220291011599523,-0.016256564708151344
2.670000000000002,1.2000000000000057,0.029917655242724005,-0.016376222914765173
2.670000000000002,1.1700000000000057,0.02960142700139505,-0.016500454429132422
2.670000000000002,1.1400000000000057,0.029270680036456987,-0.016629512954937725
2.670000000000002,1.1100000000000056,0.028924403071734994,-0.016763669847415813
2.670000000000002,1.0800000000000056,0.028561489963442526,-0.016903215466177735
2.670000000000002,1.0500000000000056,0.028180728480868944,-0.017048460615637945
2.670000000000002,1.0200000000000056,0.027780787483907936,-0.01719973806967634
2.670000000000002,0.9900000000000055,0.02736020222923477,-0.017357404173132793
2.670000000000002,0.9600000000000055,0.026917357485187386,-0.017521840507879888
2.670000000000002,0.9300000000000055,0.026450468072468886,-0.01769345560257142
2.670000000000002,0.9000000000000055,0.025957556371256837,-0.017872686654935674
2.670000000000002,0.8700000000000054,0.02543642624242999,-0.01806000122251311
2.670000000000002,0.8400000000000054,0.024884632692927386,-0.01825589881585897
2.670000000000002,0.8100000000000054,0.02429944647500907,-0.018460912305956007
2.670000000000002,0.7800000000000054,0.023677812629394404,-0.01867560902052412
2.670000000000002,0.7500000000000053,0.023016301761185975,-0.01890059136023972
2.670000000000002,0.7200000000000053,0.022311052557989985,-0.019136496706170375
2.670000000000002,0.6900000000000053,0.021557703704349007,-0.019383996311436807
2.670000000000002,0.6600000000000052,0.020751312891793546,-0.01964379276939679
2.670000000000002,0.6300000000000052,0.0198862600334057,-0.01991661552324535
2.670000000000002,0.6000000000000052,0.018956131011912417,-0.020203213719249234
2.670000000000002,0.5700000000000052,0.01795357724003796,-0.020504345511145772
2.670000000000002,0.5400000000000051,0.01687014485679799,-0.020820762691597883
2.670000000000002,0.5100000000000051,0.015696065303237833,-0.02115318927766907
2.670000000000002,0.4800000000000051,0.014419995921655292,-0.021502292436481885
2.670000000000002,0.45000000000000506,0.013028694393649034,-0.021868643982988267
2.670000000000002,0.42000000000000504,0.011506602935348942,-0.022252670744357606
2.670000000000002,0.390000000000005,0.009835304612758765,-0.022654592612975505
2.670000000000002,0.360000000000005,0.007992789799183527,-0.023074348509509394
2.670000000000002,0.33000000000000496,0.005952425318736061,-0.023511513371643686
2.670000000000002,0.30000000000000493,0.003681430966869798,-0.023965214504533497
2.670000000000002,0.2700000000000049,0.0011384936662734834,-0.024434063967175373
2.670000000000002,0.2400000000000049,-0.001730205028260014,-0.02491613499289745
2.670000000000002,0.2100000000000049,-0.004998010368863987,-0.025409021415484234
2.670000000000002,0.1800000000000049,-0.008770917096121145,-0.025910018625022513
2.670000000000002,0.1500000000000049,-0.013213507495512991,-0.026416429022319998
2.670000000000002,0.12000000000000491,-0.018604057310214514,-0.026925897325805692
2.670000000000002,0.09000000000000491,-0.02546687080419108,-0.0274365564094841
2.670000000000002,0.06000000000000491,-0.03193694725403701,-0.027946820580547788
2.670000000000002,0.03000000000000491,-0.008050553773699723,-0.028455040369610857
2.6400000000000023,3,0.03803086606040687,-0.01194048582479329
2.6400000000000023,2.97,0.03797275153026965,-0.011967014945050147
2.6400000000000023,2.9400000000000004,0.0379135063036449,-0.011994035146648221
2.6400000000000023,2.9100000000000006,0.037853097115066035,-0.01202156011685171
2.6400000000000023,2.880000000000001,0.03779148938354112,-0.012049604053223834
2.6400000000000023,2.850000000000001,0.03772864714710563,-0.012078181687384781
2.6400000000000023,2.820000000000001,0.037664532993321995,-0.012107308310155933
2.6400000000000023,2.7900000000000014,0.03759910798557399,-0.012136999798229978
2.6400000000000023,2.7600000000000016,0.03753233158476929,-0.012167272642202347
2.6400000000000023,2.7300000000000018,0.03746416156620923,-0.012198143976344493
2.6400000000000023,2.700000000000002,0.03739455393132689,-0.01222963161009849
2.6400000000000023,2.670000000000002,0.03732346281366415,-0.012261754061244565
2.6400000000000023,2.6400000000000023,0.037250840378964284,-0.01229453059134545
2.6400000000000023,2.6100000000000025,0.037176636718733024,-0.012327981243087371
2.6400000000000023,2.5800000000000027,0.037100799736856635,-0.012362126879763291
2.6400000000000023,2.550000000000003,0.03702327502865565,-0.012396989227563354
2.6400000000000023,2.520000000000003,0.03694400575197096,-0.012432590920058134
2.6400000000000023,2.4900000000000033,0.03686293248939186,-0.012468955545646837
2.6400000000000023,2.4600000000000035,0.03677999310123291,-0.012506107697879548
2.6400000000000023,2.4300000000000037,0.03669512256808787,-0.012544073029151476
2.6400000000000023,2.400000000000004,0.036608252822659226,-0.012582878307559747
2.6400000000000023,2.370000000000004,0.03651931256952082,-0.012622551477510402
2.6400000000000023,2.3400000000000043,0.03642822709198416,-0.012663121724426435
2.6400000000000023,2.3100000000000045,0.03633491804502555,-0.012704619543546514
2.6400000000000023,2.2800000000000047,0.03623930323301168,-0.012747076813275637
2.6400000000000023,2.250000000000005,0.03614129637095057,-0.012790526873609598
2.6400000000000023,2.220000000000005,0.03604080682782302,-0.012835004609603747
2.6400000000000023,2.1900000000000053,0.03593773935035991,-0.012880546540873401
2.6400000000000023,2.1600000000000055,0.03583199376558771,-0.012927190916996293
2.6400000000000023,2.1300000000000057,0.035723464660225926,-0.012974977819672384
2.6400000000000023,2.100000000000006,0.0356120410347285,-0.013023949272176427
2.6400000000000023,2.070000000000006,0.03549760592960123,-0.013074149356257544
2.6400000000000023,2.0400000000000063,0.03538003602168992,-0.013125624338048883
2.6400000000000023,2.0100000000000064,0.0352592011869854,-0.013178422802430048
2.6400000000000023,1.9800000000000064,0.035134964027276935,-0.013232595797658508
2.6400000000000023,1.9500000000000064,0.035007179356890086,-0.0132881969905983
2.6400000000000023,1.9200000000000064,0.0348756936454402,-0.013345282833598725
2.6400000000000023,1.8900000000000063,0.03474034441233763,-0.013403912743953361
2.6400000000000023,1.8600000000000063,0.0346009595680385,-0.013464149296945893
2.6400000000000023,1.8300000000000063,0.03445735669657678,-0.013526058434012223
2.6400000000000023,1.8000000000000063,0.034309342273131024,-0.013589709686918333
2.6400000000000023,1.7700000000000062,0.03415671080982492,-0.013655176419597542
2.6400000000000023,1.7400000000000062,0.03399924392179622,-0.013722536089173204
2.6400000000000023,1.7100000000000062,0.033836709305178514,-0.01379187052803063
2.6400000000000023,1.6800000000000062,0.033668859616531405,-0.013863266248412387
2.6400000000000023,1.6500000000000061,0.0334954312433737,-0.013936814772181338
2.6400000000000023,1.620000000000006,0.03331614295259887,-0.014012612987570394
2.6400000000000023,1.590000000000006,0.03313069440297875,-0.014090763535576423
2.6400000000000023,1.560000000000006,0.03293876450541393,-0.014171375228706082
2.6400000000000023,1.530000000000006,0.032740009612745244,-0.014254563505171972
2.6400000000000023,1.500000000000006,0.03253406151810348,-0.014340450921572103
2.6400000000000023,1.470000000000006,0.03232052523813424,-0.014429167687831982
2.6400000000000023,1.440000000000006,0.03209897655354282,-0.014520852248301297
2.6400000000000023,1.410000000000006,0.03186895927632849,-0.014615651912867539
2.6400000000000023,1.3800000000000059,0.03162998220721602,-0.014713723543514523
2.6400000000000023,1.3500000000000059,0.03138151574244928,-0.014815234300405183
2.6400000000000023,1.3200000000000058,0.031122988082261542,-0.014920362453314906
2.6400000000000023,1.2900000000000058,0.03085378098587755,-0.015029298264177357
2.6400000000000023,1.2600000000000058,0.03057322500964543,-0.015142244946804426
2.6400000000000023,1.2300000000000058,0.030280594153812353,-0.01525941971005021
2.6400000000000023,1.2000000000000057,0.02997509983189993,-0.015381054891276363
2.6400000000000023,1.1700000000000057,0.02965588406202456,-0.015507399186945464
2.6400000000000023,1.1400000000000057,0.029322011762006335,-0.015638718986895922
2.6400000000000023,1.1100000000000056,0.028972462009679893,-0.01577529981913274
2.6400000000000023,1.0800000000000056,0.028606118105799355,-0.01591744791059213
2.6400000000000023,1.0500000000000056,0.028221756246251506,-0.01606549186871445
2.6400000000000023,1.0200000000000056,0.027818032575997326,-0.01621978448688878
2.6400000000000023,0.9900000000000055,0.027393468353325512,-0.016380704672874197
2.6400000000000023,0.9600000000000055,0.02694643290131632,-0.016548659496913212
2.6400000000000023,0.9300000000000055,0.02647512396034399,-0.01672408634810304
2.6400000000000023,0.9000000000000055,0.025977544977442348,-0.016907455180904696
2.6400000000000023,0.8700000000000054,0.02545147877429623,-0.017099270819872718
2.6400000000000023,0.8400000000000054,0.024894456918397263,-0.017300075276036254
2.6400000000000023,0.8100000000000054,0.02430372397798267,-0.017510450003357055
2.6400000000000023,0.7800000000000054,0.023676195661699376,-0.01773101799519047
2.6400000000000023,0.7500000000000053,0.023008409619613195,-0.0179624455766087
2.6400000000000023,0.7200000000000053,0.022296467400081767,-0.018205443694129034
2.6400000000000023,0.6900000000000053,0.021535965698292654,-0.018460768428179633
2.6400000000000023,0.6600000000000052,0.02072191457293988,-0.01872922035605759
2.6400000000000023,0.6300000000000052,0.01984863971062069,-0.01901164226296452
2.6400000000000023,0.6000000000000052,0.018909665030479722,-0.01930891453410047
2.6400000000000023,0.5700000000000052,0.01789757085960233,-0.019621947351480512
2.6400000000000023,0.5400000000000051,0.016803821441271724,-0.019951668566245945
2.6400000000000023,0.5100000000000051,0.01561855343527337,-0.02029900582380111
2.6400000000000023,0.4800000000000051,0.014330313939355833,-0.020664861211709976
2.6400000000000023,0.45000000000000506,0.012925731683233596,-0.02105007643896715
2.6400000000000023,0.42000000000000504,0.011389097069326226,-0.021455386464013397
2.6400000000000023,0.390000000000005,0.009701813042838537,-0.0218813598126531
2.6400000000000023,0.360000000000005,0.007841654189084947,-0.022328324988894407
2.6400000000000023,0.33000000000000496,0.005781725522851577,-0.022796285072540265
2.6400000000000023,0.30000000000000493,0.0034889237056350765,-0.023284827815279033
2.6400000000000023,0.2700000000000049,0.0009215272538259309,-0.023793047405429174
2.6400000000000023,0.2400000000000049,-0.0019748157865647838,-0.024319506937471758
2.6400000000000023,0.2100000000000049,-0.005274179628681581,-0.024862284618291847
2.6400000000000023,0.1800000000000049,-0.009083614955244401,-0.025419150355660697
2.6400000000000023,0.1500000000000049,-0.013569347475847853,-0.025987885572113748
2.6400000000000023,0.12000000000000491,-0.01901243940161825,-0.026566652881066584
2.6400000000000023,0.09000000000000491,-0.0259424657842603,-0.02715417292235581
2.6400000000000023,0.06000000000000491,-0.029768373828585097,-0.027749505678410655
2.6400000000000023,0.03000000000000491,-0.008027820291497137,-0.028351652145639623
2.6100000000000025,3,0.03816432085919423,-0.011085564825531358
2.6100000000000025,2.97,0.038105654278529105,-0.01111226515356148
2.6100000000000025,2.9400000000000004,0.03804584623954261,-0.011139460880106838
2.6100000000000025,2.9100000000000006,0.03798486315941879,-0.011167165850838712
2.6100000000000025,2.880000000000001,0.03792267012735735,-0.011195394429195926
2.6100000000000025,2.850000000000001,0.037859230838443364,-0.011224161520877934
2.6100000000000025,2.820000000000001,0.03779450752332718,-0.011253482599151071
2.6100000000000025,2.7900000000000014,0.03772846087393731,-0.01128337373225441
2.6100000000000025,2.7600000000000016,0.0376610499643924,-0.011313851611896103
2.6100000000000025,2.7300000000000018,0.037592232167175874,-0.011344933583736477
2.6100000000000025,2.700000000000002,0.037521963063833486,-0.011376637679246626
2.6100000000000025,2.670000000000002,0.03745019635020633,-0.01140898264987597
2.6100000000000025,2.6400000000000023,0.037376883735512414,-0.01144198800299695
2.6100000000000025,2.6100000000000025,0.03730197483488541,-0.011475674040154676
2.6100000000000025,2.5800000000000027,0.03722541705492376,-0.011510061897423457
2.6100000000000025,2.550000000000003,0.03714715547157516,-0.011545173588434154
2.6100000000000025,2.520000000000003,0.03706713269996502,-0.011581032050095336
2.6100000000000025,2.4900000000000033,0.036985288755360106,-0.011617661190888154
2.6100000000000025,2.4600000000000035,0.03690156090463867,-0.011655085942470667
2.6100000000000025,2.4300000000000037,0.03681588350745141,-0.011693332314533442
2.6100000000000025,2.400000000000004,0.036728187846342644,-0.011732427453067795
2.6100000000000025,2.370000000000004,0.03663840194484139,-0.011772399702432886
2.6100000000000025,2.3400000000000043,0.036546450372420505,-0.011813278671599238
2.6100000000000025,2.3100000000000045,0.036452254035510015,-0.011855095304668075
2.6100000000000025,2.2800000000000047,0.03635572995303178,-0.011897881956060816
2.6100000000000025,2.250000000000005,0.03625679101536487,-0.011941672471098588
2.6100000000000025,2.220000000000005,0.03615534572518051,-0.011986502271470075
2.6100000000000025,2.1900000000000053,0.03605129791868183,-0.012032408447420206
2.6100000000000025,2.1600000000000055,0.035944546465183774,-0.012079429855342647
2.6100000000000025,2.1300000000000057,0.03583498494341692,-0.012127607223319611
2.6100000000000025,2.100000000000006,0.035722501292286844,-0.012176983263263108
2.6100000000000025,2.070000000000006,0.03560697743371439,-0.012227602791565179
2.6100000000000025,2.0400000000000063,0.035488288864744304,-0.012279512858437897
2.6100000000000025,2.0100000000000064,0.03536630421643591,-0.012332762886667598
2.6100000000000025,1.9800000000000064,0.03524088477584386,-0.012387404820617703
2.6100000000000025,1.9500000000000064,0.03511188396778951,-0.012443493286542984
2.6100000000000025,1.9200000000000064,0.03497914679228951,-0.012501085764710235
2.6100000000000025,1.8900000000000063,0.034842509213261014,-0.012560242775159686
2.6100000000000025,1.8600000000000063,0.03470179749329913,-0.012621028077278246
2.6100000000000025,1.8300000000000063,0.03455682746950925,-0.012683508885285966
2.6100000000000025,1.8000000000000063,0.034407403763338645,-0.012747756100615792
2.6100000000000025,1.7700000000000062,0.03425331891822521,-0.01281384456280693
2.6100000000000025,1.7400000000000062,0.03409435245668466,-0.01288185332050265
2.6100000000000025,1.7100000000000062,0.033930269848341243,-0.012951865924686903
2.6100000000000025,1.6800000000000062,0.033760821378691824,-0.013023970745810444
2.6100000000000025,1.6500000000000061,0.03358574090763563,-0.013098261317197088
2.6100000000000025,1.620000000000006,0.03340474450489917,-0.013174836707505189
2.6100000000000025,1.590000000000006,0.03321752894818683,-0.013253801924287212
2.6100000000000025,1.560000000000006,0.033023770067620015,-0.013335268352276497
2.6100000000000025,1.530000000000006,0.032823120917921375,-0.013419354229289152
2.6100000000000025,1.500000000000006,0.03261520975753368,-0.013506185163540574
2.6100000000000025,1.470000000000006,0.03239963781033697,-0.013595894696272648
2.6100000000000025,1.440000000000006,0.03217597678251041,-0.013688624913955658
2.6100000000000025,1.410000000000006,0.0319437661031235,-0.01378452711505429
2.6100000000000025,1.3800000000000059,0.03170250985227942,-0.013883762536313238
2.6100000000000025,1.3500000000000059,0.0314516733349052,-0.013986503144632232
2.6100000000000025,1.3200000000000058,0.031190679252455732,-0.014092932500214872
2.6100000000000025,1.2900000000000058,0.030918903416900685,-0.014203246698407862
2.6100000000000025,1.2600000000000058,0.03063566994249199,-0.014317655396892767
2.6100000000000025,1.2300000000000058,0.03034024584053152,-0.014436382936263661
2.6100000000000025,1.2000000000000057,0.030031834930318663,-0.01455966956275892
2.6100000000000025,1.1700000000000057,0.02970957096413844,-0.014687772760824447
2.6100000000000025,1.1400000000000057,0.0293725098473468,-0.01482096870585943
2.6100000000000025,1.1100000000000056,0.029019620813840748,-0.014959553845299664
2.6100000000000025,1.0800000000000056,0.02864977639195567,-0.015103846617794861
2.6100000000000025,1.0500000000000056,0.028261740966225756,-0.015254189318603284
2.6100000000000025,1.0200000000000056,0.027854157705091115,-0.01541095011902871
2.6100000000000025,0.9900000000000055,0.027425533580165185,-0.015574525244737167
2.6100000000000025,0.9600000000000055,0.026974222151200565,-0.015745341315985886
2.6100000000000025,0.9300000000000055,0.026498403726142455,-0.0159238578466811
2.6100000000000025,0.9000000000000055,0.02599606242816438,-0.016110569893016555
2.6100000000000025,0.8700000000000054,0.025464959605455605,-0.016306010832104097
2.6100000000000025,0.8400000000000054,0.02490260290162656,-0.016510755236499752
2.6100000000000025,0.8100000000000054,0.024306210159372916,-0.01672542179001668
2.6100000000000025,0.7800000000000054,0.023672667147946025,-0.01695067616366723
2.6100000000000025,0.7500000000000053,0.02299847787936602,-0.017187233729791362
2.6100000000000025,0.7200000000000053,0.022279705992127204,-0.017435861942361675
2.6100000000000025,0.6900000000000053,0.021511905319887708,-0.017697382138607498
2.6100000000000025,0.6600000000000052,0.02069003729772843,-0.017972670422689303
2.6100000000000025,0.6300000000000052,0.019808372256381122,-0.018262657165235813
2.6100000000000025,0.6000000000000052,0.018860370858691296,-0.018568324488101584
2.6100000000000025,0.5700000000000052,0.017838540861026937,-0.018890700889941547
2.6100000000000025,0.5400000000000051,0.016734262896723667,-0.019230851905839175
2.6100000000000025,0.5100000000000051,0.015537576856604276,-0.019589865378349412
2.6100000000000025,0.4800000000000051,0.014236917277080265,-0.01996882957049019
2.6100000000000025,0.45000000000000506,0.012818781219761113,-0.02036880202391988
2.6100000000000025,0.42000000000000504,0.011267304067501514,-0.020790766876952603
2.6100000000000025,0.390000000000005,0.009563704830866741,-0.021235578541181462
2.6100000000000025,0.360000000000005,0.007685537724528243,-0.021703890628296196
2.6100000000000025,0.33000000000000496,0.005605640376351693,-0.022196071554476445
2.6100000000000025,0.30000000000000493,0.003290579407430127,-0.022712113437427236
2.6100000000000025,0.2700000000000049,0.0006982161699519928,-0.02325155010412366
2.6100000000000025,0.2400000000000049,-0.0022263462757305067,-0.02381341401181712
2.6100000000000025,0.2100000000000049,-0.005557926830484607,-0.02439627821760266
2.6100000000000025,0.1800000000000049,-0.009404654957605741,-0.02499843653249867
2.6100000000000025,0.1500000000000049,-0.01393443542075473,-0.025618243203466257
2.6100000000000025,0.12000000000000491,-0.019431177477516944,-0.026254521322965404
2.6100000000000025,0.09000000000000491,-0.02642984199510951,-0.026906780067317997
2.6100000000000025,0.06000000000000491,-0.028462329299255677,-0.02757500544662647
2.6100000000000025,0.03000000000000491,-0.008005298445569511,-0.028259238895936206
2.5800000000000027,3,0.03829858625403149,-0.010405211388495927
2.5800000000000027,2.97,0.03823935635275813,-0.010432087178700422
2.5800000000000027,2.9400000000000004,0.038178974011056764,-0.010459462403451851
2.5800000000000027,2.9100000000000006,0.03811740532236681,-0.010487351047152267
2.5800000000000027,2.880000000000001,0.03805461503935505,-0.010515767618293363
2.5800000000000027,2.850000000000001,0.037990566506991466,-0.010544727174291182
2.5800000000000027,2.820000000000001,0.037925221591766714,-0.010574245347241606
2.5800000000000027,2.7900000000000014,0.03785854060652499,-0.010604338371769103
2.5800000000000027,2.7600000000000016,0.03779048223070029,-0.010635023113893752
2.5800000000000027,2.7300000000000018,0.037721003425595284,-0.010666317101823915
2.5800000000000027,2.700000000000002,0.037650059344326664,-0.01069823855880321
2.5800000000000027,2.670000000000002,0.03757760323603773,-0.01073080643730201
2.5800000000000027,2.6400000000000023,0.03750358634405407,-0.010764040455868706
2.5800000000000027,2.6100000000000025,0.03742795779737948,-0.010797961137817558
2.5800000000000027,2.5800000000000027,0.03735066449507474,-0.010832589852357133
2.5800000000000027,2.550000000000003,0.03727165098306118,-0.010867948858449605
2.5800000000000027,2.520000000000003,0.037190859322636875,-0.010904061350976435
2.5800000000000027,2.4900000000000033,0.03710822895004021,-0.01094095151029445
2.5800000000000027,2.4600000000000035,0.03702369652657672,-0.010978644554373071
2.5800000000000027,2.4300000000000037,0.03693719577817001,-0.011017166794878908
2.5800000000000027,2.400000000000004,0.03684865732387037,-0.011056545696417508
2.5800000000000027,2.370000000000004,0.036758008492148234,-0.011096809939631871
2.5800000000000027,2.3400000000000043,0.036665173124017826,-0.011137989488919642
2.5800000000000027,2.3100000000000045,0.03657007136192675,-0.011180115663988216
2.5800000000000027,2.2800000000000047,0.036472619423221594,-0.011223221216902501
2.5800000000000027,2.250000000000005,0.03637272935668096,-0.011267340413723154
2.5800000000000027,2.220000000000005,0.03627030878094667,-0.011312509122164277
2.5800000000000027,2.1900000000000053,0.03616526060286568,-0.011358764905234658
2.5800000000000027,2.1600000000000055,0.036057482714363,-0.011406147121317434
2.5800000000000027,2.1300000000000057,0.03594686766546881,-0.011454697031423766
2.5800000000000027,2.100000000000006,0.035833302311756715,-0.011504457914053745
2.5800000000000027,2.070000000000006,0.03571666743340784,-0.011555475188396752
2.5800000000000027,2.0400000000000063,0.03559683732353733,-0.011607796546597257
2.5800000000000027,2.0100000000000064,0.03547367934255664,-0.011661472095465975
2.5800000000000027,1.9800000000000064,0.03534705343574235,-0.01171655450929926
2.5800000000000027,1.9500000000000064,0.035216811609813464,-0.011773099193495506
2.5800000000000027,1.9200000000000064,0.03508279736492829,-0.011831164461352031
2.5800000000000027,1.8900000000000063,0.0349448450774134,-0.011890811724046373
2.5800000000000027,1.8600000000000063,0.034802779328176485,-0.011952105695358456
2.5800000000000027,1.8300000000000063,0.03465641417124936,-0.012015114612884799
2.5800000000000027,1.8000000000000063,0.03450555233621688,-0.012079910476362875
2.5800000000000027,1.7700000000000062,0.0343499843572441,-0.012146569305523748
2.5800000000000027,1.7400000000000062,0.03418948762105738,-0.01221517141859435
2.5800000000000027,1.7100000000000062,0.034023825324871984,-0.01228580173394913
2.5800000000000027,1.6800000000000062,0.033852745334192205,-0.01235855009655399
2.5800000000000027,1.6500000000000061,0.03367597892912105,-0.012433511631854882
2.5800000000000027,1.620000000000006,0.03349323942660959,-0.012510787129640842
2.5800000000000027,1.590000000000006,0.03330422066377782,-0.012590483460776507
2.5800000000000027,1.560000000000006,0.03310859532625465,-0.012672714029784843
2.5800000000000027,1.530000000000006,0.03290601310262425,-0.012757599267298227
2.5800000000000027,1.500000000000006,0.032696098643566276,-0.012845267165333255
2.5800000000000027,1.470000000000006,0.03247844930181619,-0.01293585386063232
2.5800000000000027,1.440000000000006,0.032252632624732436,-0.013029504270154944
2.5800000000000027,1.410000000000006,0.032018183567866315,-0.01312637278385187
2.5800000000000027,1.3800000000000059,0.03177460139288882,-0.01322662402075244
2.5800000000000027,1.3500000000000059,0.03152134620810688,-0.013330433654459233
2.5800000000000027,1.3200000000000058,0.031257835102387575,-0.013437989314701977
2.5800000000000027,1.2900000000000058,0.03098343781718229,-0.013549491572581895
2.5800000000000027,1.2600000000000058,0.030697471891100687,-0.013665155017761776
2.5800000000000027,1.2300000000000058,0.030399197201670617,-0.01378520943610241
2.5800000000000027,1.2000000000000057,0.030087809816404902,-0.01390990109753941
2.5800000000000027,1.1700000000000057,0.02976243505016541,-0.014039494164301919
2.5800000000000027,1.1400000000000057,0.02942211960884623,-0.014174272230130402
2.5800000000000027,1.1100000000000056,0.02906582267783521,-0.01431454000165261
2.5800000000000027,1.0800000000000056,0.028692405789091085,-0.014460625133805194
2.5800000000000027,1.0500000000000056,0.028300621270220653,-0.014612880230001096
2.5800000000000027,1.0200000000000056,0.02788909904306494,-0.014771685018558162
2.5800000000000027,0.9900000000000055,0.027456331495156083,-0.014937448714477247
2.5800000000000027,0.9600000000000055,0.027000656094320116,-0.015110612574005061
2.5800000000000027,0.9300000000000055,0.026520235352609417,-0.015291652645248871
2.5800000000000027,0.9000000000000055,0.0260130336661258,-0.015481082712681643
2.5800000000000027,0.8700000000000054,0.02547679046099172,-0.015679457424196935
2.5800000000000027,0.8400000000000054,0.024908988956913982,-0.015887375577265023
2.5800000000000027,0.8100000000000054,0.024306819711783043,-0.016105483521896224
2.5800000000000027,0.7800000000000054,0.023667137928517226,-0.01633447861349216
2.5800000000000027,0.7500000000000053,0.02298641327585008,-0.016575112612068732
2.5800000000000027,0.7200000000000053,0.022260670686758684,-0.016828194875836477
2.5800000000000027,0.6900000000000053,0.021485420232626087,-0.017094595129128642
2.5800000000000027,0.6600000000000052,0.02065557370184562,-0.0173752454925285
2.5800000000000027,0.6300000000000052,0.019765344902822144,-0.017671141341416452
2.5800000000000027,0.6000000000000052,0.01880812990734222,-0.01798334039461673
2.5800000000000027,0.5700000000000052,0.017776362366932735,-0.01831295922448821
2.5800000000000027,0.5400000000000051,0.01666133753458471,-0.018661166111857835
2.5800000000000027,0.5100000000000051,0.01545299647903528,-0.01902916884439383
2.5800000000000027,0.4800000000000051,0.014139658781978696,-0.019418195689947293
2.5800000000000027,0.45000000000000506,0.01270768703086199,-0.019829467412086743
2.5800000000000027,0.42000000000000504,0.011141058276919968,-0.020264157948017752
2.5800000000000027,0.390000000000005,0.009420803655185044,-0.020723341469639944
2.5800000000000027,0.360000000000005,0.007524252274093946,-0.02120792443456579
2.5800000000000027,0.33000000000000496,0.005423968610495199,-0.021718563672165153
2.5800000000000027,0.30000000000000493,0.003086182106620405,-0.022255576728052034
2.5800000000000027,0.2700000000000049,0.0004683278973620815,-0.022818860147211822
2.5800000000000027,0.2400000000000049,-0.002485047807611108,-0.023407846193431753
2.5800000000000027,0.2100000000000049,-0.005849524856613271,-0.024021546612618017
2.5800000000000027,0.1800000000000049,-0.009734335108702731,-0.024658741757128705
2.5800000000000027,0.1500000000000049,-0.014309099225370096,-0.02531834355868942
2.5800000000000027,0.12000000000000491,-0.019860636159257358,-0.025999844913890513
2.5800000000000027,0.09000000000000491,-0.02692941156487373,-0.026703584296680294
2.5800000000000027,0.06000000000000491,-0.027479185346993798,-0.027430566354325173
2.5800000000000027,0.03000000000000491,-0.007982984613209565,-0.02818205187941042
2.550000000000003,3,0.038433659303532375,-0.009898257209031147
2.550000000000003,2.97,0.03837385444961035,-0.00992531841710681
2.550000000000003,2.9400000000000004,0.03831288594592265,-0.00995288296954666
2.550000000000003,2.9100000000000006,0.038250719555431204,-0.00998096497579737
2.550000000000003,2.880000000000001,0.03818731968720178,-0.010009579074754416
2.550000000000003,2.850000000000001,0.038122649328899416,-0.01003874045988512
2.550000000000003,2.820000000000001,0.03805666997528373,-0.010068464905380659
2.550000000000003,2.7900000000000014,0.037989341552297884,-0.01009876879423044
2.550000000000003,2.7600000000000016,0.03792062233641516,-0.010129669147505127
2.550000000000003,2.7300000000000018,0.03785046886930363,-0.010161183655589991
2.550000000000003,2.700000000000002,0.03777883586671079,-0.010193330711192328
2.550000000000003,2.670000000000002,0.03770567612183135,-0.010226129444297405
2.550000000000003,2.6400000000000023,0.037630940402381706,-0.010259599759223697
2.550000000000003,2.6100000000000025,0.03755457734118763,-0.01029376237394497
2.550000000000003,2.5800000000000027,0.03747653331922064,-0.010328638861700988
2.550000000000003,2.550000000000003,0.03739675234140347,-0.010364251695404727
2.550000000000003,2.520000000000003,0.03731517590363515,-0.010400624294514053
2.550000000000003,2.4900000000000033,0.0372317428511515,-0.010437781075036678
2.550000000000003,2.4600000000000035,0.03714638922708062,-0.010475747502691708
2.550000000000003,2.4300000000000037,0.037059048110477,-0.010514550149458513
2.550000000000003,2.400000000000004,0.036969649443076194,-0.010554216753730871
2.550000000000003,2.370000000000004,0.03687811984387156,-0.010594776284440562
2.550000000000003,2.3400000000000043,0.03678438241025365,-0.01063625900948996
2.550000000000003,2.3100000000000045,0.036688356504843506,-0.01067869656860821
2.550000000000003,2.2800000000000047,0.03658995752670614,-0.010722122051140266
2.550000000000003,2.250000000000005,0.03648909666556226,-0.01076657007926319
2.550000000000003,2.220000000000005,0.03638568063758967,-0.010812076896758956
2.550000000000003,2.1900000000000053,0.03627961140098877,-0.010858680464076183
2.550000000000003,2.1600000000000055,0.03617078584995477,-0.010906420559998561
2.550000000000003,2.1300000000000057,0.036059095484416645,-0.01095533889046535
2.550000000000003,2.100000000000006,0.035944426054049725,-0.011005479205372926
2.550000000000003,2.070000000000006,0.03582665717359357,-0.011056887423739795
2.550000000000003,2.0400000000000063,0.0357056619070759,-0.011109611767947739
2.550000000000003,2.0100000000000064,0.035581306317909275,-0.011163702908033923
2.550000000000003,1.9800000000000064,0.03545344898158545,-0.011219214116926342
2.550000000000003,1.9500000000000064,0.03532194045719577,-0.011276201436987935
2.550000000000003,1.9200000000000064,0.035186622713787724,-0.01133472385982232
2.550000000000003,1.8900000000000063,0.035047328507053076,-0.011394843519522859
2.550000000000003,1.8600000000000063,0.03490388070109092,-0.011456625901446416
2.550000000000003,1.8300000000000063,0.034756091529833194,-0.011520140067082463
2.550000000000003,1.8000000000000063,0.03460376179143476,-0.01158545889723922
2.550000000000003,1.7700000000000062,0.0344466799689193,-0.011652659354634387
2.550000000000003,1.7400000000000062,0.03428462126870695,-0.011721822768063134
2.550000000000003,1.7100000000000062,0.03411734656814432,-0.011793035139953278
2.550000000000003,1.6800000000000062,0.033944601262278024,-0.01186638747962919
2.550000000000003,1.6500000000000061,0.03376611399757638,-0.011941976164694008
2.550000000000003,1.620000000000006,0.03358159528066671,-0.012019903333157986
2.550000000000003,1.590000000000006,0.03339073594673285,-0.012100277309425651
2.550000000000003,1.560000000000006,0.033193205471264316,-0.012183213067301628
2.550000000000003,1.530000000000006,0.032988650106265,-0.012268832733855553
2.550000000000003,1.500000000000006,0.03277669081930289,-0.012357266137747687
2.550000000000003,1.470000000000006,0.03255692101098493,-0.01244865140706053
2.550000000000003,1.440000000000006,0.032328903982894876,-0.012543135621062233
2.550000000000003,1.410000000000006,0.03209217012340132,-0.01264087552141506
2.550000000000003,1.3800000000000059,0.03184621377500707,-0.012742038289132125
2.550000000000003,1.3500000000000059,0.03159048974048177,-0.012846802393312227
2.550000000000003,1.3200000000000058,0.031324409378528886,-0.012955358519563469
2.550000000000003,1.2900000000000058,0.031047336232916424,-0.01306791058544092
2.550000000000003,1.2600000000000058,0.030758581128745827,-0.013184676852045822
2.550000000000003,1.2300000000000058,0.03045739666016673,-0.013305891141100534
2.550000000000003,1.2000000000000057,0.03014297098022619,-0.013431804167826036
2.550000000000003,1.1700000000000057,0.029814420789246072,-0.013562685000782407
2.550000000000003,1.1400000000000057,0.02947078340040512,-0.013698822660571881
2.550000000000003,1.1100000000000056,0.02911100773941691,-0.01384052786964643
2.550000000000003,1.0800000000000056,0.02873394411068089,-0.013988134966895688
2.550000000000003,1.0500000000000056,0.028338332531175396,-0.014142003999601055
2.550000000000003,1.0200000000000056,0.02792278939731126,-0.014302523006485407
2.550000000000003,0.9900000000000055,0.02748579220521981,-0.014470110503708833
2.550000000000003,0.9600000000000055,0.02702566199165408,-0.01464521818440559
2.550000000000003,0.9300000000000055,0.026540543097400074,-0.014828333839561503
2.550000000000003,0.9000000000000055,0.026028379774873225,-0.015019984501815908
2.550000000000003,0.8700000000000054,0.025486889065073355,-0.015220739807710493
2.550000000000003,0.8400000000000054,0.024913529247166163,-0.015431215561030803
2.550000000000003,0.8100000000000054,0.024305463016813734,-0.015652077463897823
2.550000000000003,0.7800000000000054,0.023659514362894454,-0.015884044958392268
2.550000000000003,0.7500000000000053,0.02297211788239535,-0.016127895087455157
2.550000000000003,0.7200000000000053,0.02223925898086644,-0.016384466237309964
2.550000000000003,0.6900000000000053,0.021456403037023255,-0.01665466155835152
2.550000000000003,0.6600000000000052,0.020618411135615897,-0.01693945177277252
2.550000000000003,0.6300000000000052,0.019719439357774694,-0.017239876956793368
2.550000000000003,0.6000000000000052,0.01875281780508311,-0.017557046725991024
2.550000000000003,0.5700000000000052,0.017710904439277496,-0.017892138041286393
2.550000000000003,0.5400000000000051,0.016584907303650278,-0.0182463895867249
2.550000000000003,0.5100000000000051,0.015364666523228411,-0.01862109134153557
2.550000000000003,0.4800000000000051,0.014038384251786709,-0.01901756759199741
2.550000000000003,0.45000000000000506,0.012592285702581786,-0.01943715124748461
2.550000000000003,0.42000000000000504,0.01101018617181684,-0.019881147046958605
2.550000000000003,0.390000000000005,0.009272924845549846,-0.020350781297530058
2.550000000000003,0.360000000000005,0.007357600830480996,-0.020847136618232735
2.550000000000003,0.33000000000000496,0.005236499493026374,-0.021371072552118623
2.550000000000003,0.30000000000000493,0.0028755057152204415,-0.02192313810196398
2.550000000000003,0.2700000000000049,0.00023161905286396545,-0.02250349190188842
2.550000000000003,0.2400000000000049,-0.0027511834062486336,-0.023111861146307346
2.550000000000003,0.2100000000000049,-0.0061492592759804805,-0.023747589777821376
2.550000000000003,0.1800000000000049,-0.010072967238868002,-0.02440983812057164
2.550000000000003,0.1500000000000049,-0.01469368196944839,-0.025097967928608356
2.550000000000003,0.12000000000000491,-0.02030119693125533,-0.02581202872466201
2.550000000000003,0.09000000000000491,-0.027441605669005692,-0.02655306783319719
2.550000000000003,0.06000000000000491,-0.026677635527654373,-0.027322989833880873
2.550000000000003,0.03000000000000491,-0.007960875263928363,-0.028124180412650773
2.520000000000003,3,0.03856953635148816,-0.009565670020544995
2.520000000000003,2.97,0.038509144535042006,-0.009592933089398042
2.520000000000003,2.9400000000000004,0.038447577624763585,-0.009620703439282674
2.520000000000003,2.9100000000000006,0.038384801046261546,-0.009648995296254362
2.520000000000003,2.880000000000001,0.03832077885780913,-0.009677823420692483
2.520000000000003,2.850000000000001,0.03825547368229376,-0.00970720313218551
2.520000000000003,2.820000000000001,0.03818884663488335,-0.009737150336479677
2.520000000000003,2.7900000000000014,0.03812085724643431,-0.00976768155330171
2.520000000000003,2.7600000000000016,0.03805146338216404,-0.009798813946339247
2.520000000000003,2.7300000000000018,0.037980621155181596,-0.009830565354496557
2.520000000000003,2.700000000000002,0.03790828483468517,-0.009862954325406736
2.520000000000003,2.670000000000002,0.037834406748364205,-0.009896000150659973
2.520000000000003,2.6400000000000023,0.03775893717842123,-0.009929722903137511
2.520000000000003,2.6100000000000025,0.03768182425092503,-0.009964143476874049
2.520000000000003,2.5800000000000027,0.03760301381800987,-0.009999283629059302
2.520000000000003,2.550000000000003,0.03752244933212943,-0.010035166024701558
2.520000000000003,2.520000000000003,0.03744007171197806,-0.010071814284203534
2.520000000000003,2.4900000000000033,0.037355819199363316,-0.01010925303382923
2.520000000000003,2.4600000000000035,0.03726962720621327,-0.01014750795929334
2.520000000000003,2.4300000000000037,0.037181428151126295,-0.01018660586292977
2.520000000000003,2.400000000000004,0.03709115128430992,-0.010226574724621573
2.520000000000003,2.370000000000004,0.036998722500352424,-0.0102674437663548
2.520000000000003,2.3400000000000043,0.03690406413736432,-0.010309243521532507
2.520000000000003,2.3100000000000045,0.03680709476175076,-0.010352005908545847
2.520000000000003,2.2800000000000047,0.03670772893709068,-0.01039576430937833
2.520000000000003,2.250000000000005,0.03660587697597808,-0.010440553653776163
2.520000000000003,2.220000000000005,0.0365014446731083,-0.010486410508958849
2.520000000000003,2.1900000000000053,0.03639433301814202,-0.010533373175626776
2.520000000000003,2.1600000000000055,0.03628443788650343,-0.010581481790857106
2.520000000000003,2.1300000000000057,0.03617164970593696,-0.010630778438144056
2.520000000000003,2.100000000000006,0.03605585309689317,-0.010681307265487494
2.520000000000003,2.070000000000006,0.03593692648414966,-0.01073311461181875
2.520000000000003,2.0400000000000063,0.03581474167679744,-0.010786249143101917
2.520000000000003,2.0100000000000064,0.03568916341388405,-0.010840761998061221
2.520000000000003,1.9800000000000064,0.035560048872317195,-0.010896706945232995
2.520000000000003,1.9500000000000064,0.03542724713300374,-0.010954140551611702
2.520000000000003,1.9200000000000064,0.035290598601649986,-0.011013122364463598
2.520000000000003,1.8900000000000063,0.035149934379145355,-0.011073715107119908
2.520000000000003,1.8600000000000063,0.03500507557659586,-0.011135984890063622
2.520000000000003,1.8300000000000063,0.03485583256939366,-0.011200001438790672
2.520000000000003,1.8000000000000063,0.03470200418358757,-0.011265838340005545
2.520000000000003,1.7700000000000062,0.03454337680778061,-0.011333573307543414
2.520000000000003,1.7400000000000062,0.03437972342199149,-0.011403288470257733
2.520000000000003,1.7100000000000062,0.034210802534910496,-0.011475070683680647
2.520000000000003,1.6800000000000062,0.034036357018802116,-0.01154901186767715
2.520000000000003,1.6500000000000061,0.033856112830946666,-0.01162520937273287
2.520000000000003,1.620000000000006,0.03366977760831853,-0.011703766377706433
2.520000000000003,1.590000000000006,0.033477039120692983,-0.011784792321672094
2.520000000000003,1.560000000000006,0.033277563565566284,-0.0118684033737107
2.520000000000003,1.530000000000006,0.03307099368572777,-0.011954722944006464
2.520000000000003,1.500000000000006,0.03285694668773917,-0.012043882240681897
2.520000000000003,1.470000000000006,0.03263501193651694,-0.012136020876644504
2.520000000000003,1.440000000000006,0.03240474839792827,-0.012231287531694883
2.520000000000003,1.410000000000006,0.03216568179654866,-0.01232984067509305
2.520000000000003,1.3800000000000059,0.03191730145153113,-0.012431849355504634
2.520000000000003,1.3500000000000059,0.03165905674768785,-0.01253749406419162
2.520000000000003,1.3200000000000058,0.031390353192175785,-0.01264696767948259
2.520000000000003,1.2900000000000058,0.03111054799958953,-0.012760476500838613
2.520000000000003,1.2600000000000058,0.03081894513924182,-0.012878241380928853
2.520000000000003,1.2300000000000058,0.030514789767253137,-0.01300049896639623
2.520000000000003,1.2000000000000057,0.030197261954189564,-0.01312750305724581
2.520000000000003,1.1700000000000057,0.02986546960292661,-0.013259526097230391
2.520000000000003,1.1400000000000057,0.0295184404343014,-0.013396860806909047
2.520000000000003,1.1100000000000056,0.02915511289621368,-0.013539821973643293
2.520000000000003,1.0800000000000056,0.02877432582660972,-0.01368874841122316
2.520000000000003,1.0500000000000056,0.02837480666981124,-0.013844005104414081
2.520000000000003,1.0200000000000056,0.027955158008679863,-0.014005985552340276
2.520000000000003,0.9900000000000055,0.027513842130593175,-0.014175114324396644
2.520000000000003,0.9600000000000055,0.027049163290797956,-0.01435184984086782
2.520000000000003,0.9300000000000055,0.026559247270826057,-0.014536687387780717
2.520000000000003,0.9000000000000055,0.026042017749254034,-0.014730162370922832
2.520000000000003,0.8700000000000054,0.025495168903300707,-0.014932853806516266
2.520000000000003,0.8400000000000054,0.024916133538026602,-0.015145388035154458
2.520000000000003,0.8100000000000054,0.024302045889977274,-0.01536844263017223
2.520000000000003,0.7800000000000054,0.02364969806484702,-0.015602750447645058
2.520000000000003,0.7500000000000053,0.022955488835147315,-0.01584910373401241
2.520000000000003,0.7200000000000053,0.022215363229710773,-0.016108358159540398
2.520000000000003,0.6900000000000053,0.02142474097303497,-0.016381436584221726
2.520000000000003,0.6600000000000052,0.02057843135401474,-0.016669332274058507
2.520000000000003,0.6300000000000052,0.019670531481108255,-0.01697311116738401
2.520000000000003,0.6000000000000052,0.018694304060218776,-0.017293912632899755
2.520000000000003,0.5700000000000052,0.01764202972526341,-0.01763294795102882
2.520000000000003,0.5400000000000051,0.01650482741871842,-0.017991495485220554
2.520000000000003,0.5100000000000051,0.015272434128839312,-0.01837089117817947
2.520000000000003,0.4800000000000051,0.013932932024579452,-0.018772512630093705
2.520000000000003,0.45000000000000506,0.012472405946590458,-0.019197754625414704
2.520000000000003,0.42000000000000504,0.010874505896452526,-0.01964799368638312
2.520000000000003,0.390000000000005,0.009119874898867581,-0.020124539267788843
2.520000000000003,0.360000000000005,0.007185376995998821,-0.02062857002149339
2.520000000000003,0.33000000000000496,0.005043012279695636,-0.02116105593669418
2.520000000000003,0.30000000000000493,0.0026583134367127123,-0.021722672387984532
2.520000000000003,0.2700000000000049,-0.00001216524167676385,-0.022313721914508033
2.520000000000003,0.2400000000000049,-0.0030250284858336102,-0.022934095331876764
2.520000000000003,0.2100000000000049,-0.006457429078151406,-0.02358332389277184
2.520000000000003,0.1800000000000049,-0.010420877803675654,-0.02426078703556559
2.520000000000003,0.1500000000000049,-0.015088542797168404,-0.024966112966923
2.520000000000003,0.12000000000000491,-0.020753259119522405,-0.025699690055361546
2.520000000000003,0.09000000000000491,-0.027966875637116993,-0.026463008231098678
2.520000000000003,0.06000000000000491,-0.02599556713728144,-0.02725854860910186
2.520000000000003,0.03000000000000491,-0.007938966955974257,-0.02808943942719467
2.4900000000000033,3,0.03870621297295497,-0.009410393153723204
2.4900000000000033,2.97,0.038645221789222146,-0.009437882244142451
2.4900000000000033,2.9400000000000004,0.0385830438252312,-0.009465882743267859
2.4900000000000033,2.9100000000000006,0.03851964416200744,-0.009494408990823225
2.4900000000000033,2.880000000000001,0.03845498649963795,-0.00952347586484565
2.4900000000000033,2.850000000000001,0.038389033088420454,-0.009553098807107634
2.4900000000000033,2.820000000000001,0.03832174465592084,-0.009583293850074365
2.4900000000000033,2.7900000000000014,0.038253080329551034,-0.009614077645012237
2.4900000000000033,2.7600000000000016,0.0381829975544313,-0.00964546749212098
2.4900000000000033,2.7300000000000018,0.03811145200607785,-0.009677481372119164
2.4900000000000033,2.700000000000002,0.0380383974976799,-0.009710137980000734
2.4900000000000033,2.670000000000002,0.037963785881510226,-0.009743456760390165
2.4900000000000033,2.6400000000000023,0.03788756694384791,-0.009777457945474383
2.4900000000000033,2.6100000000000025,0.03780968829338603,-0.009812162594756701
2.4900000000000033,2.5800000000000027,0.037730095242076184,-0.009847592637691777
2.4900000000000033,2.550000000000003,0.03764873067822615,-0.009883770918632954
2.4900000000000033,2.520000000000003,0.037565534931008365,-0.009920721244669209
2.4900000000000033,2.4900000000000033,0.0374804456259591,-0.009958468436480059
2.4900000000000033,2.4600000000000035,0.03739339753043844,-0.009997038382484037
2.4900000000000033,2.4300000000000037,0.03730432238851711,-0.010036458096312262
2.4900000000000033,2.400000000000004,0.037213148744163135,-0.01007675577811619
2.4900000000000033,2.370000000000004,0.0371198017521371,-0.010117960879835144
2.4900000000000033,2.3400000000000043,0.03702420297513956,-0.01016010417483116
2.4900000000000033,2.3100000000000045,0.03692627016642491,-0.010203217832161562
2.4900000000000033,2.2800000000000047,0.036825917036304584,-0.010247335495631275
2.4900000000000033,2.250000000000005,0.036723053001553915,-0.010292492368669054
2.4900000000000033,2.220000000000005,0.03661758291582263,-0.010338725304731407
2.4900000000000033,2.1900000000000053,0.036509406779535014,-0.01038607290399645
2.4900000000000033,2.1600000000000055,0.036398419427672704,-0.010434575617058059
2.4900000000000033,2.1300000000000057,0.0362845101929857,-0.010484275855665477
2.4900000000000033,2.100000000000006,0.03616756254264267,-0.010535218111796904
2.4900000000000033,2.070000000000006,0.036047453686131825,-0.010587449085153564
2.4900000000000033,2.0400000000000063,0.03592405415081061,-0.010641017819897715
2.4900000000000033,2.0100000000000064,0.03579722732321264,-0.010695975851863035
2.4900000000000033,1.9800000000000064,0.03566682895177217,-0.010752377366466705
2.4900000000000033,1.9500000000000064,0.03553270660773615,-0.01081027936877739
2.4900000000000033,1.9200000000000064,0.03539469910015833,-0.010869741866581281
2.4900000000000033,1.8900000000000063,0.03525263583977188,-0.010930828067583283
2.4900000000000033,1.8600000000000063,0.035106336147346734,-0.01099360459218035
2.4900000000000033,1.8300000000000063,0.034955608500038315,-0.011058141702875217
2.4900000000000033,1.8000000000000063,0.034800249709750146,-0.011124513552210037
2.4900000000000033,1.7700000000000062,0.034640044025913794,-0.011192798450754486
2.4900000000000033,1.7400000000000062,0.034474762154666216,-0.011263079157125891
2.4900000000000033,1.7100000000000062,0.03430416018534331,-0.011335443191634681
2.4900000000000033,1.6800000000000062,0.034127978413664994,-0.011409983176669435
2.4900000000000033,1.6500000000000061,0.033945940050201545,-0.011486797205584383
2.4900000000000033,1.620000000000006,0.0337577498009239,-0.011565989243146078
2.4900000000000033,1.590000000000006,0.033563092304695286,-0.011647669560620383
2.4900000000000033,1.560000000000006,0.03336163041093247,-0.01173195520889763
2.4900000000000033,1.530000000000006,0.03315300327812257,-0.011818970533320039
2.4900000000000033,1.500000000000006,0.03293682427129889,-0.011908847734356048
2.4900000000000033,1.470000000000006,0.03271267863334443,-0.012001727478887558
2.4900000000000033,1.440000000000006,0.03248012090160686,-0.01209775956687445
2.4900000000000033,1.410000000000006,0.03223867203690992,-0.012197103659303293
2.4900000000000033,1.3800000000000059,0.0319878162274278,-0.012299930073464721
2.4900000000000033,1.3500000000000059,0.03172699732393118,-0.012406420652344236
2.4900000000000033,1.3200000000000058,0.0314556148564834,-0.012516769715800097
2.4900000000000033,1.2900000000000058,0.031173019574799433,-0.012631185101816406
2.4900000000000033,1.2600000000000058,0.030878508445136954,-0.012749889306539447
2.4900000000000033,1.2300000000000058,0.03057131902599041,-0.012873120733747703
2.4900000000000033,1.2000000000000057,0.030250623131811896,-0.013001135063773539
2.4900000000000033,1.1700000000000057,0.029915519678913368,-0.013134206754270572
2.4900000000000033,1.1400000000000057,0.02956502658953383,-0.01327263068467481
2.4900000000000033,1.1100000000000056,0.029198071608289737,-0.013416723958586632
2.4900000000000033,1.0800000000000056,0.028813481859900306,-0.013566827877083309
2.4900000000000033,1.0500000000000056,0.02840997194515861,-0.01372331009839678
2.4900000000000033,1.0200000000000056,0.02798613033567854,-0.013886566997345223
2.4900000000000033,0.9900000000000055,0.027540403782045225,-0.01405702623917121
2.4900000000000033,0.9600000000000055,0.027071079395767975,-0.014235149579714543
2.4900000000000033,0.9300000000000055,0.026576263998309924,-0.014421435901312396
2.4900000000000033,0.9000000000000055,0.02605386024965286,-0.014616424489964669
2.4900000000000033,0.8700000000000054,0.025501538968548336,-0.014820698550736727
2.4900000000000033,0.8400000000000054,0.024916706934307017,-0.01503488894857656
2.4900000000000033,0.8100000000000054,0.024296469307648776,-0.015259678145264466
2.4900000000000033,0.7800000000000054,0.023637585619246,-0.01549580428004177
2.4900000000000033,0.7500000000000053,0.02293641803904324,-0.015744065308740063
2.4900000000000033,0.7200000000000053,0.02218887034109009,-0.01600532307054363
2.4900000000000033,0.6900000000000053,0.02139031560175823,-0.01628050708699355
2.4900000000000033,0.6600000000000052,0.020535510184757997,-0.016570617810785948
2.4900000000000033,0.6300000000000052,0.019618490938292012,-0.016876728922487524
2.4900000000000033,0.6000000000000052,0.01863245169885267,-0.01719998811426888
2.4900000000000033,0.5700000000000052,0.017569594078483172,-0.017541615589769716
2.4900000000000033,0.5400000000000051,0.016420945963626282,-0.017902899241820286
2.4900000000000033,0.5100000000000051,0.01517613893745296,-0.018285185138638374
2.4900000000000033,0.4800000000000051,0.013823132539819323,-0.018689861567968258
2.4900000000000033,0.45000000000000506,0.012347868137571093,-0.01911833449843192
2.4900000000000033,0.42000000000000504,0.010733826776111666,-0.019571992027070967
2.4900000000000033,0.390000000000005,0.00896145096109089,-0.020052155422432827
2.4900000000000033,0.360000000000005,0.0070073644319146484,-0.020560015190900824
2.4900000000000033,0.33000000000000496,0.004843275627944975,-0.021096552990713516
2.4900000000000033,0.30000000000000493,0.002434357139185434,-0.021662455479789726
2.4900000000000033,0.2700000000000049,-0.00026329203184025877,-0.022258036044056198
2.4900000000000033,0.2400000000000049,-0.0033068715757336243,-0.022883196248943305
2.4900000000000033,0.2100000000000049,-0.006774347458825292,-0.023537479138839995
2.4900000000000033,0.1800000000000049,-0.010778408740594336,-0.02422027948394198
2.4900000000000033,0.1500000000000049,-0.015494057858685208,-0.02493124869680455
2.4900000000000033,0.12000000000000491,-0.021217240938653577,-0.02567081212600553
2.4900000000000033,0.09000000000000491,-0.028505694138883132,-0.026440516180768363
2.4900000000000033,0.06000000000000491,-0.025399263032481873,-0.027242921575734352
2.4900000000000033,0.03000000000000491,-0.007917256333359005,-0.028081262776475338
2.4600000000000035,3,0.03884368391601086,-0.00943726218401772
2.4600000000000035,2.97,0.038782080547562464,-0.00946501096678734
2.4600000000000035,2.9400000000000004,0.038719278461923044,-0.009493275666399736
2.4600000000000035,2.9100000000000006,0.03865524238817796,-0.009522070738621075
2.4600000000000035,2.880000000000001,0.03858993566048251,-0.009551411181550978
2.4600000000000035,2.850000000000001,0.03852332014857654,-0.009581312561157379
2.4600000000000035,2.820000000000001,0.03845535618409722,-0.00961179103822657
2.4600000000000035,2.7900000000000014,0.038386002482323135,-0.009642863396853468
2.4600000000000035,2.7600000000000016,0.038315216059265855,-0.009674547074669831
2.4600000000000035,2.7300000000000018,0.03824295214343901,-0.009706860194621497
2.4600000000000035,2.700000000000002,0.03816916408223081,-0.009739821598924508
2.4600000000000035,2.670000000000002,0.03809380324219876,-0.009773450884645717
2.4600000000000035,2.6400000000000023,0.03801681890317121,-0.009807768441909934
2.4600000000000035,2.6100000000000025,0.03793815814522507,-0.009842795493755632
2.4600000000000035,2.5800000000000027,0.03785776572857144,-0.009878554139181005
2.4600000000000035,2.550000000000003,0.037775583965167996,-0.009915067398163564
2.4600000000000035,2.520000000000003,0.03769155258206591,-0.009952359259922217
2.4600000000000035,2.4900000000000033,0.037605608575258354,-0.009990454733962813
2.4600000000000035,2.4600000000000035,0.03751768605364171,-0.010029379904589252
2.4600000000000035,2.4300000000000037,0.037427716072231915,-0.010069161988599227
2.4600000000000035,2.400000000000004,0.037335626453573315,-0.010109829396993928
2.4600000000000035,2.370000000000004,0.03724134159671012,-0.010151411800544324
2.4600000000000035,2.3400000000000043,0.037144782272186996,-0.010193940199783535
2.4600000000000035,2.3100000000000045,0.037045865402611164,-0.0102374469996093
2.4600000000000035,2.2800000000000047,0.03694450382666019,-0.010281966088844234
2.4600000000000035,2.250000000000005,0.03684060604601882,-0.010327532925426658
2.4600000000000035,2.220000000000005,0.03673407595294688,-0.010374184627163439
2.4600000000000035,2.1900000000000053,0.036624812537387544,-0.010421960069085861
2.4600000000000035,2.1600000000000055,0.0365127095714711,-0.010470899987271892
2.4600000000000035,2.1300000000000057,0.03639765526927887,-0.010521047090488928
2.4600000000000035,2.100000000000006,0.036279531919960514,-0.010572446179437173
2.4600000000000035,2.070000000000006,0.036158215491393794,-0.010625144274808679
2.4600000000000035,2.0400000000000063,0.03603357520164226,-0.010679190754645018
2.4600000000000035,2.0100000000000064,0.03590547305550159,-0.010734637502117839
2.4600000000000035,1.9800000000000064,0.035773763342140684,-0.010791539063888606
2.4600000000000035,1.9500000000000064,0.03563829209062391,-0.010849952820965653
2.4600000000000035,1.9200000000000064,0.03549889647882317,-0.010909939172148398
2.4600000000000035,1.8900000000000063,0.03535540419088888,-0.010971561731990922
2.4600000000000035,1.8600000000000063,0.035207632718581364,-0.011034887544171985
2.4600000000000035,1.8300000000000063,0.03505538859986551,-0.011099987311548688
2.4600000000000035,1.8000000000000063,0.03489846658896152,-0.011166935644718462
2.4600000000000035,1.7700000000000062,0.03473664874994099,-0.011235811330674167
2.4600000000000035,1.7400000000000062,0.03456970346597027,-0.011306697623327422
2.4600000000000035,1.7100000000000062,0.03439738435464996,-0.011379682557961887
2.4600000000000035,1.6800000000000062,0.03421942907951046,-0.011454859292056141
2.4600000000000035,1.6500000000000061,0.03403555804501,-0.01153232647470745
2.4600000000000035,1.620000000000006,0.03384547296274208,-0.011612188647513538
2.4600000000000035,1.590000000000006,0.033648855272901484,-0.01169455668017727
2.4600000000000035,1.560000000000006,0.03344536440432851,-0.01177954824378677
2.4600000000000035,1.530000000000006,0.03323463585368991,-0.011867288325809855
2.4600000000000035,1.500000000000006,0.03301627906127737,-0.011957909790681162
2.4600000000000035,1.470000000000006,0.03278987505863087,-0.0120515539909202
2.4600000000000035,1.440000000000006,0.03255497385861161,-0.012148371433096133
2.4600000000000035,1.410000000000006,0.03231109155508826,-0.012248522505030689
2.4600000000000035,1.3800000000000059,0.03205770709391126,-0.01235217826952284
2.4600000000000035,1.3500000000000059,0.0317942586717718,-0.01245952133207795
2.4600000000000035,1.3200000000000058,0.03152013971198525,-0.012570746789340559
2.4600000000000035,1.2900000000000058,0.03123469435895817,-0.012686063266990594
2.4600000000000035,1.2600000000000058,0.030937212423864144,-0.012805694055452514
2.4600000000000035,1.2300000000000058,0.03062692370240283,-0.012929878353582891
2.4600000000000035,1.2000000000000057,0.030302991573474762,-0.013058872630522994
2.4600000000000035,1.1700000000000057,0.029964505771314057,-0.013192952117152795
2.4600000000000035,1.1400000000000057,0.029610474206327148,-0.013332412439459401
2.4600000000000035,1.1100000000000056,0.02923981368684745,-0.013477571406263628
2.4600000000000035,1.0800000000000056,0.028851339369113087,-0.013628770965104509
2.4600000000000035,1.0500000000000056,0.028443752730426472,-0.013786379339472597
2.4600000000000035,1.0200000000000056,0.028015627823297196,-0.013950793360793717
2.4600000000000035,0.9900000000000055,0.02756539552238757,-0.014122441008565897
2.4600000000000035,0.9600000000000055,0.027091325420970855,-0.014301784167803394
2.4600000000000035,0.9300000000000055,0.026591504965980287,-0.014489321612989374
2.4600000000000035,0.9000000000000055,0.02606381533893822,-0.014685592220377228
2.4600000000000035,0.8700000000000054,0.025505903488690293,-0.014891178403101786
2.4600000000000035,0.8400000000000054,0.024915149598417834,-0.015106709752600873
2.4600000000000035,0.8100000000000054,0.02428862911503935,-0.015332866852332892
2.4600000000000035,0.7800000000000054,0.023623068278959818,-0.015570385205175528
2.4600000000000035,0.7500000000000053,0.022914791852886356,-0.015820059182851676
2.4600000000000035,0.7200000000000053,0.022159661448057442,-0.016082745856665748
2.4600000000000035,0.6900000000000053,0.021353002464609843,-0.01635936850352479
2.4600000000000035,0.6600000000000052,0.020489517173208974,-0.016650919490921706
2.4600000000000035,0.6300000000000052,0.01956318082997553,-0.016958462122056903
2.4600000000000035,0.6000000000000052,0.018567116877475694,-0.017283130859702955
2.4600000000000035,0.5700000000000052,0.01749344615373208,-0.017626129134290847
2.4600000000000035,0.5400000000000051,0.016333103466023378,-0.017988723668985573
2.4600000000000035,0.5100000000000051,0.015075612646211267,-0.018372233922090975
2.4600000000000035,0.4800000000000051,0.013708807868787434,-0.01877801486218949
2.4600000000000035,0.45000000000000506,0.0122184838178645,-0.019207430905361547
2.4600000000000035,0.42000000000000504,0.010587948793562372,-0.019661818559612812
2.4600000000000035,0.390000000000005,0.00879744027255221,-0.020142435380756052
2.4600000000000035,0.360000000000005,0.006823336269629407,-0.02065039369145443
2.4600000000000035,0.33000000000000496,0.0046370469692270195,-0.021186579953247332
2.4600000000000035,0.30000000000000493,0.0022033766841468936,-0.02175156598251063
2.4600000000000035,0.2700000000000049,-0.0005220412511145744,-0.022345528059631303
2.4600000000000035,0.2400000000000049,-0.003597015096813398,-0.022968205732999125
2.4600000000000035,0.2100000000000049,-0.0071003426612675676,-0.02361895195216969
2.4600000000000035,0.1800000000000049,-0.011145918385912685,-0.024296938188165723
2.4600000000000035,0.1500000000000049,-0.01591062131839601,-0.025001549479426843
2.4600000000000035,0.12000000000000491,-0.02169358061374889,-0.025732883658524053
2.4600000000000035,0.09000000000000491,-0.029058556453905773,-0.026492070910771284
2.4600000000000035,0.06000000000000491,-0.024868066575980636,-0.02728113262542374
2.4600000000000035,0.03000000000000491,-0.00789574012326036,-0.028102598867610382
2.4300000000000037,3,0.03898194303940202,-0.009652975215070345
2.4300000000000037,2.97,0.03891971423711632,-0.009681029387790002
2.4300000000000037,2.9400000000000004,0.03885627452179356,-0.009709604596878335
2.4300000000000037,2.9100000000000006,0.03879158826290845,-0.009738715423423775
2.4300000000000037,2.880000000000001,0.03872561842073443,-0.009768376994664037
2.4300000000000037,2.850000000000001,0.03865832647619656,-0.009798605009888096
2.4300000000000037,2.820000000000001,0.03858967235632478,-0.009829415767328823
2.4300000000000037,2.7900000000000014,0.038519614355377096,-0.009860826192875517
2.4300000000000037,2.7600000000000016,0.038448109050867416,-0.009892853870406587
2.4300000000000037,2.7300000000000018,0.0383751112146128,-0.009925517073924112
2.4300000000000037,2.700000000000002,0.03830057371800584,-0.009958834801325908
2.4300000000000037,2.670000000000002,0.038224447431452174,-0.009992826810548035
2.4300000000000037,2.6400000000000023,0.03814668111715494,-0.01002751365759915
2.4300000000000037,2.6100000000000025,0.038067221315188166,-0.010062916736914312
2.4300000000000037,2.5800000000000027,0.03798601222191095,-0.010099058324283733
2.4300000000000037,2.550000000000003,0.03790299556050112,-0.010135961622340359
2.4300000000000037,2.520000000000003,0.037818110442699976,-0.010173650808801345
2.4300000000000037,2.4900000000000033,0.037731293221252425,-0.01021215108791848
2.4300000000000037,2.4600000000000035,0.0376424773322777,-0.010251488744950077
2.4300000000000037,2.4300000000000037,0.03755159312671169,-0.010291691204320802
2.4300000000000037,2.400000000000004,0.03745856768998732,-0.0103327870913663
2.4300000000000037,2.370000000000004,0.03736332464888697,-0.010374806298193914
2.4300000000000037,2.3400000000000043,0.03726578396467256,-0.010417780053918926
2.4300000000000037,2.3100000000000045,0.03716586171108212,-0.010461740999335556
2.4300000000000037,2.2800000000000047,0.03706346983625142,-0.010506723266969858
2.4300000000000037,2.250000000000005,0.03695851590672661,-0.010552762566161542
2.4300000000000037,2.220000000000005,0.03685090283252439,-0.010599896274304882
2.4300000000000037,2.1900000000000053,0.036740528571040515,-0.010648163534226096
2.4300000000000037,2.1600000000000055,0.03662728580832966,-0.010697605358323967
2.4300000000000037,2.1300000000000057,0.036511061615498344,-0.010748264740260902
2.4300000000000037,2.100000000000006,0.03639173707783698,-0.010800186774554271
2.4300000000000037,2.070000000000006,0.03626918689463511,-0.01085341878461707
2.4300000000000037,2.0400000000000063,0.036143278946072166,-0.010908010460343648
2.4300000000000037,2.0100000000000064,0.0360138738250077,-0.010964014005962447
2.4300000000000037,1.9800000000000064,0.03588082432952895,-0.011021484298369633
2.4300000000000037,1.9500000000000064,0.03574397491284108,-0.01108047905804066
2.4300000000000037,1.9200000000000064,0.03560316108597583,-0.01114105903253651
2.4300000000000037,1.8900000000000063,0.03545820876884113,-0.011203288194152061
2.4300000000000037,1.8600000000000063,0.035308933584148286,-0.011267233953135392
2.4300000000000037,1.8300000000000063,0.03515514008836383,-0.011332967387528398
2.4300000000000037,1.8000000000000063,0.03499662093302572,-0.011400563491133275
2.4300000000000037,1.7700000000000062,0.03483315594905687,-0.011470101441743624
2.4300000000000037,1.7400000000000062,0.03466451114579068,-0.011541664890878517
2.4300000000000037,1.7100000000000062,0.03449043761519129,-0.011615342277222052
2.4300000000000037,1.6800000000000062,0.03431067033085525,-0.011691227166338442
2.4300000000000037,1.6500000000000061,0.03412492682980875,-0.011769418618489319
2.4300000000000037,1.620000000000006,0.0339329057636729,-0.01185002158795559
2.4300000000000037,1.590000000000006,0.03373428530390351,-0.011933147356115115
2.4300000000000037,1.560000000000006,0.033528721383923585,-0.012018914002160097
2.4300000000000037,1.530000000000006,0.03331584575824045,-0.012107446914848746
2.4300000000000037,1.500000000000006,0.03309526385647123,-0.01219887934915613
2.4300000000000037,1.470000000000006,0.03286655240643337,-0.0122933530324809
2.4300000000000037,1.440000000000006,0.032629256797305085,-0.012391018825149633
2.4300000000000037,1.410000000000006,0.03238288814914134,-0.01249203744048212
2.4300000000000037,1.3800000000000059,0.03212692005052295,-0.012596580230657357
2.4300000000000037,1.3500000000000059,0.03186078491983255,-0.012704830044317054
2.4300000000000037,1.3200000000000058,0.031583869939482895,-0.012816982163504409
2.4300000000000037,1.2900000000000058,0.031295512503509856,-0.012933245327319041
2.4300000000000037,1.2600000000000058,0.030994995110640418,-0.013053842850972885
2.4300000000000037,1.2300000000000058,0.03068153962304809,-0.013179013849279754
2.4300000000000037,1.2000000000000057,0.030354300798450227,-0.013309014574458836
2.4300000000000037,1.1700000000000057,0.03001235898686492,-0.013444119878635585
2.4300000000000037,1.1400000000000057,0.029654711866300573,-0.013584624812498766
2.4300000000000037,1.1100000000000056,0.029280265067799342,-0.01373084637159619
2.4300000000000037,1.0800000000000056,0.028887821515161866,-0.013883125401788432
2.4300000000000037,1.0500000000000056,0.028476069272620138,-0.014041828676265328
2.4300000000000037,1.0200000000000056,0.02804356765520472,-0.014207351154846087
2.4300000000000037,0.9900000000000055,0.027588731310890034,-0.01438011843560863
2.4300000000000037,0.9600000000000055,0.027109811927322817,-0.014560589406063112
2.4300000000000037,0.9300000000000055,0.026604877148185015,-0.014749259097708994
2.4300000000000037,0.9000000000000055,0.026071786200828298,-0.01494666174084519
2.4300000000000037,0.8700000000000054,0.025508161635177065,-0.015153374008528467
2.4300000000000037,0.8400000000000054,0.024911356448170954,-0.015370018424253923
2.4300000000000037,0.8100000000000054,0.02427841571318605,-0.015597266889894996
2.4300000000000037,0.7800000000000054,0.023606031640206464,-0.01583584426372464
2.4300000000000037,0.7500000000000053,0.022890490752197012,-0.016086531880533578
2.4300000000000037,0.7200000000000053,0.02212761155819711,-0.01635017085539893
2.4300000000000037,0.6900000000000053,0.02131267071844293,-0.016627664941608666
2.4300000000000037,0.6600000000000052,0.020440315202025577,-0.01691998261773736
2.4300000000000037,0.6300000000000052,0.01950445729493111,-0.017228157951039377
2.4300000000000037,0.6000000000000052,0.01849814846823361,-0.01755328961349134
2.4300000000000037,0.5700000000000052,0.017413426972516195,-0.01789653720686439
2.4300000000000037,0.5400000000000051,0.016241132442413923,-0.018259113773068575
2.4300000000000037,0.5100000000000051,0.01497067852967594,-0.018642273025749712
2.4300000000000037,0.4800000000000051,0.013589771211419162,-0.0190472894540617
2.4300000000000037,0.45000000000000506,0.012084055166996007,-0.019475429065069133
2.4300000000000037,0.42000000000000504,0.0104366620285791,-0.01992790826607717
2.4300000000000037,0.390000000000005,0.008627619574030783,-0.020405838480108573
2.4300000000000037,0.360000000000005,0.006633054479433348,-0.02091015499332191
2.4300000000000037,0.33000000000000496,0.004424071836391066,-0.021441531044828682
2.4300000000000037,0.30000000000000493,0.0019650992075546225,-0.02200028352542827
2.4300000000000037,0.2700000000000049,-0.0007887064925324715,-0.0225862864492416
2.4300000000000037,0.2400000000000049,-0.003895776193262832,-0.023198923717471398
2.4300000000000037,0.2100000000000049,-0.007435758877313488,-0.023837131436691306
2.4300000000000037,0.1800000000000049,-0.011523782457704433,-0.024499589954942613
2.4300000000000037,0.1500000000000049,-0.01633864643614559,-0.025185094347323356
2.4300000000000037,0.12000000000000491,-0.022182737582631618,-0.025893010840217112
2.4300000000000037,0.09000000000000491,-0.029625981834047195,-0.026623534841758195
2.4300000000000037,0.06000000000000491,-0.024388274554463813,-0.02737747825378911
2.4300000000000037,0.03000000000000491,-0.00787441513314733,-0.028155804011921803
2.400000000000004,3,0.03912098324522416,-0.01006609557497766
2.400000000000004,2.97,0.03905811530830439,-0.010094516324382796
2.400000000000004,2.9400000000000004,0.03899402399477042,-0.010123464134944082
2.400000000000004,2.9100000000000006,0.03892867330647537,-0.010152953730474645
2.400000000000004,2.880000000000001,0.03886202582168537,-0.010183000385267177
2.400000000000004,2.850000000000001,0.0387940426238524,-0.010213619949804964
2.400000000000004,2.820000000000001,0.03872468322658987,-0.010244828878074236
2.400000000000004,2.7900000000000014,0.03865390549375947,-0.010276644256341921
2.400000000000004,2.7600000000000016,0.0385816655548188,-0.010309083833659
2.400000000000004,2.7300000000000018,0.0385079177147743,-0.010342166053960877
2.400000000000004,2.700000000000002,0.038432614358607,-0.01037591009029153
2.400000000000004,2.670000000000002,0.03835570584951473,-0.010410335880786081
2.400000000000004,2.6400000000000023,0.03827714042080428,-0.010445464167116711
2.400000000000004,2.6100000000000025,0.0381968640605645,-0.01048131653480886
2.400000000000004,2.5800000000000027,0.03811482038895553,-0.010517915456459677
2.400000000000004,2.550000000000003,0.03803095052735536,-0.01055528433721549
2.400000000000004,2.520000000000003,0.037945192958589335,-0.010593447563377274
2.400000000000004,2.4900000000000033,0.03785748337805016,-0.01063243055383123
2.400000000000004,2.4600000000000035,0.03776775453421588,-0.010672259814763468
2.400000000000004,2.4300000000000037,0.03767593605845809,-0.010712962997849995
2.400000000000004,2.400000000000004,0.037581954282772445,-0.010754568962290803
2.400000000000004,2.370000000000004,0.03748573204475428,-0.010797107840723436
2.400000000000004,2.3400000000000043,0.03738718847841486,-0.010840611109464632
2.400000000000004,2.3100000000000045,0.03728623879000731,-0.010885111663489627
2.400000000000004,2.2800000000000047,0.03718279401737726,-0.010930643896464837
2.400000000000004,2.250000000000005,0.037076760771411685,-0.010977243785859014
2.400000000000004,2.220000000000005,0.036968040958121305,-0.011024948984317828
2.400000000000004,2.1900000000000053,0.03685653147956756,-0.011073798916956284
2.400000000000004,2.1600000000000055,0.036742123911816804,-0.0111238348856183
2.400000000000004,2.1300000000000057,0.03662470415766121,-0.011175100180369199
2.400000000000004,2.100000000000006,0.036504152072082345,-0.011227640198974709
2.400000000000004,2.070000000000006,0.0363803410576677,-0.011281502574950891
2.400000000000004,2.0400000000000063,0.03625313762716517,-0.011336737314727147
2.400000000000004,2.0100000000000064,0.03612240093036123,-0.011393396945175077
2.400000000000004,1.9800000000000064,0.035987982241254865,-0.011451536671786527
2.400000000000004,1.9500000000000064,0.03584972440234312,-0.011511214548711818
2.400000000000004,1.9200000000000064,0.03570746122101781,-0.011572491661868467
2.400000000000004,1.8900000000000063,0.035561016813928814,-0.011635432325702466
2.400000000000004,1.8600000000000063,0.03541020489341832,-0.011700104295443298
2.400000000000004,1.8300000000000063,0.0352548279905794,-0.011766578995736243
2.400000000000004,1.8000000000000063,0.03509467660772306,-0.011834931767288628
2.400000000000004,1.7700000000000062,0.03492952829327084,-0.01190524213321073
2.400000000000004,1.7400000000000062,0.034759146630150665,-0.011977594086848564
2.400000000000004,1.7100000000000062,0.034583280128709995,-0.012052076402792739
2.400000000000004,1.6800000000000062,0.03440166101310826,-0.012128782973644725
2.400000000000004,1.6500000000000061,0.0342140038893717,-0.012207813174537202
2.400000000000004,1.620000000000006,0.0340200042813355,-0.012289272258207806
2.400000000000004,1.590000000000006,0.03381933701930312,-0.012373271783590312
2.400000000000004,1.560000000000006,0.03361165446374801,-0.012459930080774465
2.400000000000004,1.530000000000006,0.033396584544035504,-0.01254937275599878
2.400000000000004,1.500000000000006,0.03317372859007199,-0.012641733240736058
2.400000000000004,1.470000000000006,0.032942658930497866,-0.012737153388468286
2.400000000000004,1.440000000000006,0.032702916228074974,-0.012835784124407577
2.400000000000004,1.410000000000006,0.03245400651867933,-0.012937786152726283
2.400000000000004,1.3800000000000059,0.032195397914442606,-0.01304333072731367
2.400000000000004,1.3500000000000059,0.03192651692718934,-0.013152600491346589
2.400000000000004,1.3200000000000058,0.031646744359539014,-0.01326579039326836
2.400000000000004,1.2900000000000058,0.03135541070499029,-0.0133831086852306
2.400000000000004,1.2600000000000058,0.03105179098709706,-0.013504778012725066
2.400000000000004,1.2300000000000058,0.030735098957890623,-0.013631036602652217
2.400000000000004,1.2000000000000057,0.03040448056179386,-0.013762139559466367
2.400000000000004,1.1700000000000057,0.030059006555497435,-0.013898360277992855
2.400000000000004,1.1400000000000057,0.02969766415647647,-0.014039991982748112
2.400000000000004,1.1100000000000056,0.02931934756898346,-0.014187349403529833
2.400000000000004,1.0800000000000056,0.028922847211375776,-0.014340770596285992
2.400000000000004,1.0500000000000056,0.02850683743513894,-0.014500618918716186
2.400000000000004,1.0200000000000056,0.028069862488381343,-0.014667285167828767
2.400000000000004,0.9900000000000055,0.027610320429413786,-0.014841189884973162
2.400000000000004,0.9600000000000055,0.027126444639437138,-0.015022785830461169
2.400000000000004,0.9300000000000055,0.026616282515211514,-0.01521256062431503
2.400000000000004,0.9000000000000055,0.026077670837734983,-0.015411039542528274
2.400000000000004,0.8700000000000054,0.025508207210416786,-0.015618788446670265
2.400000000000004,0.8400000000000054,0.024905216833392155,-0.015836416809365428
2.400000000000004,0.8100000000000054,0.024265713723467218,-0.016064580775843426
2.400000000000004,0.7800000000000054,0.02358635529440254,-0.01630398617218315
2.400000000000004,0.7500000000000053,0.022863388967728326,-0.016555391327585267
2.400000000000004,0.7200000000000053,0.022092589177901745,-0.016819609522266826
2.400000000000004,0.6900000000000053,0.021269182744268714,-0.017097510794322396
2.400000000000004,0.6600000000000052,0.020387760083408306,-0.017390022734388666
2.400000000000004,0.6300000000000052,0.019442169084578985,-0.01769812976022192
2.400000000000004,0.6000000000000052,0.018425387614151315,-0.018022870180057257
2.400000000000004,0.5700000000000052,0.01732936945788795,-0.018365330121650786
2.400000000000004,0.5400000000000051,0.016144856910036462,-0.018726633112468083
2.400000000000004,0.5100000000000051,0.014861150927442682,-0.019107923745562836
2.400000000000004,0.4800000000000051,0.013465826357015546,-0.01951034347789124
2.400000000000004,0.45000000000000506,0.011944374433073857,-0.01993499623177262
2.400000000000004,0.42000000000000504,0.010279746056705842,-0.02038290123491107
2.400000000000004,0.390000000000005,0.008451754470077835,-0.02085493068742178
2.400000000000004,0.360000000000005,0.006436269194025742,-0.021351730850642237
2.400000000000004,0.33000000000000496,0.004204083142823334,-0.021873627794696156
2.400000000000004,0.30000000000000493,0.0017192383489894874,-0.02242052450728585
2.400000000000004,0.2700000000000049,-0.0010635958359007536,-0.02299180578507859
2.400000000000004,0.2400000000000049,-0.004203487624510796,-0.02358628207988811
2.400000000000004,0.2100000000000049,-0.007780957214046142,-0.024202220500337747
2.400000000000004,0.1800000000000049,-0.011912395110151422,-0.024837517774657453
2.400000000000004,0.1500000000000049,-0.016778566726275656,-0.025490034543190834
2.400000000000004,0.12000000000000491,-0.022685193786508417,-0.026157989153983763
2.400000000000004,0.09000000000000491,-0.030208514965222588,-0.026840129224136054
2.400000000000004,0.06000000000000491,-0.02395026669509265,-0.027535428011974644
2.400000000000004,0.03000000000000491,-0.007853278247661112,-0.02824252825850039
2.370000000000004,3,0.03926079640657776,-0.010687062780961279
2.370000000000004,2.97,0.03919727516137598,-0.01071593147729194
2.370000000000004,2.9400000000000004,0.03913251779885063,-0.010745334548977609
2.370000000000004,2.9100000000000006,0.03906648794526263,-0.010775286890917363
2.370000000000004,2.880000000000001,0.03899914778813217,-0.010805803953296361
2.370000000000004,2.850000000000001,0.03893045800472189,-0.010836901767557222
2.370000000000004,2.820000000000001,0.03886037768597,-0.010868596973844818
2.370000000000004,2.7900000000000014,0.03878886425577813,-0.010900906849930087
2.370000000000004,2.7600000000000016,0.03871587338552725,-0.010933849341750318
2.370000000000004,2.7300000000000018,0.038641358903009224,-0.010967443095913215
2.370000000000004,2.700000000000002,0.038565272695922734,-0.011001707493854262
2.370000000000004,2.670000000000002,0.038487564609043935,-0.011036662688075793
2.370000000000004,2.6400000000000023,0.038408182334905394,-0.01107232964065702
2.370000000000004,2.6100000000000025,0.03832707129732308,-0.011108730163814695
2.370000000000004,2.5800000000000027,0.0382441745274065,-0.011145886963200402
2.370000000000004,2.550000000000003,0.03815943253124579,-0.011183823683619643
2.370000000000004,2.520000000000003,0.03807278314887576,-0.011222564957656694
2.370000000000004,2.4900000000000033,0.03798416140353089,-0.011262136457257502
2.370000000000004,2.4600000000000035,0.03789349934073014,-0.011302564948639071
2.370000000000004,2.4300000000000037,0.03780072585623429,-0.01134387835054039
2.370000000000004,2.400000000000004,0.03770576651184204,-0.011386105796346455
2.370000000000004,2.370000000000004,0.037608543338222035,-0.011429277700066479
2.370000000000004,2.3400000000000043,0.037508974623745944,-0.011473425826709502
2.370000000000004,2.3100000000000045,0.0374069746877778,-0.011518583367259139
2.370000000000004,2.2800000000000047,0.037302453637549166,-0.0115647850185394
2.370000000000004,2.250000000000005,0.03719531710694589,-0.01161206706871809
2.370000000000004,2.220000000000005,0.03708546597554391,-0.011660467488118833
2.370000000000004,2.1900000000000053,0.036972796066501376,-0.01171002602667104
2.370000000000004,2.1600000000000055,0.03685719782104102,-0.01176078431796434
2.370000000000004,2.1300000000000057,0.03673855594760676,-0.011812785990518323
2.370000000000004,2.100000000000006,0.036616749043277566,-0.011866076786771543
2.370000000000004,2.070000000000006,0.03649164918498973,-0.011920704690899293
2.370000000000004,2.0400000000000063,0.03636312148747439,-0.011976720065398225
2.370000000000004,2.0100000000000064,0.036231023625134764,-0.012034175797867377
2.370000000000004,1.9800000000000064,0.036095205313867645,-0.012093127458567665
2.370000000000004,1.9500000000000064,0.03595550774933724,-0.012153633469363267
2.370000000000004,1.9200000000000064,0.035811762997234674,-0.012215755285667096
2.370000000000004,1.8900000000000063,0.035663793330472524,-0.012279557591975576
2.370000000000004,1.8600000000000063,0.0355114105083473,-0.012345108512233013
2.370000000000004,1.8300000000000063,0.03535441499115176,-0.012412479836618293
2.370000000000004,1.8000000000000063,0.03519259508393016,-0.01248174726590541
2.370000000000004,1.7700000000000062,0.03502572600133225,-0.012552990674997017
2.370000000000004,1.7400000000000062,0.03485356884559137,-0.012626294397463655
2.370000000000004,1.7100000000000062,0.034675869487531374,-0.012701747532816818
2.370000000000004,1.6800000000000062,0.03449235734020664,-0.012779444278751856
2.370000000000004,1.6500000000000061,0.03430274401290301,-0.012859484290383
2.370000000000004,1.620000000000006,0.03410672183154615,-0.01294197306921692
2.370000000000004,1.590000000000006,0.03390396221026832,-0.013027022384371707
2.370000000000004,1.560000000000006,0.03369411385633023,-0.013114750729067051
2.370000000000004,1.530000000000006,0.03347680078814126,-0.013205283815707472
2.370000000000004,1.500000000000006,0.03325162014379787,-0.013298755113148264
2.370000000000004,1.470000000000006,0.03301813975382831,-0.013395306429741918
2.370000000000004,1.440000000000006,0.03277589544846496,-0.013495088547047326
2.370000000000004,1.410000000000006,0.03252438806491602,-0.013598261907830284
2.370000000000004,1.3800000000000059,0.032263080115853854,-0.01370499736460526
2.370000000000004,1.3500000000000059,0.03199139207343532,-0.013815476992929454
2.370000000000004,1.3200000000000058,0.03170869821700061,-0.01392989497631883
2.370000000000004,1.2900000000000058,0.03141432198399635,-0.014048458568056199
2.370000000000004,1.2600000000000058,0.031107530754416336,-0.01417138913737881
2.370000000000004,1.2300000000000058,0.030787529987296815,-0.014298923306487285
2.370000000000004,1.2000000000000057,0.030453456614972847,-0.014431314185690922
2.370000000000004,1.1700000000000057,0.030104371584354833,-0.014568832713965002
2.370000000000004,1.1400000000000057,0.029739251416137175,-0.014711769112262255
2.370000000000004,1.1100000000000056,0.029356978629687582,-0.01486043445634902
2.370000000000004,1.0800000000000056,0.028956330855206477,-0.015015162375219784
2.370000000000004,1.0500000000000056,0.028535968421252146,-0.015176310879579422
2.370000000000004,1.0200000000000056,0.02809442016805553,-0.015344264323141926
2.370000000000004,0.9900000000000055,0.02763006718840463,-0.015519435495567169
2.370000000000004,0.9600000000000055,0.027141124142171735,-0.015702267841177786
2.370000000000004,0.9300000000000055,0.026625617719940844,-0.01589323779067231
2.370000000000004,0.9000000000000055,0.026081361746689322,-0.016092857182551427
2.370000000000004,0.8700000000000054,0.025505928312497574,-0.016301675737927686
2.370000000000004,0.8400000000000054,0.02489661418842664,-0.016520283531925035
2.370000000000004,0.8100000000000054,0.02425040162773158,-0.016749313379649636
2.370000000000004,0.7800000000000054,0.02356391245478159,-0.016989443017707717
2.370000000000004,0.7500000000000053,0.022833354097596504,-0.01724139691388915
2.370000000000004,0.7200000000000053,0.022054455909089877,-0.017505947472213956
2.370000000000004,0.6900000000000053,0.021222393727640322,-0.01778391531147333
2.370000000000004,0.6600000000000052,0.020331700121756693,-0.018076168180493166
2.370000000000004,0.6300000000000052,0.019376157106572728,-0.018383617919042416
2.370000000000004,0.6000000000000052,0.018348667252216632,-0.018707214676102035
2.370000000000004,0.5700000000000052,0.017241097935039043,-0.019047937346282726
2.370000000000004,0.5400000000000051,0.016044091863490623,-0.019406778876856826
2.370000000000004,0.5100000000000051,0.014746834694328897,-0.019784724734799447
2.370000000000004,0.4800000000000051,0.013336767105831497,-0.02018272243296143
2.370000000000004,0.45000000000000506,0.011799223322636363,-0.020601639656828152
2.370000000000004,0.42000000000000504,0.01011696930468039,-0.02104220835238077
2.370000000000004,0.390000000000005,0.008269598745576937,-0.021504952396052872
2.370000000000004,0.360000000000005,0.006232717982567429,-0.021990097651534757
2.370000000000004,0.33000000000000496,0.003976800408882461,-0.022497466103429897
2.370000000000004,0.30000000000000493,0.0014654934244041147,-0.02302636145599725
2.370000000000004,0.2700000000000049,-0.0013470327358002998,-0.023575463311329814
2.370000000000004,0.2400000000000049,-0.004520498722649318,-0.024142761061389892
2.370000000000004,0.2100000000000049,-0.008136316731397022,-0.024725573402208753
2.370000000000004,0.1800000000000049,-0.012312170065293958,-0.0253207015621566
2.370000000000004,0.1500000000000049,-0.017230837203035358,-0.025924723834200802
2.370000000000004,0.12000000000000491,-0.023201455055653877,-0.02653431942331161
2.370000000000004,0.09000000000000491,-0.0308067275376814,-0.027146349594460106
2.370000000000004,0.06000000000000491,-0.023546995772156423,-0.027757480314307997
2.370000000000004,0.03000000000000491,-0.00783232642724948,-0.028363588425090777
2.3400000000000043,3,0.03940137328971738,-0.0115281788216475
2.3400000000000043,2.97,0.039337184067099976,-0.011557603293732482
2.3400000000000043,2.9400000000000004,0.03927174569980897,-0.011587571255629744
2.3400000000000043,2.9100000000000006,0.03920502142983386,-0.011618097816179625
2.3400000000000043,2.880000000000001,0.03913697304529298,-0.01164919864559849
2.3400000000000043,2.850000000000001,0.03906756080803523,-0.011680890001701937
2.3400000000000043,2.820000000000001,0.03899674337678337,-0.011713188757529108
2.3400000000000043,2.7900000000000014,0.038924477725574516,-0.011746112430382559
2.3400000000000043,2.7600000000000016,0.038850719057326275,-0.011779679212714458
2.3400000000000043,2.7300000000000018,0.03877542071193023,-0.011813908004600249
2.3400000000000043,2.700000000000002,0.03869853406851613,-0.011848818448219792
2.3400000000000043,2.670000000000002,0.038620008441710554,-0.011884430964313464
2.3400000000000043,2.6400000000000023,0.038539790971087076,-0.011920766790775875
2.3400000000000043,2.6100000000000025,0.03845782650345245,-0.011957848023546047
2.3400000000000043,2.5800000000000027,0.03837405746753221,-0.011995697659855226
2.3400000000000043,2.550000000000003,0.03828842374034426,-0.012034339644453357
2.3400000000000043,2.520000000000003,0.038200862504442726,-0.012073798918012343
2.3400000000000043,2.4900000000000033,0.03811130809581967,-0.012114101469235222
2.3400000000000043,2.4600000000000035,0.038019691841141394,-0.012155274389592033
2.3400000000000043,2.4300000000000037,0.037925941883926645,-0.012197345932053238
2.3400000000000043,2.400000000000004,0.03782998299830391,-0.012240345572942221
2.3400000000000043,2.370000000000004,0.037731736389884266,-0.012284304078309091
2.3400000000000043,2.3400000000000043,0.0376311194822255,-0.012329253574200866
2.3400000000000043,2.3100000000000045,0.03752804568775128,-0.012375227621653467
2.3400000000000043,2.2800000000000047,0.03742242416208427,-0.012422261296758663
2.3400000000000043,2.250000000000005,0.03731415953987938,-0.012470391275771237
2.3400000000000043,2.220000000000005,0.03720315165118834,-0.012519655926141716
2.3400000000000043,2.1900000000000053,0.03708929521580213,-0.012570095403624845
2.3400000000000043,2.1600000000000055,0.0369724795144231,-0.012621751756042146
2.3400000000000043,2.1300000000000057,0.03685258803409748,-0.012674669034209163
2.3400000000000043,2.100000000000006,0.03672949808555035,-0.012728893410744749
2.3400000000000043,2.070000000000006,0.036603080390045374,-0.012784473306887235
2.3400000000000043,2.0400000000000063,0.03647319863265573,-0.012841459528736582
2.3400000000000043,2.0100000000000064,0.03633970897897719,-0.012899905412969516
2.3400000000000043,1.9800000000000064,0.03620245955147243,-0.012959866983342908
2.3400000000000043,1.9500000000000064,0.036061289861701644,-0.013021403118488269
2.3400000000000043,1.9200000000000064,0.035916030194121616,-0.01308457573211165
2.3400000000000043,1.8900000000000063,0.035766500936215875,-0.013149449966727837
2.3400000000000043,1.8600000000000063,0.03561251184986768,-0.013216094401967957
2.3400000000000043,1.8300000000000063,0.03545386127766455,-0.013284581278539376
2.3400000000000043,1.8000000000000063,0.03529033527746675,-0.013354986739579272
2.3400000000000043,1.7700000000000062,0.03512170667729721,-0.013427391090484977
2.3400000000000043,1.7400000000000062,0.03494773404231993,-0.0135018790791991
2.3400000000000043,1.7100000000000062,0.03476816054394984,-0.013578540198356963
2.3400000000000043,1.6800000000000062,0.034582712720359024,-0.013657469011546679
2.3400000000000043,1.6500000000000061,0.03439109911595088,-0.01373876550566714
2.3400000000000043,1.620000000000006,0.034193008786094575,-0.013822535471416833
2.3400000000000043,1.590000000000006,0.033988109651158796,-0.013908890915129209
2.3400000000000043,1.560000000000006,0.03377604668213001,-0.013997950503775308
2.3400000000000043,1.530000000000006,0.03355643989752628,-0.014089840046857732
2.3400000000000043,1.500000000000006,0.033328882148261796,-0.014184693017920622
2.3400000000000043,1.470000000000006,0.033092936664494484,-0.014282651119498072
2.3400000000000043,1.440000000000006,0.0328481343337875,-0.014383864894961643
2.3400000000000043,1.410000000000006,0.03259397067645495,-0.014488494391492829
2.3400000000000043,1.3800000000000059,0.0323299024780071,-0.014596709878532177
2.3400000000000043,1.3500000000000059,0.03205534403338087,-0.014708692626111845
2.3400000000000043,1.3200000000000058,0.0317696629498941,-0.014824635747975115
2.3400000000000043,1.2900000000000058,0.03147217544803771,-0.014944745114553903
2.3400000000000043,1.2600000000000058,0.031162141089798822,-0.015069240340987923
2.3400000000000043,1.2300000000000058,0.030838756851917677,-0.015198355855129797
2.3400000000000043,1.2000000000000057,0.030501150448800765,-0.01533234205114873
2.3400000000000043,1.1700000000000057,0.030148372793390058,-0.015471466532588997
2.3400000000000043,1.1400000000000057,0.02977938946501147,-0.0156160154498683
2.3400000000000043,1.1100000000000056,0.02939307103086069,-0.015766294934365647
2.3400000000000043,1.0800000000000056,0.02898818204016059,-0.015922632631379607
2.3400000000000043,1.0500000000000056,0.028563368477451712,-0.016085379329547303
2.3400000000000043,1.0200000000000056,0.02811714342178525,-0.016254910683101288
2.3400000000000043,0.9900000000000055,0.02764787061137198,-0.01643162901678305
2.3400000000000043,0.9600000000000055,0.02715374555498524,-0.01661596519644659
2.3400000000000043,0.9300000000000055,0.02663277376129609,-0.0168083805395247
2.3400000000000043,0.9000000000000055,0.026082745571531698,-0.01700936872501943
2.3400000000000043,0.8700000000000054,0.02550120697523929,-0.017219457645694346
2.3400000000000043,0.8400000000000054,0.0248854256596184,-0.01743921112058751
2.3400000000000043,0.8100000000000054,0.02423235138190609,-0.017669230352480927
2.3400000000000043,0.7800000000000054,0.023538569555676653,-0.017910154972284847
2.3400000000000043,0.7500000000000053,0.02280024669110678,-0.018162663452065728
2.3400000000000043,0.7200000000000053,0.02201306601653837,-0.01842747259225576
2.3400000000000043,0.6900000000000053,0.021172151208127855,-0.018705335684522262
2.3400000000000043,0.6600000000000052,0.02027197564415962,-0.018997038818773765
2.3400000000000043,0.6300000000000052,0.019306253934798366,-0.019303394628621545
2.3400000000000043,0.6000000000000052,0.01826781160127236,-0.01962523254857995
2.3400000000000043,0.5700000000000052,0.01714842759538665,-0.019963384382119143
2.3400000000000043,0.5400000000000051,0.015938642712812867,-0.020318663648047783
2.3400000000000043,0.5100000000000051,0.014627524610206041,-0.020691836796083413
2.3400000000000043,0.4800000000000051,0.013202376647890226,-0.02108358399613698
2.3400000000000043,0.45000000000000506,0.011648372345838227,-0.02149444688647112
2.3400000000000043,0.42000000000000504,0.009948088358138454,-0.021924760585212033
2.3400000000000043,0.390000000000005,0.008080893632508272,-0.022374567722142795
2.3400000000000043,0.360000000000005,0.006022125071547292,-0.022843513751774625
2.3400000000000043,0.33000000000000496,0.003741928931373515,-0.0233307261448428
2.3400000000000043,0.30000000000000493,0.0012035485381230657,-0.02383468625808398
2.3400000000000043,0.2700000000000049,-0.0016393569751253076,-0.02435311265947821
2.3400000000000043,0.2400000000000049,-0.004847176420246275,-0.024882888038328305
2.3400000000000043,0.2100000000000049,-0.008502235556417255,-0.025420073902492873
2.3400000000000043,0.1800000000000049,-0.012723541828630143,-0.02596005395889328
2.3400000000000043,0.1500000000000049,-0.017695935717969936,-0.026497800664522564
2.3400000000000043,0.12000000000000491,-0.02373205259843118,-0.027028144152579238
2.3400000000000043,0.09000000000000491,-0.03142121993453967,-0.027545793133512825
2.3400000000000043,0.06000000000000491,-0.02317312541475934,-0.028044953496124347
2.3400000000000043,0.03000000000000491,-0.0078115567050197916,-0.028518823687300292
2.3100000000000045,3,0.039542703469980574,-0.012603520427458242
2.3100000000000045,2.97,0.03947783108158277,-0.012633643198014077
2.3100000000000045,2.9400000000000004,0.03941169622421155,-0.012664321057734629
2.3100000000000045,2.9100000000000006,0.03934426174688651,-0.012695569392367267
2.3100000000000045,2.880000000000001,0.03927548902916412,-0.01272740415709514
2.3100000000000045,2.850000000000001,0.039205337907993174,-0.012759841903204672
2.3100000000000045,2.820000000000001,0.039133766599957695,-0.012792899805831787
2.3100000000000045,2.7900000000000014,0.03906073161899696,-0.012826595693278542
2.3100000000000045,2.7600000000000016,0.038986187688873956,-0.012860948078201262
2.3100000000000045,2.7300000000000018,0.03891008765033024,-0.012895976190421127
2.3100000000000045,2.700000000000002,0.03883238236239888,-0.01293170001149399
2.3100000000000045,2.670000000000002,0.0387530205974184,-0.012968140311671317
2.3100000000000045,2.6400000000000023,0.03867194892934235,-0.013005318688558032
2.3100000000000045,2.6100000000000025,0.03858911161477196,-0.013043257608423175
2.3100000000000045,2.5800000000000027,0.038504450466322906,-0.013081980449760305
2.3100000000000045,2.550000000000003,0.03841790471741592,-0.013121511549496534
2.3100000000000045,2.520000000000003,0.03832941087819747,-0.013161876252092392
2.3100000000000045,2.4900000000000033,0.038238902581680334,-0.013203100961555359
2.3100000000000045,2.4600000000000035,0.038146310419217885,-0.013245213196627359
2.3100000000000045,2.4300000000000037,0.038051561764835005,-0.01328824164959902
2.3100000000000045,2.400000000000004,0.0379545805870084,-0.01333221624853298
2.3100000000000045,2.370000000000004,0.03785528724738743,-0.013377168223657088
2.3100000000000045,2.3400000000000043,0.03775359828491458,-0.01342313017790664
2.3100000000000045,2.3100000000000045,0.03764942618429298,-0.013470136162100022
2.3100000000000045,2.2800000000000047,0.037542679127720614,-0.01351822175488504
2.3100000000000045,2.250000000000005,0.03743326072784021,-0.013567424148008128
2.3100000000000045,2.220000000000005,0.03732106974098556,-0.013617782237347026
2.3100000000000045,2.1900000000000053,0.03720599975837173,-0.013669336719781794
2.3100000000000045,2.1600000000000055,0.03708793887361955,-0.013722130196898413
2.3100000000000045,2.1300000000000057,0.03696676932435179,-0.013776207285529779
2.3100000000000045,2.100000000000006,0.03684236710542549,-0.013831614736181802
2.3100000000000045,2.070000000000006,0.036714601551379275,-0.013888401559212366
2.3100000000000045,2.0400000000000063,0.03658333488481448,-0.013946619160498691
2.3100000000000045,2.0100000000000064,0.036448421727918,-0.014006321486058182
2.3100000000000045,1.9800000000000064,0.03630970857316211,-0.014067565177539265
2.3100000000000045,1.9500000000000064,0.03616703320937596,-0.014130409738425748
2.3100000000000045,1.9200000000000064,0.0360202240988991,-0.014194917712667676
2.3100000000000045,1.8900000000000063,0.03586909970045416,-0.014261154876119064
2.3100000000000045,1.8600000000000063,0.035713467732695986,-0.014329190442493367
2.3100000000000045,1.8300000000000063,0.0355531243718816,-0.014399097284099327
2.3100000000000045,1.8000000000000063,0.03538785337700734,-0.014470952169657561
2.3100000000000045,1.7700000000000062,0.03521742513466203,-0.014544836019795157
2.3100000000000045,1.7400000000000062,0.03504159561466036,-0.014620834182133599
2.3100000000000045,1.7100000000000062,0.034860105226922594,-0.014699036727443465
2.3100000000000045,1.6800000000000062,0.03467267756855649,-0.01477953876856454
2.3100000000000045,1.6500000000000061,0.03447901804871907,-0.01486244080445425
2.3100000000000045,1.620000000000006,0.03427881237687738,-0.01494784909061473
2.3100000000000045,1.590000000000006,0.034071724899275346,-0.015035876038868051
2.3100000000000045,1.560000000000006,0.03385739676460242,-0.015126640648778396
2.3100000000000045,1.530000000000006,0.033635443899324394,-0.015220268972974696
2.3100000000000045,1.500000000000006,0.0334054547684577,-0.015316894619232801
2.3100000000000045,1.470000000000006,0.03316698789574196,-0.015416659292767892
2.3100000000000045,1.440000000000006,0.03291956911213345,-0.01551971338107433
2.3100000000000045,1.410000000000006,0.03266268849841478,-0.015626216585095207
2.3100000000000045,1.3800000000000059,0.03239579698087771,-0.015736338600265957
2.3100000000000045,1.3500000000000059,0.03211830253461524,-0.01585025985011511
2.3100000000000045,1.3200000000000058,0.03182956594083143,-0.01596817227712695
2.3100000000000045,1.2900000000000058,0.03152889603641181,-0.016090280193097675
2.3100000000000045,1.2600000000000058,0.031215544384599055,-0.01621680119321965
2.3100000000000045,1.2300000000000058,0.03088869928374505,-0.01634796713592234
2.3100000000000045,1.2000000000000057,0.030547479017120068,-0.016484025191441022
2.3100000000000045,1.1700000000000057,0.030190924231388992,-0.01662523895984242
2.3100000000000045,1.1400000000000057,0.029817989311144585,-0.016771889658493383
2.3100000000000045,1.1100000000000056,0.029427532594473907,-0.01692427737697528
2.3100000000000045,1.0800000000000056,0.029018305246381514,-0.017082722394180655
2.3100000000000045,1.0500000000000056,0.028588938574487462,-0.01724756654882477
2.3100000000000045,1.0200000000000056,0.028137929530793963,-0.017419174648792377
2.3100000000000045,0.9900000000000055,0.027663624095758954,-0.017597935898073937
2.3100000000000045,0.9600000000000055,0.027164198181714345,-0.017784265309254615
2.3100000000000045,0.9300000000000055,0.026637635622604457,-0.01797860505712747
2.3100000000000045,0.9000000000000055,0.026081702728954492,-0.018181425711301512
2.3100000000000045,0.8700000000000054,0.025493918781389485,-0.01839322726027634
2.3100000000000045,0.8400000000000054,0.024871521704597516,-0.018614539811408586
2.3100000000000045,0.8100000000000054,0.024211428000902573,-0.018845923805670767
2.3100000000000045,0.7800000000000054,0.023510185821605606,-0.019087969534112993
2.3100000000000045,0.7500000000000053,0.022763919801335283,-0.019341295668695302
2.3100000000000045,0.7200000000000053,0.021968265962595275,-0.019606546426562774
2.3100000000000045,0.6900000000000053,0.021118294595163713,-0.019884386862348717
2.3100000000000045,0.6600000000000052,0.020208418495850526,-0.020175495625747816
2.3100000000000045,0.6300000000000052,0.019232283282949354,-0.02048055431824683
2.3100000000000045,0.6000000000000052,0.0181826356117814,-0.02080023233040283
2.3100000000000045,0.5700000000000052,0.017051163920614582,-0.02113516573464973
2.3100000000000045,0.5400000000000051,0.01582830467967477,-0.021485928448459327
2.3100000000000045,0.5100000000000051,0.014503004745868058,-0.021852993494143942
2.3100000000000045,0.4800000000000051,0.013062426895759103,-0.02223668181183971
2.3100000000000045,0.45000000000000506,0.011491580112629783,-0.02263709584563238
2.3100000000000045,0.42000000000000504,0.009772847217740466,-0.023054035224214554
2.3100000000000045,0.390000000000005,0.007885367021556577,-0.023486892662358864
2.3100000000000045,0.360000000000005,0.005804200507020643,-0.023934530292796546
2.3100000000000045,0.33000000000000496,0.0034991588907816147,-0.024395140824596585
2.3100000000000045,0.30000000000000493,0.0009330716278616244,-0.02486610515183784
2.3100000000000045,0.2700000000000049,-0.0019409256898331242,-0.02534386882605763
2.3100000000000045,0.2400000000000049,-0.00518390635595674,-0.02582387280728489
2.3100000000000045,0.2100000000000049,-0.008879132081646156,-0.026300582927316823
2.3100000000000045,0.1800000000000049,-0.013146966996805887,-0.026767652395927086
2.3100000000000045,0.1500000000000049,-0.01817436439893267,-0.027218198217742823
2.3100000000000045,0.12000000000000491,-0.024277544603818087,-0.027645064487369447
2.3100000000000045,0.09000000000000491,-0.0320526230482365,-0.02804085808364517
2.3100000000000045,0.06000000000000491,-0.022824505826416742,-0.028397688324962644
2.3100000000000045,0.03000000000000491,-0.007790966183825003,-0.02870693070119018
2.2800000000000047,3,0.03968477524130504,-0.01392870183003854
2.2800000000000047,2.97,0.03961920395414499,-0.01395971062634481
2.2800000000000047,2.9400000000000004,0.039552356566121084,-0.013991289513668181
2.2800000000000047,2.9100000000000006,0.03948419552417737,-0.01402345424512351
2.2800000000000047,2.880000000000001,0.03941468178989084,-0.014056221154764181
2.2800000000000047,2.850000000000001,0.03934377476546308,-0.014089607184308087
2.2800000000000047,2.820000000000001,0.03927143221515067,-0.01412362991131523
2.2800000000000047,2.7900000000000014,0.03919761018206712,-0.014158307579035176
2.2800000000000047,2.7600000000000016,0.0391222628997637,-0.014193659127864078
2.2800000000000047,2.7300000000000018,0.03904534269829932,-0.014229704228647819
2.2800000000000047,2.700000000000002,0.03896679990452426,-0.014266463317729572
2.2800000000000047,2.670000000000002,0.038886582735944766,-0.014303957634237086
2.2800000000000047,2.6400000000000023,0.03880463718780537,-0.014342209259277275
2.2800000000000047,2.6100000000000025,0.03872090691283102,-0.01438124115769003
2.2800000000000047,2.5800000000000027,0.03863533309319918,-0.014421077221951684
2.2800000000000047,2.550000000000003,0.03854785430390702,-0.01446174231913433
2.2800000000000047,2.520000000000003,0.03845840636707765,-0.014503262340084783
2.2800000000000047,2.4900000000000033,0.038366922196425526,-0.014545664252241915
2.2800000000000047,2.4600000000000035,0.03827333163097012,-0.014588976155081264
2.2800000000000047,2.4300000000000037,0.038177561257400044,-0.014633227339442022
2.2800000000000047,2.400000000000004,0.038079534219895225,-0.014678448350232742
2.2800000000000047,2.370000000000004,0.037979170016534225,-0.01472467105315338
2.2800000000000047,2.3400000000000043,0.037876384281094355,-0.014771928705789923
2.2800000000000047,2.3100000000000045,0.0377710885491258,-0.014820256033012631
2.2800000000000047,2.2800000000000047,0.03766319000677097,-0.014869689307300649
2.2800000000000047,2.250000000000005,0.03755259122095606,-0.01492026643438904
2.2800000000000047,2.220000000000005,0.03743918984940309,-0.014972027044358016
2.2800000000000047,2.1900000000000053,0.03732287832853465,-0.015025012588878787
2.2800000000000047,2.1600000000000055,0.03720354353729719,-0.015079266444856576
2.2800000000000047,2.1300000000000057,0.037081066434916723,-0.015134834024947807
2.2800000000000047,2.100000000000006,0.036955321669854796,-0.015191762895810312
2.2800000000000047,2.070000000000006,0.03682617715770427,-0.01525010290418438
2.2800000000000047,2.0400000000000063,0.03669349362460685,-0.01530990631170498
2.2800000000000047,2.0100000000000064,0.036557124113470535,-0.015371227939317389
2.2800000000000047,1.9800000000000064,0.03641691344892519,-0.015434125321274859
2.2800000000000047,1.9500000000000064,0.03627269765702279,-0.015498658870582714
2.2800000000000047,1.9200000000000064,0.03612430333562829,-0.015564892055708546
2.2800000000000047,1.8900000000000063,0.035971546969838085,-0.015632891590339874
2.2800000000000047,1.8600000000000063,0.035814234187565915,-0.015702727636423653
2.2800000000000047,1.8300000000000063,0.035652158948317116,-0.015774474022251503
2.2800000000000047,1.8000000000000063,0.03548510265880818,-0.01584820847626739
2.2800000000000047,1.7700000000000062,0.03531283320729281,-0.01592401287822598
2.2800000000000047,1.7400000000000062,0.03513510390779879,-0.01600197352852597
2.2800000000000047,1.7100000000000062,0.034951652344484524,-0.01608218143801643
2.2800000000000047,1.6800000000000062,0.034762199104971796,-0.01616473263896756
2.2800000000000047,1.6500000000000061,0.034566446389969696,-0.016249728519512292
2.2800000000000047,1.620000000000006,0.03436407648520877,-0.01633727618301378
2.2800000000000047,1.590000000000006,0.034154750079326314,-0.016427488834458152
2.2800000000000047,1.560000000000006,0.03393810440969157,-0.01652048619558206
2.2800000000000047,1.530000000000006,0.033713751215247396,-0.016616394951576574
2.2800000000000047,1.500000000000006,0.03348127447275437,-0.01671534923041812
2.2800000000000047,1.470000000000006,0.033240227889594985,-0.016817491118475525
2.2800000000000047,1.440000000000006,0.03299013212218237,-0.01692297121332903
2.2800000000000047,1.410000000000006,0.03273047168459611,-0.017031949217352352
2.2800000000000047,1.3800000000000059,0.03246069150696021,-0.017144594573360424
2.2800000000000047,1.3500000000000059,0.032180193096821116,-0.017261087145117916
2.2800000000000047,1.3200000000000058,0.031888330249628255,-0.01738161794379224
2.2800000000000047,1.2900000000000058,0.03158440424581395,-0.01750638990266612
2.2800000000000047,1.2600000000000058,0.03126765846271461,-0.017635618699940972
2.2800000000000047,1.2300000000000058,0.03093727231694209,-0.01776953363007438
2.2800000000000047,1.2000000000000057,0.03059235443962289,-0.017908378522044577
2.2800000000000047,1.1700000000000057,0.03023193497049654,-0.018052412701027712
2.2800000000000047,1.1400000000000057,0.029854956836779994,-0.018201911988376576
2.2800000000000047,1.1100000000000056,0.02946026586035312,-0.018357169730128617
2.2800000000000047,1.0800000000000056,0.02904659950766836,-0.018518497841434375
2.2800000000000047,1.0500000000000056,0.028612574064425498,-0.01868622784691938
2.2800000000000047,1.0200000000000056,0.028156669976409643,-0.01886071189013684
2.2800000000000047,0.9900000000000055,0.027677215048179674,-0.01904232367456607
2.2800000000000047,0.9600000000000055,0.027172365134232677,-0.01923145928409148
2.2800000000000047,0.9300000000000055,0.026640081882725816,-0.019428537814347308
2.2800000000000047,0.9000000000000055,0.026078107006527677,-0.01963400172032287
2.2800000000000047,0.8700000000000054,0.02548393244664702,-0.019848316755961576
2.2800000000000047,0.8400000000000054,0.02485476566169613,-0.02007197133875291
2.2800000000000047,0.8100000000000054,0.02418748911214405,-0.02030547511884398
2.2800000000000047,0.7800000000000054,0.023478612804412474,-0.020549356461830537
2.2800000000000047,0.7500000000000053,0.02272421850420428,-0.02080415846143091
2.2800000000000047,0.7200000000000053,0.021919893907413366,-0.02107043298073699
2.2800000000000047,0.6900000000000053,0.021060654647774305,-0.0213487320667039
2.2800000000000047,0.6600000000000052,0.020140851497796118,-0.02163959589018745
2.2800000000000047,0.6300000000000052,0.019154059438319455,-0.021943536119383614
2.2800000000000047,0.6000000000000052,0.018092944374335063,-0.022261013339037565
2.2800000000000047,0.5700000000000052,0.016949102063536017,-0.022592406775825715
2.2800000000000047,0.5400000000000051,0.015712862148158792,-0.02293797419700351
2.2800000000000047,0.5100000000000051,0.014373047781062506,-0.023297799452566333
2.2800000000000047,0.4800000000000051,0.012916677766828439,-0.023671724813021974
2.2800000000000047,0.45000000000000506,0.011328592575961083,-0.02405926517467524
2.2800000000000047,0.42000000000000504,0.009590976499145448,-0.024459501654901104
2.2800000000000047,0.390000000000005,0.007682732614500035,-0.024870953548219568
2.2800000000000047,0.360000000000005,0.005578639253858761,-0.02529143077412615
2.2800000000000047,0.33000000000000496,0.003248164391094729,-0.025717874731823784
2.2800000000000047,0.30000000000000493,0.0006537134379051039,-0.02614620474186012
2.2800000000000047,0.2700000000000049,-0.0022521144719115354,-0.026571199949147514
2.2800000000000047,0.2400000000000049,-0.005531094063622608,-0.026986459897021985
2.2800000000000047,0.2100000000000049,-0.00926744625443135,-0.027384492355337256
2.2800000000000047,0.1800000000000049,-0.01358292566474937,-0.027756957505831542
2.2800000000000047,0.1500000000000049,-0.01866665119871827,-0.02809503367412635
2.2800000000000047,0.12000000000000491,-0.02483851796643916,-0.028389770120595126
2.2800000000000047,0.09000000000000491,-0.0327016002379205,-0.028632256344192877
2.2800000000000047,0.06000000000000491,-0.022497838698606137,-0.02881363394823655
2.2800000000000047,0.03000000000000491,-0.007770552035361865,-0.02892527829479226
2.250000000000005,3,0.03982757551846466,-0.015520375138943401
2.250000000000005,2.97,0.03976128902797664,-0.01555251571183243
2.250000000000005,2.9400000000000004,0.03969371248596708,-0.01558524599767011
2.250000000000005,2.9100000000000006,0.039624807927934214,-0.01561858224582495
2.250000000000005,2.880000000000001,0.03955453588758249,-0.015652541302475842
2.250000000000005,2.850000000000001,0.039482855322190355,-0.01568714063802168
2.250000000000005,2.820000000000001,0.03940972353310586,-0.01572239837583138
2.250000000000005,2.7900000000000014,0.03933509608157229,-0.01575833332285688
2.250000000000005,2.7600000000000016,0.03925892669940942,-0.015794965001510744
2.250000000000005,2.7300000000000018,0.03918116719405404,-0.01583231368381026
2.250000000000005,2.700000000000002,0.039101767347670624,-0.0158704004271209
2.250000000000005,2.670000000000002,0.03902067480992003,-0.015909247111995317
2.250000000000005,2.6400000000000023,0.03893783498374155,-0.0159488764823318
2.250000000000005,2.6100000000000025,0.038853190903814686,-0.015989312187773164
2.250000000000005,2.5800000000000027,0.03876668310713679,-0.016030578828393163
2.250000000000005,2.550000000000003,0.03867824949474222,-0.01607270200246752
2.250000000000005,2.520000000000003,0.03858782518464919,-0.01611570835647827
2.250000000000005,2.4900000000000033,0.03849534235434077,-0.016159625638793154
2.250000000000005,2.4600000000000035,0.03840073007286097,-0.01620448275591367
2.250000000000005,2.4300000000000037,0.03830391412106331,-0.01625030983271568
2.250000000000005,2.400000000000004,0.038204816799475495,-0.01629713827598235
2.250000000000005,2.370000000000004,0.03810335672227902,-0.0163450008421005
2.250000000000005,2.3400000000000043,0.037999448596941654,-0.016393931708871323
2.250000000000005,2.3100000000000045,0.037893002987423735,-0.016443966551920472
2.250000000000005,2.2800000000000047,0.03778392606047356,-0.016495142625824966
2.250000000000005,2.250000000000005,0.037672119312656606,-0.01654749885063477
2.250000000000005,2.220000000000005,0.03755747927734122,-0.016601075903703848
2.250000000000005,2.1900000000000053,0.03743989720895516,-0.016655916317761803
2.250000000000005,2.1600000000000055,0.03731925874323558,-0.016712064585099495
2.250000000000005,2.1300000000000057,0.03719544353095128,-0.016769567268901116
2.250000000000005,2.100000000000006,0.03706832484243855,-0.0168284731219574
2.250000000000005,2.070000000000006,0.03693776914097728,-0.01688883321293489
2.250000000000005,2.0400000000000063,0.036803635621074623,-0.01695070106180562
2.250000000000005,2.0100000000000064,0.03666577570920054,-0.017014132783782554
2.250000000000005,1.9800000000000064,0.03652403252276863,-0.017079187243607748
2.250000000000005,1.9500000000000064,0.03637824028363003,-0.017145926220232754
2.250000000000005,1.9200000000000064,0.03622822368122949,-0.017214414582846345
2.250000000000005,1.8900000000000063,0.03607379718062011,-0.01728472047916823
2.250000000000005,1.8600000000000063,0.03591476426961783,-0.0173569155370239
2.250000000000005,1.8300000000000063,0.03575091663876055,-0.017431075079941738
2.250000000000005,1.8000000000000063,0.035582033287035894,-0.017507278357898445
2.250000000000005,1.7700000000000062,0.03540787954548059,-0.017585608794573437
2.250000000000005,1.7400000000000062,0.03522820600969061,-0.017666154251941568
2.250000000000005,1.7100000000000062,0.03504274737139257,-0.01774900731367096
2.250000000000005,1.6800000000000062,0.03485122113762265,-0.017834265588721476
2.250000000000005,1.6500000000000061,0.034653326225045,-0.017922032036388647
2.250000000000005,1.620000000000006,0.03444874141468484,-0.018012415314308305
2.250000000000005,1.590000000000006,0.034237123651314844,-0.018105530151197147
2.250000000000005,1.560000000000006,0.03401810616851073,-0.018201497745099108
2.250000000000005,1.530000000000006,0.03379129641869161,-0.018300446189902453
2.250000000000005,1.500000000000006,0.033556273784289145,-0.018402510930386584
2.250000000000005,1.470000000000006,0.03331258704244061,-0.01850783524831761
2.250000000000005,1.440000000000006,0.03305975155254022,-0.018616570780027097
2.250000000000005,1.410000000000006,0.03279724613024236,-0.01872887806749285
2.250000000000005,1.3800000000000059,0.03252450956755013,-0.018844927142815326
2.250000000000005,1.3500000000000059,0.0322409367512716,-0.018964898147171894
2.250000000000005,1.3200000000000058,0.0319458743254917,-0.01908898198355941
2.250000000000005,1.2900000000000058,0.03163861583511922,-0.019217381002150535
2.250000000000005,1.2600000000000058,0.031318396277388666,-0.01935030971602325
2.250000000000005,1.2300000000000058,0.03098438597639463,-0.019487995543155723
2.250000000000005,1.2000000000000057,0.030635683681999773,-0.019630679568222502
2.250000000000005,1.1700000000000057,0.03027130877734713,-0.019778617315630177
2.250000000000005,1.1400000000000057,0.029890192460026548,-0.019932079520369076
2.250000000000005,1.1100000000000056,0.02949116773800818,-0.020091352878844067
2.250000000000005,1.0800000000000056,0.02907295805312657,-0.020256740755665206
2.250000000000005,1.0500000000000056,0.028634164311579995,-0.020428563812760946
2.250000000000005,1.0200000000000056,0.028173250059408295,-0.02060716051622656
2.250000000000005,0.9900000000000055,0.027688524492039054,-0.020792887462881215
2.250000000000005,0.9600000000000055,0.027178122927250456,-0.020986119446678456
2.250000000000005,0.9300000000000055,0.026639984297566217,-0.021187249162700927
2.250000000000005,0.9000000000000055,0.026071825130106564,-0.021396686411901074
2.250000000000005,0.8700000000000054,0.025471109372080285,-0.021614856627735747
2.250000000000005,0.8400000000000054,0.024835013286304938,-0.021842198490631837
2.250000000000005,0.8100000000000054,0.024160384475138345,-0.02207916032347766
2.250000000000005,0.7800000000000054,0.02344369388446952,-0.022326194868608706
2.250000000000005,0.7500000000000053,0.02268097938087677,-0.02258375192628405
2.250000000000005,0.7200000000000053,0.021867779170518627,-0.022852268180392335
2.250000000000005,0.6900000000000053,0.020999052914070192,-0.023132153340961303
2.250000000000005,0.6600000000000052,0.020069087862877207,-0.023423771488207568
2.250000000000005,0.6300000000000052,0.019071386652670733,-0.02372741619873453
2.250000000000005,0.6000000000000052,0.0179985324827003,-0.024043277673929636
2.250000000000005,0.5700000000000052,0.016842026181496387,-0.024371399675626293
2.250000000000005,0.5400000000000051,0.015592087965981466,-0.02471162363727869
2.250000000000005,0.5100000000000051,0.01423741427055608,-0.025063516927593607
2.250000000000005,0.4800000000000051,0.012764876410894374,-0.025426282034334308
2.250000000000005,0.45000000000000506,0.01115914221702376,-0.025798643668413827
2.250000000000005,0.42000000000000504,0.009402192571932547,-0.0261787118932522
2.250000000000005,0.390000000000005,0.007472689011369057,-0.026563822052505244
2.250000000000005,0.360000000000005,0.005345120225834136,-0.026950357468664116
2.250000000000005,0.33000000000000496,0.002988602425927041,-0.02733356974309767
2.250000000000005,0.30000000000000493,0.00036510641325865865,-0.02770742475159027
2.250000000000005,0.2700000000000049,-0.0025733185566353236,-0.028064519089287823
2.250000000000005,0.2400000000000049,-0.005889166253117813,-0.028396126391167148
2.250000000000005,0.2100000000000049,-0.00966764096590346,-0.028692432596164004
2.250000000000005,0.1800000000000049,-0.014031922941681634,-0.02894298317798019
2.250000000000005,0.1500000000000049,-0.019173351564261226,-0.029137279860354998
2.250000000000005,0.12000000000000491,-0.02541559014608585,-0.02926536530902557
2.250000000000005,0.09000000000000491,-0.03336884943895363,-0.029318251695005043
2.250000000000005,0.06000000000000491,-0.022190454190762456,-0.029288286167159033
2.250000000000005,0.03000000000000491,-0.007750311497170858,-0.029169706999159023
2.220000000000005,3,0.03997108973161001,-0.01739530981622174
2.220000000000005,2.97,0.039904071133113284,-0.01742890038733773
2.220000000000005,2.9400000000000004,0.039835748201899016,-0.017463106494622592
2.220000000000005,2.9100000000000006,0.03976608255218281,-0.01749794506375585
2.220000000000005,2.880000000000001,0.03969503427978284,-0.017533433639950295
2.220000000000005,2.850000000000001,0.03962256188639979,-0.017569590416493752
2.220000000000005,2.820000000000001,0.039548622199455846,-0.017606434264446594
2.220000000000005,2.7900000000000014,0.039473170286927435,-0.017643984763939913
2.220000000000005,2.7600000000000016,0.03939615936696533,-0.017682262237508156
2.220000000000005,2.7300000000000018,0.03931754071193519,-0.017721287785050013
2.220000000000005,2.700000000000002,0.03923726354639841,-0.017761083320665436
2.220000000000005,2.670000000000002,0.03915527493865112,-0.017801671611938644
2.220000000000005,2.6400000000000023,0.039071519685254005,-0.01784307632096699
2.220000000000005,2.6100000000000025,0.038985940188173515,-0.017885322048226848
2.220000000000005,2.5800000000000027,0.03889847632379538,-0.01792843437859043
2.220000000000005,2.550000000000003,0.03880906530332044,-0.01797243993032556
2.220000000000005,2.520000000000003,0.0387176415237698,-0.018017366406711505
2.220000000000005,2.4900000000000033,0.03862413640895142,-0.018063242650902575
2.220000000000005,2.4600000000000035,0.03852847823958438,-0.018110098704033975
2.220000000000005,2.4300000000000037,0.03843059197156623,-0.018157965866745646
2.220000000000005,2.400000000000004,0.038330399041618196,-0.01820687676453968
2.220000000000005,2.370000000000004,0.03822781715906552,-0.018256865417033197
2.220000000000005,2.3400000000000043,0.038122760082930696,-0.018307967311537332
2.220000000000005,2.3100000000000045,0.03801513738252196,-0.018360219481157986
2.220000000000005,2.2800000000000047,0.037904854180862826,-0.018413660587845188
2.220000000000005,2.250000000000005,0.03779181087877332,-0.01846833101055978
2.220000000000005,2.220000000000005,0.03767590285833046,-0.01852427293924315
2.220000000000005,2.1900000000000053,0.0375570201639214,-0.018581530474363533
2.220000000000005,2.1600000000000055,0.037435047158447476,-0.018640149733397768
2.220000000000005,2.1300000000000057,0.03730986215295784,-0.018700178963777417
2.220000000000005,2.100000000000006,0.03718133700691474,-0.018761668663376335
2.220000000000005,2.070000000000006,0.037049336696580656,-0.01882467170877067
2.220000000000005,2.0400000000000063,0.036913718848341034,-0.01888924349220189
2.220000000000005,2.0100000000000064,0.03677433323363976,-0.01895544206721078
2.220000000000005,1.9800000000000064,0.03663102122206654,-0.019023328304290266
2.220000000000005,1.9500000000000064,0.03648361518810255,-0.019092966056799526
2.220000000000005,1.9200000000000064,0.03633193786729434,-0.019164422337934445
2.220000000000005,1.8900000000000063,0.036175801656363235,-0.01923776750980205
2.220000000000005,1.8600000000000063,0.036015007852015224,-0.019313075485056203
2.220000000000005,1.8300000000000063,0.03584934582159415,-0.01939042394232085
2.220000000000005,1.8000000000000063,0.0356785920988599,-0.01946989455594003
2.220000000000005,1.7700000000000062,0.035502509396524606,-0.019551573241520903
2.220000000000005,1.7400000000000062,0.03532084552678191,-0.019635550417837072
2.220000000000005,1.7100000000000062,0.03513333221979918,-0.01972192128646752
2.220000000000005,1.6800000000000062,0.034939683828394505,-0.019810786129915103
2.220000000000005,1.6500000000000061,0.034739595906548404,-0.019902250629878493
2.220000000000005,1.620000000000006,0.034532743646820484,-0.019996426205871082
2.220000000000005,1.590000000000006,0.03431878016049647,-0.0200934303762918
2.220000000000005,1.560000000000006,0.034097334581448244,-0.02019338714199606
2.220000000000005,1.530000000000006,0.033868009973000476,-0.02029642739414428
2.220000000000005,1.500000000000006,0.03363038101314558,-0.020402689346133845
2.220000000000005,1.470000000000006,0.03338399143068138,-0.02051231899093628
2.220000000000005,1.440000000000006,0.03312835116089274,-0.020625470583537864
2.220000000000005,1.410000000000006,0.032862933184420004,-0.020742307148303246
2.220000000000005,1.3800000000000059,0.0325871700078765,-0.02086300101035772
2.220000000000005,1.3500000000000059,0.03230044973837977,-0.02098773434901363
2.220000000000005,1.3200000000000058,0.03200211169695415,-0.021116699770688044
2.220000000000005,1.2900000000000058,0.0316914415071401,-0.021250100896440367
2.220000000000005,1.2600000000000058,0.031367665584655,-0.021388152958192904
2.220000000000005,1.2300000000000058,0.03102994494243002,-0.02153108339453244
2.220000000000005,1.2000000000000057,0.030677368211305327,-0.021679132433697547
2.220000000000005,1.1700000000000057,0.030308943758925476,-0.02183255364745009
2.220000000000005,1.1400000000000057,0.02992359077068285,-0.021991614453528208
2.220000000000005,1.1100000000000056,0.02952012913182022,-0.022156596536848816
2.220000000000005,1.0800000000000056,0.02909726792137405,-0.022327796150865414
2.220000000000005,1.0500000000000056,0.02865359229483718,-0.022505524247346864
2.220000000000005,1.0200000000000056,0.028187548490420454,-0.022690106367367485
2.220000000000005,0.9900000000000055,0.027697426644649036,-0.022881882205367354
2.220000000000005,0.9600000000000055,0.027181341041878537,-0.023081204731187105
2.220000000000005,0.9300000000000055,0.026637207349141157,-0.02328843872004814
2.220000000000005,0.9000000000000055,0.026062716297668796,-0.023503958495066365
2.220000000000005,0.8700000000000054,0.02545530316191634,-0.02372814462809829
2.220000000000005,0.8400000000000054,0.02481211225166329,-0.023961379268156252
2.220000000000005,0.8100000000000054,0.024129955464095514,-0.024204039668415417
2.220000000000005,0.7800000000000054,0.023405263734195214,-0.024456489354380842
2.220000000000005,0.7500000000000053,0.022634029960146206,-0.024719066214339884
2.220000000000005,0.7200000000000053,0.021811741651313613,-0.02499206658166711
2.220000000000005,0.6900000000000053,0.02093330112819425,-0.025275724118018768
2.220000000000005,0.6600000000000052,0.01999293056701133,-0.025570181976726863
2.220000000000005,0.6300000000000052,0.01898405848590131,-0.025875456328852603
2.220000000000005,0.6000000000000052,0.01789918334810922,-0.026191388867437257
2.220000000000005,0.5700000000000052,0.01672970871848527,-0.02651758539132215
2.220000000000005,0.5400000000000051,0.015465742691682374,-0.026853337066697736
2.220000000000005,0.5100000000000051,0.014095851853465624,-0.027197520595308278
2.220000000000005,0.4800000000000051,0.012606756378005924,-0.02754847353054163
2.220000000000005,0.45000000000000506,0.010982947167865693,-0.027903841811974917
2.220000000000005,0.42000000000000504,0.009206196631823128,-0.028260398966882788
2.220000000000005,0.390000000000005,0.007254918727535135,-0.02861384148093652
2.220000000000005,0.360000000000005,0.005103305240833059,-0.0289585740749526
2.220000000000005,0.33000000000000496,0.0027201117646658054,-0.029287513630259776
2.220000000000005,0.30000000000000493,0.00006686350798641717,-0.02959196179471127
2.220000000000005,0.2700000000000049,-0.002904954102311767,-0.029861620775898517
2.220000000000005,0.2400000000000049,-0.006258572190829716,-0.030084843424668155
2.220000000000005,0.2100000000000049,-0.010080203548121329,-0.030249194534008206
2.220000000000005,0.1800000000000049,-0.014494490585646608,-0.03034232572214321
2.220000000000005,0.1500000000000049,-0.019695050236478783,-0.03035302616386196
2.220000000000005,0.12000000000000491,-0.026009411173644387,-0.030272187619451413
2.220000000000005,0.09000000000000491,-0.03405510544026959,-0.03009349567250002
2.220000000000005,0.06000000000000491,-0.021900157425702855,-0.02981394889769544
2.220000000000005,0.03000000000000491,-0.0077302418709754,-0.029434327014673495
2.1900000000000053,3,0.0401153017123835,-0.019568853771788228
2.1900000000000053,2.97,0.040047533470511876,-0.019604298999182174
2.1900000000000053,2.9400000000000004,0.03997844627188445,-0.019640393759351768
2.1900000000000053,2.9100000000000006,0.03990800129929782,-0.019677155901256432
2.1900000000000053,2.880000000000001,0.03983615819999771,-0.019714603926227873
2.1900000000000053,2.850000000000001,0.0397628750092834,-0.019752757017796774
2.1900000000000053,2.820000000000001,0.03968810806923942,-0.01979163507288434
2.1900000000000053,2.7900000000000014,0.03961181194259604,-0.019831258734707508
2.1900000000000053,2.7600000000000016,0.039533939321554856,-0.01987164942770775
2.1900000000000053,2.7300000000000018,0.03945444093049804,-0.0199128293941873
2.1900000000000053,2.700000000000002,0.03937326542292057,-0.019954821732988477
2.1900000000000053,2.670000000000002,0.039290359271785466,-0.019997650440472026
2.1900000000000053,2.6400000000000023,0.03920566665268808,-0.020041340453788026
2.1900000000000053,2.6100000000000025,0.03911912931959305,-0.02008591769659286
2.1900000000000053,2.5800000000000027,0.03903068647239421,-0.020131409127185917
2.1900000000000053,2.550000000000003,0.03894027461575777,-0.02017784278995735
2.1900000000000053,2.520000000000003,0.03884782740839711,-0.020225247869306615
2.1900000000000053,2.4900000000000033,0.03875327550225437,-0.020273654746841105
2.1900000000000053,2.4600000000000035,0.03865654637075491,-0.020323095062204723
2.1900000000000053,2.4300000000000037,0.038557564124875515,-0.020373601777365857
2.1900000000000053,2.400000000000004,0.038456249316749805,-0.020425209244737952
2.1900000000000053,2.370000000000004,0.03835251872901025,-0.02047795327938992
2.1900000000000053,2.3400000000000043,0.03824628514932065,-0.020531871235787674
2.1900000000000053,2.3100000000000045,0.038137457128393525,-0.020587002089134943
2.1900000000000053,2.2800000000000047,0.03802593872033362,-0.020643386521782076
2.1900000000000053,2.250000000000005,0.03791162920369663,-0.02070106701496527
2.1900000000000053,2.220000000000005,0.03779442278162705,-0.020760087946279628
2.1900000000000053,2.1900000000000053,0.03767420825912102,-0.020820495693300634
2.1900000000000053,2.1600000000000055,0.03755086869550597,-0.02088233874373699
2.1900000000000053,2.1300000000000057,0.03742428102982809,-0.020945667812626023
2.1900000000000053,2.100000000000006,0.03729431567655772,-0.021010535966825672
2.1900000000000053,2.070000000000006,0.03716083608908398,-0.021076998757896842
2.1900000000000053,2.0400000000000063,0.03702369828765642,-0.021145114363086
2.1900000000000053,2.0100000000000064,0.03688275034876709,-0.021214943735714198
2.1900000000000053,1.9800000000000064,0.036737831851904656,-0.021286550765234336
2.1900000000000053,1.9500000000000064,0.03658877327955558,-0.02136000244762326
2.1900000000000053,1.9200000000000064,0.03643539536601943,-0.02143536906714677
2.1900000000000053,1.8900000000000063,0.03627750838973824,-0.02151272438941565
2.1900000000000053,1.8600000000000063,0.03611491140324691,-0.021592145867684154
2.1900000000000053,1.8300000000000063,0.0359473913945273,-0.021673714861976834
2.1900000000000053,1.8000000000000063,0.03577472237236315,-0.0217575168727647
2.1900000000000053,1.7700000000000062,0.0355966643677591,-0.021843641789562107
2.1900000000000053,1.7400000000000062,0.03541296234216493,-0.021932184155339957
2.1900000000000053,1.7100000000000062,0.035223344992331596,-0.02202324344782615
2.1900000000000053,1.6800000000000062,0.035027523440468555,-0.022116924378403374
2.1900000000000053,1.6500000000000061,0.034825189796422455,-0.02221333720906682
2.1900000000000053,1.620000000000006,0.034616015577201675,-0.022312598088996376
2.1900000000000053,1.590000000000006,0.034399649967598825,-0.022414829410262137
2.1900000000000053,1.560000000000006,0.03417571790241414,-0.022520160183905187
2.1900000000000053,1.530000000000006,0.03394381794927036,-0.022628726436422664
2.1900000000000053,1.500000000000006,0.03370351996752281,-0.022740671626215486
2.1900000000000053,1.470000000000006,0.03345436251498814,-0.02285614707965604
2.1900000000000053,1.440000000000006,0.033195849971144845,-0.022975312445801616
2.1900000000000053,1.410000000000006,0.032927449339706955,-0.02309833616757931
2.1900000000000053,1.3800000000000059,0.032648586689081424,-0.023225395966320783
2.1900000000000053,1.3500000000000059,0.03235864318173322,-0.023356679336133612
2.1900000000000053,1.3200000000000058,0.032056950637492074,-0.023492384041131298
2.1900000000000053,1.2900000000000058,0.03174278656560678,-0.023632718608073422
2.1900000000000053,1.2600000000000058,0.0314153685911777,-0.023777902803049672
2.1900000000000053,1.2300000000000058,0.031073848189126337,-0.0239281680771252
2.1900000000000053,1.2000000000000057,0.030717303624466234,-0.02408375796146607
2.1900000000000053,1.1700000000000057,0.030344731980582136,-0.024244928386433065
2.1900000000000053,1.1400000000000057,0.029955040137422236,-0.024411947889451696
2.1900000000000053,1.1100000000000056,0.02954703453694013,-0.024585097668703176
2.1900000000000053,1.0800000000000056,0.029119409544298754,-0.024764671423443907
2.1900000000000053,1.0500000000000056,0.02867073417899075,-0.02495097490675212
2.1900000000000053,1.0200000000000056,0.028199436947788346,-0.02514432509188936
2.1900000000000053,0.9900000000000055,0.027703788461400272,-0.025345048825856822
2.1900000000000053,0.9600000000000055,0.0271818814551682,-0.025553480804814455
2.1900000000000053,0.9300000000000055,0.02663160775978864,-0.025769960656596647
2.1900000000000053,0.9000000000000055,0.026050631677012995,-0.025994828853252785
2.1900000000000053,0.8700000000000054,0.02543635910379709,-0.026228421090573883
2.1900000000000053,0.8400000000000054,0.02478590161059742,-0.02647106066654717
2.1900000000000053,0.8100000000000054,0.024096034509889792,-0.026723048248635736
2.1900000000000053,0.7800000000000054,0.023363147739007394,-0.02698464823946936
2.1900000000000053,0.7500000000000053,0.022583188117388252,-0.027256070718425174
2.1900000000000053,0.7200000000000053,0.021751591204101604,-0.02753744763620114
2.1900000000000053,0.6900000000000053,0.020863200559572977,-0.027828801565249264
2.1900000000000053,0.6600000000000052,0.019912171671294648,-0.028130004839849038
2.1900000000000053,0.6300000000000052,0.01889185709850329,-0.028440726351531387
2.1900000000000053,0.6000000000000052,0.01779466845987347,-0.028760362609842965
2.1900000000000053,0.5700000000000052,0.01661190963119444,-0.029087948972374156
2.1900000000000053,0.5400000000000051,0.01533357378325474,-0.029422046304224736
2.1900000000000053,0.5100000000000051,0.013948094400833947,-0.029760597977910377
2.1900000000000053,0.4800000000000051,0.01244203672142018,-0.03010075252646871
2.1900000000000053,0.45000000000000506,0.010799710264841295,-0.030438649233329382
2.1900000000000053,0.42000000000000504,0.009002673700221439,-0.030769168859252433
2.1900000000000053,0.390000000000005,0.00702908713315351,-0.031085661668893594
2.1900000000000053,0.360000000000005,0.004852837893686163,-0.031379682702497524
2.1900000000000053,0.33000000000000496,0.002442311750885383,-0.031640792444260116
2.1900000000000053,0.30000000000000493,-0.00024142310026352507,-0.03185651945813345
2.1900000000000053,0.2700000000000049,-0.0032474595709906335,-0.03201262135141787
2.1900000000000053,0.2400000000000049,-0.00663978518932332,-0.03209379533655615
2.1900000000000053,0.2100000000000049,-0.010505647390038135,-0.032084931301850195
2.1900000000000053,0.1800000000000049,-0.014971188767943174,-0.03197281865189443
2.1900000000000053,0.1500000000000049,-0.020232363193483503,-0.03174793569556478
2.1900000000000053,0.12000000000000491,-0.026620665817365885,-0.03140576405722553
2.1900000000000053,0.09000000000000491,-0.034761142343720894,-0.03094728290701676
2.1900000000000053,0.06000000000000491,-0.02162511978410488,-0.030378804986577794
2.1900000000000053,0.03000000000000491,-0.007710340520368643,-0.029711340534469804
2.1600000000000055,3,0.040260193570577904,-0.022052586175599395
2.1600000000000055,2.97,0.04019165748696325,-0.02209038616119996
2.1600000000000055,2.9400000000000004,0.04012178746665929,-0.022128880144974376
2.1600000000000055,2.9100000000000006,0.04005054425053005,-0.02216808722816085
2.1600000000000055,2.880000000000001,0.03997788702637434,-0.022208027211018486
2.1600000000000055,2.850000000000001,0.039903773351617926,-0.02224872062469857
2.1600000000000055,2.820000000000001,0.03982815907113936,-0.022290188764519853
2.1600000000000055,2.7900000000000014,0.03975099823023576,-0.022332453725579654
2.1600000000000055,2.7600000000000016,0.03967224298217146,-0.022375538439810994
2.1600000000000055,2.7300000000000018,0.03959184349005596,-0.022419466715414643
2.1600000000000055,2.700000000000002,0.03950974782236738,-0.022464263278392467
2.1600000000000055,2.670000000000002,0.039425901842190254,-0.02250995381619525
2.1600000000000055,2.6400000000000023,0.039340249088947635,-0.022556565024339226
2.1600000000000055,2.6100000000000025,0.03925273065280403,-0.02260412465505493
2.1600000000000055,2.5800000000000027,0.03916328504068568,-0.02265266156928769
2.1600000000000055,2.550000000000003,0.039071848033378036,-0.022702205791281654
2.1600000000000055,2.520000000000003,0.03897835253331933,-0.022752788566558442
2.1600000000000055,2.4900000000000033,0.03888272840175219,-0.02280444242330416
2.1600000000000055,2.4600000000000035,0.03878490228494167,-0.02285720123710136
2.1600000000000055,2.4300000000000037,0.038684797428423484,-0.022911100299982504
2.1600000000000055,2.400000000000004,0.038582333478074424,-0.022966176393144258
2.1600000000000055,2.370000000000004,0.03847742626718813,-0.023022467864269786
2.1600000000000055,2.3400000000000043,0.03836998758833552,-0.023080014709543933
2.1600000000000055,2.3100000000000045,0.03825992494867089,-0.023138858660579187
2.1600000000000055,2.2800000000000047,0.03814714130727687,-0.023199043276743006
2.1600000000000055,2.250000000000005,0.03803153479297626,-0.023260614043083966
2.1600000000000055,2.220000000000005,0.03791299840109484,-0.02332361847447216
2.1600000000000055,2.1900000000000053,0.03779141966695514,-0.023388106226127768
2.1600000000000055,2.1600000000000055,0.03766668031445437,-0.023454129211065045
2.1600000000000055,2.1300000000000057,0.037538655876987695,-0.023521741725020806
2.1600000000000055,2.100000000000006,0.03740721528862197,-0.02359100057928329
2.1600000000000055,2.070000000000006,0.03727222044259965,-0.023661965241672054
2.1600000000000055,2.0400000000000063,0.03713352571374814,-0.02373469798686756
2.1600000000000055,2.0100000000000064,0.036990977442064484,-0.023809264056283377
2.1600000000000055,1.9800000000000064,0.03684441337301454,-0.023885731827687884
2.1600000000000055,1.9500000000000064,0.03669366205072733,-0.023964172996277726
2.1600000000000055,1.9200000000000064,0.036538542159277695,-0.024044662766875564
2.1600000000000055,1.8900000000000063,0.03637886180683371,-0.024127280058600153
2.1600000000000055,1.8600000000000063,0.03621441774671942,-0.024212107722448306
2.1600000000000055,1.8300000000000063,0.03604499452916978,-0.02429923277265776
2.1600000000000055,1.8000000000000063,0.035870363576068126,-0.024388746632599483
2.1600000000000055,1.7700000000000062,0.0356902821709033,-0.02448074539583217
2.1600000000000055,1.7400000000000062,0.03550449235429903,-0.024575330103557336
2.1600000000000055,1.7100000000000062,0.03531271971523338,-0.024672607038299765
2.1600000000000055,1.6800000000000062,0.03511467206590258,-0.02477268803545335
2.1600000000000055,1.6500000000000061,0.03491003798731082,-0.02487569081261367
2.1600000000000055,1.620000000000006,0.034698485230686554,-0.02498173931711549
2.1600000000000055,1.590000000000006,0.03447965895775072,-0.025090964092596257
2.1600000000000055,1.560000000000006,0.03425317980093506,-0.02520350266349955
2.1600000000000055,1.530000000000006,0.034018641721608504,-0.025319499938372306
2.1600000000000055,1.500000000000006,0.033775609641852375,-0.025439108629611212
2.1600000000000055,1.470000000000006,0.03352361682121667,-0.02556248968944025
2.1600000000000055,1.440000000000006,0.03326216194649691,-0.02568981275881125
2.1600000000000055,1.410000000000006,0.0329907058973076,-0.025821256625789504
2.1600000000000055,1.3800000000000059,0.03270866814502038,-0.02595700968910801
2.1600000000000055,1.3500000000000059,0.03241542273631913,-0.026097270419097388
2.1600000000000055,1.3200000000000058,0.032110293804717055,-0.026242247807452462
2.1600000000000055,1.2900000000000058,0.03179255054487387,-0.02639216179319634
2.1600000000000055,1.2600000000000058,0.031461401574253825,-0.026547243648289198
2.1600000000000055,1.2300000000000058,0.031115988594082294,-0.026707736301924717
2.1600000000000055,1.2000000000000057,0.030755379247295024,-0.02687389457419989
2.1600000000000055,1.1700000000000057,0.030378559053909432,-0.027045985283446372
2.1600000000000055,1.1400000000000057,0.029984422283937277,-0.027224287178016754
2.1600000000000055,1.1100000000000056,0.02957176160306349,-0.027409090631136446
2.1600000000000055,1.0800000000000056,0.02913925629801367,-0.027600697016484762
2.1600000000000055,1.0500000000000056,0.028685458852162175,-0.02779941766004828
2.1600000000000055,1.0200000000000056,0.028208779600821108,-0.028005572230262052
2.1600000000000055,0.9900000000000055,0.027707469144024548,-0.028219486388829852
2.1600000000000055,0.9600000000000055,0.02717959813245507,-0.028441488470563873
2.1600000000000055,0.9300000000000055,0.02662303396754992,-0.02867190488988588
2.1600000000000055,0.9000000000000055,0.02603541386358915,-0.02891105388091568
2.1600000000000055,0.8700000000000054,0.02541411360786473,-0.029159237057988965
2.1600000000000055,0.8400000000000054,0.02475621121472159,-0.02941672812552698
2.1600000000000055,0.8100000000000054,0.024058444498239975,-0.029683757861493743
2.1600000000000055,0.7800000000000054,0.023317161373025717,-0.029960494228466916
2.1600000000000055,0.7500000000000053,0.022528261426053648,-0.030247016117118983
2.1600000000000055,0.7200000000000053,0.02168712696377174,-0.03054327877152612
2.1600000000000055,0.6900000000000053,0.020788541311328998,-0.03084906836535818
2.1600000000000055,0.6600000000000052,0.019826591590395324,-0.031163942462024377
2.1600000000000055,0.6300000000000052,0.018794552488217986,-0.03148715219052878
2.1600000000000055,0.6000000000000052,0.017684746587259506,-0.0318175409059913
2.1600000000000055,0.5700000000000052,0.01648837555366575,-0.0321534129509409
2.1600000000000055,0.5400000000000051,0.015195314722097512,-0.032492365081831176
2.1600000000000055,0.5100000000000051,0.013793861095521063,-0.03283107261249765
2.1600000000000055,0.4800000000000051,0.012270421029018761,-0.033165023241425645
2.1600000000000055,0.45000000000000506,0.010609118027377944,-0.03348819555076454
2.1600000000000055,0.42000000000000504,0.008791291544467523,-0.033792689220271704
2.1600000000000055,0.390000000000005,0.006794841308614806,-0.034068334733495576
2.1600000000000055,0.360000000000005,0.00459334233975389,-0.034302347996230054
2.1600000000000055,0.33000000000000496,0.0021548010050392316,-0.034479155388237065
2.1600000000000055,0.30000000000000493,-0.0005601833981440244,-0.03458059461103794
2.1600000000000055,0.2700000000000049,-0.0036012972192756916,-0.034586768603187684
2.1600000000000055,0.2400000000000049,-0.007033304216234696,-0.03447781813174418
2.1600000000000055,0.2100000000000049,-0.010944513682806757,-0.034236658927196545
2.1600000000000055,0.1800000000000049,-0.01546260797939321,-0.03385221765707641
2.1600000000000055,0.1500000000000049,-0.02078593975079212,-0.03332207651416723
2.1600000000000055,0.12000000000000491,-0.027250075924798646,-0.03265328904795742
2.1600000000000055,0.09000000000000491,-0.035487776224717826,-0.03186100499504457
2.1600000000000055,0.06000000000000491,-0.021363800037662892,-0.030965826808087932
2.1600000000000055,0.03000000000000491,-0.007690604869053241,-0.02999093097884223
2.1300000000000057,3,0.04040574556097599,-0.024851102640907966
2.1300000000000057,2.97,0.04033642273963173,-0.02489184951549605
2.1300000000000057,2.9400000000000004,0.04026575063212268,-0.024933347688463676
2.1300000000000057,2.9100000000000006,0.04019368952643962,-0.02497561793217777
2.1300000000000057,2.880000000000001,0.0401201981395797,-0.02501868178289951
2.1300000000000057,2.850000000000001,0.040045233539293144,-0.02506256157561143
2.1300000000000057,2.820000000000001,0.039968751060926525,-0.025107280480910703
2.1300000000000057,2.7900000000000014,0.03989070421952917,-0.025152862543782024
2.1300000000000057,2.7600000000000016,0.03981104461615265,-0.02519933272458453
2.1300000000000057,2.7300000000000018,0.03972972183863855,-0.025246716942252403
2.1300000000000057,2.700000000000002,0.03964668335607722,-0.025295042120059223
2.1300000000000057,2.670000000000002,0.03956187440648697,-0.025344336233712572
2.1300000000000057,2.6400000000000023,0.03947523787746341,-0.025394628362446277
2.1300000000000057,2.6100000000000025,0.03938671417889412,-0.025445948742778876
2.1300000000000057,2.5800000000000027,0.039296241107512966,-0.025498328825694958
2.1300000000000057,2.550000000000003,0.039203753702449634,-0.02555180133680962
2.1300000000000057,2.520000000000003,0.0391091840910124,-0.025606400340147002
2.1300000000000057,2.4900000000000033,0.03901246132414287,-0.02566216130597103
2.1300000000000057,2.4600000000000035,0.03891351120055445,-0.02571912118215823
2.1300000000000057,2.4300000000000037,0.03881225607884336,-0.025777318470140857
2.1300000000000057,2.400000000000004,0.03870861467614517,-0.025836793305418555
2.1300000000000057,2.370000000000004,0.03860250185289288,-0.025897587542756173
2.1300000000000057,2.3400000000000043,0.03849382838192707,-0.02595974484680791
2.1300000000000057,2.3100000000000045,0.0383825007009785,-0.026023310788101328
2.1300000000000057,2.2800000000000047,0.03826842064690297,-0.026088332945003456
2.1300000000000057,2.250000000000005,0.038151485170328875,-0.026154861012151268
2.1300000000000057,2.220000000000005,0.03803158602878809,-0.02622294691534216
2.1300000000000057,2.1900000000000053,0.037908609456464744,-0.026292644934048773
2.1300000000000057,2.1600000000000055,0.03778243580857137,-0.026364011831205098
2.1300000000000057,2.1300000000000057,0.03765293917805573,-0.0264371069915747
2.1300000000000057,2.100000000000006,0.037519986981888735,-0.026511992568734336
2.1300000000000057,2.070000000000006,0.03738343951431279,-0.02658873364139694
2.1300000000000057,2.0400000000000063,0.03724314946393219,-0.02666739837995409
2.1300000000000057,2.0100000000000064,0.03709896139111114,-0.026748058223382137
2.1300000000000057,1.9800000000000064,0.03695071116173209,-0.026830788067751507
2.1300000000000057,1.9500000000000064,0.03679822533343204,-0.026915666466757707
2.1300000000000057,1.9200000000000064,0.036641320489089996,-0.027002775845025626
2.1300000000000057,1.8900000000000063,0.0364798025125814,-0.02709220272516505
2.1300000000000057,1.8600000000000063,0.036313465800944265,-0.027184037969310522
2.1300000000000057,1.8300000000000063,0.03614209240598977,-0.027278377035845465
2.1300000000000057,1.8000000000000063,0.0359654510983916,-0.027375320252393864
2.1300000000000057,1.7700000000000062,0.035783296345683765,-0.027474973105751088
2.1300000000000057,1.7400000000000062,0.03559536719503528,-0.02757744654953434
2.1300000000000057,1.7100000000000062,0.035401386050254974,-0.02768285733050853
2.1300000000000057,1.6800000000000062,0.03520105733104441,-0.027791328333947957
2.1300000000000057,1.6500000000000061,0.034994066001756516,-0.02790298894904293
2.1300000000000057,1.620000000000006,0.03478007595392198,-0.02801797545410202
2.1300000000000057,1.590000000000006,0.03455872822593996,-0.028136431422152705
2.1300000000000057,1.560000000000006,0.03432963904058334,-0.028258508146575656
2.1300000000000057,1.530000000000006,0.0340923976380815,-0.028384365085983382
2.1300000000000057,1.500000000000006,0.033846563880035874,-0.0285141703268931
2.1300000000000057,1.470000000000006,0.03359166559547709,-0.028648101062486553
2.1300000000000057,1.440000000000006,0.033327195636406126,-0.0287863440835876
2.1300000000000057,1.410000000000006,0.033052608605249424,-0.028929096277797384
2.1300000000000057,1.3800000000000059,0.03276731721162078,-0.029076565129878384
2.1300000000000057,1.3500000000000059,0.03247068820842964,-0.02922896921478585
2.1300000000000057,1.3200000000000058,0.03216203785055228,-0.029386538671269558
2.1300000000000057,1.2900000000000058,0.03184062681009532,-0.029549515639924723
2.1300000000000057,1.2600000000000058,0.03150565447131431,-0.029718154645015524
2.1300000000000057,1.2300000000000058,0.03115625251688539,-0.029892722891654955
2.1300000000000057,1.2000000000000057,0.030791477701449278,-0.030073500442022255
2.1300000000000057,1.1700000000000057,0.030410303691687582,-0.03026078022275444
2.1300000000000057,1.1400000000000057,0.03001161183114001,-0.030454867800608208
2.1300000000000057,1.1100000000000056,0.029594180663476514,-0.030656080844840835
2.1300000000000057,1.0800000000000056,0.029156674018030376,-0.030864748168983797
2.1300000000000057,1.0500000000000056,0.028697627426286232,-0.03108120821282037
2.1300000000000057,1.0200000000000056,0.028215432594892093,-0.031305806781197584
2.1300000000000057,0.9900000000000055,0.02770831960927289,-0.03153889380056697
2.1300000000000057,0.9600000000000055,0.02717433647897774,-0.031780818778955
2.1300000000000057,0.9300000000000055,0.02661132555990274,-0.03203192455644599
2.1300000000000057,0.9000000000000055,0.02601689629502383,-0.03229253880148045
2.1300000000000057,0.8700000000000054,0.025388393600974155,-0.03256296253521687
2.1300000000000057,0.8400000000000054,0.024722861087185202,-0.032843454732121316
2.1300000000000057,0.8100000000000054,0.024016998119534637,-0.03313421173696304
2.1300000000000057,0.7800000000000054,0.023267109524385064,-0.0334353398226717
2.1300000000000057,0.7500000000000053,0.022469046457060854,-0.03374681866278931
2.1300000000000057,0.7200000000000053,0.021618136617456506,-0.0340684527569641
2.1300000000000057,0.6900000000000053,0.02070910156180496,-0.03439980687762477
2.1300000000000057,0.6600000000000052,0.01973595830247496,-0.034740120334629754
2.1300000000000057,0.6300000000000052,0.018691901665307497,-0.03508819322597067
2.1300000000000057,0.6000000000000052,0.017569162917814404,-0.03544223581688319
2.1300000000000057,0.5700000000000052,0.01635883889511783,-0.03579966982633211
2.1300000000000057,0.5400000000000051,0.015050684067138316,-0.036156867954843644
2.1300000000000057,0.5100000000000051,0.013632855438487336,-0.03650881621607108
2.1300000000000057,0.4800000000000051,0.012091596377430085,-0.03684868425050361
2.1300000000000057,0.45000000000000506,0.010410839554523092,-0.03716729545176083
2.1300000000000057,0.42000000000000504,0.008571699511064606,-0.0374525084758337
2.1300000000000057,0.390000000000005,0.006551808807890513,-0.03768856690005397
2.1300000000000057,0.360000000000005,0.004324421980101238,-0.03785556286416594
2.1300000000000057,0.33000000000000496,0.001857156022869896,-0.03792931178176874
2.1300000000000057,0.30000000000000493,-0.0008898710367679953,-0.037882140433543404
2.1300000000000057,0.2700000000000049,-0.0039669547101661646,-0.0376852502009571
2.1300000000000057,0.2400000000000049,-0.007439655633376812,-0.03731315363396197
2.1300000000000057,0.2100000000000049,-0.011397373307091471,-0.03674979437683968
2.1300000000000057,0.1800000000000049,-0.015969371092069296,-0.03599432946212003
2.1300000000000057,0.1500000000000049,-0.021356464833189613,-0.035063359438871206
2.1300000000000057,0.12000000000000491,-0.0278984029568526,-0.033987600446263845
2.1300000000000057,0.09000000000000491,-0.036235868011743846,-0.032804608847182365
2.1300000000000057,0.06000000000000491,-0.021114885908924297,-0.03155165564020009
2.1300000000000057,0.03000000000000491,-0.007671032398901913,-0.030261281239112155
2.100000000000006,3,0.0405519359389245,-0.02795822436079881
2.100000000000006,2.97,0.04048180674941225,-0.02800257703435266
2.100000000000006,2.9400000000000004,0.04041031254030744,-0.028047753056942903
2.100000000000006,2.9100000000000006,0.04033741313540469,-0.02809377537029522
2.100000000000006,2.880000000000001,0.040263066769069294,-0.028140667767271258
2.100000000000006,2.850000000000001,0.040187230007034724,-0.028188454931293738
2.100000000000006,2.820000000000001,0.040109857662477294,-0.028237162477894047
2.100000000000006,2.7900000000000014,0.040030902706788246,-0.028286816998316696
2.100000000000006,2.7600000000000016,0.03995031617493967,-0.02833744610604683
2.100000000000006,2.7300000000000018,0.03986804706519047,-0.02838907848531186
2.100000000000006,2.700000000000002,0.03978404223205831,-0.028441743942951896
2.100000000000006,2.670000000000002,0.03969824627290976,-0.028495473462824827
2.100000000000006,2.6400000000000023,0.03961060140707336,-0.028550299263575107
2.100000000000006,2.6100000000000025,0.03952104734713151,-0.028606254859701537
2.100000000000006,2.5800000000000027,0.0394295211618183,-0.028663375126147847
2.100000000000006,2.550000000000003,0.03933595712988153,-0.028721696366767753
2.100000000000006,2.520000000000003,0.0392402865841206,-0.02878125638681272
2.100000000000006,2.4900000000000033,0.03914243774480741,-0.02884209456996239
2.100000000000006,2.4600000000000035,0.03904233554183292,-0.028904251959451895
2.100000000000006,2.4300000000000037,0.03893990142447519,-0.028967771344951473
2.100000000000006,2.400000000000004,0.03883505315791992,-0.029032697354023973
2.100000000000006,2.370000000000004,0.03872770460523206,-0.02909907654962124
2.100000000000006,2.3400000000000043,0.0386177654938848,-0.02916695753364146
2.100000000000006,2.3100000000000045,0.03850514116525132,-0.02923639105664865
2.100000000000006,2.2800000000000047,0.038389732305846774,-0.029307430135014852
2.100000000000006,2.250000000000005,0.03827143465842309,-0.029380130175072683
2.100000000000006,2.220000000000005,0.038150138711564696,-0.029454549105212162
2.100000000000006,2.1900000000000053,0.03802572936557736,-0.0295307475167182
2.100000000000006,2.1600000000000055,0.03789808557265703,-0.02960878881367518
2.100000000000006,2.1300000000000057,0.03776707994896007,-0.029688739372220288
2.100000000000006,2.100000000000006,0.03763257835613272,-0.02977066871071754
2.100000000000006,2.070000000000006,0.037494439449291844,-0.029854649670691777
2.100000000000006,2.0400000000000063,0.0373525141882842,-0.029940758609957423
2.100000000000006,2.0100000000000064,0.03720664530901914,-0.030029075608277278
2.100000000000006,1.9800000000000064,0.03705666675048386,-0.030119684686952086
2.100000000000006,1.9500000000000064,0.03690240303372819,-0.030212674042577554
2.100000000000006,1.9200000000000064,0.03674366858746832,-0.030308136296705125
2.100000000000006,1.8900000000000063,0.03658026701534615,-0.030406168762020513
2.100000000000006,1.8600000000000063,0.0364119902985587,-0.03050687372605726
2.100000000000006,1.8300000000000063,0.03623861792754919,-0.030610358753863073
2.100000000000006,1.8000000000000063,0.03605991595486231,-0.030716737010465907
2.100000000000006,1.7700000000000062,0.035875635961100966,-0.03082612760461837
2.100000000000006,1.7400000000000062,0.03568551392438949,-0.030938655954702396
2.100000000000006,1.7100000000000062,0.035489268982872434,-0.031054454178228358
2.100000000000006,1.6800000000000062,0.035286602078243044,-0.031173661505665556
2.100000000000006,1.6500000000000061,0.03507719446673862,-0.031296424719866
2.100000000000006,1.620000000000006,0.03486070608265463,-0.0314228986222294
2.100000000000006,1.590000000000006,0.034636773736919826,-0.03155324652519065
2.100000000000006,1.560000000000006,0.03440500913107875,-0.03168764077263794
2.100000000000006,1.530000000000006,0.034164996664808586,-0.03182626328681526
2.100000000000006,1.500000000000006,0.03391629101125082,-0.03196930614209785
2.100000000000006,1.470000000000006,0.0336584144314135,-0.03211697216288273
2.100000000000006,1.440000000000006,0.03339085379472675,-0.032269475543347914
2.100000000000006,1.410000000000006,0.03311305726744507,-0.03242704248493484
2.100000000000006,1.3800000000000059,0.03282443062602913,-0.032589911844605475
2.100000000000006,1.3500000000000059,0.03252433314470294,-0.03275833578539621
2.100000000000006,1.3200000000000058,0.032212072999916436,-0.03293258041665298
2.100000000000006,1.2900000000000058,0.03188690212484639,-0.03311292640701195
2.100000000000006,1.2600000000000058,0.03154801043614403,-0.03329966954694724
2.100000000000006,1.2300000000000058,0.031194519343410596,-0.033493121230512235
2.100000000000006,1.2000000000000057,0.030825474436230252,-0.03369360881468836
2.100000000000006,1.1700000000000057,0.030439837226481987,-0.03390147580196201
2.100000000000006,1.1400000000000057,0.030036475802337977,-0.03411708177408476
2.100000000000006,1.1100000000000056,0.029614154225734952,-0.03434080198017178
2.100000000000006,1.0800000000000056,0.02917152047480556,-0.03457302645312885
2.100000000000006,1.0500000000000056,0.028707092696889695,-0.034814158485317936
2.100000000000006,1.0200000000000056,0.028219243494582366,-0.03506461224048804
2.100000000000006,0.9900000000000055,0.027706181914794122,-0.035324809204997254
2.100000000000006,0.9600000000000055,0.027165932747200763,-0.03559517308267389
2.100000000000006,0.9300000000000055,0.0265963126614696,-0.03587612260497637
2.100000000000006,0.9000000000000055,0.025994902618129805,-0.0361680615478783
2.100000000000006,0.8700000000000054,0.025359015871950826,-0.0364713650020141
2.100000000000006,0.8400000000000054,0.024685660744559825,-0.03678636060955914
2.100000000000006,0.8100000000000054,0.02397149716600852,-0.03711330302214344
2.100000000000006,0.7800000000000054,0.023212785766226658,-0.03745233920305926
2.100000000000006,0.7500000000000053,0.022405328021618674,-0.037803461327519244
2.100000000000006,0.7200000000000053,0.02154439561732511,-0.03816644282388629
2.100000000000006,0.6900000000000053,0.02062464674528633,-0.03854075142843752
2.100000000000006,0.6600000000000052,0.019640026494937485,-0.03892543080772004
2.100000000000006,0.6300000000000052,0.018583647761048802,-0.03931893912002138
2.100000000000006,0.6000000000000052,0.017447648125302834,-0.03971892857021864
2.100000000000006,0.5700000000000052,0.016223016864493463,-0.040121944319454525
2.100000000000006,0.5400000000000051,0.014899384431828516,-0.04052301400640747
2.100000000000006,0.5100000000000051,0.01346476417411068,-0.04091509127635368
2.100000000000006,0.4800000000000051,0.011905232200785567,-0.04128831061865297
2.100000000000006,0.45000000000000506,0.010204525331614676,-0.04162901353778296
2.100000000000006,0.42000000000000504,0.008343527263965856,-0.041918534771927585
2.100000000000006,0.390000000000005,0.006299596320957519,-0.04213182936297244
2.100000000000006,0.360000000000005,0.004045658039610544,-0.04223624774390586
2.100000000000006,0.33000000000000496,0.0015489296585457285,-0.04219122722364749
2.100000000000006,0.30000000000000493,-0.001230964954730337,-0.04195039670454448
2.100000000000006,0.2700000000000049,-0.004344946856582967,-0.04146819748133759
2.100000000000006,0.2400000000000049,-0.007859395079224469,-0.04071221725467936
2.100000000000006,0.2100000000000049,-0.011864828876171237,-0.03967813233643486
2.100000000000006,0.1800000000000049,-0.016492135591375943,-0.03839807259368137
2.100000000000006,0.1500000000000049,-0.02194466143509115,-0.03693373889063342
2.100000000000006,0.12000000000000491,-0.02856645073335782,-0.035357157554564866
2.100000000000006,0.09000000000000491,-0.03700632660757376,-0.03373213356785561
2.100000000000006,0.06000000000000491,-0.020877249968284297,-0.03210576250601535
2.100000000000006,0.03000000000000491,-0.007651620648850578,-0.030508800653045204
2.070000000000006,3,0.0406987408040975,-0.0313535184203545
2.070000000000006,2.97,0.04062778484212912,-0.03140214866834129
2.070000000000006,2.9400000000000004,0.04055544772807528,-0.03145168976515983
2.070000000000006,2.9100000000000006,0.04048168880966506,-0.03150216735866643
2.070000000000006,2.880000000000001,0.040406465826371966,-0.031553608060454236
2.070000000000006,2.850000000000001,0.04032973482923531,-0.031606039490982965
2.070000000000006,2.820000000000001,0.04025145009583412,-0.03165949032739415
2.070000000000006,2.7900000000000014,0.04017156404009345,-0.03171399035382157
2.070000000000006,2.7600000000000016,0.040090027116608556,-0.031769570514916357
2.070000000000006,2.7300000000000018,0.040006787718921855,-0.03182626297198596
2.070000000000006,2.700000000000002,0.0399217920714236,-0.03188410116285333
2.070000000000006,2.670000000000002,0.03983498411448785,-0.03194311986486287
2.070000000000006,2.6400000000000023,0.039746305382169944,-0.03200335526184968
2.070000000000006,2.6100000000000025,0.039655694871990756,-0.032064845014831436
2.070000000000006,2.5800000000000027,0.039563088906161836,-0.032127628337248845
2.070000000000006,2.550000000000003,0.039468420983686095,-0.032191746074496236
2.070000000000006,2.520000000000003,0.03937162162259494,-0.03225724078841219
2.070000000000006,2.4900000000000033,0.03927261819133343,-0.03232415684697561
2.070000000000006,2.4600000000000035,0.03917133472881576,-0.03239254051953691
2.070000000000006,2.4300000000000037,0.03906769175192526,-0.03246244007800762
2.070000000000006,2.400000000000004,0.038961606049528065,-0.03253390590442602
2.070000000000006,2.370000000000004,0.03885299046193147,-0.032606990605412334
2.070000000000006,2.3400000000000043,0.03874175364459731,-0.03268174913387792
2.070000000000006,2.3100000000000045,0.03862779981465422,-0.032758238918666416
2.070000000000006,2.2800000000000047,0.038511028478852585,-0.03283652000261106
2.070000000000006,2.250000000000005,0.03839133414127133,-0.03291665518969428
2.070000000000006,2.220000000000005,0.03826860598922489,-0.03299871020189951
2.070000000000006,2.1900000000000053,0.03814272755508118,-0.03308275384662543
2.070000000000006,2.1600000000000055,0.03801357635217907,-0.03316885819520632
2.070000000000006,2.1300000000000057,0.03788102348226113,-0.03325709877366664
2.070000000000006,2.100000000000006,0.03774493321195494,-0.03334755476641296
2.070000000000006,2.070000000000006,0.037605162515309355,-0.033440309233914584
2.070000000000006,2.0400000000000063,0.03746156057935731,-0.03353544934549027
2.070000000000006,2.0100000000000064,0.0373139682688845,-0.0336330666282785
2.070000000000006,1.9800000000000064,0.03716221754680138,-0.033733257233519796
2.070000000000006,1.9500000000000064,0.03700613084550722,-0.03383612222175427
2.070000000000006,1.9200000000000064,0.03684552038451084,-0.03394176786804448
2.070000000000006,1.8900000000000063,0.036680187428867445,-0.03405030598894687
2.070000000000006,1.8600000000000063,0.036509921482272584,-0.03416185429271609
2.070000000000006,1.8300000000000063,0.03633449940819575,-0.034276536754682604
2.070000000000006,1.8000000000000063,0.036153684471532894,-0.03439448401913672
2.070000000000006,1.7700000000000062,0.0359672252920568,-0.034515833830429596
2.070000000000006,1.7400000000000062,0.03577485470030324,-0.03464073149446789
2.070000000000006,1.7100000000000062,0.035576288485207344,-0.03476933037337743
2.070000000000006,1.6800000000000062,0.03537122402122744,-0.03490179241519303
2.070000000000006,1.6500000000000061,0.035159338761561326,-0.03503828872063808
2.070000000000006,1.620000000000006,0.03494028858189378,-0.035179000149778414
2.070000000000006,1.590000000000006,0.03471370595717524,-0.0353241179699356
2.070000000000006,1.560000000000006,0.03447919795190752,-0.03547384454733547
2.070000000000006,1.530000000000006,0.034236344000975624,-0.03562839408440935
2.070000000000006,1.500000000000006,0.033984693455895096,-0.03578799340352862
2.070000000000006,1.470000000000006,0.033723762866709625,-0.035952882778592425
2.070000000000006,1.440000000000006,0.03345303296659914,-0.036123316814054854
2.070000000000006,1.410000000000006,0.03317194532036516,-0.036299565370360026
2.070000000000006,1.3800000000000059,0.03287989859301292,-0.036481914532971976
2.070000000000006,1.3500000000000059,0.03257624438776019,-0.036670667619578386
2.070000000000006,1.3200000000000058,0.032260282594795714,-0.03686614621802514
2.070000000000006,1.2900000000000058,0.03193125618339716,-0.03706869124222757
2.070000000000006,1.2600000000000058,0.031588345358793304,-0.037278663988051214
2.070000000000006,1.2300000000000058,0.031230660992797817,-0.03749644716481909
2.070000000000006,1.2000000000000057,0.030857237222112942,-0.03772244586598414
2.070000000000006,1.1700000000000057,0.030467023090188186,-0.03795708843121226
2.070000000000006,1.1400000000000057,0.03005887308770125,-0.03820082713212958
2.070000000000006,1.1100000000000056,0.029631536420793,-0.038454138590988673
2.070000000000006,1.0800000000000056,0.02918364480667028,-0.038717523807198055
2.070000000000006,1.0500000000000056,0.02871369855887356,-0.03899150762371592
2.070000000000006,1.0200000000000056,0.028220050681450122,-0.03927663740214382
2.070000000000006,0.9900000000000055,0.027700888637714097,-0.03957348059498537
2.070000000000006,0.9600000000000055,0.027154213395457896,-0.03988262078775991
2.070000000000006,0.9300000000000055,0.026577815271549298,-0.040204651628404676
2.070000000000006,0.9000000000000055,0.025969246004161752,-0.040540167841861846
2.070000000000006,0.8700000000000054,0.02532578636294231,-0.040889752226358905
2.070000000000006,0.8400000000000054,0.024644408463113023,-0.04125395709812883
2.070000000000006,0.8100000000000054,0.02392173177128798,-0.04163327804792523
2.070000000000006,0.7800000000000054,0.023153971567656806,-0.04202811700724968
2.070000000000006,0.7500000000000053,0.022336878351793425,-0.04243873037800194
2.070000000000006,0.7200000000000053,0.02146566632851486,-0.04286515617085762
2.070000000000006,0.6900000000000053,0.02053492866501389,-0.04330711144883923
2.070000000000006,0.6600000000000052,0.019538536640049065,-0.04376384745717454
2.070000000000006,0.6300000000000052,0.0184695190630259,-0.044233943990957855
2.070000000000006,0.6000000000000052,0.01731991736161838,-0.04471501582505216
2.070000000000006,0.5700000000000052,0.016080610414608038,-0.04520329093763492
2.070000000000006,0.5400000000000051,0.014741101377087649,-0.04569300073403276
2.070000000000006,0.5100000000000051,0.0132892561271335,-0.04617549395684856
2.070000000000006,0.4800000000000051,0.011710979066363751,-0.04663794647819472
2.070000000000006,0.45000000000000506,0.009989805938647053,-0.0470614917383627
2.070000000000006,0.42000000000000504,0.008106383418674,-0.04741856376996159
2.070000000000006,0.390000000000005,0.006037788225623666,-0.047669311596935396
2.070000000000006,0.360000000000005,0.0037566080272920877,-0.04775736918737086
2.070000000000006,0.33000000000000496,0.0012296494827596424,-0.04760669459858442
2.070000000000006,0.30000000000000493,-0.0015839711357783686,-0.04712468435424533
2.070000000000006,0.2700000000000049,-0.0047358175105282506,-0.04622180184049633
2.070000000000006,0.2400000000000049,-0.0082931095081782,-0.044855090413230325
2.070000000000006,0.2100000000000049,-0.012347516949365343,-0.04307401291387994
2.070000000000006,0.1800000000000049,-0.01703159599550539,-0.04101563293638226
2.070000000000006,0.1500000000000049,-0.022551293288069624,-0.03884020359243254
2.070000000000006,0.12000000000000491,-0.029255068410090505,-0.03667071423490212
2.070000000000006,0.09000000000000491,-0.037800112275608186,-0.034577283747552506
2.070000000000006,0.06000000000000491,-0.020649915799703208,-0.032590481223523274
2.070000000000006,0.03000000000000491,-0.007632367212291706,-0.03071864615135792
2.0400000000000063,3,0.04084613393082706,-0.035000621675974244
2.0400000000000063,2.97,0.04077432997633543,-0.03505413527029114
2.0400000000000063,2.9400000000000004,0.04070112832210705,-0.03510866139106686
2.0400000000000063,2.9100000000000006,0.04062648782761162,-0.03516422889497495
2.0400000000000063,2.880000000000001,0.04055036572463981,-0.035220867738787326
2.0400000000000063,2.850000000000001,0.040472717536205405,-0.0352786090319418
2.0400000000000063,2.820000000000001,0.04039349699054162,-0.035337485092051424
2.0400000000000063,2.7900000000000014,0.04031265592974981,-0.03539752950370925
2.0400000000000063,2.7600000000000016,0.040230144212994534,-0.03545877718060947
2.0400000000000063,2.7300000000000018,0.04014590961349622,-0.0355212644315151
2.0400000000000063,2.700000000000002,0.04005989770928728,-0.03558502902986485
2.0400000000000063,2.670000000000002,0.03997205176675435,-0.03565011028785915
2.0400000000000063,2.6400000000000023,0.039882312617019605,-0.03571654913481
2.0400000000000063,2.6100000000000025,0.03979061852403927,-0.03578438820028068
2.0400000000000063,2.5800000000000027,0.03969690504418201,-0.0358536719027
2.0400000000000063,2.550000000000003,0.03960110487665726,-0.03592444654276761
2.0400000000000063,2.520000000000003,0.0395031477036291,-0.03599676040361277
2.0400000000000063,2.4900000000000033,0.039402960019707514,-0.036070663856631206
2.0400000000000063,2.4600000000000035,0.03930046494982727,-0.03614620947425391
2.0400000000000063,2.4300000000000037,0.039195582054311354,-0.03622345215028508
2.0400000000000063,2.400000000000004,0.03908822712052447,-0.0363024492276984
2.0400000000000063,2.370000000000004,0.03897831193957155,-0.03638326063510064
2.0400000000000063,2.3400000000000043,0.03886574406720373,-0.0364659490321497
2.0400000000000063,2.3100000000000045,0.038750426567143906,-0.036550579964767876
2.0400000000000063,2.2800000000000047,0.03863225773588986,-0.03663722203093142
2.0400000000000063,2.250000000000005,0.038511130806873586,-0.0367259470576183
2.0400000000000063,2.220000000000005,0.038386933632407014,-0.036816830290214375
2.0400000000000063,2.1900000000000053,0.038259548341537594,-0.036909950594919
2.0400000000000063,2.1600000000000055,0.03812885097148801,-0.03700539067548725
2.0400000000000063,2.1300000000000057,0.03799471107037922,-0.03710323730538123
2.0400000000000063,2.100000000000006,0.0378569912685031,-0.037203581576600864
2.0400000000000063,2.070000000000006,0.0377155468153524,-0.03730651916632399
2.0400000000000063,2.0400000000000063,0.03757022507913664,-0.03741215062331688
2.0400000000000063,2.0100000000000064,0.03742086500511401,-0.03752058167533329
2.0400000000000063,1.9800000000000064,0.03726729652886547,-0.03763192355918374
2.0400000000000063,1.9500000000000064,0.03710933994004842,-0.037746293376027695
2.0400000000000063,1.9200000000000064,0.036946805191640716,-0.03786381447306969
2.0400000000000063,1.8900000000000063,0.0367794911494513,-0.03798461685486351
2.0400000000000063,1.8600000000000063,0.03660718477538519,-0.03810883762583314
2.0400000000000063,1.8300000000000063,0.03642966023783176,-0.038236621467444526
2.0400000000000063,1.8000000000000063,0.036246677941697523,-0.038368121152520265
2.0400000000000063,1.7700000000000062,0.036057983469020546,-0.03850349810016434
2.0400000000000063,1.7400000000000062,0.035863306421036495,-0.0386429229744132
2.0400000000000063,1.7100000000000062,0.03566235915043632,-0.03878657633075465
2.0400000000000063,1.6800000000000062,0.035454835371792975,-0.03893464931454549
2.0400000000000063,1.6500000000000061,0.03524040863642855,-0.03908734441505329
2.0400000000000063,1.620000000000006,0.03501873065583861,-0.03924487628109952
2.0400000000000063,1.590000000000006,0.03478942945633368,-0.03940747260180448
2.0400000000000063,1.560000000000006,0.034552107344621615,-0.03957537505890325
2.0400000000000063,1.530000000000006,0.03430633866165497,-0.03974884035588606
2.0400000000000063,1.500000000000006,0.03405166729870253,-0.03992814132961803
2.0400000000000063,1.470000000000006,0.0337876039461729,-0.040113568150565285
2.0400000000000063,1.440000000000006,0.0335136230411012,-0.04030542961775274
2.0400000000000063,1.410000000000006,0.033229159374679476,-0.04050405455426494
2.0400000000000063,1.3800000000000059,0.032933604315094886,-0.040709793308757125
2.0400000000000063,1.3500000000000059,0.032626301594388896,-0.040923019367668734
2.0400000000000063,1.3200000000000058,0.0323065426002122,-0.04114413108138282
2.0400000000000063,1.2900000000000058,0.03197356110388015,-0.041373553506505956
2.0400000000000063,1.2600000000000058,0.031626527345401834,-0.041611740361144345
2.0400000000000063,1.2300000000000058,0.031264541383353675,-0.041859176088859223
2.0400000000000063,1.2000000000000057,0.030886625601934052,-0.042116378017412526
2.0400000000000063,1.1700000000000057,0.030491716249914882,-0.042383898591797656
2.0400000000000063,1.1400000000000057,0.030078653864287583,-0.0426623276467919
2.0400000000000063,1.1100000000000056,0.029646172406131224,-0.04295229466681039
2.0400000000000063,1.0800000000000056,0.029192886905299885,-0.04325447095609126
2.0400000000000063,1.0500000000000056,0.028717279373493474,-0.0435695716059159
2.0400000000000063,1.0200000000000056,0.028217682701452015,-0.04389835709722284
2.0400000000000063,0.9900000000000055,0.02769226220170377,-0.044241634305699495
2.0400000000000063,0.9600000000000055,0.027138994393340058,-0.04460025657995395
2.0400000000000063,0.9300000000000055,0.026555642546530298,-0.04497512242142586
2.0400000000000063,0.9000000000000055,0.025939728406949573,-0.04536717209708224
2.0400000000000063,0.8700000000000054,0.02528849940197317,-0.04577738122719428
2.0400000000000063,0.8400000000000054,0.024598890484185128,-0.046206749976805794
2.0400000000000063,0.8100000000000054,0.023867479586658184,-0.046656285868130476
2.0400000000000063,0.7800000000000054,0.023090435439155888,-0.04712697733353745
2.0400000000000063,0.7500000000000053,0.022263456212923822,-0.04761975378022665
2.0400000000000063,0.7200000000000053,0.021381697106231903,-0.04813542589309028
2.0400000000000063,0.6900000000000053,0.020439684532482412,-0.04867459675488253
2.0400000000000063,0.6600000000000052,0.019431213993585265,-0.04923752943046632
2.0400000000000063,0.6300000000000052,0.01834922796980349,-0.049823948792569794
2.0400000000000063,0.6000000000000052,0.017185669163905227,-0.05043274254748778
2.0400000000000063,0.5700000000000052,0.01593130309856965,-0.051061505060668894
2.0400000000000063,0.5400000000000051,0.014575502211787099,-0.05170583113273011
2.0400000000000063,0.5100000000000051,0.013105980942318775,-0.05235820308851269
2.0400000000000063,0.4800000000000051,0.011508467347781767,-0.0530062002117076
2.0400000000000063,0.45000000000000506,0.009766290650457862,-0.05362955081240611
2.0400000000000063,0.42000000000000504,0.007859854061992702,-0.054195165440771076
2.0400000000000063,0.390000000000005,0.005765945017951483,-0.05464862416675692
2.0400000000000063,0.360000000000005,0.0034568040672582345,-0.054899672652051604
2.0400000000000063,0.33000000000000496,0.0008988160023382153,-0.05479949807321769
2.0400000000000063,0.30000000000000493,-0.0019494245145188589,-0.05411756997543127
2.0400000000000063,0.2700000000000049,-0.005140141611199144,-0.05257534789906046
2.0400000000000063,0.2400000000000049,-0.00874141940221601,-0.05006702393073682
2.0400000000000063,0.2100000000000049,-0.012846110433701055,-0.046921209909158684
2.0400000000000063,0.1800000000000049,-0.017588486480503672,-0.04365544391420079
2.0400000000000063,0.1500000000000049,-0.023177167756032784,-0.04057810960305239
2.0400000000000063,0.12000000000000491,-0.029965153712123098,-0.037779159532136786
2.0400000000000063,0.09000000000000491,-0.03861824031810969,-0.03525201489769263
2.0400000000000063,0.06000000000000491,-0.020432031673281777,-0.03296279173277206
2.0400000000000063,0.03000000000000491,-0.007613269735757375,-0.030875601790208873
2.0100000000000064,3,0.04099408658420244,-0.03884888842397982
2.0100000000000064,2.97,0.04092141255621744,-0.03890774134579794
2.0100000000000064,2.9400000000000004,0.04084732384895848,-0.03896771915528366
2.0100000000000064,2.9100000000000006,0.0407717788207175,-0.03902885429811151
2.0100000000000064,2.880000000000001,0.04069473418239764,-0.0390911804746403
2.0100000000000064,2.850000000000001,0.040616144915145216,-0.0391547327011002
2.0100000000000064,2.820000000000001,0.040535964183442116,-0.03921954737396546
2.0100000000000064,2.7900000000000014,0.04045414324258999,-0.03928566233843962
2.0100000000000064,2.7600000000000016,0.04037063134072047,-0.039353116960767126
2.0100000000000064,2.7300000000000018,0.040285375614567465,-0.039421952205121624
2.0100000000000064,2.700000000000002,0.04019832097877421,-0.03949221071504655
2.0100000000000064,2.670000000000002,0.04010941000816878,-0.039563936899921104
2.0100000000000064,2.6400000000000023,0.04001858281245946,-0.03963717702681252
2.0100000000000064,2.6100000000000025,0.03992577690281495,-0.03971197931807742
2.0100000000000064,2.5800000000000027,0.039830927049788176,-0.03978839405508863
2.0100000000000064,2.550000000000003,0.03973396513172098,-0.039866473688720455
2.0100000000000064,2.520000000000003,0.03963481997303098,-0.039946272956783324
2.0100000000000064,2.4900000000000033,0.03953341717159532,-0.04002784900928601
2.0100000000000064,2.4600000000000035,0.03942967891438997,-0.040111261541806664
2.0100000000000064,2.4300000000000037,0.03932352378013676,-0.0401965729378988
2.0100000000000064,2.400000000000004,0.03921486652838305,-0.040283848421026475
2.0100000000000064,2.370000000000004,0.03910361787353227,-0.04037315621670767
2.0100000000000064,2.3400000000000043,0.03898968424270139,-0.04046456772589201
2.0100000000000064,2.3100000000000045,0.038872967516075246,-0.04055815771047308
2.0100000000000064,2.2800000000000047,0.03875336474806543,-0.04065400449176487
2.0100000000000064,2.250000000000005,0.03863076786808216,-0.040752190162851254
2.0100000000000064,2.220000000000005,0.0385050633583964,-0.04085280081657719
2.0100000000000064,2.1900000000000053,0.038376131907901775,-0.040955926789744794
2.0100000000000064,2.1600000000000055,0.03824384803893942,-0.041061662925348213
2.0100000000000064,2.1300000000000057,0.038108079705180445,-0.04117010885427202
2.0100000000000064,2.100000000000006,0.037968687857601296,-0.04128136929810677
2.0100000000000064,2.070000000000006,0.037825525975798316,-0.041395554394941
2.0100000000000064,2.0400000000000063,0.03767843956142162,-0.0415127800501206
2.0100000000000064,2.0100000000000064,0.037527265589663655,-0.04163316831428626
2.0100000000000064,1.9800000000000064,0.03737183191547712,-0.04175684779093264
2.0100000000000064,1.9500000000000064,0.037211956629392265,-0.04188395407661263
2.0100000000000064,1.9200000000000064,0.03704744735830513,-0.04201463023624604
2.0100000000000064,1.8900000000000063,0.03687810050562511,-0.04214902731716505
2.0100000000000064,1.8600000000000063,0.03670370042453282,-0.0422873049053372
2.0100000000000064,1.8300000000000063,0.03652401851740823,-0.042429631728010876
2.0100000000000064,1.8000000000000063,0.03633881225385087,-0.042576186306776634
2.0100000000000064,1.7700000000000062,0.03614782409815651,-0.042727157666546736
2.0100000000000064,1.7400000000000062,0.035950780337142905,-0.0428827461052666
2.0100000000000064,1.7100000000000062,0.03574738979671127,-0.04304316403077668
2.0100000000000064,1.6800000000000062,0.03553734243508448,-0.043208636871305925
2.0100000000000064,1.6500000000000061,0.035320307798771225,-0.04337940406720793
2.0100000000000064,1.620000000000006,0.03509593332524778,-0.04355572015165207
2.0100000000000064,1.590000000000006,0.03486384247479039,-0.043737855929878416
2.0100000000000064,1.560000000000006,0.034623632670685786,-0.043926099766948376
2.0100000000000064,1.530000000000006,0.03437487302544118,-0.0441207589948225
2.0100000000000064,1.500000000000006,0.03411710182588455,-0.04432216145166827
2.0100000000000064,1.470000000000006,0.033849823747858165,-0.04453065716673987
2.0100000000000064,1.440000000000006,0.03357250676584407,-0.04474662020606429
2.0100000000000064,1.410000000000006,0.03328457871824207,-0.044970450695810724
2.0100000000000064,1.3800000000000059,0.0329854234833187,-0.045202577041450254
2.0100000000000064,1.3500000000000059,0.0326743767135932,-0.04544345836304767
2.0100000000000064,1.3200000000000058,0.0323507210689571,-0.04569358716872787
2.0100000000000064,1.2900000000000058,0.03201368087900168,-0.04595349228992299
2.0100000000000064,1.2600000000000058,0.0316624161543466,-0.04622374210423891
2.0100000000000064,1.2300000000000058,0.031296015853465954,-0.04650494807261463
2.0100000000000064,1.2000000000000057,0.030913490296127836,-0.046797768619693744
2.0100000000000064,1.1700000000000057,0.030513762596536428,-0.047102913385257794
2.0100000000000064,1.1400000000000057,0.030095658967226983,-0.04742114787471739
2.0100000000000064,1.1100000000000056,0.029657897718792972,-0.047753298534037765
2.0100000000000064,1.0800000000000056,0.02919907674958399,-0.04810025826819653
2.0100000000000064,1.0500000000000056,0.028717659282120736,-0.04846299241293017
2.0100000000000064,1.0200000000000056,0.02821195755778816,-0.048842545153556016
2.0100000000000064,0.9900000000000055,0.02768011414729473,-0.049240046357441
2.0100000000000064,0.9600000000000055,0.02712008046845389,-0.04965671874776614
2.0100000000000064,0.9300000000000055,0.026529592021965365,-0.050093885283014575
2.0100000000000064,0.9000000000000055,0.02590613975869837,-0.050552976513122884
2.0100000000000064,0.8700000000000054,0.02524693687090973,-0.05103553753901317
2.0100000000000064,0.8400000000000054,0.02454888015235972,-0.05154323398498653
2.0100000000000064,0.8100000000000054,0.023808504887870133,-0.05207785606085963
2.0100000000000064,0.7800000000000054,0.023021932005895786,-0.052641319279541576
2.0100000000000064,0.7500000000000053,0.02218480594111493,-0.053235659603440316
2.0100000000000064,0.7200000000000053,0.021292221295124848,-0.05386301954794809
2.0100000000000064,0.6900000000000053,0.020338635925636915,-0.0545256197859984
2.0100000000000064,0.6600000000000052,0.019317767508941493,-0.0552257075719593
2.0100000000000064,0.6300000000000052,0.018222469857655882,-0.05596546794861307
2.0100000000000064,0.6000000000000052,0.017044584270003375,-0.056746874569166966
2.0100000000000064,0.5700000000000052,0.015774759829091427,-0.057571440898496584
2.0100000000000064,0.5400000000000051,0.014402234691810775,-0.05843980321313813
2.0100000000000064,0.5100000000000051,0.012914567717679184,-0.05935101077326943
2.0100000000000064,0.4800000000000051,0.011297305785973724,-0.06030128561119716
2.0100000000000064,0.45000000000000506,0.00953356591843628,-0.06128177157277437
2.0100000000000064,0.42000000000000504,0.00760350114597385,-0.062274227144523325
2.0100000000000064,0.390000000000005,0.005483601609474085,-0.06324216592763657
2.0100000000000064,0.360000000000005,0.0031457510878931767,-0.06411073931494793
2.0100000000000064,0.33000000000000496,0.0005559007282140089,-0.06471443740548785
2.0100000000000064,0.30000000000000493,-0.0023278910450238556,-0.06463514024717573
2.0100000000000064,0.2700000000000049,-0.0055585274087663564,-0.06265798427194189
2.0100000000000064,0.2400000000000049,-0.009204981172588386,-0.05699820199511421
2.0100000000000064,0.2100000000000049,-0.01336132119186173,-0.05067110015707469
2.0100000000000064,0.1800000000000049,-0.018163583732022617,-0.04570667093214051
2.0100000000000064,0.1500000000000049,-0.023823138981483936,-0.04175451194379241
2.0100000000000064,0.12000000000000491,-0.030697656447693306,-0.03847125464300738
2.0100000000000064,0.09000000000000491,-0.039461785077290645,-0.0356540119186603
2.0100000000000064,0.06000000000000491,-0.020222849789048623,-0.033178741034845305
2.0100000000000064,0.03000000000000491,-0.007594325918026928,-0.030965317750757424
1.9800000000000064,3,0.04114256732008159,-0.04283879284792036
1.9800000000000064,2.97,0.041069000228792146,-0.042903233162748355
1.9800000000000064,2.9400000000000004,0.04099400102882818,-0.042968916311854566
1.9800000000000064,2.9100000000000006,0.04091752756412158,-0.04303587852179935
1.9800000000000064,2.880000000000001,0.04083953601076949,-0.04310415743748447
1.9800000000000064,2.850000000000001,0.04075998079370549,-0.04317379219222178
1.9800000000000064,2.820000000000001,0.040678814498649546,-0.04324482348180497
1.9800000000000064,2.7900000000000014,0.04059598777853157,-0.043317293642997245
1.9800000000000064,2.7600000000000016,0.040511449254213024,-0.04339124673698512
1.9800000000000064,2.7300000000000018,0.04042514540900283,-0.04346672863775522
1.9800000000000064,2.700000000000002,0.040337020476542154,-0.04354378712600403
1.9800000000000064,2.670000000000002,0.040247016321682164,-0.04362247198902064
1.9800000000000064,2.6400000000000023,0.0401550723135773,-0.04370283512681973
1.9800000000000064,2.6100000000000025,0.04006112519061318,-0.04378493066499707
1.9800000000000064,2.5800000000000027,0.039965108916554415,-0.04386881507502283
1.9800000000000064,2.550000000000003,0.039866954527066664,-0.043954547302292146
1.9800000000000064,2.520000000000003,0.03976658996604379,-0.04404218890263284
1.9800000000000064,2.4900000000000033,0.039663939910779086,-0.04413180418796345
1.9800000000000064,2.4600000000000035,0.039558925585261216,-0.044223460381736995
1.9800000000000064,2.4300000000000037,0.039451464560511455,-0.044317227785033546
1.9800000000000064,2.400000000000004,0.03934147054094922,-0.04441317995395845
1.9800000000000064,2.370000000000004,0.039228853135565504,-0.04451139388977183
1.9800000000000064,2.3400000000000043,0.03911351761284891,-0.04461195024191178
1.9800000000000064,2.3100000000000045,0.03899536463781493,-0.04471493352601677
1.9800000000000064,2.2800000000000047,0.038874289989845504,-0.04482043235727595
1.9800000000000064,2.250000000000005,0.038750184259481256,-0.04492853970104069
1.9800000000000064,2.220000000000005,0.03862293252252699,-0.04503935314205472
1.9800000000000064,2.1900000000000053,0.03849241398931278,-0.04515297517347633
1.9800000000000064,2.1600000000000055,0.03835850162692283,-0.04526951350817664
1.9800000000000064,2.1300000000000057,0.038221061752076346,-0.045389081413573534
1.9800000000000064,2.100000000000006,0.03807995359164454,-0.045511798072680305
1.9800000000000064,2.070000000000006,0.037935028808175994,-0.045637788973441354
1.9800000000000064,2.0400000000000063,0.03778613098686839,-0.04576718632897103
1.9800000000000064,2.0100000000000064,0.03763309508041266,-0.04590012953179029
1.9800000000000064,1.9800000000000064,0.03747574680755185,-0.046036765645186606
1.9800000000000064,1.9500000000000064,0.037313902001004054,-0.046177249934970466
1.9800000000000064,1.9200000000000064,0.037147365899428464,-0.046321746446285006
1.9800000000000064,1.8900000000000063,0.03697593237814373,-0.04647042862876993
1.9800000000000064,1.8600000000000063,0.03679938311190739,-0.04662348001635505
1.9800000000000064,1.8300000000000063,0.03661748666320781,-0.046781094965683306
1.9800000000000064,1.8000000000000063,0.03642999748778394,-0.046943479460545445
1.9800000000000064,1.7700000000000062,0.03623665484897283,-0.04711085198802381
1.9800000000000064,1.7400000000000062,0.03603718163048998,-0.04728344449485172
1.9800000000000064,1.7100000000000062,0.03583128303711784,-0.04746150343199142
1.9800000000000064,1.6800000000000062,0.0356186451702557,-0.04764529089706238
1.9800000000000064,1.6500000000000061,0.03539893346434873,-0.04783508588584051
1.9800000000000064,1.620000000000006,0.03517179096847312,-0.04803118566416201
1.9800000000000064,1.590000000000006,0.03493683645454845,-0.04823390727477525
1.9800000000000064,1.560000000000006,0.034693662331685825,-0.04844358919412445
1.9800000000000064,1.530000000000006,0.034441832343732846,-0.04866059315655806
1.9800000000000064,1.500000000000006,0.0341808790228111,-0.04888530616608455
1.9800000000000064,1.470000000000006,0.03391030086893769,-0.04911814271809206
1.9800000000000064,1.440000000000006,0.033629559220536585,-0.04935954725666021
1.9800000000000064,1.410000000000006,0.03333807477667279,-0.04960999689664736
1.9800000000000064,1.3800000000000059,0.033035223724475836,-0.04987000444420961
1.9800000000000064,1.3500000000000059,0.03272033341987686,-0.05014012175361322
1.9800000000000064,1.3200000000000058,0.03239267756034746,-0.0504209434646479
1.9800000000000064,1.2900000000000058,0.03205147077987641,-0.05071311117020149
1.9800000000000064,1.2600000000000058,0.03169586258438842,-0.051017318072650364
1.9800000000000064,1.2300000000000058,0.03132493053334612,-0.0513343141954354
1.9800000000000064,1.2000000000000057,0.030937672557074213,-0.05166491222705795
1.9800000000000064,1.1700000000000057,0.030532998281177316,-0.052009994086919725
1.9800000000000064,1.1400000000000057,0.030109719207326736,-0.05237051831651418
1.9800000000000064,1.1100000000000056,0.02966653757316231,-0.052747528417134815
1.9800000000000064,1.0800000000000056,0.029202033682811723,-0.053142162273825205
1.9800000000000064,1.0500000000000056,0.028714651461614255,-0.05355566283100535
1.9800000000000064,1.0200000000000056,0.02820268194297538,-0.05398939021111099
1.9800000000000064,0.9900000000000055,0.02766424434011076,-0.054444835503552336
1.9800000000000064,0.9600000000000055,0.02709726428921254,-0.05492363648930332
1.9800000000000064,0.9300000000000055,0.026499448768204405,-0.05542759561599819
1.9800000000000064,0.9000000000000055,0.02586825709700274,-0.055958700597447175
1.9800000000000064,0.8700000000000054,0.025200867302232713,-0.05651914808057019
1.9800000000000064,0.8400000000000054,0.024494136980350044,-0.057111370913247014
1.9800000000000064,0.8100000000000054,0.023744557605950737,-0.05773806965376327
1.9800000000000064,0.7800000000000054,0.022948201001991755,-0.058402249103946466
1.9800000000000064,0.7500000000000053,0.02210065639868499,-0.059107260829005276
1.9800000000000064,0.7200000000000053,0.021196956142932183,-0.05985685287640326
1.9800000000000064,0.6900000000000053,0.020231487658107433,-0.0606552282554783
1.9800000000000064,0.6600000000000052,0.01919788865837328,-0.06150711427034769
1.9800000000000064,0.6300000000000052,0.018088921850052578,-0.062417845643860215
1.9800000000000064,0.6000000000000052,0.016896324332147463,-0.06339346582555852
1.9800000000000064,0.5700000000000052,0.015610625532062893,-0.06444085355192719
1.9800000000000064,0.5400000000000051,0.014220925607588097,-0.06556788699026611
1.9800000000000064,0.5100000000000051,0.012714623520122571,-0.06678366885375482
1.9800000000000064,0.4800000000000051,0.011077079926501336,-0.06809886072968893
1.9800000000000064,0.45000000000000506,0.00929119372140818,-0.0695262349850115
1.9800000000000064,0.42000000000000504,0.007336860743871484,-0.07108171110733241
1.9800000000000064,0.390000000000005,0.005190265477318946,-0.07278660803163797
1.9800000000000064,0.360000000000005,0.002822924854450462,-0.07467340932897071
1.9800000000000064,0.33000000000000496,0.00020034407642810156,-0.0768037221936081
1.9800000000000064,0.30000000000000493,-0.002719969948417258,-0.07934161662896483
1.9800000000000064,0.2700000000000049,-0.005991618880916564,-0.08301335968552237
1.9800000000000064,0.2400000000000049,-0.00968448977008158,-0.09219840779444063
1.9800000000000064,0.2100000000000049,-0.013893902877837296,-0.10664182958291556
1.9800000000000064,0.1800000000000049,-0.018757710046993926,-0.1208636836307502
1.9800000000000064,0.1500000000000049,-0.02449011130828768,-0.04183459792971654
1.9800000000000064,0.12000000000000491,-0.03145358233334433,-0.03852381822474671
1.9800000000000064,0.09000000000000491,-0.04033188429126644,-0.03568919290649995
1.9800000000000064,0.06000000000000491,-0.02002170972293835,-0.03320064438598125
1.9800000000000064,0.03000000000000491,-0.007575533507433808,-0.030975802428684796
1.9500000000000064,3,0.041291541767867576,-0.04690965816455464
1.9500000000000064,2.97,0.041217057662945575,-0.046979716262811506
1.9500000000000064,2.9400000000000004,0.04114112355133487,-0.04705113533925448
1.9500000000000064,2.9100000000000006,0.04106369674875923,-0.04712395539230538
1.9500000000000064,2.880000000000001,0.04098473288203082,-0.047198218001336584
1.9500000000000064,2.850000000000001,0.040904185804883586,-0.04727396640537457
1.9500000000000064,2.820000000000001,0.04082200750871996,-0.04735124558690604
1.9500000000000064,2.7900000000000014,0.04073814802783057,-0.04743010236023335
1.9500000000000064,2.7600000000000016,0.04065255533886749,-0.047510585465756844
1.9500000000000064,2.7300000000000018,0.04056517525406371,-0.04759274566989816
1.9500000000000064,2.700000000000002,0.04047595130776849,-0.047676635871296294
1.9500000000000064,2.670000000000002,0.040384824635636814,-0.04776231121380818
1.9500000000000064,2.6400000000000023,0.040291733846282915,-0.04784982920672179
1.9500000000000064,2.6100000000000025,0.04019661488447611,-0.04793924985288692
1.9500000000000064,2.5800000000000027,0.04009940088537796,-0.04803063578507559
1.9500000000000064,2.550000000000003,0.040000022019309765,-0.04812405241135921
1.9500000000000064,2.520000000000003,0.03989840532577403,-0.04821956807058281
1.9500000000000064,2.4900000000000033,0.03979447453664334,-0.04831725419792967
1.9500000000000064,2.4600000000000035,0.03968814988696054,-0.048417185502054594
1.9500000000000064,2.4300000000000037,0.03957934791277873,-0.04851944015454726
1.9500000000000064,2.400000000000004,0.03946798123486263,-0.048624099992593636
1.9500000000000064,2.370000000000004,0.03935395832697092,-0.048731250735996184
1.9500000000000064,2.3400000000000043,0.03923718326762165,-0.04884098221988926
1.9500000000000064,2.3100000000000045,0.039117555473882376,-0.04895338864423235
1.9500000000000064,2.2800000000000047,0.03899496941550212,-0.04906856884187284
1.9500000000000064,2.250000000000005,0.03886931430807373,-0.049186626566176825
1.9500000000000064,2.220000000000005,0.038740473782820944,-0.04930767080077686
1.9500000000000064,2.1900000000000053,0.038608325531544224,-0.04943181609278901
1.9500000000000064,2.1600000000000055,0.03847274092401172,-0.04955918291164246
1.9500000000000064,2.1300000000000057,0.03833358459569125,-0.04968989803627928
1.9500000000000064,2.100000000000006,0.03819071400267014,-0.0498240949728756
1.9500000000000064,2.070000000000006,0.03804397894126032,-0.04996191440632938
1.9500000000000064,2.0400000000000063,0.03789322102837092,-0.05010350468832378
1.9500000000000064,2.0100000000000064,0.03773827313931575,-0.05024902236589096
1.9500000000000064,1.9800000000000064,0.037578958798840184,-0.05039863275409685
1.9500000000000064,1.9500000000000064,0.0374150915206457,-0.050552510557568944
1.9500000000000064,1.9200000000000064,0.03724647409050181,-0.050710840545265534
1.9500000000000064,1.8900000000000063,0.037072897786983264,-0.05087381828452961
1.9500000000000064,1.8600000000000063,0.036894141533903656,-0.051041650939957633
1.9500000000000064,1.8300000000000063,0.036709970976757385,-0.05121455814433923
1.9500000000000064,1.8000000000000063,0.03652013747577561,-0.05139277294905585
1.9500000000000064,1.7700000000000062,0.03632437700634242,-0.051576542862777755
1.9500000000000064,1.7400000000000062,0.03612240895682095,-0.05176613098783783
1.9500000000000064,1.7100000000000062,0.03591393481250624,-0.05196181726560711
1.9500000000000064,1.6800000000000062,0.03569863671313589,-0.052163899842806005
1.9500000000000064,1.6500000000000061,0.03547617586952217,-0.05237269657297583
1.9500000000000064,1.620000000000006,0.03524619082300704,-0.052588546669062264
1.9500000000000064,1.590000000000006,0.03500829552963973,-0.05281181252479919
1.9500000000000064,1.560000000000006,0.03476207724803848,-0.053042881725474667
1.9500000000000064,1.530000000000006,0.03450709420730353,-0.053282169272175106
1.9500000000000064,1.500000000000006,0.03424287302830584,-0.05353012004503596
1.9500000000000064,1.470000000000006,0.03396890586692235,-0.05378721153785067
1.9500000000000064,1.440000000000006,0.03368464724492705,-0.054053956897903155
1.9500000000000064,1.410000000000006,0.03338951052735571,-0.05433090831313665
1.9500000000000064,1.3800000000000059,0.0330828640005834,-0.05461866079302946
1.9500000000000064,1.3500000000000059,0.03276402649761103,-0.05491785639846136
1.9500000000000064,1.3200000000000058,0.03243226250895696,-0.05522918898394925
1.9500000000000064,1.2900000000000058,0.03208677670819485,-0.05555340952727042
1.9500000000000064,1.2600000000000058,0.03172670780963364,-0.05589133213317771
1.9500000000000064,1.2300000000000058,0.031351121662150414,-0.056243840814065804
1.9500000000000064,1.2000000000000057,0.030959003467744,-0.05661189716904552
1.9500000000000064,1.1700000000000057,0.030549248994265036,-0.05699654910485638
1.9500000000000064,1.1400000000000057,0.0301206546296528,-0.05739894077033125
1.9500000000000064,1.1100000000000056,0.029671906098097826,-0.057820323909252895
1.9500000000000064,1.0800000000000056,0.029201565627051843,-0.05826207087925523
1.9500000000000064,1.0500000000000056,0.028708057315064286,-0.058725689636043396
1.9500000000000064,1.0200000000000056,0.028189650404962574,-0.059212841048067344
1.9500000000000064,0.9900000000000055,0.02764444011040504,-0.0597253589904015
1.9500000000000064,0.9600000000000055,0.027070325576530753,-0.06026527377341273
1.9500000000000064,0.9300000000000055,0.026464984473002266,-0.060834839600511476
1.9500000000000064,0.9000000000000055,0.025825843616616734,-0.06143656693104247
1.9500000000000064,0.8700000000000054,0.025150044897837332,-0.062073260866004176
1.9500000000000064,0.8400000000000054,0.02443440563272254,-0.06274806700259156
1.9500000000000064,0.8100000000000054,0.02367537227357275,-0.06346452665186916
1.9500000000000064,0.7800000000000054,0.02286896617759427,-0.06422664394404931
1.9500000000000064,0.7500000000000053,0.022010719838948013,-0.06503896824693037
1.9500000000000064,0.7200000000000053,0.021095601620231653,-0.06590669663946075
1.9500000000000064,0.6900000000000053,0.020117926550315413,-0.06683580315988966
1.9500000000000064,0.6600000000000052,0.019071250152001024,-0.06783320459323215
1.9500000000000064,0.6300000000000052,0.017948241480491043,-0.06890697739933499
1.9500000000000064,0.6000000000000052,0.016740530518999586,-0.07006664830764622
1.9500000000000064,0.5700000000000052,0.015438523682487711,-0.07132359455159512
1.9500000000000064,0.5400000000000051,0.014031179248767081,-0.07269161339968137
1.9500000000000064,0.5100000000000051,0.01250573177216445,-0.0741877640853861
1.9500000000000064,0.4800000000000051,0.010847350420577953,-0.07583366853900625
1.9500000000000064,0.45000000000000506,0.00903870977286552,-0.07765762490304262
1.9500000000000064,0.42000000000000504,0.007059441153572378,-0.07969824276064366
1.9500000000000064,0.390000000000005,0.004885414652869608,-0.08201110163761163
1.9500000000000064,0.360000000000005,0.0024877698294689136,-0.08468178865897036
1.9500000000000064,0.33000000000000496,-0.0001684469151417116,-0.08785306956016463
1.9500000000000064,0.30000000000000493,-0.003126296158319405,-0.0917831142591477
1.9500000000000064,0.2700000000000049,-0.006440098362423906,-0.09695508000263933
1.9500000000000064,0.2400000000000049,-0.010180681526404691,-0.10413368284663929
1.9500000000000064,0.2100000000000049,-0.01444465402401433,-0.11385443877125208
1.9500000000000064,0.1800000000000049,-0.019371736710988345,-0.12578337478065146
1.9500000000000064,0.1500000000000049,-0.025179043010278557,-0.13955633170092074
1.9500000000000064,0.12000000000000491,-0.03223399716204315,-0.1555232441117096
1.9500000000000064,0.09000000000000491,-0.041229743844046984,-0.17490544796409785
1.9500000000000064,0.06000000000000491,-0.019828025083924634,-0.20061885931420828
1.9500000000000064,0.03000000000000491,-0.007556890301510114,-0.2418445479902301
1.9200000000000064,3,0.041440972394074085,-0.05100703128666255
1.9200000000000064,2.97,0.04136554630943024,-0.05108255765699561
1.9200000000000064,2.9400000000000004,0.04128865183156549,-0.051159558979427824
1.9200000000000064,2.9100000000000006,0.041210245733491704,-0.051238078855341665
1.9200000000000064,2.880000000000001,0.04113028307772961,-0.051318162620774044
1.9200000000000064,2.850000000000001,0.041048717131195886,-0.05139985743342053
1.9200000000000064,2.820000000000001,0.04096549927465451,-0.051483212364826225
1.9200000000000064,2.7900000000000014,0.04088057890682828,-0.05156827849875781
1.9200000000000064,2.7600000000000016,0.04079390334255896,-0.0516551090349673
1.9200000000000064,2.7300000000000018,0.040705417704623346,-0.05174375940011944
1.9200000000000064,2.700000000000002,0.0406150648088386,-0.05183428736530854
1.9200000000000064,2.670000000000002,0.040522785041813045,-0.05192675317143164
1.9200000000000064,2.6400000000000023,0.040428516230687196,-0.05202121966233371
1.9200000000000064,2.6100000000000025,0.040332193504869454,-0.052117752426975694
1.9200000000000064,2.5800000000000027,0.04023374914832256,-0.052216419950869244
1.9200000000000064,2.550000000000003,0.04013311244213488,-0.05231729377771771
1.9200000000000064,2.520000000000003,0.040030209496765334,-0.052420448681696735
1.9200000000000064,2.4900000000000033,0.039924963072650574,-0.05252596285211647
1.9200000000000064,2.4600000000000035,0.03981729238883513,-0.05263391809034668
1.9200000000000064,2.4300000000000037,0.03970711291799618,-0.05274440002068555
1.9200000000000064,2.400000000000004,0.03959433616754524,-0.05285749831619707
1.9200000000000064,2.370000000000004,0.03947886944481538,-0.0529733069409115
1.9200000000000064,2.3400000000000043,0.03936061560573162,-0.05309192440920063
1.9200000000000064,2.3100000000000045,0.03923947278513428,-0.05321345406464428
1.9200000000000064,2.2800000000000047,0.039115334107268196,-0.053338004379333025
1.9200000000000064,2.250000000000005,0.03898808737495628,-0.05346568927585146
1.9200000000000064,2.220000000000005,0.038857614735258394,-0.05359662847379025
1.9200000000000064,2.1900000000000053,0.03872379231964902,-0.05373094786304605
1.9200000000000064,2.1600000000000055,0.03858648985677944,-0.05386877990630465
1.9200000000000064,2.1300000000000057,0.038445570254611844,-0.05401026407348483
1.9200000000000064,2.100000000000006,0.0383008891498725,-0.05415554731101545
1.9200000000000064,2.070000000000006,0.03815229442126804,-0.05430478454947318
1.9200000000000064,2.0400000000000063,0.03799962566333852,-0.05445813925298523
1.9200000000000064,2.0100000000000064,0.037842713616936204,-0.05461578401480659
1.9200000000000064,1.9800000000000064,0.03768137955242053,-0.05477790120337697
1.9200000000000064,1.9500000000000064,0.03751543460071765,-0.05494468366396993
1.9200000000000064,1.9200000000000064,0.03734467902713848,-0.055116335482044476
1.9200000000000064,1.8900000000000063,0.037168901442163976,-0.0552930728136071
1.9200000000000064,1.8600000000000063,0.03698787794283383,-0.05547512479127865
1.9200000000000064,1.8300000000000063,0.03680137117741934,-0.05566273451254422
1.9200000000000064,1.8000000000000063,0.036609129325308784,-0.05585616012000405
1.9200000000000064,1.7700000000000062,0.03641088498339645,-0.05605567598346345
1.9200000000000064,1.7400000000000062,0.036206353948258926,-0.05626157399579215
1.9200000000000064,1.7100000000000062,0.03599523388325079,-0.056474164994387774
1.9200000000000064,1.6800000000000062,0.035777202857249016,-0.05669378032390254
1.9200000000000064,1.6500000000000061,0.03555191774079891,-0.0569207735567423
1.9200000000000064,1.620000000000006,0.03531901244318465,-0.057155522389249286
1.9200000000000064,1.590000000000006,0.03507809597165369,-0.05739843073645767
1.9200000000000064,1.560000000000006,0.034828750292044665,-0.057649931049116365
1.9200000000000064,1.530000000000006,0.03457052796645469,-0.05791048688148692
1.9200000000000064,1.500000000000006,0.034302949541025474,-0.05818059574224502
1.9200000000000064,1.470000000000006,0.034025500652238555,-0.05846079226586986
1.9200000000000064,1.440000000000006,0.03373762881654416,-0.05875165174757357
1.9200000000000064,1.410000000000006,0.0334387398621086,-0.059053794091396244
1.9200000000000064,1.3800000000000059,0.033128193955804054,-0.05936788822970515
1.9200000000000064,1.3500000000000059,0.032805301171580786,-0.0596946570814528
1.9200000000000064,1.3200000000000058,0.0324693165379325,-0.06003488312806933
1.9200000000000064,1.2900000000000058,0.03211943449187339,-0.060389414699371396
1.9200000000000064,1.2600000000000058,0.03175478265668692,-0.0607591730788937
1.9200000000000064,1.2300000000000058,0.0313744148456296,-0.06114516055727
1.9200000000000064,1.2000000000000057,0.030977303178880568,-0.061548469586351504
1.9200000000000064,1.1700000000000057,0.030562329181427074,-0.06197029321715009
1.9200000000000064,1.1400000000000057,0.030128273707152868,-0.062411937039567135
1.9200000000000064,1.1100000000000056,0.029673805507275695,-0.06287483288772669
1.9200000000000064,1.0800000000000056,0.029197468229100902,-0.0633605546293008
1.9200000000000064,1.0500000000000056,0.02869766559182961,-0.0638708364274451
1.9200000000000064,1.0200000000000056,0.028172644439923733,-0.06440759395171775
1.9200000000000064,0.9900000000000055,0.027620475317417233,-0.06497294912554462
1.9200000000000064,0.9600000000000055,0.027039030138192387,-0.06556925914187767
1.9200000000000064,0.9300000000000055,0.026425956443741412,-0.06619915066402066
1.9200000000000064,0.9000000000000055,0.02577864763780567,-0.06686556037231395
1.9200000000000064,0.8700000000000054,0.02509420846168315,-0.06757178334096266
1.9200000000000064,0.8400000000000054,0.024369414820617857,-0.06832153116008322
1.9200000000000064,0.8100000000000054,0.023600666879559723,-0.06911900231126411
1.9200000000000064,0.7800000000000054,0.022783934110016228,-0.06996896811400471
1.9200000000000064,0.7500000000000053,0.021914690671384705,-0.07087687870657639
1.9200000000000064,0.7200000000000053,0.02098783913630299,-0.07184899515159565
1.9200000000000064,0.6900000000000053,0.019997620092607873,-0.07289255613088158
1.9200000000000064,0.6600000000000052,0.018937504544101154,-0.07401599121210854
1.9200000000000064,0.6300000000000052,0.01780006523759944,-0.07522919801029908
1.9200000000000064,0.6000000000000052,0.016576821994676735,-0.07654390884516557
1.9200000000000064,0.5700000000000052,0.015258054711939997,-0.07797418564932909
1.9200000000000064,0.5400000000000051,0.013832575733428358,-0.07953710328202089
1.9200000000000064,0.5100000000000051,0.012287450496062408,-0.08125371709056678
1.9200000000000064,0.4800000000000051,0.010607651176098711,-0.0831504714420033
1.9200000000000064,0.45000000000000506,0.008775621569577386,-0.0852613118253929
1.9200000000000064,0.42000000000000504,0.006770720833131604,-0.0876309490984114
1.9200000000000064,0.390000000000005,0.004568495531844928,-0.09032004749648778
1.9200000000000064,0.360000000000005,0.0021396968431487227,-0.09341363377825185
1.9200000000000064,0.33000000000000496,-0.0005511010732441313,-0.09703469393167825
1.9200000000000064,0.30000000000000493,-0.0035475429841589166,-0.10136489264004918
1.9200000000000064,0.2700000000000049,-0.006904689410128288,-0.10666972952161113
1.9200000000000064,0.2400000000000049,-0.010694337250142374,-0.11330634720147066
1.9200000000000064,0.2100000000000049,-0.015014421405939848,-0.12166284101590505
1.9200000000000064,0.1800000000000049,-0.020006587680535176,-0.13203513397186584
1.9200000000000064,0.1500000000000049,-0.025890950357883184,-0.1446413342443636
1.9200000000000064,0.12000000000000491,-0.03304003135160938,-0.15991166495386452
1.9200000000000064,0.09000000000000491,-0.04215664295100738,-0.17896639245757506
1.9200000000000064,0.06000000000000491,-0.019641272656065138,-0.20464947742742534
1.9200000000000064,0.03000000000000491,-0.007538394144610973,-0.24620152187138578
1.8900000000000063,3,0.041590818244780045,-0.055087439348458306
1.8900000000000063,2.97,0.04151442413921728,-0.05516816840453946
1.8900000000000063,2.9400000000000004,0.04143654274427651,-0.0552504795513801
1.8900000000000063,2.9100000000000006,0.04135713027514182,-0.05533441973284434
1.8900000000000063,2.880000000000001,0.04127614121446049,-0.055420037767747704
1.8900000000000063,2.850000000000001,0.04119352822591464,-0.05550738444434748
1.8900000000000063,2.820000000000001,0.04110924206269556,-0.055596512620692984
1.8900000000000063,2.7900000000000014,0.04102323147027934,-0.05568747733106322
1.8900000000000063,2.7600000000000016,0.04093544308328005,-0.05578033589906432
1.8900000000000063,2.7300000000000018,0.04084582131586517,-0.0558751480580095
1.8900000000000063,2.700000000000002,0.04075430824533112,-0.05597197607867035
1.8900000000000063,2.670000000000002,0.04066084348831999,-0.05607088490552469
1.8900000000000063,2.6400000000000023,0.040565364068898914,-0.05617194230168826
1.8900000000000063,2.6100000000000025,0.04046780427839053,-0.056275219003573046
1.8900000000000063,2.5800000000000027,0.040368095525732756,-0.056380788885518146
1.8900000000000063,2.550000000000003,0.04026616617823053,-0.05648872913591546
1.8900000000000063,2.520000000000003,0.040161941391281465,-0.056599120444869616
1.8900000000000063,2.4900000000000033,0.04005534292696899,-0.05671204720514836
1.8900000000000063,2.4600000000000035,0.03994628895991288,-0.0568275977268643
1.8900000000000063,2.4300000000000037,0.03983469386990173,-0.05694586446743155
1.8900000000000063,2.400000000000004,0.03972046801991244,-0.05706694427768194
1.8900000000000063,2.370000000000004,0.039603517518423115,-0.05719093866612232
1.8900000000000063,2.3400000000000043,0.03948374396465037,-0.05731795408202878
1.8900000000000063,2.3100000000000045,0.03936104417548234,-0.057448102219778696
1.8900000000000063,2.2800000000000047,0.03923530989218514,-0.05758150034576276
1.8900000000000063,2.250000000000005,0.039106427465404506,-0.05771827165028104
1.8900000000000063,2.220000000000005,0.038974277516611616,-0.05785854562609455
1.8900000000000063,2.1900000000000053,0.038838734573551754,-0.058002458476676184
1.8900000000000063,2.1600000000000055,0.03869966667785596,-0.058150153556632014
1.8900000000000063,2.1300000000000057,0.038556934961872055,-0.058301781846954615
1.8900000000000063,2.100000000000006,0.038410393192154994,-0.05845750246907663
1.8900000000000063,2.070000000000006,0.03825988727630343,-0.05861748324079663
1.8900000000000063,2.0400000000000063,0.03810525473001225,-0.058781901278610785
1.8900000000000063,2.0100000000000064,0.037946324100072454,-0.05895094365059016
1.8900000000000063,1.9800000000000064,0.037782914339509414,-0.059124808085315755
1.8900000000000063,1.9500000000000064,0.03761483412990255,-0.059303703742221825
1.8900000000000063,1.9200000000000064,0.03744188114571379,-0.05948785204947643
1.8900000000000063,1.8900000000000063,0.03726384125468166,-0.05967748761738209
1.8900000000000063,1.8600000000000063,0.037080487648118804,-0.059872859233761455
1.8900000000000063,1.8300000000000063,0.03689157989315287,-0.060074230951749505
1.8900000000000063,1.8000000000000063,0.03669686289946038,-0.06028188327895781
1.8900000000000063,1.7700000000000062,0.036496065790853446,-0.060496114479701865
1.8900000000000063,1.7400000000000062,0.03628890067165878,-0.060717242003276356
1.8900000000000063,1.7100000000000062,0.036075061276202566,-0.06094560405210889
1.8900000000000063,1.6800000000000062,0.03585422148849714,-0.06118156130666618
1.8900000000000063,1.6500000000000061,0.03562603371729266,-0.06142549882565804
1.8900000000000063,1.620000000000006,0.035390127109945005,-0.061677828142388355
1.8900000000000063,1.590000000000006,0.03514610558619867,-0.06193898958182112
1.8900000000000063,1.560000000000006,0.03489354567066387,-0.06220945482559237
1.8900000000000063,1.530000000000006,0.03463199409943625,-0.062489729756882745
1.8900000000000063,1.500000000000006,0.03436096517341799,-0.06278035762155953
1.8900000000000063,1.470000000000006,0.03407993782662862,-0.06308192254742052
1.8900000000000063,1.440000000000006,0.03378835237346406,-0.0633950534700766
1.8900000000000063,1.410000000000006,0.033485606893317865,-0.06372042852144028
1.8900000000000063,1.3800000000000059,0.0331710532053148,-0.06405877994646328
1.8900000000000063,1.3500000000000059,0.03284399237803995,-0.06441089962384129
1.8900000000000063,1.3200000000000058,0.0325036697115132,-0.06477764527985683
1.8900000000000063,1.2900000000000058,0.03214926911802543,-0.06515994749969424
1.8900000000000063,1.2600000000000058,0.03177990681731569,-0.0655588176592482
1.8900000000000063,1.2300000000000058,0.0313946242477043,-0.06597535692294598
1.8900000000000063,1.2000000000000057,0.030992380078519732,-0.06641076647980615
1.8900000000000063,1.1700000000000057,0.03057204118986784,-0.06686635922393541
1.8900000000000063,1.1400000000000057,0.03013237246278884,-0.06734357312545354
1.8900000000000063,1.1100000000000056,0.02967202519575105,-0.06784398658808441
1.8900000000000063,1.0800000000000056,0.029189523930332417,-0.06836933615204649
1.8900000000000063,1.0500000000000056,0.028683251429423892,-0.06892153697727313
1.8900000000000063,1.0200000000000056,0.028151431504520402,-0.06950270663964184
1.8900000000000063,0.9900000000000055,0.027592109330389095,-0.0701151928954834
1.8900000000000063,0.9600000000000055,0.02700312881669772,-0.07076160622483227
1.8900000000000063,0.9300000000000055,0.026382106520837872,-0.0714448581657402
1.8900000000000063,0.9000000000000055,0.02572640148296386,-0.07216820671048405
1.8900000000000063,0.8700000000000054,0.025033080237408786,-0.07293531037552672
1.8900000000000063,0.8400000000000054,0.02429887609799574,-0.07375029300482767
1.8900000000000063,0.8100000000000054,0.023520141621024317,-0.0746178219675731
1.8900000000000063,0.7800000000000054,0.02269279290903268,-0.07554320322075733
1.8900000000000063,0.7500000000000053,0.02181224411680301,-0.07653249781925875
1.8900000000000063,0.7200000000000053,0.02087333014051729,-0.07759266599493131
1.8900000000000063,0.6900000000000053,0.01987021498898474,-0.07873174709554052
1.8900000000000063,0.6600000000000052,0.018796282715053146,-0.07995908677245736
1.8900000000000063,0.6300000000000052,0.017644006980289242,-0.08128562730172208
1.8900000000000063,0.6000000000000052,0.016404794261708974,-0.08272428355368028
1.8900000000000063,0.5700000000000052,0.015068794273215717,-0.08429043706147762
1.8900000000000063,0.5400000000000051,0.013624669187750293,-0.08600259575105483
1.8900000000000063,0.5100000000000051,0.012059310400603762,-0.0878832901923608
1.8900000000000063,0.4800000000000051,0.010357487342895157,-0.08996031347190553
1.8900000000000063,0.45000000000000506,0.008501406264867811,-0.09226846824698531
1.8900000000000063,0.42000000000000504,0.006470146150597307,-0.09485207129307266
1.8900000000000063,0.390000000000005,0.00423892048703629,-0.09776859319738795
1.8900000000000063,0.360000000000005,0.0017780805532274643,-0.10109397576080391
1.8900000000000063,0.33000000000000496,-0.0009482858006550595,-0.10493030813208706
1.8900000000000063,0.30000000000000493,-0.003984425016145875,-0.10941639635986732
1.8900000000000063,0.2700000000000049,-0.007386159927689162,-0.11474062222227072
1.8900000000000063,0.2400000000000049,-0.011226285604714585,-0.12115223294842173
1.8900000000000063,0.2100000000000049,-0.01560410371459156,-0.1289629107441077
1.8900000000000063,0.1800000000000049,-0.02066324360365758,-0.13853676802665194
1.8900000000000063,0.1500000000000049,-0.026626912059936655,-0.15030476183311642
1.8900000000000063,0.12000000000000491,-0.033872884914009554,-0.16489514651361556
1.8900000000000063,0.09000000000000491,-0.04311393982809845,-0.1835188208980762
1.8900000000000063,0.06000000000000491,-0.01946098348682001,-0.20905062910969435
1.8900000000000063,0.03000000000000491,-0.007520042927537608,-0.25082843918957076
1.8600000000000063,3,0.041741034664800614,-0.05911986690019501
1.8600000000000063,2.97,0.04166364535826404,-0.05920548149874033
1.8600000000000063,2.9400000000000004,0.041584749334230536,-0.05929277748566819
1.8600000000000063,2.9100000000000006,0.041504302234335017,-0.05938180485824526
1.8600000000000063,2.880000000000001,0.041422257944875245,-0.059472615614968555
1.8600000000000063,2.850000000000001,0.04133856850938758,-0.059565263856653144
1.8600000000000063,2.820000000000001,0.04125318403572055,-0.05965980589369149
1.8600000000000063,2.7900000000000014,0.04116605259765338,-0.059756300359952136
1.8600000000000063,2.7600000000000016,0.04107712013035418,-0.05985480833391773
1.8600000000000063,2.7300000000000018,0.04098633031936284,-0.05995539346728639
1.8600000000000063,2.700000000000002,0.04089362448264471,-0.06005812212184872
1.8600000000000063,2.670000000000002,0.04079894144507483,-0.0601630635153476
1.8600000000000063,2.6400000000000023,0.04070221740493025,-0.060270289876571945
1.8600000000000063,2.6100000000000025,0.04060338579175239,-0.060379876610891
1.8600000000000063,2.5800000000000027,0.04050237711482233,-0.06049190247672115
1.8600000000000063,2.550000000000003,0.04039911880168348,-0.060606449773949495
1.8600000000000063,2.520000000000003,0.040293535025789,-0.06072360454514685
1.8600000000000063,2.4900000000000033,0.04018554652251487,-0.060843456790677
1.8600000000000063,2.4600000000000035,0.04007507039266015,-0.06096610069874781
1.8600000000000063,2.4300000000000037,0.03996201989209583,-0.06109163489189699
1.8600000000000063,2.400000000000004,0.03984630420703068,-0.06122016269078817
1.8600000000000063,2.370000000000004,0.03972782821313221,-0.06135179239732852
1.8600000000000063,2.3400000000000043,0.03960649221740864,-0.06148663759827355
1.8600000000000063,2.3100000000000045,0.03948219168145553,-0.06162481749156398
1.8600000000000063,2.2800000000000047,0.03935481692434303,-0.06176645723691446
1.8600000000000063,2.250000000000005,0.039224252803503196,-0.06191168833300145
1.8600000000000063,2.220000000000005,0.03909037837154881,-0.06206064902399622
1.8600000000000063,2.1900000000000053,0.03895306650710059,-0.06221348473724869
1.8600000000000063,2.1600000000000055,0.03881218351698312,-0.062370348555938954
1.8600000000000063,2.1300000000000057,0.03866758870758728,-0.06253140172935022
1.8600000000000063,2.100000000000006,0.03851913392225201,-0.06269681422442819
1.8600000000000063,2.070000000000006,0.038366663041672466,-0.06286676532285781
1.8600000000000063,2.0400000000000063,0.03821001144368441,-0.0630414442676429
1.8600000000000063,2.0100000000000064,0.038049005418815646,-0.06322105096448188
1.8600000000000063,1.9800000000000064,0.037883461536986775,-0.06340579674323296
1.8600000000000063,1.9500000000000064,0.03771318596093709,-0.06359590518537965
1.8600000000000063,1.9200000000000064,0.03753797370070283,-0.06379161302467246
1.8600000000000063,1.8900000000000063,0.03735760780351741,-0.06399317112840411
1.8600000000000063,1.8600000000000063,0.03717185847233174,-0.0642008455676767
1.8600000000000063,1.8300000000000063,0.036980482105681466,-0.06441491878665606
1.8600000000000063,1.8000000000000063,0.03678322025054082,-0.06463569088130369
1.8600000000000063,1.7700000000000062,0.03657979845902143,-0.06486348099976746
1.8600000000000063,1.7400000000000062,0.0363699250381651,-0.06509862887858531
1.8600000000000063,1.7100000000000062,0.03615328968154752,-0.06534149652975654
1.8600000000000063,1.6800000000000062,0.035929561969283055,-0.06559247009639046
1.8600000000000063,1.6500000000000061,0.03569838972132193,-0.06585196189752235
1.8600000000000063,1.620000000000006,0.035459397187485975,-0.06612041268416743
1.8600000000000063,1.590000000000006,0.03521218305518392,-0.06639829413301276
1.8600000000000063,1.560000000000006,0.03495631825276668,-0.0666861116075827
1.8600000000000063,1.530000000000006,0.03469134352424631,-0.06698440722069839
1.8600000000000063,1.500000000000006,0.03441676674729201,-0.06729376323762618
1.8600000000000063,1.470000000000006,0.034132059962238726,-0.06761480586493333
1.8600000000000063,1.440000000000006,0.03383665607586785,-0.06794820947714664
1.8600000000000063,1.410000000000006,0.0335299451976455,-0.0682947013415369
1.8600000000000063,1.3800000000000059,0.03321127056045414,-0.06865506691120968
1.8600000000000063,1.3500000000000059,0.032879923970144734,-0.0690301557678702
1.8600000000000063,1.3200000000000058,0.03253514072020745,-0.06942088830969462
1.8600000000000063,1.2900000000000058,0.032176093897023667,-0.06982826329614186
1.8600000000000063,1.2600000000000058,0.03180188799037481,-0.07025336638079983
1.8600000000000063,1.2300000000000058,0.0314115517092816,-0.07069737978757301
1.8600000000000063,1.2000000000000057,0.031004029886707963,-0.07116159331392902
1.8600000000000063,1.1700000000000057,0.030578174337808503,-0.0716474168793553
1.8600000000000063,1.1400000000000057,0.030132733512460097,-0.07215639488021189
1.8600000000000063,1.1100000000000056,0.029666340755205696,-0.07269022266367844
1.8600000000000063,1.0800000000000056,0.029177500952740014,-0.07325076549796655
1.8600000000000063,1.0500000000000056,0.028664575308925425,-0.07384008049499709
1.8600000000000063,1.0200000000000056,0.028125763939131986,-0.07446044204104038
1.8600000000000063,0.9900000000000055,0.027559085917977004,-0.07511437141527194
1.8600000000000063,0.9600000000000055,0.02696235634316786,-0.07580467143230257
1.8600000000000063,0.9300000000000055,0.026333159893387317,-0.07653446714503151
1.8600000000000063,0.9000000000000055,0.02566882025214988,-0.07730725389875182
1.8600000000000063,0.8700000000000054,0.02496636464131413,-0.0781269543580696
1.8600000000000063,0.8400000000000054,0.02422248254934861,-0.07899798655675727
1.8600000000000063,0.8100000000000054,0.023433477542880592,-0.07992534558567305
1.8600000000000063,0.7800000000000054,0.022595210805227722,-0.08091470228194193
1.8600000000000063,0.7500000000000053,0.021703034740799244,-0.08197252328553518
1.8600000000000063,0.7200000000000053,0.02075171459739134,-0.0831062181887238
1.8600000000000063,0.6900000000000053,0.01973533556939676,-0.08432432136453023
1.8600000000000063,0.6600000000000052,0.018647192215785185,-0.08563671864233226
1.8600000000000063,0.6300000000000052,0.017479656209416584,-0.08705493261836611
1.8600000000000063,0.6000000000000052,0.016224017353810502,-0.08859248553496918
1.8600000000000063,0.5700000000000052,0.014870291347758875,-0.09026536605739835
1.8600000000000063,0.5400000000000051,0.013406985760550407,-0.09209263702957812
1.8600000000000063,0.5100000000000051,0.011820812794111566,-0.09409723706731611
1.8600000000000063,0.4800000000000051,0.010096333114301402,-0.09630705213364342
1.8600000000000063,0.45000000000000506,0.008215508348183007,-0.09875636760115547
1.8600000000000063,0.42000000000000504,0.006157128928505059,-0.10148786146098751
1.8600000000000063,0.390000000000005,0.0038960652631289203,-0.10455537034016776
1.8600000000000063,0.360000000000005,0.0014022566727172284,-0.10802775378725266
1.8600000000000063,0.33000000000000496,-0.0013607100361193178,-0.11199428778796286
1.8600000000000063,0.30000000000000493,-0.004437701296985561,-0.11657209046199696
1.8600000000000063,0.2700000000000049,-0.00788532557891651,-0.12191601924440298
1.8600000000000063,0.2400000000000049,-0.01177740679874679,-0.1282311923501266
1.8600000000000063,0.2100000000000049,-0.016214655569411422,-0.13578824696606753
1.8600000000000063,0.1800000000000049,-0.02134274621429614,-0.14494440417203674
1.8600000000000063,0.1500000000000049,-0.02738807412043208,-0.15618692036516546
1.8600000000000063,0.12000000000000491,-0.03473383289294754,-0.1702521426503495
1.8600000000000063,0.09000000000000491,-0.04410307789802262,-0.18846393883795634
1.8600000000000063,0.06000000000000491,-0.019286735510807337,-0.2137924985809253
1.8600000000000063,0.03000000000000491,-0.007501834585415145,-0.2557250801158232
1.8300000000000063,3,0.04189157299137962,-0.06308471839636054
1.8300000000000063,2.97,0.04181316009633119,-0.06317489929205776
1.8300000000000063,2.9400000000000004,0.041733220500030144,-0.0632668532272197
1.8300000000000063,2.9100000000000006,0.04165170925405905,-0.06336063297900066
1.8300000000000063,2.880000000000001,0.04156857963136146,-0.06345629343903295
1.8300000000000063,2.850000000000001,0.0414837830374304,-0.06355389172023113
1.8300000000000063,2.820000000000001,0.0413972689163257,-0.06365348727029288
1.8300000000000063,2.7900000000000014,0.04130898465082877,-0.06375514199226207
1.8300000000000063,2.7600000000000016,0.04121887545660058,-0.0638589203723042
1.8300000000000063,2.7300000000000018,0.041126884269647196,-0.0639648896160108
1.8300000000000063,2.700000000000002,0.041032951626770744,-0.06407311979313601
1.8300000000000063,2.670000000000002,0.0409370155384053,-0.0641836839916271
1.8300000000000063,2.6400000000000023,0.040839011353278776,-0.06429665848197477
1.8300000000000063,2.6100000000000025,0.04073887161442896,-0.06441212289197648
1.8300000000000063,2.5800000000000027,0.040636525905626344,-0.06453016039372239
1.8300000000000063,2.550000000000003,0.040531900687696215,-0.06465085790262796
1.8300000000000063,2.520000000000003,0.040424919123887584,-0.06477430629042155
1.8300000000000063,2.4900000000000033,0.04031550089344696,-0.0649006006126133
1.8300000000000063,2.4600000000000035,0.04020356199237624,-0.06502984035196827
1.8300000000000063,2.4300000000000037,0.040089014520436325,-0.06516212967913462
1.8300000000000063,2.400000000000004,0.03997176645322253,-0.06529757773176395
1.8300000000000063,2.370000000000004,0.03985172139811507,-0.06543629891405872
1.8300000000000063,2.3400000000000043,0.039728778332725354,-0.06557841321794983
1.8300000000000063,2.3100000000000045,0.03960283132441886,-0.0657240465682915
1.8300000000000063,2.2800000000000047,0.03947376922919193,-0.06587333119386449
1.8300000000000063,2.250000000000005,0.03934147536826772,-0.06602640602653007
1.8300000000000063,2.220000000000005,0.039205827180304895,-0.06618341713101532
1.8300000000000063,2.1900000000000053,0.03906669584723077,-0.06634451816844048
1.8300000000000063,2.1600000000000055,0.03892394589119125,-0.0665098708960859
1.8300000000000063,2.1300000000000057,0.03877743474003528,-0.06667964570736881
1.8300000000000063,2.100000000000006,0.03862701225855002,-0.06685402221550032
1.8300000000000063,2.070000000000006,0.03847252024203392,-0.06703318988507503
1.8300000000000063,2.0400000000000063,0.038313791868965844,-0.06721734871628596
1.8300000000000063,2.0100000000000064,0.03815065110850954,-0.06740670998700904
1.8300000000000063,1.9800000000000064,0.037982912078867434,-0.06760149705819732
1.8300000000000063,1.9500000000000064,0.03781037835128033,-0.06780194624965438
1.8300000000000063,1.9200000000000064,0.037632842194527935,-0.06800830779262201
1.8300000000000063,1.8900000000000063,0.037450083753921684,-0.06822084686786689
1.8300000000000063,1.8600000000000063,0.03726187015786567,-0.06843984473790832
1.8300000000000063,1.8300000000000063,0.03706795454487445,-0.06866559998376555
1.8300000000000063,1.8000000000000063,0.0368680750021516,-0.06889842985749936
1.8300000000000063,1.7700000000000062,0.036661953406857364,-0.06913867176338936
1.8300000000000063,1.7400000000000062,0.03644929415911533,-0.06938668488218047
1.8300000000000063,1.7100000000000062,0.036229782795022314,-0.06964285195514816
1.8300000000000063,1.6800000000000062,0.03600308446629982,-0.06990758124616983
1.8300000000000063,1.6500000000000061,0.03576884227142516,-0.07018130870299398
1.8300000000000063,1.620000000000006,0.035526675421109245,-0.07046450034190677
1.8300000000000063,1.590000000000006,0.035276177218923864,-0.07075765488302302
1.8300000000000063,1.560000000000006,0.0350169128349877,-0.07106130666719274
1.8300000000000063,1.530000000000006,0.034748416847677044,-0.07137602889120388
1.8300000000000063,1.500000000000006,0.03447019052532493,-0.07170243720112335
1.8300000000000063,1.470000000000006,0.03418169881483048,-0.07204119369226095
1.8300000000000063,1.440000000000006,0.03388236700050878,-0.07239301136952814
1.8300000000000063,1.410000000000006,0.033571576990699376,-0.07275865913176308
1.8300000000000063,1.3800000000000059,0.03324866318285771,-0.07313896735296342
1.8300000000000063,1.3500000000000059,0.03291290785112771,-0.07353483414571141
1.8300000000000063,1.3200000000000058,0.0325635359916646,-0.07394723240599288
1.8300000000000063,1.2900000000000058,0.0321997095502417,-0.07437721775573732
1.8300000000000063,1.2600000000000058,0.03182052094554193,-0.0748259375194111
1.8300000000000063,1.2300000000000058,0.03142498578673389,-0.07529464089531346
1.8300000000000063,1.2000000000000057,0.031012034667459557,-0.0757846905116953
1.8300000000000063,1.1700000000000057,0.030580503898951505,-0.07629757559264239
1.8300000000000063,1.1400000000000057,0.030129125020738452,-0.07683492700206379
1.8300000000000063,1.1100000000000056,0.029656512899344446,-0.07739853448684021
1.8300000000000063,1.0800000000000056,0.029161152192591713,-0.07799036650367447
1.8300000000000063,1.0500000000000056,0.028641381915066003,-0.07861259309405724
1.8300000000000063,1.0200000000000056,0.02809537779277293,-0.07926761237045479
1.8300000000000063,0.9900000000000055,0.027521132035784133,-0.07995808129800247
1.8300000000000063,0.9600000000000055,0.026916430085392882,-0.08068695161013684
1.8300000000000063,0.9300000000000055,0.02627882380617017,-0.08145751189037363
1.8300000000000063,0.9000000000000055,0.025605600486296426,-0.08227343709604037
1.8300000000000063,0.8700000000000054,0.024893746879039558,-0.0831388471151175
1.8300000000000063,0.8400000000000054,0.024139907357099075,-0.08405837634914033
1.8300000000000063,0.8100000000000054,0.023340335052864807,-0.0850372568386343
1.8300000000000063,0.7800000000000054,0.022490834608866472,-0.08608141813142745
1.8300000000000063,0.7500000000000053,0.021586694853020522,-0.0871976079953425
1.8300000000000063,0.7200000000000053,0.02062260932160083,-0.08839353927749821
1.8300000000000063,0.6900000000000053,0.01959258205592119,-0.08967806982429635
1.8300000000000063,0.6600000000000052,0.018489815460366002,-0.09106142456632844
1.8300000000000063,0.6300000000000052,0.017306576180446395,-0.09255547187378337
1.8300000000000063,0.6000000000000052,0.016034033862439023,-0.09417407045382481
1.8300000000000063,0.5700000000000052,0.01466206617860728,-0.09593350889887516
1.8300000000000063,0.5400000000000051,0.01317902145442736,-0.09785306827316585
1.8300000000000063,0.5100000000000051,0.011571427304648026,-0.09995574998111595
1.8300000000000063,0.4800000000000051,0.00982362932597225,-0.10226922831175694
1.8300000000000063,0.45000000000000506,0.007917337109804426,-0.10482711204960982
1.8300000000000063,0.42000000000000504,0.005831043760860979,-0.10767063617426709
1.8300000000000063,0.390000000000005,0.003539266129361024,-0.11085095844600147
1.8300000000000063,0.360000000000005,0.0010115189393673967,-0.11443231449818428
1.8300000000000063,0.33000000000000496,-0.0017891274903922881,-0.11849640040860654
1.8300000000000063,0.30000000000000493,-0.004908178790440741,-0.12314852257730224
1.8300000000000063,0.2700000000000049,-0.008403053520595345,-0.12852632419959933
1.8300000000000063,0.2400000000000049,-0.012348636623490176,-0.13481239970272169
1.8300000000000063,0.2100000000000049,-0.016847091909953253,-0.14225330140018877
1.8300000000000063,0.1800000000000049,-0.022046203143708462,-0.15119079853528444
1.8300000000000063,0.1500000000000049,-0.02817565515838686,-0.16212102076359242
1.8300000000000063,0.12000000000000491,-0.03562423132149698,-0.17582530505550603
1.8300000000000063,0.09000000000000491,-0.045125592594413344,-0.19370579191478693
1.8300000000000063,0.06000000000000491,-0.019118147400653755,-0.21883661016164213
1.8300000000000063,0.03000000000000491,-0.007483767096955839,-0.26088695083820257
1.8000000000000063,3,0.04204238021933357,-0.06697152432448111
1.8000000000000063,2.97,0.04196291406694022,-0.06706598060835062
1.8000000000000063,2.9400000000000004,0.04188190064866558,-0.06716229480769903
1.8000000000000063,2.9100000000000006,0.041799294409005636,-0.06726052224362655
1.8000000000000063,2.880000000000001,0.04171504798954681,-0.0673607204540377
1.8000000000000063,2.850000000000001,0.04162911213920813,-0.06746294930551508
1.8000000000000063,2.820000000000001,0.04154143561885504,-0.06756727111249101
1.8000000000000063,2.7900000000000014,0.04145196510016945,-0.06767375076332746
1.8000000000000063,2.7600000000000016,0.04136064505830536,-0.06778245585464832
1.8000000000000063,2.7300000000000018,0.04126741765788594,-0.06789345683392126
1.8000000000000063,2.700000000000002,0.0411722226317148,-0.06800682715130937
1.8000000000000063,2.670000000000002,0.04107499715205465,-0.06812264342110753
1.8000000000000063,2.6400000000000023,0.04097567569333681,-0.06824098559399792
1.8000000000000063,2.6100000000000025,0.04087418988620959,-0.0683619371404177
1.8000000000000063,2.5800000000000027,0.04077046836187256,-0.0684855852462146
1.8000000000000063,2.550000000000003,0.04066443658624434,-0.0686120210216045
1.8000000000000063,2.520000000000003,0.04055601668290425,-0.06874133972412425
1.8000000000000063,2.4900000000000033,0.04044512724409301,-0.06887364099730968
1.8000000000000063,2.4600000000000035,0.0403316831287759,-0.06900902912571533
1.8000000000000063,2.4300000000000037,0.040215595246811356,-0.06914761330792975
1.8000000000000063,2.400000000000004,0.040096770327822426,-0.06928950794939298
1.8000000000000063,2.370000000000004,0.03997511067385645,-0.06943483297603407
1.8000000000000063,2.3400000000000043,0.03985051389432466,-0.0695837141709606
1.8000000000000063,2.3100000000000045,0.03972287262154133,-0.06973628353620438
1.8000000000000063,2.2800000000000047,0.03959207420568894,-0.06989267968120014
1.8000000000000063,2.250000000000005,0.0394580003868405,-0.07005304824126404
1.8000000000000063,2.220000000000005,0.03932052694254197,-0.0702175423277705
1.8000000000000063,2.1900000000000053,0.03917952330837535,-0.0703863230135379
1.8000000000000063,2.1600000000000055,0.0390348521696179,-0.07055955985664739
1.8000000000000063,2.1300000000000057,0.038886369020611496,-0.07073743146579113
1.8000000000000063,2.100000000000006,0.0387339216896187,-0.07092012611164063
1.8000000000000063,2.070000000000006,0.03857734982556868,-0.07110784238820397
1.8000000000000063,2.0400000000000063,0.03841648434313033,-0.07130078992940715
1.8000000000000063,2.0100000000000064,0.03825114682218242,-0.07149919018588702
1.8000000000000063,1.9800000000000064,0.03808114885733562,-0.07170327726838283
1.8000000000000063,1.9500000000000064,0.037906291352373486,-0.07191329886426256
1.8000000000000063,1.9200000000000064,0.03772636375452365,-0.07212951723473343
1.8000000000000063,1.8900000000000063,0.03754114322209548,-0.07235221030098653
1.8000000000000063,1.8600000000000063,0.03735039371879034,-0.07258167282913865
1.8000000000000063,1.8300000000000063,0.03715386502743367,-0.07281821772391174
1.8000000000000063,1.8000000000000063,0.036951291673959066,-0.07306217744339083
1.8000000000000063,1.7700000000000062,0.03674239175275064,-0.07331390554802278
1.8000000000000063,1.7400000000000062,0.036526865642267044,-0.07357377839907076
1.8000000000000063,1.7100000000000062,0.036304394599038003,-0.07384219702335962
1.8000000000000063,1.6800000000000062,0.03607463921628383,-0.07411958916394717
1.8000000000000063,1.6500000000000061,0.035837237732268254,-0.07440641153833594
1.8000000000000063,1.620000000000006,0.035591804170396854,-0.07470315232931454
1.8000000000000063,1.590000000000006,0.035337926292084064,-0.07501033393673677
1.8000000000000063,1.560000000000006,0.035075163339767235,-0.07532851602277954
1.8000000000000063,1.530000000000006,0.03480304354480716,-0.07565829888745898
1.8000000000000063,1.500000000000006,0.03452106137150547,-0.0760003272173183
1.8000000000000063,1.470000000000006,0.03422867446431341,-0.07635529425594731
1.8000000000000063,1.440000000000006,0.033925300260541885,-0.07672394645263289
1.8000000000000063,1.410000000000006,0.033610312225538015,-0.07710708865446095
1.8000000000000063,1.3800000000000059,0.033283035660623926,-0.07750558991710549
1.8000000000000063,1.3500000000000059,0.032942743026887746,-0.07792039002178425
1.8000000000000063,1.3200000000000058,0.03258864871913001,-0.07835250680082345
1.8000000000000063,1.2900000000000058,0.032219903213319995,-0.07880304439046175
1.8000000000000063,1.2600000000000058,0.03183558650012529,-0.07927320255101586
1.8000000000000063,1.2300000000000058,0.03143470070124768,-0.07976428721838641
1.8000000000000063,1.2000000000000057,0.0310161617495747,-0.08027772248045169
1.8000000000000063,1.1700000000000057,0.03057878999313717,-0.08081506420795179
1.8000000000000063,1.1400000000000057,0.030121299559645542,-0.08137801561149685
1.8000000000000063,1.1100000000000056,0.029642286289618548,-0.08196844504985104
1.8000000000000063,1.0800000000000056,0.02914021401129728,-0.08258840647755036
1.8000000000000063,1.0500000000000056,0.02861339889062453,-0.08324016299913246
1.8000000000000063,1.0200000000000056,0.028059991538892257,-0.08392621409342406
1.8000000000000063,0.9900000000000055,0.027477956501869107,-0.08464932719110255
1.8000000000000063,0.9600000000000055,0.026865048680652256,-0.08541257443893807
1.8000000000000063,0.9300000000000055,0.026218786146839715,-0.08621937566918009
1.8000000000000063,0.9000000000000055,0.02553641870644153,-0.08707354882975649
1.8000000000000063,0.8700000000000054,0.024814891434065588,-0.08797936942824217
1.8000000000000063,0.8400000000000054,0.024050802235960976,-0.08894164092319287
1.8000000000000063,0.8100000000000054,0.023240352298352758,-0.08996577848594134
1.8000000000000063,0.7800000000000054,0.022379288025479234,-0.09105790918739973
1.8000000000000063,0.7500000000000053,0.02146283275709512,-0.09222499249006477
1.8000000000000063,0.7200000000000053,0.020485606158005487,-0.09347496600888523
1.8000000000000063,0.6900000000000053,0.019441528667588477,-0.09481692294301343
1.8000000000000063,0.6600000000000052,0.018323707749564273,-0.09626132950524899
1.8000000000000063,0.6300000000000052,0.017124301840012107,-0.09782029327899802
1.8000000000000063,0.6000000000000052,0.01583435677900862,-0.09950789699098975
1.8000000000000063,0.5700000000000052,0.01444360801020322,-0.10134061710834746
1.8000000000000063,0.5400000000000051,0.012940239754105545,-0.1033378535600131
1.8000000000000063,0.5100000000000051,0.011310589386668433,-0.1055226066649434
1.8000000000000063,0.4800000000000051,0.00953878082905319,-0.10792235145157092
1.8000000000000063,0.45000000000000506,0.007606263867498743,-0.11057018022863674
1.8000000000000063,0.42000000000000504,0.005491225077459919,-0.11350631518546182
1.8000000000000063,0.390000000000005,0.003167816763913864,-0.11678014013661185
1.8000000000000063,0.360000000000005,0.0006051157989706455,-0.12045297518833817
1.8000000000000063,0.33000000000000496,-0.002234340188548756,-0.12460194047263323
1.8000000000000063,0.30000000000000493,-0.005396716178641285,-0.1293254660979083
1.8000000000000063,0.2700000000000049,-0.008940266490927086,-0.13475139365490663
1.8000000000000063,0.2400000000000049,-0.012940970875491186,-0.14104938548489473
1.8000000000000063,0.2100000000000049,-0.017502492808472728,-0.1484510152670448
1.8000000000000063,0.1800000000000049,-0.022774793194525775,-0.1572847484814977
1.8000000000000063,0.1500000000000049,-0.028990952241894026,-0.1680425574294269
1.8000000000000063,0.12000000000000491,-0.036545523759700826,-0.18152118393596106
1.8000000000000063,0.09000000000000491,-0.04618311883370406,-0.19916792823547425
1.8000000000000063,0.06000000000000491,-0.018954873407705644,-0.22414359411379586
1.8000000000000063,0.03000000000000491,-0.007465838483265404,-0.2663066301508223
1.7700000000000062,3,0.042193398635070066,-0.07077640742624021
1.7700000000000062,2.97,0.04211284819545316,-0.07087489113183046
1.7700000000000062,2.9400000000000004,0.04203072931791166,-0.07097531199845533
1.7700000000000062,2.9100000000000006,0.04194699582171564,-0.07107772770000252
1.7700000000000062,2.880000000000001,0.041861599698485186,-0.0711821982207184
1.7700000000000062,2.850000000000001,0.04177449102109116,-0.07128878597195748
1.7700000000000062,2.820000000000001,0.04168561784695851,-0.0713975559161028
1.7700000000000062,2.7900000000000014,0.04159492611556703,-0.07150857569811463
1.7700000000000062,2.7600000000000016,0.04150235953965598,-0.0716219157852811
1.7700000000000062,2.7300000000000018,0.04140785948950595,-0.07173764961590101
1.7700000000000062,2.700000000000002,0.04131136487022431,-0.07185585375720997
1.7700000000000062,2.670000000000002,0.04121281199094619,-0.07197660807384938
1.7700000000000062,2.6400000000000023,0.041112134425870306,-0.07209999590694023
1.7700000000000062,2.6100000000000025,0.04100926286622117,-0.0722261042652222
1.7700000000000062,2.5800000000000027,0.040904124962409125,-0.07235502402873692
1.7700000000000062,2.550000000000003,0.04079664515588053,-0.07248685016645373
1.7700000000000062,2.520000000000003,0.040686744499667395,-0.0726216819684358
1.7700000000000062,2.4900000000000033,0.040574340466770734,-0.07275962329419554
1.7700000000000062,2.4600000000000035,0.040459346745398236,-0.07290078283834192
1.7700000000000062,2.4300000000000037,0.040341673020136685,-0.07304527441478204
1.7700000000000062,2.400000000000004,0.040221224737642,-0.0731932172615291
1.7700000000000062,2.370000000000004,0.040097902855870546,-0.07334473636699484
1.7700000000000062,2.3400000000000043,0.0399716035753644,-0.07349996282070054
1.7700000000000062,2.3100000000000045,0.039842218050798225,-0.07365903418944418
1.7700000000000062,2.2800000000000047,0.039709632081758844,-0.07382209492185722
1.7700000000000062,2.250000000000005,0.03957372578018721,-0.07398929678358554
1.7700000000000062,2.220000000000005,0.03943437321309673,-0.07416079932576077
1.7700000000000062,2.1900000000000053,0.039291442017910544,-0.0743367703900657
1.7700000000000062,2.1600000000000055,0.03914479298829088,-0.07451738665336045
1.7700000000000062,2.1300000000000057,0.03899427962757945,-0.07470283421595328
1.7700000000000062,2.100000000000006,0.03883974766700491,-0.07489330923718625
1.7700000000000062,2.070000000000006,0.0386810345451926,-0.07508901862334501
1.7700000000000062,2.0400000000000063,0.03851796884561831,-0.07529018077249032
1.7700000000000062,2.0100000000000064,0.038350369687758554,-0.07549702638209839
1.7700000000000062,1.9800000000000064,0.03817804606743105,-0.07570979932568313
1.7700000000000062,1.9500000000000064,0.03800079614159371,-0.07592875760519749
1.7700000000000062,1.9200000000000064,0.03781840645179749,-0.07615417438719897
1.7700000000000062,1.8900000000000063,0.03763065108028937,-0.07638633913146355
1.7700000000000062,1.8600000000000063,0.03743729073184009,-0.07662555882141989
1.7700000000000062,1.8300000000000063,0.037238071733419614,-0.07687215930790176
1.7700000000000062,1.8000000000000063,0.037032724943501905,-0.07712648677789263
1.7700000000000062,1.7700000000000062,0.03682096456081332,-0.0773889093626107
1.7700000000000062,1.7400000000000062,0.03660248682211834,-0.07765981889989872
1.7700000000000062,1.7100000000000062,0.03637696857657936,-0.07793963286925391
1.7700000000000062,1.6800000000000062,0.03614406572286061,-0.07822879651872353
1.7700000000000062,1.6500000000000061,0.03590341149368765,-0.07852778520665211
1.7700000000000062,1.620000000000006,0.03565461457016442,-0.07883710698380131
1.7700000000000062,1.590000000000006,0.03539725700584597,-0.07915730544498598
1.7700000000000062,1.560000000000006,0.03513089193821965,-0.07948896288378461
1.7700000000000062,1.530000000000006,0.03485504106161383,-0.07983270378819736
1.7700000000000062,1.500000000000006,0.03456919183266213,-0.08018919872091533
1.7700000000000062,1.470000000000006,0.03427279437467402,-0.08055916863459603
1.7700000000000062,1.440000000000006,0.03396525804278588,-0.08094338967955383
1.7700000000000062,1.410000000000006,0.033645947606249504,-0.08134269857077886
1.7700000000000062,1.3800000000000059,0.033314178997463084,-0.08175799859128485
1.7700000000000062,1.3500000000000059,0.0329692145700361,-0.08219026632114881
1.7700000000000062,1.3200000000000058,0.03261025779896566,-0.08264055919658708
1.7700000000000062,1.2900000000000058,0.032236447345910704,-0.08311002402019986
1.7700000000000062,1.2600000000000058,0.031846850399905924,-0.0835999065644949
1.7700000000000062,1.2300000000000058,0.031440455189589454,-0.08411156243585291
1.7700000000000062,1.2000000000000057,0.031016162545684886,-0.08464646939445646
1.7700000000000062,1.1700000000000057,0.030572776372189376,-0.08520624136288323
1.7700000000000062,1.1400000000000057,0.030108992860315455,-0.08579264439789516
1.7700000000000062,1.1100000000000056,0.029623388250499517,-0.08640761495236488
1.7700000000000062,1.0800000000000056,0.029114404912633614,-0.08705328081783441
1.7700000000000062,1.0500000000000056,0.02858033547358837,-0.08773198521618482
1.7700000000000062,1.0200000000000056,0.028019304670393742,-0.08844631460285456
1.7700000000000062,0.9900000000000055,0.027429248547116723,-0.08919913086332433
1.7700000000000062,0.9600000000000055,0.026807890539156387,-0.089993608728833
1.7700000000000062,0.9300000000000055,0.026152713900026704,-0.09083327941987562
1.7700000000000062,0.9000000000000055,0.025460929815238682,-0.0917220817528171
1.7700000000000062,0.8700000000000054,0.024729440413379173,-0.09266442223246901
1.7700000000000062,0.8400000000000054,0.023954795719537274,-0.09366524601600716
1.7700000000000062,0.8100000000000054,0.02313314338997185,-0.09473012109795934
1.7700000000000062,0.7800000000000054,0.022260169812373422,-0.0958653386607205
1.7700000000000062,0.7500000000000053,0.02133103083546839,-0.09707803330571436
1.7700000000000062,0.7200000000000053,0.020340269989448503,-0.0983763278840328
1.7700000000000062,0.6900000000000053,0.01928172154584809,-0.09976950896541126
1.7700000000000062,0.6600000000000052,0.018148395107805547,-0.10126824073574942
1.7700000000000062,0.6300000000000052,0.016932337566869217,-0.10288482746002359
1.7700000000000062,0.6000000000000052,0.015624467132150578,-0.10463353782936852
1.7700000000000062,0.5700000000000052,0.01421437261348283,-0.1065310088763728
1.7700000000000062,0.5400000000000051,0.012690069029396596,-0.10859675322703248
1.7700000000000062,0.5100000000000051,0.01103769759041033,-0.11085380207278323
1.7700000000000062,0.4800000000000051,0.009241153613164858,-0.11332952870434397
1.7700000000000062,0.45000000000000506,0.007281618928281589,-0.11605671588974115
1.7700000000000062,0.42000000000000504,0.005136963927613071,-0.11907495848891092
1.7700000000000062,0.390000000000005,0.0027809648397770304,-0.12243253704796482
1.7700000000000062,0.360000000000005,0.00018224677045640056,-0.12618897103080184
1.7700000000000062,0.33000000000000496,-0.0026972023533815464,-0.1304185859924876
1.7700000000000062,0.30000000000000493,-0.005904228026179719,-0.13521565697525656
1.7700000000000062,0.2700000000000049,-0.009497947293243603,-0.14070212668730636
1.7700000000000062,0.2400000000000049,-0.01355547020907492,-0.1470397762436392
1.7700000000000062,0.2100000000000049,-0.018182008751580457,-0.1544505862204797
1.7700000000000062,0.1800000000000049,-0.02352977213142956,-0.16325316014711855
1.7700000000000062,0.1500000000000049,-0.029835347296392846,-0.17393291125323637
1.7700000000000062,0.12000000000000491,-0.03749924847941115,-0.18729005602115845
1.7700000000000062,0.09000000000000491,-0.04727739923088263,-0.20479640562093265
1.7700000000000062,0.06000000000000491,-0.018796599000660646,-0.2296784376752912
1.7700000000000062,0.03000000000000491,-0.0074480468058530525,-0.27197525886462565
1.7400000000000062,3,0.04234456541555588,-0.07449985967033615
1.7400000000000062,2.97,0.04226289821198542,-0.07460216983737122
1.7400000000000062,2.9400000000000004,0.042179640762543505,-0.07470649195197752
1.7400000000000062,2.9100000000000006,0.04209474624243778,-0.07481288589281343
1.7400000000000062,2.880000000000001,0.04200816597380477,-0.07492141393604171
1.7400000000000062,2.850000000000001,0.04191984933298866,-0.07503214087634605
1.7400000000000062,2.820000000000001,0.04182974365286234,-0.07514513415545346
1.7400000000000062,2.7900000000000014,0.04173779411862193,-0.07526046399850522
1.7400000000000062,2.7600000000000016,0.04164394365757533,-0.07537820355903813
1.7400000000000062,2.7300000000000018,0.04154813282181756,-0.07549842907305375
1.7400000000000062,2.700000000000002,0.0414502996636732,-0.07562122002279711
1.7400000000000062,2.670000000000002,0.04135037960320913,-0.0757466593113991
1.7400000000000062,2.6400000000000023,0.041248305287255066,-0.07587483344848861
1.7400000000000062,2.6100000000000025,0.041144006439223293,-0.07600583274826646
1.7400000000000062,2.5800000000000027,0.041037409699154356,-0.07613975154082141
1.7400000000000062,2.550000000000003,0.040928438453127075,-0.07627668839743444
1.7400000000000062,2.520000000000003,0.04081701265137938,-0.0764167463713078
1.7400000000000062,2.4900000000000033,0.04070304861381925,-0.07656003325494043
1.7400000000000062,2.4600000000000035,0.04058645882257417,-0.07670666185532385
1.7400000000000062,2.4300000000000037,0.04046715169999163,-0.07685675028850464
1.7400000000000062,2.400000000000004,0.040345031371022716,-0.0770104222951502
1.7400000000000062,2.370000000000004,0.04021999740895754,-0.07716780757898764
1.7400000000000062,2.3400000000000043,0.04009194456286114,-0.0773290421695547
1.7400000000000062,2.3100000000000045,0.03996076246520286,-0.07749426881223014
1.7400000000000062,2.2800000000000047,0.03982633531804686,-0.07766363738702642
1.7400000000000062,2.250000000000005,0.03968854155607029,-0.077837305359228
1.7400000000000062,2.220000000000005,0.03954725348402665,-0.07801543826457621
1.7400000000000062,2.1900000000000053,0.03940233688677024,-0.07819821023200335
1.7400000000000062,2.1600000000000055,0.03925365060920376,-0.0783858045475978
1.7400000000000062,2.1300000000000057,0.039101046103458645,-0.07857841426333297
1.7400000000000062,2.100000000000006,0.03894436694020911,-0.07877624285501514
1.7400000000000062,2.070000000000006,0.03878344828097034,-0.07897950493404482
1.7400000000000062,2.0400000000000063,0.03861811630746682,-0.07918842701805705
1.7400000000000062,2.0100000000000064,0.03844818760422851,-0.0794032483664664
1.7400000000000062,1.9800000000000064,0.0382734684896539,-0.0796242218871168
1.7400000000000062,1.9500000000000064,0.03809375429063718,-0.07985161512135597
1.7400000000000062,1.9200000000000064,0.03790882855504374,-0.08008571131535075
1.7400000000000062,1.8900000000000063,0.037718462195859004,-0.08032681058681869
1.7400000000000062,1.8600000000000063,0.037522412560035356,-0.08057523119695836
1.7400000000000062,1.8300000000000063,0.037320422413987024,-0.08083131093896828
1.7400000000000062,1.8000000000000063,0.03711221883746335,-0.0810954086556796
1.7400000000000062,1.7700000000000062,0.03689751201534368,-0.08136790590047374
1.7400000000000062,1.7400000000000062,0.03667599391700581,-0.08164920875767168
1.7400000000000062,1.7100000000000062,0.03644733685042481,-0.08193974984008008
1.7400000000000062,1.6800000000000062,0.03621119187704151,-0.08223999048449057
1.7400000000000062,1.6500000000000061,0.03596718707210049,-0.08255042316830509
1.7400000000000062,1.620000000000006,0.03571492561196217,-0.0828715741730662
1.7400000000000062,1.590000000000006,0.03545398366881572,-0.08320400652557532
1.7400000000000062,1.560000000000006,0.035183908089392237,-0.08354832325012528
1.7400000000000062,1.530000000000006,0.03490421383218241,-0.08390517097104586
1.7400000000000062,1.500000000000006,0.03461438113276687,-0.08427524391032709
1.7400000000000062,1.470000000000006,0.03431385236425129,-0.0846592883313043
1.7400000000000062,1.440000000000006,0.034002028553290695,-0.08505810748761812
1.7400000000000062,1.410000000000006,0.03367826550795992,-0.08547256714516993
1.7400000000000062,1.3800000000000059,0.033341869505986235,-0.08590360175576911
1.7400000000000062,1.3500000000000059,0.032992092484929014,-0.08635222137382768
1.7400000000000062,1.3200000000000058,0.03262812666665617,-0.08681951942119723
1.7400000000000062,1.2900000000000058,0.032249098537520525,-0.08730668142428424
1.7400000000000062,1.2600000000000058,0.031854062093517446,-0.0878149948673158
1.7400000000000062,1.2300000000000058,0.0314419912451824,-0.08834586033042394
1.7400000000000062,1.2000000000000057,0.031011771258804596,-0.08890080411146548
1.7400000000000062,1.1700000000000057,0.03056218909063833,-0.08948149256588198
1.7400000000000062,1.1400000000000057,0.030091922445442905,-0.09008974844183149
1.7400000000000062,1.1100000000000056,0.029599527362263796,-0.09072756953957499
1.7400000000000062,1.0800000000000056,0.029083424093693112,-0.09139715008785847
1.7400000000000062,1.0500000000000056,0.028541881004165284,-0.09210090530623705
1.7400000000000062,1.0200000000000056,0.02797299616051485,-0.0928414997171702
1.7400000000000062,0.9900000000000055,0.027374676227377166,-0.09362187988702111
1.7400000000000062,0.9600000000000055,0.026744612204649992,-0.09444531241899426
1.7400000000000062,0.9300000000000055,0.0260802514534145,-0.09531542819805251
1.7400000000000062,0.9000000000000055,0.025378765345444074,-0.09623627411039663
1.7400000000000062,0.8700000000000054,0.024637011734992345,-0.0972123737383187
1.7400000000000062,0.8400000000000054,0.023851491282883643,-0.09824879888183649
1.7400000000000062,0.8100000000000054,0.02301829645509338,-0.09935125420564031
1.7400000000000062,0.7800000000000054,0.022133051758326097,-0.10052617787783133
1.7400000000000062,0.7500000000000053,0.021190843450274718,-0.10178086180085583
1.7400000000000062,0.7200000000000053,0.020186136553440225,-0.1031235959838403
1.7400000000000062,0.6900000000000053,0.0191126764804846,-0.10456384284676296
1.7400000000000062,0.6600000000000052,0.017963371911617884,-0.10611244888291939
1.7400000000000062,0.6300000000000052,0.01673015469549729,-0.10778190328768726
1.7400000000000062,0.6000000000000052,0.01540381139768756,-0.10958665610136395
1.7400000000000062,0.5700000000000052,0.0139737795722099,-0.11154351243488735
1.7400000000000062,0.5400000000000051,0.012427899687088332,-0.1136721249352244
1.7400000000000062,0.5100000000000051,0.010752110567094034,-0.11599561456736543
1.7400000000000062,0.4800000000000051,0.008930071650683387,-0.11854136128684059
1.7400000000000062,0.45000000000000506,0.006942688255606104,-0.12134202335101743
1.7400000000000062,0.42000000000000504,0.004767504451470939,-0.12443687056996483
1.7400000000000062,0.390000000000005,0.002377908278263283,-0.12787355952666804
1.7400000000000062,0.360000000000005,-0.00025794154388911455,-0.1317105507289863
1.7400000000000062,0.33000000000000496,-0.003178624668192024,-0.13602049473890254
1.7400000000000062,0.30000000000000493,-0.006431689352280901,-0.1408951500795237
1.7400000000000062,0.2700000000000049,-0.010077143721208838,-0.1464528539019158
1.7400000000000062,0.2400000000000049,-0.014193265467462472,-0.15285049540058504
1.7400000000000062,0.2100000000000049,-0.0188868664454062,-0.16030390071234993
1.7400000000000062,0.1800000000000049,-0.02431247904835549,-0.16912484799406102
1.7400000000000062,0.1500000000000049,-0.030710314154409946,-0.17979305214266536
1.7400000000000062,0.12000000000000491,-0.038487046372768105,-0.1931083212680471
1.7400000000000062,0.09000000000000491,-0.04841029314976818,-0.21055630377742646
1.7400000000000062,0.06000000000000491,-0.018643037163934038,-0.23541294242693184
1.7400000000000062,0.03000000000000491,-0.007430390166652245,-0.2778838958440868
1.7100000000000062,3,0.0424958121891067,-0.07814500998345296
1.7100000000000062,2.97,0.042412994205058285,-0.07825099081674675
1.7100000000000062,2.9400000000000004,0.042328563501057445,-0.07835905500028915
1.7100000000000062,2.9100000000000006,0.04224247258862071,-0.07846926450767569
1.7100000000000062,2.880000000000001,0.04215467209969631,-0.0785816837923984
1.7100000000000062,2.850000000000001,0.04206511069294743,-0.07869637991289201
1.7100000000000062,2.820000000000001,0.041973734954378096,-0.07881342266531635
1.7100000000000062,2.7900000000000014,0.0418804892918368,-0.07893288472468256
1.7100000000000062,2.7600000000000016,0.041785315823101535,-0.0790548417944482
1.7100000000000062,2.7300000000000018,0.041688154256946594,-0.07917937276585454
1.7100000000000062,2.700000000000002,0.04158894176686621,-0.0793065598871846
1.7100000000000062,2.670000000000002,0.04148761285656317,-0.07943648894406591
1.7100000000000062,2.6400000000000023,0.04138409921701506,-0.07956924945140936
1.7100000000000062,2.6100000000000025,0.04127832957417941,-0.07970493485797936
1.7100000000000062,2.5800000000000027,0.04117022952668503,-0.07984364276463013
1.7100000000000062,2.550000000000003,0.0410597213729368,-0.07998547515709385
1.7100000000000062,2.520000000000003,0.040946723926417516,-0.08013053865465727
1.7100000000000062,2.4900000000000033,0.040831152318663466,-0.08027894477591795
1.7100000000000062,2.4600000000000035,0.04071291778868205,-0.0804308102229939
1.7100000000000062,2.4300000000000037,0.04059192745775196,-0.08058625718582231
1.7100000000000062,2.400000000000004,0.04046808408859233,-0.0807454136677965
1.7100000000000062,2.370000000000004,0.040341285827281206,-0.08090841383532964
1.7100000000000062,2.3400000000000043,0.040211425926846456,-0.08107539839245456
1.7100000000000062,2.3100000000000045,0.04007839245070666,-0.08124651498314056
1.7100000000000062,2.2800000000000047,0.03994206795444149,-0.08142191862389946
1.7100000000000062,2.250000000000005,0.03980232914377563,-0.08160177216865024
1.7100000000000062,2.220000000000005,0.039659046507080964,-0.08178624680957607
1.7100000000000062,2.1900000000000053,0.039512083919680245,-0.08197552261638538
1.7100000000000062,2.1600000000000055,0.039361298217801266,-0.08216978911831362
1.7100000000000062,2.1300000000000057,0.03920653873921803,-0.08236924593195719
1.7100000000000062,2.100000000000006,0.03904764682761023,-0.08257410344013193
1.7100000000000062,2.070000000000006,0.038884455297272275,-0.08278458352574303
1.7100000000000062,2.0400000000000063,0.03871678785424888,-0.08300092036668684
1.7100000000000062,2.0100000000000064,0.03854445847010739,-0.08322336129728686
1.7100000000000062,1.9800000000000064,0.03836727070332362,-0.08345216774296546
1.7100000000000062,1.9500000000000064,0.0381850169635405,-0.08368761623567496
1.7100000000000062,1.9200000000000064,0.03799747771269187,-0.08392999951801813
1.7100000000000062,1.8900000000000063,0.037804420596808386,-0.08417962774543952
1.7100000000000062,1.8600000000000063,0.03760559950151415,-0.08443682979670895
1.7100000000000062,1.8300000000000063,0.03740075352285287,-0.08470195470415687
1.7100000000000062,1.8000000000000063,0.03718960584521892,-0.08497537321657986
1.7100000000000062,1.7700000000000062,0.03697186251582592,-0.08525747950952678
1.7100000000000062,1.7400000000000062,0.036747211104918825,-0.08554869305910884
1.7100000000000062,1.7100000000000062,0.03651531923897154,-0.08584946069808806
1.7100000000000062,1.6800000000000062,0.03627583299289556,-0.08616025887478015
1.7100000000000062,1.6500000000000061,0.036028375124950676,-0.08648159613901643
1.7100000000000062,1.620000000000006,0.035772543136645074,-0.08681401588159307
1.7100000000000062,1.590000000000006,0.03550790713679796,-0.08715809935789526
1.7100000000000062,1.560000000000006,0.03523400748691617,-0.08751446903074722
1.7100000000000062,1.530000000000006,0.03495035220098054,-0.08788379227211332
1.7100000000000062,1.500000000000006,0.03465641406997999,-0.08826678546921748
1.7100000000000062,1.470000000000006,0.0343516274766623,-0.08866421858742163
1.7100000000000062,1.440000000000006,0.03403538486109953,-0.08907692024985953
1.7100000000000062,1.410000000000006,0.03370703279224832,-0.08950578340306764
1.7100000000000062,1.3800000000000059,0.03336586759353996,-0.08995177164857707
1.7100000000000062,1.3500000000000059,0.03301113046323474,-0.09041592633298647
1.7100000000000062,1.3200000000000058,0.032642002020429016,-0.09089937450436295
1.7100000000000062,1.2900000000000058,0.03225759619769175,-0.09140333785948719
1.7100000000000062,1.2600000000000058,0.03185695338776442,-0.09192914282890463
1.7100000000000062,1.2300000000000058,0.03143903273741895,-0.09247823197024578
1.7100000000000062,1.2000000000000057,0.031002703463806985,-0.09305217687102688
1.7100000000000062,1.1700000000000057,0.03054673504715586,-0.0936526927977794
1.7100000000000062,1.1400000000000057,0.03006978612932648,-0.09428165537100143
1.7100000000000062,1.1100000000000056,0.02957039191733058,-0.09494111959794706
1.7100000000000062,1.0800000000000056,0.02904694985550376,-0.09563334165792484
1.7100000000000062,1.0500000000000056,0.028497703287154973,-0.09636080391119045
1.7100000000000062,1.0200000000000056,0.027920722774192202,-0.09712624369723367
1.7100000000000062,0.9900000000000055,0.02731388468143216,-0.09793268660150752
1.7100000000000062,0.9600000000000055,0.02667484655598134,-0.09878348501293835
1.7100000000000062,0.9300000000000055,0.02600101873944618,-0.09968236296864105
1.7100000000000062,0.9000000000000055,0.025289531538428976,-0.10063346850108727
1.7100000000000062,0.8700000000000054,0.024537197139178582,-0.10164143497555347
1.7100000000000062,0.8400000000000054,0.02374046528238873,-0.10271145324857898
1.7100000000000062,0.8100000000000054,0.0228953715017028,-0.10384935691235408
1.7100000000000062,0.7800000000000054,0.021997476466524567,-0.1050617234411366
1.7100000000000062,0.7500000000000053,0.021041794639826972,-0.10635599476461699
1.7100000000000062,0.7200000000000053,0.020022710045775247,-0.10774062170422001
1.7100000000000062,0.6900000000000053,0.0189338764138607,-0.10922523789747388
1.7100000000000062,0.6600000000000052,0.017768098286664216,-0.11082087039589186
1.7100000000000062,0.6300000000000052,0.016517188797269183,-0.112540196192299
1.7100000000000062,0.6000000000000052,0.0151717986547386,-0.11439785671835653
1.7100000000000062,0.5700000000000052,0.013721209303569102,-0.11641084615059394
1.7100000000000062,0.5400000000000051,0.012153081043713286,-0.11859899463703184
1.7100000000000062,0.5100000000000051,0.010453143779955768,-0.12098557504152632
1.7100000000000062,0.4800000000000051,0.008604813430682309,-0.12359807270926054
1.7100000000000062,0.45000000000000506,0.006588709807969013,-0.1264691741647648
1.7100000000000062,0.42000000000000504,0.004382040002622025,-0.12963805628165104
1.7100000000000062,0.390000000000005,0.0019577911317170227,-0.1331520992429274
1.7100000000000062,0.360000000000005,-0.0007163598439478731,-0.13706921795976654
1.7100000000000062,0.33000000000000496,-0.003679578963898621,-0.14146113443401787
1.7100000000000062,0.30000000000000493,-0.006980140659078934,-0.14641815338872505
1.7100000000000062,0.2700000000000049,-0.010678973976432572,-0.15205647313047577
1.7100000000000062,0.2400000000000049,-0.014855563549702931,-0.15853001885051204
1.7100000000000062,0.2100000000000049,-0.019618375206230585,-0.16605079856678018
1.7100000000000062,0.1800000000000049,-0.025124343380783606,-0.17492619974303042
1.7100000000000062,0.1500000000000049,-0.031617426323625034,-0.18563198999396366
1.7100000000000062,0.12000000000000491,-0.03951066967138957,-0.19896718867821128
1.7100000000000062,0.09000000000000491,-0.049583786688289146,-0.2164267829788365
1.7100000000000062,0.06000000000000491,-0.01849392523215165,-0.2413261612248905
1.7100000000000062,0.03000000000000491,-0.007412866706352747,-0.2840245770585905
1.6800000000000062,3,0.04264706455297801,-0.08171636004431328
1.6800000000000062,2.97,0.042563060131742506,-0.08182589635438396
1.6800000000000062,2.9400000000000004,0.04247741981813949,-0.08193758496687423
1.6800000000000062,2.9100000000000006,0.042390095439268416,-0.08205148987247503
1.6800000000000062,2.880000000000001,0.042301036915499135,-0.08216767762087138
1.6800000000000062,2.850000000000001,0.042210192165353974,-0.08228621744965431
1.6800000000000062,2.820000000000001,0.04211750700471186,-0.08240718142132088
1.6800000000000062,2.7900000000000014,0.042022925039832404,-0.0825306445686424
1.6800000000000062,2.7600000000000016,0.041926387553697333,-0.08265668504894802
1.6800000000000062,2.7300000000000018,0.04182783338552906,-0.08278538430840984
1.6800000000000062,2.700000000000002,0.04172719880249438,-0.08291682725651547
1.6800000000000062,2.670000000000002,0.04162441736337531,-0.08305110245187242
1.6800000000000062,2.6400000000000023,0.04151941977347548,-0.08318830230011755
1.6800000000000062,2.6100000000000025,0.0414121337301543,-0.08332852326472326
1.6800000000000062,2.5800000000000027,0.041302483758196104,-0.08347186609184773
1.6800000000000062,2.550000000000003,0.041190391034281584,-0.08361843605038678
1.6800000000000062,2.520000000000003,0.041075773199746916,-0.08376834318802874
1.6800000000000062,2.4900000000000033,0.040958544160557324,-0.08392170260526885
1.6800000000000062,2.4600000000000035,0.040838613873799084,-0.08407863474809583
1.6800000000000062,2.4300000000000037,0.04071588811910977,-0.08423926572153344
1.6800000000000062,2.400000000000004,0.04059026825435357,-0.08440372762517392
1.6800000000000062,2.370000000000004,0.04046165095379574,-0.08457215891310556
1.6800000000000062,2.3400000000000043,0.04032992792771693,-0.08474470477979573
1.6800000000000062,2.3100000000000045,0.04019498562141127,-0.08492151757458047
1.6800000000000062,2.2800000000000047,0.04005670489245334,-0.08510275724689406
1.6800000000000062,2.250000000000005,0.03991496066363008,-0.08528859182519372
1.6800000000000062,2.220000000000005,0.03976962155008254,-0.0854791979323921
1.6800000000000062,2.1900000000000053,0.03962054945787101,-0.08567476134132733
1.6800000000000062,2.1600000000000055,0.03946759915165099,-0.085875477573546
1.6800000000000062,2.1300000000000057,0.03931061778876914,-0.08608155254578807
1.6800000000000062,2.100000000000006,0.03914944441612496,-0.08629320326844707
1.6800000000000062,2.070000000000006,0.03898390942727738,-0.08651065860087902
1.6800000000000062,2.0400000000000063,0.038813833975107966,-0.0867341600692208
1.6800000000000062,2.0100000000000064,0.03863902933631233,-0.08696396275261499
1.6800000000000062,1.9800000000000064,0.038459296223000906,-0.08720033624470887
1.6800000000000062,1.9500000000000064,0.03827442403612327,-0.0874435656979328
1.6800000000000062,1.9200000000000064,0.03808419005488165,-0.08769395295904851
1.6800000000000062,1.8900000000000063,0.037888358555977907,-0.08795181780512833
1.6800000000000062,1.8600000000000063,0.03768667985504512,-0.08821749929081552
1.6800000000000062,1.8300000000000063,0.03747888926263615,-0.08849135721836043
1.6800000000000062,1.8000000000000063,0.03726470594550407,-0.08877377374391067
1.6800000000000062,1.7700000000000062,0.03704383168324979,-0.08906515513469208
1.6800000000000062,1.7400000000000062,0.03681594950876954,-0.08936593369404428
1.6800000000000062,1.7100000000000062,0.03658072222007992,-0.08967656987312468
1.6800000000000062,1.6800000000000062,0.036337790748669205,-0.08999755459068173
1.6800000000000062,1.6500000000000061,0.036086772368729064,-0.0903294117851482
1.6800000000000062,1.620000000000006,0.03582725872831,-0.09067270122640245
1.6800000000000062,1.590000000000006,0.0355588136821553,-0.09102802161859139
1.6800000000000062,1.560000000000006,0.03528097090225499,-0.09139601402948581
1.6800000000000062,1.530000000000006,0.034993231239466335,-0.09177736568699779
1.6800000000000062,1.500000000000006,0.03469505980555915,-0.09217281418922273
1.6800000000000062,1.470000000000006,0.0343858827410236,-0.09258315218149583
1.6800000000000062,1.440000000000006,0.03406508362853507,-0.0930092325612944
1.6800000000000062,1.410000000000006,0.033731999506349586,-0.09345197428162445
1.6800000000000062,1.3800000000000059,0.03338591642936576,-0.09391236883445385
1.6800000000000062,1.3500000000000059,0.033026064517156416,-0.09439148750772405
1.6800000000000062,1.3200000000000058,0.0326516124194116,-0.09489048952572046
1.6800000000000062,1.2900000000000058,0.03226166111783417,-0.09541063119960452
1.6800000000000062,1.2600000000000058,0.03185523697128589,-0.0959532762364747
1.6800000000000062,1.2300000000000058,0.03143128389529219,-0.0965199073798838
1.6800000000000062,1.2000000000000057,0.03098865454918181,-0.09711213958611015
1.6800000000000062,1.1700000000000057,0.030526100382966357,-0.09773173497471674
1.6800000000000062,1.1400000000000057,0.030042260370396503,-0.09838061983663987
1.6800000000000062,1.1100000000000056,0.029535648224714994,-0.09906090403441677
1.6800000000000062,1.0800000000000056,0.029004637856887564,-0.09977490319247054
1.6800000000000062,1.0500000000000056,0.02844744679282885,-0.10052516415190607
1.6800000000000062,1.0200000000000056,0.02786211721330727,-0.10131449425808108
1.6800000000000062,0.9900000000000055,0.027246494217233283,-0.10214599516317259
1.6800000000000062,0.9600000000000055,0.02659820083098697,-0.10302310196733575
1.6800000000000062,0.9300000000000055,0.025914609193722845,-0.10394962869550195
1.6800000000000062,0.9000000000000055,0.025192807232749075,-0.10492982132335522
1.6800000000000062,0.8700000000000054,0.024429560003241764,-0.10596841983474864
1.6800000000000062,0.8400000000000054,0.02362126469204718,-0.10707073113134727
1.6800000000000062,0.8100000000000054,0.02276389807111042,-0.10824271504114255
1.6800000000000062,0.7800000000000054,0.021852954918110498,-0.10949108621290204
1.6800000000000062,0.7500000000000053,0.020883375586691105,-0.11082343537477024
1.6800000000000062,0.7200000000000053,0.019849460486722398,-0.11224837432377248
1.6800000000000062,0.6900000000000053,0.018744768697343022,-0.11377571016596746
1.6800000000000062,0.6600000000000052,0.017561997246225848,-0.11541665583694075
1.6800000000000062,0.6300000000000052,0.016292836691831736,-0.1171840859315757
1.6800000000000062,0.6000000000000052,0.014927797459114916,-0.11909284955333659
1.6800000000000062,0.5700000000000052,0.013455999781656666,-0.12116015554510329
1.6800000000000062,0.5400000000000051,0.011864917885940577,-0.12340605053546262
1.6800000000000062,0.5100000000000051,0.01014006588678956,-0.12585401743900937
1.6800000000000062,0.4800000000000051,0.00826460814578368,-0.12853173258389045
1.6800000000000062,0.45000000000000506,0.0062188695106390815,-0.13147203557156525
1.6800000000000062,0.42000000000000504,0.003979708881586901,-0.13471419104255083
1.6800000000000062,0.390000000000005,0.0015196990520954608,-0.13830556275063116
1.6800000000000062,0.360000000000005,-0.0011939809593191847,-0.1423038914120579
1.6800000000000062,0.33000000000000496,-0.004201103379914796,-0.14678049618456812
1.6800000000000062,0.30000000000000493,-0.007550693469980481,-0.15182496214652724
1.6800000000000062,0.2700000000000049,-0.011304632637977007,-0.1575523530185513
1.6800000000000062,0.2400000000000049,-0.01554365387659426,-0.16411496006395243
1.6800000000000062,0.2100000000000049,-0.02037793400697281,-0.17172264588496317
1.6800000000000062,0.1800000000000049,-0.02596689264144813,-0.18068033352394827
1.6800000000000062,0.1500000000000049,-0.03255836556061009,-0.19146170935566717
1.6800000000000062,0.12000000000000491,-0.040571991576727306,-0.20486608939259782
1.6800000000000062,0.09000000000000491,-0.050800003714281027,-0.22239678426276327
1.6800000000000062,0.06000000000000491,-0.01834902217351277,-0.24740374727166292
1.6800000000000062,0.03000000000000491,-0.007395474602988246,-0.290391031472382
1.6500000000000061,3,0.042798241543688664,-0.0852188877932249
1.6500000000000061,2.97,0.04271301327944235,-0.08533189960031451
1.6500000000000061,2.9400000000000004,0.04262612521779935,-0.08544713099839017
1.6500000000000061,2.9100000000000006,0.042537528479688586,-0.08556464794373177
1.6500000000000061,2.880000000000001,0.042447172251316515,-0.08568451902853243
1.6500000000000061,2.850000000000001,0.04235500368760901,-0.08580681561373088
1.6500000000000061,2.820000000000001,0.04226096780989469,-0.08593161196990892
1.6500000000000061,2.7900000000000014,0.04216500739734172,-0.08605898542689665
1.6500000000000061,2.7600000000000016,0.04206706287176279,-0.0861890165327247
1.6500000000000061,2.7300000000000018,0.041967072175135664,-0.0863217892224855
1.6500000000000061,2.700000000000002,0.04186497063955534,-0.0864573909980565
1.6500000000000061,2.670000000000002,0.04176069084889954,-0.08659591311922857
1.6500000000000061,2.6400000000000023,0.041654162491490135,-0.08673745080728024
1.6500000000000061,2.6100000000000025,0.04154531220346009,-0.08688210346203296
1.6500000000000061,2.5800000000000027,0.041434063401560015,-0.08702997489310817
1.6500000000000061,2.550000000000003,0.04132033610520544,-0.08718117356681605
1.6500000000000061,2.520000000000003,0.04120404674625856,-0.08733581286976028
1.6500000000000061,2.4900000000000033,0.04108510796626748,-0.08749401139050408
1.6500000000000061,2.4600000000000035,0.0409634283995631,-0.08765589322084198
1.6500000000000061,2.4300000000000037,0.040838912441549566,-0.08782158827801297
1.6500000000000061,2.400000000000004,0.04071146000051799,-0.0879912326500708
1.6500000000000061,2.370000000000004,0.04058096623221171,-0.08816496896584676
1.6500000000000061,2.3400000000000043,0.04044732125498128,-0.08834294679180346
1.6500000000000061,2.3100000000000045,0.040310409844634035,-0.08852532305820764
1.6500000000000061,2.2800000000000047,0.040170111106654235,-0.08871226251697445
1.6500000000000061,2.250000000000005,0.04002629812416769,-0.08890393823384156
1.6500000000000061,2.220000000000005,0.03987883757945911,-0.08910053211844657
1.6500000000000061,2.1900000000000053,0.0397275893466224,-0.08930223549509422
1.6500000000000061,2.1600000000000055,0.03957240605281617,-0.08950924971827398
1.6500000000000061,2.1300000000000057,0.039413132605400976,-0.08972178683699379
1.6500000000000061,2.100000000000006,0.039249605681424805,-0.08994007031247261
1.6500000000000061,2.070000000000006,0.03908165317657437,-0.09016433579428268
1.6500000000000061,2.0400000000000063,0.038909093609111045,-0.09039483196042239
1.6500000000000061,2.0100000000000064,0.03873173547500301,-0.09063182142774988
1.6500000000000061,1.9800000000000064,0.03854937654922689,-0.09087558173950365
1.6500000000000061,1.9500000000000064,0.03836180312799799,-0.09112640643788389
1.6500000000000061,1.9200000000000064,0.038168789206348905,-0.09138460622983863
1.6500000000000061,1.8900000000000063,0.03797009558398701,-0.09165051025633543
1.6500000000000061,1.8600000000000063,0.03776546889267008,-0.09192446747524058
1.6500000000000061,1.8300000000000063,0.0375546405364771,-0.09220684817032762
1.6500000000000061,1.8000000000000063,0.037337325536250805,-0.09249804559963246
1.6500000000000061,1.7700000000000062,0.037113221267555715,-0.09279847779858182
1.6500000000000061,1.7400000000000062,0.036882006080924505,-0.09310858955493082
1.6500000000000061,1.7100000000000062,0.03664333779143004,-0.0934288545748573
1.6500000000000061,1.6800000000000062,0.036396852022683994,-0.09375977786202074
1.6500000000000061,1.6500000000000061,0.03614216038918196,-0.0941018983344081
1.6500000000000061,1.620000000000006,0.03587884849823471,-0.09445579170685178
1.6500000000000061,1.590000000000006,0.03560647375014639,-0.09482207367129611
1.6500000000000061,1.560000000000006,0.03532456291303068,-0.09520140341081632
1.6500000000000061,1.530000000000006,0.035032609444947155,-0.09559448748917171
1.6500000000000061,1.500000000000006,0.03473007053221481,-0.09600208416280946
1.6500000000000061,1.470000000000006,0.03441636380859467,-0.09642500816995446
1.6500000000000061,1.440000000000006,0.034090863714961187,-0.09686413605876332
1.6500000000000061,1.410000000000006,0.03375289745279752,-0.09732041212648913
1.6500000000000061,1.3800000000000059,0.03340174047840219,-0.09779485505237889
1.6500000000000061,1.3500000000000059,0.033036611476508694,-0.09828856531969227
1.6500000000000061,1.3200000000000058,0.032656666742120394,-0.09880273353833373
1.6500000000000061,1.2900000000000058,0.03226099388920084,-0.09933864979687804
1.6500000000000061,1.2600000000000058,0.0318486047906639,-0.0998977141941381
1.6500000000000061,1.2300000000000058,0.03141842763965139,-0.10048144872678197
1.6500000000000061,1.2000000000000057,0.03096929800353392,-0.10109151073858488
1.6500000000000061,1.1700000000000057,0.030499948719914745,-0.1017297081740741
1.6500000000000061,1.1400000000000057,0.030008998458965416,-0.10239801692251302
1.6500000000000061,1.1100000000000056,0.029494938745085374,-0.10309860059072642
1.6500000000000061,1.0800000000000056,0.028956119194089077,-0.10383383310637963
1.6500000000000061,1.0500000000000056,0.028390730678035405,-0.104606324630895
1.6500000000000061,1.0200000000000056,0.02779678607624233,-0.10541895135403433
1.6500000000000061,0.9900000000000055,0.027172098206540027,-0.10627488985730901
1.6500000000000061,0.9600000000000055,0.026514254452804333,-0.10717765687395636
1.6500000000000061,0.9300000000000055,0.025820587508534523,-0.10813115544664784
1.6500000000000061,0.9000000000000055,0.02508814154114348,-0.10913972869895971
1.6500000000000061,0.8700000000000054,0.02431363293712179,-0.11020822270467369
1.6500000000000061,0.8400000000000054,0.023493404612521793,-0.11134206027413752
1.6500000000000061,0.8100000000000054,0.022623372654951637,-0.11254732789757277
1.6500000000000061,0.7800000000000054,0.021698963790812046,-0.11383087862115465
1.6500000000000061,0.7500000000000053,0.020715041831389294,-0.11520045431005396
1.6500000000000061,0.7200000000000053,0.01966582082186609,-0.11666483162752647
1.6500000000000061,0.6900000000000053,0.018544762071356753,-0.11823399718988407
1.6500000000000061,0.6600000000000052,0.01734445154113068,-0.11991935883391255
1.6500000000000061,0.6300000000000052,0.016056453156166994,-0.12173400188679562
1.6500000000000061,0.6000000000000052,0.01467113240041127,-0.12369300194253613
1.6500000000000061,0.5700000000000052,0.013177442929468684,-0.12581380920726692
1.6500000000000061,0.5400000000000051,0.011562666682753495,-0.12811672441603444
1.6500000000000061,0.5100000000000051,0.009812094754902696,-0.1306254933509562
1.6500000000000061,0.4800000000000051,0.00790863149138322,-0.13336805729206352
1.6500000000000061,0.45000000000000506,0.005832296816718662,-0.13637751237265006
1.6500000000000061,0.42000000000000504,0.0035595896335059553,-0.13969335555702034
1.6500000000000061,0.390000000000005,0.0010626542953695978,-0.14336313590814123
1.6500000000000061,0.360000000000005,-0.0016918451727817793,-0.14744470084317352
1.6500000000000061,0.33000000000000496,-0.004744308056355954,-0.15200935611745914
1.6500000000000061,0.30000000000000493,-0.008144536439882569,-0.15714650305627223
1.6500000000000061,0.2700000000000049,-0.01195539724984488,-0.16297079910537066
1.6500000000000061,0.2400000000000049,-0.016258915529706472,-0.16963387208130543
1.6500000000000061,0.2100000000000049,-0.021167039259775536,-0.1773446930662211
1.6500000000000061,0.1800000000000049,-0.026841760968165686,-0.18640726307191052
1.6500000000000061,0.1500000000000049,-0.033534931350311076,-0.19729493026013034
1.6500000000000061,0.12000000000000491,-0.04167301691344061,-0.21080895772479963
1.6500000000000061,0.09000000000000491,-0.0520612180847153,-0.22846183978391127
1.6500000000000061,0.06000000000000491,-0.018208106246218873,-0.2536368947941716
1.6500000000000061,0.03000000000000491,-0.0073782120720474595,-0.2969790899253808
1.620000000000006,3,0.04294925505375887,-0.08865740665645502
1.620000000000006,2.97,0.04286276367369431,-0.08877384393430912
1.620000000000006,2.9400000000000004,0.042774587821812975,-0.08889256708296639
1.620000000000006,2.9100000000000006,0.04268467789018636,-0.08901364399414628
1.620000000000006,2.880000000000001,0.042592982307085046,-0.08913714527132055
1.620000000000006,2.850000000000001,0.04249944743919526,-0.08926314436614197
1.620000000000006,2.820000000000001,0.042404017487636864,-0.0893917177234165
1.620000000000006,2.7900000000000014,0.0423066343778116,-0.0895229449349014
1.620000000000006,2.7600000000000016,0.042207237642496065,-0.08965690890260021
1.620000000000006,2.7300000000000018,0.04210576429746865,-0.08979369601245052
1.620000000000006,2.700000000000002,0.042002148709530784,-0.08993339631896616
1.620000000000006,2.670000000000002,0.041896322456128204,-0.09007610374172385
1.620000000000006,2.6400000000000023,0.04178821417576056,-0.09022191627461558
1.620000000000006,2.6100000000000025,0.041677749408992056,-0.09037093620882942
1.620000000000006,2.5800000000000027,0.04156485042878236,-0.09052327037060719
1.620000000000006,2.550000000000003,0.04144943605977465,-0.09067903037483648
1.620000000000006,2.520000000000003,0.04133142148530672,-0.09083833289603803
1.620000000000006,2.4900000000000033,0.04121071804156326,-0.0910012999576524
1.620000000000006,2.4600000000000035,0.04108723299740143,-0.09116805924161676
1.620000000000006,2.4300000000000037,0.04096086931910262,-0.09133874441948445
1.620000000000006,2.400000000000004,0.040831525418554664,-0.09151349550705008
1.620000000000006,2.370000000000004,0.04069909488375539,-0.09169245924446327
1.620000000000006,2.3400000000000043,0.04056346618964972,-0.09187578950395607
1.620000000000006,2.3100000000000045,0.040424522388444475,-0.09206364772737753
1.620000000000006,2.2800000000000047,0.04028214077680521,-0.09225620339651132
1.620000000000006,2.250000000000005,0.04013619253860391,-0.09245363453853626
1.620000000000006,2.220000000000005,0.039986542360638616,-0.09265612827022
1.620000000000006,2.1900000000000053,0.03983304801917163,-0.09286388138406776
1.620000000000006,2.1600000000000055,0.03967555993456741,-0.09307710098020608
1.620000000000006,2.1300000000000057,0.03951392069127724,-0.09329600514844005
1.620000000000006,2.100000000000006,0.03934796451961432,-0.09352082370493404
1.620000000000006,2.070000000000006,0.03917751673637675,-0.09375179898882895
1.620000000000006,2.0400000000000063,0.03900239313973316,-0.09398918672447437
1.620000000000006,2.0100000000000064,0.03882239935461331,-0.09423325695572177
1.620000000000006,1.9800000000000064,0.03863733012353376,-0.09448429505917849
1.620000000000006,1.9500000000000064,0.03844696853718069,-0.09474260284466647
1.620000000000006,1.9200000000000064,0.03825108519968412,-0.09500849975124175
1.620000000000006,1.8900000000000063,0.0380494373208453,-0.09528232414916174
1.620000000000006,1.8600000000000063,0.03784176772872088,-0.09556443475815915
1.620000000000006,1.8300000000000063,0.03762780379402199,-0.09585521219497631
1.620000000000006,1.8000000000000063,0.03740725625671819,-0.09615506066351526
1.620000000000006,1.7700000000000062,0.03717981794510939,-0.09646440980356565
1.620000000000006,1.7400000000000062,0.03694516237497851,-0.09678371671513977
1.620000000000006,1.7100000000000062,0.03670294221620345,-0.09711346817864702
1.620000000000006,1.6800000000000062,0.03645278761162048,-0.09745418309291856
1.620000000000006,1.6500000000000061,0.03619430433169808,-0.09780641515629811
1.620000000000006,1.620000000000006,0.03592707174600243,-0.09817075581978402
1.620000000000006,1.590000000000006,0.03565064058993268,-0.09854783754414602
1.620000000000006,1.560000000000006,0.03536453050257145,-0.09893833739863186
1.620000000000006,1.530000000000006,0.03506822730784895,-0.09934298104315366
1.620000000000006,1.500000000000006,0.034761180007804204,-0.09976254714221064
1.620000000000006,1.470000000000006,0.03444279745159426,-0.1001978722660769
1.620000000000006,1.440000000000006,0.03411244463943833,-0.1006498563423435
1.620000000000006,1.410000000000006,0.033769438614306854,-0.10111946873124567
1.620000000000006,1.3800000000000059,0.03341304388716791,-0.10160775500867723
1.620000000000006,1.3500000000000059,0.033042467333419964,-0.10211584455439857
1.620000000000006,1.3200000000000058,0.03265685248872997,-0.10264495905832159
1.620000000000006,1.2900000000000058,0.032255273161005626,-0.1031964220760444
1.620000000000006,1.2600000000000058,0.03183672626197449,-0.10377166978624894
1.620000000000006,1.2300000000000058,0.03140012374633916,-0.10437226312879619
1.620000000000006,1.2000000000000057,0.030944283527948015,-0.1049999015325323
1.620000000000006,1.1700000000000057,0.030467919220087847,-0.10565643847873088
1.620000000000006,1.1400000000000057,0.02996962852127073,-0.10634389918997282
1.620000000000006,1.1100000000000056,0.029447880036301805,-0.10706450078729238
1.620000000000006,1.0800000000000056,0.02890099828498558,-0.1078206753217796
1.620000000000006,1.0500000000000056,0.028327146606118597,-0.10861509616536215
1.620000000000006,1.0200000000000056,0.027724307609766068,-0.10945070833806969
1.620000000000006,0.9900000000000055,0.027090260765485628,-0.11033076346591841
1.620000000000006,0.9600000000000055,0.02642255663464991,-0.11125886020307343
1.620000000000006,0.9300000000000055,0.025718487157929085,-0.11223899112685529
1.620000000000006,0.9000000000000055,0.02497505129076321,-0.1132755973286407
1.620000000000006,0.8700000000000054,0.024188915133650197,-0.11437363219150812
1.620000000000006,0.8400000000000054,0.02335636552588677,-0.11553863617922214
1.620000000000006,0.8100000000000054,0.022473255848062132,-0.11677682488133627
1.620000000000006,0.7800000000000054,0.0215349425033927,-0.11809519308982729
1.620000000000006,0.7500000000000053,0.020536210200676593,-0.11950163835766262
1.620000000000006,0.7200000000000053,0.019471183726198014,-0.12100510835497824
1.620000000000006,0.6900000000000053,0.018333223335798253,-0.12261577745637349
1.620000000000006,0.6600000000000052,0.017114800186045217,-0.12434525945130107
1.620000000000006,0.6300000000000052,0.015807347295937923,-0.12620686519274765
1.620000000000006,0.6000000000000052,0.014401080304950147,-0.12821591657422435
1.620000000000006,0.5700000000000052,0.012884780639159554,-0.13039013172364255
1.620000000000006,0.5400000000000051,0.011245531406441812,-0.13275010116270042
1.620000000000006,0.5100000000000051,0.009468393064724587,-0.13531988159985398
1.620000000000006,0.4800000000000051,0.007536001030115148,-0.13812774418662987
1.620000000000006,0.45000000000000506,0.005428059808137017,-0.1412071295466191
1.620000000000006,0.42000000000000504,0.0031206958571085913,-0.14459788647402144
1.620000000000006,0.390000000000005,0.0005856102060384167,-0.14834791207292464
1.620000000000006,0.360000000000005,-0.0022110660991927706,-0.15251538232659942
1.620000000000006,0.33000000000000496,-0.005310381422176347,-0.15717189197289627
1.620000000000006,0.30000000000000493,-0.008762942107194846,-0.1624070696415017
1.620000000000006,0.2700000000000049,-0.012632635603510292,-0.16833572210581133
1.620000000000006,0.2400000000000049,-0.01700282514588014,-0.17510955734696
1.620000000000006,0.2100000000000049,-0.02198729342675291,-0.18293763501832133
1.620000000000006,0.1800000000000049,-0.027750698586105998,-0.19212429639016018
1.620000000000006,0.1500000000000049,-0.034549051405507805,-0.20314411910391184
1.620000000000006,0.12000000000000491,-0.04281589393841007,-0.21680213660182046
1.620000000000006,0.09000000000000491,-0.04650261115443663,-0.23462186436829713
1.620000000000006,0.06000000000000491,-0.018070972965250325,-0.2600212505464236
1.620000000000006,0.03000000000000491,-0.007361077364028669,-0.3037868620540215
1.590000000000006,3,0.04310000918960216,-0.09203608237567032
1.590000000000006,2.97,0.043012213425614315,-0.0921559203672399
1.590000000000006,2.9400000000000004,0.04292270770695599,-0.09227811004407928
1.590000000000006,2.9100000000000006,0.042831441672701975,-0.09240272122070092
1.590000000000006,2.880000000000001,0.04273836296842737,-0.0925298264986776
1.590000000000006,2.850000000000001,0.04264341714657977,-0.09265950140689558
1.590000000000006,2.820000000000001,0.04254654756112375,-0.09279182455037885
1.590000000000006,2.7900000000000014,0.04244769525561151,-0.0929268777682394
1.590000000000006,2.7600000000000016,0.04234679884451022,-0.09306474630150724
1.590000000000006,2.7300000000000018,0.042243794386962366,-0.09320551897142451
1.590000000000006,2.700000000000002,0.0421386152527382,-0.09334928836903567
1.590000000000006,2.670000000000002,0.04203119197969389,-0.09349615105710299
1.590000000000006,2.6400000000000023,0.04192145212198692,-0.09364620778486571
1.590000000000006,2.6100000000000025,0.04180932008851512,-0.09379956371706988
1.590000000000006,2.5800000000000027,0.04169471697082093,-0.09395632867807571
1.590000000000006,2.550000000000003,0.04157756035942185,-0.09411661741229146
1.590000000000006,2.520000000000003,0.04145776414806779,-0.09428054986226225
1.590000000000006,2.4900000000000033,0.041335238324484755,-0.09444825146589103
1.590000000000006,2.4600000000000035,0.041209888747114495,-0.09461985347401373
1.590000000000006,2.4300000000000037,0.04108161690606116,-0.0947954932904809
1.590000000000006,2.400000000000004,0.04095031966747996,-0.09497531483610902
1.590000000000006,2.370000000000004,0.04081588899991911,-0.09515946893888516
1.590000000000006,2.3400000000000043,0.04067821168078299,-0.09534811375236231
1.590000000000006,2.3100000000000045,0.04053716898177306,-0.09554141520482977
1.590000000000006,2.2800000000000047,0.0403926363311783,-0.09573954748185382
1.590000000000006,2.250000000000005,0.0402444829508751,-0.09594269354509086
1.590000000000006,2.220000000000005,0.040092571466344096,-0.09615104569063962
1.590000000000006,2.1900000000000053,0.03993675748683288,-0.09636480615039786
1.590000000000006,2.1600000000000055,0.039776889153040534,-0.09658418774046633
1.590000000000006,2.1300000000000057,0.039612806649782235,-0.09680941456081271
1.590000000000006,2.100000000000006,0.03944434167988188,-0.09704072275094636
1.590000000000006,2.070000000000006,0.03927131689595863,-0.097278361307087
1.590000000000006,2.0400000000000063,0.0390935452863119,-0.09752259296652684
1.590000000000006,2.0100000000000064,0.03891082950995182,-0.09777369516567205
1.590000000000006,1.9800000000000064,0.038722961176549095,-0.09803196107932075
1.590000000000006,1.9500000000000064,0.0385297200654033,-0.09829770074885952
1.590000000000006,1.9200000000000064,0.03833087327747296,-0.09857124230867431
1.590000000000006,1.8900000000000063,0.03812617431386264,-0.09885293332070395
1.590000000000006,1.8600000000000063,0.03791536207312159,-0.0991431422284603
1.590000000000006,1.8300000000000063,0.03769815975888762,-0.09944225994305073
1.590000000000006,1.8000000000000063,0.037474273688608194,-0.09975070157543975
1.590000000000006,1.7700000000000062,0.037243391992611244,-0.10006890833073592
1.590000000000006,1.7400000000000062,0.03700518319164953,-0.10039734958244823
1.590000000000006,1.7100000000000062,0.03675929463982735,-0.10073652514690311
1.590000000000006,1.6800000000000062,0.03650535081738707,-0.1010869677806095
1.590000000000006,1.6500000000000061,0.036242951456876116,-0.10144924592627748
1.590000000000006,1.620000000000006,0.03597166948303093,-0.10182396673670582
1.590000000000006,1.590000000000006,0.03569104874496769,-0.10221177940992675
1.590000000000006,1.560000000000006,0.035400601515859456,-0.10261337887314825
1.590000000000006,1.530000000000006,0.03509980573179873,-0.10302950985864441
1.590000000000006,1.500000000000006,0.03478810193832224,-0.10346097142092385
1.590000000000006,1.470000000000006,0.03446488990763216,-0.10390862195132286
1.590000000000006,1.440000000000006,0.03412952488504516,-0.10437338475489064
1.590000000000006,1.410000000000006,0.03378131341665207,-0.10485625426393085
1.590000000000006,1.3800000000000059,0.033419508703218026,-0.10535830297389287
1.590000000000006,1.3500000000000059,0.03304330541702345,-0.10588068920090461
1.590000000000006,1.3200000000000058,0.032651833908594385,-0.10642466577560031
1.590000000000006,1.2900000000000058,0.032244153718786604,-0.10699158980685988
1.590000000000006,1.2600000000000058,0.03181924629820486,-0.10758293367082317
1.590000000000006,1.2300000000000058,0.031376006820109215,-0.10820029740660603
1.590000000000006,1.2000000000000057,0.03091323495405124,-0.10884542273111168
1.590000000000006,1.1700000000000057,0.03042962444516145,-0.10952020892296573
1.590000000000006,1.1400000000000057,0.029923751317383732,-0.11022673086921787
1.590000000000006,1.1100000000000056,0.029394060486921555,-0.11096725962286116
1.590000000000006,1.0800000000000056,0.028838850534934336,-0.11174428588265779
1.590000000000006,1.0500000000000056,0.028256256341453664,-0.11256054688628253
1.590000000000006,1.0200000000000056,0.0276442292287737,-0.11341905730120147
1.590000000000006,0.9900000000000055,0.027000514194806913,-0.11432314481504843
1.590000000000006,0.9600000000000055,0.026322623736681962,-0.11527649126831327
1.590000000000006,0.9300000000000055,0.025607807666186692,-0.11628318034709369
1.590000000000006,0.9000000000000055,0.024853018198013187,-0.11734775307031241
1.590000000000006,0.8700000000000054,0.02405486944415565,-0.11847527257294613
1.590000000000006,0.8400000000000054,0.02320959026556911,-0.11967140002227408
1.590000000000006,0.8100000000000054,0.022312969206041238,-0.12094248392420534
1.590000000000006,0.7800000000000054,0.02136028995296873,-0.12229566560655304
1.590000000000006,0.7500000000000053,0.02034625541643781,-0.12373900433988488
1.590000000000006,0.7200000000000053,0.019264898075342596,-0.12528162641845347
1.590000000000006,0.6900000000000053,0.018109473673379613,-0.12693390363598325
1.590000000000006,0.6600000000000052,0.016872334623863942,-0.12870766803893963
1.590000000000006,0.6300000000000052,0.015544778537521262,-0.13061647175038676
1.590000000000006,0.6000000000000052,0.014116866041666109,-0.13267590320757727
1.590000000000006,0.5700000000000052,0.012577200375425212,-0.13490397462507256
1.590000000000006,0.5400000000000051,0.010912658915472793,-0.13732160031019885
1.590000000000006,0.5100000000000051,0.009108063451251754,-0.13995319231854988
1.590000000000006,0.4800000000000051,0.007145771068017872,-0.14282741003122423
1.590000000000006,0.45000000000000506,0.005005159779579568,-0.14597811564592433
1.590000000000006,0.42000000000000504,0.0026619704650779714,-0.14944561212905164
1.590000000000006,0.390000000000005,0.00008744511664327388,-0.15327828113612085
1.590000000000006,0.360000000000005,-0.002752837189601301,-0.15753481001310932
1.590000000000006,0.33000000000000496,-0.0059005971539579285,-0.16228732795340112
1.590000000000006,0.30000000000000493,-0.009407274368423639,-0.16762602101271087
1.590000000000006,0.2700000000000049,-0.013337813802588703,-0.17366628917463695
1.590000000000006,0.2400000000000049,-0.017776965663814336,-0.1805605162936201
1.590000000000006,0.2100000000000049,-0.02284041456418752,-0.1885186473114041
1.590000000000006,0.1800000000000049,-0.02869558230145641,-0.19784642437497196
1.590000000000006,0.1500000000000049,-0.03560279331795315,-0.2090210575909072
1.590000000000006,0.12000000000000491,-0.044002927453611965,-0.22285318415802663
1.590000000000006,0.09000000000000491,-0.04308087344282822,-0.24087967147907346
1.590000000000006,0.06000000000000491,-0.01793743333583448,-0.2665559629030667
1.590000000000006,0.03000000000000491,-0.007344068764765466,-0.31081476253107404
1.560000000000006,3,0.04325039956277101,-0.09535802795188003
1.560000000000006,2.97,0.043161256012248184,-0.0954812631933599
1.560000000000006,2.9400000000000004,0.043070376173665506,-0.09560691592228275
1.560000000000006,2.9100000000000006,0.042977708908046204,-0.09573505787761641
1.560000000000006,2.880000000000001,0.04288320105190953,-0.09586576366100116
1.560000000000006,2.850000000000001,0.042786797316295366,-0.09599911088067815
1.560000000000006,2.820000000000001,0.04268844017957569,-0.0961351803041563
1.560000000000006,2.7900000000000014,0.04258806977399858,-0.0962740560205475
1.560000000000006,2.7600000000000016,0.04248562376489599,-0.09641582561262575
1.560000000000006,2.7300000000000018,0.04238103722273422,-0.09656058033997689
1.560000000000006,2.700000000000002,0.04227424248682934,-0.09670841533361345
1.560000000000006,2.670000000000002,0.04216516902060838,-0.09685942980309452
1.560000000000006,2.6400000000000023,0.042053743257521106,-0.0970137272570268
1.560000000000006,2.6100000000000025,0.04193988843693959,-0.09717141573809003
1.560000000000006,2.5800000000000027,0.04182352442924271,-0.09733260807359631
1.560000000000006,2.550000000000003,0.041704567549526936,-0.09749742214269952
1.560000000000006,2.520000000000003,0.041582930358616044,-0.09766598116175226
1.560000000000006,2.4900000000000033,0.04145852145064223,-0.09783841398934294
1.560000000000006,2.4600000000000035,0.04133124522624744,-0.09801485545212751
1.560000000000006,2.4300000000000037,0.04120100164979846,-0.09819544669376595
1.560000000000006,2.400000000000004,0.04106768598986149,-0.09838033554830955
1.560000000000006,2.370000000000004,0.04093118854112656,-0.0985696769405604
1.560000000000006,2.3400000000000043,0.040791394326452124,-0.09876363331528137
1.560000000000006,2.3100000000000045,0.0406481827773168,-0.09896237509793492
1.560000000000006,2.2800000000000047,0.04050142739070485,-0.09916608118976798
1.560000000000006,2.250000000000005,0.04035099536068018,-0.09937493949976657
1.560000000000006,2.220000000000005,0.04019674718215947,-0.09958914751758473
1.560000000000006,2.1900000000000053,0.0400385362243945,-0.09980891293006185
1.560000000000006,2.1600000000000055,0.03987620827185494,-0.10003445428637145
1.560000000000006,2.1300000000000057,0.039709601029022115,-0.1002660017153603
1.560000000000006,2.100000000000006,0.039538543586104244,-0.10050379770048107
1.560000000000006,2.070000000000006,0.03936285584203976,-0.10074809791771855
1.560000000000006,2.0400000000000063,0.03918234788052895,-0.1009991721421308
1.560000000000006,2.0100000000000064,0.03899681929484146,-0.10125730523023188
1.560000000000006,1.9800000000000064,0.038806058456392914,-0.10152279818513683
1.560000000000006,1.9500000000000064,0.03860984172140281,-0.10179596931317343
1.560000000000006,1.9200000000000064,0.03840793256966275,-0.10207715548080853
1.560000000000006,1.8900000000000063,0.038200080668612024,-0.10236671348234438
1.560000000000006,1.8600000000000063,0.03798602085469378,-0.10266502153001442
1.560000000000006,1.8300000000000063,0.037765472024027684,-0.10297248087907916
1.560000000000006,1.8000000000000063,0.03753813592224062,-0.10328951760269327
1.560000000000006,1.7700000000000062,0.03730369582308106,-0.10361658453250941
1.560000000000006,1.7400000000000062,0.03706181508369784,-0.10395416338351623
1.560000000000006,1.7100000000000062,0.03681213556279545,-0.10430276708360324
1.560000000000006,1.6800000000000062,0.03655427588670991,-0.10466294233116252
1.560000000000006,1.6500000000000061,0.036287829545871675,-0.10503527240714391
1.560000000000006,1.620000000000006,0.0360123628022812,-0.10542038027110819
1.560000000000006,1.590000000000006,0.03572741238582103,-0.10581893197567938
1.560000000000006,1.560000000000006,0.03543248295434585,-0.1062316404374221
1.560000000000006,1.530000000000006,0.03512704428892263,-0.10665926960850591
1.560000000000006,1.500000000000006,0.0348105281921111,-0.10710263909913173
1.560000000000006,1.470000000000006,0.03448232505142259,-0.10756262930831866
1.560000000000006,1.440000000000006,0.03414178002640121,-0.10804018712910854
1.560000000000006,1.410000000000006,0.03378818880997326,-0.10853633230374665
1.560000000000006,1.3800000000000059,0.033420792908655975,-0.10905216451668144
1.560000000000006,1.3500000000000059,0.033038774376934005,-0.10958887132603719
1.560000000000006,1.3200000000000058,0.0326412499318767,-0.11014773705081611
1.560000000000006,1.2900000000000058,0.032227264361867514,-0.11073015274949828
1.560000000000006,1.2600000000000058,0.03179578312998341,-0.11133762744848572
1.560000000000006,1.2300000000000058,0.03134568405619086,-0.1119718008046145
1.560000000000006,1.2000000000000057,0.03087574794368906,-0.11263445741849416
1.560000000000006,1.1700000000000057,0.03038464799137263,-0.11332754305177144
1.560000000000006,1.1400000000000057,0.029870937808206897,-0.11405318304787236
1.560000000000006,1.1100000000000056,0.029333037812011162,-0.1148137033088234
1.560000000000006,1.0800000000000056,0.02876921975759373,-0.11561165424659475
1.560000000000006,1.0500000000000056,0.028177589091441902,-0.1164498382064511
1.560000000000006,1.0200000000000056,0.02755606477514915,-0.11733134095567523
1.560000000000006,0.9900000000000055,0.026902356151484792,-0.11825956794815677
1.560000000000006,0.9600000000000055,0.026213936345047976,-0.11923828621870143
1.560000000000006,0.9300000000000055,0.025488011588808698,-0.12027167293712655
1.560000000000006,0.9000000000000055,0.024721485745935495,-0.1213643718699342
1.560000000000006,0.8700000000000054,0.023910919145645745,-0.12252155926703581
1.560000000000006,0.8400000000000054,0.023052480666485645,-0.12374902102784226
1.560000000000006,0.8100000000000054,0.022141891770617046,-0.12505324342306806
1.560000000000006,0.7800000000000054,0.021174360907486117,-0.12644152018014582
1.560000000000006,0.7500000000000053,0.02014450634594734,-0.1279220794154614
1.560000000000006,0.7200000000000053,0.019046265043104596,-0.12950423475924033
1.560000000000006,0.6900000000000053,0.017872784583244955,-0.13119856613073066
1.560000000000006,0.6600000000000052,0.01661629448250949,-0.13301713706829515
1.560000000000006,0.6300000000000052,0.015267952194198884,-0.13497375742398093
1.560000000000006,0.6000000000000052,0.013817657881476722,-0.1370843027754564
1.560000000000006,0.5700000000000052,0.012253830310405736,-0.13936710536506883
1.560000000000006,0.5400000000000051,0.010563133844273712,-0.141843436173621
1.560000000000006,0.5100000000000051,0.008730143125576408,-0.1445381045794733
1.560000000000006,0.4800000000000051,0.006736926982019109,-0.1474802121303721
1.560000000000006,0.45000000000000506,0.004562525240922093,-0.15070411237201006
1.560000000000006,0.42000000000000504,0.002182279326168269,-0.1542506532980917
1.560000000000006,0.390000000000005,-0.0004330444110771745,-0.15816882016842243
1.560000000000006,0.360000000000005,-0.003318438939385068,-0.16251796861376455
1.560000000000006,0.33000000000000496,-0.006516321890418798,-0.16737097023076064
1.560000000000006,0.30000000000000493,-0.010078996767655604,-0.17281884539150627
1.560000000000006,0.2700000000000049,-0.014072505209988935,-0.17897795760849017
1.560000000000006,0.2400000000000049,-0.018583036031717716,-0.1860018641546095
1.560000000000006,0.2100000000000049,-0.02372824692087144,-0.1941020677008221
1.560000000000006,0.1800000000000049,-0.02967842716102983,-0.20358662828911606
1.560000000000006,0.1500000000000049,-0.036698377512560415,-0.21493665630837794
1.560000000000006,0.12000000000000491,-0.045236593396803734,-0.22897017811876105
1.560000000000006,0.09000000000000491,-0.04092212181878366,-0.24723998572971645
1.560000000000006,0.06000000000000491,-0.01780731230672197,-0.2732429173905051
1.560000000000006,0.03000000000000491,-0.007327184593656747,-0.3180654568637079
1.530000000000006,3,0.04340031250721811,-0.09862491191650896
1.530000000000006,2.97,0.04330977548112866,-0.09875155896163226
1.530000000000006,2.9400000000000004,0.04321747493821539,-0.0988806896658451
1.530000000000006,2.9100000000000006,0.043123358934841746,-0.09901237770658988
1.530000000000006,2.880000000000001,0.043027373470973546,-0.09914669970003467
1.530000000000006,2.850000000000001,0.04292946238745565,-0.09928373534897318
1.530000000000006,2.820000000000001,0.04282956725723619,-0.09942356759952709
1.530000000000006,2.7900000000000014,0.04272762727006274,-0.09956628280752727
1.530000000000006,2.7600000000000016,0.042623579109862114,-0.09971197091531697
1.530000000000006,2.7300000000000018,0.042517356824549886,-0.09986072563946892
1.530000000000006,2.700000000000002,0.04240889168784699,-0.10001264467051023
1.530000000000006,2.670000000000002,0.04229811205211098,-0.10016782988551089
1.530000000000006,2.6400000000000023,0.04218494319175373,-0.10032638757429918
1.530000000000006,2.6100000000000025,0.04206930713662638,-0.10048842868049303
1.530000000000006,2.5800000000000027,0.04195112249431994,-0.10065406905857828
1.530000000000006,2.550000000000003,0.041830304260868145,-0.10082342974810536
1.530000000000006,2.520000000000003,0.0417067636185981,-0.1009966372664501
1.530000000000006,2.4900000000000033,0.041580407720436835,-0.10117382392150048
1.530000000000006,2.4600000000000035,0.04145113945932422,-0.10135512814610727
1.530000000000006,2.4300000000000037,0.041318857221784105,-0.10154069485590886
1.530000000000006,2.400000000000004,0.04118345462412233,-0.10173067583231538
1.530000000000006,2.370000000000004,0.041044820229902315,-0.10192523013312027
1.530000000000006,2.3400000000000043,0.04090283724741997,-0.10212452453271545
1.530000000000006,2.3100000000000045,0.04075738320485786,-0.10232873399459069
1.530000000000006,2.2800000000000047,0.0406083296019117,-0.10253804217902335
1.530000000000006,2.250000000000005,0.04045554153534753,-0.10275264198868785
1.530000000000006,2.220000000000005,0.040298877296473634,-0.10297273615591246
1.530000000000006,2.1900000000000053,0.04013818793794042,-0.10319853787510201
1.530000000000006,2.1600000000000055,0.03997331680718198,-0.10343027148449538
1.530000000000006,2.1300000000000057,0.03980409904329582,-0.10366817320172168
1.530000000000006,2.100000000000006,0.03963036103442867,-0.10391249191827034
1.530000000000006,2.070000000000006,0.03945191983128561,-0.10416349005838907
1.530000000000006,2.0400000000000063,0.0392685825134058,-0.10442144450844557
1.530000000000006,2.0100000000000064,0.03908014550316699,-0.10468664762383223
1.530000000000006,1.9800000000000064,0.03888639382252046,-0.10495940832067979
1.530000000000006,1.9500000000000064,0.038687100287124,-0.10524005326125649
1.530000000000006,1.9200000000000064,0.038482024631295596,-0.10552892814201509
1.530000000000006,1.8900000000000063,0.03827091255702849,-0.10582639909526378
1.530000000000006,1.8600000000000063,0.038053494699178264,-0.10613285421584247
1.530000000000006,1.8300000000000063,0.037829485498199984,-0.10644870522625188
1.530000000000006,1.8000000000000063,0.0375985819706908,-0.10677438929494304
1.530000000000006,1.7700000000000062,0.03736046236685733,-0.10711037102433263
1.530000000000006,1.7400000000000062,0.0371147847024387,-0.10745714462736346
1.530000000000006,1.7100000000000062,0.03686118515165515,-0.10781523631340742
1.530000000000006,1.6800000000000062,0.036599276285281424,-0.10818520690773131
1.530000000000006,1.6500000000000061,0.03632864513663836,-0.10856765473089006
1.530000000000006,1.620000000000006,0.03604885107529675,-0.10896321876916683
1.530000000000006,1.590000000000006,0.03575942346635781,-0.10937258217012243
1.530000000000006,1.560000000000006,0.03545985908966827,-0.10979647610292477
1.530000000000006,1.530000000000006,0.03514961928986898,-0.11023568402839033
1.530000000000006,1.500000000000006,0.03482812682450847,-0.11069104642972283
1.530000000000006,1.470000000000006,0.03449476237220144,-0.11116346606308916
1.530000000000006,1.440000000000006,0.034148860657996355,-0.11165391379495865
1.530000000000006,1.410000000000006,0.0337897061463057,-0.11216343510371704
1.530000000000006,1.3800000000000059,0.03341652824454269,-0.11269315733489686
1.530000000000006,1.3500000000000059,0.03302849595245027,-0.11324429781286197
1.530000000000006,1.3200000000000058,0.03262471188117175,-0.11381817292831709
1.530000000000006,1.2900000000000058,0.03220420555492773,-0.11441620834009014
1.530000000000006,1.2600000000000058,0.03176592589441909,-0.11503995045248576
1.530000000000006,1.2300000000000058,0.03130873276364331,-0.1156910793559988
1.530000000000006,1.2000000000000057,0.03083138744360258,-0.11637142345197488
1.530000000000006,1.1700000000000057,0.03033254187222808,-0.11708297601908513
1.530000000000006,1.1400000000000057,0.029810726462951194,-0.11782791402615214
1.530000000000006,1.1100000000000056,0.029264336281490808,-0.11860861954993106
1.530000000000006,1.0800000000000056,0.028691615320361186,-0.11942770422380658
1.530000000000006,1.0500000000000056,0.028090638564570385,-0.12028803722234865
1.530000000000006,1.0200000000000056,0.0274592914836759,-0.12119277738463302
1.530000000000006,0.9900000000000055,0.02679524651737661,-0.12214541019786303
1.530000000000006,0.9600000000000055,0.026095936037858713,-0.12314979050736795
1.530000000000006,0.9300000000000055,0.025358521170094267,-0.12421019199772457
1.530000000000006,0.9000000000000055,0.0245798557266161,-0.12533136470926876
1.530000000000006,0.8700000000000054,0.023756444361165446,-0.12651860212721736
1.530000000000006,0.8400000000000054,0.022884393855551403,-0.12777781971964294
1.530000000000006,0.8100000000000054,0.02195935622180621,-0.12911564722644175
1.530000000000006,0.7800000000000054,0.020976462010058813,-0.13053953753612027
1.530000000000006,0.7500000000000053,0.019930241847985402,-0.13205789566738182
1.530000000000006,0.7200000000000053,0.018814533778276247,-0.13368023223851494
1.530000000000006,0.6900000000000053,0.017622373375670197,-0.13541734692431845
1.530000000000006,0.6600000000000052,0.016345862873376676,-0.13728154885195287
1.530000000000006,0.6300000000000052,0.0149760145524612,-0.13928692279549001
1.530000000000006,0.6000000000000052,0.013502562353918994,-0.14144965257837494
1.530000000000006,0.5700000000000052,0.011913733930285143,-0.14378841655153074
1.530000000000006,0.5400000000000051,0.010195972937565575,-0.14632487482157397
1.530000000000006,0.5100000000000051,0.008333597911061972,-0.14908427475647054
1.530000000000006,0.4800000000000051,0.006308378927905357,-0.15209621140067775
1.530000000000006,0.45000000000000506,0.004099005263551332,-0.15539559491232763
1.530000000000006,0.42000000000000504,0.00168040421041617,-0.15902390190709917
1.530000000000006,0.390000000000005,-0.0009771510880122803,-0.16303082910984143
1.530000000000006,0.360000000000005,-0.003909246891182348,-0.16747654062619127
1.530000000000006,0.33000000000000496,-0.007159023800501565,-0.17243483399722076
1.530000000000006,0.30000000000000493,-0.010779681706147189,-0.1779978060117437
1.530000000000006,0.2700000000000049,-0.014838400392937557,-0.1842831056723992
1.530000000000006,0.2400000000000049,-0.019422862003111878,-0.19144589608891444
1.530000000000006,0.2100000000000049,-0.02465277273087836,-0.19969982624436178
1.530000000000006,0.1800000000000049,-0.030701399433052785,-0.20935609086304846
1.530000000000006,0.1500000000000049,-0.03783819167940053,-0.22090086608814108
1.530000000000006,0.12000000000000491,-0.0465195551091169,-0.2351612945019069
1.530000000000006,0.09000000000000491,-0.039288570674214485,-0.2537087849312232
1.530000000000006,0.06000000000000491,-0.017680447416347788,-0.28008615377065216
1.530000000000006,0.03000000000000491,-0.007310423203162695,-0.3255437807213708
1.500000000000006,3,0.04354962421301618,-0.10183652308251634
1.500000000000006,2.97,0.043457645570449455,-0.10196661185886192
1.500000000000006,2.9400000000000004,0.0433638752386975,-0.10209925116311966
1.500000000000006,2.9100000000000006,0.043268260441536324,-0.1022345166352908
1.500000000000006,2.880000000000001,0.043170746313208504,-0.10237248693153614
1.500000000000006,2.850000000000001,0.04307127579412715,-0.10251324387575897
1.500000000000006,2.820000000000001,0.04296978952038637,-0.10265687262048134
1.500000000000006,2.7900000000000014,0.0428662257063663,-0.10280346181750372
1.500000000000006,2.7600000000000016,0.04276052002041636,-0.1029531037991731
1.500000000000006,2.7300000000000018,0.04265260545243916,-0.1031058947711539
1.500000000000006,2.700000000000002,0.04254241217339093,-0.10326193501718126
1.500000000000006,2.670000000000002,0.042429867385891065,-0.10342132911718757
1.500000000000006,2.6400000000000023,0.04231489516497978,-0.10358418617926209
1.500000000000006,2.6100000000000025,0.04219741628886081,-0.10375062008704183
1.500000000000006,2.5800000000000027,0.04207734805836094,-0.1039207497633391
1.500000000000006,2.550000000000003,0.04195460410447915,-0.1040946994513081
1.500000000000006,2.520000000000003,0.04182909418308745,-0.10427259901476679
1.500000000000006,2.4900000000000033,0.04170072395559843,-0.1044545842590141
1.500000000000006,2.4600000000000035,0.041569394754821735,-0.10464079727371865
1.500000000000006,2.4300000000000037,0.0414350033343463,-0.10483138679985912
1.500000000000006,2.400000000000004,0.04129744160056923,-0.10502650862267177
1.500000000000006,2.370000000000004,0.041156596325685246,-0.10522632599257091
1.500000000000006,2.3400000000000043,0.04101234884004738,-0.10543101007661504
1.500000000000006,2.3100000000000045,0.04086457470218867,-0.1056407404430956
1.500000000000006,2.2800000000000047,0.04071314334481254,-0.10585570558204212
1.500000000000006,2.250000000000005,0.04055791769415193,-0.10607610346466717
1.500000000000006,2.220000000000005,0.040398753761026945,-0.10630214214560665
1.500000000000006,2.1900000000000053,0.040235500200569346,-0.10653404041115774
1.500000000000006,2.1600000000000055,0.04006799783800637,-0.1067720284783662
1.500000000000006,2.1300000000000057,0.03989607915756452,-0.10701634874906663
1.500000000000006,2.100000000000006,0.03971956775075859,-0.1072672566243453
1.500000000000006,2.070000000000006,0.03953827772057475,-0.10752502138493668
1.500000000000006,2.0400000000000063,0.03935201303739949,-0.10778992714393357
1.500000000000006,2.0100000000000064,0.03916056684166294,-0.10806227387881065
1.500000000000006,1.9800000000000064,0.03896372068882263,-0.10834237855040314
1.500000000000006,1.9500000000000064,0.03876124373003739,-0.10863057631776439
1.500000000000006,1.9200000000000064,0.038552891822977525,-0.10892722185820497
1.500000000000006,1.8900000000000063,0.03833840656539533,-0.10923269080368045
1.500000000000006,1.8600000000000063,0.03811751424332148,-0.10954738130518536
1.500000000000006,1.8300000000000063,0.03788992468546108,-0.10987171573888738
1.500000000000006,1.8000000000000063,0.037655330013658034,-0.11020614256918726
1.500000000000006,1.7700000000000062,0.03741340327829484,-0.11055113838530678
1.500000000000006,1.7400000000000062,0.037163796966391834,-0.11090721013108427
1.500000000000006,1.7100000000000062,0.036906141368154594,-0.11127489754905964
1.500000000000006,1.6800000000000062,0.03664004278627536,-0.11165477586332215
1.500000000000006,1.6500000000000061,0.03636508157006456,-0.11204745872883135
1.500000000000006,1.620000000000006,0.03608080995448096,-0.11245360147800765
1.500000000000006,1.590000000000006,0.03578674968099918,-0.11287390470039363
1.500000000000006,1.560000000000006,0.035482389374296985,-0.11330911819527718
1.500000000000006,1.530000000000006,0.03516718164571595,-0.11376004534334264
1.500000000000006,1.500000000000006,0.03484053988933475,-0.11422754794974214
1.500000000000006,1.470000000000006,0.03450183473286001,-0.11471255161854828
1.500000000000006,1.440000000000006,0.03415039009904221,-0.1152160517270915
1.500000000000006,1.410000000000006,0.03378547882768323,-0.1157391200797148
1.500000000000006,1.3800000000000059,0.03340631780024007,-0.11628291233146462
1.500000000000006,1.3500000000000059,0.03301206250059983,-0.11684867628729508
1.500000000000006,1.3200000000000058,0.032601800935494765,-0.11743776119826539
1.500000000000006,1.2900000000000058,0.03217454682527701,-0.11805162819603922
1.500000000000006,1.2600000000000058,0.031729231962802466,-0.1186918620304375
1.500000000000006,1.2300000000000058,0.03126469762018271,-0.11936018430112574
1.500000000000006,1.2000000000000057,0.030779684864220166,-0.12005846840865747
1.500000000000006,1.1700000000000057,0.030272823617552194,-0.12078875648767373
1.500000000000006,1.1400000000000057,0.029742620274602196,-0.12155327863210301
1.500000000000006,1.1100000000000056,0.02918744364773609,-0.12235447477841932
1.500000000000006,1.0800000000000056,0.02860550897953483,-0.12319501967971855
1.500000000000006,1.0500000000000056,0.027994859708531925,-0.12407785148515624
1.500000000000006,1.0200000000000056,0.027353346618023803,-0.12500620453794914
1.500000000000006,0.9900000000000055,0.026678603927234756,-0.1259836471257194
1.500000000000006,0.9600000000000055,0.025968021799294024,-0.12701412506329088
1.500000000000006,0.9300000000000055,0.025218714636452703,-0.1281020121696746
1.500000000000006,0.9000000000000055,0.02442748440672655,-0.1292521689229357
1.500000000000006,0.8700000000000054,0.023590778089484097,-0.1304700108528578
1.500000000000006,0.8400000000000054,0.022704638136957722,-0.13176158857466752
1.500000000000006,0.8100000000000054,0.02176464460930909,-0.13313368179713184
1.500000000000006,0.7800000000000054,0.02076584734596737,-0.1345939101787279
1.500000000000006,0.7500000000000053,0.019702686164155297,-0.13615086459186992
1.500000000000006,0.7200000000000053,0.01856889660743278,-0.13781426322809204
1.500000000000006,0.6900000000000053,0.01735739817197919,-0.13959513810339197
1.500000000000006,0.6600000000000052,0.016060161172851768,-0.14150605898272123
1.500000000000006,0.6300000000000052,0.014668047417419647,-0.14356140366484718
1.500000000000006,0.6000000000000052,0.013170618536349064,-0.1457776861298771
1.500000000000006,0.5700000000000052,0.011555904046256173,-0.14817395753082713
1.500000000000006,0.5400000000000051,0.009810118757390336,-0.15077229984018028
1.500000000000006,0.5100000000000051,0.007917315617874506,-0.15359843885384766
1.500000000000006,0.4800000000000051,0.00585895484926128,-0.15668251342251666
1.500000000000006,0.45000000000000506,0.003613362085334822,-0.1600600533764095
1.500000000000006,0.42000000000000504,0.001155034946192005,-0.1637732436029804
1.500000000000006,0.390000000000005,-0.0015462652402594684,-0.16787259369630086
1.500000000000006,0.360000000000005,-0.004526740537391091,-0.17241920639969577
1.500000000000006,0.33000000000000496,-0.007830282117717198,-0.17748797373210626
1.500000000000006,0.30000000000000493,-0.011511020695441423,-0.18317228920573414
1.500000000000006,0.2700000000000049,-0.015637318199135282,-0.18959137853331173
1.500000000000006,0.2400000000000049,-0.020298408165998823,-0.19690240111304802
1.500000000000006,0.2100000000000049,-0.025616125360807686,-0.20532168595190115
1.500000000000006,0.1800000000000049,-0.0317668310886149,-0.2151643122058341
1.500000000000006,0.1500000000000049,-0.039024806885527355,-0.22692261594428226
1.500000000000006,0.12000000000000491,-0.04785468151162923,-0.2414345360692707
1.500000000000006,0.09000000000000491,-0.03795859674394483,-0.2602928589726528
1.500000000000006,0.06000000000000491,-0.01755668759926525,-0.2870914417517959
1.500000000000006,0.03000000000000491,-0.007293782977907397,-0.3332566721905288
1.470000000000006,3,0.04369819976658358,-0.10499023529033791
1.470000000000006,2.97,0.043604728733988685,-0.10512380900429227
1.470000000000006,2.9400000000000004,0.04350943684448116,-0.10526000109952169
1.470000000000006,2.9100000000000006,0.04341227045972718,-0.10539888921216589
1.470000000000006,2.880000000000001,0.04331317381758877,-0.10554055407336607
1.470000000000006,2.850000000000001,0.04321208892610995,-0.10568507966482588
1.470000000000006,2.820000000000001,0.043108955451248085,-0.10583255338373498
1.470000000000006,2.7900000000000014,0.043003710597524204,-0.10598306621796418
1.470000000000006,2.7600000000000016,0.04289628898161509,-0.10613671293198956
1.470000000000006,2.7300000000000018,0.04278662249787423,-0.10629359226451765
1.470000000000006,2.700000000000002,0.042674640175400916,-0.10645380713871658
1.470000000000006,2.670000000000002,0.04256026802620175,-0.10661746488572418
1.470000000000006,2.6400000000000023,0.04244342888339258,-0.10678467748283663
1.470000000000006,2.6100000000000025,0.042324042229105185,-0.10695556180702212
1.470000000000006,2.5800000000000027,0.0422020240110041,-0.10713023990545609
1.470000000000006,2.550000000000003,0.04207728644657517,-0.10730883928392784
1.470000000000006,2.520000000000003,0.04194973781452996,-0.10749149321476802
1.470000000000006,2.4900000000000033,0.04181928223184089,-0.10767834106591576
1.470000000000006,2.4600000000000035,0.04168581941563686,-0.10786952865263943
1.470000000000006,2.4300000000000037,0.041549244428608925,-0.10806520861381269
1.470000000000006,2.400000000000004,0.0414094474064934,-0.10826554081489195
1.470000000000006,2.370000000000004,0.04126631326633388,-0.10847069277957783
1.470000000000006,2.3400000000000043,0.04111972139379634,-0.10868084015284751
1.470000000000006,2.3100000000000045,0.040969545307686955,-0.10889616719784298
1.470000000000006,2.2800000000000047,0.04081565230013401,-0.10911686732954452
1.470000000000006,2.250000000000005,0.04065790304965752,-0.10934314368859091
1.470000000000006,2.220000000000005,0.04049615120535302,-0.10957520975862035
1.470000000000006,2.1900000000000053,0.04033024293947643,-0.10981329003103199
1.470000000000006,2.1600000000000055,0.04016001646529313,-0.1100576207217342
1.470000000000006,2.1300000000000057,0.03998530151745761,-0.1103084505442567
1.470000000000006,2.100000000000006,0.0398059187912633,-0.11056604154474324
1.470000000000006,2.070000000000006,0.03962167933692798,-0.11083067000448976
1.470000000000006,2.0400000000000063,0.0394323839047173,-0.11110262741672275
1.470000000000006,2.0100000000000064,0.03923782223625563,-0.11138222154439395
1.470000000000006,1.9800000000000064,0.039037772296665045,-0.11166977756735685
1.470000000000006,1.9500000000000064,0.0388319994418566,-0.1119656393274914
1.470000000000006,1.9200000000000064,0.038620255514585276,-0.11227017068180264
1.470000000000006,1.8900000000000063,0.038402277861652394,-0.11258375697458986
1.470000000000006,1.8600000000000063,0.038177788265002115,-0.11290680664077471
1.470000000000006,1.8300000000000063,0.03794649177675721,-0.1132397529543924
1.470000000000006,1.8000000000000063,0.03770807544897854,-0.11358305593774741
1.470000000000006,1.7700000000000062,0.03746220694636797,-0.11393720444852909
1.470000000000006,1.7400000000000062,0.03720853302939475,-0.11430271846432677
1.470000000000006,1.7100000000000062,0.03694667789365337,-0.11468015158708389
1.470000000000006,1.6800000000000062,0.03667624134923293,-0.11507009379168495
1.470000000000006,1.6500000000000061,0.036396796822091335,-0.11547317444734806
1.470000000000006,1.620000000000006,0.03610788915691274,-0.11589006564365112
1.470000000000006,1.590000000000006,0.03580903219811647,-0.1163214858570995
1.470000000000006,1.560000000000006,0.035499706122728986,-0.1167682039996131
1.470000000000006,1.530000000000006,0.035179354495249934,-0.11723104389597458
1.470000000000006,1.500000000000006,0.03484738101016019,-0.11771088924350614
1.470000000000006,1.470000000000006,0.034503145882975705,-0.11820868911543658
1.470000000000006,1.440000000000006,0.03414596184587951,-0.11872546407821677
1.470000000000006,1.410000000000006,0.033775089695896716,-0.11926231300353551
1.470000000000006,1.3800000000000059,0.03338973333754238,-0.1198204206681599
1.470000000000006,1.3500000000000059,0.03298903425208254,-0.12040106624892981
1.470000000000006,1.3200000000000058,0.03257206531533242,-0.12100563283727989
1.470000000000006,1.2900000000000058,0.03213782387374772,-0.12163561811768767
1.470000000000006,1.2600000000000058,0.03168522397402028,-0.12229264637770242
1.470000000000006,1.2300000000000058,0.031213087624618333,-0.12297848204567363
1.470000000000006,1.2000000000000057,0.030720134947253175,-0.1236950449848369
1.470000000000006,1.1700000000000057,0.030204973052538123,-0.12444442781284605
1.470000000000006,1.1400000000000057,0.029666083445700465,-0.12522891556238921
1.470000000000006,1.1100000000000056,0.029101807733807248,-0.12605100805637098
1.470000000000006,1.0800000000000056,0.02851033136589804,-0.12691344543865193
1.470000000000006,1.0500000000000056,0.027889665087726404,-0.12781923738517872
1.470000000000006,1.0200000000000056,0.02723762373436529,-0.12877169662010218
1.470000000000006,0.9900000000000055,0.026551801912294212,-0.12977447748387555
1.470000000000006,0.9600000000000055,0.02582954603601362,-0.13083162045051255
1.470000000000006,0.9300000000000055,0.02506792207865262,-0.1319476036731541
1.470000000000006,0.9000000000000055,0.02426367826713341,-0.13312740286518843
1.470000000000006,0.8700000000000054,0.023413201793579398,-0.1343765611023302
1.470000000000006,0.8400000000000054,0.022512468419737416,-0.13570127048021802
1.470000000000006,0.8100000000000054,0.02155698360854516,-0.13710846799780455
1.470000000000006,0.7800000000000054,0.020541713515734174,-0.1386059485842696
1.470000000000006,0.7500000000000053,0.019461003795918835,-0.14020249888089
1.470000000000006,0.7200000000000053,0.018308483701450974,-0.14190805627352956
1.470000000000006,0.6900000000000053,0.0170769523452052,-0.14373389880863818
1.470000000000006,0.6600000000000052,0.015758243219090893,-0.14569287310075368
1.470000000000006,0.6300000000000052,0.014343062046016744,-0.14779966927923657
1.470000000000006,0.6000000000000052,0.012820791701616756,-0.1500711546067171
1.470000000000006,0.5700000000000052,0.011179256131364241,-0.1525267809098899
1.470000000000006,0.5400000000000051,0.009404432680843261,-0.15518908583436986
1.470000000000006,0.5100000000000051,0.007480098668713278,-0.1580843148869604
1.470000000000006,0.4800000000000051,0.005387392694452205,-0.16124320149070281
1.470000000000006,0.45000000000000506,0.0031042628761159723,-0.164701958034509
1.470000000000006,0.42000000000000504,0.0006047606844213982,-0.16850355617908053
1.470000000000006,0.390000000000005,-0.0021418841039664207,-0.1726994171789782
1.470000000000006,0.360000000000005,-0.005172513242646862,-0.17735170782603876
1.470000000000006,0.33000000000000496,-0.008531797771263793,-0.18253657535301182
1.470000000000006,0.30000000000000493,-0.012274835793834486,-0.18834891829107367
1.470000000000006,0.2700000000000049,-0.016471218117684008,-0.1949098126519377
1.470000000000006,0.2400000000000049,-0.02121179137494586,-0.2023787798347031
1.470000000000006,0.2100000000000049,-0.026620603998811686,-0.21097532962460697
1.470000000000006,0.1800000000000049,-0.032877235992093065,-0.22101913465640502
1.470000000000006,0.1500000000000049,-0.04026099560180489,-0.2330097419442825
1.470000000000006,0.12000000000000491,-0.0492450674593299,-0.24779754092352746
1.470000000000006,0.09000000000000491,-0.03683061350140771,-0.26699951365616725
1.470000000000006,0.06000000000000491,-0.017435892132541292,-0.29426599199014425
1.470000000000006,0.03000000000000491,-0.007277262333926948,-0.3412131463514966
1.440000000000006,3,0.0438458920855528,-0.10808030773711344
1.440000000000006,2.97,0.04375087505893123,-0.10821742124839775
1.440000000000006,2.9400000000000004,0.0436540069566788,-0.1083572222391315
1.440000000000006,2.9100000000000006,0.043555233247153324,-0.10849979038369399
1.440000000000006,2.880000000000001,0.04345449723939464,-0.1086452085322179
1.440000000000006,2.850000000000001,0.04335173997539707,-0.10879356287013545
1.440000000000006,2.820000000000001,0.043246900115853845,-0.10894494308750942
1.440000000000006,2.7900000000000014,0.043139913818916756,-0.10909944255857021
1.440000000000006,2.7600000000000016,0.04303071461152942,-0.10925715853256539
1.440000000000006,2.7300000000000018,0.042919233252823,-0.10941819233655548
1.440000000000006,2.700000000000002,0.04280539758872989,-0.10958264959087824
1.440000000000006,2.670000000000002,0.04268913239753874,-0.10975064043865952
1.440000000000006,2.6400000000000023,0.04257035922551299,-0.10992227978992364
1.440000000000006,2.6100000000000025,0.04244899621174239,-0.1100976875818515
1.440000000000006,2.5800000000000027,0.04232495790168895,-0.1102769890561594
1.440000000000006,2.550000000000003,0.04219815504815699,-0.11046031505492188
1.440000000000006,2.520000000000003,0.04206849439915829,-0.11064780233654148
1.440000000000006,2.4900000000000033,0.04193587847122536,-0.11083959391319234
1.440000000000006,2.4600000000000035,0.04180020530729754,-0.11103583941157957
1.440000000000006,2.4300000000000037,0.04166136821781744,-0.11123669545888978
1.440000000000006,2.400000000000004,0.04151925550368497,-0.11144232609619406
1.440000000000006,2.370000000000004,0.04137375015944747,-0.11165290322101318
1.440000000000006,2.3400000000000043,0.04122472955557151,-0.1118686070624463
1.440000000000006,2.3100000000000045,0.04107206509717688,-0.11208962669051523
1.440000000000006,2.2800000000000047,0.040915621858054585,-0.1123161605637108
1.440000000000006,2.250000000000005,0.04075525818737515,-0.11254841711736617
1.440000000000006,2.220000000000005,0.04059082528685895,-0.11278661539679745
1.440000000000006,2.1900000000000053,0.04042216675563897,-0.11303098573906167
1.440000000000006,2.1600000000000055,0.04024911810006885,-0.11328177050788035
1.440000000000006,2.1300000000000057,0.040071506205393945,-0.11353922488655979
1.440000000000006,2.100000000000006,0.039889148765388384,-0.11380361773406072
1.440000000000006,2.070000000000006,0.03970185366646618,-0.11407523251070636
1.440000000000006,2.0400000000000063,0.039509418321712536,-0.11435436827947007
1.440000000000006,2.0100000000000064,0.03931162895017589,-0.11464134079079116
1.440000000000006,1.9800000000000064,0.039108259796096445,-0.11493648365869497
1.440000000000006,1.9500000000000064,0.03889907228193289,-0.11524014963746165
1.440000000000006,1.9200000000000064,0.03868381408921583,-0.11555271200881764
1.440000000000006,1.8900000000000063,0.03846221815910128,-0.1158745660912992
1.440000000000006,1.8600000000000063,0.03823400160517271,-0.11620613088381784
1.440000000000006,1.8300000000000063,0.037998864528875714,-0.11654785085832037
1.440000000000006,1.8000000000000063,0.037756488727591034,-0.11690019791665662
1.440000000000006,1.7700000000000062,0.03750653628383466,-0.11726367353002382
1.440000000000006,1.7400000000000062,0.037248648022510635,-0.11763881108078399
1.440000000000006,1.7100000000000062,0.03698244182205612,-0.1180261784291316
1.440000000000006,1.6800000000000062,0.036707510762824094,-0.11842638073048734
1.440000000000006,1.6500000000000061,0.03642342109434919,-0.11884006353184384
1.440000000000006,1.620000000000006,0.036129710000778456,-0.11926791618029578
1.440000000000006,1.590000000000006,0.03582588314059748,-0.11971067558046222
1.440000000000006,1.560000000000006,0.03551141193402978,-0.12016913034292448
1.440000000000006,1.530000000000006,0.03518573056744123,-0.12064412537207331
1.440000000000006,1.500000000000006,0.03484823268017263,-0.12113656694744226
1.440000000000006,1.470000000000006,0.034498267694012416,-0.12164742836210224
1.440000000000006,1.440000000000006,0.03413513673994515,-0.12217775618946049
1.440000000000006,1.410000000000006,0.03375808813013621,-0.12272867726107842
1.440000000000006,1.3800000000000059,0.03336631231556029,-0.12330140645112522
1.440000000000006,1.3500000000000059,0.032958936260143054,-0.12389725537682075
1.440000000000006,1.3200000000000058,0.03253501715225608,-0.1245176421423333
1.440000000000006,1.2900000000000058,0.03209353536168515,-0.12516410227360794
1.440000000000006,1.2600000000000058,0.0316333865351856,-0.12583830101565185
1.440000000000006,1.2300000000000058,0.031153372707363524,-0.12654204719236478
1.440000000000006,1.2000000000000057,0.03065219228189342,-0.1272773088631622
1.440000000000006,1.1700000000000057,0.030128428714779415,-0.12804623105062313
1.440000000000006,1.1400000000000057,0.029580537701818316,-0.12885115586219364
1.440000000000006,1.1100000000000056,0.02900683263796778,-0.12969464538679798
1.440000000000006,1.0800000000000056,0.028405468074895045,-0.13057950781709857
1.440000000000006,1.0500000000000056,0.027774420852901136,-0.13150882733272057
1.440000000000006,1.0200000000000056,0.0271114685238984,-0.13248599838197384
1.440000000000006,0.9900000000000055,0.026414164608694793,-0.13351476512421362
1.440000000000006,0.9600000000000055,0.025679810144228227,-0.1345992669474803
1.440000000000006,0.9300000000000055,0.02490542086875648,-0.1357440911620363
1.440000000000006,0.9000000000000055,0.024087689261119857,-0.1369543342017453
1.440000000000006,0.8700000000000054,0.023222940489883444,-0.13823567294840491
1.440000000000006,0.8400000000000054,0.022307081127380793,-0.13959444814928687
1.440000000000006,0.8100000000000054,0.021335539238951005,-0.1410377623403314
1.440000000000006,0.7800000000000054,0.02030319414874101,-0.14257359524329732
1.440000000000006,0.7500000000000053,0.019204293799228923,-0.14421094030973522
1.440000000000006,0.7200000000000053,0.018032357135525576,-0.14595996698076072
1.440000000000006,0.6900000000000053,0.01678005832730304,-0.1478322143837582
1.440000000000006,0.6600000000000052,0.015439088846780611,-0.14984082368289153
1.440000000000006,0.6300000000000052,0.013999992387105378,-0.15200081826239603
1.440000000000006,0.6000000000000052,0.01245196623848927,-0.1543294435380249
1.440000000000006,0.5700000000000052,0.010782620893045006,-0.15684658174066246
1.440000000000006,0.5400000000000051,0.008977687092672227,-0.15957526194296723
1.440000000000006,0.5100000000000051,0.00702065587544611,-0.16254229263187586
1.440000000000006,0.4800000000000051,0.004892331735085271,-0.16577905451564928
1.440000000000006,0.45000000000000506,0.0025702705498422897,-0.1693225072106096
1.440000000000006,0.42000000000000504,0.000028060148540726783,-0.17321648908043674
1.440000000000006,0.390000000000005,-0.0027656222030520337,-0.177513432628147
1.440000000000006,0.360000000000005,-0.005848283325946258,-0.18227669387619172
1.440000000000006,0.33000000000000496,-0.009265405264111248,-0.1875838342147419
1.440000000000006,0.30000000000000493,-0.013073092390668502,-0.19353146143980648
1.440000000000006,0.2700000000000049,-0.017342214103257453,-0.20024276831965598
1.440000000000006,0.2400000000000049,-0.02216529578151737,-0.2078799929354077
1.440000000000006,0.2100000000000049,-0.027668690102514326,-0.2166663112305609
1.440000000000006,0.1800000000000049,-0.03403532804262317,-0.22692667952342344
1.440000000000006,0.1500000000000049,-0.04154975191832709,-0.23916888915136886
1.440000000000006,0.12000000000000491,-0.050694056586891,-0.25425743368987574
1.440000000000006,0.09000000000000491,-0.035848339174481436,-0.2738363774678171
1.440000000000006,0.06000000000000491,-0.017317929703034373,-0.30161828696041637
1.440000000000006,0.03000000000000491,-0.007260859717474526,-0.34942433692908925
1.410000000000006,3,0.04399254073452378,-0.111096938592053
1.410000000000006,2.97,0.0438959210628437,-0.1112376571930226
1.410000000000006,2.9400000000000004,0.04379741898581049,-0.11138113386128995
1.410000000000006,2.9100000000000006,0.04369697904556445,-0.11152745035994024
1.410000000000006,2.880000000000001,0.04359454358806088,-0.11167669171083294
1.410000000000006,2.850000000000001,0.04349005265356224,-0.11182894635833548
1.410000000000006,2.820000000000001,0.043383443860430845,-0.11198430634300904
1.410000000000006,2.7900000000000014,0.04327465228175994,-0.11214286748585903
1.410000000000006,2.7600000000000016,0.043163610314594036,-0.11230472958408604
1.410000000000006,2.7300000000000018,0.04305024754088281,-0.11246999661926352
1.410000000000006,2.700000000000002,0.04293449057967352,-0.1126387769783225
1.410000000000006,2.670000000000002,0.042816262930018494,-0.112811183689043
1.410000000000006,2.6400000000000023,0.042695484803734265,-0.11298733467055702
1.410000000000006,2.6100000000000025,0.04257207294726189,-0.11316735300030334
1.410000000000006,2.5800000000000027,0.042445940452021616,-0.11335136719862096
1.410000000000006,2.550000000000003,0.04231699655201094,-0.11353951153227654
1.410000000000006,2.520000000000003,0.042185146407929,-0.11373192633866894
1.410000000000006,2.4900000000000033,0.042050290876710375,-0.11392875837191223
1.410000000000006,2.4600000000000035,0.04191232626516628,-0.11413016117309036
1.410000000000006,2.4300000000000037,0.04177114406663869,-0.11433629546611224
1.410000000000006,2.400000000000004,0.041626630679283405,-0.11454732958180436
1.410000000000006,2.370000000000004,0.04147866710408934,-0.11476343991210619
1.410000000000006,2.3400000000000043,0.04132712862163401,-0.11498481139722339
1.410000000000006,2.3100000000000045,0.04117188444505575,-0.11521163804841708
1.410000000000006,2.2800000000000047,0.04101279734771861,-0.11544412350956257
1.410000000000006,2.250000000000005,0.04084972326317869,-0.11568248166072141
1.410000000000006,2.220000000000005,0.04068251085496666,-0.11592693726770167
1.410000000000006,2.1900000000000053,0.040511001053784884,-0.11617772668137606
1.410000000000006,2.1600000000000055,0.04033502655877777,-0.11643509859155465
1.410000000000006,2.1300000000000057,0.04015441129999961,-0.11669931484032851
1.410000000000006,2.100000000000006,0.03996896985841247,-0.1169706513003087
1.410000000000006,2.070000000000006,0.03977850683921056,-0.11724939882399132
1.410000000000006,2.0400000000000063,0.03958281619444379,-0.1175358642709155
1.410000000000006,2.0100000000000064,0.03938168048983794,-0.11783037162036349
1.410000000000006,1.9800000000000064,0.039174870110438395,-0.1181332631776156
1.410000000000006,1.9500000000000064,0.03896214239922754,-0.11844490088343682
1.410000000000006,1.9200000000000064,0.03874324072178155,-0.11876566773688557
1.410000000000006,1.8900000000000063,0.03851789344978618,-0.11909596934318029
1.410000000000006,1.8600000000000063,0.03828581285490698,-0.11943623559949418
1.410000000000006,1.8300000000000063,0.038046693903682045,-0.1197869225333284
1.410000000000006,1.8000000000000063,0.037800212943210995,-0.12014851430944151
1.410000000000006,1.7700000000000062,0.03754602626596019,-0.12052152542377396
1.410000000000006,1.7400000000000062,0.03728376854018207,-0.12090650310499529
1.410000000000006,1.7100000000000062,0.03701305109170876,-0.1213040299465366
1.410000000000006,1.6800000000000062,0.0367334600202254,-0.12171472679538778
1.410000000000006,1.6500000000000061,0.03644455413114688,-0.12213925592727014
1.410000000000006,1.620000000000006,0.0361458626622004,-0.12257832454134589
1.410000000000006,1.590000000000006,0.0358368827802943,-0.12303268861288338
1.410000000000006,1.560000000000006,0.035517076821625304,-0.12350315714634112
1.410000000000006,1.530000000000006,0.035185869243929704,-0.1239905968789567
1.410000000000006,1.500000000000006,0.03484264325538164,-0.12449593749002547
1.410000000000006,1.470000000000006,0.03448673707999586,-0.12502017738098553
1.410000000000006,1.440000000000006,0.03411743981314632,-0.12556439009921683
1.410000000000006,1.410000000000006,0.033733986814410546,-0.12612973149055473
1.410000000000006,1.3800000000000059,0.033335554576679804,-0.12671744767797366
1.410000000000006,1.3500000000000059,0.032921255001811874,-0.12732888397864942
1.410000000000006,1.3200000000000058,0.032490129001718215,-0.12796549488999168
1.410000000000006,1.2900000000000058,0.03204113933147325,-0.12862885529507453
1.410000000000006,1.2600000000000058,0.03157316254590467,-0.12932067306368758
1.410000000000006,1.2300000000000058,0.03108497995389929,-0.13004280325325046
1.410000000000006,1.2000000000000057,0.030575267422777382,-0.13079726414943305
1.410000000000006,1.1700000000000057,0.03004258386187332,-0.13158625542714755
1.410000000000006,1.1400000000000057,0.029485358183294078,-0.13241217876199105
1.410000000000006,1.1100000000000056,0.02890187450377418,-0.1332776612818742
1.410000000000006,1.0800000000000056,0.028290255308644673,-0.1341855823195878
1.410000000000006,1.0500000000000056,0.027648442248662256,-0.13513910401361467
1.410000000000006,1.0200000000000056,0.02697417417859907,-0.13614170640845233
1.410000000000006,0.9900000000000055,0.02626496197350724,-0.13719722783364266
1.410000000000006,0.9600000000000055,0.025518059567287903,-0.13830991149535504
1.410000000000006,0.9300000000000055,0.024730430550098534,-0.1394844594048772
1.410000000000006,0.9000000000000055,0.023898709526563533,-0.14072609500359984
1.410000000000006,0.8700000000000054,0.02301915727175295,-0.14204063613290238
1.410000000000006,0.8400000000000054,0.022087608520437507,-0.14343458035934586
1.410000000000006,0.8100000000000054,0.021099410972154203,-0.14491520511521597
1.410000000000006,0.7800000000000054,0.02004935378264378,-0.14649068568096643
1.410000000000006,0.7500000000000053,0.018931583418899448,-0.14817023475186158
1.410000000000006,0.7200000000000053,0.017739504260269212,-0.14996426824319847
1.410000000000006,0.6900000000000053,0.016465660697230815,-0.15188460315845442
1.410000000000006,0.6600000000000052,0.015101596670010039,-0.1539446948639483
1.410000000000006,0.6300000000000052,0.013637687534112727,-0.15615992310574534
1.410000000000006,0.6000000000000052,0.012062937745779389,-0.15854793875865963
1.410000000000006,0.5700000000000052,0.01036473597719717,-0.1611290868967616
1.410000000000006,0.5400000000000051,0.008528556663282028,-0.1639269267714801
1.410000000000006,0.5100000000000051,0.00653759324969227,-0.16696887641457958
1.410000000000006,0.4800000000000051,0.00437230286226661,-0.17028702011880759
1.410000000000006,0.45000000000000506,0.0020098334920044657,-0.1739191332454998
1.410000000000006,0.42000000000000504,-0.0005767092702542343,-0.17791000483907257
1.410000000000006,0.390000000000005,-0.003419222959769253,-0.18231318237496047
1.410000000000006,0.360000000000005,-0.006555906464354283,-0.18719334033625423
1.410000000000006,0.33000000000000496,-0.010033085973408015,-0.19262961692048747
1.410000000000006,0.30000000000000493,-0.01390791352837336,-0.1987205364689227
1.410000000000006,0.2700000000000049,-0.018252590071683405,-0.20559167696803005
1.410000000000006,0.2400000000000049,-0.02316138969169361,-0.21340834858759988
1.410000000000006,0.2100000000000049,-0.028763065857791224,-0.22239787849062465
1.410000000000006,0.1800000000000049,-0.03524404154939681,-0.23289119710653927
1.410000000000006,0.1500000000000049,-0.04289431426775102,-0.24540537935025977
1.410000000000006,0.12000000000000491,-0.05220526701335629,-0.26082070284909675
1.410000000000006,0.09000000000000491,-0.03497689361337229,-0.28081129272154387
1.410000000000006,0.06000000000000491,-0.017202677577328667,-0.3091580287818687
1.410000000000006,0.03000000000000491,-0.007244573604834564,-0.3579036303869463
1.3800000000000059,3,0.044137970606694596,-0.11402495826070116
1.3800000000000059,2.97,0.04403968835403922,-0.11416935680735063
1.3800000000000059,2.9400000000000004,0.0439394911907545,-0.11431658574017395
1.3800000000000059,2.9100000000000006,0.043837322697777736,-0.1144667289701769
1.3800000000000059,2.880000000000001,0.043733124221779496,-0.11461987375278182
1.3800000000000059,2.850000000000001,0.04362683476353199,-0.11477611085597075
1.3800000000000059,2.820000000000001,0.04351839085977058,-0.11493553473844698
1.3800000000000059,2.7900000000000014,0.04340772645769171,-0.11509824373877711
1.3800000000000059,2.7600000000000016,0.04329477278181146,-0.11526434027636867
1.3800000000000059,2.7300000000000018,0.04317945819256623,-0.11543393106489205
1.3800000000000059,2.700000000000002,0.04306170803585797,-0.11560712733936922
1.3800000000000059,2.670000000000002,0.042941444483230826,-0.11578404509761976
1.3800000000000059,2.6400000000000023,0.04281858636172801,-0.11596480535744974
1.3800000000000059,2.6100000000000025,0.04269304897262906,-0.11614953443064102
1.3800000000000059,2.5800000000000027,0.042564743898456756,-0.1163383642149603
1.3800000000000059,2.550000000000003,0.042433578797069854,-0.11653143250579191
1.3800000000000059,2.520000000000003,0.04229945718197192,-0.11672888332864259
1.3800000000000059,2.4900000000000033,0.04216227818779203,-0.1169308672946038
1.3800000000000059,2.4600000000000035,0.04202193631971348,-0.11713754197999639
1.3800000000000059,2.4300000000000037,0.04187832118534818,-0.11734907233298139
1.3800000000000059,2.400000000000004,0.04173131720820955,-0.11756563110853444
1.3800000000000059,2.370000000000004,0.041580803320406735,-0.11778739933467378
1.3800000000000059,2.3400000000000043,0.041426652633672637,-0.11801456681236827
1.3800000000000059,2.3100000000000045,0.041268732086271125,-0.11824733265209011
1.3800000000000059,2.2800000000000047,0.041106902064166395,-0.11848590585011845
1.3800000000000059,2.250000000000005,0.040941015993908994,-0.11873050590791914
1.3800000000000059,2.220000000000005,0.040770919904908075,-0.11898136349876232
1.3800000000000059,2.1900000000000053,0.04059645195839583,-0.11923872118531739
1.3800000000000059,2.1600000000000055,0.04041744194002392,-0.11950283419349544
1.3800000000000059,2.1300000000000057,0.040233710712858244,-0.11977397124692339
1.3800000000000059,2.100000000000006,0.04004506962711703,-0.12005241546825568
1.3800000000000059,2.070000000000006,0.039851319882443906,-0.12033846535344597
1.3800000000000059,2.0400000000000063,0.03965225183876003,-0.1206324358258386
1.3800000000000059,2.0100000000000064,0.03944764426989368,-0.12093465937794423
1.3800000000000059,1.9800000000000064,0.039237263555429905,-0.12124548730932624
1.3800000000000059,1.9500000000000064,0.03902086280405747,-0.12156529107036596
1.3800000000000059,1.9200000000000064,0.03879818090170928,-0.12189446372218177
1.3800000000000059,1.8900000000000063,0.03856894147712489,-0.12223342152515233
1.3800000000000059,1.8600000000000063,0.03833285177613047,-0.12258260566863759
1.3800000000000059,1.8300000000000063,0.0380896014353107,-0.1229424841574035
1.3800000000000059,1.8000000000000063,0.03783886114441816,-0.12331355387099915
1.3800000000000059,1.7700000000000062,0.0375802811856375,-0.12369634281485767
1.3800000000000059,1.7400000000000062,0.03731348983643773,-0.12409141258462816
1.3800000000000059,1.7100000000000062,0.03703809162069918,-0.12449936106657505
1.3800000000000059,1.6800000000000062,0.0367536653916504,-0.12492082540185181
1.3800000000000059,1.6500000000000061,0.0364597622270766,-0.12535648524414902
1.3800000000000059,1.620000000000006,0.036155903115430245,-0.12580706634541955
1.3800000000000059,1.590000000000006,0.03584157640829659,-0.12627334450844815
1.3800000000000059,1.560000000000006,0.035516235011310314,-0.12675614995068482
1.3800000000000059,1.530000000000006,0.035179293282181584,-0.1272563721294483
1.3800000000000059,1.500000000000006,0.0348301235995282,-0.127774965086524
1.3800000000000059,1.470000000000006,0.03446805256168276,-0.1283129533775763
1.3800000000000059,1.440000000000006,0.03409235676815295,-0.12887143866212097
1.3800000000000059,1.410000000000006,0.033702258130209106,-0.12945160704068032
1.3800000000000059,1.3800000000000059,0.033296918648223525,-0.13005473723918284
1.3800000000000059,1.3500000000000059,0.03287543458478698,-0.1306822097555274
1.3800000000000059,1.3200000000000058,0.032436829951050926,-0.13133551710224461
1.3800000000000059,1.2900000000000058,0.0319800492113734,-0.13201627529948123
1.3800000000000059,1.2600000000000058,0.03150394909527719,-0.13272623679867646
1.3800000000000059,1.2300000000000058,0.031007289388930548,-0.13346730504643842
1.3800000000000059,1.2000000000000057,0.030488722556183477,-0.13424155093416235
1.3800000000000059,1.1700000000000057,0.029946782014033002,-0.13505123142098568
1.3800000000000059,1.1400000000000057,0.029379868858131836,-0.1358988106681595
1.3800000000000059,1.1100000000000056,0.028786236796720096,-0.13678698408423998
1.3800000000000059,1.0800000000000056,0.028163975009551874,-0.13771870575212058
1.3800000000000059,1.0500000000000056,0.02751098859614443,-0.13869721979932104
1.3800000000000059,1.0200000000000056,0.02682497621499555,-0.13972609637737782
1.3800000000000059,0.9900000000000055,0.02610340444071855,-0.14080927304824428
1.3800000000000059,0.9600000000000055,0.025343478274131317,-0.1419511025329414
1.3800000000000059,0.9300000000000055,0.024542107128264844,-0.1431564079732932
1.3800000000000059,0.9000000000000055,0.023695865477541548,-0.14443054709633402
1.3800000000000059,0.8700000000000054,0.02280094718954106,-0.14577948696811785
1.3800000000000059,0.8400000000000054,0.021853112351313708,-0.14720989139099389
1.3800000000000059,0.8100000000000054,0.020847625146654267,-0.14872922345883788
1.3800000000000059,0.7800000000000054,0.019779181021194515,-0.15034586636211728
1.3800000000000059,0.7500000000000053,0.018641820971499943,-0.1520692662640556
1.3800000000000059,0.7200000000000053,0.017428830289546546,-0.1539101019993191
1.3800000000000059,0.6900000000000053,0.016132618451092942,-0.15588048753825523
1.3800000000000059,0.6600000000000052,0.014744576009470114,-0.15799421470603275
1.3800000000000059,0.6300000000000052,0.01325490328114464,-0.16026704567421315
1.3800000000000059,0.6000000000000052,0.011652404185892744,-0.16271706744082287
1.3800000000000059,0.5700000000000052,0.00992423668316757,-0.16536512417650956
1.3800000000000059,0.5400000000000051,0.008055608584443937,-0.16823534839230006
1.3800000000000059,0.5100000000000051,0.006029403712791062,-0.1713558191343036
1.3800000000000059,0.4800000000000051,0.003825717717278448,-0.17475938612139075
1.3800000000000059,0.45000000000000506,0.0014212740494784818,-0.17848471521398232
1.3800000000000059,0.42000000000000504,-0.0012113237353204198,-0.18257763709218866
1.3800000000000059,0.390000000000005,-0.004104571713364161,-0.18709292567304137
1.3800000000000059,0.360000000000005,-0.0072973896067543755,-0.19209671164422565
1.3800000000000059,0.33000000000000496,-0.01083698307716835,-0.19766988191557705
1.3800000000000059,0.30000000000000493,-0.014781595983431518,-0.20391309460926105
1.3800000000000059,0.2700000000000049,-0.019204817308430926,-0.2109545920563361
1.3800000000000059,0.2400000000000049,-0.024202744516859886,-0.21896312352943248
1.3800000000000059,0.2100000000000049,-0.029906634945167307,-0.2281706658850805
1.3800000000000059,0.1800000000000049,-0.03650655417136816,-0.23891483171570954
1.3800000000000059,0.1500000000000049,-0.04429819103126769,-0.25172304666073964
1.3800000000000059,0.12000000000000491,-0.05378262033541249,-0.26749310569599605
1.3800000000000059,0.09000000000000491,-0.03419297697818761,-0.2879322944161173
1.3800000000000059,0.06000000000000491,-0.017090020863122415,-0.3168962178137347
1.3800000000000059,0.03000000000000491,-0.00722840250109641,-0.3666669236253878
1.3500000000000059,3,0.044281990453068895,-0.11684199733196299
1.3500000000000059,2.97,0.04418198213731354,-0.11699015967139445
1.3500000000000059,2.9400000000000004,0.0440800251602058,-0.11714122669787258
1.3500000000000059,2.9100000000000006,0.0439760621046017,-0.11729528453904572
1.3500000000000059,2.880000000000001,0.04387003327938509,-0.11745242275583101
1.3500000000000059,2.850000000000001,0.04376187660586552,-0.11761273451502556
1.3500000000000059,2.820000000000001,0.04365152749752017,-0.11777631677219164
1.3500000000000059,2.7900000000000014,0.04353891873234997,-0.11794327046591313
1.3500000000000059,2.7600000000000016,0.04342398031722223,-0.11811370072408756
1.3500000000000059,2.7300000000000018,0.04330663934400343,-0.11828771708304367
1.3500000000000059,2.700000000000002,0.043186819836427456,-0.11846543372073409
1.3500000000000059,2.670000000000002,0.04306444258745029,-0.11864696970459351
1.3500000000000059,2.6400000000000023,0.04293942498600174,-0.11883244925569887
1.3500000000000059,2.6100000000000025,0.04281168083250843,-0.11902200202989345
1.3500000000000059,2.5800000000000027,0.04268112014248494,-0.11921576341778024
1.3500000000000059,2.550000000000003,0.042547648936906705,-0.11941387486460822
1.3500000000000059,2.520000000000003,0.04241116901853827,-0.11961648421168991
1.3500000000000059,2.4900000000000033,0.0422715777334025,-0.11982374606129462
1.3500000000000059,2.4600000000000035,0.04212876771547326,-0.12003582216665529
1.3500000000000059,2.4300000000000037,0.041982626613993136,-0.12025288184922314
1.3500000000000059,2.400000000000004,0.04183303680158938,-0.1204751024454162
1.3500000000000059,2.370000000000004,0.0416798750616857,-0.12070266978529545
1.3500000000000059,2.3400000000000043,0.04152301225342973,-0.12093577870590386
1.3500000000000059,2.3100000000000045,0.04136231295245851,-0.12117463360215944
1.3500000000000059,2.2800000000000047,0.04119763506509931,-0.12141944901853675
1.3500000000000059,2.250000000000005,0.04102882941405933,-0.12167045028512977
1.3500000000000059,2.220000000000005,0.04085573929285464,-0.12192787420204734
1.3500000000000059,2.1900000000000053,0.04067819998623882,-0.12219196977642191
1.3500000000000059,2.1600000000000055,0.04049603825372926,-0.12246299901677293
1.3500000000000059,2.1300000000000057,0.040309071772805655,-0.12274123778997773
1.3500000000000059,2.100000000000006,0.040117108537933155,-0.12302697674675436
1.3500000000000059,2.070000000000006,0.03991994621155262,-0.12332052232198568
1.3500000000000059,2.0400000000000063,0.03971737142225097,-0.12362219781725467
1.3500000000000059,2.0100000000000064,0.0395091590052841,-0.12393234457303257
1.3500000000000059,1.9800000000000064,0.039295071179642094,-0.12425132323992875
1.3500000000000059,1.9500000000000064,0.039074856655607636,-0.12457951515848631
1.3500000000000059,1.9200000000000064,0.038848249665871054,-0.12491732385831567
1.3500000000000059,1.8900000000000063,0.038614968912306494,-0.1252651766891122
1.3500000000000059,1.8600000000000063,0.03837471642001025,-0.12562352659704287
1.3500000000000059,1.8300000000000063,0.03812717628876415,-0.12599285406161706
1.3500000000000059,1.8000000000000063,0.03787201333131579,-0.12637366921036808
1.3500000000000059,1.7700000000000062,0.037608871586263234,-0.12676651413056825
1.3500000000000059,1.7400000000000062,0.03733737269187931,-0.1271719653994579
1.3500000000000059,1.7100000000000062,0.03705711410572732,-0.1275906368573358
1.3500000000000059,1.6800000000000062,0.036767667152775185,-0.12802318265138238
1.3500000000000059,1.6500000000000061,0.03646857488250543,-0.12847030058065795
1.3500000000000059,1.620000000000006,0.03615934971295853,-0.12893273577813255
1.3500000000000059,1.590000000000006,0.03583947083697295,-0.1294112847694178
1.3500000000000059,1.560000000000006,0.03550838136212743,-0.12990679995347507
1.3500000000000059,1.530000000000006,0.035165485152258244,-0.13042019455753498
1.3500000000000059,1.500000000000006,0.034810143333849776,-0.13095244812481224
1.3500000000000059,1.470000000000006,0.03444167042565596,-0.13150461260297724
1.3500000000000059,1.440000000000006,0.03405933004309852,-0.13207781911079533
1.3500000000000059,1.410000000000006,0.03366233012338092,-0.13267328547182622
1.3500000000000059,1.3800000000000059,0.033249817607325496,-0.13329232461788232
1.3500000000000059,1.3500000000000059,0.032820872505830934,-0.13393635398056714
1.3500000000000059,1.3200000000000058,0.032374501267175504,-0.13460690600773534
1.3500000000000059,1.2900000000000058,0.03190962934749787,-0.13530563996364126
1.3500000000000059,1.2600000000000058,0.03142509287287376,-0.1360343551978611
1.3500000000000059,1.2300000000000058,0.030919629261252177,-0.1367950060975241
1.3500000000000059,1.2000000000000057,0.030391866652498507,-0.13758971897552114
1.3500000000000059,1.1700000000000057,0.029840311967856095,-0.1384208111890129
1.3500000000000059,1.1400000000000057,0.029263337390277547,-0.13929081283575692
1.3500000000000059,1.1100000000000056,0.02865916501981268,-0.14020249143726649
1.3500000000000059,1.0800000000000056,0.028025849415131556,-0.14115888009304103
1.3500000000000059,1.0500000000000056,0.027361257678927955,-0.14216330967996943
1.3500000000000059,1.0200000000000056,0.02666304668149027,-0.14321944578157453
1.3500000000000059,0.9900000000000055,0.02592863694033652,-0.14433133116381736
1.3500000000000059,0.9600000000000055,0.025155182579638787,-0.1455034347773878
1.3500000000000059,0.9300000000000055,0.02433953667999976,-0.1467407084658065
1.3500000000000059,0.9000000000000055,0.02347821118982403,-0.14804865280353133
1.3500000000000059,0.8700000000000054,0.022567330398152168,-0.14943339379216974
1.3500000000000059,0.8400000000000054,0.021602576758686966,-0.150901772518491
1.3500000000000059,0.8100000000000054,0.020579127592219075,-0.15246145034998124
1.3500000000000059,0.7800000000000054,0.019491580870093787,-0.1541210328319997
1.3500000000000059,0.7500000000000053,0.018333867871774358,-0.15589021619863394
1.3500000000000059,0.7200000000000053,0.017099149994743587,-0.15777996135732528
1.3500000000000059,0.6900000000000053,0.015779696338931108,-0.15980270142512837
1.3500000000000059,0.6600000000000052,0.014366737843377901,-0.16197259047308832
1.3500000000000059,0.6300000000000052,0.012850292656216938,-0.16430580320273863
1.3500000000000059,0.6000000000000052,0.011218955964366319,-0.1668208980312751
1.3500000000000059,0.5700000000000052,0.00945964554895493,-0.1695392597938618
1.3500000000000059,0.5400000000000051,0.007557291614074589,-0.17248564344357806
1.3500000000000059,0.5100000000000051,0.00549445554738336,-0.1756888475164935
1.3500000000000059,0.4800000000000051,0.003250856489608726,-0.17918255703852629
1.3500000000000059,0.45000000000000506,0.0008027756050020894,-0.18300641233498527
1.3500000000000059,0.42000000000000504,-0.0018777066953380092,-0.18720738720636232
1.3500000000000059,0.390000000000005,-0.004823710351172985,-0.19184160547667328
1.3500000000000059,0.360000000000005,-0.008074906617818962,-0.19697680539130694
1.3500000000000059,0.33000000000000496,-0.011679418345324873,-0.2026958098482748
1.3500000000000059,0.30000000000000493,-0.01569662836618875,-0.20910164529573655
1.3500000000000059,0.2700000000000049,-0.02020157407430719,-0.21632551706866038
1.3500000000000059,0.2400000000000049,-0.02529225613060634,-0.22454000291231377
1.3500000000000059,0.2100000000000049,-0.031102545959673433,-0.23398225440899106
1.3500000000000059,0.1800000000000049,-0.037826312810336854,-0.24499730829182642
1.3500000000000059,0.1500000000000049,-0.0457651894683286,-0.25812405646067127
1.3500000000000059,0.12000000000000491,-0.05543037441874861,-0.2742796235493907
1.3500000000000059,0.09000000000000491,-0.033480161780287974,-0.29520770585789613
1.3500000000000059,0.06000000000000491,-0.016979851848558693,-0.32484539864567075
1.3500000000000059,0.03000000000000491,-0.0072123449395203295,-0.3757330476178158
1.3200000000000058,3,0.04442439123908935,-0.11951588120186538
1.3200000000000058,2.97,0.04432258954403464,-0.1196678997968166
1.3200000000000058,2.9400000000000004,0.04421880411600375,-0.11982289963690582
1.3200000000000058,2.9100000000000006,0.04411297650054226,-0.11998096914638609
1.3200000000000058,2.880000000000001,0.04400504592795865,-0.12014220027545072
1.3200000000000058,2.850000000000001,0.04389494919766346,-0.12030668867718544
1.3200000000000058,2.820000000000001,0.04378262055580821,-0.12047453389585683
1.3200000000000058,2.7900000000000014,0.04366799156517677,-0.12064583956616445
1.3200000000000058,2.7600000000000016,0.043550990967071115,-0.12082071362526262
1.3200000000000058,2.7300000000000018,0.043431544534935966,-0.12099926853784923
1.3200000000000058,2.700000000000002,0.04330957491837374,-0.12118162153572763
1.3200000000000058,2.670000000000002,0.043185001477462265,-0.12136789487239724
1.3200000000000058,2.6400000000000023,0.04305774010643798,-0.12155821609442712
1.3200000000000058,2.6100000000000025,0.04292770304585128,-0.12175271833034904
1.3200000000000058,2.5800000000000027,0.04279479868247154,-0.12195154059878877
1.3200000000000058,2.550000000000003,0.042658931335920115,-0.12215482813703038
1.3200000000000058,2.520000000000003,0.0425200010309682,-0.1223627327519411
1.3200000000000058,2.4900000000000033,0.04237790325445827,-0.122575413194766
1.3200000000000058,2.4600000000000035,0.04223252869552222,-0.12279303556180288
1.3200000000000058,2.4300000000000037,0.04208376296779184,-0.12301577372318173
1.3200000000000058,2.400000000000004,0.04193148631226938,-0.12324380978177248
1.3200000000000058,2.370000000000004,0.04177557327887883,-0.12347733456512996
1.3200000000000058,2.3400000000000043,0.04161589238541258,-0.12371654815280998
1.3200000000000058,2.3100000000000045,0.04145230575160565,-0.12396166044245363
1.3200000000000058,2.2800000000000047,0.041284668706439806,-0.12421289175776828
1.3200000000000058,2.250000000000005,0.04111282936595585,-0.12447047350208784
1.3200000000000058,2.220000000000005,0.04093662817975781,-0.12473464886164659
1.3200000000000058,2.1900000000000053,0.04075589744254321,-0.12500567356278866
1.3200000000000058,2.1600000000000055,0.04057046076819457,-0.12528381668834812
1.3200000000000058,2.1300000000000057,0.04038013252270452,-0.1255693615582308
1.3200000000000058,2.100000000000006,0.04018471721221718,-0.12586260668044602
1.3200000000000058,2.070000000000006,0.03998400882204453,-0.12616386677906596
1.3200000000000058,2.0400000000000063,0.039777790101966026,-0.12647347390669406
1.3200000000000058,2.0100000000000064,0.03956583179274467,-0.1267917786490741
1.3200000000000058,1.9800000000000064,0.03934789178816023,-0.12711915143160252
1.3200000000000058,1.9500000000000064,0.0391237142259782,-0.1274559839371755
1.3200000000000058,1.9200000000000064,0.0388930285013185,-0.12780269064704805
1.3200000000000058,1.8900000000000063,0.03865554819401791,-0.12815971051705832
1.3200000000000058,1.8600000000000063,0.03841096990146951,-0.12852750880316452
1.3200000000000058,1.8300000000000063,0.038158971967118815,-0.12890657905238814
1.3200000000000058,1.8000000000000063,0.03789921309362583,-0.12929744527597545
1.3200000000000058,1.7700000000000062,0.0376313308281183,-0.12970066432566474
1.3200000000000058,1.7400000000000062,0.037354939906096306,-0.13011682849402625
1.3200000000000058,1.7100000000000062,0.03706963043812023,-0.13054656836512
1.3200000000000058,1.6800000000000062,0.03677496592168267,-0.13099055594278738
1.3200000000000058,1.6500000000000061,0.03647048105866145,-0.1314495080891504
1.3200000000000058,1.620000000000006,0.0361556793557545,-0.13192419030931493
1.3200000000000058,1.590000000000006,0.03583003048246412,-0.13241542092326303
1.3200000000000058,1.560000000000006,0.03549296735799195,-0.13292407567188216
1.3200000000000058,1.530000000000006,0.0351438829340723,-0.13345109281023748
1.3200000000000058,1.500000000000006,0.03478212663636024,-0.13399747874880247
1.3200000000000058,1.470000000000006,0.03440700042185742,-0.1345643143122421
1.3200000000000058,1.440000000000006,0.03401775440349736,-0.13515276169539858
1.3200000000000058,1.410000000000006,0.033613581985896444,-0.13576407220804648
1.3200000000000058,1.3800000000000059,0.03319361444801328,-0.13639959491365106
1.3200000000000058,1.3500000000000059,0.03275691489871144,-0.13706078628422264
1.3200000000000058,1.3200000000000058,0.03230247151967314,-0.13774922101145556
1.3200000000000058,1.2900000000000058,0.031829189996989346,-0.1384666041380107
1.3200000000000058,1.2600000000000058,0.031335885026319746,-0.1392147846982506
1.3200000000000058,1.2300000000000058,0.030821270758972726,-0.1399957710902168
1.3200000000000058,1.2000000000000057,0.030283950032916618,-0.14081174843736127
1.3200000000000058,1.1700000000000057,0.029722402207157994,-0.14166509824349188
1.3200000000000058,1.1400000000000057,0.029134969386963232,-0.14255842069754016
1.3200000000000058,1.1100000000000056,0.02851984078910081,-0.14349456004886244
1.3200000000000058,1.0800000000000056,0.02787503495284153,-0.14447663355033413
1.3200000000000058,1.0500000000000056,0.027198379447337367,-0.14550806456005247
1.3200000000000058,1.0200000000000056,0.026487487662358478,-0.14659262050376326
1.3200000000000058,0.9900000000000055,0.025739732190285684,-0.1477344565386044
1.3200000000000058,0.9600000000000055,0.02495221421206248,-0.14893816592381617
1.3200000000000058,0.9300000000000055,0.02412172818382067,-0.1502088383101131
1.3200000000000058,0.9000000000000055,0.023244720979353824,-0.1515521274103865
1.3200000000000058,0.8700000000000054,0.02231724446793391,-0.15297432982595682
1.3200000000000058,0.8400000000000054,0.021334900293301748,-0.1544824771883773
1.3200000000000058,0.8100000000000054,0.02029277535141103,-0.15608444425969198
1.3200000000000058,0.7800000000000054,0.019185366133199197,-0.15778907623873117
1.3200000000000058,0.7500000000000053,0.01800648968052082,-0.1596063392856245
1.3200000000000058,0.7200000000000053,0.016749178378266512,-0.16154749924851325
1.3200000000000058,0.6900000000000053,0.015405555134844467,-0.1636253348231474
1.3200000000000058,0.6600000000000052,0.013966684642081464,-0.16585439298974664
1.3200000000000058,0.6300000000000052,0.012422395284153209,-0.16825129668693437
1.3200000000000058,0.6000000000000052,0.010761064780311747,-0.17083511749501676
1.3200000000000058,0.5700000000000052,0.0089693606433065,-0.17362782991116732
1.3200000000000058,0.5400000000000051,0.007031923757305756,-0.17665486908245054
1.3200000000000058,0.5100000000000051,0.004930979407720073,-0.17994582139845477
1.3200000000000058,0.4800000000000051,0.0026458541874066154,-0.18353528848035208
1.3200000000000058,0.45000000000000506,0.00015236802796114723,-0.18746398223193045
1.3200000000000058,0.42000000000000504,-0.002577944345564416,-0.19178013618534961
1.3200000000000058,0.390000000000005,-0.005578853790900766,-0.19654136489154778
1.3200000000000058,0.360000000000005,-0.008890815909864432,-0.20181718534690524
1.3200000000000058,0.33000000000000496,-0.012562911074195377,-0.20769256630399968
1.3200000000000058,0.30000000000000493,-0.01665571154299659,-0.2142731627240641
1.3200000000000058,0.2700000000000049,-0.02124576774138296,-0.22169347072336398
1.3200000000000058,0.2400000000000049,-0.02643306899909597,-0.23013031926649524
1.3200000000000058,0.2100000000000049,-0.032354218893360154,-0.23982659899528844
1.3200000000000058,0.1800000000000049,-0.03920706291534889,-0.2511355616280139
1.3200000000000058,0.1500000000000049,-0.04729944848886247,-0.2646087470810522
1.3200000000000058,0.12000000000000491,-0.05715316058475793,-0.28118452211709555
1.3200000000000058,0.09000000000000491,-0.032826383050428974,-0.30264641669201076
1.3200000000000058,0.06000000000000491,-0.016872069410397195,-0.33302014292651505
1.3200000000000058,0.03000000000000491,-0.007196399481068665,-0.3851244163688185
1.2900000000000058,3,0.04456494430489455,-0.12200086763843043
1.2900000000000058,2.97,0.04446127776271577,-0.12215684313213865
1.2900000000000058,2.9400000000000004,0.044355591013230194,-0.12231587900206867
1.2900000000000058,2.9100000000000006,0.0442478245230044,-0.12247806606304729
1.2900000000000058,2.880000000000001,0.04413791640048283,-0.12264349875266745
1.2900000000000058,2.850000000000001,0.04402580227817146,-0.12281227531350897
1.2900000000000058,2.820000000000001,0.0439114151878974,-0.1229844979863493
1.2900000000000058,2.7900000000000014,0.043794685428376265,-0.1231602732152843
1.2900000000000058,2.7600000000000016,0.043675540424629546,-0.12333971186545545
1.2900000000000058,2.7300000000000018,0.04355390457862163,-0.12352292945469004
1.2900000000000058,2.700000000000002,0.04342969911052283,-0.12371004639952585
1.2900000000000058,2.670000000000002,0.04330284189001542,-0.12390118827717914
1.2900000000000058,2.6400000000000023,0.04317324725644937,-0.12409648610442031
1.2900000000000058,2.6100000000000025,0.04304082582775977,-0.12429607663466244
1.2900000000000058,2.5800000000000027,0.042905484296505945,-0.12450010267470968
1.2900000000000058,2.550000000000003,0.04276712521241927,-0.12470871342264439
1.2900000000000058,2.520000000000003,0.042625646750743006,-0.12492206482863896
1.2900000000000058,2.4900000000000033,0.042480942464283286,-0.12514031998034095
1.2900000000000058,2.4600000000000035,0.04233290101900753,-0.12536364951485862
1.2900000000000058,2.4300000000000037,0.042181405910967244,-0.12559223205969278
1.2900000000000058,2.400000000000004,0.04202633516359544,-0.1258262547047328
1.2900000000000058,2.370000000000004,0.04186756100335822,-0.1260659135080153
1.2900000000000058,2.3400000000000043,0.041704949512362255,-0.12631141403807106
1.2900000000000058,2.3100000000000045,0.04153836025541392,-0.12656297195620325
1.2900000000000058,2.2800000000000047,0.0413676458800656,-0.1268208136416143
1.2900000000000058,2.250000000000005,0.04119265168666085,-0.1270851768636986
1.2900000000000058,2.220000000000005,0.04101321516605378,-0.12735631150537902
1.2900000000000058,2.1900000000000053,0.04082916550223309,-0.12763448034185948
1.2900000000000058,2.1600000000000055,0.04064032303641485,-0.12791995988041552
1.2900000000000058,2.1300000000000057,0.04044649868932963,-0.1282130412661591
1.2900000000000058,2.100000000000006,0.0402474933379197,-0.12851403126035993
1.2900000000000058,2.070000000000006,0.04004309714170951,-0.1288232532978663
1.2900000000000058,2.0400000000000063,0.03983308881487965,-0.1291410486315438
1.2900000000000058,2.0100000000000064,0.03961723483814807,-0.1294677775715291
1.2900000000000058,1.9800000000000064,0.039395288604984646,-0.12980382082934938
1.2900000000000058,1.9500000000000064,0.03916698949566552,-0.13014958097673568
1.2900000000000058,1.9200000000000064,0.038932061871826115,-0.13050548403086157
1.2900000000000058,1.8900000000000063,0.038690213983806884,-0.13087198117911908
1.2900000000000058,1.8600000000000063,0.03844113678138635,-0.13124955065746227
1.2900000000000058,1.8300000000000063,0.03818450261829098,-0.13163869979898343
1.2900000000000058,1.8000000000000063,0.037919963839238124,-0.13203996727035602
1.2900000000000058,1.7700000000000062,0.037647151236513576,-0.1324539255168395
1.2900000000000058,1.7400000000000062,0.037365672362697694,-0.1328811834386815
1.2900000000000058,1.7100000000000062,0.037075109682823224,-0.1333223893244822
1.2900000000000058,1.6800000000000062,0.0367750185488753,-0.1337782340710655
1.2900000000000058,1.6500000000000061,0.03646492497575231,-0.1342494547222121
1.2900000000000058,1.620000000000006,0.03614432319620818,-0.13473683836429023
1.2900000000000058,1.590000000000006,0.035812672968817516,-0.13524122642032227
1.2900000000000058,1.560000000000006,0.03546939660948541,-0.13576351939115497
1.2900000000000058,1.530000000000006,0.035113875713029624,-0.1363046820984219
1.2900000000000058,1.500000000000006,0.034745447527104165,-0.13686574949173724
1.2900000000000058,1.470000000000006,0.03436340093440622,-0.13744783309195213
1.2900000000000058,1.440000000000006,0.0339669719938316,-0.13805212815228518
1.2900000000000058,1.410000000000006,0.03355533898358878,-0.1386799216320267
1.2900000000000058,1.3800000000000059,0.033127616880158854,-0.13933260109086437
1.2900000000000058,1.3500000000000059,0.03268285119846504,-0.14001166462970643
1.2900000000000058,1.3200000000000058,0.03222001110532649,-0.1407187320226788
1.2900000000000058,1.2900000000000058,0.03173798170593848,-0.1414555572085385
1.2900000000000058,1.2600000000000058,0.031235555386087462,-0.1422240423373084
1.2900000000000058,1.2300000000000058,0.030711422074545792,-0.14302625359990875
1.2900000000000058,1.2000000000000057,0.030164158266695492,-0.14386443910738866
1.2900000000000058,1.1700000000000057,0.029592214624578686,-0.14474104913246816
1.2900000000000058,1.1400000000000057,0.02899390193599985,-0.14565875908060488
1.2900000000000058,1.1100000000000056,0.028367375177410333,-0.14662049562398624
1.2900000000000058,1.0800000000000056,0.027710615380222015,-0.1476294665107088
1.2900000000000058,1.0500000000000056,0.027021408944258647,-0.14868919465742259
1.2900000000000058,1.0200000000000056,0.026297323977089282,-0.14980355724943728
1.2900000000000058,0.9900000000000055,0.02553568315700385,-0.15097683071256027
1.2900000000000058,0.9600000000000055,0.024733532520997237,-0.15221374259355855
1.2900000000000058,0.9300000000000055,0.023887605459772695,-0.1535195315964123
1.2900000000000058,0.9000000000000055,0.02299428105790914,-0.15490001728002678
1.2900000000000058,0.8700000000000054,0.022049535738060386,-0.15636168124374045
1.2900000000000058,0.8400000000000054,0.021048886949441296,-0.15791176202413276
1.2900000000000058,0.8100000000000054,0.01998732736755511,-0.15955836642188315
1.2900000000000058,0.7800000000000054,0.018859247732886046,-0.1613106005998723
1.2900000000000058,0.7500000000000053,0.01765834603075673,-0.1631787250785111
1.2900000000000058,0.7200000000000053,0.016377520176169995,-0.16517433875199272
1.2900000000000058,0.6900000000000053,0.015008740683691898,-0.1673105983284699
1.2900000000000058,0.6600000000000052,0.013542898922086407,-0.16960248125192284
1.2900000000000058,0.6300000000000052,0.01196962540674628,-0.17206710233117628
1.2900000000000058,0.6000000000000052,0.010277071066483148,-0.17472409718192375
1.2900000000000058,0.5700000000000052,0.008451642372842256,-0.17759608948702868
1.2900000000000058,0.5400000000000051,0.006477678381312753,-0.1807092644842064
1.2900000000000058,0.5100000000000051,0.004337053673546165,-0.18409407879443174
1.2900000000000058,0.4800000000000051,0.002008685151697,-0.18778614808408403
1.2900000000000058,0.45000000000000506,-0.0005320887417860467,-0.19182737155908938
1.2900000000000058,0.42000000000000504,-0.003314303081061634,-0.19626738046869477
1.2900000000000058,0.390000000000005,-0.006372408594903372,-0.20116544536687803
1.2900000000000058,0.360000000000005,-0.009747680365552461,-0.20659306103371722
1.2900000000000058,0.33000000000000496,-0.013490199493564193,-0.21263758344106432
1.2900000000000058,0.30000000000000493,-0.01766178173951284,-0.21940759166336055
1.2900000000000058,0.2700000000000049,-0.022340559851769116,-0.22704124002337184
1.2900000000000058,0.2400000000000049,-0.027628603518634533,-0.23572007595267602
1.2900000000000058,0.2100000000000049,-0.03366537516286197,-0.24569334432094303
1.2900000000000058,0.1800000000000049,-0.04065288174135434,-0.25732336331131395
1.2900000000000058,0.1500000000000049,-0.048905475886485736,-0.27117558053928337
1.2900000000000058,0.12000000000000491,-0.05895602590660652,-0.2882116278177004
1.2900000000000058,0.09000000000000491,-0.03222249135988797,-0.3102584672558101
1.2900000000000058,0.06000000000000491,-0.016766578482153495,-0.3414378875209011
1.2900000000000058,0.03000000000000491,-0.0071805647130843255,-0.3948679838827259
1.2600000000000058,3,0.04470339930182842,-0.12423211703447667
1.2600000000000058,2.97,0.04459779194205242,-0.12439215704499187
1.2600000000000058,2.9400000000000004,0.04449012640916749,-0.12455533950654017
1.2600000000000058,2.9100000000000006,0.04438034204651295,-0.12472175773610814
1.2600000000000058,2.880000000000001,0.04426837579458,-0.12489150877591493
1.2600000000000058,2.850000000000001,0.044154162071008446,-0.12506469358077277
1.2600000000000058,2.820000000000001,0.04403763264347714,-0.12524141721699605
1.2600000000000058,2.7900000000000014,0.04391871649472842,-0.12542178907331242
1.2600000000000058,2.7600000000000016,0.043797339679322395,-0.12560592308518792
1.2600000000000058,2.7300000000000018,0.04367342517139251,-0.12579393797286742
1.2600000000000058,2.700000000000002,0.04354689270300442,-0.12598595749485436
1.2600000000000058,2.670000000000002,0.04341765859202672,-0.12618211071738228
1.2600000000000058,2.6400000000000023,0.04328563555912164,-0.12638253230143806
1.2600000000000058,2.6100000000000025,0.04315073253279292,-0.12658736280856636
1.2600000000000058,2.5800000000000027,0.04301285444161854,-0.1267967490268747
1.2600000000000058,2.550000000000003,0.04287190199279567,-0.12701084431890788
1.2600000000000058,2.520000000000003,0.04272777143573697,-0.1272298089929581
1.2600000000000058,2.4900000000000033,0.04258035430967266,-0.12745381069982775
1.2600000000000058,2.4600000000000035,0.04242953717404306,-0.12768302485700278
1.2600000000000058,2.4300000000000037,0.042275201320140475,-0.12791763510251852
1.2600000000000058,2.400000000000004,0.04211722246244981,-0.12815783378096135
1.2600000000000058,2.370000000000004,0.04195547040827977,-0.12840382246418414
1.2600000000000058,2.3400000000000043,0.04178980870351065,-0.128655812509784
1.2600000000000058,2.3100000000000045,0.0416200942527844,-0.12891402566054516
1.2600000000000058,2.2800000000000047,0.041446176911666494,-0.12917869468835608
1.2600000000000058,2.250000000000005,0.04126789904853357,-0.1294500640863705
1.2600000000000058,2.220000000000005,0.04108509507346659,-0.12972839081398915
1.2600000000000058,2.1900000000000053,0.04089759093129313,-0.13001394509900838
1.2600000000000058,2.1600000000000055,0.04070520355542412,-0.13030701130239145
1.2600000000000058,2.1300000000000057,0.04050774027910266,-0.13060788885135033
1.2600000000000058,2.100000000000006,0.04030499819997761,-0.13091689324703337
1.2600000000000058,2.070000000000006,0.04009676349375066,-0.13123435715385573
1.2600000000000058,2.0400000000000063,0.03988281067206849,-0.13156063157829137
1.2600000000000058,2.0100000000000064,0.03966290177940801,-0.13189608714591433
1.2600000000000058,1.9800000000000064,0.03943678552274457,-0.1322411154859463
1.2600000000000058,1.9500000000000064,0.039204196327875224,-0.13259613073449356
1.2600000000000058,1.9200000000000064,0.038964853314561565,-0.13296157116802343
1.2600000000000058,1.8900000000000063,0.03871845918280128,-0.13333790098054082
1.2600000000000058,1.8600000000000063,0.03846469900063529,-0.13372561221953538
1.2600000000000058,1.8300000000000063,0.03820323888380044,-0.13412522689700762
1.2600000000000058,1.8000000000000063,0.03793372455524263,-0.1345372992947093
1.2600000000000058,1.7700000000000062,0.03765577977209725,-0.13496241848408613
1.2600000000000058,1.7400000000000062,0.037369004605660665,-0.13540121108522746
1.2600000000000058,1.7100000000000062,0.03707297355787139,-0.1358543442907721
1.2600000000000058,1.6800000000000062,0.036767233496552185,-0.1363225291851765
1.2600000000000058,1.6500000000000061,0.03645130138834647,-0.1368065243935202
1.2600000000000058,1.620000000000006,0.0361246618060978,-0.13730714009772502
1.2600000000000058,1.590000000000006,0.0357867641847502,-0.13782524246465072
1.2600000000000058,1.560000000000006,0.03543701979503584,-0.13836175853511073
1.2600000000000058,1.530000000000006,0.03507479840142497,-0.13891768163091045
1.2600000000000058,1.500000000000006,0.034699424565429654,-0.13949407734400202
1.2600000000000058,1.470000000000006,0.034310173549503116,-0.14009209018228141
1.2600000000000058,1.440000000000006,0.033906266771381664,-0.1407129509564688
1.2600000000000058,1.410000000000006,0.033486866750198185,-0.14135798500528945
1.2600000000000058,1.3800000000000059,0.03305107147778751,-0.14202862137151434
1.2600000000000058,1.3500000000000059,0.03259790813819585,-0.14272640305807954
1.2600000000000058,1.3200000000000058,0.03212632608620622,-0.14345299851398446
1.2600000000000058,1.2900000000000058,0.0316351889825194,-0.1442102145239878
1.2600000000000058,1.2600000000000058,0.031123265966016597,-0.14500001070380325
1.2600000000000058,1.2300000000000058,0.030589221724404328,-0.14582451583669886
1.2600000000000058,1.2000000000000057,0.030031605301809892,-0.14668604632640742
1.2600000000000058,1.1700000000000057,0.029448837453993675,-0.14758712708969338
1.2600000000000058,1.1400000000000057,0.028839196330055408,-0.1485305152677468
1.2600000000000058,1.1100000000000056,0.028200801219764544,-0.14951922720408997
1.2600000000000058,1.0800000000000056,0.027531594060138352,-0.1505565692184205
1.2600000000000058,1.0500000000000056,0.026829318337868998,-0.15164617280443507
1.2600000000000058,1.0200000000000056,0.026091494957320882,-0.1527920349994885
1.2600000000000058,0.9900000000000055,0.025315394562050217,-0.15399856481884144
1.2600000000000058,0.9600000000000055,0.024498005698150853,-0.15527063682586528
1.2600000000000058,0.9300000000000055,0.02363599808733876,-0.15661365312468575
1.2600000000000058,0.9000000000000055,0.022725680129269524,-0.15803361533198182
1.2600000000000058,0.8700000000000054,0.021762949570678917,-0.15953720841162533
1.2600000000000058,0.8400000000000054,0.02074323605467153,-0.1611318986684358
1.2600000000000058,0.8100000000000054,0.019661433985177487,-0.16282604870589143
1.2600000000000058,0.7800000000000054,0.018511823794353587,-0.16462905279552453
1.2600000000000058,0.7500000000000053,0.01728797926573952,-0.1665514969125672
1.2600000000000058,0.7200000000000053,0.015982658016365968,-0.1686053487206206
1.2600000000000058,0.6900000000000053,0.01458767154187712,-0.17080418410283899
1.2600000000000058,0.6600000000000052,0.013093730327742128,-0.17316345853866028
1.2600000000000058,0.6300000000000052,0.011490258358647178,-0.17570083385091212
1.2600000000000058,0.6000000000000052,0.00976516980618454,-0.17843657380311972
1.2600000000000058,0.5700000000000052,0.007904598580227051,-0.1813940260248731
1.2600000000000058,0.5400000000000051,0.005892568525942492,-0.18460021327730716
1.2600000000000058,0.5100000000000051,0.0037105878951225026,-0.18808656495628803
1.2600000000000058,0.4800000000000051,0.0013371455459735074,-0.19188983137318927
1.2600000000000058,0.45000000000000506,-0.0012529232646771278,-0.19605324125834275
1.2600000000000058,0.42000000000000504,-0.004089249248886104,-0.20062799176068327
1.2600000000000058,0.390000000000005,-0.007206994047180839,-0.20567520891005367
1.2600000000000058,0.360000000000005,-0.010648289908619223,-0.21126860270355058
1.2600000000000058,0.33000000000000496,-0.014464265033434016,-0.21749820035428696
1.2600000000000058,0.30000000000000493,-0.01871803674792554,-0.22447584743145788
1.2600000000000058,0.2700000000000049,-0.02348939456436039,-0.232343774506256
1.2600000000000058,0.2400000000000049,-0.028882587074183168,-0.24128876893948176
1.2600000000000058,0.2100000000000049,-0.03504007175435546,-0.25156710316022207
1.2600000000000058,0.1800000000000049,-0.04216821620482365,-0.2635510773935176
1.2600000000000058,0.1500000000000049,-0.05058819076380351,-0.2778213818652718
1.2600000000000058,0.12000000000000491,-0.06084448146077334,-0.29536503302245937
1.2600000000000058,0.09000000000000491,-0.03166136670304402,-0.3180561609239497
1.2600000000000058,0.06000000000000491,-0.016663289576518844,-0.35012032076359323
1.2600000000000058,0.03000000000000491,-0.00716483924982569,-0.40499662049714974
1.2300000000000058,3,0.04483948187341667,-0.12611739756338144
1.2300000000000058,2.97,0.0447318528340765,-0.12628161275265198
1.2300000000000058,2.9400000000000004,0.04462212606798644,-0.12644905583502403
1.2300000000000058,2.9100000000000006,0.04451023974804326,-0.1266198227647647
1.2300000000000058,2.880000000000001,0.04439612959770975,-0.12679401333047105
1.2300000000000058,2.850000000000001,0.044279728768714346,-0.12697173134820544
1.2300000000000058,2.820000000000001,0.044160967711502463,-0.12715308486631854
1.2300000000000058,2.7900000000000014,0.044039774037496975,-0.12733818638297273
1.2300000000000058,2.7600000000000016,0.04391607237315974,-0.12752715307709514
1.2300000000000058,2.7300000000000018,0.04378978420485502,-0.12772010705379688
1.2300000000000058,2.700000000000002,0.04366082771382572,-0.12791717560560578
1.2300000000000058,2.670000000000002,0.043529117600966824,-0.1281184914901493
1.2300000000000058,2.6400000000000023,0.04339456490009453,-0.12832419322599972
1.2300000000000058,2.6100000000000025,0.043257076779196116,-0.12853442540797452
1.2300000000000058,2.5800000000000027,0.04311655632869337,-0.1287493390430849
1.2300000000000058,2.550000000000003,0.04297290233552911,-0.12896909190921022
1.2300000000000058,2.520000000000003,0.04282600904228071,-0.12919384893785432
1.2300000000000058,2.4900000000000033,0.042675765889783016,-0.12942378262334697
1.2300000000000058,2.4600000000000035,0.042522057242245365,-0.12965907346005287
1.2300000000000058,2.4300000000000037,0.04236476209320272,-0.12989991041050927
1.2300000000000058,2.400000000000004,0.042203753750957945,-0.13014649140646709
1.2300000000000058,2.370000000000004,0.042038899501563295,-0.13039902388606164
1.2300000000000058,2.3400000000000043,0.04187006024780825,-0.13065772536974402
1.2300000000000058,2.3100000000000045,0.04169709012187689,-0.13092282407855307
1.2300000000000058,2.2800000000000047,0.04151983606954336,-0.1311945595983645
1.2300000000000058,2.250000000000005,0.04133813740345422,-0.1314731835939336
1.2300000000000058,2.220000000000005,0.041151825322837864,-0.13175896057745687
1.2300000000000058,2.1900000000000053,0.04096072239658077,-0.13205216873621362
1.2300000000000058,2.1600000000000055,0.040764642006272334,-0.13235310082485224
1.2300000000000058,2.1300000000000057,0.040563387746034206,-0.13266206512825274
1.2300000000000058,2.100000000000006,0.0403567527744417,-0.13297938650149796
1.2300000000000058,2.070000000000006,0.04014451911486863,-0.13330540749410397
1.2300000000000058,2.0400000000000063,0.03992645689865785,-0.13364048956683394
1.2300000000000058,2.0100000000000064,0.03970232354622595,-0.13398501440976368
1.2300000000000058,1.9800000000000064,0.03947186287966006,-0.13433938537179585
1.2300000000000058,1.9500000000000064,0.03923480416036176,-0.13470402901259065
1.2300000000000058,1.9200000000000064,0.03899086104406675,-0.13507939678911596
1.2300000000000058,1.8900000000000063,0.03873973044514532,-0.13546596689096124
1.2300000000000058,1.8600000000000063,0.03848109130049271,-0.1358642462394192
1.2300000000000058,1.8300000000000063,0.038214603223004615,-0.13627477266798338
1.2300000000000058,1.8000000000000063,0.03793990503279547,-0.13669811730330625
1.2300000000000058,1.7700000000000062,0.03765661315304232,-0.13713488716845912
1.2300000000000058,1.7400000000000062,0.03736431985578235,-0.1375857280331639
1.2300000000000058,1.7100000000000062,0.037062591341288365,-0.13805132753816607
1.2300000000000058,1.6800000000000062,0.03675096563221402,-0.13853241862516186
1.2300000000000058,1.6500000000000061,0.03642895026176585,-0.13902978330744997
1.2300000000000058,1.620000000000006,0.03609601973147335,-0.13954425682103266
1.2300000000000058,1.590000000000006,0.03575161271257553,-0.14007673220151778
1.2300000000000058,1.560000000000006,0.03539512895955494,-0.14062816533828038
1.2300000000000058,1.530000000000006,0.03502592590169165,-0.14119958056460868
1.2300000000000058,1.500000000000006,0.03464331487246404,-0.1417920768503779
1.2300000000000058,1.470000000000006,0.034246556931994965,-0.1424068346745033
1.2300000000000058,1.440000000000006,0.03383485823058678,-0.14304512366449415
1.2300000000000058,1.410000000000006,0.033407364853710875,-0.14370831110398868
1.2300000000000058,1.3800000000000059,0.03296315708088744,-0.1443978714250176
1.2300000000000058,1.3500000000000059,0.032501242979146645,-0.14511539681852045
1.2300000000000058,1.3200000000000058,0.03202055124092518,-0.1458626091188057
1.2300000000000058,1.2900000000000058,0.0315199231611487,-0.14664137314168127
1.2300000000000058,1.2600000000000058,0.030998103631939375,-0.1474537116861518
1.2300000000000058,1.2300000000000058,0.03045373101332962,-0.14830182244321716
1.2300000000000058,1.2000000000000057,0.029885325714965657,-0.14918809709785946
1.2300000000000058,1.1700000000000057,0.029291277295874225,-0.15011514295854622
1.2300000000000058,1.1400000000000057,0.028669829856224124,-0.15108580750777292
1.2300000000000058,1.1100000000000056,0.02801906545525553,-0.15210320633780738
1.2300000000000058,1.0800000000000056,0.027336885241963982,-0.15317075502045285
1.2300000000000058,1.0500000000000056,0.02662098792803396,-0.15429220556188136
1.2300000000000058,1.0200000000000056,0.02586884516358822,-0.15547168821786098
1.2300000000000058,0.9900000000000055,0.02507767329251597,-0.1567137595953696
1.2300000000000058,0.9600000000000055,0.024244400863468664,-0.15802345814995106
1.2300000000000058,0.9300000000000055,0.023365631147952613,-0.15940636841394135
1.2300000000000058,0.9000000000000055,0.022437598766963766,-0.16086869556690062
1.2300000000000058,0.8700000000000054,0.021456119340433507,-0.16241735230157814
1.2300000000000058,0.8400000000000054,0.02041653084546844,-0.16406006036257992
1.2300000000000058,0.8100000000000054,0.019313625084107933,-0.16580546966364906
1.2300000000000058,0.7800000000000054,0.018141567306686538,-0.16766329855122025
1.2300000000000058,0.7500000000000053,0.016893801592495428,-0.1696444996172354
1.2300000000000058,0.7200000000000053,0.015562939026667033,-0.17176145652408392
1.2300000000000058,0.6900000000000053,0.014140624997211849,-0.17402821866031348
1.2300000000000058,0.6600000000000052,0.012617381015074843,-0.17646078219807865
1.2300000000000058,0.6300000000000052,0.010982415261225781,-0.17907742841221938
1.2300000000000058,0.6000000000000052,0.00922339447671577,-0.18189913315740935
1.2300000000000058,0.5700000000000052,0.007326167668369125,-0.1849500655017769
1.2300000000000058,0.5400000000000051,0.005274429130444999,-0.1882581991857893
1.2300000000000058,0.5100000000000051,0.0030493040324245614,-0.19185606865004873
1.2300000000000058,0.4800000000000051,0.0006288335039799693,-0.1957817132850714
1.2300000000000058,0.45000000000000506,-0.002012673664541517,-0.20007987187056356
1.2300000000000058,0.42000000000000504,-0.004905471562671731,-0.20480351866736318
1.2300000000000058,0.390000000000005,-0.008085466084090094,-0.21001588247645225
1.2300000000000058,0.360000000000005,-0.011595687146099449,-0.21579317831958486
1.2300000000000058,0.33000000000000496,-0.015488359910776874,-0.2222284449070041
1.2300000000000058,0.30000000000000493,-0.019827965740598065,-0.22943719549416958
1.2300000000000058,0.2700000000000049,-0.024696031041566834,-0.23756621437992453
1.2300000000000058,0.2400000000000049,-0.030199089430350073,-0.24680810787958463
1.2300000000000058,0.2100000000000049,-0.036482740168592695,-0.25742690239101124
1.2300000000000058,0.1800000000000049,-0.04375792610642214,-0.2698058424421558
1.2300000000000058,0.1500000000000049,-0.05235297202746018,-0.28454223550262836
1.2300000000000058,0.12000000000000491,-0.06282455754928848,-0.30265063455723984
1.2300000000000058,0.09000000000000491,-0.031137349132279852,-0.3260560931207535
1.2300000000000058,0.06000000000000491,-0.016562118352493115,-0.35909562022997377
1.2300000000000058,0.03000000000000491,-0.007149221730660611,-0.4155510490000918
1.2000000000000057,3,0.04497289104376642,-0.12752434981962385
1.2000000000000057,2.97,0.04486315414009101,-0.12769284188262114
1.2000000000000057,2.9400000000000004,0.044751278263133645,-0.12786465106094513
1.2000000000000057,2.9100000000000006,0.04463720036502898,-0.12803987611105003
1.2000000000000057,2.880000000000001,0.04452085489987961,-0.12821861974157212
1.2000000000000057,2.850000000000001,0.04440217369912532,-0.1284009888126152
1.2000000000000057,2.820000000000001,0.0442810858392462,-0.1285870945472748
1.2000000000000057,2.7900000000000014,0.044157517501426706,-0.1287770527561097
1.2000000000000057,2.7600000000000016,0.044031391822554625,-0.12897098407559004
1.2000000000000057,2.7300000000000018,0.04390262873716849,-0.12916901422168178
1.2000000000000057,2.700000000000002,0.043771144809005826,-0.12937127425931716
1.2000000000000057,2.670000000000002,0.04363685305231439,-0.12957790088938553
1.2000000000000057,2.6400000000000023,0.043499662741416124,-0.1297890367542302
1.2000000000000057,2.6100000000000025,0.043359479207992734,-0.13000483076324182
1.2000000000000057,2.5800000000000027,0.043216203625057036,-0.13022543843999862
1.2000000000000057,2.550000000000003,0.04306973277662139,-0.1304510222927478
1.2000000000000057,2.520000000000003,0.042919958811911615,-0.13068175220987444
1.2000000000000057,2.4900000000000033,0.042766768982896,-0.13091780588274998
1.2000000000000057,2.4600000000000035,0.042610045363836835,-0.13115936925750016
1.2000000000000057,2.4300000000000037,0.04244966455145828,-0.1314066370188539
1.2000000000000057,2.400000000000004,0.04228549734396303,-0.13165981310802075
1.2000000000000057,2.370000000000004,0.042117408397426614,-0.13191911127786882
1.2000000000000057,2.3400000000000043,0.04194525585743775,-0.13218475568845045
1.2000000000000057,2.3100000000000045,0.04176889096396819,-0.13245698154621538
1.2000000000000057,2.2800000000000047,0.041588157627267884,-0.1327360357907622
1.2000000000000057,2.250000000000005,0.04140289197229874,-0.13302217783340786
1.2000000000000057,2.220000000000005,0.04121292184861503,-0.13331568035195387
1.2000000000000057,2.1900000000000053,0.04101806630313548,-0.13361683014682488
1.2000000000000057,2.1600000000000055,0.04081813501206523,-0.13392592906416764
1.2000000000000057,2.1300000000000057,0.04061292766854474,-0.13424329499198623
1.2000000000000057,2.100000000000006,0.04040223332169858,-0.13456926293622612
1.2000000000000057,2.070000000000006,0.04018582966266032,-0.13490418618425168
1.2000000000000057,2.0400000000000063,0.03996348225279524,-0.13524843756420746
1.2000000000000057,2.0100000000000064,0.0397349436880583,-0.13560241080941843
1.2000000000000057,1.9800000000000064,0.03949995269385536,-0.13596652203825627
1.2000000000000057,1.9500000000000064,0.03925823314328244,-0.13634121136093375
1.2000000000000057,1.9200000000000064,0.03900949299092242,-0.13672694462614776
1.2000000000000057,1.8900000000000063,0.038753423114371355,-0.13712421532167257
1.2000000000000057,1.8600000000000063,0.038489696053111,-0.1375335466452165
1.2000000000000057,1.8300000000000063,0.03821796463468766,-0.13795549376309676
1.2000000000000057,1.8000000000000063,0.03793786047633374,-0.13839064627734532
1.2000000000000057,1.7700000000000062,0.03764899234818102,-0.13883963092327387
1.2000000000000057,1.7400000000000062,0.03735094438366072,-0.13930311452346128
1.2000000000000057,1.7100000000000062,0.03704327411989398,-0.13978180722635467
1.2000000000000057,1.6800000000000062,0.03672551034912773,-0.14027646606216757
1.2000000000000057,1.6500000000000061,0.036397150759737526,-0.14078789885259466
1.2000000000000057,1.620000000000006,0.03605765934268093,-0.14131696851559525
1.2000000000000057,1.590000000000006,0.03570646353565407,-0.14186459781267668
1.2000000000000057,1.560000000000006,0.035342951073961945,-0.14243177459185646
1.2000000000000057,1.530000000000006,0.03496646651238776,-0.14301955758769067
1.2000000000000057,1.500000000000006,0.03457630737788464,-0.1436290828475236
1.2000000000000057,1.470000000000006,0.034171719906513645,-0.14426157086426605
1.2000000000000057,1.440000000000006,0.03375189431214974,-0.144918334506704
1.2000000000000057,1.410000000000006,0.03331595952618186,-0.14560078785237995
1.2000000000000057,1.3800000000000059,0.03286297733836882,-0.14631045604444015
1.2000000000000057,1.3500000000000059,0.03239193585908014,-0.14704898631168678
1.2000000000000057,1.3200000000000058,0.03190174220983372,-0.14781816031371697
1.2000000000000057,1.2900000000000058,0.03139121433545977,-0.14861990799882993
1.2000000000000057,1.2600000000000058,0.030859071812991967,-0.14945632319247193
1.2000000000000057,1.2300000000000058,0.030303925513507683,-0.15032968117096251
1.2000000000000057,1.2000000000000057,0.0297242659476981,-0.1512424585176264
1.2000000000000057,1.1700000000000057,0.029118450098386123,-0.15219735561008224
1.2000000000000057,1.1400000000000057,0.0284846865095122,-0.15319732214894272
1.2000000000000057,1.1100000000000056,0.027821018359187166,-0.15424558621077655
1.2000000000000057,1.0800000000000056,0.027125304197481017,-0.1553456873977681
1.2000000000000057,1.0500000000000056,0.02639519597020005,-0.15650151476226026
1.2000000000000057,1.0200000000000056,0.025628113879497597,-0.15771735031383008
1.2000000000000057,0.9900000000000055,0.024821217547140496,-0.15899791907331737
1.2000000000000057,0.9600000000000055,0.023971372842687987,-0.1603484468296433
1.2000000000000057,0.9300000000000055,0.02307511361168866,-0.16177472698939618
1.2000000000000057,0.9000000000000055,0.022128597385651726,-0.16328319819696435
1.2000000000000057,0.8700000000000054,0.021127553964223278,-0.16488103475798205
1.2000000000000057,0.8400000000000054,0.020067225526292892,-0.1665762523394323
1.2000000000000057,0.8100000000000054,0.01894229663504572,-0.1683778319678999
1.2000000000000057,0.7800000000000054,0.01774681213967306,-0.1702958660338375
1.2000000000000057,0.7500000000000053,0.0164740805207233,-0.1723417308747311
1.2000000000000057,0.7200000000000053,0.015116559651431105,-0.1745282916054669
1.2000000000000057,0.6900000000000053,0.013665721214534287,-0.17687014626527542
1.2000000000000057,0.6600000000000052,0.012111889071696878,-0.1793839181557872
1.2000000000000057,0.6300000000000052,0.010444045655058392,-0.18208860760143003
1.2000000000000057,0.6000000000000052,0.008649598824590245,-0.18500601748214876
1.2000000000000057,0.5700000000000052,0.006714099439021718,-0.18816127109236824
1.2000000000000057,0.5400000000000051,0.004620896845112299,-0.19158344668589752
1.2000000000000057,0.5100000000000051,0.0023507151364152174,-0.19530636131603213
1.2000000000000057,0.4800000000000051,-0.00011887343866779569,-0.1993695487423102
1.2000000000000057,0.45000000000000506,-0.0028141115857622957,-0.20381949487244355
1.2000000000000057,0.42000000000000504,-0.00576590661028583,-0.2087112243406218
1.2000000000000057,0.390000000000005,-0.009010944542736068,-0.21411038281638514
1.2000000000000057,0.360000000000005,-0.012593196583635988,-0.220096050156046
1.2000000000000057,0.33000000000000496,-0.016566038582884655,-0.22676468734593744
1.2000000000000057,0.30000000000000493,-0.02099538328867532,-0.23423594342068338
1.2000000000000057,0.2700000000000049,-0.025964580434611827,-0.24266169131673238
1.2000000000000057,0.2400000000000049,-0.03158256318460183,-0.25224097572630605
1.2000000000000057,0.2100000000000049,-0.037998230981465736,-0.263246317892099
1.2000000000000057,0.1800000000000049,-0.04542733364000894,-0.2760728477400238
1.2000000000000057,0.1500000000000049,-0.05420571400249577,-0.2913357966186067
1.2000000000000057,0.12000000000000491,-0.0649028671111817,-0.31007927283247205
1.2000000000000057,0.09000000000000491,-0.030645858275964454,-0.334282769378598
1.2000000000000057,0.06000000000000491,-0.016462985225549134,-0.36840200076343754
1.2000000000000057,0.03000000000000491,-0.007133710819749816,-0.4265824956828784
1.1700000000000057,3,0.04510329627069256,-0.12826044619560995
1.1700000000000057,2.97,0.044991359515208114,-0.12843327289874798
1.1700000000000057,2.9400000000000004,0.044877240732494446,-0.12860950984958228
1.1700000000000057,2.9100000000000006,0.04476087560019025,-0.1287892588060861
1.1700000000000057,2.880000000000001,0.044642197247191207,-0.12897262560762413
1.1700000000000057,2.850000000000001,0.04452113612646809,-0.1291597203810556
1.1700000000000057,2.820000000000001,0.04439761988004621,-0.1293506577596679
1.1700000000000057,2.7900000000000014,0.04427157319578086,-0.1295455571156105
1.1700000000000057,2.7600000000000016,0.044142917655509074,-0.12974454280671008
1.1700000000000057,2.7300000000000018,0.044011571573419006,-0.12994774443902124
1.1700000000000057,2.700000000000002,0.043877449824496186,-0.13015529714589735
1.1700000000000057,2.670000000000002,0.0437404636619947,-0.13036734188521415
1.1700000000000057,2.6400000000000023,0.043600520523124346,-0.13058402575579758
1.1700000000000057,2.6100000000000025,0.043457523822261215,-0.13080550233469151
1.1700000000000057,2.5800000000000027,0.04331137273045965,-0.13103193203692604
1.1700000000000057,2.550000000000003,0.04316196194035447,-0.1312634824992734
1.1700000000000057,2.520000000000003,0.04300918141540916,-0.13150032899025213
1.1700000000000057,2.4900000000000033,0.04285291612209864,-0.13174265484825448
1.1700000000000057,2.4600000000000035,0.042693045743607626,-0.13199065195010884
1.1700000000000057,2.4300000000000037,0.04252944437394214,-0.13224452121251598
1.1700000000000057,2.400000000000004,0.04236198019036222,-0.1325044731292343
1.1700000000000057,2.370000000000004,0.0421905151026315,-0.13277072834689624
1.1700000000000057,2.3400000000000043,0.04201490437720424,-0.13304351828264716
1.1700000000000057,2.3100000000000045,0.04183499623395162,-0.1333230857873688
1.1700000000000057,2.2800000000000047,0.04165063141339907,-0.13360968585836425
1.1700000000000057,2.250000000000005,0.04146164271158962,-0.13390358640574324
1.1700000000000057,2.220000000000005,0.041267854480169494,-0.1342050690774716
1.1700000000000057,2.1900000000000053,0.04106908208812299,-0.13451443014818038
1.1700000000000057,2.1600000000000055,0.040865131342121705,-0.13483198147766384
1.1700000000000057,2.1300000000000057,0.04065579786145172,-0.13515805154542207
1.1700000000000057,2.100000000000006,0.04044086640347942,-0.1354929865684465
1.1700000000000057,2.070000000000006,0.04022011013510465,-0.13583715170998273
1.1700000000000057,2.0400000000000063,0.039993289844817204,-0.13619093238816352
1.1700000000000057,2.0100000000000064,0.03976015309003722,-0.13655473569398993
1.1700000000000057,1.9800000000000064,0.03952043327317345,-0.1369289919298701
1.1700000000000057,1.9500000000000064,0.03927384863949642,-0.13731415628007398
1.1700000000000057,1.9200000000000064,0.039020101189191914,-0.13771071062724635
1.1700000000000057,1.8900000000000063,0.03875887549457167,-0.1381191655293662
1.1700000000000057,1.8600000000000063,0.038489837413060564,-0.1385400623739536
1.1700000000000057,1.8300000000000063,0.03821263268486459,-0.13897397572884593
1.1700000000000057,1.8000000000000063,0.03792688540347361,-0.13942151590968718
1.1700000000000057,1.7700000000000062,0.037632196345055255,-0.13988333178835544
1.1700000000000057,1.7400000000000062,0.03732814114154883,-0.14036011386894784
1.1700000000000057,1.7100000000000062,0.03701426828044124,-0.14085259766067781
1.1700000000000057,1.6800000000000062,0.036690096911465464,-0.14136156738246977
1.1700000000000057,1.6500000000000061,0.03635511443857041,-0.1418878600366903
1.1700000000000057,1.620000000000006,0.036008773872299,-0.14243236989602182
1.1700000000000057,1.590000000000006,0.03565049091440375,-0.14299605345229346
1.1700000000000057,1.560000000000006,0.0352796407430091,-0.14357993488378615
1.1700000000000057,1.530000000000006,0.034895554461821854,-0.14418511210454976
1.1700000000000057,1.500000000000006,0.03449751517229024,-0.14481276346885308
1.1700000000000057,1.470000000000006,0.0340847536214155,-0.1454641552144577
1.1700000000000057,1.440000000000006,0.033656443371235065,-0.1461406497401328
1.1700000000000057,1.410000000000006,0.03321169542803373,-0.1468437148279863
1.1700000000000057,1.3800000000000059,0.03274955226022026,-0.14757493393696802
1.1700000000000057,1.3500000000000059,0.03226898112296095,-0.14833601771469518
1.1700000000000057,1.3200000000000058,0.03176886659477007,-0.14912881689643864
1.1700000000000057,1.2900000000000058,0.031248002216810282,-0.14995533678845183
1.1700000000000057,1.2600000000000058,0.030705081107725834,-0.15081775356431742
1.1700000000000057,1.2300000000000058,0.030138685406634187,-0.15171843264122886
1.1700000000000057,1.2000000000000057,0.029547274371522804,-0.15265994944803113
1.1700000000000057,1.1700000000000057,0.02892917093245318,-0.15364511295128974
1.1700000000000057,1.1400000000000057,0.028282546462984115,-0.1546769923690637
1.1700000000000057,1.1100000000000056,0.027605403492616025,-0.1557589475801331
1.1700000000000057,1.0800000000000056,0.026895556033133823,-0.15689466382812997
1.1700000000000057,1.0500000000000056,0.026150607131847678,-0.15808819143305558
1.1700000000000057,1.0200000000000056,0.02536792319295254,-0.15934399135643737
1.1700000000000057,0.9900000000000055,0.02454460452051655,-0.1606669876321293
1.1700000000000057,0.9600000000000055,0.023677451431295054,-0.16206262787444103
1.1700000000000057,0.9300000000000055,0.022762925155444008,-0.16353695331960255
1.1700000000000057,0.9000000000000055,0.021797102585866777,-0.16509668015869808
1.1700000000000057,0.8700000000000054,0.020775623741703123,-0.1667492942894332
1.1700000000000057,0.8400000000000054,0.01969363057207891,-0.16850316207423316
1.1700000000000057,0.8100000000000054,0.01854569542759673,-0.17036766026219394
1.1700000000000057,0.7800000000000054,0.01732573715627212,-0.17235332894628752
1.1700000000000057,0.7500000000000053,0.016026922314087273,-0.1744720523232821
1.1700000000000057,0.7200000000000053,0.014641548391662457,-0.17673727315900023
1.1700000000000057,0.6900000000000053,0.013160905208120561,-0.1791642483055157
1.1700000000000057,0.6600000000000052,0.011575109657968272,-0.18177035447719486
1.1700000000000057,0.6300000000000052,0.009872907738921929,-0.18457545590941846
1.1700000000000057,0.6000000000000052,0.008041436121772681,-0.18760234871505604
1.1700000000000057,0.5700000000000052,0.0060659332750097675,-0.19087730104311207
1.1700000000000057,0.5400000000000051,0.003929387035201885,-0.19443071404894582
1.1700000000000057,0.5100000000000051,0.001612101054587748,-0.19829793706478913
1.1700000000000057,0.4800000000000051,-0.0009088440757412787,-0.20252028269848235
1.1700000000000057,0.45000000000000506,-0.003660269521718074,-0.207146306568675
1.1700000000000057,0.42000000000000504,-0.00667376796728464,-0.21223344702838137
1.1700000000000057,0.390000000000005,-0.009986844281258858,-0.21785017223486283
1.1700000000000057,0.360000000000005,-0.013644458014965055,-0.22407887454105513
1.1700000000000057,0.33000000000000496,-0.01770119372076784,-0.2310199244643737
1.1700000000000057,0.30000000000000493,-0.02222446830126119,-0.2387976291187296
1.1700000000000057,0.2700000000000049,-0.027299548256900116,-0.24756950250512938
1.1700000000000057,0.2400000000000049,-0.03303789015896633,-0.2575416102023129
1.1700000000000057,0.2100000000000049,-0.03959186500002276,-0.26899559767561976
1.1700000000000057,0.1800000000000049,-0.0471822802965057,-0.2823392136852573
1.1700000000000057,0.1500000000000049,-0.05615289043391069,-0.2982065917209091
1.1700000000000057,0.12000000000000491,-0.06708667879413228,-0.3176729276129371
1.1700000000000057,0.09000000000000491,-0.030183130631223076,-0.34277494920483886
1.1700000000000057,0.06000000000000491,-0.0163658150136135,-0.3780932177611737
1.1700000000000057,0.03000000000000491,-0.007118305205655221,-0.43815617614144886
1.1400000000000057,3,0.04523033411288045,-0.12804081688992255
1.1400000000000057,2.97,0.04511609918065967,-0.12821789158669772
1.1400000000000057,2.9400000000000004,0.04499963723470665,-0.1283984724648327
1.1400000000000057,2.9100000000000006,0.04488088262067722,-0.1285826645057943
1.1400000000000057,2.880000000000001,0.04475976708251625,-0.12877057691602592
1.1400000000000057,2.850000000000001,0.04463621963246317,-0.12896232334109684
1.1400000000000057,2.820000000000001,0.04451016641338993,-0.12915802209323124
1.1400000000000057,2.7900000000000014,0.044381530552515674,-0.12935779639271172
1.1400000000000057,2.7600000000000016,0.04425023200626146,-0.12956177462437576
1.1400000000000057,2.7300000000000018,0.04411618739543935,-0.12977009061065958
1.1400000000000057,2.700000000000002,0.04397930982995152,-0.12998288390166754
1.1400000000000057,2.670000000000002,0.043839508722499046,-0.1302003000842452
1.1400000000000057,2.6400000000000023,0.043696689590201565,-0.13042249111110396
1.1400000000000057,2.6100000000000025,0.04355075384345294,-0.13064961565174865
1.1400000000000057,2.5800000000000027,0.04340159856079712,-0.13088183946681703
1.1400000000000057,2.550000000000003,0.04324911624900425,-0.13111933580749863
1.1400000000000057,2.520000000000003,0.04309319458690232,-0.13136228584234477
1.1400000000000057,2.4900000000000033,0.04293371615199065,-0.13161087911358516
1.1400000000000057,2.4600000000000035,0.042770558128265974,-0.1318653140249357
1.1400000000000057,2.4300000000000037,0.04260359199365274,-0.13212579836422744
1.1400000000000057,2.400000000000004,0.0424326831857992,-0.13239254986300256
1.1400000000000057,2.370000000000004,0.04225769074376744,-0.13266579679675716
1.1400000000000057,2.3400000000000043,0.04207846692445485,-0.13294577862878976
1.1400000000000057,2.3100000000000045,0.04189485679074757,-0.13323274670193697
1.1400000000000057,2.2800000000000047,0.04170669776961238,-0.1335269649817849
1.1400000000000057,2.250000000000005,0.041513819177367045,-0.13382871085653614
1.1400000000000057,2.220000000000005,0.041316041708944456,-0.13413827599777506
1.1400000000000057,2.1900000000000053,0.04111317688850258,-0.13445596728851514
1.1400000000000057,2.1600000000000055,0.040905026477466404,-0.13478210782405192
1.1400000000000057,2.1300000000000057,0.04069138183621516,-0.1351170379925225
1.1400000000000057,2.100000000000006,0.04047202323546564,-0.1354611166428313
1.1400000000000057,2.070000000000006,0.040246719112084335,-0.13581472234792014
1.1400000000000057,2.0400000000000063,0.04001522526472935,-0.13617825477289713
1.1400000000000057,2.0100000000000064,0.03977728398300014,-0.13655213615793965
1.1400000000000057,1.9800000000000064,0.03953262310401232,-0.13693681292766813
1.1400000000000057,1.9500000000000064,0.0392809549890841,-0.13733275743932585
1.1400000000000057,1.9200000000000064,0.03902197541256265,-0.13774046988401661
1.1400000000000057,1.8900000000000063,0.0387553623541942,-0.1381604803568435
1.1400000000000057,1.8600000000000063,0.038480774684562645,-0.1385933511135423
1.1400000000000057,1.8300000000000063,0.03819785073316716,-0.1390396790334723
1.1400000000000057,1.8000000000000063,0.03790620672632494,-0.13950009831074683
1.1400000000000057,1.7700000000000062,0.03760543508100257,-0.13997528339921989
1.1400000000000057,1.7400000000000062,0.037295102539164564,-0.140465952238712
1.1400000000000057,1.7100000000000062,0.03697474812472465,-0.1409728697943809
1.1400000000000057,1.6800000000000062,0.03664388090370157,-0.14149685194525546
1.1400000000000057,1.6500000000000061,0.036301977524652265,-0.1420387697620467
1.1400000000000057,1.620000000000006,0.035948479514499615,-0.14259955422042042
1.1400000000000057,1.590000000000006,0.03558279030095498,-0.14318020140175639
1.1400000000000057,1.560000000000006,0.035204271928624534,-0.14378177824065924
1.1400000000000057,1.530000000000006,0.034812241432434776,-0.14440542888721208
1.1400000000000057,1.500000000000006,0.03440596682531204,-0.14505238176061075
1.1400000000000057,1.470000000000006,0.033984662652683593,-0.1457239573836372
1.1400000000000057,1.440000000000006,0.03354748505794545,-0.14642157709830772
1.1400000000000057,1.410000000000006,0.03309352629630012,-0.14714677278055863
1.1400000000000057,1.3800000000000059,0.03262180862353301,-0.14790119768772897
1.1400000000000057,1.3500000000000059,0.032131277476616635,-0.14868663859417647
1.1400000000000057,1.3200000000000058,0.03162079384898639,-0.14950502939561452
1.1400000000000057,1.2900000000000058,0.03108912574889633,-0.15035846638962885
1.1400000000000057,1.2600000000000058,0.030534938610819726,-0.15124922547639347
1.1400000000000057,1.2300000000000058,0.02995678450909897,-0.15217978156162357
1.1400000000000057,1.2000000000000057,0.02935308999763219,-0.1531528304938185
1.1400000000000057,1.1700000000000057,0.028722142369889465,-0.15417131392303848
1.1400000000000057,1.1400000000000057,0.02806207409791607,-0.15523844753841398
1.1400000000000057,1.1100000000000056,0.027370845166642517,-0.1563577532218599
1.1400000000000057,1.0800000000000056,0.02664622296878335,-0.15753309575469807
1.1400000000000057,1.0500000000000056,0.025885759364952375,-0.15876872483128512
1.1400000000000057,1.0200000000000056,0.025086764439342494,-0.16006932327798587
1.1400000000000057,0.9900000000000055,0.024246276392383588,-0.16144006254751864
1.1400000000000057,0.9600000000000055,0.02336102690304226,-0.16288666677196353
1.1400000000000057,0.9300000000000055,0.02242740116144385,-0.16441548691370766
1.1400000000000057,0.9000000000000055,0.0214413916102606,-0.16603358687066397
1.1400000000000057,0.8700000000000054,0.020398544234249905,-0.16774884377993918
1.1400000000000057,0.8400000000000054,0.019293895991457657,-0.1695700652442717
1.1400000000000057,0.8100000000000054,0.018121901674819668,-0.17150712680039712
1.1400000000000057,0.7800000000000054,0.016876348111545234,-0.17357113368855218
1.1400000000000057,0.7500000000000053,0.015550253131303891,-0.17577461191128543
1.1400000000000057,0.7200000000000053,0.014135746129621048,-0.17813173473615673
1.1400000000000057,0.6900000000000053,0.012623926284718433,-0.18065859227935868
1.1400000000000057,0.6600000000000052,0.011004693495858508,-0.18337351370156163
1.1400000000000057,0.6300000000000052,0.009266545821591414,-0.18629745399959202
1.1400000000000057,0.6000000000000052,0.00739633548757241,-0.18945446059494658
1.1400000000000057,0.5700000000000052,0.005378973226059291,-0.1928722392248882
1.1400000000000057,0.5400000000000051,0.0031970675093204583,-0.1965828445449666
1.1400000000000057,0.5100000000000051,0.000830480663071822,-0.2006235292129283
1.1400000000000057,0.4800000000000051,-0.0017442229553642388,-0.20503779753843526
1.1400000000000057,0.45000000000000506,-0.0045544720840197984,-0.20987672878821612
1.1400000000000057,0.42000000000000504,-0.007632579529584409,-0.21520066608388547
1.1400000000000057,0.390000000000005,-0.011016910832453283,-0.22108141954756053
1.1400000000000057,0.360000000000005,-0.014753464803549603,-0.2276052269014152
1.1400000000000057,0.33000000000000496,-0.01889809748693943,-0.23487689167800216
1.1400000000000057,0.30000000000000493,-0.02351980874526867,-0.24302586232082687
1.1400000000000057,0.2700000000000049,-0.028705883094013226,-0.25221570040209507
1.1400000000000057,0.2400000000000049,-0.03457043478570367,-0.2626597876284558
1.1400000000000057,0.2100000000000049,-0.041269492198904856,-0.2746490613983441
1.1400000000000057,0.1800000000000049,-0.049029192501041576,-0.28860395970571406
1.1400000000000057,0.1500000000000049,-0.05820162840857862,-0.3051776113196768
1.1400000000000057,0.12000000000000491,-0.06938400147055046,-0.3254766979941372
1.1400000000000057,0.09000000000000491,-0.029746033089952682,-0.35159653480669856
1.1400000000000057,0.06000000000000491,-0.016270536615660285,-0.38824679398528
1.1400000000000057,0.03000000000000491,-0.007103003600714744,-0.450355576547658
1.1100000000000056,3,0.04535360445259691,-0.12643689266433888
1.1100000000000056,2.97,0.045236966083876375,-0.1266176919946858
1.1100000000000056,2.9400000000000004,0.04511805364529698,-0.12680209061955952
1.1100000000000056,2.9100000000000006,0.04499680008899962,-0.12699019690146307
1.1100000000000056,2.880000000000001,0.04487313570987725,-0.12718212358798986
1.1100000000000056,2.850000000000001,0.04474698801291305,-0.12737798803568626
1.1100000000000056,2.820000000000001,0.0446182815724005,-0.12757791244740824
1.1100000000000056,2.7900000000000014,0.044486937882713296,-0.12778202412448442
1.1100000000000056,2.7600000000000016,0.04435287519970656,-0.12799045573482354
1.1100000000000056,2.7300000000000018,0.04421600837231358,-0.1282033455980407
1.1100000000000056,2.700000000000002,0.04407624866370303,-0.12842083798891246
1.1100000000000056,2.670000000000002,0.04393350356076155,-0.1286430834605518
1.1100000000000056,2.6400000000000023,0.04378767657158566,-0.12887023918876572
1.1100000000000056,2.6100000000000025,0.043638667009702335,-0.12910246933933806
1.1100000000000056,2.5800000000000027,0.04348636976422613,-0.12933994545988725
1.1100000000000056,2.550000000000003,0.04333067505462765,-0.12958284689832292
1.1100000000000056,2.520000000000003,0.04317146816922089,-0.12983136125004302
1.1100000000000056,2.4900000000000033,0.04300862918573507,-0.1300856848361649
1.1100000000000056,2.4600000000000035,0.04284203267292125,-0.13034602321517055
1.1100000000000056,2.4300000000000037,0.042671547371336674,-0.13061259173106587
1.1100000000000056,2.400000000000004,0.0424970358516889,-0.13088561610081673
1.1100000000000056,2.370000000000004,0.042318354149119344,-0.131165333044405
1.1100000000000056,2.3400000000000043,0.04213535137109168,-0.13145199096133614
1.1100000000000056,2.3100000000000045,0.04194786927677495,-0.1317458506573707
1.1100000000000056,2.2800000000000047,0.04175574182564407,-0.13204718612604638
1.1100000000000056,2.250000000000005,0.0415587946923416,-0.1323562853898488
1.1100000000000056,2.220000000000005,0.04135684474503472,-0.13267345140622233
1.1100000000000056,2.1900000000000053,0.04114969948413394,-0.1329990030445685
1.1100000000000056,2.1600000000000055,0.040937156437438185,-0.13333327614032592
1.1100000000000056,2.1300000000000057,0.04071900250809425,-0.1336766246340425
1.1100000000000056,2.100000000000006,0.04049501327102048,-0.13402942180259642
1.1100000000000056,2.070000000000006,0.04026495221270114,-0.13439206159201303
1.1100000000000056,2.0400000000000063,0.040028569909162516,-0.1347649600615438
1.1100000000000056,2.0100000000000064,0.03978560313647876,-0.1351485569497402
1.1100000000000056,1.9800000000000064,0.03953577390666318,-0.13554331737491043
1.1100000000000056,1.9500000000000064,0.0392787884222332,-0.13594973368351831
1.1100000000000056,1.9200000000000064,0.03901433594094143,-0.13636832746136224
1.1100000000000056,1.8900000000000063,0.03874208754164153,-0.13679965172482933
1.1100000000000056,1.8600000000000063,0.03846169478136456,-0.1372442933107635
1.1100000000000056,1.8300000000000063,0.03817278823207118,-0.13770287548667037
1.1100000000000056,1.8000000000000063,0.03787497588450443,-0.1381760608044484
1.1100000000000056,1.7700000000000062,0.03756784140483621,-0.1386645542249383
1.1100000000000056,1.7400000000000062,0.037250942228157356,-0.13916910654352008
1.1100000000000056,1.7100000000000062,0.036923807470979585,-0.1396905181501724
1.1100000000000056,1.6800000000000062,0.03658593564216692,-0.14022964316354208
1.1100000000000056,1.6500000000000061,0.036236792129643744,-0.14078739398156342
1.1100000000000056,1.620000000000006,0.03587580643695017,-0.1413647462989231
1.1100000000000056,1.590000000000006,0.03550236914016302,-0.14196274464723432
1.1100000000000056,1.560000000000006,0.03511582853222235,-0.14258250852167828
1.1100000000000056,1.530000000000006,0.03471548691622382,-0.14322523916781355
1.1100000000000056,1.500000000000006,0.03430059650504631,-0.14389222711138935
1.1100000000000056,1.470000000000006,0.03387035487775375,-0.144584860526913
1.1100000000000056,1.440000000000006,0.03342389993627026,-0.14530463455511877
1.1100000000000056,1.410000000000006,0.03296030429789129,-0.14605316169490457
1.1100000000000056,1.3800000000000059,0.03247856904895567,-0.14683218341575663
1.1100000000000056,1.3500000000000059,0.03197761677430888,-0.14764358315831286
1.1100000000000056,1.3200000000000058,0.031456283763431264,-0.14848940091820234
1.1100000000000056,1.2900000000000058,0.030913311278989573,-0.14937184963856684
1.1100000000000056,1.2600000000000058,0.03034733575479847,-0.15029333367439268
1.1100000000000056,1.2300000000000058,0.029756877768920942,-0.15125646963510223
1.1100000000000056,1.2000000000000057,0.029140329611864132,-0.15226410996357453
1.1100000000000056,1.1700000000000057,0.028495941238982567,-0.15331936967229173
1.1100000000000056,1.1400000000000057,0.02782180436072057,-0.15442565672938396
1.1100000000000056,1.1100000000000056,0.027115834379777486,-0.1555867066772063
1.1100000000000056,1.0800000000000056,0.026375749833424337,-0.15680662217017266
1.1100000000000056,1.0500000000000056,0.025599048935726863,-0.15808991824629176
1.1100000000000056,1.0200000000000056,0.024782982739290103,-0.1594415742998036
1.1100000000000056,0.9900000000000055,0.023924524344895573,-0.16086709390750553
1.1100000000000056,0.9600000000000055,0.0230203334756199,-0.16237257388515722
1.1100000000000056,0.9300000000000055,0.022066715597455135,-0.16396478422452337
1.1100000000000056,0.9000000000000055,0.021059574601512202,-0.16565126089288085
1.1100000000000056,0.8700000000000054,0.019994357859835936,-0.16744041388490383
1.1100000000000056,0.8400000000000054,0.018865992213922135,-0.1693416534153773
1.1100000000000056,0.8100000000000054,0.017668809143376152,-0.17136553775573926
1.1100000000000056,0.7800000000000054,0.016396456971119047,-0.17352394697582094
1.1100000000000056,0.7500000000000053,0.0150417974722308,-0.1758302877935429
1.1100000000000056,0.7200000000000053,0.013596783635271488,-0.17829973590741832
1.1100000000000056,0.6900000000000053,0.012052314534754275,-0.18094952365711695
1.1100000000000056,0.6600000000000052,0.010398062259540014,-0.18379928271773285
1.1100000000000056,0.6300000000000052,0.008622264516769732,-0.18687145390976234
1.1100000000000056,0.6000000000000052,0.006711474778945422,-0.19019177929713177
1.1100000000000056,0.5700000000000052,0.00465025947131023,-0.19378989584350448
1.1100000000000056,0.5400000000000051,0.0024208284131933665,-0.19770005549868042
1.1100000000000056,0.5100000000000051,2.580028947041235e-6,-0.2019620045330125
1.1100000000000056,0.4800000000000051,-0.0026284641370372,-0.2066220667465698
1.1100000000000056,0.45000000000000506,-0.005500371897065502,-0.2117344936698419
1.1100000000000056,0.42000000000000504,-0.008646213801414039,-0.2173631754389564
1.1100000000000056,0.390000000000005,-0.01210526138781006,-0.223583859245595
1.1100000000000056,0.360000000000005,-0.01592460792244168,-0.23048711921410756
1.1100000000000056,0.33000000000000496,-0.020161449062707407,-0.2381825049694699
1.1100000000000056,0.30000000000000493,-0.024886453184759683,-0.2468046537580577
1.1100000000000056,0.2700000000000049,-0.030189032800216183,-0.2565228653870463
1.1100000000000056,0.2400000000000049,-0.03618610576619391,-0.26755709725725546
1.1100000000000056,0.2100000000000049,-0.04303755987079762,-0.28020638216696914
1.1100000000000056,0.1800000000000049,-0.050975157612552294,-0.2949022604231166
1.1100000000000056,0.1500000000000049,-0.06035979406533612,-0.312315078042107
1.1100000000000056,0.12000000000000491,-0.0636807413716488,-0.33358141639649685
1.1100000000000056,0.09000000000000491,-0.029331927396224113,-0.36085452007977037
1.1100000000000056,0.06000000000000491,-0.01617708271985877,-0.39897547675090117
1.1100000000000056,0.03000000000000491,-0.007087804740552841,-0.4632870827013153
1.0800000000000056,3,0.045472666204659555,-0.12280352089877708
1.0800000000000056,2.97,0.045353511535847754,-0.12298622481256097
1.0800000000000056,2.9400000000000004,0.04523203352113857,-0.12317259677231213
1.0800000000000056,2.9100000000000006,0.04510816365305226,-0.12336274820494719
1.0800000000000056,2.880000000000001,0.044981830708723775,-0.12355679508946371
1.0800000000000056,2.850000000000001,0.04485296061431647,-0.12375485819143325
1.0800000000000056,2.820000000000001,0.044721476301189604,-0.12395706331191449
1.0800000000000056,2.7900000000000014,0.04458729755332895,-0.12416354155221371
1.0800000000000056,2.7600000000000016,0.044450340845249986,-0.12437442959557504
1.0800000000000056,2.7300000000000018,0.04431051916999833,-0.12458987000655328
1.0800000000000056,2.700000000000002,0.04416774185622419,-0.12481001155038501
1.0800000000000056,2.670000000000002,0.04402191437350988,-0.12503500953293462
1.0800000000000056,2.6400000000000023,0.04387293812546801,-0.1252650261633445
1.0800000000000056,2.6100000000000025,0.04372071022911677,-0.1255002309410456
1.0800000000000056,2.5800000000000027,0.043565123280000104,-0.12574080106902324
1.0800000000000056,2.550000000000003,0.043406065101584804,-0.12598692189537092
1.0800000000000056,2.520000000000003,0.043243418477848475,-0.12623878738548652
1.0800000000000056,2.4900000000000033,0.043077060867875216,-0.12649660062752588
1.0800000000000056,2.4600000000000035,0.04290686410068661,-0.1267605743736631
1.0800000000000056,2.4300000000000037,0.04273269404901523,-0.12703093162013512
1.0800000000000056,2.400000000000004,0.042554410280220126,-0.12730790622968796
1.0800000000000056,2.370000000000004,0.04237186568232863,-0.127591743599502
1.0800000000000056,2.3400000000000043,0.04218490606327729,-0.12788270137907704
1.0800000000000056,2.3100000000000045,0.04199336972103362,-0.12818105024211152
1.0800000000000056,2.2800000000000047,0.041797086982107635,-0.1284870747171913
1.0800000000000056,2.250000000000005,0.041595879705769084,-0.12880107408288122
1.0800000000000056,2.220000000000005,0.04138956075076945,-0.12912336333244373
1.0800000000000056,2.1900000000000053,0.04117793340157466,-0.12945427421530922
1.0800000000000056,2.1600000000000055,0.04096079075016676,-0.1297941563621014
1.0800000000000056,2.1300000000000057,0.04073791502945692,-0.1301433785007286
1.0800000000000056,2.100000000000006,0.04050907689407553,-0.13050232977326642
1.0800000000000056,2.070000000000006,0.040274034643223454,-0.13087142116216632
1.0800000000000056,2.0400000000000063,0.04003253338050728,-0.13125108703763977
1.0800000000000056,2.0100000000000064,0.03978430410441075,-0.1316417868374169
1.0800000000000056,1.9800000000000064,0.03952906272287916,-0.13204400689277934
1.0800000000000056,1.9500000000000064,0.0392665089844835,-0.13245826241556952
1.0800000000000056,1.9200000000000064,0.03899632531783079,-0.1328850996630985
1.0800000000000056,1.8900000000000063,0.03871817556992239,-0.13332509829921246
1.0800000000000056,1.8600000000000063,0.0384317036330933,-0.1337788739732225
1.0800000000000056,1.8300000000000063,0.03813653194922037,-0.1342470811392379
1.0800000000000056,1.8000000000000063,0.03783225987763841,-0.13473041614349285
1.0800000000000056,1.7700000000000062,0.037518461912898295,-0.13522962060849647
1.0800000000000056,1.7400000000000062,0.03719468573544202,-0.13574548514815168
1.0800000000000056,1.7100000000000062,0.03686045007722995,-0.13627885345195678
1.0800000000000056,1.6800000000000062,0.03651524238130026,-0.1368306267806846
1.0800000000000056,1.6500000000000061,0.036158516231932114,-0.13740176892308678
1.0800000000000056,1.620000000000006,0.035789688529019335,-0.1379933116684921
1.0800000000000056,1.590000000000006,0.03540813637645891,-0.13860636085864364
1.0800000000000056,1.560000000000006,0.035013193650677725,-0.13924210309031765
1.0800000000000056,1.530000000000006,0.03460414721034195,-0.1399018131513881
1.0800000000000056,1.500000000000006,0.03418023270326362,-0.1405868622838376
1.0800000000000056,1.470000000000006,0.033740629919845805,-0.14129872738170615
1.0800000000000056,1.440000000000006,0.033284457635640335,-0.14203900124762076
1.0800000000000056,1.410000000000006,0.032810767876381056,-0.1428094040510661
1.0800000000000056,1.3800000000000059,0.032318539529875956,-0.1436117961520605
1.0800000000000056,1.3500000000000059,0.03180667121673139,-0.14444819248094165
1.0800000000000056,1.3200000000000058,0.031273973318845544,-0.14532077869474946
1.0800000000000056,1.2900000000000058,0.03071915904854507,-0.14623192936556684
1.0800000000000056,1.2600000000000058,0.030140834422425114,-0.14718422849909452
1.0800000000000056,1.2300000000000058,0.029537486981834463,-0.14818049273017697
1.0800000000000056,1.2000000000000057,0.028907473075626664,-0.1492237976013155
1.0800000000000056,1.1700000000000057,0.02824900348959453,-0.15031750739923566
1.0800000000000056,1.1400000000000057,0.027560127169833526,-0.15146530910711312
1.0800000000000056,1.1100000000000056,0.026838712743000495,-0.1526712511287037
1.0800000000000056,1.0800000000000056,0.02608242748243762,-0.15393978755707788
1.0800000000000056,1.0500000000000056,0.025288713306088346,-0.15527582890121844
1.0800000000000056,1.0200000000000056,0.024454759313893112,-0.15668480035047944
1.0800000000000056,0.9900000000000055,0.023577470278766104,-0.158172708857287
1.0800000000000056,0.9600000000000055,0.022653430391961927,-0.15974622055854792
1.0800000000000056,0.9300000000000055,0.02167886142395518,-0.1614127503426553
1.0800000000000056,0.9000000000000055,0.020649574292318888,-0.16318056571560863
1.0800000000000056,0.8700000000000054,0.01956091281886367,-0.1650589075306773
1.0800000000000056,0.8400000000000054,0.018407688199422012,-0.16705813064384534
1.0800000000000056,0.8100000000000054,0.017184102389880367,-0.16918986814955533
1.0800000000000056,0.7800000000000054,0.015883658210608928,-0.17146722356399602
1.0800000000000056,0.7500000000000053,0.014499053470066863,-0.1739049961758798
1.0800000000000056,0.7200000000000053,0.013022055772366559,-0.17651994580950067
1.0800000000000056,0.6900000000000053,0.01144335386438884,-0.17933110448026376
1.0800000000000056,0.6600000000000052,0.00975238033465027,-0.1823601439284005
1.0800000000000056,0.6300000000000052,0.007937099117460537,-0.1856318098792612
1.0800000000000056,0.6000000000000052,0.0059837494537592914,-0.18917443625019448
1.0800000000000056,0.5700000000000052,0.00387653552687171,-0.19302055567616697
1.0800000000000056,0.5400000000000051,0.0015972476162574576,-0.19720762714736872
1.0800000000000056,0.5100000000000051,-0.0008752042139945821,-0.2017789081804953
1.0800000000000056,0.4800000000000051,-0.0035653700466462147,-0.20678450952729155
1.0800000000000056,0.45000000000000506,-0.006501990941127559,-0.21228268830330538
1.0800000000000056,0.42000000000000504,-0.009718936027308155,-0.21834146691596065
1.0800000000000056,0.390000000000005,-0.013256432074025989,-0.2250407223951339
1.0800000000000056,0.360000000000005,-0.017162726798912578,-0.2324749969963476
1.0800000000000056,0.33000000000000496,-0.021496429570661488,-0.24075748193919344
1.0800000000000056,0.30000000000000493,-0.02632997040007807,-0.25002601306818617
1.0800000000000056,0.2700000000000049,-0.0317550095754347,-0.26045267663485044
1.0800000000000056,0.2400000000000049,-0.03789142755914587,-0.2722601474267955
1.0800000000000056,0.2100000000000049,-0.04490319174398562,-0.28575102553043497
1.0800000000000056,0.1800000000000049,-0.05302801227348365,-0.3013631933635021
1.0800000000000056,0.1500000000000049,-0.06263609237822691,-0.3197798293560369
1.0800000000000056,0.12000000000000491,-0.0573377819816472,-0.34216412787785894
1.0800000000000056,0.09000000000000491,-0.028938569575453058,-0.37072601744020506
1.0800000000000056,0.06000000000000491,-0.016085389536506713,-0.41044095544348186
1.0800000000000056,0.03000000000000491,-0.007072707383154437,-0.4770837057333952
1.0500000000000056,3,0.045587032430660354,-0.11624176887967705
1.0500000000000056,2.97,0.04546524024360306,-0.11642090641176595
1.0500000000000056,2.9400000000000004,0.04534107304929557,-0.11660368137557228
1.0500000000000056,2.9100000000000006,0.04521446080966979,-0.11679020573093968
1.0500000000000056,2.880000000000001,0.04508533071019364,-0.11698059608098083
1.0500000000000056,2.850000000000001,0.044953607021377184,-0.11717497391535456
1.0500000000000056,2.820000000000001,0.044819210951629454,-0.11737346586902632
1.0500000000000056,2.7900000000000014,0.04468206049119345,-0.11757620399739646
1.0500000000000056,2.7600000000000016,0.04454207024651932,-0.11778332606962494
1.0500000000000056,2.7300000000000018,0.044399151264279985,-0.11799497588090954
1.0500000000000056,2.700000000000002,0.044253210844260725,-0.11821130358563553
1.0500000000000056,2.670000000000002,0.04410415234044482,-0.11843246605274436
1.0500000000000056,2.6400000000000023,0.043951874949269276,-0.11865862724535342
1.0500000000000056,2.6100000000000025,0.04379627348411436,-0.1188899586262014
1.0500000000000056,2.5800000000000027,0.04363723813500622,-0.11912663959149586
1.0500000000000056,2.550000000000003,0.043474654212387984,-0.11936885793483683
1.0500000000000056,2.520000000000003,0.04330840187372207,-0.11961681034440551
1.0500000000000056,2.4900000000000033,0.04313835583145298,-0.11987070293565603
1.0500000000000056,2.4600000000000035,0.04296438504099788,-0.12013075182301747
1.0500000000000056,2.4300000000000037,0.04278635236718935,-0.1203971837331021
1.0500000000000056,2.400000000000004,0.0426041142271358,-0.12067023666432539
1.0500000000000056,2.370000000000004,0.04241752020775225,-0.12095016059565339
1.0500000000000056,2.3400000000000043,0.042226412656054965,-0.12123721824984582
1.0500000000000056,2.3100000000000045,0.04203062623938753,-0.1215316859155442
1.0500000000000056,2.2800000000000047,0.04182998747343574,-0.1218338543339316
1.0500000000000056,2.250000000000005,0.041624314215158206,-0.12214402965557988
1.0500000000000056,2.220000000000005,0.04141341511746451,-0.12246253447426071
1.0500000000000056,2.1900000000000053,0.04119708904213868,-0.12278970894524832
1.0500000000000056,2.1600000000000055,0.040975124427808964,-0.1231259119956699
1.0500000000000056,2.1300000000000057,0.0407472986079767,-0.12347152263635122
1.0500000000000056,2.100000000000006,0.04051337707547855,-0.12382694138516499
1.0500000000000056,2.070000000000006,0.040273112687505906,-0.12419259181253194
1.0500000000000056,2.0400000000000063,0.0400262448062621,-0.1245689222223844
1.0500000000000056,2.0100000000000064,0.039772498368670875,-0.12495640748152914
1.0500000000000056,1.9800000000000064,0.039511582878354864,-0.12535555101388302
1.0500000000000056,1.9500000000000064,0.03924319131235525,-0.1257668869762063
1.0500000000000056,1.9200000000000064,0.038966998933843894,-0.12619098263551376
1.0500000000000056,1.8900000000000063,0.03868266200164088,-0.1266284409699175
1.0500000000000056,1.8600000000000063,0.03838981636564307,-0.1270799035174055
1.0500000000000056,1.8300000000000063,0.038088075936500564,-0.12754605350114046
1.0500000000000056,1.8000000000000063,0.037777031016193285,-0.12802761926231515
1.0500000000000056,1.7700000000000062,0.0374562464746274,-0.12852537803606418
1.0500000000000056,1.7400000000000062,0.03712525975547565,-0.1290401601117052
1.0500000000000056,1.7100000000000062,0.03678357869255647,-0.1295728534225808
1.0500000000000056,1.6800000000000062,0.0364306791153597,-0.13012440861803012
1.0500000000000056,1.6500000000000061,0.0360660022198272,-0.13069584467698417
1.0500000000000056,1.620000000000006,0.035688951677444083,-0.13128825513142514
1.0500000000000056,1.590000000000006,0.03529889045150006,-0.13190281497768536
1.0500000000000056,1.560000000000006,0.03489513728602706,-0.13254078836405536
1.0500000000000056,1.530000000000006,0.03447696282767343,-0.13320353715840072
1.0500000000000056,1.500000000000006,0.03404358533505244,-0.1338925305129103
1.0500000000000056,1.470000000000006,0.033594165924148864,-0.1346093555622868
1.0500000000000056,1.440000000000006,0.03312780329068009,-0.13535572941267557
1.0500000000000056,1.410000000000006,0.03264352784134085,-0.13613351260308953
1.0500000000000056,1.3800000000000059,0.03214029515641345,-0.13694472425061144
1.0500000000000056,1.3500000000000059,0.0316169786936949,-0.13779155912447116
1.0500000000000056,1.3200000000000058,0.03107236163010019,-0.13867640693472805
1.0500000000000056,1.2900000000000058,0.030505127721190302,-0.13960187416857364
1.0500000000000056,1.2600000000000058,0.02991385103914723,-0.14057080886303083
1.0500000000000056,1.2300000000000058,0.029296984427511948,-0.14158632876991106
1.0500000000000056,1.2000000000000057,0.028652846483648832,-0.14265185344537884
1.0500000000000056,1.1700000000000057,0.027979606848251203,-0.14377114088987109
1.0500000000000056,1.1400000000000057,0.027275269542905805,-0.14494832947240788
1.0500000000000056,1.1100000000000056,0.026537654050947584,-0.14618798599924224
1.0500000000000056,1.0800000000000056,0.025764373782824843,-0.14749516093824
1.0500000000000056,1.0500000000000056,0.024952811500751945,-0.14887545198325375
1.0500000000000056,1.0200000000000056,0.024100091198359885,-0.15033507734303042
1.0500000000000056,0.9900000000000055,0.023203045835110264,-0.1518809603717474
1.0500000000000056,0.9600000000000055,0.022258180208403953,-0.1535208274158799
1.0500000000000056,0.9300000000000055,0.021261628103156252,-0.1552633210409614
1.0500000000000056,0.9000000000000055,0.02020910268538027,-0.15711813110901646
1.0500000000000056,0.8700000000000054,0.019095838890118587,-0.1590961464925957
1.0500000000000056,0.8400000000000054,0.017916526289999457,-0.16120963051072615
1.0500000000000056,0.8100000000000054,0.01666523060102594,-0.1634724234164194
1.0500000000000056,0.7800000000000054,0.015335301570667967,-0.16590017539973642
1.0500000000000056,0.7500000000000053,0.013919264478600365,-0.16851061351833452
1.0500000000000056,0.7200000000000053,0.012408691826192478,-0.1713238456304617
1.0500000000000056,0.6900000000000053,0.010794050960407756,-0.17436270369120752
1.0500000000000056,0.6600000000000052,0.009064522304680689,-0.17765312762116503
1.0500000000000056,0.6300000000000052,0.007207781472828633,-0.18122458944832562
1.0500000000000056,0.6000000000000052,0.00520973668941048,-0.1851105559367407
1.0500000000000056,0.5700000000000052,0.0030542104370725864,-0.18934898742432668
1.0500000000000056,0.5400000000000051,0.0007225507812583791,-0.19398287303844355
1.0500000000000056,0.5100000000000051,-0.0018068471414259212,-0.19906081123208183
1.0500000000000056,0.4800000000000051,-0.004559136358320795,-0.2046376648315706
1.0500000000000056,0.45000000000000506,-0.0075637683417601655,-0.21077535834599975
1.0500000000000056,0.42000000000000504,-0.010855455245205519,-0.21754395012623304
1.0500000000000056,0.390000000000005,-0.01447543269022054,-0.22502321191000546
1.0500000000000056,0.360000000000005,-0.018473168237370323,-0.23330509603792227
1.0500000000000056,0.33000000000000496,-0.022908765787016845,-0.24249769493419654
1.0500000000000056,0.30000000000000493,-0.027856518623781648,-0.2527316739357237
1.0500000000000056,0.2700000000000049,-0.033410465629501056,-0.26417087244203163
1.0500000000000056,0.2400000000000049,-0.03969362360453681,-0.2770302363930957
1.0500000000000056,0.2100000000000049,-0.046874280213264966,-0.2916073770390707
1.0500000000000056,0.1800000000000049,-0.05519644555241225,-0.3083409247946368
1.0500000000000056,0.1500000000000049,-0.06504018382451682,-0.3279248741884504
1.0500000000000056,0.12000000000000491,-0.05381154333954681,-0.35155072714213775
1.0500000000000056,0.09000000000000491,-0.0285640339534781,-0.3814905354859101
1.0500000000000056,0.06000000000000491,-0.015995396555499825,-0.42286466269840295
1.0500000000000056,0.03000000000000491,-0.007057710308574488,-0.4919054737237906
1.0200000000000056,3,0.04569616476278274,-0.10596475183511656
1.0200000000000056,2.97,0.04557160463964079,-0.10612735233436563
1.0200000000000056,2.9400000000000004,0.04544461528052188,-0.10629326596867078
1.0200000000000056,2.9100000000000006,0.0453151250401619,-0.10646259535040159
1.0200000000000056,2.880000000000001,0.04518305943286839,-0.1066354473884934
1.0200000000000056,2.850000000000001,0.0450483409906562,-0.10681193351674265
1.0200000000000056,2.820000000000001,0.04491088911280869,-0.1069921699366277
1.0200000000000056,2.7900000000000014,0.04477061990616442,-0.10717627787620398
1.0200000000000056,2.7600000000000016,0.04462744601555418,-0.1073643838660932
1.0200000000000056,2.7300000000000018,0.044481276443892104,-0.10755662003387324
1.0200000000000056,2.700000000000002,0.044332016360526805,-0.10775312441850131
1.0200000000000056,2.670000000000002,0.044179566897857306,-0.10795404130624003
1.0200000000000056,2.6400000000000023,0.044023824934617664,-0.10815952158989489
1.0200000000000056,2.6100000000000025,0.04386468286506849,-0.10836972315314809
1.0200000000000056,2.5800000000000027,0.04370202835317697,-0.10858481128251496
1.0200000000000056,2.550000000000003,0.04353574407038621,-0.10880495910856552
1.0200000000000056,2.520000000000003,0.04336570741583187,-0.10903034807948347
1.0200000000000056,2.4900000000000033,0.043191790217531695,-0.10926116846962644
1.0200000000000056,2.4600000000000035,0.043013858413147636,-0.10949761992585177
1.0200000000000056,2.4300000000000037,0.04283177170847538,-0.10973991205560907
1.0200000000000056,2.400000000000004,0.042645383212156156,-0.10998826505973452
1.0200000000000056,2.370000000000004,0.042454539044232305,-0.11024291041480958
1.0200000000000056,2.3400000000000043,0.04225907791681405,-0.11050409160911756
1.0200000000000056,2.3100000000000045,0.04205883068400517,-0.11077206493760541
1.0200000000000056,2.2800000000000047,0.0418536198590444,-0.11104710036124157
1.0200000000000056,2.250000000000005,0.041643259095170054,-0.11132948243711746
1.0200000000000056,2.220000000000005,0.041427552627591666,-0.11161951132616932
1.0200000000000056,2.1900000000000053,0.04120629467281445,-0.11191750388638205
1.0200000000000056,2.1600000000000055,0.04097926878154077,-0.11222379485990908
1.0200000000000056,2.1300000000000057,0.04074624714091862,-0.11253873816405519
1.0200000000000056,2.100000000000006,0.04050698982160361,-0.1128627082966745
1.0200000000000056,2.070000000000006,0.040261243964170634,-0.11319610186841024
1.0200000000000056,2.0400000000000063,0.04000874289959938,-0.11353933927519905
1.0200000000000056,2.0100000000000064,0.039749205197047485,-0.11389286652654741
1.0200000000000056,1.9800000000000064,0.03948233363213389,-0.11425715724732818
1.0200000000000056,1.9500000000000064,0.03920781406790539,-0.11463271487192594
1.0200000000000056,1.9200000000000064,0.038925314239566064,-0.11502007505399095
1.0200000000000056,1.8900000000000063,0.038634482433582785,-0.11541980831652392
1.0200000000000056,1.8600000000000063,0.03833494604993885,-0.11583252297137006
1.0200000000000056,1.8300000000000063,0.0380263100356105,-0.11625886834090571
1.0200000000000056,1.8000000000000063,0.037708155175749006,-0.11669953831991886
1.0200000000000056,1.7700000000000062,0.037380036227052854,-0.11715527532059644
1.0200000000000056,1.7400000000000062,0.03704147987638449,-0.11762687465000521
1.0200000000000056,1.7100000000000062,0.036691982505395564,-0.11811518937855195
1.0200000000000056,1.6800000000000062,0.03633100773917386,-0.11862113576408295
1.0200000000000056,1.6500000000000061,0.035957983754575894,-0.11914569930949821
1.0200000000000056,1.620000000000006,0.035572300320472705,-0.11968994154347648
1.0200000000000056,1.590000000000006,0.03517330553831566,-0.12025500762739033
1.0200000000000056,1.560000000000006,0.03476030224723383,-0.12084213491200907
1.0200000000000056,1.530000000000006,0.034332544053393435,-0.12145266258661871
1.0200000000000056,1.500000000000006,0.033889230936751245,-0.12208804258992133
1.0200000000000056,1.470000000000006,0.03342950438267814,-0.12274985198328553
1.0200000000000056,1.440000000000006,0.03295244197773596,-0.12343980702410301
1.0200000000000056,1.410000000000006,0.03245705140020816,-0.12415977922295551
1.0200000000000056,1.3800000000000059,0.03194226372531818,-0.1249118137247792
1.0200000000000056,1.3500000000000059,0.03140692595368393,-0.12569815042311397
1.0200000000000056,1.3200000000000058,0.030849792655984823,-0.1265212483010365
1.0200000000000056,1.2900000000000058,0.030269516611675613,-0.12738381359915352
1.0200000000000056,1.2600000000000058,0.029664638298564194,-0.12828883254134194
1.0200000000000056,1.2300000000000058,0.029033574067526033,-0.1292396095145575
1.0200000000000056,1.2000000000000057,0.028374602808534145,-0.1302398118046878
1.0200000000000056,1.1700000000000057,0.02768585088198925,-0.13129352225247687
1.0200000000000056,1.1400000000000057,0.026965275049346246,-0.13240530152251012
1.0200000000000056,1.1100000000000056,0.026210643091263947,-0.13358026209741589
1.0200000000000056,1.0800000000000056,0.025419511744522144,-0.134824156642867
1.0200000000000056,1.0500000000000056,0.024589201522269222,-0.13614348406390814
1.0200000000000056,1.0200000000000056,0.023716767899968745,-0.13754561743121174
1.0200000000000056,0.9900000000000055,0.022798968251690154,-0.13903895903429547
1.0200000000000056,0.9600000000000055,0.021832223800511294,-0.14063312915746307
1.0200000000000056,0.9300000000000055,0.0208125757010664,-0.1423391967943043
1.0200000000000056,0.9000000000000055,0.019735634193125635,-0.14416996239235624
1.0200000000000056,0.8700000000000054,0.01859651954402035,-0.14614030469919667
1.0200000000000056,0.8400000000000054,0.01738979322578108,-0.14826760545664913
1.0200000000000056,0.8100000000000054,0.016109377434216962,-0.15057226610822355
1.0200000000000056,0.7800000000000054,0.014748460635055671,-0.15307832785194658
1.0200000000000056,0.7500000000000053,0.013299386291322176,-0.1558141963310747
1.0200000000000056,0.7200000000000053,0.011753521255508978,-0.15881344775036527
1.0200000000000056,0.6900000000000053,0.010101099454249734,-0.162115642048
1.0200000000000056,0.6600000000000052,0.008331035390279466,-0.16576697383280498
1.0200000000000056,0.6300000000000052,0.006430700548897218,-0.1698204382510716
1.0200000000000056,0.6000000000000052,0.0043856538896139,-0.17433499185293164
1.0200000000000056,0.5700000000000052,0.002179315027069176,-0.179373057683039
1.0200000000000056,0.5400000000000051,-0.00020743486682312006,-0.1849959461162946
1.0200000000000056,0.5100000000000051,-0.002796744517879115,-0.1912577416069793
1.0200000000000056,0.4800000000000051,-0.005614404029260658,-0.19819994472495733
1.0200000000000056,0.45000000000000506,-0.00869061581972102,-0.2058504498931039
1.0200000000000056,0.42000000000000504,-0.012060983572978398,-0.21422929848930153
1.0200000000000056,0.390000000000005,-0.015767810331270803,-0.2233600375405418
1.0200000000000056,0.360000000000005,-0.019861854976625133,-0.2332826787940029
1.0200000000000056,0.33000000000000496,-0.024404804351758125,-0.24406496925861115
1.0200000000000056,0.30000000000000493,-0.029472926279333365,-0.2558118263270549
1.0200000000000056,0.2700000000000049,-0.035162781528365876,-0.26867571522184824
1.0200000000000056,0.2400000000000049,-0.041600713629226786,-0.2828728361385108
1.0200000000000056,0.2100000000000049,-0.04895959433276431,-0.29871282724417325
1.0200000000000056,0.1800000000000049,-0.05749011989944751,-0.3166562082117659
1.0200000000000056,0.1500000000000049,-0.06758282141866384,-0.33742987908497
1.0200000000000056,0.12000000000000491,-0.05124984047302556,-0.3622746197242958
1.0200000000000056,0.09000000000000491,-0.02820665483195598,-0.39354391159170926
1.0200000000000056,0.06000000000000491,-0.015907046323566657,-0.4365227464160193
1.0200000000000056,0.03000000000000491,-0.0070428123184709205,-0.5079331431021272
0.9900000000000055,3,0.0457994670239833,-0.09279641157173557
0.9900000000000055,2.97,0.04567199839396222,-0.09292751138212993
0.9900000000000055,2.9400000000000004,0.04554204353054574,-0.09306120770968415
0.9900000000000055,2.9100000000000006,0.045409529098731874,-0.09319757836919468
0.9900000000000055,2.880000000000001,0.04527437885579058,-0.09333670431193922
0.9900000000000055,2.850000000000001,0.045136513505976854,-0.09347866978552477
0.9900000000000055,2.820000000000001,0.04499585054643733,-0.09362356250279605
0.9900000000000055,2.7900000000000014,0.044852304103708,-0.09377147382172865
0.9900000000000055,2.7600000000000016,0.044705784760242936,-0.09392249893648583
0.9900000000000055,2.7300000000000018,0.04455619936993384,-0.09407673708063505
0.9900000000000055,2.700000000000002,0.04440345086219312,-0.0942342917432551
0.9900000000000055,2.670000000000002,0.044247438033433915,-0.09439527089917268
0.9900000000000055,2.6400000000000023,0.044088055325348575,-0.0945597872544246
0.9900000000000055,2.6100000000000025,0.04392519258849154,-0.094727958507559
0.9900000000000055,2.5800000000000027,0.04375873483064546,-0.09489990762890355
0.9900000000000055,2.550000000000003,0.04358856194822168,-0.09507576315835925
0.9900000000000055,2.520000000000003,0.04341454843985229,-0.0952556595238781
0.9900000000000055,2.4900000000000033,0.04323656310039145,-0.09543973738181397
0.9900000000000055,2.4600000000000035,0.043054468693997185,-0.09562814398101316
0.9900000000000055,2.4300000000000037,0.0428681216044544,-0.09582103355305555
0.9900000000000055,2.400000000000004,0.042677371461159644,-0.09601856773011722
0.9900000000000055,2.370000000000004,0.04248206073816367,-0.09622091599325278
0.9900000000000055,2.3400000000000043,0.04228202432485932,-0.0964282561537585
0.9900000000000055,2.3100000000000045,0.0420770890650618,-0.0966407748698574
0.9900000000000055,2.2800000000000047,0.041867073262509796,-0.09685866820268915
0.9900000000000055,2.250000000000005,0.0416517861492637,-0.09708214221454078
0.9900000000000055,2.220000000000005,0.0414310273142738,-0.0973114136128686
0.9900000000000055,2.1900000000000053,0.04120458608813571,-0.09754671044499924
0.9900000000000055,2.1600000000000055,0.04097224088046922,-0.09778827284755329
0.9900000000000055,2.1300000000000057,0.040733758465281295,-0.09803635385586722
0.9900000000000055,2.100000000000006,0.04048889320989406,-0.09829122027935056
0.9900000000000055,2.070000000000006,0.0402373862416814,-0.09855315364845886
0.9900000000000055,2.0400000000000063,0.03997896454728525,-0.09882245124080677
0.9900000000000055,2.0100000000000064,0.03971333999732862,-0.09909942719406795
0.9900000000000055,1.9800000000000064,0.039440208289779566,-0.09938441371376766
0.9900000000000055,1.9500000000000064,0.039159247803756764,-0.09967776238645068
0.9900000000000055,1.9200000000000064,0.03887011835481819,-0.09997984560811274
0.9900000000000055,1.8900000000000063,0.038572459841965834,-0.10029105814020389
0.9900000000000055,1.8600000000000063,0.03826589077496756,-0.10061181880694442
0.9900000000000055,1.8300000000000063,0.037950006669879875,-0.10094257234807671
0.9900000000000055,1.8000000000000063,0.037624378298412406,-0.10128379144494642
0.9900000000000055,1.7700000000000062,0.037288549776056806,-0.10163597893781037
0.9900000000000055,1.7400000000000062,0.03694203647083297,-0.10199967025662673
0.9900000000000055,1.7100000000000062,0.0365843227133032,-0.10237543608847988
0.9900000000000055,1.6800000000000062,0.0362148592854424,-0.10276388530923905
0.9900000000000055,1.6500000000000061,0.03583306066304495,-0.10316566820984546
0.9900000000000055,1.620000000000006,0.03543830198352227,-0.10358148005173468
0.9900000000000055,1.590000000000006,0.035029915706532064,-0.10401206499089294
0.9900000000000055,1.560000000000006,0.0346071879309333,-0.10445822041465962
0.9900000000000055,1.530000000000006,0.03416935432640235,-0.10492080174208473
0.9900000000000055,1.500000000000006,0.03371559563210219,-0.1054007277450876
0.9900000000000055,1.470000000000006,0.03324503266847633,-0.10589898645550905
0.9900000000000055,1.440000000000006,0.0327567207993228,-0.1064166417328308
0.9900000000000055,1.410000000000006,0.03224964377406853,-0.10695484057665061
0.9900000000000055,1.3800000000000059,0.03172270686711319,-0.1075148212802079
0.9900000000000055,1.3500000000000059,0.031174729220835366,-0.10809792253416967
0.9900000000000055,1.3200000000000058,0.03060443528296341,-0.10870559360460275
0.9900000000000055,1.2900000000000058,0.03001044521198215,-0.10933940572464583
0.9900000000000055,1.2600000000000058,0.029391264104828608,-0.11000106485735635
0.9900000000000055,1.2300000000000058,0.028745269875889844,-0.11069242600366083
0.9900000000000055,1.2000000000000057,0.02807069958934042,-0.11141550924798246
0.9900000000000055,1.1700000000000057,0.027365634012008238,-0.11217251774705327
0.9900000000000055,1.1400000000000057,0.026627980114782457,-0.11296585787525432
0.9900000000000055,1.1100000000000056,0.025855451201764124,-0.11379816173344638
0.9900000000000055,1.0800000000000056,0.025045544289306516,-0.11467231219721008
0.9900000000000055,1.0500000000000056,0.024195514287732648,-0.11559147060187412
0.9900000000000055,1.0200000000000056,0.023302344454340342,-0.1165591070036027
0.9900000000000055,0.9900000000000055,0.022362712486174934,-0.1175790326516582
0.9900000000000055,0.9600000000000055,0.021372951496266862,-0.11865543374737883
0.9900000000000055,0.9300000000000055,0.020329004967942793,-0.11979290454086972
0.9900000000000055,0.9000000000000055,0.019226374597114494,-0.12099647594622431
0.9900000000000055,0.8700000000000054,0.01806005970543796,-0.12227163239143979
0.9900000000000055,0.8400000000000054,0.01682448662773036,-0.12362430308543998
0.9900000000000055,0.8100000000000054,0.015513426128274718,-0.12506080120604152
0.9900000000000055,0.7800000000000054,0.01411989646697351,-0.12658765902898383
0.9900000000000055,0.7500000000000053,0.01263604918931797,-0.12821125345158577
0.9900000000000055,0.7200000000000053,0.011053034024641292,-0.1299369974251773
0.9900000000000055,0.6900000000000053,0.009360838395021366,-0.13176759029648025
0.9900000000000055,0.6600000000000052,0.007548095902190363,-0.13369909101688018
0.9900000000000055,0.6300000000000052,0.005601856678551778,-0.13571149459433285
0.9900000000000055,0.6000000000000052,0.003507310523819531,-0.13774374972260295
0.9900000000000055,0.5700000000000052,0.0012474510944571367,-0.13961811949089314
0.9900000000000055,0.5400000000000051,-0.0011973342696032531,-0.14078093200617647
0.9900000000000055,0.5100000000000051,-0.0038497697611306995,-0.13965949071921704
0.9900000000000055,0.4800000000000051,-0.0067363198658085596,-0.1352621802989722
0.9900000000000055,0.45000000000000506,-0.009887982286398287,-0.13009404549395215
0.9900000000000055,0.42000000000000504,-0.013341305337416598,-0.1254345882412503
0.9900000000000055,0.390000000000005,-0.017139723647669806,-0.12133344701124876
0.9900000000000055,0.360000000000005,-0.021335365794856266,-0.23867977895991424
0.9900000000000055,0.33000000000000496,-0.02599159858035286,-0.25077149824566175
0.9900000000000055,0.30000000000000493,-0.03118678654923828,-0.2635911214252846
0.9900000000000055,0.2700000000000049,-0.037020169813890724,-0.27737156395930485
0.9900000000000055,0.2400000000000049,-0.04362162794080367,-0.2923893240757409
0.9900000000000055,0.2100000000000049,-0.051168906859253065,-0.30900156424231695
0.9900000000000055,0.1800000000000049,-0.05991981366768789,-0.3277100115251007
0.9900000000000055,0.1500000000000049,-0.0702760124481268,-0.34928326598013504
0.9900000000000055,0.12000000000000491,-0.049212218647823,-0.3750140682928637
0.9900000000000055,0.09000000000000491,-0.02786498107517566,-0.40733776431645485
0.9900000000000055,0.06000000000000491,-0.015820284240391128,-0.4517069725623264
0.9900000000000055,0.03000000000000491,-0.007028012235577257,-0.5253529464452797
0.9600000000000055,3,0.04589627791120994,-0.07976137416064738
0.9600000000000055,2.97,0.045765748971763,-0.0798622867115476
0.9600000000000055,2.9400000000000004,0.0456326738099275,-0.07996512049281407
0.9600000000000055,2.9100000000000006,0.04549697731181765,-0.08006993037493679
0.9600000000000055,2.880000000000001,0.04535858138479601,-0.08017677331273473
0.9600000000000055,2.850000000000001,0.04521740480874299,-0.08028570844386929
0.9600000000000055,2.820000000000001,0.045073363078151116,-0.08039679719276979
0.9600000000000055,2.7900000000000014,0.0449263682346179,-0.08051010338028655
0.9600000000000055,2.7600000000000016,0.04477632868903783,-0.08062569333969666
0.9600000000000055,2.7300000000000018,0.04462314903267424,-0.08074363603948359
0.9600000000000055,2.700000000000002,0.044466729836387595,-0.08086400321281828
0.9600000000000055,2.670000000000002,0.04430696743702135,-0.08098686949504201
0.9600000000000055,2.6400000000000023,0.04414375371012952,-0.08111231256883572
0.9600000000000055,2.6100000000000025,0.043976975827839215,-0.0812404133181026
0.9600000000000055,2.5800000000000027,0.043806516000989996,-0.08137125599101669
0.9600000000000055,2.550000000000003,0.043632251203873644,-0.08150492837270668
0.9600000000000055,2.520000000000003,0.04345405288082403,-0.08164152196851482
0.9600000000000055,2.4900000000000033,0.04327178663262789,-0.08178113219823599
0.9600000000000055,2.4600000000000035,0.043085311881520205,-0.08192385860222232
0.9600000000000055,2.4300000000000037,0.0428944815129629,-0.08206980506029021
0.9600000000000055,2.400000000000004,0.04269914149224385,-0.08221908002389672
0.9600000000000055,2.370000000000004,0.042499130453812664,-0.08237179676318832
0.9600000000000055,2.3400000000000043,0.04229427926107771,-0.08252807362904882
0.9600000000000055,2.3100000000000045,0.04208441053440251,-0.08268803433188096
0.9600000000000055,2.2800000000000047,0.04186933814402115,-0.08285180823803831
0.9600000000000055,2.250000000000005,0.041648866665586266,-0.08301953068487711
0.9600000000000055,2.220000000000005,0.04142279079429799,-0.08319134331627823
0.9600000000000055,2.1900000000000053,0.04119089471459372,-0.08336739443909609
0.9600000000000055,2.1600000000000055,0.04095295142094423,-0.08354783940310122
0.9600000000000055,2.1300000000000057,0.0407087219856153,-0.08373284100482736
0.9600000000000055,2.100000000000006,0.040457954768202756,-0.08392256991778058
0.9600000000000055,2.070000000000006,0.04020038456189823,-0.08411720515035058
0.9600000000000055,2.0400000000000063,0.039935731670075296,-0.08431693453284067
0.9600000000000055,2.0100000000000064,0.039663700906838566,-0.08452195523622974
0.9600000000000055,1.9800000000000064,0.03938398051396044,-0.084732474323956
0.9600000000000055,1.9500000000000064,0.039096240986115464,-0.08494870933858661
0.9600000000000055,1.9200000000000064,0.03880013379512478,-0.0851708889259859
0.9600000000000055,1.8900000000000063,0.03849529000303665,-0.08539925349785468
0.9600000000000055,1.8600000000000063,0.03818131875274701,-0.08563405593537574
0.9600000000000055,1.8300000000000063,0.037857805623201686,-0.08587556233537685
0.9600000000000055,1.8000000000000063,0.037524310835022806,-0.086124052800235
0.9600000000000055,1.7700000000000062,0.03718036729052507,-0.08637982227301289
0.9600000000000055,1.7400000000000062,0.0368254784300229,-0.08664318141854799
0.9600000000000055,1.7100000000000062,0.03645911588432914,-0.0869144575502367
0.9600000000000055,1.6800000000000062,0.03608071690020956,-0.08719399560237417
0.9600000000000055,1.6500000000000061,0.035689681513538025,-0.08748215914507745
0.9600000000000055,1.620000000000006,0.035285369440474466,-0.0877793314393906
0.9600000000000055,1.590000000000006,0.03486709665371265,-0.08808591652608097
0.9600000000000055,1.560000000000006,0.03443413160629534,-0.08840234033992722
0.9600000000000055,1.530000000000006,0.03398569106023608,-0.0887290518381777
0.9600000000000055,1.500000000000006,0.03352093547098978,-0.08906652412539828
0.9600000000000055,1.470000000000006,0.033038963872445454,-0.08941525555310625
0.9600000000000055,1.440000000000006,0.03253880819828647,-0.08977577076236395
0.9600000000000055,1.410000000000006,0.03201942696717564,-0.09014862162924134
0.9600000000000055,1.3800000000000059,0.031479698247100826,-0.09053438805701483
0.9600000000000055,1.3500000000000059,0.03091841180255462,-0.09093367854422146
0.9600000000000055,1.3200000000000058,0.03033426031256135,-0.09134713043150733
0.9600000000000055,1.2900000000000058,0.029725829529873196,-0.09177540970227793
0.9600000000000055,1.2600000000000058,0.029091587231464124,-0.09221921017116011
0.9600000000000055,1.2300000000000058,0.02842987078539956,-0.09267925184252146
0.9600000000000055,1.2000000000000057,0.02773887312987292,-0.09315627815278393
0.9600000000000055,1.1700000000000057,0.027016626926314957,-0.0936510517189692
0.9600000000000055,1.1400000000000057,0.026260986606428255,-0.0941643480964441
0.9600000000000055,1.1100000000000056,0.025469607984378778,-0.09469694688879049
0.9600000000000055,1.0800000000000056,0.024639925045406453,-0.09524961934073889
0.9600000000000055,1.0500000000000056,0.023769123451760826,-0.0958231112619305
0.9600000000000055,1.0200000000000056,0.022854110220162063,-0.09641811975022181
0.9600000000000055,0.9900000000000055,0.021891478921147834,-0.09703526167719087
0.9600000000000055,0.9600000000000055,0.020877469623869112,-0.09767503122034782
0.9600000000000055,0.9300000000000055,0.019807922655323364,-0.09833774282081215
0.9600000000000055,0.9000000000000055,0.01867822505299517,-0.09902345474181384
0.9600000000000055,0.8700000000000054,0.017483248357492494,-0.09973186681447714
0.9600000000000055,0.8400000000000054,0.016217276102102746,-0.1004621838970734
0.9600000000000055,0.8100000000000054,0.014873918999235241,-0.10121293396525408
0.9600000000000055,0.7800000000000054,0.013446015375169257,-0.10198172660409202
0.9600000000000055,0.7500000000000053,0.011925513842604043,-0.10276493420235486
0.9600000000000055,0.7200000000000053,0.010303334488755745,-0.10355727505672697
0.9600000000000055,0.6900000000000053,0.00856920394870567,-0.10435127659137244
0.9600000000000055,0.6600000000000052,0.006711458562533747,-0.10513660168784109
0.9600000000000055,0.6300000000000052,0.0047168082875735096,-0.1058992389374071
0.9600000000000055,0.6000000000000052,0.0025700520107677337,-0.10662060125360634
0.9600000000000055,0.5700000000000052,0.0002537321670242704,-0.1072766659717524
0.9600000000000055,0.5400000000000051,-0.002252287229050733,-0.10783744386140881
0.9600000000000055,0.5100000000000051,-0.004971340464208141,-0.10826728339550745
0.9600000000000055,0.4800000000000051,-0.007930607311936046,-0.10852672239072153
0.9600000000000055,0.45000000000000506,-0.011161929412239001,-0.10857656301739929
0.9600000000000055,0.42000000000000504,-0.01470285802728693,-0.1083842114908264
0.9600000000000055,0.390000000000005,-0.01859802990188191,-0.1079309521197151
0.9600000000000055,0.360000000000005,-0.02290102952873067,-0.10721741116388217
0.9600000000000055,0.33000000000000496,-0.027677010483789708,-0.10626448336971622
0.9600000000000055,0.30000000000000493,-0.03300656866200448,-0.10510911023614716
0.9600000000000055,0.2700000000000049,-0.03899179712064542,-0.1037969757565502
0.9600000000000055,0.2400000000000049,-0.045766342333271384,-0.10237516619060186
0.9600000000000055,0.2100000000000049,-0.05351314445166255,-0.10088677706438082
0.9600000000000055,0.1800000000000049,-0.06249758990024894,-0.09936782050132745
0.9600000000000055,0.1500000000000049,-0.07313321034772644,-0.09784588668408664
0.9600000000000055,0.12000000000000491,-0.04751160852554257,-0.09634005147647351
0.9600000000000055,0.09000000000000491,-0.027537740300336493,-0.09486196615412967
0.9600000000000055,0.06000000000000491,-0.015735058372083652,-0.0934180095375734
0.9600000000000055,0.03000000000000491,-0.007013308903180898,-0.09201149293565458
0.9300000000000055,3,0.045985862582837544,-0.06901445804093867
0.9300000000000055,2.97,0.04585210907559194,-0.0690961132573209
0.9300000000000055,2.9400000000000004,0.04571574611808059,-0.06917929709706289
0.9300000000000055,2.9100000000000006,0.04557669672076785,-0.06926405243029538
0.9300000000000055,2.880000000000001,0.04543488084060982,-0.06935042372413003
0.9300000000000055,2.850000000000001,0.04529021522846034,-0.06943845711659932
0.9300000000000055,2.820000000000001,0.045142613267192,-0.0695282004945047
0.9300000000000055,2.7900000000000014,0.04499198479999551,-0.06961970357562301
0.9300000000000055,2.7600000000000016,0.044838235948039346,-0.06971301799541896
0.9300000000000055,2.7300000000000018,0.044681268916750075,-0.06980819739871721
0.9300000000000055,2.700000000000002,0.04452098178998917,-0.06990529753641
0.9300000000000055,2.670000000000002,0.04435726831100207,-0.07000437636776269
0.9300000000000055,2.6400000000000023,0.044190017649345534,-0.07010549416860057
0.9300000000000055,2.6100000000000025,0.044019114152734184,-0.07020871364560262
0.9300000000000055,2.5800000000000027,0.043844437082436745,-0.07031410005736703
0.9300000000000055,2.550000000000003,0.043665860331263975,-0.07042172134244508
0.9300000000000055,2.520000000000003,0.04348325212251811,-0.07053164825509235
0.9300000000000055,2.4900000000000033,0.04329647468845207,-0.07064395450880576
0.9300000000000055,2.4600000000000035,0.043105383926904106,-0.07075871692866342
0.9300000000000055,2.4300000000000037,0.042909829033808064,-0.07087601561268841
0.9300000000000055,2.400000000000004,0.042709652110056354,-0.07099593410304428
0.9300000000000055,2.370000000000004,0.04250468774039333,-0.071118559567551
0.9300000000000055,2.3400000000000043,0.04229476254209329,-0.07124398299237072
0.9300000000000055,2.3100000000000045,0.042079694680702454,-0.07137229938654252
0.9300000000000055,2.2800000000000047,0.04185929335025297,-0.0715036079991852
0.9300000000000055,2.250000000000005,0.04163335821472768,-0.07163801255023294
0.9300000000000055,2.220000000000005,0.041401678807321624,-0.07177562147540834
0.9300000000000055,2.1900000000000053,0.0411640338840364,-0.0719165481868385
0.9300000000000055,2.1600000000000055,0.040920190726998935,-0.07206091134989329
0.9300000000000055,2.1300000000000057,0.040669904393574055,-0.07220883517755311
0.9300000000000055,2.100000000000006,0.040412916905644976,-0.0723604497435259
0.9300000000000055,2.070000000000006,0.04014895637390484,-0.07251589131508701
0.9300000000000055,2.0400000000000063,0.039877736050851306,-0.07267530270715933
0.9300000000000055,2.0100000000000064,0.03959895330560638,-0.07283883365889705
0.9300000000000055,1.9800000000000064,0.03931228851308441,-0.07300664123420572
0.9300000000000055,1.9500000000000064,0.03901740384892883,-0.07317889024756438
0.9300000000000055,1.9200000000000064,0.03871394198100342,-0.07335575371667732
0.9300000000000055,1.8900000000000063,0.03840152464668125,-0.07353741334376797
0.9300000000000055,1.8600000000000063,0.038079751104592066,-0.07372406002657948
0.9300000000000055,1.8300000000000063,0.037748196447222035,-0.07391589440099605
0.9300000000000055,1.8000000000000063,0.03740640976037574,-0.07411312741672979
0.9300000000000055,1.7700000000000062,0.03705391211234402,-0.07431598094713501
0.9300000000000055,1.7400000000000062,0.036690194354781755,-0.07452468843524881
0.9300000000000055,1.7100000000000062,0.03631471471420877,-0.07473949557590215
0.9300000000000055,1.6800000000000062,0.03592689615087827,-0.07496066103581961
0.9300000000000055,1.6500000000000061,0.03552612345821942,-0.07518845721136239
0.9300000000000055,1.620000000000006,0.035111740073287295,-0.0754231710236905
0.9300000000000055,1.590000000000006,0.03468304456367986,-0.07566510475050692
0.9300000000000055,1.560000000000006,0.03423928675305776,-0.07591457689212183
0.9300000000000055,1.530000000000006,0.033779663440453786,-0.07617192306848819
0.9300000000000055,1.500000000000006,0.03330331366421514,-0.07643749694162746
0.9300000000000055,1.470000000000006,0.03280931345289402,-0.07671167115637895
0.9300000000000055,1.440000000000006,0.03229666999754156,-0.07699483828854434
0.9300000000000055,1.410000000000006,0.03176431517081525,-0.07728741178590481
0.9300000000000055,1.3800000000000059,0.03121109830603678,-0.07758982688318233
0.9300000000000055,1.3500000000000059,0.03063577813722457,-0.07790254146469361
0.9300000000000055,1.3200000000000058,0.030037013784729432,-0.07822603684096915
0.9300000000000055,1.2900000000000058,0.02941335465395597,-0.07856081839524376
0.9300000000000055,1.2600000000000058,0.0287632290923634,-0.07890741604105794
0.9300000000000055,1.2300000000000058,0.02808493162542561,-0.07926638441734446
0.9300000000000055,1.2000000000000057,0.027376608561896183,-0.07963830272265662
0.9300000000000055,1.1700000000000057,0.026636241723004776,-0.08002377406391081
0.9300000000000055,1.1400000000000057,0.025861630008354886,-0.08042342415815723
0.9300000000000055,1.1100000000000056,0.025050368459924616,-0.0808378991788864
0.9300000000000055,1.0800000000000056,0.024199824424976344,-0.08126786247995481
0.9300000000000055,1.0500000000000056,0.02330711034537421,-0.08171398985259332
0.9300000000000055,1.0200000000000056,0.022369052612403656,-0.0821769628737738
0.9300000000000055,0.9900000000000055,0.02138215581855467,-0.08265745977881192
0.9300000000000055,0.9600000000000055,0.020342561607789085,-0.08315614313026884
0.9300000000000055,0.9300000000000055,0.019246001165986258,-0.08367364335260387
0.9300000000000055,0.9000000000000055,0.01808774019865471,-0.08421053694324676
0.9300000000000055,0.8700000000000054,0.016862515001853488,-0.08476731784665971
0.9300000000000055,0.8400000000000054,0.015564457935859782,-0.08534436007714707
0.9300000000000055,0.8100000000000054,0.014187010241323145,-0.08594186918295357
0.9300000000000055,0.7800000000000054,0.012722819676215589,-0.0865598195633962
0.9300000000000055,0.7500000000000053,0.011163619872451163,-0.08719787398466328
0.9300000000000055,0.7200000000000053,0.009500087575819473,-0.08785528093526168
0.9300000000000055,0.6900000000000053,0.007721672996899449,-0.08853074481607431
0.9300000000000055,0.6600000000000052,0.005816397290999776,-0.08922226356873544
0.9300000000000055,0.6300000000000052,0.0037706096081934898,-0.08992692858055312
0.9300000000000055,0.6000000000000052,0.0015686940622598178,-0.0906406831933324
0.9300000000000055,0.5700000000000052,-0.0008072858627277547,-0.09135803991647984
0.9300000000000055,0.5400000000000051,-0.003378021873794586,-0.09207176402983244
0.9300000000000055,0.5100000000000051,-0.0061674964157771035,-0.0927725447024869
0.9300000000000055,0.4800000000000051,-0.009203649551943856,-0.09344869623623597
0.9300000000000055,0.45000000000000506,-0.012519220430665402,-0.09408596274135854
0.9300000000000055,0.42000000000000504,-0.016152827529726074,-0.09466753705059444
0.9300000000000055,0.390000000000005,-0.020150387505613168,-0.09517443873415321
0.9300000000000055,0.360000000000005,-0.024567035953142906,-0.09558640410962843
0.9300000000000055,0.33000000000000496,-0.029469831248874884,-0.09588338852437978
0.9300000000000055,0.30000000000000493,-0.034941749509570214,-0.09604763528299143
0.9300000000000055,0.2700000000000049,-0.041087928828446044,-0.09606602892952473
0.9300000000000055,0.2400000000000049,-0.04804603815424359,-0.09593219774891479
0.9300000000000055,0.2100000000000049,-0.05600456619515845,-0.09564770493430574
0.9300000000000055,0.1800000000000049,-0.06523699730656606,-0.09522180648741634
0.9300000000000055,0.1500000000000049,-0.07616954357813627,-0.09466968383120242
0.9300000000000055,0.12000000000000491,-0.04604864631317309,-0.094009667539239
0.9300000000000055,0.09000000000000491,-0.027223810311813885,-0.0932605061442553
0.9300000000000055,0.06000000000000491,-0.01565131927926671,-0.09243970066277896
0.9300000000000055,0.03000000000000491,-0.006998701184583035,-0.09156294317885105
0.9000000000000055,3,0.0460674029623398,-0.06080170862514073
0.9000000000000055,2.97,0.045930246780088835,-0.060872033061314834
0.9000000000000055,2.9400000000000004,0.04579041440537489,-0.060943672967210594
0.9000000000000055,2.9100000000000006,0.04564782686805194,-0.06101666528023818
0.9000000000000055,2.880000000000001,0.045502402065451725,-0.06109104831963852
0.9000000000000055,2.850000000000001,0.04535405460573831,-0.06116686185085652
0.9000000000000055,2.820000000000001,0.04520269564191136,-0.0612441471536454
0.9000000000000055,2.7900000000000014,0.04504823269552012,-0.06132294709388658
0.9000000000000055,2.7600000000000016,0.04489056946965264,-0.06140330619939666
0.9000000000000055,2.7300000000000018,0.04472960565009672,-0.06148527074030716
0.9000000000000055,2.700000000000002,0.044565236694184926,-0.06156888881378414
0.9000000000000055,2.670000000000002,0.04439735360600914,-0.06165421043381522
0.9000000000000055,2.6400000000000023,0.04422584269724715,-0.06174128762622505
0.9000000000000055,2.6100000000000025,0.04405058533250453,-0.061830174529284354
0.9000000000000055,2.5800000000000027,0.04387145765786814,-0.061920927500292655
0.9000000000000055,2.550000000000003,0.04368833031137812,-0.062013605228523117
0.9000000000000055,2.520000000000003,0.0435010681142029,-0.06210826885503046
0.9000000000000055,2.4900000000000033,0.04330952974064105,-0.06220498209972819
0.9000000000000055,2.4600000000000035,0.04311356736576073,-0.062303811396301104
0.9000000000000055,2.4300000000000037,0.04291302628823092,-0.06240482603548525
0.9000000000000055,2.400000000000004,0.04270774452689077,-0.0625080983171849
0.9000000000000055,2.370000000000004,0.04249755238860395,-0.0626137037123004
0.9000000000000055,2.3400000000000043,0.04228227200503812,-0.06272172103475168
0.9000000000000055,2.3100000000000045,0.04206171683574206,-0.06283223262454676
0.9000000000000055,2.2800000000000047,0.041835691134577704,-0.0629453245425931
0.9000000000000055,2.250000000000005,0.04160398937654418,-0.06306108677824912
0.9000000000000055,2.220000000000005,0.04136639564122992,-0.0631796134703605
0.9000000000000055,2.1900000000000053,0.04112268294930026,-0.06330100314300985
0.9000000000000055,2.1600000000000055,0.04087261254751681,-0.06342535895687894
0.9000000000000055,2.1300000000000057,0.04061593313790891,-0.06355278897736094
0.9000000000000055,2.100000000000006,0.040352380045739926,-0.06368340646103593
0.9000000000000055,2.070000000000006,0.04008167432061372,-0.06381733016124749
0.9000000000000055,2.0400000000000063,0.03980352176433745,-0.06395468465475251
0.9000000000000055,2.0100000000000064,0.03951761187870548,-0.06409560069094461
0.9000000000000055,1.9800000000000064,0.03922361672505896,-0.06424021556514553
0.9000000000000055,1.9500000000000064,0.0389211896874392,-0.06438867351783106
0.9000000000000055,1.9200000000000064,0.038609964129096966,-0.06454112616186279
0.9000000000000055,1.8900000000000063,0.038289551932173205,-0.06469773293987435
0.9000000000000055,1.8600000000000063,0.03795954190805109,-0.0648586616138142
0.9000000000000055,1.8300000000000063,0.037619498065242146,-0.06502408878909716
0.9000000000000055,1.8000000000000063,0.03726895771947146,-0.06519420047626939
0.9000000000000055,1.7700000000000062,0.03690742942941705,-0.06536919269239122
0.9000000000000055,1.7400000000000062,0.03653439073860795,-0.06554927210528408
0.9000000000000055,1.7100000000000062,0.036149285702634815,-0.06573465672378098
0.9000000000000055,1.6800000000000062,0.03575152217714693,-0.06592557663667242
0.9000000000000055,1.6500000000000061,0.035340468839556265,-0.06612227480433919
0.9000000000000055,1.620000000000006,0.034915451913690033,-0.06632500790561913
0.9000000000000055,1.590000000000006,0.03447575156239972,-0.06653404724384071
0.9000000000000055,1.560000000000006,0.034020597908440774,-0.06674967971543871
0.9000000000000055,1.530000000000006,0.033549166638539504,-0.06697220884386257
0.9000000000000055,1.500000000000006,0.03306057413928466,-0.06720195588248845
0.9000000000000055,1.470000000000006,0.0325538721057837,-0.06743926098873732
0.9000000000000055,1.440000000000006,0.032028041556207386,-0.06768448447148101
0.9000000000000055,1.410000000000006,0.031481986174659575,-0.06793800811305906
0.9000000000000055,1.3800000000000059,0.030914524893946204,-0.06820023656570967
0.9000000000000055,1.3500000000000059,0.030324383615653667,-0.06847159882042017
0.9000000000000055,1.3200000000000058,0.029710185949680855,-0.0687525497442652
0.9000000000000055,1.2900000000000058,0.029070442836282292,-0.06904357167863195
0.9000000000000055,1.2600000000000058,0.028403540891916393,-0.0693451760866631
0.9000000000000055,1.2300000000000058,0.027707729294072413,-0.06965790523260929
0.9000000000000055,1.2000000000000057,0.026981104989622626,-0.06998233386835417
0.9000000000000055,1.1700000000000057,0.026221595974284532,-0.07031907089211391
0.9000000000000055,1.1400000000000057,0.025426942347373655,-0.07066876093220267
0.9000000000000055,1.1100000000000056,0.024594674793846954,-0.0710320857910709
0.9000000000000055,1.0800000000000056,0.02372209008235139,-0.07140976566324855
0.9000000000000055,1.0500000000000056,0.022806223093342702,-0.07180256001207697
0.9000000000000055,1.0200000000000056,0.021843814799408195,-0.07221126795285072
0.9000000000000055,0.9900000000000055,0.020831275509732385,-0.07263672794092618
0.9000000000000055,0.9600000000000055,0.019764642556406045,-0.07307981650117965
0.9000000000000055,0.9300000000000055,0.018639531435386734,-0.07354144565265386
0.9000000000000055,0.9000000000000055,0.017451079214430523,-0.07402255857756151
0.9000000000000055,0.8700000000000054,0.016193878771667537,-0.07452412294670879
0.9000000000000055,0.8400000000000054,0.014861902122422976,-0.07504712113959167
0.9000000000000055,0.8100000000000054,0.013448410710249551,-0.07559253637340518
0.9000000000000055,0.7800000000000054,0.011945850062553698,-0.07616133347312848
0.9000000000000055,0.7500000000000053,0.010345725611304153,-0.07675443266009901
0.9000000000000055,0.7200000000000053,0.008638455721757083,-0.07737267429946565
0.9000000000000055,0.6900000000000053,0.006813197003162379,-0.07801677202060475
0.9000000000000055,0.6600000000000052,0.004857635726356036,-0.07868725101219701
0.9000000000000055,0.6300000000000052,0.0027577375422397662,-0.07938436762172732
0.9000000000000055,0.6000000000000052,0.0004974455307531853,-0.08010800572760904
0.9000000000000055,0.5700000000000052,-0.0019416863166191551,-0.08085754484296806
0.9000000000000055,0.5400000000000051,-0.0045809411378711935,-0.0816316948263726
0.9000000000000055,0.5100000000000051,-0.0074449915275855505,-0.08242829288468556
0.9000000000000055,0.4800000000000051,-0.010562587527153201,-0.08324406102216314
0.9000000000000055,0.45000000000000506,-0.013967424996096846,-0.08407432735974199
0.9000000000000055,0.42000000000000504,-0.017699260717981898,-0.08491272436451838
0.9000000000000055,0.390000000000005,-0.021805377395593545,-0.0857508927016187
0.9000000000000055,0.360000000000005,-0.026342567213818842,-0.08657824227208488
0.9000000000000055,0.33000000000000496,-0.031379924263932144,-0.08738185081565761
0.9000000000000055,0.30000000000000493,-0.03700297014249044,-0.08814660864797019
0.9000000000000055,0.2700000000000049,-0.04332010134651884,-0.088855729924252
0.9000000000000055,0.2400000000000049,-0.0504732932868237,-0.08949171973008391
0.9000000000000055,0.2100000000000049,-0.058656976998101684,-0.09003778198298512
0.9000000000000055,0.1800000000000049,-0.0681533109506797,-0.09047946589750971
0.9000000000000055,0.1500000000000049,-0.07940209024226981,-0.09080613337174948
0.9000000000000055,0.12000000000000491,-0.044763444195334255,-0.09101174505978879
0.9000000000000055,0.09000000000000491,-0.026922196078672373,-0.09109472371746372
0.9000000000000055,0.06000000000000491,-0.015569019858638107,-0.09105723079560774
0.9000000000000055,0.03000000000000491,-0.006984187962580692,-0.09090444311599832
0.8700000000000054,3,0.04613998653486906,-0.0547168140015436
0.8700000000000054,2.97,0.04599923413112672,-0.054780188186626666
0.8700000000000054,2.9400000000000004,0.045855734971030904,-0.05484475291323143
0.8700000000000054,2.9100000000000006,0.04570940798953708,-0.054910541819362696
0.8700000000000054,2.880000000000001,0.04556016890549632,-0.05497758981232638
0.8700000000000054,2.850000000000001,0.04540793006070053,-0.05504593312896887
0.8700000000000054,2.820000000000001,0.04525260024947159,-0.055115609398761395
0.8700000000000054,2.7900000000000014,0.04509408453762694,-0.05518665771091885
0.8700000000000054,2.7600000000000016,0.044932284070404394,-0.0552591186849935
0.8700000000000054,2.7300000000000018,0.04476709586833977,-0.05533303454595506
0.8700000000000054,2.700000000000002,0.04459841261031601,-0.055408449203317445
0.8700000000000054,2.670000000000002,0.04442612240278624,-0.05548540833531185
0.8700000000000054,2.6400000000000023,0.044250108534171495,-0.05556395947758387
0.8700000000000054,2.6100000000000025,0.04407024921328385,-0.05564415211791329
0.8700000000000054,2.5800000000000027,0.04388641729051123,-0.0557260377959547
0.8700000000000054,2.550000000000003,0.04369847996057835,-0.055809670209705564
0.8700000000000054,2.520000000000003,0.043506298445269403,-0.05589510532813907
0.8700000000000054,2.4900000000000033,0.04330972765460693,-0.0559824015110946
0.8700000000000054,2.4600000000000035,0.043108615824814595,-0.05607161963669616
0.8700000000000054,2.4300000000000037,0.042902804131088115,-0.05616282323681826
0.8700000000000054,2.400000000000004,0.04269212627314588,-0.05625607864126392
0.8700000000000054,2.370000000000004,0.04247640803140078,-0.0563514551313552
0.8700000000000054,2.3400000000000043,0.042255466791125185,-0.05644902510348569
0.8700000000000054,2.3100000000000045,0.042029111032063055,-0.05654886424349989
0.8700000000000054,2.2800000000000047,0.041797139780443075,-0.056651051712752726
0.8700000000000054,2.250000000000005,0.041559342020128856,-0.05675567034658359
0.8700000000000054,2.220000000000005,0.04131549605930686,-0.056862806866410265
0.8700000000000054,2.1900000000000053,0.041065368848955806,-0.056972552106263674
0.8700000000000054,2.1600000000000055,0.040808715248361487,-0.05708500125498023
0.8700000000000054,2.1300000000000057,0.04054527723327282,-0.05720025411545654
0.8700000000000054,2.100000000000006,0.040274783041195784,-0.05731841538205562
0.8700000000000054,2.070000000000006,0.03999694624784496,-0.05743959493782547
0.8700000000000054,2.0400000000000063,0.03971146476861281,-0.05756390817307708
0.8700000000000054,2.0100000000000064,0.03941801977741381,-0.057691476327108526
0.8700000000000054,1.9800000000000064,0.03911627453511823,-0.05782242685474291
0.8700000000000054,1.9500000000000064,0.038805873118663625,-0.05795689382032487
0.8700000000000054,1.9200000000000064,0.03848643904094528,-0.058095018320634434
0.8700000000000054,1.8900000000000063,0.038157573750144815,-0.05823694893997772
0.8700000000000054,1.8600000000000063,0.03781885499653875,-0.05838284223953161
0.8700000000000054,1.8300000000000063,0.037469835052602714,-0.05853286328436058
0.8700000000000054,1.8000000000000063,0.03711003877118957,-0.058687186210824166
0.8700000000000054,1.7700000000000062,0.036738961464076264,-0.05884599483832431
0.8700000000000054,1.7400000000000062,0.036356066581834635,-0.0590094833288428
0.8700000000000054,1.7100000000000062,0.035960783172350276,-0.05917785689856714
0.8700000000000054,1.6800000000000062,0.03555250309384422,-0.059351332586204814
0.8700000000000054,1.6500000000000061,0.03513057795410673,-0.05953014008244162
0.8700000000000054,1.620000000000006,0.03469431574404594,-0.05971452262650001
0.8700000000000054,1.590000000000006,0.03424297713007039,-0.059904737974916744
0.8700000000000054,1.560000000000006,0.033775771364196176,-0.060101059449175986
0.8700000000000054,1.530000000000006,0.033291851765461275,-0.06030377706860529
0.8700000000000054,1.500000000000006,0.032790310719861646,-0.06051319877594721
0.8700000000000054,1.470000000000006,0.03227017413824699,-0.06072965176294978
0.8700000000000054,1.440000000000006,0.03173039530296361,-0.060953483904484795
0.8700000000000054,1.410000000000006,0.03116984802381425,-0.061185065309389775
0.8700000000000054,1.3800000000000059,0.03058731901196525,-0.06142478999720141
0.8700000000000054,1.3500000000000059,0.029981499366564256,-0.061673077709872126
0.8700000000000054,1.3200000000000058,0.02935097505258019,-0.06193037586759256
0.8700000000000054,1.2900000000000058,0.028694216228794634,-0.06219716167802175
0.8700000000000054,1.2600000000000058,0.028009565262786678,-0.06247394440723142
0.8700000000000054,1.2300000000000058,0.02729522324233766,-0.06276126782026478
0.8700000000000054,1.2000000000000057,0.026549234761775765,-0.06305971279675873
0.8700000000000054,1.1700000000000057,0.025769470722682083,-0.06336990012505456
0.8700000000000054,1.1400000000000057,0.024953608845105606,-0.06369249347431499
0.8700000000000054,1.1100000000000056,0.024099111529931112,-0.0640282025381986
0.8700000000000054,1.0800000000000056,0.02320320064920077,-0.06437778633584733
0.8700000000000054,1.0500000000000056,0.022262828763544754,-0.06474205664562407
0.8700000000000054,1.0200000000000056,0.0212746461709819,-0.06512188153064424
0.8700000000000054,0.9900000000000055,0.020234963078210703,-0.06551818889581539
0.8700000000000054,0.9600000000000055,0.019139706046014397,-0.06593196998745132
0.8700000000000054,0.9300000000000055,0.017984367691537453,-0.06636428270856454
0.8700000000000054,0.9000000000000055,0.01676394842176626,-0.06681625457295637
0.8700000000000054,0.8700000000000054,0.015472888716926852,-0.06728908505260112
0.8700000000000054,0.8400000000000054,0.014104990165517774,-0.06778404698249693
0.8700000000000054,0.8100000000000054,0.012653323059050781,-0.06830248656674265
0.8700000000000054,0.7800000000000054,0.011110117861918546,-0.06884582137051587
0.8700000000000054,0.7500000000000053,0.009466637252816578,-0.06941553547230217
0.8700000000000054,0.7200000000000053,0.007713024649444843,-0.07001317067697986
0.8700000000000054,0.6900000000000053,0.005838124125883838,-0.07064031233429041
0.8700000000000054,0.6600000000000052,0.00382926533935897,-0.07129856785109462
0.8700000000000054,0.6300000000000052,0.0016720053939154834,-0.07198953541173636
0.8700000000000054,0.6000000000000052,-0.000650182672928724,-0.07271475971263283
0.8700000000000054,0.5700000000000052,-0.0031562881265619932,-0.07347567068071653
0.8700000000000054,0.5400000000000051,-0.0058682250466773065,-0.07427350020840284
0.8700000000000054,0.5100000000000051,-0.00881140268008348,-0.07510917100372615
0.8700000000000054,0.4800000000000051,-0.012015436123036061,-0.07598315093722338
0.8700000000000054,0.45000000000000506,-0.015515043632246513,-0.07689526618228656
0.8700000000000054,0.42000000000000504,-0.01935119924916311,-0.07784446773240092
0.8700000000000054,0.390000000000005,-0.023572647477895163,-0.07882854973292848
0.8700000000000054,0.360000000000005,-0.028237954476548924,-0.07984382625218359
0.8700000000000054,0.33000000000000496,-0.03341839586015636,-0.08088478786328718
0.8700000000000054,0.30000000000000493,-0.0392022229116578,-0.08194378270048763
0.8700000000000054,0.2700000000000049,-0.04570132851002009,-0.0830107982087316
0.8700000000000054,0.2400000000000049,-0.053062311380247175,-0.08407345279765271
0.8700000000000054,0.2100000000000049,-0.061485984228340666,-0.08511732080406359
0.8700000000000054,0.1800000000000049,-0.07126382228139166,-0.0861266699223035
0.8700000000000054,0.1500000000000049,-0.08285020963732956,-0.08708553796942325
0.8700000000000054,0.12000000000000491,-0.04361680076944892,-0.08797881692616749
0.8700000000000054,0.09000000000000491,-0.026632011002744687,-0.08879284446634339
0.8700000000000054,0.06000000000000491,-0.015488115197948814,-0.08951535761191953
0.8700000000000054,0.03000000000000491,-0.0069697681395327294,-0.09013543563914163
0.8400000000000054,3,0.04620259337055258,-0.050336237448933
0.8400000000000054,2.97,0.046058033938188664,-0.05039525277375184
0.8400000000000054,2.9400000000000004,0.04591065301967203,-0.05045538189683563
0.8400000000000054,2.9100000000000006,0.045760367330414234,-0.05051665647423001
0.8400000000000054,2.880000000000001,0.04560709028105257,-0.05057910936570614
0.8400000000000054,2.850000000000001,0.04545073181207063,-0.05064277469216971
0.8400000000000054,2.820000000000001,0.04529119821856603,-0.050707687896121234
0.8400000000000054,2.7900000000000014,0.045128391964296785,-0.05077388580596348
0.8400000000000054,2.7600000000000016,0.04496221148415125,-0.050841406703927006
0.8400000000000054,2.7300000000000018,0.04479255097443512,-0.050910290397832014
0.8400000000000054,2.700000000000002,0.044619300169808696,-0.050980578297366075
0.8400000000000054,2.670000000000002,0.04444234410615061,-0.0510523134947925
0.8400000000000054,2.6400000000000023,0.044261562868056895,-0.051125540850494255
0.8400000000000054,2.6100000000000025,0.044076831319977014,-0.05120030708403489
0.8400000000000054,2.5800000000000027,0.04388801881970929,-0.05127666087038499
0.8400000000000054,2.550000000000003,0.04369498891271023,-0.051354652942583956
0.8400000000000054,2.520000000000003,0.04349759900609909,-0.051434336200466
0.8400000000000054,2.4900000000000033,0.043295700020266434,-0.051515765826723986
0.8400000000000054,2.4600000000000035,0.0430891360168056,-0.051598999409915525
0.8400000000000054,2.4300000000000037,0.042877743800360954,-0.05168409707592159
0.8400000000000054,2.400000000000004,0.04266135249264308,-0.051771121627627203
0.8400000000000054,2.370000000000004,0.04243978307610628,-0.05186013869405798
0.8400000000000054,2.3400000000000043,0.042212847904853634,-0.051951216889323894
0.8400000000000054,2.3100000000000045,0.041980350179888604,-0.052044427982347485
0.8400000000000054,2.2800000000000047,0.04174208338567045,-0.05213984707822761
0.8400000000000054,2.250000000000005,0.04149783068487209,-0.05223755281182968
0.8400000000000054,2.220000000000005,0.04124736426714983,-0.05233762755512078
0.8400000000000054,2.1900000000000053,0.040990444648494065,-0.05244015763882813
0.8400000000000054,2.1600000000000055,0.04072681991599674,-0.05254523358992408
0.8400000000000054,2.1300000000000057,0.04045622491378369,-0.052652950386204336
0.8400000000000054,2.100000000000006,0.04017838036408678,-0.05276340772909652
0.8400000000000054,2.070000000000006,0.039892991917763035,-0.05287671033664776
0.8400000000000054,2.0400000000000063,0.039599749127440645,-0.052992968258033235
0.8400000000000054,2.0100000000000064,0.039298324335734755,-0.053112297211673654
0.8400000000000054,1.9800000000000064,0.038988371470734695,-0.05323481894883875
0.8400000000000054,1.9500000000000064,0.038669524738855376,-0.05336066164502812
0.8400000000000054,1.9200000000000064,0.03834139720566376,-0.05348996032144951
0.8400000000000054,1.8900000000000063,0.03800357925268653,-0.053622857299607196
0.8400000000000054,1.8600000000000063,0.037655636897604754,-0.05375950269140749
0.8400000000000054,1.8300000000000063,0.03729710996387434,-0.053900054928457786
0.8400000000000054,1.8000000000000063,0.03692751008340832,-0.054044681334005
0.8400000000000054,1.7700000000000062,0.036546318514733396,-0.054193558741208986
0.8400000000000054,1.7400000000000062,0.03615298375642955,-0.0543468741623908
0.8400000000000054,1.7100000000000062,0.03574691893309269,-0.054504825513561936
0.8400000000000054,1.6800000000000062,0.03532749892845445,-0.05466762240012832
0.8400000000000054,1.6500000000000061,0.03489405723670558,-0.05483548696867807
0.8400000000000054,1.620000000000006,0.034445882499527826,-0.05500865483181136
0.8400000000000054,1.590000000000006,0.03398221469167642,-0.055187376072891314
0.8400000000000054,1.560000000000006,0.03350224091312283,-0.055371916338060934
0.8400000000000054,1.530000000000006,0.0330050907401895,-0.05556255802453315
0.8400000000000054,1.500000000000006,0.032489831080811264,-0.05575960157402665
0.8400000000000054,1.470000000000006,0.0319554604717855,-0.055963366881878834
0.8400000000000054,1.440000000000006,0.03140090274692468,-0.05617419483291375
0.8400000000000054,1.410000000000006,0.030824999993805557,-0.056392448976768095
0.8400000000000054,1.3800000000000059,0.0302265047054353,-0.05661851735553701
0.8400000000000054,1.3500000000000059,0.029604071018317767,-0.056852814499279536
0.8400000000000054,1.3200000000000058,0.02895624491126077,-0.057095783604978245
0.8400000000000054,1.2900000000000058,0.028281453220367694,-0.05734789891626374
0.8400000000000054,1.2600000000000058,0.027577991301272763,-0.05760966832295128
0.8400000000000054,1.2300000000000058,0.026844009142747656,-0.057881636199947295
0.8400000000000054,1.2000000000000057,0.026077495702773956,-0.05816438650691155
0.8400000000000054,1.1700000000000057,0.025276261199269047,-0.05845854617049795
0.8400000000000054,1.1400000000000057,0.02443791704103691,-0.05876478877136543
0.8400000000000054,1.1100000000000056,0.023559853029279633,-0.05908383855879601
0.8400000000000054,1.0800000000000056,0.02263921139266364,-0.05941647481328821
0.8400000000000054,1.0500000000000056,0.0216728571392064,-0.05976353657655481
0.8400000000000054,1.0200000000000056,0.020657344110500714,-0.06012592776220549
0.8400000000000054,0.9900000000000055,0.019588876006447622,-0.06050462265520026
0.8400000000000054,0.9600000000000055,0.01846326150491925,-0.060900671794758166
0.8400000000000054,0.9300000000000055,0.017275862425934374,-0.061315208220630024
0.8400000000000054,0.9000000000000055,0.016021533674606993,-0.06174945403779178
0.8400000000000054,0.8700000000000054,0.01469455343278609,-0.0622047272202457
0.8400000000000054,0.8400000000000054,0.013288541741311513,-0.06268244852616245
0.8400000000000054,0.8100000000000054,0.011796365207313177,-0.0631841483292156
0.8400000000000054,0.7800000000000054,0.010210025061289802,-0.06371147307627256
0.8400000000000054,0.7500000000000053,0.008520525147484592,-0.06426619095294428
0.8400000000000054,0.7200000000000053,0.006717715617804587,-0.06485019616239635
0.8400000000000054,0.6900000000000053,0.0047901070616538505,-0.06546551098195204
0.8400000000000054,0.6600000000000052,0.0027246484626808794,-0.06611428444208328
0.8400000000000054,0.6300000000000052,0.0005064606222814801,-0.06679878604238762
0.8400000000000054,0.6000000000000052,-0.0018814856356004456,-0.0675213923580536
0.8400000000000054,0.5700000000000052,-0.0044587603107864495,-0.06828456366614033
0.8400000000000054,0.5400000000000051,-0.007247952320084057,-0.06909080681483565
0.8400000000000054,0.5100000000000051,-0.010275259274650082,-0.06994261947211644
0.8400000000000054,0.4800000000000051,-0.013571222632965943,-0.07084240967770766
0.8400000000000054,0.45000000000000506,-0.017171656239845054,-0.07179238344897854
0.8400000000000054,0.42000000000000504,-0.02111883945867816,-0.07279439242842106
0.8400000000000054,0.390000000000005,-0.0254630855115906,-0.07384973393926109
0.8400000000000054,0.360000000000005,-0.0302648657275321,-0.07495889865006294
0.8400000000000054,0.33000000000000496,-0.03559780036543701,-0.07612126846884615
0.8400000000000054,0.30000000000000493,-0.041553076635503075,-0.07733478230093266
0.8400000000000054,0.2700000000000049,-0.04824635039873108,-0.0785956130843789
0.8400000000000054,0.2400000000000049,-0.05582919875613831,-0.0798979365590797
0.8400000000000054,0.2100000000000049,-0.06450930836784687,-0.08123391085365345
0.8400000000000054,0.1800000000000049,-0.07458819093656968,-0.08259399192721523
0.8400000000000054,0.1500000000000049,-0.0865359452227219,-0.08396760991016672
0.8400000000000054,0.12000000000000491,-0.04258150817292639,-0.08534394525331196
0.8400000000000054,0.09000000000000491,-0.026352461543992445,-0.0867121825692356
0.8400000000000054,0.06000000000000491,-0.015408562440834226,-0.08806079655038046
0.8400000000000054,0.03000000000000491,-0.0069554406359612474,-0.08937651689635091
0.8100000000000054,3,0.04625408105945397,-0.047342149912227904
0.8100000000000054,2.97,0.04610548443754128,-0.04739863384505172
0.8100000000000054,2.9400000000000004,0.04595398704719364,-0.04745618741416974
0.8100000000000054,2.9100000000000006,0.0457995032479485,-0.04751484114622698
0.8100000000000054,2.880000000000001,0.04564194400032745,-0.047574626734524866
0.8100000000000054,2.850000000000001,0.04548121669583172,-0.04763557709484667
0.8100000000000054,2.820000000000001,0.04531722497664819,-0.04769772642469128
0.8100000000000054,2.7900000000000014,0.04514986854428063,-0.04776111026589968
0.8100000000000054,2.7600000000000016,0.04497904295645,-0.0478257655709029
0.8100000000000054,2.7300000000000018,0.04480463941125615,-0.047891730773001684
0.8100000000000054,2.700000000000002,0.04462654451774255,-0.0479590458607172
0.8100000000000054,2.670000000000002,0.04444464005192722,-0.04802775245688462
0.8100000000000054,2.6400000000000023,0.04425880269698942,-0.04809789390224331
0.8100000000000054,2.6100000000000025,0.04406890376673972,-0.04816951534447805
0.8100000000000054,2.5800000000000027,0.04387480891067917,-0.04824266383261305
0.8100000000000054,2.550000000000003,0.04367637779969806,-0.04831738841746175
0.8100000000000054,2.520000000000003,0.04347346379051706,-0.048393740258321355
0.8100000000000054,2.4900000000000033,0.04326591356728767,-0.04847177273672432
0.8100000000000054,2.4600000000000035,0.043053566758734355,-0.04855154157724878
0.8100000000000054,2.4300000000000037,0.04283625552843473,-0.04863310497660703
0.8100000000000054,2.400000000000004,0.04261380413662565,-0.04871652374084695
0.8100000000000054,2.370000000000004,0.042386028470573794,-0.04880186143216128
0.8100000000000054,2.3400000000000043,0.042152735541279115,-0.04888918452519256
0.8100000000000054,2.3100000000000045,0.041913722943512026,-0.04897856257430172
0.8100000000000054,2.2800000000000047,0.04166877827608288,-0.04907006839221015
0.8100000000000054,2.250000000000005,0.041417678518851135,-0.04916377824111544
0.8100000000000054,2.220000000000005,0.04116018936268445,-0.049259772037239025
0.8100000000000054,2.1900000000000053,0.0408960644883195,-0.049358133569949725
0.8100000000000054,2.1600000000000055,0.04062504478923404,-0.049458950736699606
0.8100000000000054,2.1300000000000057,0.040346857533692125,-0.04956231579492856
0.8100000000000054,2.100000000000006,0.04006121546028264,-0.049668325632482024
0.8100000000000054,2.070000000000006,0.03976781580060242,-0.049777082058323596
0.8100000000000054,2.0400000000000063,0.03946633922244002,-0.049888692114849864
0.8100000000000054,2.0100000000000064,0.039156448685392406,-0.05000326841401409
0.8100000000000054,1.9800000000000064,0.038837788201054095,-0.05012092949936614
0.8100000000000054,1.9500000000000064,0.03850998148758535,-0.05024180023616179
0.8100000000000054,1.9200000000000064,0.038172630508781454,-0.050366012232019815
0.8100000000000054,1.8900000000000063,0.037825313885477774,-0.05049370429127209
0.8100000000000054,1.8600000000000063,0.037467585166380935,-0.05062502290562551
0.8100000000000054,1.8300000000000063,0.037098970943713505,-0.05076012278480924
0.8100000000000054,1.8000000000000063,0.036718968796894166,-0.050899167430904
0.8100000000000054,1.7700000000000062,0.03632704504628921,-0.05104232976032566
0.8100000000000054,1.7400000000000062,0.035922632295998916,-0.05118979277839447
0.8100000000000054,1.7100000000000062,0.03550512674232415,-0.05134175031117916
0.8100000000000054,1.6800000000000062,0.035073885221866434,-0.05149840780030601
0.8100000000000054,1.6500000000000061,0.03462822196924545,-0.05165998316722506
0.8100000000000054,1.620000000000006,0.034167405051050634,-0.051826707753438284
0.8100000000000054,1.590000000000006,0.03369065243758243,-0.051998827344550164
0.8100000000000054,1.560000000000006,0.03319712766954745,-0.0521766032865717
0.8100000000000054,1.530000000000006,0.03268593506979979,-0.05236031370402437
0.8100000000000054,1.500000000000006,0.03215611444455249,-0.052550254829980186
0.8100000000000054,1.470000000000006,0.03160663520934588,-0.05274674246018665
0.8100000000000054,1.440000000000006,0.031036389866489194,-0.052950113543609345
0.8100000000000054,1.410000000000006,0.03044418674951406,-0.0531607279243546
0.8100000000000054,1.3800000000000059,0.02982874193756082,-0.05337897025033328
0.8100000000000054,1.3500000000000059,0.029188670227886574,-0.05360525206684169
0.8100000000000054,1.3200000000000058,0.028522475037101105,-0.053840014114470036
0.8100000000000054,1.2900000000000058,0.027828537081587442,-0.054083728852850455
0.8100000000000054,1.2600000000000058,0.027105101663107745,-0.05433690323480267
0.8100000000000054,1.2300000000000058,0.026350264357225962,-0.05460008175647857
0.8100000000000054,1.2000000000000057,0.025561954868382128,-0.05487384981330312
0.8100000000000054,1.1700000000000057,0.024737918775089837,-0.05515883739292249
0.8100000000000054,1.1400000000000057,0.023875696840733873,-0.05545572313956598
0.8100000000000054,1.1100000000000056,0.022972601508044643,-0.055765238827155464
0.8100000000000054,1.0800000000000056,0.02202569012604118,-0.05608817428016213
0.8100000000000054,1.0500000000000056,0.02103173437555832,-0.05642538278411907
0.8100000000000054,1.0200000000000056,0.019987185258607702,-0.05677778702744079
0.8100000000000054,0.9900000000000055,0.018888132895026437,-0.05714638561736474
0.8100000000000054,0.9600000000000055,0.01773026022162151,-0.05753226020949233
0.8100000000000054,0.9300000000000055,0.016508789507591125,-0.05793658328497697
0.8100000000000054,0.9000000000000055,0.015218420377447925,-0.05836062660003677
0.8100000000000054,0.8700000000000054,0.013853257758298576,-0.058805770315126016
0.8100000000000054,0.8400000000000054,0.012406727829445524,-0.05927351278539711
0.8100000000000054,0.8100000000000054,0.010871479628608384,-0.05976548095514289
0.8100000000000054,0.7800000000000054,0.009239269442048698,-0.06028344124030481
0.8100000000000054,0.7500000000000053,0.007500824439210294,-0.06082931070006306
0.8100000000000054,0.7200000000000053,0.005645681170003039,-0.061405168178127134
0.8100000000000054,0.6900000000000053,0.003661993464198583,-0.062013264926234685
0.8100000000000054,0.6600000000000052,0.0015363028800418656,-0.06265603398606928
0.8100000000000054,0.6300000000000052,-0.000746736970588397,-0.06333609728194628
0.8100000000000054,0.6000000000000052,-0.0032046933093912346,-0.06405626893473049
0.8100000000000054,0.5700000000000052,-0.005857758651467278,-0.06481955271746698
0.8100000000000054,0.5400000000000051,-0.008729245734014783,-0.06562913080184873
0.8100000000000054,0.5100000000000051,-0.011846198297261159,-0.06648833997046222
0.8100000000000054,0.4800000000000051,-0.015240152716705011,-0.06740063030079757
0.8100000000000054,0.45000000000000506,-0.018948100357005483,-0.06836950005268273
0.8100000000000054,0.42000000000000504,-0.02301372459215803,-0.06939839935511652
0.8100000000000054,0.390000000000005,-0.027489027307866454,-0.07049059485397766
0.8100000000000054,0.360000000000005,-0.032436532342229464,-0.07164898885619785
0.8100000000000054,0.33000000000000496,-0.03793238795970211,-0.07287589169566946
0.8100000000000054,0.30000000000000493,-0.044070949313505414,-0.07417275827745307
0.8100000000000054,0.2700000000000049,-0.05097193532816713,-0.07553992333104008
0.8100000000000054,0.2400000000000049,-0.05879230121671699,-0.07697640818201522
0.8100000000000054,0.2100000000000049,-0.06774716169820193,-0.0784799201760677
0.8100000000000054,0.1800000000000049,-0.07814887451505481,-0.08004719437806784
0.8100000000000054,0.1500000000000049,-0.08404551810865712,-0.08167475444413597
0.8100000000000054,0.12000000000000491,-0.04163783627127051,-0.0833598721356954
0.8100000000000054,0.09000000000000491,-0.026082834503399308,-0.0851010236508507
0.8100000000000054,0.06000000000000491,-0.015330320663393196,-0.0868971466470353
0.8100000000000054,0.03000000000000491,-0.0069412043911482035,-0.08874618255526101
0.7800000000000054,3,0.04629316718312681,-0.04552391929222799
0.7800000000000054,2.97,0.046140281443265374,-0.04557942940802731
0.7800000000000054,2.9400000000000004,0.045984410664676525,-0.04563599241604241
0.7800000000000054,2.9100000000000006,0.04582546670141056,-0.045693638424128075
0.7800000000000054,2.880000000000001,0.04566335790825033,-0.045752398693447355
0.7800000000000054,2.850000000000001,0.045497988965717606,-0.045812305693983243
0.7800000000000054,2.820000000000001,0.04532926069437634,-0.04587339316318523
0.7800000000000054,2.7900000000000014,0.04515706985785475,-0.04593569616803564
0.7800000000000054,2.7600000000000016,0.04498130895356585,-0.0459992511709352
0.7800000000000054,2.7300000000000018,0.04480186599055202,-0.046064096099254964
0.7800000000000054,2.700000000000002,0.04461862425318311,-0.04613027041931647
0.7800000000000054,2.670000000000002,0.04443146204985465,-0.04619781521470745
0.7800000000000054,2.6400000000000023,0.044240252445518324,-0.046266773269428185
0.7800000000000054,2.6100000000000025,0.04404486297682013,-0.04633718915627255
0.7800000000000054,2.5800000000000027,0.04384515534837495,-0.04640910933062792
0.7800000000000054,2.550000000000003,0.04364098510910573,-0.04648258223023416
0.7800000000000054,2.520000000000003,0.04343220130653597,-0.04655765838130887
0.7800000000000054,2.4900000000000033,0.043218646117815854,-0.04663439051155299
0.7800000000000054,2.4600000000000035,0.043000154455223816,-0.04671283367040224
0.7800000000000054,2.4300000000000037,0.04277655354441239,-0.046793045357289786
0.7800000000000054,2.400000000000004,0.04254766247276978,-0.04687508565840904
0.7800000000000054,2.370000000000004,0.04231329170591955,-0.0469590173925582
0.7800000000000054,2.3400000000000043,0.04207324256918951,-0.04704490626704638
0.7800000000000054,2.3100000000000045,0.04182730669147657,-0.04713282104412814
0.7800000000000054,2.2800000000000047,0.04157526540804034,-0.047222833719066395
0.7800000000000054,2.250000000000005,0.04131688911876007,-0.047315019710666206
0.7800000000000054,2.220000000000005,0.04105193659791147,-0.04740945806521929
0.7800000000000054,2.1900000000000053,0.040780154251223444,-0.047506231675132335
0.7800000000000054,2.1600000000000055,0.04050127531537433,-0.04760542751331232
0.7800000000000054,2.1300000000000057,0.040215018994603585,-0.04770713688480044
0.7800000000000054,2.100000000000006,0.039921089529015755,-0.04781145569676726
0.7800000000000054,2.070000000000006,0.03961917518753399,-0.047918484749188334
0.7800000000000054,2.0400000000000063,0.03930894717914397,-0.04802833004700646
0.7800000000000054,2.0100000000000064,0.038990058473801846,-0.04814110313643072
0.7800000000000054,1.9800000000000064,0.038662142524817596,-0.04825692146742552
0.7800000000000054,1.9500000000000064,0.03832481188266287,-0.04837590878423709
0.7800000000000054,1.9200000000000064,0.037977656689489575,-0.04849819554717161
0.7800000000000054,1.8900000000000063,0.03762024304207512,-0.04862391938802496
0.7800000000000054,1.8600000000000063,0.03725211121004483,-0.04875322560257411
0.7800000000000054,1.8300000000000063,0.03687277369356646,-0.048886267683413503
0.7800000000000054,1.8000000000000063,0.036481713104517394,-0.04902320789703364
0.7800000000000054,1.7700000000000062,0.0360783798511054,-0.049164217909629965
0.7800000000000054,1.7400000000000062,0.0356621896053151,-0.04930947946572822
0.7800000000000054,1.7100000000000062,0.03523252052874111,-0.04945918512574022
0.7800000000000054,1.6800000000000062,0.0347887102296469,-0.04961353906748195
0.7800000000000054,1.6500000000000061,0.034330052420807534,-0.04977275795833125
0.7800000000000054,1.620000000000006,0.03385579324328346,-0.04993707190555058
0.7800000000000054,1.590000000000006,0.03336512721665809,-0.050106725491998794
0.7800000000000054,1.560000000000006,0.03285719277128977,-0.05028197890694916
0.7800000000000054,1.530000000000006,0.03233106731143365,-0.050463109181228094
0.7800000000000054,1.500000000000006,0.03178576175159726,-0.050650411538027865
0.7800000000000054,1.470000000000006,0.0312202144591487,-0.050844200871572764
0.7800000000000054,1.440000000000006,0.030633284528121765,-0.05104481336750566
0.7800000000000054,1.410000000000006,0.03002374429627933,-0.051252608279983465
0.7800000000000054,1.3800000000000059,0.02939027100566023,-0.051467969883020145
0.7800000000000054,1.3500000000000059,0.02873143749100339,-0.051691309614730924
0.7800000000000054,1.3200000000000058,0.028045701762255203,-0.051923068436082576
0.7800000000000054,1.2900000000000058,0.02733139532683937,-0.052163719427706576
0.7800000000000054,1.2600000000000058,0.026586710071788863,-0.052413770651312586
0.7800000000000054,1.2300000000000058,0.02580968349671821,-0.052673768305225216
0.7800000000000054,1.2000000000000057,0.024998182053409618,-0.05294430020645299
0.7800000000000054,1.1700000000000057,0.024149882306276113,-0.05322599963592832
0.7800000000000054,1.1400000000000057,0.023262249578114257,-0.05351954958652308
0.7800000000000054,1.1100000000000056,0.022332513686145267,-0.05382568745789151
0.7800000000000054,1.0800000000000056,0.021357641301967857,-0.05414521024602448
0.7800000000000054,1.0500000000000056,0.020334304382755755,-0.054478980279494826
0.7800000000000054,1.0200000000000056,0.019258844016892786,-0.05482793155760174
0.7800000000000054,0.9900000000000055,0.018127228901742017,-0.055193076749118886
0.7800000000000054,0.9600000000000055,0.016935007515984712,-0.05557551491158769
0.7800000000000054,0.9300000000000055,0.015677252862423073,-0.05597643999107713
0.7800000000000054,0.9000000000000055,0.014348498425451474,-0.05639715015864616
0.7800000000000054,0.8700000000000054,0.012942663703216393,-0.05683905803177508
0.7800000000000054,0.8400000000000054,0.011452967322085296,-0.05730370181309352
0.7800000000000054,0.8100000000000054,0.009871825302144602,-0.05779275735409274
0.7800000000000054,0.7800000000000054,0.00819073149392906,-0.058308051109518144
0.7800000000000054,0.7500000000000053,0.006400116514912398,-0.05885157388761553
0.7800000000000054,0.7200000000000053,0.004489180637190433,-0.0594254952088156
0.7800000000000054,0.6900000000000053,0.002445694957121994,-0.06003217795292837
0.7800000000000054,0.6600000000000052,0.0002557637279061386,-0.060674192782659384
0.7800000000000054,0.6300000000000052,-0.002096461157572449,-0.06135433156409309
0.7800000000000054,0.6000000000000052,-0.004629125062751767,-0.06207561862967731
0.7800000000000054,0.5700000000000052,-0.0073630898177407976,-0.06284131822143724
0.7800000000000054,0.5400000000000051,-0.010322446904984985,-0.06365493577514561
0.7800000000000054,0.5100000000000051,-0.013535151035356081,-0.064520209833832
0.7800000000000054,0.4800000000000051,-0.017033810541673293,-0.06544109031186918
0.7800000000000054,0.45000000000000506,-0.020856686486625066,-0.06642169763569145
0.7800000000000054,0.42000000000000504,-0.025048977413463437,-0.06746625617687324
0.7800000000000054,0.390000000000005,-0.029664509125286422,-0.06857899488205887
0.7800000000000054,0.360000000000005,-0.034768024289686186,-0.06976400914841653
0.7800000000000054,0.33000000000000496,-0.040438406359073566,-0.07102508279342881
0.7800000000000054,0.30000000000000493,-0.04677344078791873,-0.0723654807974114
0.7800000000000054,0.2700000000000049,-0.053897249055199326,-0.07378774723703851
0.7800000000000054,0.2400000000000049,-0.061972616766072165,-0.07529358327059921
0.7800000000000054,0.2100000000000049,-0.07122271341016335,-0.07688393519214923
0.7800000000000054,0.1800000000000049,-0.0819716576154749,-0.07855946560833127
0.7800000000000054,0.1500000000000049,-0.07217656082578726,-0.0803215285771896
0.7800000000000054,0.12000000000000491,-0.040770980657326365,-0.08217348001227914
0.7800000000000054,0.09000000000000491,-0.02582248642401606,-0.08412163151141616
0.7800000000000054,0.06000000000000491,-0.015253350758735903,-0.0861750873747131
0.7800000000000054,0.03000000000000491,-0.006927058362059455,-0.08834493473984215
0.7500000000000053,3,0.04631840887985546,-0.04476699477186272
0.7500000000000053,2.97,0.04616095753291135,-0.04482308858836154
0.7500000000000053,2.9400000000000004,0.046000431396483146,-0.044880246014401215
0.7500000000000053,2.9100000000000006,0.04583673965450935,-0.0449384974550158
0.7500000000000053,2.880000000000001,0.045669787884794436,-0.044997874479541386
0.7500000000000053,2.850000000000001,0.045499477878657185,-0.045058409877779745
0.7500000000000053,2.820000000000001,0.045325707449449554,-0.04512013771908174
0.7500000000000053,2.7900000000000014,0.04514837022955178,-0.04518309341511095
0.7500000000000053,2.7600000000000016,0.044967355454625484,-0.04524731378621033
0.7500000000000053,2.7300000000000018,0.04478254773457946,-0.045312837131711636
0.7500000000000053,2.700000000000002,0.04459382680997749,-0.04537970330453357
0.7500000000000053,2.670000000000002,0.044401067292984306,-0.045447953790268614
0.7500000000000053,2.6400000000000023,0.04420413839160574,-0.045517631791131274
0.7500000000000053,2.6100000000000025,0.04400290361597352,-0.04558878231506594
0.7500000000000053,2.5800000000000027,0.04379722046532271,-0.045661452270474606
0.7500000000000053,2.550000000000003,0.043586940094166686,-0.04573569056691701
0.7500000000000053,2.520000000000003,0.043371906955947406,-0.045811548222229354
0.7500000000000053,2.4900000000000033,0.04315195842262352,-0.04588907847649493
0.7500000000000053,2.4600000000000035,0.042926924377868624,-0.04596833691344168
0.7500000000000053,2.4300000000000037,0.04269662678212482,-0.04604938159002697
0.7500000000000053,2.400000000000004,0.04246087920719539,-0.04613227317418214
0.7500000000000053,2.370000000000004,0.04221948633736838,-0.04621707509232176
0.7500000000000053,2.3400000000000043,0.04197224343494287,-0.04630385368641016
0.7500000000000053,2.3100000000000045,0.04171893576662174,-0.04639267838214983
0.7500000000000053,2.2800000000000047,0.0414593379878062,-0.046483621868585234
0.7500000000000053,2.250000000000005,0.04119321348063944,-0.04657676029032143
0.7500000000000053,2.220000000000005,0.040920313642341645,-0.04667217345349162
0.7500000000000053,2.1900000000000053,0.040640377118946136,-0.046769945046309214
0.7500000000000053,2.1600000000000055,0.0403531289796874,-0.046870162875678745
0.7500000000000053,2.1300000000000057,0.04005827982670047,-0.046972919120979395
0.7500000000000053,2.100000000000006,0.039755524833791925,-0.04707831060690787
0.7500000000000053,2.070000000000006,0.03944454270806508,-0.047186439096369104
0.7500000000000053,2.0400000000000063,0.03912499456666416,-0.04729741160580886
0.7500000000000053,2.0100000000000064,0.038796522720705814,-0.04741134074467579
0.7500000000000053,1.9800000000000064,0.03845874935725633,-0.04752834508090881
0.7500000000000053,1.9500000000000064,0.038111275109522405,-0.0476485495355124
0.7500000000000053,1.9200000000000064,0.037753677503610625,-0.047772085807878784
0.7500000000000053,1.8900000000000063,0.037385509269814106,-0.0478990928356523
0.7500000000000053,1.8600000000000063,0.03700629650419995,-0.04802971729164368
0.7500000000000053,1.8300000000000063,0.03661553666487144,-0.04816411412177629
0.7500000000000053,1.8000000000000063,0.03621269638557993,-0.04830244712742349
0.7500000000000053,1.7700000000000062,0.035797209086787574,-0.04844488959701809
0.7500000000000053,1.7400000000000062,0.03536847236233234,-0.04859162499127323
0.7500000000000053,1.7100000000000062,0.034925845116609504,-0.04874284768741893
0.7500000000000053,1.6800000000000062,0.03446864442443863,-0.048898763788322475
0.7500000000000053,1.6500000000000061,0.033996142081706454,-0.0490595920031523
0.7500000000000053,1.620000000000006,0.033507560811165356,-0.04922556460636285
0.7500000000000053,1.590000000000006,0.03300207008248522,-0.04939692848369587
0.7500000000000053,1.560000000000006,0.032478781500463995,-0.04957394627367612
0.7500000000000053,1.530000000000006,0.03193674370889144,-0.04975689761483798
0.7500000000000053,1.500000000000006,0.03137493674986394,-0.04994608050969297
0.7500000000000053,1.470000000000006,0.030792265810285324,-0.05014181281804225
0.7500000000000053,1.440000000000006,0.03018755427677239,-0.050344433893432024
0.7500000000000053,1.410000000000006,0.029559536009122794,-0.05055430637830105
0.7500000000000053,1.3800000000000059,0.028906846728330556,-0.050771818175031846
0.7500000000000053,1.3500000000000059,0.028228014400074653,-0.0509973846125264
0.7500000000000053,1.3200000000000058,0.02752144847515097,-0.051231450829601094
0.7500000000000053,1.2900000000000058,0.026785427827104386,-0.051474494399554704
0.7500000000000053,1.2600000000000058,0.026018087200986313,-0.05172702822267253
0.7500000000000053,1.2300000000000058,0.025217401956881172,-0.051989603716799754
0.7500000000000053,1.2000000000000057,0.024381170855512627,-0.05226281433900276
0.7500000000000053,1.1700000000000057,0.023506996589981396,-0.05254729947553827
0.7500000000000053,1.1400000000000057,0.022592263716261045,-0.052843748740875156
0.7500000000000053,1.1100000000000056,0.021634113573326043,-0.05315290673070127
0.7500000000000053,1.0800000000000056,0.02062941570977829,-0.05347557827810526
0.7500000000000053,1.0500000000000056,0.01957473524435286,-0.053812634266243387
0.7500000000000053,1.0200000000000056,0.01846629547995067,-0.05416501805512952
0.7500000000000053,0.9900000000000055,0.01729993495950739,-0.05453375258297688
0.7500000000000053,0.9600000000000055,0.016071057992457536,-0.05491994820514867
0.7500000000000053,0.9300000000000055,0.014774577485420232,-0.055324811334026114
0.7500000000000053,0.9000000000000055,0.013404848670345476,-0.05574965394073591
0.7500000000000053,0.8700000000000054,0.011955592028652375,-0.056195903971969885
0.7500000000000053,0.8400000000000054,0.01041980334241287,-0.056665116721760334
0.7500000000000053,0.8100000000000054,0.008789648347878385,-0.057158987174070586
0.7500000000000053,0.7800000000000054,0.007056338895263425,-0.05767936329353432
0.7500000000000053,0.7500000000000053,0.005209986798761409,-0.058228260183600195
0.7500000000000053,0.7200000000000053,0.0032394306472321365,-0.05880787494299211
0.7500000000000053,0.6900000000000053,0.001132029676991165,-0.05942060192406523
0.7500000000000053,0.6600000000000052,-0.001126582701856317,-0.06006904791195328
0.7500000000000053,0.6300000000000052,-0.003552795110899917,-0.06075604648387156
0.7500000000000053,0.6000000000000052,-0.006165376151855337,-0.06148467044605116
0.7500000000000053,0.5700000000000052,-0.008985909663090055,-0.0622582407521739
0.7500000000000053,0.5400000000000051,-0.012039327783311042,-0.06308032964932381
0.7500000000000053,0.5100000000000051,-0.015354569368823881,-0.06395475495032266
0.7500000000000053,0.4800000000000051,-0.018965401754404705,-0.0648855612929029
0.7500000000000053,0.45000000000000506,-0.022911459975707264,-0.06587698308814882
0.7500000000000053,0.42000000000000504,-0.027239583643023552,-0.06693338279199229
0.7500000000000053,0.390000000000005,-0.032005575844585896,-0.06805915767193244
0.7500000000000053,0.360000000000005,-0.03727658687840102,-0.06925860944558598
0.7500000000000053,0.33000000000000496,-0.04313447079521997,-0.07053577605247968
0.7500000000000053,0.30000000000000493,-0.04968074167220491,-0.07189423680978896
0.7500000000000053,0.2700000000000049,-0.0570443097273208,-0.07333692629860072
0.7500000000000053,0.2400000000000049,-0.0653943054301407,-0.07486603360017602
0.7500000000000053,0.2100000000000049,-0.07496266553341477,-0.07648312045929795
0.7500000000000053,0.1800000000000049,-0.08608630844463304,-0.07818963833387074
0.7500000000000053,0.1500000000000049,-0.06686126707304231,-0.07998797673416164
0.7500000000000053,0.12000000000000491,-0.03996952469360623,-0.08188288861490428
0.7500000000000053,0.09000000000000491,-0.025570834699693325,-0.08388261104742573
0.7500000000000053,0.06000000000000491,-0.015177615330702773,-0.08599892666854853
0.7500000000000053,0.03000000000000491,-0.006913001523161165,-0.08824667222216875
0.7200000000000053,3,0.04632817898276713,-0.04504981392387064
0.7200000000000053,2.97,0.046165857734233,-0.0451082546204975
0.7200000000000053,2.9400000000000004,0.046000365906114934,-0.045167800881429576
0.7200000000000053,2.9100000000000006,0.0458316098305947,-0.045228484229115684
0.7200000000000053,2.880000000000001,0.04565949211955801,-0.0452903373896667
0.7200000000000053,2.850000000000001,0.04548391147833805,-0.04535339435053626
0.7200000000000053,2.820000000000001,0.04530476250826759,-0.045417690421501344
0.7200000000000053,2.7900000000000014,0.04512193549700855,-0.04548326229920749
0.7200000000000053,2.7600000000000016,0.04493531619605702,-0.045550148135616475
0.7200000000000053,2.7300000000000018,0.04474478558424633,-0.04561838761023812
0.7200000000000053,2.700000000000002,0.04455021961645796,-0.04568802200699679
0.7200000000000053,2.670000000000002,0.04435148895611292,-0.04575909429559542
0.7200000000000053,2.6400000000000023,0.044148458690656624,-0.04583164921781485
0.7200000000000053,2.6100000000000025,0.043940988028407235,-0.045905733379193625
0.7200000000000053,2.5800000000000027,0.043728929975444364,-0.045981395346445464
0.7200000000000053,2.550000000000003,0.04351213099098601,-0.04605868575086869
0.7200000000000053,2.520000000000003,0.04329043061965605,-0.04613765739849708
0.7200000000000053,2.4900000000000033,0.04306366109877841,-0.046218365387100016
0.7200000000000053,2.4600000000000035,0.042831646938382234,-0.04630086723101001
0.7200000000000053,2.4300000000000037,0.04259420447242429,-0.04638522299389336
0.7200000000000053,2.400000000000004,0.04235114137803951,-0.04647149543038148
0.7200000000000053,2.370000000000004,0.04210225616079077,-0.04655975013722224
0.7200000000000053,2.3400000000000043,0.041847337602811584,-0.046650055714471506
0.7200000000000053,2.3100000000000045,0.041586164170546794,-0.04674248393790728
0.7200000000000053,2.2800000000000047,0.04131850337921382,-0.04683710994302759
0.7200000000000053,2.250000000000005,0.04104411110926895,-0.04693401242214314
0.7200000000000053,2.220000000000005,0.04076273087168138,-0.04703327383515325
0.7200000000000053,2.1900000000000053,0.040474093016700276,-0.04713498063536256
0.7200000000000053,2.1600000000000055,0.040177913881436045,-0.0472392235116037
0.7200000000000053,2.1300000000000057,0.03987389487043254,-0.04734609764789627
0.7200000000000053,2.100000000000006,0.03956172146327021,-0.04745570300224322
0.7200000000000053,2.070000000000006,0.0392410621420801,-0.04756814460597339
0.7200000000000053,2.0400000000000063,0.03891156723168416,-0.04768353288595728
0.7200000000000053,2.0100000000000064,0.03857286764363428,-0.047801984010877596
0.7200000000000053,1.9800000000000064,0.03822457351511368,-0.047923620264445826
0.7200000000000053,1.9500000000000064,0.03786627273200687,-0.04804857044748895
0.7200000000000053,1.9200000000000064,0.03749752932479812,-0.04817697031166229
0.7200000000000053,1.8900000000000063,0.03711788172414708,-0.04830896302767852
0.7200000000000053,1.8600000000000063,0.036726840861985514,-0.04844469969127099
0.7200000000000053,1.8300000000000063,0.03632388810153793,-0.048584339870184456
0.7200000000000053,1.8000000000000063,0.03590847297873577,-0.048728052196379434
0.7200000000000053,1.7700000000000062,0.03548001073413276,-0.04887601500761074
0.7200000000000053,1.7400000000000062,0.0350378796128643,-0.04902841704265948
0.7200000000000053,1.7100000000000062,0.03458141790677319,-0.04918545819651785
0.7200000000000053,1.6800000000000062,0.034109920709741726,-0.04934735034014284
0.7200000000000053,1.6500000000000061,0.033622636353272874,-0.04951431821198066
0.7200000000000053,1.620000000000006,0.03311876248556585,-0.04968660038820599
0.7200000000000053,1.590000000000006,0.03259744175154836,-0.04986445033961223
0.7200000000000053,1.560000000000006,0.032057757026453665,-0.05004813758386123
0.7200000000000053,1.530000000000006,0.031498726148285125,-0.05023794894310811
0.7200000000000053,1.500000000000006,0.03091929608706633,-0.05043418991768768
0.7200000000000053,1.470000000000006,0.03031833648006894,-0.050637186188176156
0.7200000000000053,1.440000000000006,0.029694632451539315,-0.05084728525930553
0.7200000000000053,1.410000000000006,0.029046876623867682,-0.051064858260409435
0.7200000000000053,1.3800000000000059,0.028373660212415892,-0.05129030191972561
0.7200000000000053,1.3500000000000059,0.027673463080638054,-0.051524040730505816
0.7200000000000053,1.3200000000000058,0.02694464261216989,-0.05176652933003703
0.7200000000000053,1.2900000000000058,0.026185421234075544,-0.052018255114127554
0.7200000000000053,1.2600000000000058,0.025393872398659235,-0.052279741112629785
0.7200000000000053,1.2300000000000058,0.02456790479940173,-0.05255154915417437
0.7200000000000053,1.2000000000000057,0.023705244559269742,-0.05283428335070939
0.7200000000000053,1.1700000000000057,0.022803415084178172,-0.05312859393610264
0.7200000000000053,1.1400000000000057,0.021859714221708737,-0.05343518149611676
0.7200000000000053,1.1100000000000056,0.020871188300470196,-0.05375480162953922
0.7200000000000053,1.0800000000000056,0.019834602548636206,-0.05408827008451156
0.7200000000000053,1.0500000000000056,0.018746407297854283,-0.054436468415849426
0.7200000000000053,1.0200000000000056,0.017602699265644013,-0.05480035021156229
0.7200000000000053,0.9900000000000055,0.016399177073791484,-0.05518094793814428
0.7200000000000053,0.9600000000000055,0.01513108999380982,-0.055579380452876914
0.7200000000000053,0.9300000000000055,0.013793178707304728,-0.05599686122842165
0.7200000000000053,0.9000000000000055,0.01237960661950919,-0.05643470732732911
0.7200000000000053,0.8700000000000054,0.01088387995628749,-0.056894349150872506
0.7200000000000053,0.8400000000000054,0.009298754492885626,-0.05737734096486635
0.7200000000000053,0.8100000000000054,0.007616126287279475,-0.057885372171262106
0.7200000000000053,0.7800000000000054,0.005826903194702153,-0.058420279243414225
0.7200000000000053,0.7500000000000053,0.003920853189038469,-0.05898405816811003
0.7200000000000053,0.7200000000000053,0.001886424562804235,-0.05957887712891052
0.7200000000000053,0.6900000000000053,-0.0002894681435061889,-0.06020708901211852
0.7200000000000053,0.6600000000000052,-0.0026217002107479636,-0.060871243098833655
0.7200000000000053,0.6300000000000052,-0.005127244603310106,-0.06157409500744904
0.7200000000000053,0.6000000000000052,-0.007825544164860547,-0.06231861353888213
0.7200000000000053,0.5700000000000052,-0.010738964407467601,-0.06310798252410191
0.7200000000000053,0.5400000000000051,-0.01389334831402534,-0.06394559504808248
0.7200000000000053,0.5100000000000051,-0.01731870194699931,-0.06483503650184758
0.7200000000000053,0.4800000000000051,-0.02105005057362476,-0.06578005180320998
0.7200000000000053,0.45000000000000506,-0.02512852186759158,-0.06678449090900157
0.7200000000000053,0.42000000000000504,-0.02960273995929351,-0.067852225652823
0.7200000000000053,0.390000000000005,-0.03453066018715814,-0.06898703052959927
0.7200000000000053,0.360000000000005,-0.03998205610658809,-0.07019242141138723
0.7200000000000053,0.33000000000000496,-0.04604202147719986,-0.07147145133959254
0.7200000000000053,0.30000000000000493,-0.0528161402568299,-0.0728264748308437
0.7200000000000053,0.2700000000000049,-0.060438553300869974,-0.07425891617175573
0.7200000000000053,0.2400000000000049,-0.06908532452123209,-0.07576911704086164
0.7200000000000053,0.2100000000000049,-0.07899797240561218,-0.07735639100225078
0.7200000000000053,0.1800000000000049,-0.09052740102273249,-0.07901944796583404
0.7200000000000053,0.1500000000000049,-0.06316843125073898,-0.08075728659511347
0.7200000000000053,0.12000000000000491,-0.03922446434155465,-0.08257035102209831
0.7200000000000053,0.09000000000000491,-0.025327350068719192,-0.08446123200038402
0.7200000000000053,0.06000000000000491,-0.015103078595142353,-0.086434154715683
0.7200000000000053,0.03000000000000491,-0.006899032866062931,-0.0884937160436371
0.6900000000000053,3,0.04632063812280035,-0.04645275487629713
0.6900000000000053,2.97,0.04615311108933627,-0.04651574525260305
0.6900000000000053,2.9400000000000004,0.045982311010338034,-0.046579922366530246
0.6900000000000053,2.9100000000000006,0.045808141165084575,-0.046645319893754866
0.6900000000000053,2.880000000000001,0.04563050099022381,-0.04671197278860145
0.6900000000000053,2.850000000000001,0.04544928588727168,-0.04677991734506545
0.6900000000000053,2.820000000000001,0.04526438701862619,-0.04684919126104381
0.6900000000000053,2.7900000000000014,0.04507569109088647,-0.04691983370659841
0.6900000000000053,2.7600000000000016,0.04488308012496954,-0.04699188539572968
0.6900000000000053,2.7300000000000018,0.0446864312117478,-0.047065388662984764
0.6900000000000053,2.700000000000002,0.044485616252367355,-0.04714038754398364
0.6900000000000053,2.670000000000002,0.04428050168180464,-0.047216927861278846
0.6900000000000053,2.6400000000000023,0.04407094817484729,-0.0472950573151204
0.6900000000000053,2.6100000000000025,0.04385681033289181,-0.04737482557981049
0.6900000000000053,2.5800000000000027,0.043637936349897696,-0.04745628440614268
0.6900000000000053,2.550000000000003,0.043414167656342983,-0.04753948773001965
0.6900000000000053,2.520000000000003,0.04318533853917522,-0.047624491788017975
0.6900000000000053,2.4900000000000033,0.04295127573578321,-0.04771135524031578
0.6900000000000053,2.4600000000000035,0.04271179800019287,-0.047800139301419076
0.6900000000000053,2.4300000000000037,0.04246671563899515,-0.047890907879315464
0.6900000000000053,2.400000000000004,0.04221583001450048,-0.04798372772385384
0.6900000000000053,2.370000000000004,0.041958933012746676,-0.048078668584922823
0.6900000000000053,2.3400000000000043,0.04169580647293247,-0.04817580338107641
0.6900000000000053,2.3100000000000045,0.04142622157537965,-0.04827520837949617
0.6900000000000053,2.2800000000000047,0.04114993818433353,-0.04837696338838385
0.6900000000000053,2.250000000000005,0.0408667041416306,-0.04848115196245606
0.6900000000000053,2.220000000000005,0.04057625450681177,-0.04858786162277107
0.6900000000000053,2.1900000000000053,0.04027831073938372,-0.048697184091984896
0.6900000000000053,2.1600000000000055,0.03997257981740869,-0.048809215546229384
0.6900000000000053,2.1300000000000057,0.039658753286890135,-0.0489240568852386
0.6900000000000053,2.100000000000006,0.03933650623571218,-0.0490418140218174
0.6900000000000053,2.070000000000006,0.0390054961846809,-0.04916259819278268
0.6900000000000053,2.0400000000000063,0.038665361888134936,-0.04928652629268093
0.6900000000000053,2.0100000000000064,0.038315722035285354,-0.049413721232582475
0.6900000000000053,1.9800000000000064,0.03795617384251464,-0.049544312326093076
0.6900000000000053,1.9500000000000064,0.03758629152614118,-0.049678435704713524
0.6900000000000053,1.9200000000000064,0.03720562464319155,-0.049816234765551415
0.6900000000000053,1.8900000000000063,0.036813696287409506,-0.04995786065361635
0.6900000000000053,1.8600000000000063,0.03641000112494054,-0.05010347278269307
0.6900000000000053,1.8300000000000063,0.03599400325337035,-0.050253239397348215
0.6900000000000053,1.8000000000000063,0.035565133865118614,-0.05040733818068885
0.6900000000000053,1.7700000000000062,0.03512278869435885,-0.05056595691129201
0.6900000000000053,1.7400000000000062,0.03466632522364857,-0.05072929417465566
0.6900000000000053,1.7100000000000062,0.034195059623453435,-0.05089756013368896
0.6900000000000053,1.6800000000000062,0.03370826339500499,-0.05107097736419946
0.6900000000000053,1.6500000000000061,0.033205159682013444,-0.05124978176139902
0.6900000000000053,1.620000000000006,0.032684919212919494,-0.05143422352442584
0.6900000000000053,1.590000000000006,0.03214665583031554,-0.051624568226165554
0.6900000000000053,1.560000000000006,0.03158942155755721,-0.0518210979771111
0.6900000000000053,1.530000000000006,0.031012201146462616,-0.05202411269220192
0.6900000000000053,1.500000000000006,0.030413906041610254,-0.052233931470674066
0.6900000000000053,1.470000000000006,0.02979336768751456,-0.052450894100695034
0.6900000000000053,1.440000000000006,0.029149330094696176,-0.05267536270033964
0.6900000000000053,1.410000000000006,0.02848044156742962,-0.052907723509456994
0.6900000000000053,1.3800000000000059,0.027785245482185545,-0.05314838884662754
0.6900000000000053,1.3500000000000059,0.027062169987999655,-0.05339779924793425
0.6900000000000053,1.3200000000000058,0.026309516480485334,-0.053656425805875596
0.6900000000000053,1.2900000000000058,0.02552544667721655,-0.05392477272756535
0.6900000000000053,1.2600000000000058,0.024707968094592504,-0.054203380133802076
0.6900000000000053,1.2300000000000058,0.023854917693243667,-0.054492827122238074
0.6900000000000053,1.2000000000000057,0.02296394341972443,-0.05479373511916685
0.6900000000000053,1.1700000000000057,0.02203248332593461,-0.055106771546351574
0.6900000000000053,1.1400000000000057,0.021057741891868417,-0.05543265383055013
0.6900000000000053,1.1100000000000056,0.020036663110654274,-0.055772153783978845
0.6900000000000053,1.0800000000000056,0.018965899814447556,-0.056126102384516444
0.6900000000000053,1.0500000000000056,0.017841778623868376,-0.05649539498292405
0.6900000000000053,1.0200000000000056,0.01666025978532214,-0.05688099696221899
0.6900000000000053,0.9900000000000055,0.01541689102047557,-0.05728394986905036
0.6900000000000053,0.9600000000000055,0.014106754336535998,-0.057705378028827484
0.6900000000000053,0.9300000000000055,0.012724404536649664,-0.0581464956432326
0.6900000000000053,0.9000000000000055,0.011263797906763823,-0.05860861434903977
0.6900000000000053,0.8700000000000054,0.00971820923579368,-0.059093151188584714
0.6900000000000053,0.8400000000000054,0.00808013492562513,-0.059601636899968835
0.6900000000000053,0.8100000000000054,0.0063411794515248095,-0.06013572437662493
0.6900000000000053,0.7800000000000054,0.0044919218094476646,-0.06069719706227693
0.6900000000000053,0.7500000000000053,0.002521757801778474,-0.061287976931194504
0.6900000000000053,0.7200000000000053,0.0004187130141268488,-0.06191013154347505
0.6900000000000053,0.6900000000000053,-0.0018307799427808354,-0.0625658794454994
0.6900000000000053,0.6600000000000052,-0.004242148006165827,-0.06325759288589
0.6900000000000053,0.6300000000000052,-0.0068329982957035405,-0.06398779641589669
0.6900000000000053,0.6000000000000052,-0.009623505935734546,-0.0647591594071017
0.6900000000000053,0.5700000000000052,-0.012636886092561306,-0.0655744798210422
0.6900000000000053,0.5400000000000051,-0.015899972667327126,-0.06643665567349655
0.6900000000000053,0.5100000000000051,-0.01944393381510302,-0.0673486395392846
0.6900000000000053,0.4800000000000051,-0.023305165904062154,-0.0683133701747411
0.6900000000000053,0.45000000000000506,-0.027526425171953,-0.06933367401659818
0.6900000000000053,0.42000000000000504,-0.03215828480564312,-0.0704121282648649
0.6900000000000053,0.390000000000005,-0.0372610533226389,-0.07155087712877528
0.6900000000000053,0.360000000000005,-0.04290737543586788,-0.07275139484230884
0.6900000000000053,0.33000000000000496,-0.04918589428194375,-0.07401419535246379
0.6900000000000053,0.30000000000000493,-0.05620665661992038,-0.0753385023132368
0.6900000000000053,0.2700000000000049,-0.06410954281814785,-0.07672191793759625
0.6900000000000053,0.2400000000000049,-0.07307822773538282,-0.07816016708574614
0.6900000000000053,0.2100000000000049,-0.08336474809344957,-0.07964703563398573
0.6900000000000053,0.1800000000000049,-0.09533535468694693,-0.081174635130388
0.6900000000000053,0.1500000000000049,-0.060299611990434834,-0.08273402713942735
0.6900000000000053,0.12000000000000491,-0.03852856378020406,-0.08431592573527938
0.6900000000000053,0.09000000000000491,-0.02509155023903039,-0.08591075461988296
0.6900000000000053,0.06000000000000491,-0.015029706288527114,-0.08750744833891547
0.6900000000000053,0.03000000000000491,-0.006885151399136179,-0.08909159100706765
0.6600000000000052,3,0.04629370209843016,-0.04918112173296338
0.6600000000000052,2.97,0.04612059737918874,-0.04925165010796062
0.6600000000000052,2.9400000000000004,0.04594410974448811,-0.04932350003875374
0.6600000000000052,2.9100000000000006,0.04576413919727383,-0.04939670878306207
0.6600000000000052,2.880000000000001,0.045580581766389974,-0.049471315002295846
0.6600000000000052,2.850000000000001,0.04539332930743324,-0.049547358827772135
0.6600000000000052,2.820000000000001,0.04520226929169217,-0.04962488193061905
0.6600000000000052,2.7900000000000014,0.04500728458195007,-0.049703927595741215
0.6600000000000052,2.7600000000000016,0.044808253194671466,-0.04978454079990312
0.6600000000000052,2.7300000000000018,0.04460504804711887,-0.04986676829460912
0.6600000000000052,2.700000000000002,0.04439753668864925,-0.04995065869355181
0.6600000000000052,2.670000000000002,0.04418558101479324,-0.05003626256545157
0.6600000000000052,2.6400000000000023,0.04396903696292584,-0.05012363253231844
0.6600000000000052,2.6100000000000025,0.043747754188042,-0.050212823373672805
0.6600000000000052,2.5800000000000027,0.04352157571729346,-0.0503038921371525
0.6600000000000052,2.550000000000003,0.04329033758148171,-0.050396898255751096
0.6600000000000052,2.520000000000003,0.04305386842161806,-0.05049190367255117
0.6600000000000052,2.4900000000000033,0.04281198906889247,-0.05058897297302334
0.6600000000000052,2.4600000000000035,0.042564512095639315,-0.050688173525850755
0.6600000000000052,2.4300000000000037,0.04231124133502097,-0.05078957563256792
0.6600000000000052,2.400000000000004,0.04205197136680186,-0.050893252687012225
0.6600000000000052,2.370000000000004,0.041786486966731665,-0.050999281344876635
0.6600000000000052,2.3400000000000043,0.04151456251595577,-0.051107741704666865
0.6600000000000052,2.3100000000000045,0.04123596136748847,-0.0512187175004043
0.6600000000000052,2.2800000000000047,0.04095043516588852,-0.05133229630732153
0.6600000000000052,2.250000000000005,0.04065772311605098,-0.051448569761324114
0.6600000000000052,2.220000000000005,0.04035755119668472,-0.051567633793589085
0.6600000000000052,2.1900000000000053,0.040049631313542354,-0.05168958888109404
0.6600000000000052,2.1600000000000055,0.03973366038701417,-0.05181454031463978
0.6600000000000052,2.1300000000000057,0.039409319367844454,-0.05194259848576885
0.6600000000000052,2.100000000000006,0.03907627217473554,-0.05207387919377546
0.6600000000000052,2.070000000000006,0.03873416454611853,-0.05220850397487388
0.6600000000000052,2.0400000000000063,0.038382622798149496,-0.05234660045500772
0.6600000000000052,2.0100000000000064,0.038021252479851594,-0.052488302728486036
0.6600000000000052,1.9800000000000064,0.03764963691539952,-0.052633751764387726
0.6600000000000052,1.9500000000000064,0.037267335622246905,-0.05278309584330265
0.6600000000000052,1.9200000000000064,0.03687388259286815,-0.052936491026577256
0.6600000000000052,1.8900000000000063,0.03646878442598349,-0.053094101661539855
0.6600000000000052,1.8600000000000063,0.03605151829207498,-0.05325610092488886
0.6600000000000052,1.8300000000000063,0.03562152971540661,-0.05342267140834636
0.6600000000000052,1.8000000000000063,0.035178230153547,-0.0535940057497816
0.6600000000000052,1.7700000000000062,0.03472099435217587,-0.05377030731386483
0.6600000000000052,1.7400000000000062,0.034249157450892756,-0.05395179092687946
0.6600000000000052,1.7100000000000062,0.033762011812162096,-0.054138683669926496
0.6600000000000052,1.6800000000000062,0.03325880354235114,-0.05433122573640492
0.6600000000000052,1.6500000000000061,0.03273872866948944,-0.05452967135883546
0.6600000000000052,1.620000000000006,0.03220092893786334,-0.05473428981168732
0.6600000000000052,1.590000000000006,0.03164448717423529,-0.05494536649663756
0.6600000000000052,1.560000000000006,0.03106842217398637,-0.05516320411799375
0.6600000000000052,1.530000000000006,0.03047168304885508,-0.055388123955944835
0.6600000000000052,1.500000000000006,0.02985314296927019,-0.055620467246457694
0.6600000000000052,1.470000000000006,0.02921159222479836,-0.05586059667741891
0.6600000000000052,1.440000000000006,0.028545730515183734,-0.05610889801066027
0.6600000000000052,1.410000000000006,0.027854158371394645,-0.0563657818411501
0.6600000000000052,1.3800000000000059,0.027135367590777313,-0.05663168550477393
0.6600000000000052,1.3500000000000059,0.026387730553079726,-0.0569070751467643
0.6600000000000052,1.3200000000000058,0.025609488262574722,-0.05719244796374737
0.6600000000000052,1.2900000000000058,0.02479873693756356,-0.05748833463258268
0.6600000000000052,1.2600000000000058,0.023953412939219404,-0.05779530193925031
0.6600000000000052,1.2300000000000058,0.023071275797216267,-0.058113955621234725
0.6600000000000052,1.2000000000000057,0.022149889049204986,-0.05844494343551537
0.6600000000000052,1.1700000000000057,0.02118659856237546,-0.058788958463728114
0.6600000000000052,1.1400000000000057,0.020178507947205722,-0.05914674266279263
0.6600000000000052,1.1100000000000056,0.019122450604214657,-0.05951909066583645
0.6600000000000052,1.0800000000000056,0.018014957860621943,-0.059906853832659396
0.6600000000000052,1.0500000000000056,0.016852222553325302,-0.06031094454007563
0.6600000000000052,1.0200000000000056,0.01563005729194277,-0.060732340690961784
0.6600000000000052,0.9900000000000055,0.014343846487884108,-0.06117209040362445
0.6600000000000052,0.9600000000000055,0.012988491053886681,-0.06163131681992651
0.6600000000000052,0.9300000000000055,0.011558344457260773,-0.06211122293835947
0.6600000000000052,0.9000000000000055,0.010047138537257059,-0.06261309633388873
0.6600000000000052,0.8700000000000054,0.00844789716089597,-0.063138313567075
0.6600000000000052,0.8400000000000054,0.006752835373174537,-0.06368834400268658
0.6600000000000052,0.8100000000000054,0.00495324117789033,-0.06426475264917114
0.6600000000000052,0.7800000000000054,0.003039336431045125,-0.0648692014824424
0.6600000000000052,0.7500000000000053,0.0010001125049336132,-0.06550344851976558
0.6600000000000052,0.7200000000000053,-0.0011768646668641088,-0.06616934364674609
0.6600000000000052,0.6900000000000053,-0.0035056868963408874,-0.06686881985137011
0.6600000000000052,0.6600000000000052,-0.006002381871314039,-0.0676038780613869
0.6600000000000052,0.6300000000000052,-0.008685247857364537,-0.06837656318515795
0.6600000000000052,0.6000000000000052,-0.011575258749368378,-0.06918892819400599
0.6600000000000052,0.5700000000000052,-0.014696557354125553,-0.0700429821281768
0.6600000000000052,0.5400000000000051,-0.018077060479001546,-0.0709406167511481
0.6600000000000052,0.5100000000000051,-0.021749207531517635,-0.07188350524889514
0.6600000000000052,0.4800000000000051,-0.02575089635904133,-0.07287296498484452
0.6600000000000052,0.45000000000000506,-0.030126668582113644,-0.0739097751581712
0.6600000000000052,0.42000000000000504,-0.03492923652906764,-0.07499393982640909
0.6600000000000052,0.390000000000005,-0.04022149431901688,-0.0761243881781577
0.6600000000000052,0.360000000000005,-0.046079244893327265,-0.07729860888352272
0.6600000000000052,0.33000000000000496,-0.05259503966686395,-0.07851222637325361
0.6600000000000052,0.30000000000000493,-0.059883843804888814,-0.07975854714978575
0.6600000000000052,0.2700000000000049,-0.06809186722548141,-0.08102813601110757
0.6600000000000052,0.2400000000000049,-0.07741118074845191,-0.08230852263182264
0.6600000000000052,0.2100000000000049,-0.08810542283505354,-0.08358417166603632
0.6600000000000052,0.1800000000000049,-0.10055776208620842,-0.0848368312545181
0.6600000000000052,0.1500000000000049,-0.057942563306826934,-0.08604623454057425
0.6600000000000052,0.12000000000000491,-0.03787591478161151,-0.08719083147589335
0.6600000000000052,0.09000000000000491,-0.024862994445813177,-0.08824798342755388
0.6600000000000052,0.06000000000000491,-0.01495746558204018,-0.08919345971703835
0.6600000000000052,0.03000000000000491,-0.006871356147005769,-0.09000115292790972
0.6300000000000052,3,0.046245003728280075,-0.05360150191700214
0.6300000000000052,2.97,0.046065908199724136,-0.05368391453274242
0.6300000000000052,2.9400000000000004,0.04588331164570224,-0.05376786300156208
0.6300000000000052,2.9100000000000006,0.04569711054360593,-0.05385339032486619
0.6300000000000052,2.880000000000001,0.04550719725503241,-0.05394054110996968
0.6300000000000052,2.850000000000001,0.045313459819581,-0.05402936164491329
0.6300000000000052,2.820000000000001,0.04511578173602231,-0.05411989997768146
0.6300000000000052,2.7900000000000014,0.04491404173019717,-0.054212205999509766
0.6300000000000052,2.7600000000000016,0.04470811350844804,-0.05430633153324227
0.6300000000000052,2.7300000000000018,0.044497865495673285,-0.05440233042660114
0.6300000000000052,2.700000000000002,0.04428316055691034,-0.054500258650679534
0.6300000000000052,2.670000000000002,0.044063855700914825,-0.05460017440466319
0.6300000000000052,2.6400000000000023,0.04383980176498227,-0.05470213822607001
0.6300000000000052,2.6100000000000025,0.04361084307887337,-0.05480621310790623
0.6300000000000052,2.5800000000000027,0.043376817106788576,-0.05491246462275268
0.6300000000000052,2.550000000000003,0.0431375540654442,-0.05502096105426812
0.6300000000000052,2.520000000000003,0.04289287651644332,-0.05513177353663565
0.6300000000000052,2.4900000000000033,0.042642598930816164,-0.05524497620271991
0.6300000000000052,2.4600000000000035,0.0423865272236221,-0.055360646341230516
0.6300000000000052,2.4300000000000037,0.042124458256142666,-0.05547886456363679
0.6300000000000052,2.400000000000004,0.04185617930286746,-0.05559971498182725
0.6300000000000052,2.370000000000004,0.04158146748073569,-0.05572328539669523
0.6300000000000052,2.3400000000000043,0.04130008913691186,-0.055849667499160635
0.6300000000000052,2.3100000000000045,0.041011799192025446,-0.055978957083786224
0.6300000000000052,2.2800000000000047,0.0407163404349136,-0.0561112542765799
0.6300000000000052,2.250000000000005,0.04041344276448526,-0.056246663777683725
0.6300000000000052,2.220000000000005,0.040102822374304,-0.05638529512000823
0.6300000000000052,2.1900000000000053,0.03978418087471121,-0.05652726294529331
0.6300000000000052,2.1600000000000055,0.03945720434649069,-0.05667268729870362
0.6300000000000052,2.1300000000000057,0.0391215623205759,-0.05682169394349196
0.6300000000000052,2.100000000000006,0.038776906676096165,-0.05697441469697084
0.6300000000000052,2.070000000000006,0.038422870449746876,-0.05713098779001177
0.6300000000000052,2.0400000000000063,0.03805906654766979,-0.057291558251391206
0.6300000000000052,2.0100000000000064,0.03768508635060085,-0.05745627831895475
0.6300000000000052,1.9800000000000064,0.03730049820196654,-0.05762530788020864
0.6300000000000052,1.9500000000000064,0.036904845766982136,-0.05779881494386841
0.6300000000000052,1.9200000000000064,0.03649764625027314,-0.05797697614550745
0.6300000000000052,1.8900000000000063,0.036078388457231506,-0.058159977289566595
0.6300000000000052,1.8600000000000063,0.03564653068314015,-0.05834801393092692
0.6300000000000052,1.8300000000000063,0.03520149841211292,-0.05854129199863117
0.6300000000000052,1.8000000000000063,0.03474268180543991,-0.058740028465974814
0.6300000000000052,1.7700000000000062,0.03426943295671772,-0.05894445206973681
0.6300000000000052,1.7400000000000062,0.03378106288830657,-0.059154804082996504
0.6300000000000052,1.7100000000000062,0.033276838260289945,-0.05937133914542497
0.6300000000000052,1.6800000000000062,0.0327559777593804,-0.059594326155755585
0.6300000000000052,1.6500000000000061,0.03221764813147875,-0.05982404923098558
0.6300000000000052,1.620000000000006,0.03166095981578083,-0.06006080873747033
0.6300000000000052,1.590000000000006,0.031084962133947965,-0.06030492239931995
0.6300000000000052,1.560000000000006,0.030488637980185265,-0.06055672648953936
0.6300000000000052,1.530000000000006,0.029870897951903584,-0.06081657710961941
0.6300000000000052,1.500000000000006,0.02923057385070638,-0.06108485156407262
0.6300000000000052,1.470000000000006,0.028566411474620686,-0.061361949835191915
0.6300000000000052,1.440000000000006,0.027877062610262855,-0.06164829616453896
0.6300000000000052,1.410000000000006,0.027161076119958362,-0.06194434074651006
0.6300000000000052,1.3800000000000059,0.02641688800365559,-0.06225056153937694
0.6300000000000052,1.3500000000000059,0.02564281029621916,-0.06256746619815756
0.6300000000000052,1.3200000000000058,0.02483701863945463,-0.06289559413187834
0.6300000000000052,1.2900000000000058,0.023997538342083534,-0.06323551868706351
0.6300000000000052,1.2600000000000058,0.02312222871112078,-0.063587849455016
0.6300000000000052,1.2300000000000058,0.022208765401843238,-0.0639532346981726
0.6300000000000052,1.2000000000000057,0.021254620491017447,-0.06433236388396436
0.6300000000000052,1.1700000000000057,0.020257039927299013,-0.06472597030895208
0.6300000000000052,1.1400000000000057,0.01921301795236738,-0.06513483378497659
0.6300000000000052,1.1100000000000056,0.018119268012842436,-0.06555978334734558
0.6300000000000052,1.0800000000000056,0.016972189596593714,-0.06600169992640478
0.6300000000000052,1.0500000000000056,0.01576783032061621,-0.06646151890196683
0.6300000000000052,1.0200000000000056,0.01450184247030581,-0.06694023242864555
0.6300000000000052,0.9900000000000055,0.013169433034195257,-0.06743889137999344
0.6300000000000052,0.9600000000000055,0.011765306089090193,-0.06795860670550719
0.6300000000000052,0.9300000000000055,0.010283596157419101,-0.06850054992369684
0.6300000000000052,0.9000000000000055,0.008717790873652683,-0.06906595238151153
0.6300000000000052,0.8700000000000054,0.007060640942512343,-0.06965610278624101
0.6300000000000052,0.8400000000000054,0.005304054933941888,-0.07027234235560098
0.6300000000000052,0.8100000000000054,0.003438975911827587,-0.07091605671737061
0.6300000000000052,0.7800000000000054,0.0014552362071695792,-0.0715886634131363
0.6300000000000052,0.7500000000000053,-0.0006586142217875498,-0.07229159349673969
0.6300000000000052,0.7200000000000053,-0.0029155115027754697,-0.07302626524721517
0.6300000000000052,0.6900000000000053,-0.005330120711326108,-0.0737940474113784
0.6300000000000052,0.6600000000000052,-0.007919126789368687,-0.07459620861948478
0.6300000000000052,0.6300000000000052,-0.010701584831553843,-0.07543384865910535
0.6300000000000052,0.6000000000000052,-0.013699344244629725,-0.07630780612025179
0.6300000000000052,0.5700000000000052,-0.016937565618418735,-0.07721853556471192
0.6300000000000052,0.5400000000000051,-0.02044535515370887,-0.0781659458930199
0.6300000000000052,0.5100000000000051,-0.024256550067901117,-0.07914919019533895
0.6300000000000052,0.4800000000000051,-0.028410701074156802,-0.080166396508778
0.6300000000000052,0.45000000000000506,-0.03295431753228624,-0.08121432938856442
0.6300000000000052,0.42000000000000504,-0.037942472263041656,-0.08228797548200266
0.6300000000000052,0.390000000000005,-0.04344091598315041,-0.08338005469259735
0.6300000000000052,0.360000000000005,-0.04952894493255196,-0.08448047539843806
0.6300000000000052,0.33000000000000496,-0.05630343803016358,-0.08557578155395196
0.6300000000000052,0.30000000000000493,-0.06388481119569445,-0.08664868424728336
0.6300000000000052,0.2700000000000049,-0.07242629312118584,-0.08767782748318764
0.6300000000000052,0.2400000000000049,-0.08212926659778033,-0.08863798997005279
0.6300000000000052,0.2100000000000049,-0.09327023366214829,-0.08950092804909499
0.6300000000000052,0.1800000000000049,-0.10625110504955412,-0.09023695082795595
0.6300000000000052,0.1500000000000049,-0.05593838298745167,-0.09081704016698078
0.6300000000000052,0.12000000000000491,-0.03726162659195035,-0.09121499285325582
0.6300000000000052,0.09000000000000491,-0.024641278780792718,-0.09140905729775525
0.6300000000000052,0.06000000000000491,-0.014886325003038133,-0.09138316838562807
0.6300000000000052,0.03000000000000491,-0.006857646150356527,-0.09112833292517897
0.6000000000000052,3,0.046171848339966584,-0.060275741656308085
0.6000000000000052,2.97,0.04598630151411916,-0.06037669330110024
0.6000000000000052,2.9400000000000004,0.045797126348173456,-0.06047952135309226
0.6000000000000052,2.9100000000000006,0.04560421551473179,-0.060584278140651114
0.6000000000000052,2.880000000000001,0.045407457417684136,-0.06069101793500642
0.6000000000000052,2.850000000000001,0.04520673597803569,-0.06079979704002326
0.6000000000000052,2.820000000000001,0.045001930406910785,-0.06091067388701818
0.6000000000000052,2.7900000000000014,0.04479291496471462,-0.061023709134640836
0.6000000000000052,2.7600000000000016,0.0445795587051962,-0.06113896577477196
0.6000000000000052,2.7300000000000018,0.04436172520369695,-0.06125650924376319
0.6000000000000052,2.700000000000002,0.04413927226802999,-0.06137640754064266
0.6000000000000052,2.670000000000002,0.04391205163109871,-0.06149873135163804
0.6000000000000052,2.6400000000000023,0.043679908623479605,-0.06162355418209177
0.6000000000000052,2.6100000000000025,0.043442681824884574,-0.06175095249600771
0.6000000000000052,2.5800000000000027,0.04320020269229736,-0.06188100586390609
0.6000000000000052,2.550000000000003,0.04295229516375573,-0.06201379711913935
0.6000000000000052,2.520000000000003,0.04269877523500554,-0.06214941252389433
0.6000000000000052,2.4900000000000033,0.042439450507626236,-0.06228794194481592
0.6000000000000052,2.4600000000000035,0.04217411970583217,-0.06242947903957524
0.6000000000000052,2.4300000000000037,0.04190257215960792,-0.06257412145457864
0.6000000000000052,2.400000000000004,0.04162458725147661,-0.06272197103505929
0.6000000000000052,2.370000000000004,0.041339933823704295,-0.06287313404794374
0.6000000000000052,2.3400000000000043,0.04104836954281324,-0.06302772141889923
0.6000000000000052,2.3100000000000045,0.040749640217568536,-0.0631858489840097
0.6000000000000052,2.2800000000000047,0.04044347906658191,-0.06334763775773825
0.6000000000000052,2.250000000000005,0.04012960593114851,-0.06351321421771297
0.6000000000000052,2.220000000000005,0.03980772642837806,-0.06368271060785738
0.6000000000000052,2.1900000000000053,0.039477531039327905,-0.06385626526132324
0.6000000000000052,2.1600000000000055,0.03913869412649543,-0.06403402294430015
0.6000000000000052,2.1300000000000057,0.03879087287368688,-0.0642161352223743
0.6000000000000052,2.100000000000006,0.03843370614163,-0.06440276085106489
0.6000000000000052,2.070000000000006,0.038066813231073575,-0.0645940661924354
0.6000000000000052,2.0400000000000063,0.03768979254459377,-0.0647902256592402
0.6000000000000052,2.0100000000000064,0.037302220137657306,-0.06499142218892406
0.6000000000000052,1.9800000000000064,0.03690364814746266,-0.065197847749764
0.6000000000000052,1.9500000000000064,0.03649360308821069,-0.06540970388091977
0.6000000000000052,1.9200000000000064,0.03607158399892581,-0.06562720226925606
0.6000000000000052,1.8900000000000063,0.03563706042871936,-0.06585056536551204
0.6000000000000052,1.8600000000000063,0.035189470243159965,-0.06608002704219179
0.6000000000000052,1.8300000000000063,0.03472821723248856,-0.06631583329651897
0.6000000000000052,1.8000000000000063,0.03425266850096303,-0.06655824300126746
0.6000000000000052,1.7700000000000062,0.033762151613500754,-0.06680752870649931
0.6000000000000052,1.7400000000000062,0.03325595147307893,-0.06706397749578752
0.6000000000000052,1.7100000000000062,0.03273330689893732,-0.06732789190017996
0.6000000000000052,1.6800000000000062,0.032193406871859405,-0.06759959087311046
0.6000000000000052,1.6500000000000061,0.031635386408169264,-0.06787941083002091
0.6000000000000052,1.620000000000006,0.031058322019167403,-0.06816770675577355
0.6000000000000052,1.590000000000006,0.030461226707230164,-0.06846485338278158
0.6000000000000052,1.560000000000006,0.029843044442142017,-0.06877124644327252
0.6000000000000052,1.530000000000006,0.0292026440546405,-0.06908730399720536
0.6000000000000052,1.500000000000006,0.028538812474403673,-0.06941346783760055
0.6000000000000052,1.470000000000006,0.02785024722924309,-0.06975020497401753
0.6000000000000052,1.440000000000006,0.027135548110755116,-0.07009800919240283
0.6000000000000052,1.410000000000006,0.0263932078968692,-0.07045740268874479
0.6000000000000052,1.3800000000000059,0.025621602005443604,-0.0708289377701683
0.6000000000000052,1.3500000000000059,0.024818976933918276,-0.07121319861409761
0.6000000000000052,1.3200000000000058,0.023983437316690608,-0.07161080307096857
0.6000000000000052,1.2900000000000058,0.0231129314058053,-0.07202240448940195
0.6000000000000052,1.2600000000000058,0.02220523474774543,-0.0724486935348238
0.6000000000000052,1.2300000000000058,0.021257931793076813,-0.0728903999608608
0.6000000000000052,1.2000000000000057,0.02026839512955414,-0.07334829427897262
0.6000000000000052,1.1700000000000057,0.019233761976970146,-0.07382318925263445
0.6000000000000052,1.1400000000000057,0.018150907518529286,-0.07431594111812803
0.6000000000000052,1.1100000000000056,0.017016414566443344,-0.07482745040201338
0.6000000000000052,1.0800000000000056,0.015826538968879825,-0.07535866216314635
0.6000000000000052,1.0500000000000056,0.01457717005351148,-0.07591056543384411
0.6000000000000052,1.0200000000000056,0.013263785269345716,-0.07648419156285913
0.6000000000000052,0.9900000000000055,0.011881398024856969,-0.07708061107048537
0.6000000000000052,0.9600000000000055,0.010424497521623069,-0.07770092850509899
0.6000000000000052,0.9300000000000055,0.008886979137309008,-0.07834627463225331
0.6000000000000052,0.9000000000000055,0.007262063612374113,-0.0790177950797796
0.6000000000000052,0.8700000000000054,0.00554220292160381,-0.07971663429243478
0.6000000000000052,0.8400000000000054,0.003718970250409321,-0.08044391329509659
0.6000000000000052,0.8100000000000054,0.0017829309181549048,-0.08120069930336832
0.6000000000000052,0.7800000000000054,-0.00027650963390862815,-0.08198796462109892
0.6000000000000052,0.7500000000000053,-0.0024712855885278065,-0.08280653149054534
0.6000000000000052,0.7200000000000053,-0.004814884195992389,-0.08365699857036427
0.6000000000000052,0.6900000000000053,-0.007322600376866514,-0.0845396434647723
0.6000000000000052,0.6600000000000052,-0.010011841882444264,-0.08545429417729944
0.6000000000000052,0.6300000000000052,-0.012902496956662728,-0.08640016051069387
0.6000000000000052,0.6000000000000052,-0.01601737982647053,-0.08737561433762364
0.6000000000000052,0.5700000000000052,-0.0193827739359701,-0.08837790554180142
0.6000000000000052,0.5400000000000051,-0.02302909920185089,-0.08940279876962326
0.6000000000000052,0.5100000000000051,-0.02699173864469647,-0.09044411597221574
0.6000000000000052,0.4800000000000051,-0.03131207315328205,-0.09149317299752957
0.6000000000000052,0.45000000000000506,-0.03603879373799122,-0.09253810863609513
0.6000000000000052,0.42000000000000504,-0.04122959373671495,-0.093563127061834
0.6000000000000052,0.390000000000005,-0.04695339920856238,-0.09454771751259111
0.6000000000000052,0.360000000000005,-0.053293394193409824,-0.09546598750536578
0.6000000000000052,0.33000000000000496,-0.060351279002867464,-0.09628635290358199
0.6000000000000052,0.30000000000000493,-0.06825354752356258,-0.09697195686499882
0.6000000000000052,0.2700000000000049,-0.0771612587592154,-0.09748228446481988
0.6000000000000052,0.2400000000000049,-0.08728618440251318,-0.09777637652034762
0.6000000000000052,0.2100000000000049,-0.09891916976012662,-0.09781765027522654
0.6000000000000052,0.1800000000000049,-0.09445372515141963,-0.09757952447098373
0.6000000000000052,0.1500000000000049,-0.05419389830745708,-0.09705012334904378
0.6000000000000052,0.12000000000000491,-0.03668160220835838,-0.09623414386203771
0.6000000000000052,0.09000000000000491,-0.02442603216549364,-0.09515128765662605
0.6000000000000052,0.06000000000000491,-0.014816254360842216,-0.09383263034061018
0.6000000000000052,0.03000000000000491,-0.006844020465550934,-0.09231645893816942
0.5700000000000052,3,0.04607116204603164,-0.06992417533589362
0.5700000000000052,2.97,0.04587864879459273,-0.07005393847758923
0.5700000000000052,2.9400000000000004,0.04568236956566811,-0.07018612522698209
0.5700000000000052,2.9100000000000006,0.04548221291328189,-0.07032080351269865
0.5700000000000052,2.880000000000001,0.04527806295669839,-0.07045804379812677
0.5700000000000052,2.850000000000001,0.04506979915798418,-0.07059791919910008
0.5700000000000052,2.820000000000001,0.044857296086029924,-0.07074050560821515
0.5700000000000052,2.7900000000000014,0.04464042316615005,-0.07088588182592379
0.5700000000000052,2.7600000000000016,0.0444190444140856,-0.07103412969915972
0.5700000000000052,2.7300000000000018,0.044193018153465054,-0.0711853342676422
0.5700000000000052,2.700000000000002,0.04396219671526698,-0.0713395839186435
0.5700000000000052,2.670000000000002,0.04372642611819148,-0.07149697055062454
0.5700000000000052,2.6400000000000023,0.04348554572838142,-0.07165758974637448
0.5700000000000052,2.6100000000000025,0.043239387896858744,-0.07182154095610757
0.5700000000000052,2.5800000000000027,0.042987777573098684,-0.07198892769168866
0.5700000000000052,2.550000000000003,0.04273053189277073,-0.07215985773198763
0.5700000000000052,2.520000000000003,0.04246745973779602,-0.07233444334078759
0.5700000000000052,2.4900000000000033,0.04219836126627554,-0.0725128014976028
0.5700000000000052,2.4600000000000035,0.04192302740999124,-0.07269505414279132
0.5700000000000052,2.4300000000000037,0.04164123933696279,-0.07288132843733502
0.5700000000000052,2.400000000000004,0.04135276787600941,-0.07307175703886976
0.5700000000000052,2.370000000000004,0.04105737290021379,-0.07326647839472444
0.5700000000000052,2.3400000000000043,0.04075480266585303,-0.07346563705329189
0.5700000000000052,2.3100000000000045,0.040444793103040375,-0.07366938399506878
0.5700000000000052,2.2800000000000047,0.04012706705385442,-0.0738778769845348
0.5700000000000052,2.250000000000005,0.039801333453340776,-0.07409128094466846
0.5700000000000052,2.220000000000005,0.03946728644858488,-0.07430976835526432
0.5700000000000052,2.1900000000000053,0.03912460444987917,-0.07453351967726146
0.5700000000000052,2.1600000000000055,0.038772949108405355,-0.07476272380442184
0.5700000000000052,2.1300000000000057,0.03841196421319635,-0.07499757854457068
0.5700000000000052,2.100000000000006,0.03804127450016805,-0.07523829113262293
0.5700000000000052,2.070000000000006,0.0376604843648299,-0.0754850787770796
0.5700000000000052,2.0400000000000063,0.03726917646968261,-0.07573816924316945
0.5700000000000052,2.0100000000000064,0.0368669102358407,-0.07599780147442997
0.5700000000000052,1.9800000000000064,0.036453220207828034,-0.07626422625578605
0.5700000000000052,1.9500000000000064,0.03602761427868939,-0.076537706921193
0.5700000000000052,1.9200000000000064,0.03558957176185108,-0.07681852010813037
0.5700000000000052,1.8900000000000063,0.03513854129330476,-0.07710695656310895
0.5700000000000052,1.8600000000000063,0.034673938547513064,-0.07740332200048833
0.5700000000000052,1.8300000000000063,0.03419514374662541,-0.07770793801875575
0.5700000000000052,1.8000000000000063,0.033701498941603784,-0.07802114307757588
0.5700000000000052,1.7700000000000062,0.03319230504017682,-0.07834329353901648
0.5700000000000052,1.7400000000000062,0.03266681855421376,-0.07867476477685104
0.5700000000000052,1.7100000000000062,0.03212424803487819,-0.0790159523572325
0.5700000000000052,1.6800000000000062,0.03156375016070344,-0.07936727329417959
0.5700000000000052,1.6500000000000061,0.030984425438042425,-0.07972916738310587
0.5700000000000052,1.620000000000006,0.030385313469475074,-0.08010209861449234
0.5700000000000052,1.590000000000006,0.029765387738104797,-0.0804865566702792
0.5700000000000052,1.560000000000006,0.029123549849895868,-0.08088305850303856
0.5700000000000052,1.530000000000006,0.028458623167408312,-0.08129214999810064
0.5700000000000052,1.500000000000006,0.02776934575907476,-0.08171440771549349
0.5700000000000052,1.470000000000006,0.027054362577148845,-0.0821504407072487
0.5700000000000052,1.440000000000006,0.02631221676500907,-0.08260089240046256
0.5700000000000052,1.410000000000006,0.025541339979148748,-0.0830664425340524
0.5700000000000052,1.3800000000000059,0.02474004159446864,-0.08354780912881776
0.5700000000000052,1.3500000000000059,0.023906496640649484,-0.0840457504637021
0.5700000000000052,1.3200000000000058,0.023038732293849017,-0.08456106702032645
0.5700000000000052,1.2900000000000058,0.022134612719501796,-0.0850946033433122
0.5700000000000052,1.2600000000000058,0.02119182202889413,-0.08564724974660948
0.5700000000000052,1.2300000000000058,0.020207845073039275,-0.08621994377156969
0.5700000000000052,1.2000000000000057,0.01917994574952911,-0.08681367127149192
0.5700000000000052,1.1700000000000057,0.01810514244354593,-0.08742946695602552
0.5700000000000052,1.1400000000000057,0.01698018015613213,-0.08806841417564287
0.5700000000000052,1.1100000000000056,0.015801498793217166,-0.08873164365491248
0.5700000000000052,1.0800000000000056,0.014565196992368823,-0.08942033078980649
0.5700000000000052,1.0500000000000056,0.01326699074723358,-0.0901356910015233
0.5700000000000052,1.0200000000000056,0.011902165948365772,-0.0908789724750636
0.5700000000000052,0.9900000000000055,0.010465523787289372,-0.09165144539365644
0.5700000000000052,0.9600000000000055,0.008951317759793853,-0.09245438649098203
0.5700000000000052,0.9300000000000055,0.00735318074705041,-0.0932890573566516
0.5700000000000052,0.9000000000000055,0.005664040335132337,-0.09415667441286271
0.5700000000000052,0.8700000000000054,0.003876020140419807,-0.09505836778597974
0.5700000000000052,0.8400000000000054,0.0019803244199152175,-0.09599512536381916
0.5700000000000052,0.8100000000000054,-0.00003289736637213103,-0.09696771707469884
0.5700000000000052,0.7800000000000054,-0.0021747101404209056,-0.09797659273634929
0.5700000000000052,0.7500000000000053,-0.004457582009763416,-0.09902174456201429
0.5700000000000052,0.7200000000000053,-0.0068956085984280425,-0.10010252239623368
0.5700000000000052,0.6900000000000053,-0.009504780801089107,-0.10121738577902537
0.5700000000000052,0.6600000000000052,-0.012303305918296582,-0.10236357180308997
0.5700000000000052,0.6300000000000052,-0.015311994832894119,-0.10353665131693437
0.5700000000000052,0.6000000000000052,-0.01855473148744246,-0.10472993852710533
0.5700000000000052,0.5700000000000052,-0.022059045801370965,-0.10593371140350633
0.5700000000000052,0.5400000000000051,-0.025856817930786296,-0.10713419515695771
0.5700000000000052,0.5100000000000051,-0.029985151419283488,-0.1083122647040619
0.5700000000000052,0.4800000000000051,-0.03448746701168383,-0.10944184779260147
0.5700000000000052,0.45000000000000506,-0.03941489073406189,-0.11048808425568224
0.5700000000000052,0.42000000000000504,-0.04482804486863193,-0.11140546364344706
0.5700000000000052,0.390000000000005,-0.050799409355482064,-0.11213648671570402
0.5700000000000052,0.360000000000005,-0.05741652495857184,-0.11261192469190434
0.5700000000000052,0.33000000000000496,-0.06478650069277582,-0.11275439601122153
0.5700000000000052,0.30000000000000493,-0.0730426541044378,-0.1124872610824561
0.5700000000000052,0.2700000000000049,-0.08235483832061999,-0.11174965960970565
0.5700000000000052,0.2400000000000049,-0.09294649021658606,-0.11051480317526119
0.5700000000000052,0.2100000000000049,-0.10512454606796298,-0.10880359131927436
0.5700000000000052,0.1800000000000049,-0.08359597471740322,-0.1066843688530898
0.5700000000000052,0.1500000000000049,-0.052649311232683876,-0.1042565543361143
0.5700000000000052,0.12000000000000491,-0.0361323734965713,-0.1016264458831343
0.5700000000000052,0.09000000000000491,-0.024216912863326542,-0.09888759629406862
0.5700000000000052,0.06000000000000491,-0.014747224678011029,-0.09611246792555753
0.5700000000000052,0.03000000000000491,-0.006830478164169868,-0.09335294631822652
0.5400000000000051,3,0.045939432079267165,-0.08314352959395227
0.5400000000000051,2.97,0.04573937398090812,-0.0833164744494243
0.5400000000000051,2.9400000000000004,0.045535400642917334,-0.08349269968084858
0.5400000000000051,2.9100000000000006,0.04532739614591339,-0.08367229896268968
0.5400000000000051,2.880000000000001,0.045115239955211536,-0.0838553695453115
0.5400000000000051,2.850000000000001,0.044898806689265505,-0.08404201242544085
0.5400000000000051,2.820000000000001,0.044677965873832576,-0.08423233252702997
0.5400000000000051,2.7900000000000014,0.04445258168124748,-0.08442643889206741
0.5400000000000051,2.7600000000000016,0.04422251265334021,-0.08462444488284823
0.5400000000000051,2.7300000000000018,0.043987611407235026,-0.0848264683958582
0.5400000000000051,2.700000000000002,0.043747724322323545,-0.08503263208870074
0.5400000000000051,2.670000000000002,0.04350269120734113,-0.08524306362009175
0.5400000000000051,2.6400000000000023,0.04325234494582929,-0.08545789590493758
0.5400000000000051,2.6100000000000025,0.04299651111853434,-0.08567726738444123
0.5400000000000051,2.5800000000000027,0.04273500760091638,-0.08590132231314462
0.5400000000000051,2.550000000000003,0.042467644133516905,-0.08613021106365226
0.5400000000000051,2.520000000000003,0.0421942218637326,-0.08636409045029325
0.5400000000000051,2.4900000000000033,0.041914532855928735,-0.08660312407371296
0.5400000000000051,2.4600000000000035,0.04162835956801536,-0.08684748268670178
0.5400000000000051,2.4300000000000037,0.04133547429130168,-0.08709734458428037
0.5400000000000051,2.400000000000004,0.041035638550929135,-0.08735289601850549
0.5400000000000051,2.370000000000004,0.04072860246325087,-0.08761433164101978
0.5400000000000051,2.3400000000000043,0.04041410404704786,-0.08788185497434625
0.5400000000000051,2.3100000000000045,0.040091868484053855,-0.0881556789149428
0.5400000000000051,2.2800000000000047,0.03976160732493314,-0.08843602627002528
0.5400000000000051,2.250000000000005,0.03942301763550629,-0.08872313033093654
0.5400000000000051,2.220000000000005,0.03907578107846356,-0.0890172354855675
0.5400000000000051,2.1900000000000053,0.03871956292420526,-0.08931859787356511
0.5400000000000051,2.1600000000000055,0.03835401098496257,-0.08962748608673166
0.5400000000000051,2.1300000000000057,0.037978754464574715,-0.08994418191929471
0.5400000000000051,2.100000000000006,0.037593402716804766,-0.09026898117081272
0.5400000000000051,2.070000000000006,0.03719754390277766,-0.09060219450718071
0.5400000000000051,2.0400000000000063,0.03679074353860804,-0.09094414838317551
0.5400000000000051,2.0100000000000064,0.036372542922182144,-0.09129518603273798
0.5400000000000051,1.9800000000000064,0.035942457427410576,-0.09165566853129549
0.5400000000000051,1.9500000000000064,0.03549997465284383,-0.09202597593704176
0.5400000000000051,1.9200000000000064,0.03504455240986237,-0.09240650851672827
0.5400000000000051,1.8900000000000063,0.03457561653395813,-0.0927976880637261
0.5400000000000051,1.8600000000000063,0.03409255850120129,-0.09319995931500644
0.5400000000000051,1.8300000000000063,0.03359473282892301,-0.09361379147577681
0.5400000000000051,1.8000000000000063,0.033081454237912145,-0.09403967986034924
0.5400000000000051,1.7700000000000062,0.032551994550148636,-0.0944781476581843
0.5400000000000051,1.7400000000000062,0.03200557929310978,-0.0949297478360302
0.5400000000000051,1.7100000000000062,0.03144138397792695,-0.09539506518581825
0.5400000000000051,1.6800000000000062,0.030858530014225734,-0.09587471853058754
0.5400000000000051,1.6500000000000061,0.030256080220223254,-0.09636936309989841
0.5400000000000051,1.620000000000006,0.02963303388025889,-0.09687969308755362
0.5400000000000051,1.590000000000006,0.028988321296378745,-0.09740644440434687
0.5400000000000051,1.560000000000006,0.028320797772797314,-0.09795039763913244
0.5400000000000051,1.530000000000006,0.027629236963250235,-0.09851238124139344
0.5400000000000051,1.500000000000006,0.026912323502015188,-0.09909327493798231
0.5400000000000051,1.470000000000006,0.026168644827687874,-0.09969401339500417
0.5400000000000051,1.440000000000006,0.02539668209460099,-0.10031559013573454
0.5400000000000051,1.410000000000006,0.024594800052907956,-0.10095906171993224
0.5400000000000051,1.3800000000000059,0.02376123575837808,-0.10162555218763764
0.5400000000000051,1.3500000000000059,0.02289408595248589,-0.10231625776237807
0.5400000000000051,1.3200000000000058,0.02199129292827686,-0.10303245180010456
0.5400000000000051,1.2900000000000058,0.02105062866729148,-0.10377548995553076
0.5400000000000051,1.2600000000000058,0.02006967699831799,-0.10454681551994778
0.5400000000000051,1.2300000000000058,0.01904581348697778,-0.10534796485683268
0.5400000000000051,1.2000000000000057,0.017976182715595593,-0.10618057282609136
0.5400000000000051,1.1700000000000057,0.016857672554190607,-0.1070463780364368
0.5400000000000051,1.1400000000000057,0.015686884952418146,-0.10794722769657128
0.5400000000000051,1.1100000000000056,0.014460102698172956,-0.10888508173779265
0.5400000000000051,1.0800000000000056,0.01317325148609212,-0.10986201574946525
0.5400000000000051,1.0500000000000056,0.011821856516064419,-0.11088022208045711
0.5400000000000051,1.0200000000000056,0.010400992692245401,-0.11194200820334799
0.5400000000000051,0.9900000000000055,0.008905227310946721,-0.11304979107374558
0.5400000000000051,0.9600000000000055,0.007328553902982127,-0.11420608570657553
0.5400000000000051,0.9300000000000055,0.005664315622798898,-0.11541348546593587
0.5400000000000051,0.9000000000000055,0.003905116239716333,-0.11667463052726806
0.5400000000000051,0.8700000000000054,0.002042716368986887,-0.11799215947626829
0.5400000000000051,0.8400000000000054,0.00006791206175093493,-0.11936863683073373
0.5400000000000051,0.8100000000000054,-0.0020296077771968382,-0.12080644607183152
0.5400000000000051,0.7800000000000054,-0.004261429491704185,-0.12230763300998582
0.5400000000000051,0.7500000000000053,-0.006640613678769198,-0.12387367714260153
0.5400000000000051,0.7200000000000053,-0.009181931795892351,-0.1255051577265926
0.5400000000000051,0.6900000000000053,-0.011902148766862141,-0.12720126438212798
0.5400000000000051,0.6600000000000052,-0.014820362180044983,-0.1289590755261974
0.5400000000000051,0.6300000000000052,-0.017958411561557967,-0.13077248578875988
0.5400000000000051,0.6000000000000052,-0.02134137505039337,-0.1326305957796859
0.5400000000000051,0.5700000000000052,-0.024998176014616846,-0.13451526781124357
0.5400000000000051,0.5400000000000051,-0.028962329372918934,-0.1363973741139943
0.5400000000000051,0.5100000000000051,-0.03327286767605144,-0.1382309864997896
0.5400000000000051,0.4800000000000051,-0.037975502160924136,-0.13994436031978386
0.5400000000000051,0.45000000000000506,-0.043124097212313854,-0.14142616537187477
0.5400000000000051,0.42000000000000504,-0.04878257385032475,-0.14250572525837135
0.5400000000000051,0.390000000000005,-0.05502742026800861,-0.1429298972340404
0.5400000000000051,0.360000000000005,-0.061951097229216115,-0.14235502318005663
0.5400000000000051,0.33000000000000496,-0.06966682804417482,-0.14041093322381384
0.5400000000000051,0.30000000000000493,-0.07831564923099643,-0.13691151869317397
0.5400000000000051,0.2700000000000049,-0.08807736332693855,-0.1321029858462836
0.5400000000000051,0.2400000000000049,-0.09918859774669166,-0.12658681112278392
0.5400000000000051,0.2100000000000049,-0.11197445931082538,-0.12094510108263301
0.5400000000000051,0.1800000000000049,-0.07752291851994547,-0.1155269367246243
0.5400000000000051,0.1500000000000049,-0.05126374136268725,-0.11047784239613206
0.5400000000000051,0.12000000000000491,-0.03561097738354193,-0.10582905364664716
0.5400000000000051,0.09000000000000491,-0.024013605446260525,-0.10156008565469332
0.5400000000000051,0.06000000000000491,-0.014679208125794228,-0.0976325336999776
0.5400000000000051,0.03000000000000491,-0.00681701833291524,-0.7451172973472204
0.5100000000000051,3,0.04577263882671709,-0.09975705684244901
0.5100000000000051,2.97,0.04556438384072063,-0.09998788184594776
0.5100000000000051,2.9400000000000004,0.0453520512037416,-0.1002231740306619
0.5100000000000051,2.9100000000000006,0.04513552012014078,-0.10046306414243922
0.5100000000000051,2.880000000000001,0.04491466498185005,-0.10070768807100344
0.5100000000000051,2.850000000000001,0.04468935512663566,-0.10095718710515245
0.5100000000000051,2.820000000000001,0.044459454581666,-0.1012117082029449
0.5100000000000051,2.7900000000000014,0.04422482179127129,-0.10147140427856416
0.5100000000000051,2.7600000000000016,0.0439853093280773,-0.1017364345063898
0.5100000000000051,2.7300000000000018,0.04374076358563907,-0.10200696464414011
0.5100000000000051,2.700000000000002,0.04349102445191906,-0.1022831673761265
0.5100000000000051,2.670000000000002,0.04323592496168174,-0.10256522267805857
0.5100000000000051,2.6400000000000023,0.042975290926569945,-0.10285331820529986
0.5100000000000051,2.6100000000000025,0.04270894054086125,-0.10314764970575402
0.5100000000000051,2.5800000000000027,0.04243668396120233,-0.10344842146019773
0.5100000000000051,2.550000000000003,0.04215832285828047,-0.10375584675114602
0.5100000000000051,2.520000000000003,0.04187364993819931,-0.10407014836301874
0.5100000000000051,2.4900000000000033,0.041582448431162274,-0.10439155911607048
0.5100000000000051,2.4600000000000035,0.04128449154481384,-0.10472032243652182
0.5100000000000051,2.4300000000000037,0.04097954187936009,-0.10505669296588319
0.5100000000000051,2.400000000000004,0.040667350801445734,-0.10540093721274452
0.5100000000000051,2.370000000000004,0.040347657772986295,-0.10575333425053063
0.5100000000000051,2.3400000000000043,0.040020189631796835,-0.10611417646451102
0.5100000000000051,2.3100000000000045,0.039684659819184405,-0.10648377035318474
0.5100000000000051,2.2800000000000047,0.039340767550434,-0.10686243738761696
0.5100000000000051,2.250000000000005,0.03898819692310396,-0.10725051493428817
0.5100000000000051,2.220000000000005,0.03862661595737481,-0.10764835724698536
0.5100000000000051,2.1900000000000053,0.03825567556272231,-0.10805633653350438
0.5100000000000051,2.1600000000000055,0.03787500842400098,-0.10847484410394248
0.5100000000000051,2.1300000000000057,0.037484227799599854,-0.108904291608153
0.5100000000000051,2.100000000000006,0.0370829262235703,-0.10934511237001038
0.5100000000000051,2.070000000000006,0.03667067410252833,-0.10979776282821785
0.5100000000000051,2.0400000000000063,0.036247018197299245,-0.11026272409255561
0.5100000000000051,2.0100000000000064,0.03581147997845094,-0.11074050362753263
0.5100000000000051,1.9800000000000064,0.03536355384274506,-0.11123163707525753
0.5100000000000051,1.9500000000000064,0.03490270517738224,-0.1117366902308034
0.5100000000000051,1.9200000000000064,0.034428368256014995,-0.11225626118580306
0.5100000000000051,1.8900000000000063,0.03393994394986623,-0.11279098265656423
0.5100000000000051,1.8600000000000063,0.03343679723443644,-0.11334152451556073
0.5100000000000051,1.8300000000000063,0.03291825447037157,-0.11390859654756441
0.5100000000000051,1.8000000000000063,0.03238360043444128,-0.11449295145332417
0.5100000000000051,1.7700000000000062,0.03183207507337439,-0.1150953881275984
0.5100000000000051,1.7400000000000062,0.03126286995020651,-0.1157167552408373
0.5100000000000051,1.7100000000000062,0.030675124348654152,-0.11635795515730749
0.5100000000000051,1.6800000000000062,0.030067920996745073,-0.11701994822781592
0.5100000000000051,1.6500000000000061,0.02944028136592862,-0.11770375749831719
0.5100000000000051,1.620000000000006,0.028791160495497965,-0.11841047388258111
0.5100000000000051,1.590000000000006,0.028119441286406983,-0.11914126185270979
0.5100000000000051,1.560000000000006,0.027423928199767272,-0.11989736570853317
0.5100000000000051,1.530000000000006,0.026703340286960912,-0.12068011649546462
0.5100000000000051,1.500000000000006,0.025956303467709357,-0.12149093965056904
0.5100000000000051,1.470000000000006,0.025181341960303236,-0.12233136346604001
0.5100000000000051,1.440000000000006,0.02437686875405351,-0.12320302847514175
0.5100000000000051,1.410000000000006,0.0235411749978694,-0.124107697877893
0.5100000000000051,1.3800000000000059,0.02267241815916842,-0.12504726914382214
0.5100000000000051,1.3500000000000059,0.021768608785146804,-0.1260237869483523
0.5100000000000051,1.3200000000000058,0.02082759567165133,-0.1270394576250427
0.5100000000000051,1.2900000000000058,0.01984704921374593,-0.12809666534365677
0.5100000000000051,1.2600000000000058,0.018824442674668575,-0.12919799025923287
0.5100000000000051,1.2300000000000058,0.017757031066388023,-0.13034622891725187
0.5100000000000051,1.2000000000000057,0.016641827282305763,-0.13154441724887253
0.5100000000000051,1.1700000000000057,0.015475575060346013,-0.13279585654839465
0.5100000000000051,1.1400000000000057,0.01425471827995647,-0.13410414289575967
0.5100000000000051,1.1100000000000056,0.012975366006621393,-0.13547320057150153
0.5100000000000051,1.0800000000000056,0.011633252589470268,-0.13690732011764942
0.5100000000000051,1.0500000000000056,0.010223691986556862,-0.13841120182504968
0.5100000000000051,1.0200000000000056,0.008741525333341105,-0.13999000558955277
0.5100000000000051,0.9900000000000055,0.0071810605761881904,-0.14164940828118427
0.5100000000000051,0.9600000000000055,0.005536002756407808,-0.143395670027161
0.5100000000000051,0.9300000000000055,0.003799373237941663,-0.14523571114466863
0.5100000000000051,0.9000000000000055,0.0019634158141494246,-0.14717720189783562
0.5100000000000051,0.8700000000000054,0.000019487182811080833,-0.14922866784642622
0.5100000000000051,0.8400000000000054,-0.002042071275356208,-0.15139961437262617
0.5100000000000051,0.8100000000000054,-0.004232084173646185,-0.15370067513262853
0.5100000000000051,0.7800000000000054,-0.006562719884763895,-0.1561437908879867
0.5100000000000051,0.7500000000000053,-0.009047701135131644,-0.15874242776751898
0.5100000000000051,0.7200000000000053,-0.011702555580992424,-0.1615118481244282
0.5100000000000051,0.6900000000000053,-0.014544915337125163,-0.1644694539605263
0.5100000000000051,0.6600000000000052,-0.01759487678927376,-0.16763523468972413
0.5100000000000051,0.6300000000000052,-0.02087543512080435,-0.1710323725139989
0.5100000000000051,0.6000000000000052,-0.0244130121148547,-0.17468810005795138
0.5100000000000051,0.5700000000000052,-0.028238101390249258,-0.17863498936784933
0.5100000000000051,0.5400000000000051,-0.03238606298285157,-0.1829130357909593
0.5100000000000051,0.5100000000000051,-0.03689811021696375,-0.1875733354078633
0.5100000000000051,0.4800000000000051,-0.04182254803490651,-0.19268528186353373
0.5100000000000051,0.45000000000000506,-0.04721634675523059,-0.19835248571082903
0.5100000000000051,0.42000000000000504,-0.05314717484896771,-0.20475367080598986
0.5100000000000051,0.390000000000005,-0.05969608066102475,-0.21227010334138086
0.5100000000000051,0.360000000000005,-0.06696112946965024,-0.22199793977368593
0.5100000000000051,0.33000000000000496,-0.07506251615313936,-0.2381402949104511
0.5100000000000051,0.30000000000000493,-0.08415008269035046,-0.2668905449667496
0.5100000000000051,0.2700000000000049,-0.0944149795892346,-0.29962228825463033
0.5100000000000051,0.2400000000000049,-0.10610886398811979,-0.33291142101274585
0.5100000000000051,0.2100000000000049,-0.1195775061700208,-0.3679180393713998
0.5100000000000051,0.1800000000000049,-0.07316064223626352,-0.40612482908424075
0.5100000000000051,0.1500000000000049,-0.05000790112700982,-0.4493683392591056
0.5100000000000051,0.12000000000000491,-0.03511486134639009,-0.5004245876461574
0.5100000000000051,0.09000000000000491,-0.023815818145858994,-0.5642967842721931
0.5100000000000051,0.06000000000000491,-0.014612177964307322,-0.6520030933705285
0.5100000000000051,0.03000000000000491,-0.006803640073035785,-0.7981518325167918
0.4800000000000051,3,0.045566180034113724,-0.11841227635741619
0.4800000000000051,2.97,0.04534899013830102,-0.11870820613485955
0.4800000000000051,2.9400000000000004,0.045127545236902614,-0.11900994113927385
0.4800000000000051,2.9100000000000006,0.044901719198121054,-0.11931765397407831
0.4800000000000051,2.880000000000001,0.04467138086146221,-0.11963152415836129
0.4800000000000051,2.850000000000001,0.04443639378479066,-0.11995173847685814
0.4800000000000051,2.820000000000001,0.04419661597630606,-0.12027849135165516
0.4800000000000051,2.7900000000000014,0.0439518996098071,-0.1206119852370022
0.4800000000000051,2.7600000000000016,0.043702090722260306,-0.12095243103864761
0.4800000000000051,2.7300000000000018,0.04344702889260781,-0.12130004856008408
0.4800000000000051,2.700000000000002,0.0431865469000805,-0.12165506697711165
0.4800000000000051,2.670000000000002,0.04292047036058906,-0.12201772534329722
0.4800000000000051,2.6400000000000023,0.042648617339501246,-0.1223882731285752
0.4800000000000051,2.6100000000000025,0.042370797939424824,-0.1227669707933027
0.4800000000000051,2.5800000000000027,0.04208681386027815,-0.12315409040107202
0.4800000000000051,2.550000000000003,0.04179645793020299,-0.1235499162728736
0.4800000000000051,2.520000000000003,0.04149951360470466,-0.12395474568600427
0.4800000000000051,2.4900000000000033,0.041195754431465975,-0.12436888962149845
0.4800000000000051,2.4600000000000035,0.04088494347823998,-0.12479267356418686
0.4800000000000051,2.4300000000000037,0.04056683272062241,-0.1252264383591804
0.4800000000000051,2.400000000000004,0.04024116238656225,-0.12567054113018217
0.4800000000000051,2.370000000000004,0.03990766025387567,-0.12612535626452337
0.4800000000000051,2.3400000000000043,0.03956604089688767,-0.12659127647065627
0.4800000000000051,2.3100000000000045,0.03921600487782391,-0.1270687139145169
0.4800000000000051,2.2800000000000047,0.03885723787812115,-0.1275581014418835
0.4800000000000051,2.250000000000005,0.038489409764578604,-0.12805989389401629
0.4800000000000051,2.220000000000005,0.03811217358431087,-0.1285745695252774
0.4800000000000051,2.1900000000000053,0.03772516448233451,-0.1291026315324343
0.4800000000000051,2.1600000000000055,0.03732799853474693,-0.12964460970518443
0.4800000000000051,2.1300000000000057,0.03692027148968362,-0.1302010622102903
0.4800000000000051,2.100000000000006,0.03650155740721664,-0.13077257752145144
0.4800000000000051,2.070000000000006,0.0360714071893341,-0.1313597765094364
0.4800000000000051,2.0400000000000063,0.03562934698863629,-0.13196331470800923
0.4800000000000051,2.0100000000000064,0.03517487648462318,-0.13258388477355498
0.4800000000000051,1.9800000000000064,0.034707467014342845,-0.13322221915758276
0.4800000000000051,1.9500000000000064,0.034226559542738524,-0.13387909301466247
0.4800000000000051,1.9200000000000064,0.03373156245685581,-0.13455532736967668
0.4800000000000051,1.8900000000000063,0.03322184916545962,-0.13525179257265046
0.4800000000000051,1.8600000000000063,0.032696755484170406,-0.13596941207188362
0.4800000000000051,1.8300000000000063,0.032155576783201745,-0.1367091665402232
0.4800000000000051,1.8000000000000063,0.031597564872611325,-0.1374720983942212
0.4800000000000051,1.7700000000000062,0.031021924596215333,-0.1382593167502425
0.4800000000000051,1.7400000000000062,0.030427810102290485,-0.13907200286876625
0.4800000000000051,1.7100000000000062,0.029814320754771598,-0.13991141614341512
0.4800000000000051,1.6800000000000062,0.029180496643945602,-0.1407789007005001
0.4800000000000051,1.6500000000000061,0.02852531365051198,-0.14167589268320593
0.4800000000000051,1.620000000000006,0.027847678010525897,-0.14260392830546564
0.4800000000000051,1.590000000000006,0.02714642032161646,-0.1435646527731457
0.4800000000000051,1.560000000000006,0.026420288922702942,-0.14455983018421387
0.4800000000000051,1.530000000000006,0.025667942569854826,-0.1455913545372186
0.4800000000000051,1.500000000000006,0.024887942320095804,-0.14666126199687357
0.4800000000000051,1.470000000000006,0.024078742522143873,-0.14777174458955852
0.4800000000000051,1.440000000000006,0.02323868079746114,-0.14892516552956514
0.4800000000000051,1.410000000000006,0.022365966878962272,-0.15012407641017989
0.4800000000000051,1.3800000000000059,0.021458670152912408,-0.15137123653371964
0.4800000000000051,1.3500000000000059,0.020514705726469577,-0.1526696347022365
0.4800000000000051,1.3200000000000058,0.019531818814734633,-0.15402251384865479
0.4800000000000051,1.2900000000000058,0.01850756720823251,-0.1554333989575282
0.4800000000000051,1.2600000000000058,0.01743930154216386,-0.15690612880927152
0.4800000000000051,1.2300000000000058,0.016324143042003185,-0.1584448921862875
0.4800000000000051,1.2000000000000057,0.01515895836452906,-0.16005426930645028
0.4800000000000051,1.1700000000000057,0.013940331087248427,-0.1617392794067704
0.4800000000000051,1.1400000000000057,0.01266452931866354,-0.16350543559821662
0.4800000000000051,1.1100000000000056,0.011327468807300952,-0.1653588083570215
0.4800000000000051,1.0800000000000056,0.009924670811160444,-0.16730609932969304
0.4800000000000051,1.0500000000000056,0.008451213850032967,-0.1693547275239619
0.4800000000000051,1.0200000000000056,0.006901678292950114,-0.17151293046414212
0.4800000000000051,0.9900000000000055,0.005270082526790416,-0.17378988354346384
0.4800000000000051,0.9600000000000055,0.0035498091971333788,-0.1761958416619532
0.4800000000000051,0.9300000000000055,0.0017335197027328149,-0.1787423083604019
0.4800000000000051,0.9000000000000055,-0.00018694526185792748,-0.1814422391601865
0.4800000000000051,0.8700000000000054,-0.0022206817976567848,-0.18431028782891656
0.4800000000000051,0.8400000000000054,-0.004377858804161885,-0.18736310702916206
0.4800000000000051,0.8100000000000054,-0.006669877917797147,-0.19061971857004778
0.4800000000000051,0.7800000000000054,-0.009109562350704224,-0.1941019737194561
0.4800000000000051,0.7500000000000053,-0.011711380786644396,-0.19783513140948775
0.4800000000000051,0.7200000000000053,-0.014491714015232705,-0.20184859267319497
0.4800000000000051,0.6900000000000053,-0.01746917394615465,-0.20617684477255738
0.4800000000000051,0.6600000000000052,-0.020664987193844075,-0.2108606904288881
0.4800000000000051,0.6300000000000052,-0.024103458772707326,-0.21594886959848922
0.4800000000000051,0.6000000000000052,-0.027812535904516496,-0.22150022790300122
0.4800000000000051,0.5700000000000052,-0.03182449798614834,-0.2275866529244093
0.4800000000000051,0.5400000000000051,-0.03617680713327924,-0.23429709257271142
0.4800000000000051,0.5100000000000051,-0.04091316560540503,-0.2417430875149965
0.4800000000000051,0.4800000000000051,-0.046084843865460745,-0.25006636512239433
0.4800000000000051,0.45000000000000506,-0.051752369630636896,-0.2594490501389397
0.4800000000000051,0.42000000000000504,-0.057987710647694535,-0.27012664345214676
0.4800000000000051,0.390000000000005,-0.06487715468257477,-0.2824024048534754
0.4800000000000051,0.360000000000005,-0.07252521414333088,-0.29665805056386507
0.4800000000000051,0.33000000000000496,-0.08106010995998864,-0.31334976733641395
0.4800000000000051,0.30000000000000493,-0.09064182339369475,-0.3329770113066576
0.4800000000000051,0.2700000000000049,-0.10147456382693454,-0.35603153814340827
0.4800000000000051,0.2400000000000049,-0.1138272558066396,-0.3829789112438208
0.4800000000000051,0.2100000000000049,-0.1280693428927383,-0.4143419111325591
0.4800000000000051,0.1800000000000049,-0.06972959408465544,-0.4509070825539949
0.4800000000000051,0.1500000000000049,-0.0488600347397386,-0.49405637015209225
0.4800000000000051,0.12000000000000491,-0.034641810201993306,-0.5463465700572457
0.4800000000000051,0.09000000000000491,-0.02362328053232505,-0.6128248011858549
0.4800000000000051,0.06000000000000491,-0.014546108486416685,-0.7050041181258223
0.4800000000000051,0.03000000000000491,-0.0067903425002220534,-0.8594722472851476
0.45000000000000506,3,0.04531478934566685,-0.13728831557789034
0.45000000000000506,2.97,0.045087825703937226,-0.13764702390192612
0.45000000000000506,2.9400000000000004,0.04485641263593102,-0.138012808919233
0.45000000000000506,2.9100000000000006,0.04462041814552621,-0.13838588224459802
0.45000000000000506,2.880000000000001,0.04437970496943613,-0.13876646401926368
0.45000000000000506,2.850000000000001,0.04413413031220656,-0.13915478334505207
0.45000000000000506,2.820000000000001,0.04388354556502873,-0.13955107874510397
0.45000000000000506,2.7900000000000014,0.04362779600716568,-0.13995559865359597
0.45000000000000506,2.7600000000000016,0.04336672048897658,-0.14036860193601544
0.45000000000000506,2.7300000000000018,0.04310015109494418,-0.14079035844281024
0.45000000000000506,2.700000000000002,0.04282791278534884,-0.14122114959869592
0.45000000000000506,2.670000000000002,0.04254982301484524,-0.14166126903019582
0.45000000000000506,2.6400000000000023,0.04226569132652601,-0.14211102323459734
0.45000000000000506,2.6100000000000025,0.04197531891915345,-0.14257073229333964
0.45000000000000506,2.5800000000000027,0.04167849818591353,-0.14304073063354067
0.45000000000000506,2.550000000000003,0.0413750122221716,-0.1435213678411803
0.45000000000000506,2.520000000000003,0.04106463429991615,-0.14401300953041207
0.45000000000000506,2.4900000000000033,0.04074712730619647,-0.14451603827335582
0.45000000000000506,2.4600000000000035,0.04042224314277219,-0.14503085459547166
0.45000000000000506,2.4300000000000037,0.040089722083496385,-0.14555787804182807
0.45000000000000506,2.400000000000004,0.03974929208635269,-0.14609754832043814
0.45000000000000506,2.370000000000004,0.0394006680560093,-0.14665032652904597
0.45000000000000506,2.3400000000000043,0.03904355105298636,-0.14721669647255653
0.45000000000000506,2.3100000000000045,0.038677627444597656,-0.14779716607942917
0.45000000000000506,2.2800000000000047,0.038302567992888496,-0.1483922689251201
0.45000000000000506,2.250000000000005,0.037918026873868735,-0.14900256587273056
0.45000000000000506,2.220000000000005,0.037523640622042866,-0.1496286468414702
0.45000000000000506,2.1900000000000053,0.037119026993470666,-0.1502711327140634
0.45000000000000506,2.1600000000000055,0.03670378373990907,-0.15093067739718483
0.45000000000000506,2.1300000000000057,0.036277487286117995,-0.15160797004817814
0.45000000000000506,2.100000000000006,0.03583969130085015,-0.15230373748484588
0.45000000000000506,2.070000000000006,0.03538992515168707,-0.1530187467958672
0.45000000000000506,2.0400000000000063,0.03492769223288405,-0.15375380817137246
0.45000000000000506,2.0100000000000064,0.03445246815325545,-0.15450977797596105
0.45000000000000506,1.9800000000000064,0.03396369877087998,-0.15528756208874525
0.45000000000000506,1.9500000000000064,0.033460798059092786,-0.15608811953763185
0.45000000000000506,1.9200000000000064,0.03294314578660146,-0.15691246645897067
0.45000000000000506,1.8900000000000063,0.03241008499289644,-0.15776168041670124
0.45000000000000506,1.8600000000000063,0.03186091923736345,-0.15863690511999692
0.45000000000000506,1.8300000000000063,0.03129490959832945,-0.15953935558281862
0.45000000000000506,1.8000000000000063,0.03071127139520495,-0.16047032377452952
0.45000000000000506,1.7700000000000062,0.03010917060346433,-0.1614311848171853
0.45000000000000506,1.7400000000000062,0.029487719928659593,-0.16242340379202339
0.45000000000000506,1.7100000000000062,0.028845974501095058,-0.16344854322616398
0.45000000000000506,1.6800000000000062,0.028182927147840854,-0.16450827134105991
0.45000000000000506,1.6500000000000061,0.027497503193201885,-0.16560437115340854
0.45000000000000506,1.620000000000006,0.026788554732245007,-0.166738750534625
0.45000000000000506,1.590000000000006,0.026054854313979258,-0.167913453347651
0.45000000000000506,1.560000000000006,0.02529508796272051,-0.1691306717995737
0.45000000000000506,1.530000000000006,0.024507847455452956,-0.17039276016665209
0.45000000000000506,1.500000000000006,0.02369162176194195,-0.17170225007415107
0.45000000000000506,1.470000000000006,0.022844787539868103,-0.17306186754037162
0.45000000000000506,1.440000000000006,0.021965598562306073,-0.17447455202713325
0.45000000000000506,1.410000000000006,0.021052173935609163,-0.1759434777788041
0.45000000000000506,1.3800000000000059,0.02010248494454321,-0.1774720777768061
0.45000000000000506,1.3500000000000059,0.019114340335353842,-0.1790640706923787
0.45000000000000506,1.3200000000000058,0.0180853698183866,-0.18072349128508258
0.45000000000000506,1.2900000000000058,0.017013005535262,-0.18245472477257538
0.45000000000000506,1.2600000000000058,0.01589446119455397,-0.1842625457912805
0.45000000000000506,1.2300000000000058,0.014726708529175694,-0.1861521626805332
0.45000000000000506,1.2000000000000057,0.013506450670098378,-0.1881292679589589
0.45000000000000506,1.1700000000000057,0.012230091959039742,-0.19020009602843935
0.45000000000000506,1.1400000000000057,0.01089370363812913,-0.19237148934339884
0.45000000000000506,1.1100000000000056,0.009492984751840825,-0.19465097453142688
0.45000000000000506,1.0800000000000056,0.008023217472548208,-0.19704685025593047
0.45000000000000506,1.0500000000000056,0.006479215911723223,-0.19956828898983267
0.45000000000000506,1.0200000000000056,0.004855267294786838,-0.2022254553380268
0.45000000000000506,0.9900000000000055,0.003145064157349319,-0.20502964413141936
0.45000000000000506,0.9600000000000055,0.0013416259452740933,-0.20799344225019206
0.45000000000000506,0.9300000000000055,-0.0005627919336227642,-0.21113091905989873
0.45000000000000506,0.9000000000000055,-0.0025768039740758897,-0.21445785151795238
0.45000000000000506,0.8700000000000054,-0.00471001823822296,-0.21799199150406562
0.45000000000000506,0.8400000000000054,-0.006973181348122104,-0.2217533848420553
0.45000000000000506,0.8100000000000054,-0.009378349142226145,-0.22576475394556214
0.45000000000000506,0.7800000000000054,-0.011939088349926096,-0.23005195920175675
0.45000000000000506,0.7500000000000053,-0.014670715934190504,-0.23464455833699438
0.45000000000000506,0.7200000000000053,-0.017590584404774075,-0.23957648837475115
0.45000000000000506,0.6900000000000053,-0.020718423538046777,-0.24488690178638234
0.45000000000000506,0.6600000000000052,-0.0240767517094913,-0.2506211975196315
0.45000000000000506,0.6300000000000052,-0.027691373690336248,-0.2568322993530332
0.45000000000000506,0.6000000000000052,-0.03159198661287356,-0.26358224909736383
0.45000000000000506,0.5700000000000052,-0.03581292238324125,-0.27094420115103446
0.45000000000000506,0.5400000000000051,-0.04039406390732796,-0.27900492811319677
0.45000000000000506,0.5100000000000051,-0.045381985381546794,-0.28786797408730913
0.45000000000000506,0.4800000000000051,-0.050831385760358616,-0.29765762088986747
0.45000000000000506,0.45000000000000506,-0.05680691317717443,-0.3085238579418965
0.45000000000000506,0.42000000000000504,-0.06338552359361782,-0.320648561807865
0.45000000000000506,0.390000000000005,-0.0706595926672324,-0.3342530908366992
0.45000000000000506,0.360000000000005,-0.07874113207480211,-0.34960750118190353
0.45000000000000506,0.33000000000000496,-0.08776770351914617,-0.36704169179527535
0.45000000000000506,0.30000000000000493,-0.0979110855103244,-0.3869593062458463
0.45000000000000506,0.2700000000000049,-0.10939066234307725,-0.40985693703603454
0.45000000000000506,0.2400000000000049,-0.12249537287617226,-0.43635562480613593
0.45000000000000506,0.2100000000000049,-0.10497854138833264,-0.4672613558550397
0.45000000000000506,0.1800000000000049,-0.06689493362144687,-0.5036905540417311
0.45000000000000506,0.1500000000000049,-0.04780350789287069,-0.5473363748179199
0.45000000000000506,0.12000000000000491,-0.034189888648720475,-0.6010519847799851
0.45000000000000506,0.09000000000000491,-0.02343574147211172,-0.6702619943233695
0.45000000000000506,0.06000000000000491,-0.014480974964744573,-0.7672237654955442
0.45000000000000506,0.03000000000000491,-0.006777124744138716,-0.9308747028113268
0.42000000000000504,3,0.045012454624611106,-0.1546367243650122
0.42000000000000504,2.97,0.044774759774488804,-0.15505030332203645
0.42000000000000504,2.9400000000000004,0.04453240148542427,-0.1554720812518225
0.42000000000000504,2.9100000000000006,0.044285241286554464,-0.15590230445432407
0.42000000000000504,2.880000000000001,0.044033135175846005,-0.15634122919447135
0.42000000000000504,2.850000000000001,0.04377593334128268,-0.15678912221109245
0.42000000000000504,2.820000000000001,0.04351347986530803,-0.15724626125742502
0.42000000000000504,2.7900000000000014,0.04324561241092776,-0.15771293567544054
0.42000000000000504,2.7600000000000016,0.042972161888315125,-0.15818944700637422
0.42000000000000504,2.7300000000000018,0.042692952100388794,-0.15867610964039225
0.42000000000000504,2.700000000000002,0.04240779936592135,-0.1591732515080068
0.42000000000000504,2.670000000000002,0.042116512118455456,-0.15968121481681924
0.42000000000000504,2.6400000000000023,0.041818890479122205,-0.16020035683665043
0.42000000000000504,2.6100000000000025,0.04151472580144512,-0.1607310507371507
0.42000000000000504,2.5800000000000027,0.041203800186006174,-0.16127368648191315
0.42000000000000504,2.550000000000003,0.040885885962440735,-0.16182867178340804
0.42000000000000504,2.520000000000003,0.04056074513646478,-0.16239643312398766
0.42000000000000504,2.4900000000000033,0.04022812879876056,-0.16297741684795142
0.42000000000000504,2.4600000000000035,0.03988777649306669,-0.1635720903308208
0.42000000000000504,2.4300000000000037,0.03953941553980367,-0.1641809432319953
0.42000000000000504,2.400000000000004,0.03918276031160059,-0.16480448883805074
0.42000000000000504,2.370000000000004,0.03881751145707048,-0.16544326550421445
0.42000000000000504,2.3400000000000043,0.0384433550678411,-0.16609783820259524
0.42000000000000504,2.3100000000000045,0.038059961784474905,-0.1667688001864698
0.42000000000000504,2.2800000000000047,0.037666985835693945,-0.16745677478085289
0.42000000000000504,2.250000000000005,0.03726406400528814,-0.16816241731060863
0.42000000000000504,2.220000000000005,0.03685081452007461,-0.1688864171788721
0.42000000000000504,2.1900000000000053,0.03642683585190909,-0.16962950010901662
0.42000000000000504,2.1600000000000055,0.035991705425849646,-0.17039243056605854
0.42000000000000504,2.1300000000000057,0.03554497822594029,-0.17117601437377195
0.42000000000000504,2.100000000000006,0.03508618528877353,-0.17198110154685953
0.42000000000000504,2.070000000000006,0.03461483207451105,-0.17280858935832455
0.42000000000000504,2.0400000000000063,0.034130396703515725,-0.173659425665672
0.42000000000000504,2.0100000000000064,0.03363232804510782,-0.17453461252140773
0.42000000000000504,1.9800000000000064,0.033120043644609784,-0.17543521009671392
0.42000000000000504,1.9500000000000064,0.03259292747168418,-0.17636234095011422
0.42000000000000504,1.9200000000000064,0.03205032747255217,-0.17731719467727894
0.42000000000000504,1.8900000000000063,0.031491552905174344,-0.17830103298176123
0.42000000000000504,1.8600000000000063,0.03091587143554081,-0.1793151952120266
0.42000000000000504,1.8300000000000063,0.030322505968875067,-0.18036110441528647
0.42000000000000504,1.8000000000000063,0.029710631188070852,-0.1814402739648804
0.42000000000000504,1.7700000000000062,0.029079369766670967,-0.18255431482562656
0.42000000000000504,1.7400000000000062,0.028427788220886156,-0.1837049435298284
0.42000000000000504,1.7100000000000062,0.02775489235955687,-0.18489399094536796
0.42000000000000504,1.6800000000000062,0.027059622286394164,-0.18612341192969145
0.42000000000000504,1.6500000000000061,0.026340846902226787,-0.18739529597469978
0.42000000000000504,1.620000000000006,0.02559735784832603,-0.18871187896298747
0.42000000000000504,1.590000000000006,0.024827862823819366,-0.19007555617232952
0.42000000000000504,1.560000000000006,0.024030978200417462,-0.1914888966853464
0.42000000000000504,1.530000000000006,0.023205220847590167,-0.1929546593828995
0.42000000000000504,1.500000000000006,0.022348999068275588,-0.19447581072784764
0.42000000000000504,1.470000000000006,0.021460602530953506,-0.19605554457483435
0.42000000000000504,1.440000000000006,0.02053819106646581,-0.19769730427943913
0.42000000000000504,1.410000000000006,0.019579782179060503,-0.19940480742154776
0.42000000000000504,1.3800000000000059,0.01858323709639592,-0.20118207350785497
0.42000000000000504,1.3500000000000059,0.01754624515738324,-0.20303345507765447
0.42000000000000504,1.3200000000000058,0.016466306303649526,-0.20496367270503457
0.42000000000000504,1.2900000000000058,0.01534071140231573,-0.20697785447388223
0.42000000000000504,1.2600000000000058,0.014166520082823758,-0.20908158059988305
0.42000000000000504,1.2300000000000058,0.012940535717110093,-0.21128093399161707
0.42000000000000504,1.2000000000000057,0.011659277107791488,-0.21358255768239337
0.42000000000000504,1.1700000000000057,0.010318946372994558,-0.21599372023460658
0.42000000000000504,1.1400000000000057,0.008915392424363166,-0.21852239041981064
0.42000000000000504,1.1100000000000056,0.007444069323854648,-0.22117732272548082
0.42000000000000504,1.0800000000000056,0.005899988671961679,-0.2239681555360648
0.42000000000000504,1.0500000000000056,0.004277665016681748,-0.22690552419928123
0.42000000000000504,1.0200000000000056,0.002571053076223756,-0.23000119163252894
0.42000000000000504,0.9900000000000055,0.0007734753260319291,-0.23326819966708578
0.42000000000000504,0.9600000000000055,-0.0011224617945207443,-0.23672104499749136
0.42000000000000504,0.9300000000000055,-0.0031249651660837036,-0.24037588442976532
0.42000000000000504,0.9000000000000055,-0.0052431683259633955,-0.24425077514751964
0.42000000000000504,0.8700000000000054,-0.007487263980747281,-0.24836595699100802
0.42000000000000504,0.8400000000000054,-0.009868659520807791,-0.2527441853399083
0.42000000000000504,0.8100000000000054,-0.01240016024463841,-0.25741112519283216
0.42000000000000504,0.7800000000000054,-0.01509618611409945,-0.26239581955988683
0.42000000000000504,0.7500000000000053,-0.017973029278763028,-0.2677312484780049
0.42000000000000504,0.7200000000000053,-0.021049161418307014,-0.27345499901660564
0.42000000000000504,0.6900000000000053,-0.024345602289278366,-0.2796100718228843
0.42000000000000504,0.6600000000000052,-0.027886363901549187,-0.28624585640093786
0.42000000000000504,0.6300000000000052,-0.03169898874642633,-0.2934193158921444
0.42000000000000504,0.6000000000000052,-0.035815205821717676,-0.30119643325271367
0.42000000000000504,0.5700000000000052,-0.04027173539753827,-0.3096539852979552
0.42000000000000504,0.5400000000000051,-0.04511128340422533,-0.3188817303926268
0.42000000000000504,0.5100000000000051,-0.05038378037416045,-0.3289851216062537
0.42000000000000504,0.4800000000000051,-0.05614794036608219,-0.3400886932010051
0.42000000000000504,0.45000000000000506,-0.06247324631939179,-0.35234032021363526
0.42000000000000504,0.42000000000000504,-0.06944251730880668,-0.3659166297999682
0.42000000000000504,0.390000000000005,-0.0771552944097886,-0.38102997165952357
0.42000000000000504,0.360000000000005,-0.08573242331587153,-0.39793758150878766
0.42000000000000504,0.33000000000000496,-0.09532247008857937,-0.4169540012540204
0.42000000000000504,0.30000000000000493,-0.10611109884444073,-0.43846868285766005
0.42000000000000504,0.2700000000000049,-0.11833551509511203,-0.4629725055367714
0.42000000000000504,0.2400000000000049,-0.13230807170486653,-0.49110078024766585
0.42000000000000504,0.2100000000000049,-0.09414425770331687,-0.5237086139064595
0.42000000000000504,0.1800000000000049,-0.06447844978798933,-0.5620127520608655
0.42000000000000504,0.1500000000000049,-0.04682529855260333,-0.6078762743374337
0.42000000000000504,0.12000000000000491,-0.03375739563478591,-0.6644234227464021
0.42000000000000504,0.09000000000000491,-0.023252967326705655,-0.7375357570448398
0.42000000000000504,0.06000000000000491,-0.014416753603062396,-0.8404004922427533
0.42000000000000504,0.03000000000000491,-0.006763985948144142,-1.0147573836697843
0.390000000000005,3,0.04465234769260933,-0.16699631163883627
0.390000000000005,2.97,0.044402824181497255,-0.16744762114735623
0.390000000000005,2.9400000000000004,0.0441484006052245,-0.167908011012178
0.390000000000005,2.9100000000000006,0.04388893130813334,-0.16837775839564262
0.390000000000005,2.880000000000001,0.0436242648090515,-0.1688571518633033
0.390000000000005,2.850000000000001,0.04335424350738276,-0.1693464919765698
0.390000000000005,2.820000000000001,0.04307870337120978,-0.16984609192258193
0.390000000000005,2.7900000000000014,0.04279747360626981,-0.17035627818417087
0.390000000000005,2.7600000000000016,0.04251037630417853,-0.17087739125293538
0.390000000000005,2.7300000000000018,0.042217226068488586,-0.1714097863886529
0.390000000000005,2.700000000000002,0.041917829617059366,-0.1719538344285406
0.390000000000005,2.670000000000002,0.04161198535868747,-0.17250992265037562
0.390000000000005,2.6400000000000023,0.04129948294234355,-0.1730784556935291
0.390000000000005,2.6100000000000025,0.04098010277665785,-0.17365985654242233
0.390000000000005,2.5800000000000027,0.040653615517605386,-0.17425456757775806
0.390000000000005,2.550000000000003,0.040319781521560225,-0.17486305170058924
0.390000000000005,2.520000000000003,0.039978350261485426,-0.1754857935354519
0.390000000000005,2.4900000000000033,0.03962905970267188,-0.1761233007189275
0.390000000000005,2.4600000000000035,0.03927163563534326,-0.1767761052809511
0.390000000000005,2.4300000000000037,0.038905790960214334,-0.17744476512662993
0.390000000000005,2.400000000000004,0.03853122492313506,-0.1781298656271305
0.390000000000005,2.370000000000004,0.038147622294996346,-0.17883202132919074
0.390000000000005,2.3400000000000043,0.03775465249145215,-0.1795518777936754
0.390000000000005,2.3100000000000045,0.03735196862793186,-0.18029011357450386
0.390000000000005,2.2800000000000047,0.036939206504267505,-0.18104744235065562
0.390000000000005,2.250000000000005,0.03651598351239177,-0.1818246152252827
0.390000000000005,2.220000000000005,0.036081897460409774,-0.18262242320725364
0.390000000000005,2.1900000000000053,0.035636525305866765,-0.18344169989197923
0.390000000000005,2.1600000000000055,0.03517942178923587,-0.1842833243606753
0.390000000000005,2.1300000000000057,0.03471011795896768,-0.18514822431899197
0.390000000000005,2.100000000000006,0.034228119577588874,-0.18603737949775112
0.390000000000005,2.070000000000006,0.03373290539773498,-0.18695182534229654
0.390000000000005,2.0400000000000063,0.03322392529556016,-0.1878926570186627
0.390000000000005,2.0100000000000064,0.03270059824743031,-0.18886103376870444
0.390000000000005,1.9800000000000064,0.03216231013459622,-0.18985818365015475
0.390000000000005,1.9500000000000064,0.03160841135848269,-0.19088540870118464
0.390000000000005,1.9200000000000064,0.031038214247407207,-0.19194409057455206
0.390000000000005,1.8900000000000063,0.030450990232917884,-0.19303569669100223
0.390000000000005,1.8600000000000063,0.02984596677195918,-0.19416178696865075
0.390000000000005,1.8300000000000063,0.029222323987647833,-0.19532402119106618
0.390000000000005,1.8000000000000063,0.02857919099838783,-0.19652416708561915
0.390000000000005,1.7700000000000062,0.027915641900851877,-0.19776410919201037
0.390000000000005,1.7400000000000062,0.027230691368916017,-0.19904585861188995
0.390000000000005,1.7100000000000062,0.026523289824623965,-0.20037156374172216
0.390000000000005,1.6800000000000062,0.025792318132237948,-0.20174352210526966
0.390000000000005,1.6500000000000061,0.025036581759716903,-0.20316419341737108
0.390000000000005,1.620000000000006,0.024254804344584553,-0.20463621402868332
0.390000000000005,1.590000000000006,0.023445620592276305,-0.20616241292197285
0.390000000000005,1.560000000000006,0.022607568425103114,-0.20774582945437406
0.390000000000005,1.530000000000006,0.02173908028863378,-0.20938973306773337
0.390000000000005,1.500000000000006,0.02083847350828099,-0.21109764522126423
0.390000000000005,1.470000000000006,0.019903939573889057,-0.21287336383784974
0.390000000000005,1.440000000000006,0.01893353221118136,-0.21472099059873723
0.390000000000005,1.410000000000006,0.017925154077865303,-0.2166449614712288
0.390000000000005,1.3800000000000059,0.016876541896952476,-0.21865008091317534
0.390000000000005,1.3500000000000059,0.015785249810472635,-0.22074156026586933
0.390000000000005,1.3200000000000058,0.014648630701465853,-0.2229250609269452
0.390000000000005,1.2900000000000058,0.013463815191647861,-0.2252067429891199
0.390000000000005,1.2600000000000058,0.012227687972299799,-0.22759332013863087
0.390000000000005,1.2300000000000058,0.010936861068922183,-0.2300921217373787
0.390000000000005,1.2000000000000057,0.009587643569311646,-0.23271116316239177
0.390000000000005,1.1700000000000057,0.008176007263098976,-0.23545922565404181
0.390000000000005,1.1400000000000057,0.006697547539686667,-0.23834594713319157
0.390000000000005,1.1100000000000056,0.005147438771327719,-0.2413819256920472
0.390000000000005,1.0800000000000056,0.0035203832633578956,-0.24457883775395095
0.390000000000005,1.0500000000000056,0.0018105526745965947,-0.24794957323743358
0.390000000000005,1.0200000000000056,0.000011520597596169488,-0.2515083904626187
0.390000000000005,0.9900000000000055,-0.0018838152776127918,-0.2552710940133674
0.390000000000005,0.9600000000000055,-0.0038833233154713085,-0.25925523933176786
0.390000000000005,0.9300000000000055,-0.005995742703059928,-0.2634803684884883
0.390000000000005,0.9000000000000055,-0.00823080563047279,-0.26796828236832476
0.390000000000005,0.8700000000000054,-0.010599380297334834,-0.2727433554620742
0.390000000000005,0.8400000000000054,-0.013113638932725618,-0.27783290060608
0.390000000000005,0.8100000000000054,-0.01578725598731129,-0.2832675924144772
0.390000000000005,0.7800000000000054,-0.018635642887624704,-0.28908195989088736
0.390000000000005,0.7500000000000053,-0.021676227305390844,-0.295314960905775
0.390000000000005,0.7200000000000053,-0.02492878690139866,-0.3020106540718218
0.390000000000005,0.6900000000000053,-0.02841585008745589,-0.3092189873211954
0.390000000000005,0.6600000000000052,-0.0321631797178415,-0.3169967276171201
0.390000000000005,0.6300000000000052,-0.03620036004516761,-0.3254085633662198
0.390000000000005,0.6000000000000052,-0.04056151316426536,-0.33452842121656295
0.390000000000005,0.5700000000000052,-0.04528617911940742,-0.34444105348252607
0.390000000000005,0.5400000000000051,-0.05042040479390987,-0.35524397360060944
0.390000000000005,0.5100000000000051,-0.056018102123642485,-0.3670498480491411
0.390000000000005,0.4800000000000051,-0.0621427585610938,-0.37998949912516156
0.390000000000005,0.45000000000000506,-0.06886961641330017,-0.3942157421745494
0.390000000000005,0.42000000000000504,-0.07628849062513134,-0.40990838798740603
0.390000000000005,0.390000000000005,-0.08450748186982943,-0.42728091388883527
0.390000000000005,0.360000000000005,-0.09365799316467446,-0.44658960121624647
0.390000000000005,0.33000000000000496,-0.1039017339368783,-0.4681464677203109
0.390000000000005,0.30000000000000493,-0.11544092082899693,-0.4923383346994302
0.390000000000005,0.2700000000000049,-0.12853392525158558,-0.5196563815350499
0.390000000000005,0.2400000000000049,-0.1435207480191941,-0.5507446823474815
0.390000000000005,0.2100000000000049,-0.08741803616753129,-0.5864849855876932
0.390000000000005,0.1800000000000049,-0.062372872359801476,-0.6281542030486997
0.390000000000005,0.1500000000000049,-0.04591501022502433,-0.6777359202830557
0.390000000000005,0.12000000000000491,-0.03334282773045629,-0.7385862349335341
0.390000000000005,0.09000000000000491,-0.02307474035743563,-0.8170467190561246
0.390000000000005,0.06000000000000491,-0.014353421489433058,-0.927344391323279
0.390000000000005,0.03000000000000491,-0.006750925269322981,-1.1144982486172548
0.360000000000005,3,0.04422678867578398,-0.16334588895550217
0.360000000000005,2.97,0.043964173565581466,-0.16375456111926778
0.360000000000005,2.9400000000000004,0.04369639551784013,-0.16417165385971422
0.360000000000005,2.9100000000000006,0.04342330085991102,-0.1645974327137888
0.360000000000005,2.880000000000001,0.04314472976356941,-0.16503217462623293
0.360000000000005,2.850000000000001,0.042860515933988874,-0.16547616857672165
0.360000000000005,2.820000000000001,0.042570486279572835,-0.1659297162491018
0.360000000000005,2.7900000000000014,0.042274460561472965,-0.16639313274632594
0.360000000000005,2.7600000000000016,0.041972251021073326,-0.16686674735528506
0.360000000000005,2.7300000000000018,0.04166366198412266,-0.1673509043649693
0.360000000000005,2.700000000000002,0.04134848943950091,-0.16784596394282372
0.360000000000005,2.670000000000002,0.041026520590769215,-0.16835230307445592
0.360000000000005,2.6400000000000023,0.040697533378789535,-0.16887031657186327
0.360000000000005,2.6100000000000025,0.04036129597245065,-0.16940041815589746
0.360000000000005,2.5800000000000027,0.04001756622587614,-0.16994304162066434
0.360000000000005,2.550000000000003,0.03966609109880734,-0.1704986420858104
0.360000000000005,2.520000000000003,0.039306606037642564,-0.17106769734592234
0.360000000000005,2.4900000000000033,0.03893883431392523,-0.17165070932539492
0.360000000000005,2.4600000000000035,0.03856248631638805,-0.17224820564892973
0.360000000000005,2.4300000000000037,0.03817725879358559,-0.17286074133890744
0.360000000000005,2.400000000000004,0.03778283404215278,-0.17348890065156825
0.360000000000005,2.370000000000004,0.03737887903660219,-0.17413329906623098
0.360000000000005,2.3400000000000043,0.036965044495602936,-0.17479458544243076
0.360000000000005,2.3100000000000045,0.03654096387921099,-0.17547344436262596
0.360000000000005,2.2800000000000047,0.03610625231100624,-0.1761705986795022
0.360000000000005,2.250000000000005,0.03566050541866921,-0.17688681228945297
0.360000000000005,2.220000000000005,0.03520329808548221,-0.17762289315691696
0.360000000000005,2.1900000000000053,0.03473418310492799,-0.1783796966166214
0.360000000000005,2.1600000000000055,0.03425268972929665,-0.1791581289853395
0.360000000000005,2.1300000000000057,0.0337583221025252,-0.17995915151787223
0.360000000000005,2.100000000000006,0.03325055756655399,-0.18078378474741358
0.360000000000005,2.070000000000006,0.032728844828755196,-0.18163311325601988
0.360000000000005,2.0400000000000063,0.03219260197750879,-0.18250829092645363
0.360000000000005,2.0100000000000064,0.03164121433048496,-0.18341054673551488
0.360000000000005,1.9800000000000064,0.03107403209950067,-0.1843411911563939
0.360000000000005,1.9500000000000064,0.03049036785325391,-0.1853016232483698
0.360000000000005,1.9200000000000064,0.02988949375719596,-0.1862933385246835
0.360000000000005,1.8900000000000063,0.029270638567617087,-0.18731793770228927
0.360000000000005,1.8600000000000063,0.028632984354077906,-0.1883771364551869
0.360000000000005,1.8300000000000063,0.027975662920996913,-0.18947277631242979
0.360000000000005,1.8000000000000063,0.027297751896053178,-0.1906068368656074
0.360000000000005,1.7700000000000062,0.026598270448501826,-0.19178144947877737
0.360000000000005,1.7400000000000062,0.02587617459627828,-0.1929989127282256
0.360000000000005,1.7100000000000062,0.02513035205501788,-0.19426170984062285
0.360000000000005,1.6800000000000062,0.024359616576265248,-0.19557252844708106
0.360000000000005,1.6500000000000061,0.02356270171513522,-0.1969342830315262
0.360000000000005,1.620000000000006,0.02273825395904562,-0.19835014052502078
0.360000000000005,1.590000000000006,0.021884825140777338,-0.1998235495886576
0.360000000000005,1.560000000000006,0.02100086404707372,-0.20135827423631003
0.360000000000005,1.530000000000006,0.020084707122375492,-0.20295843258859558
0.360000000000005,1.500000000000006,0.01913456815227539,-0.20462854171470762
0.360000000000005,1.470000000000006,0.01814852679408164,-0.20637356973329243
0.360000000000005,1.440000000000006,0.017124515802512476,-0.2081989966030462
0.360000000000005,1.410000000000006,0.016060306774779407,-0.21011088536309386
0.360000000000005,1.3800000000000059,0.014953494211782204,-0.2121159659931514
0.360000000000005,1.3500000000000059,0.013801477661320973,-0.2142217345758227
0.360000000000005,1.3200000000000058,0.012601441668889594,-0.21643657108368358
0.360000000000005,1.2900000000000058,0.011350333219012559,-0.21876987990623553
0.360000000000005,1.2600000000000058,0.01004483629476258,-0.22123225820451708
0.360000000000005,1.2300000000000058,0.008681343120939131,-0.22383569834935801
0.360000000000005,1.2000000000000057,0.007255921578965962,-0.22659383205702374
0.360000000000005,1.1700000000000057,0.005764278191234122,-0.22952222531001176
0.360000000000005,1.1400000000000057,0.004201715962929724,-0.23263873454882056
0.360000000000005,1.1100000000000056,0.002563086235895931,-0.23596393548108874
0.360000000000005,1.0800000000000056,0.0008427335500290961,-0.23952163522222147
0.360000000000005,1.0500000000000056,-0.0009655676882887806,-0.24333947446995918
0.360000000000005,1.0200000000000056,-0.0028686861698422415,-0.24744961548082905
0.360000000000005,0.9900000000000055,-0.004874218007986129,-0.2518894874841763
0.360000000000005,0.9600000000000055,-0.006990584516196164,-0.2567025135684483
0.360000000000005,0.9300000000000055,-0.009227145971401571,-0.2619386574952765
0.360000000000005,0.9000000000000055,-0.011594334448219563,-0.2676544910603252
0.360000000000005,0.8700000000000054,-0.014103809496223333,-0.2739122966928702
0.360000000000005,0.8400000000000054,-0.01676864129463027,-0.28077755435483265
0.360000000000005,0.8100000000000054,-0.019603527003003565,-0.28831422242141513
0.360000000000005,0.7800000000000054,-0.02262504740101351,-0.29657787353892034
0.360000000000005,0.7500000000000053,-0.02585197266138291,-0.3056082461025994
0.360000000000005,0.7200000000000053,-0.029305628342796004,-0.3154245587318103
0.360000000000005,0.6900000000000053,-0.03301033558756386,-0.3260272182020633
0.360000000000005,0.6600000000000052,-0.036993943278480816,-0.3374068482837957
0.360000000000005,0.6300000000000052,-0.04128847486136171,-0.349557410517061
0.360000000000005,0.6000000000000052,-0.04593091911933827,-0.3624883471708876
0.360000000000005,0.5700000000000052,-0.050964203046976554,-0.37623253549266955
0.360000000000005,0.5400000000000051,-0.056438397120621736,-0.3908499983477238
0.360000000000005,0.5100000000000051,-0.062412220287944575,-0.4064291609087564
0.360000000000005,0.4800000000000051,-0.06895493655160384,-0.42308760655486827
0.360000000000005,0.45000000000000506,-0.07614877170004668,-0.4409737041248289
0.360000000000005,0.42000000000000504,-0.08409203592834905,-0.46026994170258323
0.360000000000005,0.390000000000005,-0.09290323173698663,-0.4811985924505213
0.360000000000005,0.360000000000005,-0.10272658807391832,-0.5040304848893211
0.360000000000005,0.33000000000000496,-0.11373975529598015,-0.5290981880179246
0.360000000000005,0.30000000000000493,-0.1261649549830385,-0.5568160486523344
0.360000000000005,0.2700000000000049,-0.14028598877395837,-0.5877117620119365
0.360000000000005,0.2400000000000049,-0.13076569153933748,-0.6224787139765404
0.360000000000005,0.2100000000000049,-0.08245541841792331,-0.6620678805232492
0.360000000000005,0.1800000000000049,-0.060508177715839044,-0.7078588812509551
0.360000000000005,0.1500000000000049,-0.045064203369626084,-0.7619983586510082
0.360000000000005,0.12000000000000491,-0.03294484944074579,-0.8281230174782304
0.360000000000005,0.09000000000000491,-0.022900857308638747,-0.9131114014743539
0.360000000000005,0.06000000000000491,-0.01429095655334068,-1.032408755340841
0.360000000000005,0.03000000000000491,-0.006737941877606418,-1.2349444777818976
0.33000000000000496,3,0.043727289602212165,-0.1400789156245014
0.33000000000000496,2.97,0.04345012438617023,-0.14028902979336982
0.33000000000000496,2.9400000000000004,0.04316750272875152,-0.1405030133429006
0.33000000000000496,2.9100000000000006,0.04287926195739239,-0.14072097094202218
0.33000000000000496,2.880000000000001,0.042585232871336934,-0.14094301090296946
0.33000000000000496,2.850000000000001,0.042285239410854714,-0.14116924532987468
0.33000000000000496,2.820000000000001,0.041979098306419146,-0.14139979027388436
0.33000000000000496,2.7900000000000014,0.04166661870603064,-0.1416347658947908
0.33000000000000496,2.7600000000000016,0.041347601779135545,-0.14187429662957263
0.33000000000000496,2.7300000000000018,0.04102184029573931,-0.14211851136768766
0.33000000000000496,2.700000000000002,0.04068911817825865,-0.1423675436338854
0.33000000000000496,2.670000000000002,0.04034921002467359,-0.14262153177824977
0.33000000000000496,2.6400000000000023,0.040001880600275416,-0.14288061917350237
0.33000000000000496,2.6100000000000025,0.03964688429621484,-0.14314495442045416
0.33000000000000496,2.5800000000000027,0.03928396455140848,-0.1434146915605271
0.33000000000000496,2.550000000000003,0.03891285323583295,-0.14368999029642904
0.33000000000000496,2.520000000000003,0.03853326999140228,-0.14397101622034675
0.33000000000000496,2.4900000000000033,0.03814492152751124,-0.144257941049451
0.33000000000000496,2.4600000000000035,0.037747500867177486,-0.14455094286909853
0.33000000000000496,2.4300000000000037,0.037340686540127586,-0.14485020638270912
0.33000000000000496,2.400000000000004,0.03692414171787097,-0.14515592316829826
0.33000000000000496,2.370000000000004,0.036497513286447285,-0.14546829194055388
0.33000000000000496,2.3400000000000043,0.0360604308508963,-0.14578751881851276
0.33000000000000496,2.3100000000000045,0.035612505666446095,-0.14611381759644487
0.33000000000000496,2.2800000000000047,0.03515332948877467,-0.14644741001762362
0.33000000000000496,2.250000000000005,0.03468247333749361,-0.14678852604881942
0.33000000000000496,2.220000000000005,0.034199486163825704,-0.14713740415320697
0.33000000000000496,2.1900000000000053,0.03370389341510855,-0.147494291559162
0.33000000000000496,2.1600000000000055,0.03319519548515555,-0.14785944452189115
0.33000000000000496,2.1300000000000057,0.03267286604110885,-0.14823312857312076
0.33000000000000496,2.100000000000006,0.032136350214396564,-0.14861561875492585
0.33000000000000496,2.070000000000006,0.031585062642923455,-0.14900719983094496
0.33000000000000496,2.0400000000000063,0.031018385350253752,-0.1494081664681762
0.33000000000000496,2.0100000000000064,0.030435665445444144,-0.14981882338055416
0.33000000000000496,1.9800000000000064,0.029836212625921676,-0.15023948542428012
0.33000000000000496,1.9500000000000064,0.02921929646334014,-0.1506704776313874
0.33000000000000496,1.9200000000000064,0.028584143449863538,-0.15111213516738115
0.33000000000000496,1.8900000000000063,0.02792993378074895,-0.15156480319433618
0.33000000000000496,1.8600000000000063,0.02725579784417104,-0.15202883661759736
0.33000000000000496,1.8300000000000063,0.02656081238814658,-0.1525045996899313
0.33000000000000496,1.8000000000000063,0.025843996328190955,-0.15299246544211115
0.33000000000000496,1.7700000000000062,0.025104306156930052,-0.15349281490130123
0.33000000000000496,1.7400000000000062,0.024340630910569122,-0.1540060360530623
0.33000000000000496,1.7100000000000062,0.0235517866413596,-0.15453252249171778
0.33000000000000496,1.6800000000000062,0.022736510339452443,-0.15507267169467143
0.33000000000000496,1.6500000000000061,0.021893453238666524,-0.15562688284179804
0.33000000000000496,1.620000000000006,0.02102117343254636,-0.15619555408675956
0.33000000000000496,1.590000000000006,0.020118127716898443,-0.15677907916666123
0.33000000000000496,1.560000000000006,0.019182662562517314,-0.1573778432160149
0.33000000000000496,1.530000000000006,0.018213004108874623,-0.1579922176217894
0.33000000000000496,1.500000000000006,0.017207247052818335,-0.1586225537262585
0.33000000000000496,1.470000000000006,0.016163342288124667,-0.15926917514443661
0.33000000000000496,1.440000000000006,0.0150790831297574,-0.15993236841824693
0.33000000000000496,1.410000000000006,0.01395208993100707,-0.16061237167595238
0.33000000000000496,1.3800000000000059,0.01277979287164093,-0.16130936090171044
0.33000000000000496,1.3500000000000059,0.011559412660135932,-0.16202343334877822
0.33000000000000496,1.3200000000000058,0.010287938850251442,-0.16275458754403993
0.33000000000000496,1.2900000000000058,0.008962105423488995,-0.16350269924033667
0.33000000000000496,1.2600000000000058,0.007578363229180013,-0.16426749256882295
0.33000000000000496,1.2300000000000058,0.006132848803883888,-0.16504850553724845
0.33000000000000496,1.2000000000000057,0.004621349007132176,-0.1658450489153458
0.33000000000000496,1.1700000000000057,0.003039260809336657,-0.1666561574592193
0.33000000000000496,1.1400000000000057,0.0013815454459629615,-0.1674805323752836
0.33000000000000496,1.1100000000000056,-0.0003573239964064618,-0.16831647394243052
0.33000000000000496,1.0800000000000056,-0.002183422673967471,-0.16916180335134587
0.33000000000000496,1.0500000000000056,-0.004103443091498669,-0.17001377315755734
0.33000000000000496,1.0200000000000056,-0.006124774816851141,-0.17086896638305216
0.33000000000000496,0.9900000000000055,-0.008255596729550403,-0.17172318538665632
0.33000000000000496,0.9600000000000055,-0.010504984131932973,-0.17257133332625946
0.33000000000000496,0.9300000000000055,-0.01288303355129206,-0.1734072935721454
0.33000000000000496,0.9000000000000055,-0.015401008682560845,-0.17422381597431058
0.33000000000000496,0.8700000000000054,-0.018071511697609885,-0.175012423547458
0.33000000000000496,0.8400000000000054,-0.02090868512101691,-0.1757633587646441
0.33000000000000496,0.8100000000000054,-0.023928450702321698,-0.17646559464867057
0.33000000000000496,0.7800000000000054,-0.02714879327160178,-0.17710694089617046
0.33000000000000496,0.7500000000000053,-0.03059009955386781,-0.17767427710593234
0.33000000000000496,0.7200000000000053,-0.03427556446560725,-0.17815394067838836
0.33000000000000496,0.6900000000000053,-0.03823168070773243,-0.17853228279202016
0.33000000000000496,0.6600000000000052,-0.04248883174883428,-0.17879638010595042
0.33000000000000496,0.6300000000000052,-0.04708201390474738,-0.17893485422993483
0.33000000000000496,0.6000000000000052,-0.052051720654662376,-0.17893871292544478
0.33000000000000496,0.5700000000000052,-0.0574450323046377,-0.17880209919707837
0.33000000000000496,0.5400000000000051,-0.06331696769214522,-0.17852283081684078
0.33000000000000496,0.5100000000000051,-0.06973217350872345,-0.17810264118824742
0.33000000000000496,0.4800000000000051,-0.07676705378042262,-0.1775470881067296
0.33000000000000496,0.45000000000000506,-0.08451248188019883,-0.17686516262133437
0.33000000000000496,0.42000000000000504,-0.09307729888244126,-0.17606868356782182
0.33000000000000496,0.390000000000005,-0.10259290173078928,-0.17517158801598626
0.33000000000000496,0.360000000000005,-0.11321939561120264,-0.17418922007017892
0.33000000000000496,0.33000000000000496,-0.12515409490160695,-0.17313768798349227
0.33000000000000496,0.30000000000000493,-0.13864374880362956,-0.17203331532973293
0.33000000000000496,0.2700000000000049,-0.15400304705621232,-0.17089216771979931
0.33000000000000496,0.2400000000000049,-0.11149943057380808,-0.16972960078235133
0.33000000000000496,0.2100000000000049,-0.07850781426163955,-0.16855975711083715
0.33000000000000496,0.1800000000000049,-0.058835933093698854,-0.1673949585822213
0.33000000000000496,0.1500000000000049,-0.04426592857773958,-0.16624503210625746
0.33000000000000496,0.12000000000000491,-0.03256226892877924,-0.16511680097918172
0.33000000000000496,0.09000000000000491,-0.02273112814715304,-0.16401416462017845
0.33000000000000496,0.06000000000000491,-0.014229337524784972,-0.16293895884152448
0.33000000000000496,0.03000000000000491,-0.006725034956152883,-0.16189198438697855
0.30000000000000493,3,0.04314476177147943,-0.12878929582206972
0.30000000000000493,2.97,0.04285135768339367,-0.12889418163001998
0.30000000000000493,2.9400000000000004,0.04255216771191778,-0.1290010089001138
0.30000000000000493,2.9100000000000006,0.042247019014535606,-0.12910983084878305
0.30000000000000493,2.880000000000001,0.04193573179611984,-0.12922070260357
0.30000000000000493,2.850000000000001,0.041618118955681224,-0.12933368128697043
0.30000000000000493,2.820000000000001,0.04129398571166991,-0.12944882610404246
0.30000000000000493,2.7900000000000014,0.04096312920403565,-0.12956619843507974
0.30000000000000493,2.7600000000000016,0.04062533807085131,-0.12968586193244208
0.30000000000000493,2.7300000000000018,0.040280391998545474,-0.12980788262267923
0.30000000000000493,2.700000000000002,0.039928061243066616,-0.1299323290139901
0.30000000000000493,2.670000000000002,0.03956810611990981,-0.13005927220890146
0.30000000000000493,2.6400000000000023,0.039200276460893795,-0.13018878602297568
0.30000000000000493,2.6100000000000025,0.03882431103476413,-0.13032094710984804
0.30000000000000493,2.5800000000000027,0.038439936929274325,-0.1304558350925052
0.30000000000000493,2.550000000000003,0.038046868890774285,-0.13059353270142016
0.30000000000000493,2.520000000000003,0.037644808619267625,-0.13073412592037886
0.30000000000000493,2.4900000000000033,0.03723344401414825,-0.13087770413921346
0.30000000000000493,2.4600000000000035,0.03681244836708467,-0.13102436031537948
0.30000000000000493,2.4300000000000037,0.03638147949774635,-0.13117419114321027
0.30000000000000493,2.400000000000004,0.03594017882740029,-0.13132729723282016
0.30000000000000493,2.370000000000004,0.035488170385197464,-0.13148378329790014
0.30000000000000493,2.3400000000000043,0.035025059741384784,-0.1316437583534604
0.30000000000000493,2.3100000000000045,0.03455043286102285,-0.13180733592398108
0.30000000000000493,2.2800000000000047,0.034063854871386676,-0.13197463426245895
0.30000000000000493,2.250000000000005,0.03356486873516771,-0.13214577658058152
0.30000000000000493,2.220000000000005,0.033052993821126336,-0.13232089129113334
0.30000000000000493,2.1900000000000053,0.03252772436276838,-0.13250011226213898
0.30000000000000493,2.1600000000000055,0.031988527794813634,-0.13268357908462247
0.30000000000000493,2.1300000000000057,0.03143484295569122,-0.13287143735317208
0.30000000000000493,2.100000000000006,0.030866078143927396,-0.13306383896059942
0.30000000000000493,2.070000000000006,0.03028160901349311,-0.13326094240671793
0.30000000000000493,2.0400000000000063,0.029680776293390294,-0.13346291312174408
0.30000000000000493,2.0100000000000064,0.02906288331322128,-0.1336699238046134
0.30000000000000493,1.9800000000000064,0.02842719331599921,-0.13388215477653134
0.30000000000000493,1.9500000000000064,0.02777292653578499,-0.1340997943492509
0.30000000000000493,1.9200000000000064,0.027099257016669966,-0.13432303920905997
0.30000000000000493,1.8900000000000063,0.02640530914553113,-0.13455209481493602
0.30000000000000493,1.8600000000000063,0.0256901538679496,-0.13478717581127686
0.30000000000000493,1.8300000000000063,0.024952804553745954,-0.13502850645401007
0.30000000000000493,1.8000000000000063,0.024192212473177283,-0.13527632104835793
0.30000000000000493,1.7700000000000062,0.023407261840508606,-0.1355308643974149
0.30000000000000493,1.7400000000000062,0.022596764376385445,-0.13579239225829776
0.30000000000000493,1.7100000000000062,0.021759453333420893,-0.13606117180317023
0.30000000000000493,1.6800000000000062,0.020893976922259166,-0.1363374820812704
0.30000000000000493,1.6500000000000061,0.019998891067385262,-0.13662161447612847
0.30000000000000493,1.620000000000006,0.019072651411268817,-0.13691387315250658
0.30000000000000493,1.590000000000006,0.018113604475010345,-0.13721457548366106
0.30000000000000493,1.560000000000006,0.01711997786975556,-0.13752405245011173
0.30000000000000493,1.530000000000006,0.01608986943875422,-0.1378426489960392
0.30000000000000493,1.500000000000006,0.015021235191269314,-0.13817072432894345
0.30000000000000493,1.470000000000006,0.013911875869464045,-0.13850865214228425
0.30000000000000493,1.440000000000006,0.012759421965002463,-0.13885682073844705
0.30000000000000493,1.410000000000006,0.011561316973155992,-0.13921563302310702
0.30000000000000493,1.3800000000000059,0.010314798639548905,-0.1395855063350544
0.30000000000000493,1.3500000000000059,0.009016877913820533,-0.13996687207009295
0.30000000000000493,1.3200000000000058,0.007664315279087985,-0.14036017504537898
0.30000000000000493,1.2900000000000058,0.006253594068878482,-0.14076587254198325
0.30000000000000493,1.2600000000000058,0.00478089031817272,-0.14118443294809163
0.30000000000000493,1.2300000000000058,0.0032420386152111707,-0.14161633391034256
0.30000000000000493,1.2000000000000057,0.00163249332595004,-0.14206205988075915
0.30000000000000493,1.1700000000000057,-0.00005271555131917613,-0.14252209892373557
0.30000000000000493,1.1400000000000057,-0.0018190327813066409,-0.14299693862015272
0.30000000000000493,1.1100000000000056,-0.003672435584754644,-0.1434870608733243
0.30000000000000493,1.0800000000000056,-0.005619499879071852,-0.14399293538277513
0.30000000000000493,1.0500000000000056,-0.0076674765661522955,-0.14451501150828122
0.30000000000000493,1.0200000000000056,-0.009824379668356156,-0.14505370819453683
0.30000000000000493,0.9900000000000055,-0.012099088489703534,-0.14560940156972624
0.30000000000000493,0.9600000000000055,-0.014501466439217237,-0.14618240976614955
0.30000000000000493,0.9300000000000055,-0.017042499726938116,-0.1467729744426418
0.30000000000000493,0.9000000000000055,-0.01973445985638478,-0.14738123841653034
0.30000000000000493,0.8700000000000054,-0.022591094729854027,-0.14800721874494432
0.30000000000000493,0.8400000000000054,-0.02562785430640436,-0.14865077453941766
0.30000000000000493,0.8100000000000054,-0.028862158169938073,-0.1493115687663483
0.30000000000000493,0.7800000000000054,-0.032313714165180765,-0.14998902330077782
0.30000000000000493,0.7500000000000053,-0.03600489955776863,-0.15068226659252015
0.30000000000000493,0.7200000000000053,-0.039961219119702907,-0.1513900735105129
0.30000000000000493,0.6900000000000053,-0.044211858344624634,-0.15211079731623706
0.30000000000000493,0.6600000000000052,-0.04879035493087626,-0.15284229434673932
0.30000000000000493,0.6300000000000052,-0.05373541812157542,-0.15358184295912536
0.30000000000000493,0.6000000000000052,-0.059091933990599345,-0.15432605969740096
0.30000000000000493,0.5700000000000052,-0.06491220608121538,-0.1550708175866184
0.30000000000000493,0.5400000000000051,-0.07125749606337423,-0.15581117399920252
0.30000000000000493,0.5100000000000051,-0.07819995002020866,-0.15654131864720056
0.30000000000000493,0.4800000000000051,-0.08582502540616957,-0.1572545557377783
0.30000000000000493,0.45000000000000506,-0.09423457645623777,-0.1579433377310675
0.30000000000000493,0.42000000000000504,-0.10355082062026028,-0.1585993706119027
0.30000000000000493,0.390000000000005,-0.11392151229091338,-0.15921381083596364
0.30000000000000493,0.360000000000005,-0.12552682664011117,-0.15977757039209706
0.30000000000000493,0.33000000000000496,-0.1385887767020253,-0.16028173674805896
0.30000000000000493,0.30000000000000493,-0.15338460269877396,-0.1607180970277008
0.30000000000000493,0.2700000000000049,-0.1702668134695763,-0.1610797297306013
0.30000000000000493,0.2400000000000049,-0.10178444939078365,-0.1613615937086066
0.30000000000000493,0.2100000000000049,-0.07522812186805092,-0.1615610076638496
0.30000000000000493,0.1800000000000049,-0.05732114924547529,-0.16167788599927574
0.30000000000000493,0.1500000000000049,-0.043514392175482176,-0.16171460445320407
0.30000000000000493,0.12000000000000491,-0.03219401800126575,-0.16167545704179126
0.30000000000000493,0.09000000000000491,-0.022565374935586895,-0.16156586662676692
0.30000000000000493,0.06000000000000491,-0.01416854389588016,-0.16139170541526654
0.30000000000000493,0.03000000000000491,-0.006712203700539908,-0.1611589475735652
0.2700000000000049,3,0.04247004572597324,-0.1274376193302565
0.2700000000000049,2.97,0.04215844554747264,-0.12749881452628198
0.2700000000000049,2.9400000000000004,0.04184068769033164,-0.12756117849903081
0.2700000000000049,2.9100000000000006,0.04151658773758909,-0.1276247446215607
0.2700000000000049,2.880000000000001,0.04118595383198831,-0.12768954753202277
0.2700000000000049,2.850000000000001,0.04084858629680195,-0.1277556231928853
0.2700000000000049,2.820000000000001,0.0405042772333756,-0.12782300895437526
0.2700000000000049,2.7900000000000014,0.04015281009342577,-0.12789174362063035
0.2700000000000049,2.7600000000000016,0.03979395922447265,-0.12796186752003832
0.2700000000000049,2.7300000000000018,0.03942748938620272,-0.1280334225795547
0.2700000000000049,2.700000000000002,0.03905315523579627,-0.1281064524033128
0.2700000000000049,2.670000000000002,0.038670700779576114,-0.12818100235573432
0.2700000000000049,2.6400000000000023,0.03827985878863792,-0.12825711964973557
0.2700000000000049,2.6100000000000025,0.03788035017572967,-0.12833485343998596
0.2700000000000049,2.5800000000000027,0.037471883329901534,-0.12841425492178882
0.2700000000000049,2.550000000000003,0.03705415340599463,-0.12849537743599043
0.2700000000000049,2.520000000000003,0.03662684156540774,-0.12857827658010285
0.2700000000000049,2.4900000000000033,0.03618961416355905,-0.1286630103266524
0.2700000000000049,2.4600000000000035,0.0357421218805585,-0.12874963914826665
0.2700000000000049,2.4300000000000037,0.035283998789492864,-0.12883822615094137
0.2700000000000049,2.400000000000004,0.03481486135777705,-0.128928837215659
0.2700000000000049,2.370000000000004,0.03433430737540622,-0.12902154114890058
0.2700000000000049,2.3400000000000043,0.03384191480404489,-0.12911640984268213
0.2700000000000049,2.3100000000000045,0.033337240539955695,-0.12921351844519793
0.2700000000000049,2.2800000000000047,0.0328198190831228,-0.12931294554217576
0.2700000000000049,2.250000000000005,0.03228916110435083,-0.12941477335040896
0.2700000000000049,2.220000000000005,0.031744751900778134,-0.12951908792373668
0.2700000000000049,2.1900000000000053,0.031186049729927487,-0.1296259793732333
0.2700000000000049,2.1600000000000055,0.030612484010645792,-0.12973554210127605
0.2700000000000049,2.1300000000000057,0.03002345337867373,-0.12984787505266504
0.2700000000000049,2.100000000000006,0.029418323582670755,-0.12996308198133444
0.2700000000000049,2.070000000000006,0.028796425205598747,-0.13008127173663875
0.2700000000000049,2.0400000000000063,0.028157051193805106,-0.13020255856852447
0.2700000000000049,2.0100000000000064,0.027499454175254297,-0.13032706245432552
0.2700000000000049,1.9800000000000064,0.026822843545128684,-0.13045490944819577
0.2700000000000049,1.9500000000000064,0.026126382295031093,-0.13058623205527475
0.2700000000000049,1.9200000000000064,0.025409183559404226,-0.13072116963204122
0.2700000000000049,1.8900000000000063,0.024670306849143578,-0.13085986881561446
0.2700000000000049,1.8600000000000063,0.023908753938494797,-0.1310024839830693
0.2700000000000049,1.8300000000000063,0.023123464368457337,-0.13114917774442636
0.2700000000000049,1.8000000000000063,0.022313310523223495,-0.1313001214709263
0.2700000000000049,1.7700000000000062,0.02147709223264037,-0.13145549586119887
0.2700000000000049,1.7400000000000062,0.020613530846191778,-0.13161549154908297
0.2700000000000049,1.7100000000000062,0.019721262717138064,-0.13178030975518934
0.2700000000000049,1.6800000000000062,0.018798832027817257,-0.13195016298593554
0.2700000000000049,1.6500000000000061,0.017844682876956237,-0.13212527578371222
0.2700000000000049,1.620000000000006,0.01685715053864243,-0.13230588553071704
0.2700000000000049,1.590000000000006,0.015834451791378774,-0.1324922433117322
0.2700000000000049,1.560000000000006,0.014774674198857493,-0.13268461483835853
0.2700000000000049,1.530000000000006,0.01367576420856664,-0.1328832814393947
0.2700000000000049,1.500000000000006,0.01253551391352841,-0.13308854112087126
0.2700000000000049,1.470000000000006,0.011351546299615697,-0.13330070970018434
0.2700000000000049,1.440000000000006,0.010121298772158095,-0.1335201220170643
0.2700000000000049,1.410000000000006,0.008842004725633667,-0.13374713322606213
0.2700000000000049,1.3800000000000059,0.007510672879181656,-0.1339821201716222
0.2700000000000049,1.3500000000000059,0.0061240640584991225,-0.1342254828495632
0.2700000000000049,1.3200000000000058,0.004678665049060754,-0.13447764595411527
0.2700000000000049,1.2900000000000058,0.003170659083455528,-0.1347390605105579
0.2700000000000049,1.2600000000000058,0.0015958924489834388,-0.13501020558994029
0.2700000000000049,1.2300000000000058,-0.00005016338860652954,-0.1352915900995278
0.2700000000000049,1.2000000000000057,-0.0017724548589099767,-0.1355837546393821
0.2700000000000049,1.1700000000000057,-0.0035763954033936687,-0.13588727340824064
0.2700000000000049,1.1400000000000057,-0.005467921638559682,-0.13620275613667865
0.2700000000000049,1.1100000000000056,-0.007453557763336173,-0.1365308500159334
0.2700000000000049,1.0800000000000056,-0.009540489643954007,-0.13687224157763633
0.2700000000000049,1.0500000000000056,-0.011736650297134813,-0.13722765846521617
0.2700000000000049,1.0200000000000056,-0.014050818846620655,-0.13759787101857646
0.2700000000000049,0.9900000000000055,-0.0164927354652221,-0.13798369356599122
0.2700000000000049,0.9600000000000055,-0.019073235353221224,-0.1383859852859164
0.2700000000000049,0.9300000000000055,-0.02180440547807503,-0.13880565045949872
0.2700000000000049,0.9000000000000055,-0.02469976863738186,-0.13924363788089056
0.2700000000000049,0.8700000000000054,-0.02777450046083277,-0.13970093912499557
0.2700000000000049,0.8400000000000054,-0.031045686290678633,-0.14017858528928845
0.2700000000000049,0.8100000000000054,-0.034532626557359954,-0.14067764171799518
0.2700000000000049,0.7800000000000054,-0.038257201396031545,-0.14119920008886722
0.2700000000000049,0.7500000000000053,-0.04224430796712053,-0.14174436707961358
0.2700000000000049,0.7200000000000053,-0.04652238742637125,-0.14231424863921815
0.2700000000000049,0.6900000000000053,-0.051124062971988335,-0.1429099286600864
0.2700000000000049,0.6600000000000052,-0.05608691619174375,-0.1435324405853156
0.2700000000000049,0.6300000000000052,-0.061454436458981465,-0.14418273019913866
0.2700000000000049,0.6000000000000052,-0.06727718795420402,-0.14486160756101807
0.2700000000000049,0.5700000000000052,-0.07361425179942645,-0.14556968579583254
0.2700000000000049,0.5400000000000051,-0.08053501789729599,-0.14630730432184968
0.2700000000000049,0.5100000000000051,-0.08812142400476772,-0.1470744342169249
0.2700000000000049,0.4800000000000051,-0.09647077092020412,-0.14787056399056311
0.2700000000000049,0.45000000000000506,-0.10569928677820206,-0.14869456536524822
0.2700000000000049,0.42000000000000504,-0.11594667835899981,-0.14954454120662874
0.2700000000000049,0.390000000000005,-0.12738200894757298,-0.15041766206546886
0.2700000000000049,0.360000000000005,-0.14021141409408494,-0.1513100045457612
0.2700000000000049,0.33000000000000496,-0.15468848159099774,-0.15221641443192852
0.2700000000000049,0.30000000000000493,-0.17112874195954678,-0.153130430082046
0.2700000000000049,0.2700000000000049,-0.1356715484580124,-0.1540443152928462
0.2700000000000049,0.2400000000000049,-0.0950542167213184,-0.1549492604029648
0.2700000000000049,0.2100000000000049,-0.07242411995731175,-0.15583580418242732
0.2700000000000049,0.1800000000000049,-0.05593767471971886,-0.15669448625488058
0.2700000000000049,0.1500000000000049,-0.042804711331302744,-0.15751663425563006
0.2700000000000049,0.12000000000000491,-0.031839135483784385,-0.15829502263193873
0.2700000000000049,0.09000000000000491,-0.02240343082444297,-0.15902403529991233
0.2700000000000049,0.06000000000000491,-0.014108555885206866,-0.1596992307463217
0.2700000000000049,0.03000000000000491,-0.00669944731875025,-0.16031681872443743
0.2400000000000049,3,0.041695061421348455,-0.1291868490977348
0.2400000000000049,2.97,0.041363001514687185,-0.12922896405625195
0.2400000000000049,2.9400000000000004,0.041024362084265124,-0.12927189360811742
0.2400000000000049,2.9100000000000006,0.04067894544007131,-0.12931566142120948
0.2400000000000049,2.880000000000001,0.04032654588592349,-0.12936029208131067
0.2400000000000049,2.850000000000001,0.039966949309723755,-0.12940581113646837
0.2400000000000049,2.820000000000001,0.03959993274816706,-0.12945224514431886
0.2400000000000049,2.7900000000000014,0.03922526392449947,-0.12949962172160878
0.2400000000000049,2.7600000000000016,0.03884270075669195,-0.12954796959730164
0.2400000000000049,2.7300000000000018,0.0384519908340025,-0.12959731866835483
0.2400000000000049,2.700000000000002,0.03805287086021013,-0.1296477000592965
0.2400000000000049,2.670000000000002,0.037645066059478746,-0.12969914618496475
0.2400000000000049,2.6400000000000023,0.037228289543860205,-0.12975169081744597
0.2400000000000049,2.6100000000000025,0.0368022416377153,-0.12980536915712165
0.2400000000000049,2.5800000000000027,0.036366609156987764,-0.12986021790796815
0.2400000000000049,2.550000000000003,0.03592106463851391,-0.12991627535775457
0.2400000000000049,2.520000000000003,0.035465265516563475,-0.12997358146352822
0.2400000000000049,2.4900000000000033,0.03499885324133502,-0.13003217794226085
0.2400000000000049,2.4600000000000035,0.03452145233491803,-0.13009210836769985
0.2400000000000049,2.4300000000000037,0.034032669379881336,-0.13015341827332982
0.2400000000000049,2.400000000000004,0.033532091933943665,-0.1302161552624076
0.2400000000000049,2.370000000000004,0.03301928736530013,-0.13028036912529778
0.2400000000000049,2.3400000000000043,0.03249380160096682,-0.13034611196462398
0.2400000000000049,2.3100000000000045,0.031955157781005473,-0.1304134383290596
0.2400000000000049,2.2800000000000047,0.031402854809891634,-0.13048240535655115
0.2400000000000049,2.250000000000005,0.030836365796153363,-0.13055307292725837
0.2400000000000049,2.220000000000005,0.030255136369534873,-0.13062550382735888
0.2400000000000049,2.1900000000000053,0.029658582864835033,-0.1306997639245471
0.2400000000000049,2.1600000000000055,0.029046090359728462,-0.13077592235634344
0.2400000000000049,2.1300000000000057,0.028417010552592607,-0.13085405173168813
0.2400000000000049,2.100000000000006,0.027770659465097866,-0.13093422834768256
0.2400000000000049,2.070000000000006,0.027106314952277277,-0.13101653242231753
0.2400000000000049,2.0400000000000063,0.02642321400108806,-0.1311010483446991
0.2400000000000049,2.0100000000000064,0.025720549796366794,-0.13118786494394552
0.2400000000000049,1.9800000000000064,0.0249974685299873,-0.13127707577931524
0.2400000000000049,1.9500000000000064,0.024253065927242787,-0.13136877945208783
0.2400000000000049,1.9200000000000064,0.02348638346031322,-0.13146307994208917
0.2400000000000049,1.8900000000000063,0.02269640421559475,-0.13156008697119403
0.2400000000000049,1.8600000000000063,0.02188204837768603,-0.13165991639518948
0.2400000000000049,1.8300000000000063,0.0210421682874547,-0.13176269062762874
0.2400000000000049,1.8000000000000063,0.02017554302688341,-0.13186853909818774
0.2400000000000049,1.7700000000000062,0.019280872477172396,-0.13197759874871756
0.2400000000000049,1.7400000000000062,0.018356770788992033,-0.13209001457063552
0.2400000000000049,1.7100000000000062,0.017401759196261742,-0.13220594018703494
0.2400000000000049,1.6800000000000062,0.016414258095423705,-0.13232553848502412
0.2400000000000049,1.6500000000000061,0.01539257830043535,-0.13244898230122043
0.2400000000000049,1.620000000000006,0.014334911373021019,-0.13257645516727953
0.2400000000000049,1.590000000000006,0.013239318911099541,-0.13270815211999382
0.2400000000000049,1.560000000000006,0.012103720662965722,-0.13284428058303843
0.2400000000000049,1.530000000000006,0.010925881314512716,-0.132985061326736
0.2400000000000049,1.500000000000006,0.009703395773606053,-0.1331307295138977
0.2400000000000049,1.470000000000006,0.008433672748740228,-0.1332815358398431
0.2400000000000049,1.440000000000006,0.007113916388259917,-0.13343774777606024
0.2400000000000049,1.410000000000006,0.005741105707330069,-0.1335996509276316
0.2400000000000049,1.3800000000000059,0.004311971487125302,-0.13376755051485711
0.2400000000000049,1.3500000000000059,0.0028229702777268573,-0.133941772992541
0.2400000000000049,1.3200000000000058,0.0012702550737432932,-0.13412266781827564
0.2400000000000049,1.2900000000000058,-0.00035035784253219585,-0.13431060938543263
0.2400000000000049,1.2600000000000058,-0.002043426484337498,-0.13450599913537525
0.2400000000000049,1.2300000000000058,-0.00381392587150463,-0.13470926786512555
0.2400000000000049,1.2000000000000057,-0.005667296698664373,-0.1349208782480445
0.2400000000000049,1.1700000000000057,-0.00760950094620037,-0.13514132758510883
0.2400000000000049,1.1400000000000057,-0.009647085607903684,-0.13537115080507411
0.2400000000000049,1.1100000000000056,-0.011787255939871368,-0.13561092373185263
0.2400000000000049,1.0800000000000056,-0.014037959915354567,-0.13586126663585096
0.2400000000000049,1.0500000000000056,-0.016407985916593242,-0.1361228480850486
0.2400000000000049,1.0200000000000056,-0.01890707611765243,-0.13639638910729665
0.2400000000000049,0.9900000000000055,-0.02154605854014821,-0.13668266766938006
0.2400000000000049,0.9600000000000055,-0.02433700141466459,-0.13698252347129608
0.2400000000000049,0.9300000000000055,-0.02729339429512482,-0.13729686303893157
0.2400000000000049,0.9000000000000055,-0.03043036139166842,-0.13762666508168275
0.2400000000000049,0.8700000000000054,-0.03376491386763516,-0.13797298605442282
0.2400000000000049,0.8400000000000054,-0.03731624946071335,-0.13833696582644922
0.2400000000000049,0.8100000000000054,-0.041106109832782935,-0.13871983330912618
0.2400000000000049,0.7800000000000054,-0.045159208650316016,-0.13912291182367212
0.2400000000000049,0.7500000000000053,-0.04950374670685071,-0.13954762389551012
0.2400000000000049,0.7200000000000053,-0.054172034629424576,-0.1399954950334391
0.2400000000000049,0.6900000000000053,-0.05920124912639426,-0.14046815587849293
0.2400000000000049,0.6600000000000052,-0.0646343556772839,-0.14096734188185034
0.2400000000000049,0.6300000000000052,-0.07052123947467005,-0.14149488937047794
0.2400000000000049,0.6000000000000052,-0.07692009784599996,-0.14205272647966427
0.2400000000000049,0.5700000000000052,-0.0838991620119936,-0.14264285694717016
0.2400000000000049,0.5400000000000051,-0.09153883473880026,-0.14326733418219517
0.2400000000000049,0.5100000000000051,-0.09993435436625389,-0.14392822234899222
0.2400000000000049,0.4800000000000051,-0.10919912646713459,-0.14462754050305898
0.2400000000000049,0.45000000000000506,-0.11946890475425177,-0.14536718522501757
0.2400000000000049,0.42000000000000504,-0.13090705829564508,-0.14614882699891207
0.2400000000000049,0.390000000000005,-0.1437112452423126,-0.14697377631392228
0.2400000000000049,0.360000000000005,-0.15812195479431773,-0.14784281805900557
0.2400000000000049,0.33000000000000496,-0.17443365413312573,-0.14875601870616045
0.2400000000000049,0.30000000000000493,-0.19300986555173655,-0.14971252210129116
0.2400000000000049,0.2700000000000049,-0.11957192900544662,-0.15071036863117704
0.2400000000000049,0.2400000000000049,-0.08987782871910756,-0.15174639958707753
0.2400000000000049,0.2100000000000049,-0.06997727049255084,-0.15281633731647842
0.2400000000000049,0.1800000000000049,-0.054665421868358155,-0.1539151381928746
0.2400000000000049,0.1500000000000049,-0.042132731217570586,-0.15503764468590903
0.2400000000000049,0.12000000000000491,-0.031496753316338263,-0.156179346093059
0.2400000000000049,0.09000000000000491,-0.02224513914720157,-0.15733675789424545
0.2400000000000049,0.06000000000000491,-0.014049354403429345,-0.15850701466138867
0.2400000000000049,0.03000000000000491,-0.006686765031175001,-0.1596871099339121
0.2100000000000049,3,0.04081513477236079,-0.1320087348420627
0.2100000000000049,2.97,0.04046001690664943,-0.13204288038898848
0.2100000000000049,2.9400000000000004,0.04009783857956091,-0.13207768569965295
0.2100000000000049,2.9100000000000006,0.03972838676230731,-0.1321131699638931
0.2100000000000049,2.880000000000001,0.03935143975622135,-0.1321493531181374
0.2100000000000049,2.850000000000001,0.038966766746157414,-0.1321862558818255
0.2100000000000049,2.820000000000001,0.038574127326631395,-0.13222389979604043
0.2100000000000049,2.7900000000000014,0.03817327099757227,-0.13226230726416605
0.2100000000000049,2.7600000000000016,0.03776393662842327,-0.13230150159532533
0.2100000000000049,2.7300000000000018,0.03734585188706063,-0.13234150705015302
0.2100000000000049,2.700000000000002,0.03691873263207996,-0.13238234888949973
0.2100000000000049,2.670000000000002,0.03648228226438052,-0.1324240534261215
0.2100000000000049,2.6400000000000023,0.036036191036257534,-0.13246664807954067
0.2100000000000049,2.6100000000000025,0.03558013531318596,-0.13251016143441507
0.2100000000000049,2.5800000000000027,0.03511377678571361,-0.1325546233023417
0.2100000000000049,2.550000000000003,0.034636761626962644,-0.1326000647880965
0.2100000000000049,2.520000000000003,0.03414871959106201,-0.1326465183597479
0.2100000000000049,2.4900000000000033,0.0336492630484049,-0.13269401792349997
0.2100000000000049,2.4600000000000035,0.033137985951216906,-0.13274259890323825
0.2100000000000049,2.4300000000000037,0.03261446272505368,-0.1327922983260555
0.2100000000000049,2.400000000000004,0.032078247078839786,-0.13284315491245058
0.2100000000000049,2.370000000000004,0.03152887072644771,-0.13289520917380548
0.2100000000000049,2.3400000000000043,0.030965842012857875,-0.1329485035156573
0.2100000000000049,2.3100000000000045,0.030388644435332228,-0.1330030823484695
0.2100000000000049,2.2800000000000047,0.02979673505109201,-0.13305899220657613
0.2100000000000049,2.250000000000005,0.029189542760688664,-0.13311628187468022
0.2100000000000049,2.220000000000005,0.028566466455571655,-0.1331750025242845
0.2100000000000049,2.1900000000000053,0.02792687301744938,-0.13323520785942122
0.2100000000000049,2.1600000000000055,0.027270095155189026,-0.1332969542735814
0.2100000000000049,2.1300000000000057,0.0265954290634436,-0.13336030101748272
0.2100000000000049,2.100000000000006,0.02590213188628057,-0.13342531038023986
0.2100000000000049,2.070000000000006,0.025189418965829775,-0.1334920478838647
0.2100000000000049,2.0400000000000063,0.024456460854671833,-0.1335605824924751
0.2100000000000049,2.0100000000000064,0.023702380068063862,-0.1336309868382115
0.2100000000000049,1.9800000000000064,0.022926247549316162,-0.13370333746428908
0.2100000000000049,1.9500000000000064,0.02212707881740268,-0.1337777150876679
0.2100000000000049,1.9200000000000064,0.021303829764230748,-0.13385420488283178
0.2100000000000049,1.8900000000000063,0.020455392062869317,-0.13393289678823866
0.2100000000000049,1.8600000000000063,0.01958058814432155,-0.13401388583797713
0.2100000000000049,1.8300000000000063,0.018678165694985833,-0.13409727252152878
0.2100000000000049,1.8000000000000063,0.017746791620192964,-0.1341831631726227
0.2100000000000049,1.7700000000000062,0.01678504541275344,-0.13427167039210253
0.2100000000000049,1.7400000000000062,0.015791411856517404,-0.13436291350679924
0.2100000000000049,1.7100000000000062,0.014764272986554548,-0.13445701906795487
0.2100000000000049,1.6800000000000062,0.013701899214847277,-0.13455412139409886
0.2100000000000049,1.6500000000000061,0.012602439520473335,-0.13465436316157756
0.2100000000000049,1.620000000000006,0.011463910585097284,-0.13475789604874175
0.2100000000000049,1.590000000000006,0.010284184741347418,-0.13486488143856173
0.2100000000000049,1.560000000000006,0.009060976578294246,-0.13497549118588686
0.2100000000000049,1.530000000000006,0.007791828027116773,-0.13508990845619107
0.2100000000000049,1.500000000000006,0.006474091722732675,-0.13520832864342497
0.2100000000000049,1.470000000000006,0.005104912403076213,-0.13533096037504475
0.2100000000000049,1.440000000000006,0.0036812060731433935,-0.13545802661397577
0.2100000000000049,1.410000000000006,0.0021996366126935812,-0.13558976586755955
0.2100000000000049,1.3800000000000059,0.000656589456899899,-0.13572643351514802
0.2100000000000049,1.3500000000000059,-0.0009518580864290461,-0.13586830326737553
0.2100000000000049,1.3200000000000058,-0.0026299703934983855,-0.13601566877182875
0.2100000000000049,1.2900000000000058,-0.004382391554591061,-0.1361688453799756
0.2100000000000049,1.2600000000000058,-0.006214188587596449,-0.13632817209443743
0.2100000000000049,1.2300000000000058,-0.008130900672245107,-0.13649401371518582
0.2100000000000049,1.2000000000000057,-0.010138595402476762,-0.13666676320704874
0.2100000000000049,1.1700000000000057,-0.012243933243667942,-0.13684684431160934
0.2100000000000049,1.1400000000000057,-0.014454241614824337,-0.13703471443028253
0.2100000000000049,1.1100000000000056,-0.01677760030095559,-0.13723086780627897
0.2100000000000049,1.0800000000000056,-0.019222940249104037,-0.13743583903662576
0.2100000000000049,1.0500000000000056,-0.02180015823232191,-0.13765020694542485
0.2100000000000049,1.0200000000000056,-0.024520250398394644,-0.13787459885381187
0.2100000000000049,0.9900000000000055,-0.02739546837948469,-0.13810969527967318
0.2100000000000049,0.9600000000000055,-0.030439502463134326,-0.1383562351020885
0.2100000000000049,0.9300000000000055,-0.033667697354200124,-0.1386150212216763
0.2100000000000049,0.9000000000000055,-0.03709730734933167,-0.1388869267421769
0.2100000000000049,0.8700000000000054,-0.040747799374123955,-0.13917290169079474
0.2100000000000049,0.8400000000000054,-0.044641214387287145,-0.13947398027705898
0.2100000000000049,0.8100000000000054,-0.04880260026198323,-0.13979128866688822
0.2100000000000049,0.7800000000000054,-0.05326053255444001,-0.14012605321108337
0.2100000000000049,0.7500000000000053,-0.058047743764178886,-0.14047960901429973
0.2100000000000049,0.7200000000000053,-0.06320188700960955,-0.14085340865254586
0.2100000000000049,0.6900000000000053,-0.06876646677761611,-0.14124903073741996
0.2100000000000049,0.6600000000000052,-0.07479197788934772,-0.14166818787052182
0.2100000000000049,0.6300000000000052,-0.08133730442183908,-0.14211273331907093
0.2100000000000049,0.6000000000000052,-0.08847144338473595,-0.14258466545037518
0.2100000000000049,0.5700000000000052,-0.09627563371663453,-0.14308612857781972
0.2100000000000049,0.5400000000000051,-0.10484598961383737,-0.14361940835970693
0.2100000000000049,0.5100000000000051,-0.11429675782097327,-0.1441869192531447
0.2100000000000049,0.4800000000000051,-0.12476434004956209,-0.14479118076529884
0.2100000000000049,0.45000000000000506,-0.13641224229076626,-0.14543477841596358
0.2100000000000049,0.42000000000000504,-0.14943713144261506,-0.14612030462059922
0.2100000000000049,0.390000000000005,-0.16407620182033256,-0.1468502744831403
0.2100000000000049,0.360000000000005,-0.1806161078293539,-0.14762701253705784
0.2100000000000049,0.33000000000000496,-0.19940389522173407,-0.14845251015062333
0.2100000000000049,0.30000000000000493,-0.15102520892968924,-0.14932826185483294
0.2100000000000049,0.2700000000000049,-0.10985669662502348,-0.15025510528809805
0.2100000000000049,0.2400000000000049,-0.08567020195168097,-0.15123311635235123
0.2100000000000049,0.2100000000000049,-0.06780893948739336,-0.15226164599748693
0.2100000000000049,0.1800000000000049,-0.05348860999458417,-0.153339608505714
0.2100000000000049,0.1500000000000049,-0.04149488616367776,-0.15446608840781711
0.2100000000000049,0.12000000000000491,-0.031166084848656447,-0.15564113708838212
0.2100000000000049,0.09000000000000491,-0.02209035260652586,-0.1568662984062391
0.2100000000000049,0.06000000000000491,-0.013990921021956915,-0.15814438855638047
0.2100000000000049,0.03000000000000491,-0.00667415606954759,-0.15947886294532754
0.1800000000000049,3,0.0398335322784985,-0.13564051715111547
0.1800000000000049,2.97,0.03945242754689224,-0.1356728576798434
0.1800000000000049,2.9400000000000004,0.039063712227234135,-0.13570581622045647
0.1800000000000049,2.9100000000000006,0.03866715543910118,-0.13573941054931687
0.1800000000000049,2.880000000000001,0.03826251684433706,-0.13577365912637201
0.1800000000000049,2.850000000000001,0.03784954615680705,-0.1358085811285044
0.1800000000000049,2.820000000000001,0.03742798262069985,-0.13584419648424356
0.1800000000000049,2.7900000000000014,0.036997554456650705,-0.13588052591059802
0.1800000000000049,2.7600000000000016,0.036557978270906615,-0.13591759095244213
0.1800000000000049,2.7300000000000018,0.03610895842699484,-0.1359554140235566
0.1800000000000049,2.700000000000002,0.03565018637578891,-0.1359940184509455
0.1800000000000049,2.670000000000002,0.03518133994088447,-0.13603342852100014
0.1800000000000049,2.6400000000000023,0.034702082555795356,-0.1360736695292888
0.1800000000000049,2.6100000000000025,0.03421206244959195,-0.13611476783287357
0.1800000000000049,2.5800000000000027,0.03371091177613797,-0.13615675090608936
0.1800000000000049,2.550000000000003,0.033198245682718105,-0.13619964739998044
0.1800000000000049,2.520000000000003,0.03267366131307708,-0.13624348720510493
0.1800000000000049,2.4900000000000033,0.03213673673932406,-0.136288301519024
0.1800000000000049,2.4600000000000035,0.03158702981648817,-0.13633412291744051
0.1800000000000049,2.4300000000000037,0.03102407695388948,-0.13638098543060062
0.1800000000000049,2.400000000000004,0.030447391794472187,-0.13642892462450562
0.1800000000000049,2.370000000000004,0.029856463796562364,-0.13647797768756584
0.1800000000000049,2.3400000000000043,0.029250756706664886,-0.13652818352315144
0.1800000000000049,2.3100000000000045,0.028629706915605617,-0.13657958284838229
0.1800000000000049,2.2800000000000047,0.027992721686071552,-0.1366322183000443
0.1800000000000049,2.250000000000005,0.027339177240664224,-0.13668613454742445
0.1800000000000049,2.220000000000005,0.02666841669647348,-0.1367413784136411
0.1800000000000049,2.1900000000000053,0.02597974783236412,-0.13679799900499195
0.1800000000000049,2.1600000000000055,0.025272440672603716,-0.13685604785037214
0.1800000000000049,2.1300000000000057,0.024545724868702656,-0.13691557905018814
0.1800000000000049,2.100000000000006,0.023798786859946314,-0.1369766494366113
0.1800000000000049,2.070000000000006,0.023030766790233508,-0.13703931874547004
0.1800000000000049,2.0400000000000063,0.022240755156148793,-0.1371036498018154
0.1800000000000049,2.0100000000000064,0.02142778915912267,-0.13716970871818387
0.1800000000000049,1.9800000000000064,0.02059084872959179,-0.1372375651096977
0.1800000000000049,1.9500000000000064,0.01972885218997407,-0.13730729232482997
0.1800000000000049,1.9200000000000064,0.01884065151508328,-0.13737896769462976
0.1800000000000049,1.8900000000000063,0.017925027147937457,-0.13745267280209633
0.1800000000000049,1.8600000000000063,0.016980682319990704,-0.13752849377230467
0.1800000000000049,1.8300000000000063,0.01600623681996837,-0.13760652158744474
0.1800000000000049,1.8000000000000063,0.015000220147988439,-0.13768685242634626
0.1800000000000049,1.7700000000000062,0.013961063982365426,-0.13776958803346795
0.1800000000000049,1.7400000000000062,0.012887093877438935,-0.1378548361178376
0.1800000000000049,1.7100000000000062,0.011776520099260973,-0.13794271078662018
0.1800000000000049,1.6800000000000062,0.01062742749232971,-0.13803333301593412
0.1800000000000049,1.6500000000000061,0.009437764255802592,-0.13812683116197827
0.1800000000000049,1.620000000000006,0.008205329489903532,-0.1382233415176467
0.1800000000000049,1.590000000000006,0.006927759351058839,-0.1383230089182445
0.1800000000000049,1.560000000000006,0.005602511633006794,-0.1384259874017394
0.1800000000000049,1.530000000000006,0.00422684855883667,-0.1385324409286126
0.1800000000000049,1.500000000000006,0.002797817537902045,-0.13864254416808452
0.1800000000000049,1.470000000000006,0.0013122296016220098,-0.1387564833562901
0.1800000000000049,1.440000000000006,-0.0002333648160114353,-0.13887445723557562
0.1800000000000049,1.410000000000006,-0.0018427031415371694,-0.1389966780814904
0.1800000000000049,1.3800000000000059,-0.0035198414243800304,-0.1391233728278098
0.1800000000000049,1.3500000000000059,-0.0052691891328353335,-0.13925478429928173
0.1800000000000049,1.3200000000000058,-0.007095548613474268,-0.13939117256339145
0.1800000000000049,1.2900000000000058,-0.009004159957187804,-0.13953281641342352
0.1800000000000049,1.2600000000000058,-0.011000752153434028,-0.13968001499675092
0.1800000000000049,1.2300000000000058,-0.013091601581790348,-0.13983308960248397
0.1800000000000049,1.2000000000000057,-0.01528359909088698,-0.13999238562549537
0.1800000000000049,1.1700000000000057,-0.017584327164962325,-0.14015827472400727
0.1800000000000049,1.1400000000000057,-0.020002148979031464,-0.1403311571893388
0.1800000000000049,1.1100000000000056,-0.022546311517476575,-0.14051146454891994
0.1800000000000049,1.0800000000000056,-0.025227065391227356,-0.14069966242216636
0.1800000000000049,1.0500000000000056,-0.028055804556612482,-0.1408962536520872
0.1800000000000049,1.0200000000000056,-0.0310452298486951,-0.14110178173417418
0.1800000000000049,0.9900000000000055,-0.03420954112442589,-0.14131683456236616
0.1800000000000049,0.9600000000000055,-0.03756466391751501,-0.14154204851120558
0.1800000000000049,0.9300000000000055,-0.041128517896273135,-0.1417781128679227
0.1800000000000049,0.9000000000000055,-0.04492133616673659,-0.14202577462081745
0.1800000000000049,0.8700000000000054,-0.04896604667081553,-0.14228584359890828
0.1800000000000049,0.8400000000000054,-0.05328872972445527,-0.1425591979404428
0.1800000000000049,0.8100000000000054,-0.05791916926952981,-0.1428467898431275
0.1800000000000049,0.7800000000000054,-0.06289151987285527,-0.14314965151110487
0.1800000000000049,0.7500000000000053,-0.06824511711200673,-0.14346890116263117
0.1800000000000049,0.7200000000000053,-0.07402546599019524,-0.14380574888951764
0.1800000000000049,0.6900000000000053,-0.08028545065689463,-0.14416150205783754
0.1800000000000049,0.6600000000000052,-0.08708681914575993,-0.14453756980158167
0.1800000000000049,0.6300000000000052,-0.09450200902692765,-0.14493546597234153
0.1800000000000049,0.6000000000000052,-0.10261639329493831,-0.1453568096583655
0.1800000000000049,0.5700000000000052,-0.11153103903099151,-0.14580332205604118
0.1800000000000049,0.5400000000000051,-0.12136608128607113,-0.14627681805902876
0.1800000000000049,0.5100000000000051,-0.13226481539274693,-0.1467791904131016
0.1800000000000049,0.4800000000000051,-0.144398592819388,-0.1473123836929403
0.1800000000000049,0.45000000000000506,-0.15797255497272883,-0.1478783547499884
0.1800000000000049,0.42000000000000504,-0.17323214220674765,-0.14847901582860368
0.1800000000000049,0.390000000000005,-0.19047017350647022,-0.14911615658605515
0.1800000000000049,0.360000000000005,-0.21003416506332287,-0.1497913424405003
0.1800000000000049,0.33000000000000496,-0.19535112098641652,-0.15050579015035803
0.1800000000000049,0.30000000000000493,-0.1320952229807738,-0.15126022909383946
0.1800000000000049,0.2700000000000049,-0.1028158679000261,-0.15205477070739656
0.1800000000000049,0.2400000000000049,-0.08212890736118798,-0.15288883067021447
0.1800000000000049,0.2100000000000049,-0.06586412082985145,-0.15376117586625848
0.1800000000000049,0.1800000000000049,-0.05239460624965154,-0.15467018402722427
0.1800000000000049,0.1500000000000049,-0.040888092614526604,-0.15561436276193555
0.1800000000000049,0.12000000000000491,-0.03084641492823826,-0.15659300750710575
0.1800000000000049,0.09000000000000491,-0.021938932540377654,-0.15760660833806187
0.1800000000000049,0.06000000000000491,-0.01393323794229892,-0.158656624279508
0.1800000000000049,0.03000000000000491,-0.006661619677971484,-0.1597449243871448
0.1500000000000049,3,0.03877007683747072,-0.14059823687131656
0.1500000000000049,2.97,0.03835981124121353,-0.14063393279733027
0.1500000000000049,2.9400000000000004,0.037941305866686245,-0.140670294920204
0.1500000000000049,2.9100000000000006,0.037514308959896214,-0.1407073418920124
0.1500000000000049,2.880000000000001,0.03707855836583097,-0.1407450930605525
0.1500000000000049,2.850000000000001,0.036633780983538804,-0.14078356850157941
0.1500000000000049,2.820000000000001,0.0361796921868233,-0.14082278905307477
0.1500000000000049,2.7900000000000014,0.03571599520746769,-0.14086277635119251
0.1500000000000049,2.7600000000000016,0.03524238047828405,-0.1409035528685303
0.1500000000000049,2.7300000000000018,0.03475852493297521,-0.14094514195419844
0.1500000000000049,2.700000000000002,0.03426409125925017,-0.1409875678767195
0.1500000000000049,2.670000000000002,0.03375872710172441,-0.1410308558687169
0.1500000000000049,2.6400000000000023,0.033242064210204744,-0.14107503217481487
0.1500000000000049,2.6100000000000025,0.03271371752999235,-0.1411201241024443
0.1500000000000049,2.5800000000000027,0.032173284227467465,-0.14116616007473942
0.1500000000000049,2.550000000000003,0.03162034264834446,-0.14121316968768172
0.1500000000000049,2.520000000000003,0.031054451200148228,-0.14126118377024416
0.1500000000000049,2.4900000000000033,0.0304751471545942,-0.14131023444825747
0.1500000000000049,2.4600000000000035,0.029881945362222287,-0.14136035521184115
0.1500000000000049,2.4300000000000037,0.0292743368710525,-0.14141158098782294
0.1500000000000049,2.400000000000004,0.028651787442278077,-0.14146394821594838
0.1500000000000049,2.370000000000004,0.0280137359523629,-0.14151749493028248
0.1500000000000049,2.3400000000000043,0.027359592672331366,-0.14157226084566887
0.1500000000000049,2.3100000000000045,0.02668873741223176,-0.14162828744995343
0.1500000000000049,2.2800000000000047,0.02600051751882612,-0.14168561810176244
0.1500000000000049,2.250000000000005,0.025294245712698955,-0.14174429813519374
0.1500000000000049,2.220000000000005,0.024569197748957237,-0.14180437497110554
0.1500000000000049,2.1900000000000053,0.023824609885152313,-0.1418658982356764
0.1500000000000049,2.1600000000000055,0.02305967613713029,-0.14192891988764372
0.1500000000000049,2.1300000000000057,0.022273545301325814,-0.1419934943529345
0.1500000000000049,2.100000000000006,0.021465317721311147,-0.14205967866990554
0.1500000000000049,2.070000000000006,0.02063404177073936,-0.14212753264347866
0.1500000000000049,2.0400000000000063,0.01977871002433522,-0.14219711901051352
0.1500000000000049,2.0100000000000064,0.0188982550833503,-0.1422685036166195
0.1500000000000049,1.9800000000000064,0.01799154501891547,-0.14234175560553125
0.1500000000000049,1.9500000000000064,0.017057378391388333,-0.14241694762207907
0.1500000000000049,1.9200000000000064,0.016094478798960598,-0.14249415602889304
0.1500000000000049,1.8900000000000063,0.015101488901959165,-0.14257346114038172
0.1500000000000049,1.8600000000000063,0.01407696386420927,-0.14265494747195995
0.1500000000000049,1.8300000000000063,0.013019364141783025,-0.1427387040089002
0.1500000000000049,1.8000000000000063,0.011927047543807757,-0.14282482449421702
0.1500000000000049,1.7700000000000062,0.010798260476452154,-0.14291340773820013
0.1500000000000049,1.7400000000000062,0.009631128270155814,-0.1430045579513763
0.1500000000000049,1.7100000000000062,0.008423644476757537,-0.14309838510192455
0.1500000000000049,1.6800000000000062,0.007173659004197334,-0.14319500530038015
0.1500000000000049,1.6500000000000061,0.0058788649393246226,-0.14329454121369217
0.1500000000000049,1.620000000000006,0.004536783885816782,-0.1433971225103456
0.1500000000000049,1.590000000000006,0.003144749616954582,-0.14350288633977265
0.1500000000000049,1.560000000000006,0.0016998898131996313,-0.14361197784816687
0.1500000000000049,1.530000000000006,0.00019910561586673758,-0.1437245507342686
0.1500000000000049,1.500000000000006,-0.0013609513140301088,-0.14384076784663052
0.1500000000000049,1.470000000000006,-0.0029839045955596215,-0.14396080182731458
0.1500000000000049,1.440000000000006,-0.004673682210407055,-0.14408483580387899
0.1500000000000049,1.410000000000006,-0.006434549368814432,-0.1442130641336202
0.1500000000000049,1.3800000000000059,-0.008271145744102978,-0.14434569320322915
0.1500000000000049,1.3500000000000059,-0.010188527770050838,-0.14448294228699526
0.1500000000000049,1.3200000000000058,-0.012192216823111925,-0.14462504446775082
0.1500000000000049,1.2900000000000058,-0.014288254265755881,-0.14477224762166835
0.1500000000000049,1.2600000000000058,-0.0164832645170326,-0.14492481547099684
0.1500000000000049,1.2300000000000058,-0.01878452754645063,-0.14508302870581524
0.1500000000000049,1.2000000000000057,-0.02120006246949336,-0.14524718617539456
0.1500000000000049,1.1700000000000057,-0.02373872427112906,-0.1454176061485859
0.1500000000000049,1.1400000000000057,-0.026410316110871437,-0.14559462763988437
0.1500000000000049,1.1100000000000056,-0.02922572019488467,-0.14577861179638035
0.1500000000000049,1.0800000000000056,-0.03219705086325161,-0.14596994333498736
0.1500000000000049,1.0500000000000056,-0.0353378343631488,-0.14616903201571285
0.1500000000000049,1.0200000000000056,-0.0386632208170362,-0.14637631412978624
0.1500000000000049,0.9900000000000055,-0.04219023519498782,-0.14659225397075185
0.1500000000000049,0.9600000000000055,-0.045938075742762416,-0.14681734524743567
0.1500000000000049,0.9300000000000055,-0.04992847039538359,-0.14705211237945748
0.1500000000000049,0.9000000000000055,-0.0541861043319239,-0.1472971115971221
0.1500000000000049,0.8700000000000054,-0.05873913516100612,-0.14755293174018103
0.1500000000000049,0.8400000000000054,-0.06361981643422514,-0.14782019461565676
0.1500000000000049,0.8100000000000054,-0.06886525548791506,-0.14809955473060887
0.1500000000000049,0.7800000000000054,-0.07451833823624276,-0.1483916981587328
0.1500000000000049,0.7500000000000053,-0.08062886169144944,-0.1486973402254823
0.1500000000000049,0.7200000000000053,-0.0872549247874283,-0.14901722160705383
0.1500000000000049,0.6900000000000053,-0.09446463937319646,-0.1493521023193538
0.1500000000000049,0.6600000000000052,-0.10233823528312455,-0.14970275293384505
0.1500000000000049,0.6300000000000052,-0.1109706442252589,-0.15006994218194342
0.1500000000000049,0.6000000000000052,-0.12047465263665319,-0.15045441990907954
0.1500000000000049,0.5700000000000052,-0.13098470535894183,-0.15085689411093053
0.1500000000000049,0.5400000000000051,-0.14266140511128117,-0.15127800054924234
0.1500000000000049,0.5100000000000051,-0.15569666288428746,-0.15171826323809529
0.1500000000000049,0.4800000000000051,-0.17031927696115823,-0.1521780439797728
0.1500000000000049,0.45000000000000506,-0.18680041731047253,-0.1526574792448422
0.1500000000000049,0.42000000000000504,-0.20545806503122127,-0.15315640323361374
0.1500000000000049,0.390000000000005,-0.2266590202710123,-0.1536742572746549
0.1500000000000049,0.360000000000005,-0.25081702957574536,-0.15420998829461913
0.1500000000000049,0.33000000000000496,-0.1552397987646,-0.15476194360563406
0.1500000000000049,0.30000000000000493,-0.1207832338712337,-0.15532777639081424
0.1500000000000049,0.2700000000000049,-0.0972892610060053,-0.15590438630544934
0.1500000000000049,0.2400000000000049,-0.07907563409485309,-0.15648793117363108
0.1500000000000049,0.2100000000000049,-0.06410274792518128,-0.1570739532133556
0.1500000000000049,0.1800000000000049,-0.05137313448186322,-0.15765765239482854
0.1500000000000049,0.1500000000000049,-0.040309665488559986,-0.1582342852316141
0.1500000000000049,0.12000000000000491,-0.030537091461019527,-0.15879955000682877
0.1500000000000049,0.09000000000000491,-0.021790748258860883,-0.15934970032403772
0.1500000000000049,0.06000000000000491,-0.013876287967906598,-0.1598812439367894
0.1500000000000049,0.03000000000000491,-0.006649155111205929,-0.1603905204789126
0.12000000000000491,3,0.037677062172970496,-0.1485076233179764
0.12000000000000491,2.97,0.03723449020468646,-0.148553754116205
0.12000000000000491,2.9400000000000004,0.03678296433782745,-0.14860070261129726
0.12000000000000491,2.9100000000000006,0.03632220845951109,-0.1486484902664612
0.12000000000000491,2.880000000000001,0.03585193492122572,-0.14869713928228612
0.12000000000000491,2.850000000000001,0.03537184392649742,-0.148746672627791
0.12000000000000491,2.820000000000001,0.0348816228790236,-0.14879711407262386
0.12000000000000491,2.7900000000000014,0.03438094568894473,-0.1488484882206313
0.12000000000000491,2.7600000000000016,0.033869472031645274,-0.148900820545947
0.12000000000000491,2.7300000000000018,0.03334684655887979,-0.1489541374298503
0.12000000000000491,2.700000000000002,0.03281269805485125,-0.1490084661997651
0.12000000000000491,2.670000000000002,0.03226663853517696,-0.149063835170404
0.12000000000000491,2.6400000000000023,0.031708262283618976,-0.14912027368675787
0.12000000000000491,2.6100000000000025,0.031137144820882708,-0.14917781216890114
0.12000000000000491,2.5800000000000027,0.030552841800055967,-0.14923648215962487
0.12000000000000491,2.550000000000003,0.02995488782305284,-0.14929631637376312
0.12000000000000491,2.520000000000003,0.029342795170666795,-0.1493573487506737
0.12000000000000491,2.4900000000000033,0.028716052438971254,-0.14941961450834784
0.12000000000000491,2.4600000000000035,0.02807412307375554,-0.1494831502014033
0.12000000000000491,2.4300000000000037,0.027416443794782492,-0.14954799378058203
0.12000000000000491,2.400000000000004,0.02674242289793194,-0.14961418465648613
0.12000000000000491,2.370000000000004,0.026051438427133703,-0.14968176376544873
0.12000000000000491,2.3400000000000043,0.025342836200937163,-0.14975077363939576
0.12000000000000491,2.3100000000000045,0.024615927682062215,-0.14982125847826658
0.12000000000000491,2.2800000000000047,0.02386998767455545,-0.14989326422690852
0.12000000000000491,2.250000000000005,0.02310425183222447,-0.14996683865489963
0.12000000000000491,2.220000000000005,0.022317913958446605,-0.15004203144065548
0.12000000000000491,2.1900000000000053,0.02151012307918795,-0.1501188942591923
0.12000000000000491,2.1600000000000055,0.020679980263727332,-0.15019748087427365
0.12000000000000491,2.1300000000000057,0.019826535169472415,-0.1502778472346598
0.12000000000000491,2.100000000000006,0.018948782281068523,-0.15036005157468735
0.12000000000000491,2.070000000000006,0.01804565681170565,-0.15044415451913307
0.12000000000000491,2.0400000000000063,0.01711603023083141,-0.15053021919322734
0.12000000000000491,2.0100000000000064,0.01615870537741653,-0.15061831133626324
0.12000000000000491,1.9800000000000064,0.015172411113025388,-0.15070849942082704
0.12000000000000491,1.9500000000000064,0.014155796462622133,-0.15080085477587057
0.12000000000000491,1.9200000000000064,0.013107424185519759,-0.15089545171419655
0.12000000000000491,1.8900000000000063,0.012025763708553516,-0.150992367665216
0.12000000000000491,1.8600000000000063,0.010909183348093647,-0.15109168331031642
0.12000000000000491,1.8300000000000063,0.00975594173321119,-0.15119348272314387
0.12000000000000491,1.8000000000000063,0.008564178334049322,-0.15129785351279423
0.12000000000000491,1.7700000000000062,0.0073319029813676845,-0.1514048869688694
0.12000000000000491,1.7400000000000062,0.006056984251275483,-0.15151467820938325
0.12000000000000491,1.7100000000000062,0.0047371365661243465,-0.15162732632888032
0.12000000000000491,1.6800000000000062,0.0033699058428834443,-0.15174293454528626
0.12000000000000491,1.6500000000000061,0.0019526534927558627,-0.15186161034542
0.12000000000000491,1.620000000000006,0.00048253854528885684,-0.15198346562531545
0.12000000000000491,1.590000000000006,-0.0010435023665438317,-0.15210861682346827
0.12000000000000491,1.560000000000006,-0.0026287774666457556,-0.15223718504407605
0.12000000000000491,1.530000000000006,-0.004276865099599767,-0.1523692961653762
0.12000000000000491,1.500000000000006,-0.005991642218299493,-0.1525050809294271
0.12000000000000491,1.470000000000006,-0.007777316586954136,-0.15264467500619172
0.12000000000000491,1.440000000000006,-0.009638463282973617,-0.15278821902566103
0.12000000000000491,1.410000000000006,-0.011580066183050512,-0.15293585856862957
0.12000000000000491,1.3800000000000059,-0.01360756525338817,-0.15308774410607656
0.12000000000000491,1.3500000000000059,-0.01572691061465525,-0.15324403087313102
0.12000000000000491,1.3200000000000058,-0.01794462454876012,-0.1534048786638375
0.12000000000000491,1.2900000000000058,-0.020267872844440416,-0.15357045152558702
0.12000000000000491,1.2600000000000058,-0.022704547170054268,-0.15374091733232287
0.12000000000000491,1.2300000000000058,-0.025263360515036627,-0.15391644720785863
0.12000000000000491,1.2000000000000057,-0.027953958186205153,-0.15409721476587912
0.12000000000000491,1.1700000000000057,-0.0307870473909956,-0.15428339512724637
0.12000000000000491,1.1400000000000057,-0.03377454913475736,-0.15447516366557557
0.12000000000000491,1.1100000000000056,-0.03692977701989354,-0.15467269442203868
0.12000000000000491,1.0800000000000056,-0.0402676486322181,-0.1548761581212465
0.12000000000000491,1.0500000000000056,-0.04380493658536867,-0.15508571970129253
0.12000000000000491,1.0200000000000056,-0.04756056806084829,-0.15530153525853949
0.12000000000000491,0.9900000000000055,-0.05155598393311634,-0.1555237482859288
0.12000000000000491,0.9600000000000055,-0.05581557145710993,-0.1557524850589882
0.12000000000000491,0.9300000000000055,-0.060367188192174,-0.15598784899976542
0.12000000000000491,0.9000000000000055,-0.06524279957698839,-0.15622991381392132
0.12000000000000491,0.8700000000000054,-0.07047925862926017,-0.15647871516263517
0.12000000000000491,0.8400000000000054,-0.07611926393548774,-0.15673424059015478
0.12000000000000491,0.8100000000000054,-0.08221254174667447,-0.15699641738603146
0.12000000000000491,0.7800000000000054,-0.08881730982777537,-0.15726509801475166
0.12000000000000491,0.7500000000000053,-0.09600209465269793,-0.15754004270642266
0.12000000000000491,0.7200000000000053,-0.1038479887483906,-0.15782089876557678
0.12000000000000491,0.6900000000000053,-0.11245144894940563,-0.15810717614177044
0.12000000000000491,0.6600000000000052,-0.12192774306442503,-0.1583982188209654
0.12000000000000491,0.6300000000000052,-0.1324151393149891,-0.15869317167005526
0.12000000000000491,0.6000000000000052,-0.14407987509761055,-0.15899094252866736
0.12000000000000491,0.5700000000000052,-0.15712179421592995,-0.15929015964081156
0.12000000000000491,0.5400000000000051,-0.17178023171555765,-0.15958912501728945
0.12000000000000491,0.5100000000000051,-0.1883391556948633,-0.15988576510743951
0.12000000000000491,0.4800000000000051,-0.20712967516041558,-0.16017758133115062
0.12000000000000491,0.45000000000000506,-0.22852691446850698,-0.16046160469025986
0.12000000000000491,0.42000000000000504,-0.2529376000288326,-0.16073436091548743
0.12000000000000491,0.390000000000005,-0.28077605396785343,-0.1609918553853018
0.12000000000000491,0.360000000000005,-0.17623460773733504,-0.16122959010468707
0.12000000000000491,0.33000000000000496,-0.13835421337840886,-0.16144262760152367
0.12000000000000491,0.30000000000000493,-0.11264454992803265,-0.16162571710560025
0.12000000000000491,0.2700000000000049,-0.09274645095815372,-0.1617734940204934
0.12000000000000491,0.2400000000000049,-0.07639583507766712,-0.16188075037229935
0.12000000000000491,0.2100000000000049,-0.06249468925915606,-0.16194274744463405
0.12000000000000491,0.1800000000000049,-0.05041571951758017,-0.1619555025778054
0.12000000000000491,0.1500000000000049,-0.03975725202448402,-0.1619159463507135
0.12000000000000491,0.12000000000000491,-0.030237518186295918,-0.16182186068234233
0.12000000000000491,0.09000000000000491,-0.021645676443835814,-0.16167163221854836
0.12000000000000491,0.06000000000000491,-0.013820054477107487,-0.1614640297279062
0.12000000000000491,0.03000000000000491,-0.006636761635811291,-0.1611981614808351
0.09000000000000491,3,0.03666724018867133,-0.16467351290483823
0.09000000000000491,2.97,0.03618992226783441,-0.16474208629262765
0.09000000000000491,2.9400000000000004,0.035702859345953145,-0.1648116970671646
0.09000000000000491,2.9100000000000006,0.03520574740333553,-0.16488236651307658
0.09000000000000491,2.880000000000001,0.034698269536900056,-0.16495411638090224
0.09000000000000491,2.850000000000001,0.03418009526480454,-0.16502696889134685
0.09000000000000491,2.820000000000001,0.033650879785501187,-0.16510094673892506
0.09000000000000491,2.7900000000000014,0.033110263186899545,-0.16517607309473914
0.09000000000000491,2.7600000000000016,0.0325578696028216,-0.16525237160791617
0.09000000000000491,2.7300000000000018,0.031993306311003666,-0.1653298664057694
0.09000000000000491,2.700000000000002,0.0314161627696257,-0.1654085820927217
0.09000000000000491,2.670000000000002,0.030826009585477664,-0.16548854374727823
0.09000000000000491,2.6400000000000023,0.030222397409850534,-0.16556977691727187
0.09000000000000491,2.6100000000000025,0.029604855754496992,-0.1656523076127772
0.09000000000000491,2.5800000000000027,0.028972891722187692,-0.1657361622968142
0.09000000000000491,2.550000000000003,0.02832598864319043,-0.16582136787269286
0.09000000000000491,2.520000000000003,0.027663604610609936,-0.1659079516687879
0.09000000000000491,2.4900000000000033,0.026985170904759832,-0.16599594141939478
0.09000000000000491,2.4600000000000035,0.026290090296982427,-0.16608536524152007
0.09000000000000491,2.4300000000000037,0.025577735221710675,-0.16617625160709815
0.09000000000000491,2.400000000000004,0.024847445804703196,-0.166268629309752
0.09000000000000491,2.370000000000004,0.02409852773402344,-0.16636252742657764
0.09000000000000491,2.3400000000000043,0.023330249958514956,-0.16645797527183542
0.09000000000000491,2.3100000000000045,0.02254184219733959,-0.16655500234480372
0.09000000000000491,2.2800000000000047,0.021732492242058095,-0.16665363826781016
0.09000000000000491,2.250000000000005,0.02090134303005563,-0.16675391271600648
0.09000000000000491,2.220000000000005,0.020047489467544068,-0.16685585533557018
0.09000000000000491,2.1900000000000053,0.01916997497466256,-0.16695949565046683
0.09000000000000491,2.1600000000000055,0.018267787725155676,-0.16706486295555867
0.09000000000000491,2.1300000000000057,0.017339856547351394,-0.16717198619440163
0.09000000000000491,2.100000000000006,0.016385046450355902,-0.16728089382038047
0.09000000000000491,2.070000000000006,0.015402153734977518,-0.16739161363781868
0.09000000000000491,2.0400000000000063,0.014389900641522332,-0.16750417262245137
0.09000000000000491,2.0100000000000064,0.013346929483795681,-0.1676185967165294
0.09000000000000491,1.9800000000000064,0.012271796208939957,-0.1677349105971805
0.09000000000000491,1.9500000000000064,0.011162963316747924,-0.16785313741331065
0.09000000000000491,1.9200000000000064,0.010018792060334812,-0.16797329848815035
0.09000000000000491,1.8900000000000063,0.008837533842416095,-0.16809541298210884
0.09000000000000491,1.8600000000000063,0.007617320706895605,-0.16821949751152565
0.09000000000000491,1.8300000000000063,0.0063561548106367315,-0.16834556571769688
0.09000000000000491,1.8000000000000063,0.005051896745308017,-0.1684736277794325
0.09000000000000491,1.7700000000000062,0.0037022525574467204,-0.16860368986234692
0.09000000000000491,1.7400000000000062,0.002304759291693853,-0.16873575349632025
0.09000000000000491,1.7100000000000062,0.0008567688563764705,-0.16886981487264824
0.09000000000000491,1.6800000000000062,-0.0006445700249108983,-0.1690058640496076
0.09000000000000491,1.6500000000000061,-0.0022023320476338253,-0.16914388405556208
0.09000000000000491,1.620000000000006,-0.0038198380672094506,-0.1692838498757255
0.09000000000000491,1.590000000000006,-0.005500680719911735,-0.1694257273078944
0.09000000000000491,1.560000000000006,-0.0072487533646465735,-0.1695694716704712
0.09000000000000491,1.530000000000006,-0.009068282865386244,-0.16971502634274022
0.09000000000000491,1.500000000000006,-0.010963866829193463,-0.16986232111762115
0.09000000000000491,1.470000000000006,-0.012940516032684202,-0.17001127034067987
0.09000000000000491,1.440000000000006,-0.01500370291020264,-0.1701617708097371
0.09000000000000491,1.410000000000006,-0.0171594171521887,-0.17031369940352775
0.09000000000000491,1.3800000000000059,-0.01941422967413554,-0.1704669104053086
0.09000000000000491,1.3500000000000059,-0.02177536648201648,-0.17062123248384398
0.09000000000000491,1.3200000000000058,-0.024250794288874094,-0.1707764652878026
0.09000000000000491,1.2900000000000058,-0.026849320143619793,-0.1709323756071357
0.09000000000000491,1.2600000000000058,-0.029580707852006873,-0.17108869304895225
0.09000000000000491,1.2300000000000058,-0.03245581461470398,-0.1712451051705171
0.09000000000000491,1.2000000000000057,-0.03548675213486563,-0.17140125200706108
0.09000000000000491,1.1700000000000057,-0.03868707749633752,-0.17155671992743135
0.09000000000000491,1.1400000000000057,-0.04207202046843146,-0.1717110347458082
0.09000000000000491,1.1100000000000056,-0.04565875563631637,-0.1718636540164867
0.09000000000000491,1.0800000000000056,-0.049466730025905264,-0.1720139584345058
0.09000000000000491,1.0500000000000056,-0.05351805985955088,-0.17216124226960103
0.09000000000000491,1.0200000000000056,-0.05783801397344012,-0.17230470276484208
0.09000000000000491,0.9900000000000055,-0.062455606580994374,-0.17244342844282667
0.09000000000000491,0.9600000000000055,-0.06740432889128158,-0.17257638628295113
0.09000000000000491,0.9300000000000055,-0.07272305817451849,-0.17270240776361867
0.09000000000000491,0.9000000000000055,-0.07845719494366432,-0.17282017380892234
0.09000000000000491,0.8700000000000054,-0.08466009493604168,-0.17292819874761922
0.09000000000000491,0.8400000000000054,-0.09139488360934536,-0.1730248134831846
0.09000000000000491,0.8100000000000054,-0.09873676794731809,-0.17310814820416398
0.09000000000000491,0.7800000000000054,-0.10677599387132651,-0.17317611513461362
0.09000000000000491,0.7500000000000053,-0.11562163570322662,-0.17322639205437662
0.09000000000000491,0.7200000000000053,-0.12540643946434202,-0.17325640761331867
0.09000000000000491,0.6900000000000053,-0.13629295327337232,-0.17326332984426923
0.09000000000000491,0.6600000000000052,-0.14848111439547113,-0.17324405974734658
0.09000000000000491,0.6300000000000052,-0.16221720911338108,-0.17319523239354145
0.09000000000000491,0.6000000000000052,-0.17780344541377877,-0.1731132286660813
0.09000000000000491,0.5700000000000052,-0.19560586605114674,-0.17299420151088063
0.09000000000000491,0.5400000000000051,-0.21605544167255952,-0.17283412135486748
0.09000000000000491,0.5100000000000051,-0.23963285148850727,-0.17262884607174472
0.09000000000000491,0.4800000000000051,-0.2668240502254837,-0.17237422136566055
0.09000000000000491,0.45000000000000506,-0.2980391313837588,-0.17206621741517714
0.09000000000000491,0.42000000000000504,-0.26886100960482195,-0.1717011066397398
0.09000000000000491,0.390000000000005,-0.19151221131050122,-0.1712756848482629
0.09000000000000491,0.360000000000005,-0.15389285363790564,-0.17078753286859683
0.09000000000000491,0.33000000000000496,-0.12725888151618872,-0.17023530676764154
0.09000000000000491,0.30000000000000493,-0.1062922631408902,-0.16961903049630622
0.09000000000000491,0.2700000000000049,-0.08889696767643498,-0.16894034409636693
0.09000000000000491,0.2400000000000049,-0.07401131198889697,-0.16820263438187188
0.09000000000000491,0.2100000000000049,-0.061016690809757586,-0.16741095046353993
0.09000000000000491,0.1800000000000049,-0.04951528710326279,-0.16657160584329195
0.09000000000000491,0.1500000000000049,-0.03922877888234479,-0.1656914399324016
0.09000000000000491,0.12000000000000491,-0.029947148463876465,-0.164776913960143
0.09000000000000491,0.09000000000000491,-0.021503600604467304,-0.1638334964074537
0.09000000000000491,0.06000000000000491,-0.013764521398432717,-0.16286574693327555
0.09000000000000491,0.03000000000000491,-0.006624438529054178,-0.16187778565377142
0.06000000000000491,3,0.03595803734081707,-0.2132072697634833
0.06000000000000491,2.97,0.03544570643734218,-0.21326934327597258
0.06000000000000491,2.9400000000000004,0.03492280685650384,-0.21333088480124812
0.06000000000000491,2.9100000000000006,0.034389004443558926,-0.2133918329294293
0.06000000000000491,2.880000000000001,0.03384395064727756,-0.21345212237419214
0.06000000000000491,2.850000000000001,0.03328728172753785,-0.213511683732445
0.06000000000000491,2.820000000000001,0.03271861790939139,-0.21357044322808966
0.06000000000000491,2.7900000000000014,0.03213756247939661,-0.21362832243976582
0.06000000000000491,2.7600000000000016,0.03154370081933844,-0.2136852380102823
0.06000000000000491,2.7300000000000018,0.03093659937241163,-0.21374110133778815
0.06000000000000491,2.700000000000002,0.030315804536302702,-0.21379581824657906
0.06000000000000491,2.670000000000002,0.029680841476080057,-0.21384928863658503
0.06000000000000491,2.6400000000000023,0.029031212851585622,-0.21390140611017858
0.06000000000000491,2.6100000000000025,0.028366397450320782,-0.21395205757466612
0.06000000000000491,2.5800000000000027,0.027685848718646374,-0.2140011228190934
0.06000000000000491,2.550000000000003,0.026988993181459874,-0.21404847406331223
0.06000000000000491,2.520000000000003,0.026275228740913145,-0.2140939754781533
0.06000000000000491,2.4900000000000033,0.025543922842373053,-0.21413748267425886
0.06000000000000491,2.4600000000000035,0.02479441049572308,-0.21417884215824284
0.06000000000000491,2.4300000000000037,0.024025992138243794,-0.21421789075356124
0.06000000000000491,2.400000000000004,0.023237931323960667,-0.21425445498430162
0.06000000000000491,2.370000000000004,0.022429452222005784,-0.2142883504198675
0.06000000000000491,2.3400000000000043,0.021599736906158185,-0.21431938097774245
0.06000000000000491,2.3100000000000045,0.020747922413426902,-0.21434733818229773
0.06000000000000491,2.2800000000000047,0.019873097548925755,-0.21437200037734283
0.06000000000000491,2.250000000000005,0.018974299410450157,-0.21439313188987874
0.06000000000000491,2.220000000000005,0.018050509603416538,-0.21441048214149105
0.06000000000000491,2.1900000000000053,0.01710065011214463,-0.21442378470700035
0.06000000000000491,2.1600000000000055,0.016123578791592284,-0.21443275631585845
0.06000000000000491,2.1300000000000057,0.015118084436188853,-0.21443709579455966
0.06000000000000491,2.100000000000006,0.014082881378049004,-0.21443648294802975
0.06000000000000491,2.070000000000006,0.013016603561562494,-0.21443057737701793
0.06000000000000491,2.0400000000000063,0.011917798031853341,-0.2144190172300015
0.06000000000000491,2.0100000000000064,0.010784917768379264,-0.21440141788786438
0.06000000000000491,1.9800000000000064,0.00961631378291884,-0.2143773705796499
0.06000000000000491,1.9500000000000064,0.00841022639216073,-0.21434644092863708
0.06000000000000491,1.9200000000000064,0.007164775559043403,-0.21430816742871484
0.06000000000000491,1.8900000000000063,0.005877950185027157,-0.2142620598515641
0.06000000000000491,1.8600000000000063,0.00454759621248825,-0.2142075975855508
0.06000000000000491,1.8300000000000063,0.0031714033796746994,-0.2141442279096042
0.06000000000000491,1.8000000000000063,0.001746890442006026,-0.21407136420613132
0.06000000000000491,1.7700000000000062,0.000271388644289626,-0.21398838411787274
0.06000000000000491,1.7400000000000062,-0.0012579768066100228,-0.21389462765779166
0.06000000000000491,1.7100000000000062,-0.0028443075633648165,-0.21378939528034796
0.06000000000000491,1.6800000000000062,-0.0044909555988455006,-0.21367194592905991
0.06000000000000491,1.6500000000000061,-0.006201549712900222,-0.2135414950744004
0.06000000000000491,1.620000000000006,-0.007980025567293776,-0.21339721276376425
0.06000000000000491,1.590000000000006,-0.009830659820817267,-0.21323822170684917
0.06000000000000491,1.560000000000006,-0.01175810904701292,-0.21306359542565445
0.06000000000000491,1.530000000000006,-0.01376745425399518,-0.21287235650474567
0.06000000000000491,1.500000000000006,-0.015864251990298967,-0.2126634749826437
0.06000000000000491,1.470000000000006,-0.018054593229784373,-0.21243586693345334
0.06000000000000491,1.440000000000006,-0.020345171485316817,-0.21218839329503153
0.06000000000000491,1.410000000000006,-0.02274336192400179,-0.21191985900933935
0.06000000000000491,1.3800000000000059,-0.02525731366333827,-0.21162901255047245
0.06000000000000491,1.3500000000000059,-0.0278960579473226,-0.21131454592523785
0.06000000000000491,1.3200000000000058,-0.030669635558848836,-0.21097509524352442
0.06000000000000491,1.2900000000000058,-0.03358924768055342,-0.21060924196517353
0.06000000000000491,1.2600000000000058,-0.036667435517040284,-0.21021551494445173
0.06000000000000491,1.2300000000000058,-0.03991829544164864,-0.2097923934014198
0.06000000000000491,1.2000000000000057,-0.04335773833811615,-0.2093383109633462
0.06000000000000491,1.1700000000000057,-0.047003804350503095,-0.20885166092795426
0.06000000000000491,1.1400000000000057,-0.05087704767719272,-0.2083308029084432
0.06000000000000491,1.1100000000000056,-0.055001010692901364,-0.20777407102796291
0.06000000000000491,1.0800000000000056,-0.05940281306827362,-0.20717978383242272
0.06000000000000491,1.0500000000000056,-0.06411389042876992,-0.20654625609120317
0.06000000000000491,1.0200000000000056,-0.06917092956298335,-0.20587181265119506
0.06000000000000491,0.9900000000000055,-0.07461706493869562,-0.20515480449628126
0.06000000000000491,0.9600000000000055,-0.08050342685129912,-0.20439362715302922
0.06000000000000491,0.9300000000000055,-0.08689116884673229,-0.20358674155851558
0.06000000000000491,0.9000000000000055,-0.09385415717000711,-0.20273269748050193
0.06000000000000491,0.8700000000000054,-0.10148258727957235,-0.20183015955086264
0.06000000000000491,0.8400000000000054,-0.10988791632003728,-0.2008779359348949
0.06000000000000491,0.8100000000000054,-0.11920968724503381,-0.1998750096277489
0.06000000000000491,0.7800000000000054,-0.1296250992639812,-0.19882057233512274
0.06000000000000491,0.7500000000000053,-0.14136258100249632,-0.19771406086726573
0.06000000000000491,0.7200000000000053,-0.15472114339505078,-0.19655519596103566
0.06000000000000491,0.6900000000000053,-0.17009775157729007,-0.1953440234365832
0.06000000000000491,0.6600000000000052,-0.18802453112001888,-0.19408095760938063
0.06000000000000491,0.6300000000000052,-0.20921335170364158,-0.19276682690017022
0.06000000000000491,0.6000000000000052,-0.23458828992649694,-0.19140292161425193
0.06000000000000491,0.5700000000000052,-0.26523698822189207,-0.18999104388026555
0.06000000000000491,0.5400000000000051,-0.3021234712296995,-0.18853355970785612
0.06000000000000491,0.5100000000000051,-0.34543854833602183,-0.18703345298231605
0.06000000000000491,0.4800000000000051,-0.39402561691383453,-0.18549438086373965
0.06000000000000491,0.45000000000000506,-0.25127428331627977,-0.1839207293150913
0.06000000000000491,0.42000000000000504,-0.19995123311090132,-0.1823176660801048
0.06000000000000491,0.390000000000005,-0.16602182190742834,-0.18069118594643274
0.06000000000000491,0.360000000000005,-0.14011908473571497,-0.1790481389345262
0.06000000000000491,0.33000000000000496,-0.11899237738496551,-0.17739622534951674
0.06000000000000491,0.30000000000000493,-0.10109480918376074,-0.1757439315843229
0.06000000000000491,0.2700000000000049,-0.08556337206093859,-0.17410036706311033
0.06000000000000491,0.2400000000000049,-0.07186619358761233,-0.17247494840236138
0.06000000000000491,0.2100000000000049,-0.0596504177169835,-0.1708768720029714
0.06000000000000491,0.1800000000000049,-0.04866586971186624,-0.16931434734581294
0.06000000000000491,0.1500000000000049,-0.03872240942170324,-0.16779367917732757
0.06000000000000491,0.12000000000000491,-0.029665479904116443,-0.16631852559195212
0.06000000000000491,0.09000000000000491,-0.021364410581718778,-0.16488988405257393
0.06000000000000491,0.06000000000000491,-0.01370967318604669,-0.16350704294614093
0.06000000000000491,0.03000000000000491,-0.00661218507874836,-0.16216871613929074
0.03000000000000491,3,0.03592418694033259,-0.5056719602808097
0.03000000000000491,2.97,0.035381466848414464,-0.5058099087534159
0.03000000000000491,2.9400000000000004,0.034827445135530086,-0.5060429732343108
0.03000000000000491,2.9100000000000006,0.034261760124259744,-0.2760941674271512
0.03000000000000491,2.880000000000001,0.03368403432012457,-0.2763323754300345
0.03000000000000491,2.850000000000001,0.033093873525240236,-0.2764725969610291
0.03000000000000491,2.820000000000001,0.0324908658910774,-0.27651528972587336
0.03000000000000491,2.7900000000000014,0.031874580904476646,-0.2764621939138566
0.03000000000000491,2.7600000000000016,0.031244568302923686,-0.2763161680486098
0.03000000000000491,2.7300000000000018,0.030600356911109468,-0.27608098547591664
0.03000000000000491,2.700000000000002,0.029941453394182284,-0.27576111344026
0.03000000000000491,2.670000000000002,0.029267340917899252,-0.2753614943921383
0.03000000000000491,2.6400000000000023,0.02857747771055702,-0.2748873446451914
0.03000000000000491,2.6100000000000025,0.02787129551518134,-0.2743439801588258
0.03000000000000491,2.5800000000000027,0.027148197923195363,-0.2737366741573464
0.03000000000000491,2.550000000000003,0.026407558579302225,-0.27307054721793844
0.03000000000000491,2.520000000000003,0.02564871924377592,-0.27235048761125197
0.03000000000000491,2.4900000000000033,0.02487098770118542,-0.27158109801539243
0.03000000000000491,2.4600000000000035,0.02407363549798361,-0.27076666401829597
0.03000000000000491,2.4300000000000037,0.023255895494425922,-0.2699111397886097
0.03000000000000491,2.400000000000004,0.02241695921151752,-0.2690181466847439
0.03000000000000491,2.370000000000004,0.021555973952464124,-0.26809098116348196
0.03000000000000491,2.3400000000000043,0.020672039675042338,-0.26713262900832
0.03000000000000491,2.3100000000000045,0.019764205590604576,-0.26614578353764573
0.03000000000000491,2.2800000000000047,0.01883146645817756,-0.2651328660120974
0.03000000000000491,2.250000000000005,0.017872758543486373,-0.2640960469407518
0.03000000000000491,2.220000000000005,0.01688695520486115,-0.26303726735946237
0.03000000000000491,2.1900000000000053,0.01587286206349795,-0.26195825946138207
0.03000000000000491,2.1600000000000055,0.0148292117135292,-0.26086056617517583
0.03000000000000491,2.1300000000000057,0.013754657916321768,-0.2597455594611283
0.03000000000000491,2.100000000000006,0.012647769218527238,-0.2586144572080812
0.03000000000000491,2.070000000000006,0.011507021926376898,-0.25746833870153285
0.03000000000000491,2.0400000000000063,0.010330792354901593,-0.2563081586870125
0.03000000000000491,2.0100000000000064,0.009117348263367256,-0.25513476009077357
0.03000000000000491,1.9800000000000064,0.007864839372006507,-0.2539488854794356
0.03000000000000491,1.9500000000000064,0.006571286840635751,-0.25275118735483537
0.03000000000000491,1.9200000000000064,0.005234571570869522,-0.25154223738064774
0.03000000000000491,1.8900000000000063,0.003852421172154733,-0.2503225346410542
0.03000000000000491,1.8600000000000063,0.0024223954043992857,-0.24909251302567836
0.03000000000000491,1.8300000000000063,0.0009418698816428088,-0.24785254782975658
0.03000000000000491,1.8000000000000063,-0.0005919822179886493,-0.24660296165581477
0.03000000000000491,1.7700000000000062,-0.002182210734355724,-0.2453440296895837
0.03000000000000491,1.7400000000000062,-0.0038321117498415283,-0.24407598442519607
0.03000000000000491,1.7100000000000062,-0.005545253873346076,-0.24279901989908903
0.03000000000000491,1.6800000000000062,-0.007325508076673882,-0.2415132954932067
0.03000000000000491,1.6500000000000061,-0.009177081674714259,-0.24021893935865338
0.03000000000000491,1.620000000000006,-0.011104557154539046,-0.23891605150729045
0.03000000000000491,1.590000000000006,-0.0131129367077076,-0.2376047066129034
0.03000000000000491,1.560000000000006,-0.015207693497365338,-0.23628495656279358
0.03000000000000491,1.530000000000006,-0.01739483091682767,-0.23495683279255278
0.03000000000000491,1.500000000000006,-0.01968095138158439,-0.2336203484387443
0.03000000000000491,1.470000000000006,-0.022073336551743608,-0.2322755003380051
0.03000000000000491,1.440000000000006,-0.02458004134166224,-0.23092227090140047
0.03000000000000491,1.410000000000006,-0.027210004659948453,-0.22956062989028342
0.03000000000000491,1.3800000000000059,-0.029973180584044974,-0.2281905361197083
0.03000000000000491,1.3500000000000059,-0.03288069467173364,-0.22681193911442543
0.03000000000000491,1.3200000000000058,-0.03594503142541666,-0.225424780741814
0.03000000000000491,1.2900000000000058,-0.03918026068078969,-0.22402899684814853
0.03000000000000491,1.2600000000000058,-0.042602313057859005,-0.22262451892426763
0.03000000000000491,1.2300000000000058,-0.04622931784368102,-0.2212112758277622
0.03000000000000491,1.2000000000000057,-0.05008202114167987,-0.21978919559306004
0.03000000000000491,1.1700000000000057,-0.05418430838800899,-0.21835820736061284
0.03000000000000491,1.1400000000000057,-0.05856386425086207,-0.21691824346274613
0.03000000000000491,1.1100000000000056,-0.06325301584722684,-0.21546924170662923
0.03000000000000491,1.0800000000000056,-0.0682898242553347,-0.2140111479009862
0.03000000000000491,1.0500000000000056,-0.07371951798227644,-0.21254391867969316
0.03000000000000491,1.0200000000000056,-0.07959640621732628,-0.21106752468482487
0.03000000000000491,0.9900000000000055,-0.08598647949596766,-0.20958195418030734
0.03000000000000491,0.9600000000000055,-0.09297101891193836,-0.20808721718078868
0.03000000000000491,0.9300000000000055,-0.10065172578636478,-0.20658335019502994
0.03000000000000491,0.9000000000000055,-0.10915821666374873,-0.20507042169995876
0.03000000000000491,0.8700000000000054,-0.11865933574557769,-0.20354853848383517
0.03000000000000491,0.8400000000000054,-0.12938090325723142,-0.2020178530211792
0.03000000000000491,0.8100000000000054,-0.14163490245544277,-0.20047857207349135
0.03000000000000491,0.7800000000000054,-0.15587036762215634,-0.19893096674213628
0.03000000000000491,0.7500000000000053,-0.17276900735505396,-0.19737538424346524
0.03000000000000491,0.7200000000000053,-0.19344375204662717,-0.19581226172003885
0.03000000000000491,0.6900000000000053,-0.21991334886189134,-0.1942421424533356
0.03000000000000491,0.6600000000000052,-0.2565109400255975,-0.19266569489716534
0.03000000000000491,0.6300000000000052,-0.3159796014755215,-0.19108373500079667
0.03000000000000491,0.6000000000000052,-0.44080333229303603,-0.18949725233222925
0.03000000000000491,0.5700000000000052,-0.5410101855635997,-0.18790744052279634
0.03000000000000491,0.5400000000000051,-0.3786657028734868,-0.18631573250776168
0.03000000000000491,0.5100000000000051,-0.2906714272418052,-0.1847238408856962
0.03000000000000491,0.4800000000000051,-0.2396896275511138,-0.18313380337364923
0.03000000000000491,0.45000000000000506,-0.2030692090793379,-0.18154803265765465
0.03000000000000491,0.42000000000000504,-0.17428376831206088,-0.17996936870898617
0.03000000000000491,0.390000000000005,-0.15048262950305624,-0.17840112950581904
0.03000000000000491,0.360000000000005,-0.1301596197805091,-0.17684715255574426
0.03000000000000491,0.33000000000000496,-0.1124239146578926,-0.17531181399018825
0.03000000000000491,0.30000000000000493,-0.09670768593904325,-0.17380000360328907
0.03000000000000491,0.2700000000000049,-0.08262892307441284,-0.17231702294255463
0.03000000000000491,0.2400000000000049,-0.06991911955446466,-0.17086836165036684
0.03000000000000491,0.2100000000000049,-0.058381150579181626,-0.1694593032699685
0.03000000000000491,0.1800000000000049,-0.04786238612820214,-0.16809433777641336
0.03000000000000491,0.1500000000000049,-0.03823650888115162,-0.16677645473124025
0.03000000000000491,0.12000000000000491,-0.029392049710749116,-0.16550658873950952
0.03000000000000491,0.09000000000000491,-0.021228002098116355,-0.16428367069858962
0.03000000000000491,0.06000000000000491,-0.013655494796807542,-0.16310546442161072
0.03000000000000491,0.03000000000000491,-0.006600000583721949,-0.16196951551379388
