0.001,0.001,-0.009047824257255378
0.001,0.501,-0.009049112462590212
0.001,1.001,-0.009050161418471933
0.001,1.501,-0.009050969086141012
0.001,2.001,-0.00905153342419419
0.001,2.501,-0.009051852389343158
0.001,3.001,-0.009051923937200942
0.001,3.501,-0.009051746023095957
0.001,4.0009999999999994,-0.00905131660291494
0.001,4.5009999999999994,-0.009050633633974441
0.001,5.0009999999999994,-0.009049695075921642
0.001,5.5009999999999994,-0.009048498891664444
0.001,6.0009999999999994,-0.009047043048331697
0.001,6.5009999999999994,-0.009045325518263073
0.001,7.0009999999999994,-0.009043344280029402
0.001,7.5009999999999994,-0.00904109731948353
0.001,8.001,-0.009038582630841624
0.001,8.501,-0.009035798217795437
0.001,9.001,-0.00903274209465504
0.001,9.501,-0.009029412287522607
0.001,10.001,-0.009025806835497226
0.001,10.501,-0.009021923791909778
0.001,11.001,-0.009017761225589156
0.001,11.501,-0.009013317222158387
0.001,12.001,-0.009008589885361202
0.001,12.501,-0.0090035773384184
0.001,13.001,-0.008998277725413742
0.001,13.501,-0.008992689212708778
0.001,14.001,-0.008986809990386495
0.001,14.501,-0.008980638273722865
0.001,15.001,-0.008974172304685493
0.001,15.501,-0.008967410353459073
0.001,16.000999999999998,-0.00896035071999684
0.001,16.500999999999998,-0.008952991735596442
0.001,17.000999999999998,-0.008945331764499999
0.001,17.500999999999998,-0.008937369205517163
0.001,18.000999999999998,-0.008929102493669476
0.001,18.500999999999998,-0.008920530101855338
0.001,19.000999999999998,-0.008911650542534363
0.001,19.500999999999998,-0.008902462369428932
0.001,20.000999999999998,-0.008892964179242038
0.001,20.500999999999998,-0.00888315461338989
0.001,21.000999999999998,-0.008873032359746945
0.001,21.500999999999998,-0.008862596154402078
0.001,22.000999999999998,-0.00885184478342384
0.001,22.500999999999998,-0.008840777084632417
0.001,23.000999999999998,-0.008829391949377076
0.001,23.500999999999998,-0.008817688324315807
0.001,24.000999999999998,-0.008805665213195283
0.001,24.500999999999998,-0.00879332167862951
0.001,25.000999999999998,-0.008780656843873146
0.001,25.500999999999998,-0.008767669894588132
0.001,26.000999999999998,-0.008754360080600663
0.001,26.500999999999998,-0.008740726717645413
0.001,27.000999999999998,-0.00872676918909465
0.001,27.500999999999998,-0.008712486947668616
0.001,28.000999999999998,-0.008697879517125726
0.001,28.500999999999998,-0.008682946493927191
0.001,29.000999999999998,-0.008667687548875296
0.001,29.500999999999998,-0.008652102428720687
0.001,30.000999999999998,-0.008636190957736201
0.001,30.500999999999998,-0.008619953039253288
0.001,31.000999999999998,-0.00860338865715878
0.001,31.500999999999998,-0.008586497877347651
0.001,32.001,-0.008569280849129182
0.001,32.501,-0.008551737806583021
0.001,33.001,-0.008533869069861238
0.001,33.501,-0.008515675046434273
0.001,34.001,-0.008497156232276225
0.001,34.501,-0.008478313212987051
0.001,35.001,-0.008459146664848163
0.001,35.501,-0.008439657355808228
0.001,36.001,-0.00841984614639611
0.001,36.501,-0.008399713990557956
0.001,37.001,-0.00837926193641561
0.001,37.501,-0.008358491126943215
0.001,38.001,-0.008337402800559345
0.001,38.501,-0.008315998291632409
0.001,39.001,-0.008294279030896436
0.001,39.501,-0.008272246545774915
0.006,0.001,-0.04353758609446897
0.006,0.501,-0.04415958028423816
0.006,1.001,-0.04481320290711309
0.006,1.501,-0.045501718018038505
0.006,2.001,-0.046228913137070296
0.006,2.501,-0.046999217446037876
0.006,3.001,-0.047817855507189096
0.006,3.501,-0.048691050219432326
0.006,4.0009999999999994,-0.04962629537556365
0.006,4.5009999999999994,-0.05063272881475925
0.006,5.0009999999999994,-0.05172165470044651
0.006,5.5009999999999994,-0.05290729342647153
0.006,6.0009999999999994,-0.05420789104263667
0.006,6.5009999999999994,-0.05564741991126261
0.006,7.0009999999999994,-0.057258300068970175
0.006,7.5009999999999994,-0.059085991206524455
0.006,8.001,-0.06119728137882888
0.006,8.501,-0.06369663867902214
0.006,9.001,-0.06676270662691375
0.006,9.501,-0.0707464059274957
0.006,10.001,-0.07653622897519406
0.006,10.501,-0.08901394875016846
0.006,11.001,-0.09311276387576578
0.006,11.501,-0.08766758948397116
0.006,12.001,-0.08274818601951757
0.006,12.501,-0.07828623752454204
0.006,13.001,-0.07422451367680322
0.006,13.501,-0.07051473532444913
0.006,14.001,-0.06711591142403635
0.006,14.501,-0.06399303079240927
0.006,15.001,-0.0611160238074135
0.006,15.501,-0.05845893154752353
0.006,16.000999999999998,-0.055999235817713336
0.006,16.500999999999998,-0.053717315036430464
0.006,17.000999999999998,-0.05159599937922315
0.006,17.500999999999998,-0.04962020479002331
0.006,18.000999999999998,-0.047776630103574046
0.006,18.500999999999998,-0.04605350500676579
0.006,19.000999999999998,-0.04444037920979859
0.006,19.500999999999998,-0.04292794521939254
0.006,20.000999999999998,-0.04150788866377724
0.006,20.500999999999998,-0.04017276132797068
0.006,21.000999999999998,-0.03891587300236918
0.006,21.500999999999998,-0.037731198990433826
0.006,22.000999999999998,-0.03661330070895
0.006,22.500999999999998,-0.03555725728202179
0.006,23.000999999999998,-0.034558606404207215
0.006,23.500999999999998,-0.033613293049250495
0.006,24.000999999999998,-0.03271762484423963
0.006,24.500999999999998,-0.03186823312672386
0.006,25.000999999999998,-0.031062038863651824
0.006,25.500999999999998,-0.030296222743218585
0.006,26.000999999999998,-0.029568198859531495
0.006,26.500999999999998,-0.028875591499938416
0.006,27.000999999999998,-0.02821621461945058
0.006,27.500999999999998,-0.027588053648808418
0.006,28.000999999999998,-0.026989249334622312
0.006,28.500999999999998,-0.026418083353539297
0.006,29.000999999999998,-0.02587296547897503
0.006,29.500999999999998,-0.025352422109835536
0.006,30.000999999999998,-0.024855085996789483
0.006,30.500999999999998,-0.024379687023841405
0.006,31.000999999999998,-0.023925043921842193
0.006,31.500999999999998,-0.023490056806698124
0.006,32.001,-0.0230737004488415
0.006,32.501,-0.022675018192364726
0.006,33.001,-0.02229311645240792
0.006,33.501,-0.021927159728174047
0.006,34.001,-0.021576366076534587
0.006,34.501,-0.021240002997768414
0.006,35.001,-0.020917383690680413
0.006,35.501,-0.020607863639316073
0.006,36.001,-0.020310837497816914
0.006,36.501,-0.020025736243741456
0.006,37.001,-0.01975202457348524
0.006,37.501,-0.01948919851634074
0.006,38.001,-0.019236783246276933
0.006,38.501,-0.018994331072771566
0.006,39.001,-0.01876141959399811
0.006,39.501,-0.01853764999742086
0.011,0.001,-0.0731529643633532
0.011,0.501,-0.07512982375495585
0.011,1.001,-0.07730572695321715
0.011,1.501,-0.07972148872560315
0.011,2.001,-0.0824316774488582
0.011,2.501,-0.08551160259972775
0.011,3.001,-0.08906944053539267
0.011,3.501,-0.09326889255572425
0.011,4.0009999999999994,-0.09837592386947283
0.011,4.5009999999999994,-0.10486969714883125
0.011,5.0009999999999994,-0.11377042042297639
0.011,5.5009999999999994,-0.1281108631794964
0.011,6.0009999999999994,-0.16817448721440556
0.011,6.5009999999999994,-0.15008245063271708
0.011,7.0009999999999994,-0.13495861762473257
0.011,7.5009999999999994,-0.12216281957759861
0.011,8.001,-0.11122310901389537
0.011,8.501,-0.10178446195754605
0.011,9.001,-0.09357506161772457
0.011,9.501,-0.08638354015564234
0.011,10.001,-0.08004325374214567
0.011,10.501,-0.0744211900003897
0.011,11.001,-0.06940999730990746
0.011,11.501,-0.06492216159146658
0.011,12.001,-0.06088568781529853
0.011,12.501,-0.0572408535974238
0.011,13.001,-0.05393773831242746
0.011,13.501,-0.05093432101396087
0.011,14.001,-0.048195000881058436
0.011,14.501,-0.04568943521591206
0.011,15.001,-0.04339161868698868
0.011,15.501,-0.041279147687298436
0.011,16.000999999999998,-0.039332628061449444
0.011,16.500999999999998,-0.03753519483327567
0.011,17.000999999999998,-0.03587212013779836
0.011,17.500999999999998,-0.03433049114364391
0.011,18.000999999999998,-0.03289894390782825
0.011,18.500999999999998,-0.03156744222693858
0.011,19.000999999999998,-0.03032709291449076
0.011,19.500999999999998,-0.02916999074136238
0.011,20.000999999999998,-0.028089087667146996
0.011,20.500999999999998,-0.027078082068591636
0.011,21.000999999999998,-0.026131324512950076
0.011,21.500999999999998,-0.025243737285258798
0.011,22.000999999999998,-0.02441074540113132
0.011,22.500999999999998,-0.02362821725210861
0.011,23.000999999999998,-0.022892413362690364
0.011,23.500999999999998,-0.022199942005047234
0.011,24.000999999999998,-0.02154772063293169
0.011,24.500999999999998,-0.02093294227121113
0.011,25.000999999999998,-0.020353046140023884
0.011,25.500999999999998,-0.019805691909304503
0.011,26.000999999999998,-0.019288737075414755
0.011,26.500999999999998,-0.01880021703085611
0.011,27.000999999999998,-0.01833832746371589
0.011,27.500999999999998,-0.01790140877811698
0.011,28.000999999999998,-0.017487932272540793
0.011,28.500999999999998,-0.017096487851088304
0.011,29.000999999999998,-0.016725773074834308
0.011,29.500999999999998,-0.016374583387494476
0.011,30.000999999999998,-0.01604180337249992
0.011,30.500999999999998,-0.015726398917983518
0.011,31.000999999999998,-0.015427410182682934
0.011,31.500999999999998,-0.015143945269845414
0.011,32.001,-0.014875174528253047
0.011,32.501,-0.014620325409806168
0.011,33.001,-0.014378677821976835
0.011,33.501,-0.014149559921076058
0.011,34.001,-0.01393234429888485
0.011,34.501,-0.013726444520905616
0.011,35.001,-0.013531311979441428
0.011,35.501,-0.013346433029021207
0.011,36.001,-0.013171326375431777
0.011,36.501,-0.013005540692896847
0.011,37.001,-0.012848652446798881
0.011,37.501,-0.01270026390185014
0.011,38.001,-0.012560001297819236
0.011,38.501,-0.012427513176850789
0.011,39.001,-0.012302468848125567
0.011,39.501,-0.012184556977105177
0.016,0.001,-0.10041107889508921
0.016,0.501,-0.10433940527131627
0.016,1.001,-0.10886144540873176
0.016,1.501,-0.11416727340013964
0.016,2.001,-0.12055409108382487
0.016,2.501,-0.128526568281228
0.016,3.001,-0.1390548307845348
0.016,3.501,-0.15444622109153605
0.016,4.0009999999999994,-0.18377686463964557
0.016,4.5009999999999994,-0.21785720818334392
0.016,5.0009999999999994,-0.18685618844954593
0.016,5.5009999999999994,-0.16232450933594597
0.016,6.0009999999999994,-0.14251932221445382
0.016,6.5009999999999994,-0.12626097831523436
0.016,7.0009999999999994,-0.11272464607830314
0.016,7.5009999999999994,-0.10131757080685971
0.016,8.001,-0.09160368869257385
0.016,8.501,-0.08325564875482551
0.016,9.001,-0.07602332848078108
0.016,9.501,-0.06971261493150145
0.016,10.001,-0.06417076543589166
0.016,10.501,-0.05927609598653762
0.016,11.001,-0.054930582321662424
0.016,11.501,-0.05105446202093083
0.016,12.001,-0.047582236931030024
0.016,12.501,-0.04445967206993108
0.016,13.001,-0.04164151448148946
0.016,13.501,-0.039089739514520286
0.016,14.001,-0.03677218842893152
0.016,14.501,-0.034661499767162235
0.016,15.001,-0.03273426364736848
0.016,15.501,-0.030970346920169402
0.016,16.000999999999998,-0.02935235051046753
0.016,16.500999999999998,-0.02786516991050164
0.016,17.000999999999998,-0.026495636820554103
0.016,17.500999999999998,-0.025232225112041554
0.016,18.000999999999998,-0.02406480813919938
0.016,18.500999999999998,-0.022984457316534666
0.016,19.000999999999998,-0.021983274067871865
0.016,19.500999999999998,-0.021054248923215085
0.016,20.000999999999998,-0.020191142824251742
0.016,20.500999999999998,-0.019388386694351372
0.016,21.000999999999998,-0.018640996104923244
0.016,21.500999999999998,-0.017944498479077725
0.016,22.000999999999998,-0.01729487075455862
0.016,22.500999999999998,-0.016688485809994852
0.016,23.000999999999998,-0.01612206626369328
0.016,23.500999999999998,-0.015592644499243007
0.016,24.000999999999998,-0.015097527969935486
0.016,24.500999999999998,-0.014634268994349713
0.016,25.000999999999998,-0.01420063838605646
0.016,25.500999999999998,-0.013794602367256652
0.016,26.000999999999998,-0.013414302303960297
0.016,26.500999999999998,-0.013058036872727075
0.016,27.000999999999998,-0.012724246328972254
0.016,27.500999999999998,-0.012411498596672687
0.016,28.000999999999998,-0.012118476940889807
0.016,28.500999999999998,-0.011843969019330039
0.016,29.000999999999998,-0.011586857138372042
0.016,29.500999999999998,-0.011346109563619852
0.016,30.000999999999998,-0.011120772755834481
0.016,30.500999999999998,-0.010909964420725192
0.016,31.000999999999998,-0.010712867276067819
0.016,31.500999999999998,-0.010528723452380574
0.016,32.001,-0.010356829454304238
0.016,32.501,-0.010196531619175692
0.016,33.001,-0.010047222017315546
0.016,33.501,-0.009908334745460039
0.016,34.001,-0.009779342570729547
0.016,34.501,-0.009659753887688936
0.016,35.001,-0.009549109955518581
0.016,35.501,-0.00944698238620512
0.016,36.001,-0.009352970858035062
0.016,36.501,-0.009266701031627786
0.016,37.001,-0.009187822648314085
0.016,37.501,-0.009116007792929058
0.016,38.001,-0.009050949305059865
0.016,38.501,-0.008992359324531265
0.016,39.001,-0.008939967958440792
0.016,39.501,-0.008893522058403817
0.021,0.001,-0.1260810569920229
0.021,0.501,-0.1324933690734794
0.021,1.001,-0.1402132357336872
0.021,1.501,-0.14983569595695598
0.021,2.001,-0.1624773139562167
0.021,2.501,-0.18066671804221945
0.021,3.001,-0.21293677525122354
0.021,3.501,-0.2810397844671749
0.021,4.0009999999999994,-0.23096234897959209
0.021,4.5009999999999994,-0.19360894532298129
0.021,5.0009999999999994,-0.16487573228008612
0.021,5.5009999999999994,-0.142223370923293
0.021,6.0009999999999994,-0.12400262840569115
0.021,6.5009999999999994,-0.10909942418940959
0.021,7.0009999999999994,-0.09673626133177937
0.021,7.5009999999999994,-0.08635543852678902
0.021,8.001,-0.0775474215453858
0.021,8.501,-0.07000531892199617
0.021,9.001,-0.06349504750247102
0.021,9.501,-0.05783525152024932
0.021,10.001,-0.05288346589148135
0.021,10.501,-0.04852638198362777
0.021,11.001,-0.044672871435965066
0.021,11.501,-0.04124890271283993
0.021,12.001,-0.03819378080712386
0.021,12.501,-0.035457327521594986
0.021,13.001,-0.032997740617564844
0.021,13.501,-0.03077994979038195
0.021,14.001,-0.0287743409040973
0.021,14.501,-0.02695575640404413
0.021,15.001,-0.025302705102610665
0.021,15.501,-0.02379673229077882
0.021,16.000999999999998,-0.022421913765322782
0.021,16.500999999999998,-0.02116444646386249
0.021,17.000999999999998,-0.020012315029733316
0.021,17.500999999999998,-0.01895501850814251
0.021,18.000999999999998,-0.01798334500160894
0.021,18.500999999999998,-0.01708918483269111
0.021,19.000999999999998,-0.016265374819726057
0.021,19.500999999999998,-0.015505567840600067
0.021,20.000999999999998,-0.014804123065538407
0.021,20.500999999999998,-0.014156013173348143
0.021,21.000999999999998,-0.013556745592998583
0.021,21.500999999999998,-0.013002295382991944
0.021,22.000999999999998,-0.012489047811260638
0.021,22.500999999999998,-0.012013749055736316
0.021,23.000999999999998,-0.011573463731016273
0.021,23.500999999999998,-0.011165538175453439
0.021,24.000999999999998,-0.010787568617586204
0.021,24.500999999999998,-0.010437373490396409
0.021,25.000999999999998,-0.010112969283644219
0.021,25.500999999999998,-0.0098125494240714
0.021,26.000999999999998,-0.009534465754997862
0.021,26.500999999999998,-0.009277212254212248
0.021,27.000999999999998,-0.009039410684810751
0.021,27.500999999999998,-0.00881979791995327
0.021,28.000999999999998,-0.008617214721100365
0.021,28.500999999999998,-0.008430595781597786
0.021,29.000999999999998,-0.008258960874554477
0.021,29.500999999999998,-0.008101406966788308
0.021,30.000999999999998,-0.00795710117986579
0.021,30.500999999999998,-0.007825274495580375
0.021,31.000999999999998,-0.007705216117073487
0.021,31.500999999999998,-0.007596268408600646
0.021,32.001,-0.007497822347025899
0.021,32.501,-0.007409313426756386
0.021,33.001,-0.007330217967236081
0.021,33.501,-0.007260049778488145
0.021,34.001,-0.007198357145692927
0.021,34.501,-0.007144720098538029
0.021,35.001,-0.00709874793519006
0.021,35.501,-0.007060076974314031
0.021,36.001,-0.00702836851166814
0.021,36.501,-0.007003306960516431
0.021,37.001,-0.006984598157462269
0.021,37.501,-0.006971967817381297
0.021,38.001,-0.00696516012294339
0.021,38.501,-0.006963936435809779
0.021,39.001,-0.006968074117996041
0.021,39.501,-0.006977365453123676
0.026000000000000002,0.001,-0.1505497770591946
0.026000000000000002,0.501,-0.15994044241087224
0.026000000000000002,1.001,-0.17177311465074568
0.026000000000000002,1.501,-0.18755792197563603
0.026000000000000002,2.001,-0.21084449157710972
0.026000000000000002,2.501,-0.2547352570879631
0.026000000000000002,3.001,-0.32325049502894465
0.026000000000000002,3.501,-0.2570783728022503
0.026000000000000002,4.0009999999999994,-0.20981152724365798
0.026000000000000002,4.5009999999999994,-0.1746790059384683
0.026000000000000002,5.0009999999999994,-0.14774768221083967
0.026000000000000002,5.5009999999999994,-0.1265884234062259
0.026000000000000002,6.0009999999999994,-0.10962641748195745
0.026000000000000002,6.5009999999999994,-0.09579970882286899
0.026000000000000002,7.0009999999999994,-0.08436843037212749
0.026000000000000002,7.5009999999999994,-0.07480274732844322
0.026000000000000002,8.001,-0.06671421554883579
0.026000000000000002,8.501,-0.05981220791132168
0.026000000000000002,9.001,-0.053875391538447906
0.026000000000000002,9.501,-0.048732551576629826
0.026000000000000002,10.001,-0.04424939258011243
0.026000000000000002,10.501,-0.040319263310116656
0.026000000000000002,11.001,-0.03685651664817083
0.026000000000000002,11.501,-0.0337916761549719
0.026000000000000002,12.001,-0.03106786441834887
0.026000000000000002,12.501,-0.02863812753531137
0.026000000000000002,13.001,-0.026463405798123174
0.026000000000000002,13.501,-0.024510976880526156
0.026000000000000002,14.001,-0.02275324894292887
0.026000000000000002,14.501,-0.021166815932658237
0.026000000000000002,15.001,-0.019731711485690084
0.026000000000000002,15.501,-0.018430814776181324
0.026000000000000002,16.000999999999998,-0.017249373707220336
0.026000000000000002,16.500999999999998,-0.016174619507300425
0.026000000000000002,17.000999999999998,-0.015195453108359604
0.026000000000000002,17.500999999999998,-0.014302188323193618
0.026000000000000002,18.000999999999998,-0.013486340287688893
0.026000000000000002,18.500999999999998,-0.012740450217429783
0.026000000000000002,19.000999999999998,-0.012057939481845258
0.026000000000000002,19.500999999999998,-0.011432987487971488
0.026000000000000002,20.000999999999998,-0.010860429009360479
0.026000000000000002,20.500999999999998,-0.01033566748014051
0.026000000000000002,21.000999999999998,-0.009854601463092173
0.026000000000000002,21.500999999999998,-0.009413562040532758
0.026000000000000002,22.000999999999998,-0.009009259302665053
0.026000000000000002,22.500999999999998,-0.008638736445829465
0.026000000000000002,23.000999999999998,-0.008299330262563472
0.026000000000000002,23.500999999999998,-0.007988637021443618
0.026000000000000002,24.000999999999998,-0.007704482908813259
0.026000000000000002,24.500999999999998,-0.00744489834552154
0.026000000000000002,25.000999999999998,-0.007208095606514128
0.026000000000000002,25.500999999999998,-0.006992449264851937
0.026000000000000002,26.000999999999998,-0.006796479058648712
0.026000000000000002,26.500999999999998,-0.006618834842782653
0.026000000000000002,27.000999999999998,-0.006458283339643267
0.026000000000000002,27.500999999999998,-0.00631369644667612
0.026000000000000002,28.000999999999998,-0.00618404089472676
0.026000000000000002,28.500999999999998,-0.006068369081484969
0.026000000000000002,29.000999999999998,-0.005965810929729332
0.026000000000000002,29.500999999999998,-0.0058755666414610445
0.026000000000000002,30.000999999999998,-0.005796900237046605
0.026000000000000002,30.500999999999998,-0.005729133783768804
0.026000000000000002,31.000999999999998,-0.005671642231142256
0.026000000000000002,31.500999999999998,-0.005623848781390023
0.026000000000000002,32.001,-0.00558522073289199
0.026000000000000002,32.501,-0.0055552657424759
0.026000000000000002,33.001,-0.0055335284593368665
0.026000000000000002,33.501,-0.005519587489313062
0.026000000000000002,34.001,-0.005513052653373306
0.026000000000000002,34.501,-0.005513562508595915
0.026000000000000002,35.001,-0.005520782103754424
0.026000000000000002,35.501,-0.005534400944949964
0.026000000000000002,36.001,-0.005554131149622988
0.026000000000000002,36.501,-0.005579705769799593
0.026000000000000002,37.001,-0.005610877267623562
0.026000000000000002,37.501,-0.005647416128156996
0.026000000000000002,38.001,-0.005689109596114437
0.026000000000000002,38.501,-0.005735760524681832
0.026000000000000002,39.001,-0.005787186325874818
0.026000000000000002,39.501,-0.005843218013040413
0.031000000000000003,0.001,-0.17405158760870051
0.031000000000000003,0.501,-0.1868901683143749
0.031000000000000003,1.001,-0.20384315978749953
0.031000000000000003,1.501,-0.22829752119694285
0.031000000000000003,2.001,-0.2710545400261989
0.031000000000000003,2.501,-0.39409560330595117
0.031000000000000003,3.001,-0.30057752255600023
0.031000000000000003,3.501,-0.23746069167301076
0.031000000000000003,4.0009999999999994,-0.19252693519915193
0.031000000000000003,4.5009999999999994,-0.15923778928939358
0.031000000000000003,5.0009999999999994,-0.13380190978578152
0.031000000000000003,5.5009999999999994,-0.11388169419547424
0.031000000000000003,6.0009999999999994,-0.09796413958287
0.031000000000000003,6.5009999999999994,-0.08503058151800404
0.031000000000000003,7.0009999999999994,-0.0743724050722884
0.031000000000000003,7.5009999999999994,-0.0654829184245414
0.031000000000000003,8.001,-0.057991192153745943
0.031000000000000003,8.501,-0.05162010580056761
0.031000000000000003,9.001,-0.04615891455375756
0.031000000000000003,9.501,-0.04144482446693598
0.031000000000000003,10.001,-0.037350323831430665
0.031000000000000003,10.501,-0.03377428923830856
0.031000000000000003,11.001,-0.030635624642051527
0.031000000000000003,11.501,-0.02786863556538602
0.031000000000000003,12.001,-0.025419614126600626
0.031000000000000003,12.501,-0.02324428328603327
0.031000000000000003,13.001,-0.02130586016682242
0.031000000000000003,13.501,-0.019573571670467506
0.031000000000000003,14.001,-0.018021504778495234
0.031000000000000003,14.501,-0.016627707435575005
0.031000000000000003,15.001,-0.015373479087683717
0.031000000000000003,15.501,-0.014242806209889228
0.031000000000000003,16.000999999999998,-0.013221909715146803
0.031000000000000003,16.500999999999998,-0.01229887944843909
0.031000000000000003,17.000999999999998,-0.011463377017417885
0.031000000000000003,17.500999999999998,-0.010706392655381924
0.031000000000000003,18.000999999999998,-0.010020045111464156
0.031000000000000003,18.500999999999998,-0.009397416034149527
0.031000000000000003,19.000999999999998,-0.008832412181365035
0.031000000000000003,19.500999999999998,-0.008319650212548796
0.031000000000000003,20.000999999999998,-0.007854359909619434
0.031000000000000003,20.500999999999998,-0.007432302517587263
0.031000000000000003,21.000999999999998,-0.007049701552331443
0.031000000000000003,21.500999999999998,-0.006703183937577517
0.031000000000000003,22.000999999999998,-0.0063897297386636895
0.031000000000000003,22.500999999999998,-0.006106629082189015
0.031000000000000003,23.000999999999998,-0.00585144510695651
0.031000000000000003,23.500999999999998,-0.005621981997040559
0.031000000000000003,24.000999999999998,-0.005416257313257296
0.031000000000000003,24.500999999999998,-0.005232477973224708
0.031000000000000003,25.000999999999998,-0.005069019339077573
0.031000000000000003,25.500999999999998,-0.004924406960807308
0.031000000000000003,26.000999999999998,-0.004797300596112601
0.031000000000000003,26.500999999999998,-0.004686480187682317
0.031000000000000003,27.000999999999998,-0.004590833528454774
0.031000000000000003,27.500999999999998,-0.004509345386568666
0.031000000000000003,28.000999999999998,-0.004441087895997006
0.031000000000000003,28.500999999999998,-0.004385212047500961
0.031000000000000003,29.000999999999998,-0.004340940138536406
0.031000000000000003,29.500999999999998,-0.004307559060945924
0.031000000000000003,30.000999999999998,-0.004284414322285282
0.031000000000000003,30.500999999999998,-0.004270904711048407
0.031000000000000003,31.000999999999998,-0.004266477528269856
0.031000000000000003,31.500999999999998,-0.0042706243183894405
0.031000000000000003,32.001,-0.004282877041126738
0.031000000000000003,32.501,-0.004302804633707986
0.031000000000000003,33.001,-0.004330009919285832
0.031000000000000003,33.501,-0.004364126822990894
0.031000000000000003,34.001,-0.004404817861865414
0.031000000000000003,34.501,-0.004451771879097531
0.031000000000000003,35.001,-0.004504701996567349
0.031000000000000003,35.501,-0.004563343762849229
0.031000000000000003,36.001,-0.004627453476523174
0.031000000000000003,36.501,-0.004696806667020638
0.031000000000000003,37.001,-0.004771196717292942
0.031000000000000003,37.501,-0.004850433614400226
0.031000000000000003,38.001,-0.004934342815704028
0.031000000000000003,38.501,-0.005022764219741
0.031000000000000003,39.001,-0.005115551232079026
0.031000000000000003,39.501,-0.005212569917546188
0.036000000000000004,0.001,-0.19674399253092664
0.036000000000000004,0.501,-0.2134833871790478
0.036000000000000004,1.001,-0.2366876290118311
0.036000000000000004,1.501,-0.2734151061409443
0.036000000000000004,2.001,-0.3612753283930232
0.036000000000000004,2.501,-0.37136229462936604
0.036000000000000004,3.001,-0.2814249176286752
0.036000000000000004,3.501,-0.22091991484645496
0.036000000000000004,4.0009999999999994,-0.1779803558945109
0.036000000000000004,4.5009999999999994,-0.1462666223766975
0.036000000000000004,5.0009999999999994,-0.12210863620585365
0.036000000000000004,5.5009999999999994,-0.1032470797252284
0.036000000000000004,6.0009999999999994,-0.08822181380142101
0.036000000000000004,6.5009999999999994,-0.07605119897187929
0.036000000000000004,7.0009999999999994,-0.06605334801161956
0.036000000000000004,7.5009999999999994,-0.057741360946792
0.036000000000000004,8.001,-0.050759286360441094
0.036000000000000004,8.501,-0.04484155377874753
0.036000000000000004,9.001,-0.039786472215813676
0.036000000000000004,9.501,-0.035438448116843685
0.036000000000000004,10.001,-0.03167577004013987
0.036000000000000004,10.501,-0.028402040815163745
0.036000000000000004,11.001,-0.025540055360617556
0.036000000000000004,11.501,-0.02302735248321413
0.036000000000000004,12.001,-0.020812933905707195
0.036000000000000004,12.501,-0.018854810940114958
0.036000000000000004,13.001,-0.01711814703101059
0.036000000000000004,13.501,-0.015573835312189185
0.036000000000000004,14.001,-0.014197397821170313
0.036000000000000004,14.501,-0.012968125362524834
0.036000000000000004,15.001,-0.011868399374911548
0.036000000000000004,15.501,-0.010883152836954353
0.036000000000000004,16.000999999999998,-0.009999438384569521
0.036000000000000004,16.500999999999998,-0.009206079818935594
0.036000000000000004,17.000999999999998,-0.008493389004906794
0.036000000000000004,17.500999999999998,-0.007852934435570471
0.036000000000000004,18.000999999999998,-0.007277350910626965
0.036000000000000004,18.500999999999998,-0.006760182150955071
0.036000000000000004,19.000999999999998,-0.006295749964902172
0.036000000000000004,19.500999999999998,-0.005879044946894257
0.036000000000000004,20.000999999999998,-0.005505634736072803
0.036000000000000004,20.500999999999998,-0.005171586671700279
0.036000000000000004,21.000999999999998,-0.004873402311442775
0.036000000000000004,21.500999999999998,-0.0046079617713952956
0.036000000000000004,22.000999999999998,-0.004372476234910959
0.036000000000000004,22.500999999999998,-0.00416444728487597
0.036000000000000004,23.000999999999998,-0.003981631959151731
0.036000000000000004,23.500999999999998,-0.0038220126252112054
0.036000000000000004,24.000999999999998,-0.00368377092802203
0.036000000000000004,24.500999999999998,-0.003565265193058144
0.036000000000000004,25.000999999999998,-0.0034650107702082697
0.036000000000000004,25.500999999999998,-0.0033816628891187514
0.036000000000000004,26.000999999999998,-0.003314001666016808
0.036000000000000004,26.500999999999998,-0.0032609189592379684
0.036000000000000004,27.000999999999998,-0.0032214068179323915
0.036000000000000004,27.500999999999998,-0.0031945473076040176
0.036000000000000004,28.000999999999998,-0.003179503528729869
0.036000000000000004,28.500999999999998,-0.003175511671945238
0.036000000000000004,29.000999999999998,-0.0031818739760740393
0.036000000000000004,29.500999999999998,-0.0031979524744690114
0.036000000000000004,30.000999999999998,-0.003223163431276852
0.036000000000000004,30.500999999999998,-0.003256972382919991
0.036000000000000004,31.000999999999998,-0.0032988897116695906
0.036000000000000004,31.500999999999998,-0.0033484666880457814
0.036000000000000004,32.001,-0.003405291927182058
0.036000000000000004,32.501,-0.0034689882114775986
0.036000000000000004,33.001,-0.003539209638020192
0.036000000000000004,33.501,-0.0036156390545522537
0.036000000000000004,34.001,-0.003697985752314961
0.036000000000000004,34.501,-0.003785983388035468
0.036000000000000004,35.001,-0.0038793881107329967
0.036000000000000004,35.501,-0.003977976871974355
0.036000000000000004,36.001,-0.004081545900774072
0.036000000000000004,36.501,-0.0041899093265817325
0.036000000000000004,37.001,-0.004302897935744489
0.036000000000000004,37.501,-0.004420358048558649
0.036000000000000004,38.001,-0.004542150505515347
0.036000000000000004,38.501,-0.004668149752678714
0.036000000000000004,39.001,-0.004798243017297988
0.036000000000000004,39.501,-0.004932329565790067
0.041,0.001,-0.2187402292292391
0.041,0.501,-0.2398221980673393
0.041,1.001,-0.27056907370102457
0.041,1.501,-0.3251618673400759
0.041,2.001,-0.49130297134536505
0.041,2.501,-0.3517118470193994
0.041,3.001,-0.26490093035194795
0.041,3.501,-0.20667609821376398
0.041,4.0009999999999994,-0.16547725003863958
0.041,4.5009999999999994,-0.13513846943479463
0.041,5.0009999999999994,-0.1120956094993004
0.041,5.5009999999999994,-0.09415773632022849
0.041,6.0009999999999994,-0.07991088725835116
0.041,6.5009999999999994,-0.0684057630045454
0.041,7.0009999999999994,-0.058983821234396584
0.041,7.5009999999999994,-0.05117544812795727
0.041,8.001,-0.04463777344246087
0.041,8.501,-0.03911531352689618
0.041,9.001,-0.03441428390781607
0.041,9.501,-0.030385378687660274
0.041,10.001,-0.026911951208223373
0.041,10.501,-0.023901731058848907
0.041,11.001,-0.021280910445426127
0.041,11.501,-0.018989851112810555
0.041,12.001,-0.016979920415911315
0.041,12.501,-0.015211127455242196
0.041,13.001,-0.01365033481344552
0.041,13.501,-0.0122698902100193
0.041,14.001,-0.011046568434067507
0.041,14.501,-0.009960745250218936
0.041,15.001,-0.008995746625364082
0.041,15.501,-0.008137331796791061
0.041,16.000999999999998,-0.007373279473461747
0.041,16.500999999999998,-0.006693054201142641
0.041,17.000999999999998,-0.006087535545095523
0.041,17.500999999999998,-0.005548796872515194
0.041,18.000999999999998,-0.00506992357787607
0.041,18.500999999999998,-0.004644862884703949
0.041,19.000999999999998,-0.004268299085861155
0.041,19.500999999999998,-0.003935549399621076
0.041,20.000999999999998,-0.0036424766271271718
0.041,20.500999999999998,-0.0033854155754869664
0.041,21.000999999999998,-0.00316111081617456
0.041,21.500999999999998,-0.002966663822173393
0.041,22.000999999999998,-0.002799487900322785
0.041,22.500999999999998,-0.002657269630760409
0.041,23.000999999999998,-0.002537935760603696
0.041,23.500999999999998,-0.002439624687376324
0.041,24.000999999999998,-0.0023606618192171663
0.041,24.500999999999998,-0.002299538221441251
0.041,25.000999999999998,-0.0022548920585345337
0.041,25.500999999999998,-0.0022254924218445054
0.041,26.000999999999998,-0.002210225199740446
0.041,26.500999999999998,-0.0022080807017134593
0.041,27.000999999999998,-0.002218142793067944
0.041,27.500999999999998,-0.0022395793342842307
0.041,28.000999999999998,-0.002271633750274723
0.041,28.500999999999998,-0.0023136175807532203
0.041,29.000999999999998,-0.0023649038846883935
0.041,29.500999999999998,-0.0024249213901115646
0.041,30.000999999999998,-0.0024931492959473847
0.041,30.500999999999998,-0.002569112645565432
0.041,31.000999999999998,-0.0026523782027867322
0.041,31.500999999999998,-0.0027425507704685603
0.041,32.001,-0.0028392698997859248
0.041,32.501,-0.002942206945169147
0.041,33.001,-0.0030510624257128333
0.041,33.501,-0.0031655636589071525
0.041,34.001,-0.003285462636875798
0.041,34.501,-0.003410534119050408
0.041,35.001,-0.003540573918449457
0.041,35.501,-0.0036753973615441353
0.041,36.001,-0.0038148379041371694
0.041,36.501,-0.003958745887819269
0.041,37.001,-0.004106987423430696
0.041,37.501,-0.004259443389596603
0.041,38.001,-0.004416008535844313
0.041,38.501,-0.004576590681085569
0.041,39.001,-0.004741109999371345
0.041,39.501,-0.0049094983858354035
0.046,0.001,-0.24012567128022796
0.046,0.501,-0.2659848854274126
0.046,1.001,-0.3057740315243527
0.046,1.501,-0.38803494036036273
0.046,2.001,-0.46998790603000823
0.046,2.501,-0.3344539478283984
0.046,3.001,-0.2504165146820089
0.046,3.501,-0.1942140958910873
0.046,4.0009999999999994,-0.15455892764701912
0.046,4.5009999999999994,-0.1254392668120151
0.046,5.0009999999999994,-0.10338498603485263
0.046,5.5009999999999994,-0.08626584370239593
0.046,6.0009999999999994,-0.07270885843567144
0.046,6.5009999999999994,-0.0617934313366069
0.046,7.0009999999999994,-0.05288173667519713
0.046,7.5009999999999994,-0.04551949987878208
0.046,8.001,-0.03937545800282165
0.046,8.501,-0.03420307727717547
0.046,9.001,-0.02981558820540825
0.046,9.501,-0.026069263279259
0.046,10.001,-0.02285194908448153
0.046,10.501,-0.020075036113272895
0.046,11.001,-0.017667730216938224
0.046,11.501,-0.015572897192715998
0.046,12.001,-0.013744002721631107
0.046,12.501,-0.01214282789265764
0.046,13.001,-0.010737742339276102
0.046,13.501,-0.009502383897780724
0.046,14.001,-0.008414638444671161
0.046,14.501,-0.0074558440082713034
0.046,15.001,-0.006610164270805727
0.046,15.501,-0.005864091299824358
0.046,16.000999999999998,-0.005206047793918034
0.046,16.500999999999998,-0.004626066629110803
0.046,17.000999999999998,-0.004115530939933394
0.046,17.500999999999998,-0.0036669619668250122
0.046,18.000999999999998,-0.003273844863976719
0.046,18.500999999999998,-0.0029304848772351705
0.046,19.000999999999998,-0.00263188797294385
0.046,19.500999999999998,-0.002373661269507804
0.046,20.000999999999998,-0.002151929597383903
0.046,20.500999999999998,-0.001963265264885314
0.046,21.000999999999998,-0.001804628691367438
0.046,21.500999999999998,-0.0016733180262576072
0.046,22.000999999999998,-0.0015669262319852328
0.046,22.500999999999998,-0.0014833043934849646
0.046,23.000999999999998,-0.0014205302435107842
0.046,23.500999999999998,-0.0013768810742850052
0.046,24.000999999999998,-0.0013508103518004647
0.046,24.500999999999998,-0.0013409274669051036
0.046,25.000999999999998,-0.0013459801529510929
0.046,25.500999999999998,-0.0013648391777724075
0.046,26.000999999999998,-0.0013964849816141614
0.046,26.500999999999998,-0.001439995985138047
0.046,27.000999999999998,-0.0014945383349616002
0.046,27.500999999999998,-0.0015593568900829045
0.046,28.000999999999998,-0.001633767282383555
0.046,28.500999999999998,-0.0017171489093077488
0.046,29.000999999999998,-0.0018089387376474808
0.046,29.500999999999998,-0.00190862581486885
0.046,30.000999999999998,-0.0020157463991580526
0.046,30.500999999999998,-0.0021298796318163227
0.046,31.000999999999998,-0.002250643686193224
0.046,31.500999999999998,-0.002377692336311993
0.046,32.001,-0.0025107118959918533
0.046,32.501,-0.002649418485795755
0.046,33.001,-0.0027935555907368168
0.046,33.501,-0.00294289187648053
0.046,34.001,-0.0030972192359253123
0.046,34.501,-0.0032563510416212804
0.046,35.001,-0.003420120582587345
0.046,35.501,-0.003588379666781702
0.046,36.001,-0.003760997372822091
0.046,36.501,-0.003937858936609938
0.046,37.001,-0.0041188647603062414
0.046,37.501,-0.004303929532691361
0.046,38.001,-0.004492981451345246
0.046,38.501,-0.004685961538321369
0.046,39.001,-0.004882823042104731
0.046,39.501,-0.005083530919637078
0.051,0.001,-0.2609670038947541
0.051,0.501,-0.2920341989513104
0.051,1.001,-0.34263848278991965
0.051,1.501,-0.4745946783355542
0.051,2.001,-0.4509975390905151
0.051,2.501,-0.31910816138030695
0.051,3.001,-0.23756174684272974
0.051,3.501,-0.18317544631408084
0.051,4.0009999999999994,-0.14490624500636284
0.051,4.5009999999999994,-0.11688095231857283
0.051,5.0009999999999994,-0.09571393178432745
0.051,5.5009999999999994,-0.07932948094316904
0.051,6.0009999999999994,-0.06639144326958132
0.051,6.5009999999999994,-0.05600500819485984
0.051,7.0009999999999994,-0.04755096364886961
0.051,7.5009999999999994,-0.040588816515068106
0.051,8.001,-0.03479773181225025
0.051,8.501,-0.029939215895756984
0.051,9.001,-0.025832800845805803
0.051,9.501,-0.02233976998349553
0.051,10.001,-0.019352005784244078
0.051,10.501,-0.016784186854520766
0.051,11.001,-0.014568225691579787
0.051,11.501,-0.012649236964908172
0.051,12.001,-0.010982570777816003
0.051,12.501,-0.009531599519583135
0.051,13.001,-0.008266046166125843
0.051,13.501,-0.007160707065179316
0.051,14.001,-0.0061944658265322555
0.051,14.501,-0.005349524569088895
0.051,15.001,-0.004610799230190754
0.051,15.501,-0.003965439960681983
0.051,16.000999999999998,-0.0034024477830688765
0.051,16.500999999999998,-0.0029123659781650144
0.051,17.000999999999998,-0.0024870299556103426
0.051,17.500999999999998,-0.0021193632437487286
0.051,18.000999999999998,-0.001803210108288402
0.051,18.500999999999998,-0.001533197457433834
0.051,19.000999999999998,-0.0013046203109178534
0.051,19.500999999999998,-0.0011133463415181136
0.051,20.000999999999998,-0.0009557359406155361
0.051,20.500999999999998,-0.0008285749868377126
0.051,21.000999999999998,-0.0007290180618994314
0.051,21.500999999999998,-0.0006545402995189811
0.051,22.000999999999998,-0.0006028964007894211
0.051,22.500999999999998,-0.0005720856243087089
0.051,23.000999999999998,-0.0005603217781187525
0.051,23.500999999999998,-0.0005660074154438116
0.051,24.000999999999998,-0.0005877115768510785
0.051,24.500999999999998,-0.0006241505350375112
0.051,25.000999999999998,-0.000674171090625706
0.051,25.500999999999998,-0.0007367360424618897
0.051,26.000999999999998,-0.0008109115173959985
0.051,26.500999999999998,-0.0008958558950421663
0.051,27.000999999999998,-0.000990810104703789
0.051,27.500999999999998,-0.0010950891061561815
0.051,28.000999999999998,-0.0012080743946606617
0.051,28.500999999999998,-0.00132920739450796
0.051,29.000999999999998,-0.0014579836253921924
0.051,29.500999999999998,-0.0015939475427264385
0.051,30.000999999999998,-0.0017366879671464434
0.051,30.500999999999998,-0.001885834030407766
0.051,31.000999999999998,-0.002041051574997177
0.051,31.500999999999998,-0.0022020399533828547
0.051,32.001,-0.002368529180159829
0.051,32.501,-0.0025402773966057626
0.051,33.001,-0.0027170686125331245
0.051,33.501,-0.002898710694939667
0.051,34.001,-0.003085033576929016
0.051,34.501,-0.003275887663824875
0.051,35.001,-0.003471142416371283
0.051,35.501,-0.003670685093521168
0.051,36.001,-0.003874419639575722
0.051,36.501,-0.0040822657024308165
0.051,37.001,-0.004294157771441836
0.051,37.501,-0.004510044424966896
0.051,38.001,-0.00472988767903627
0.051,38.501,-0.00495366242983911
0.051,39.001,-0.005181355983834145
0.051,39.501,-0.005412967670321948
0.055999999999999994,0.001,-0.2813177634565172
0.055999999999999994,0.501,-0.31802232406043934
0.055999999999999994,1.001,-0.3815802818379341
0.055999999999999994,1.501,-0.6679841901256702
0.055999999999999994,2.001,-0.43390903063766023
0.055999999999999994,2.501,-0.30532636417561587
0.055999999999999994,3.001,-0.22603962214212436
0.055999999999999994,3.501,-0.17330045657485021
0.055999999999999994,4.0009999999999994,-0.13628801797848092
0.055999999999999994,4.5009999999999994,-0.10925487987554075
0.055999999999999994,5.0009999999999994,-0.08889209520493802
0.055999999999999994,5.5009999999999994,-0.07317346256877352
0.055999999999999994,6.0009999999999994,-0.06079624694562774
0.055999999999999994,6.5009999999999994,-0.05088904153451011
0.055999999999999994,7.0009999999999994,-0.042849525879721594
0.055999999999999994,7.5009999999999994,-0.03624971264686727
0.055999999999999994,8.001,-0.03077822904013998
0.055999999999999994,8.501,-0.026203876512134086
0.055999999999999994,9.001,-0.022351904484422466
0.055999999999999994,9.501,-0.019088142302158315
0.055999999999999994,10.001,-0.01630813377553144
0.055999999999999994,10.501,-0.01392954032504301
0.055999999999999994,11.001,-0.011886729672433191
0.055999999999999994,11.501,-0.010126856376911589
0.055999999999999994,12.001,-0.008606979786688881
0.055999999999999994,12.501,-0.007291915618100608
0.055999999999999994,13.001,-0.0061526143136112765
0.055999999999999994,13.501,-0.005164922960178675
0.055999999999999994,14.001,-0.004308630077959022
0.055999999999999994,14.501,-0.0035667214884653187
0.055999999999999994,15.001,-0.0029247954099411513
0.055999999999999994,15.501,-0.0023705988784939727
0.055999999999999994,16.000999999999998,-0.0018936574822460504
0.055999999999999994,16.500999999999998,-0.001484977490080962
0.055999999999999994,17.000999999999998,-0.001136804603533187
0.055999999999999994,17.500999999999998,-0.0008424273337739319
0.055999999999999994,18.000999999999998,-0.00059601579924181
0.055999999999999994,18.500999999999998,-0.00039248882671745824
0.055999999999999994,19.000999999999998,-0.00022740381162469556
0.055999999999999994,19.500999999999998,-0.00009686498841462304
0.055999999999999994,20.000999999999998,2.5533231983315696e-6
0.055999999999999994,20.500999999999998,0.0000738712248807144
0.055999999999999994,21.000999999999998,0.00011975768017767965
0.055999999999999994,21.500999999999998,0.00014257664182645846
0.055999999999999994,22.000999999999998,0.00014442628229830584
0.055999999999999994,22.500999999999998,0.00012717247785833108
0.055999999999999994,23.000999999999998,0.0000924774847857815
0.055999999999999994,23.500999999999998,0.000041824577201519855
0.055999999999999994,24.000999999999998,-0.000023460719991368062
0.055999999999999994,24.500999999999998,-0.00010219227929816888
0.055999999999999994,25.000999999999998,-0.00019330746522101122
0.055999999999999994,25.500999999999998,-0.0002958533130276303
0.055999999999999994,26.000999999999998,-0.000408974488806918
0.055999999999999994,26.500999999999998,-0.0005319027766524029
0.055999999999999994,27.000999999999998,-0.0006639478789960129
0.055999999999999994,27.500999999999998,-0.0008044893493786912
0.055999999999999994,28.000999999999998,-0.0009529695045679687
0.055999999999999994,28.500999999999998,-0.001108887185976305
0.055999999999999994,29.000999999999998,-0.0012717922595826556
0.055999999999999994,29.500999999999998,-0.001441280759743764
0.055999999999999994,30.000999999999998,-0.001616990595876333
0.055999999999999994,30.500999999999998,-0.0017985977524972024
0.055999999999999994,31.000999999999998,-0.0019858129228339256
0.055999999999999994,31.500999999999998,-0.0021783785244993414
0.055999999999999994,32.001,-0.0023760660527697847
0.055999999999999994,32.501,-0.0025786737330326104
0.055999999999999994,33.001,-0.002786024439142623
0.055999999999999994,33.501,-0.0029979638488670385
0.055999999999999994,34.001,-0.0032143588114402974
0.055999999999999994,34.501,-0.0034350959055765365
0.055999999999999994,35.001,-0.003660080169174275
0.055999999999999994,35.501,-0.003889233984478657
0.055999999999999994,36.001,-0.0041224961046792755
0.055999999999999994,36.501,-0.004359820809880378
0.055999999999999994,37.001,-0.004601177182114766
0.055999999999999994,37.501,-0.004846548490627094
0.055999999999999994,38.001,-0.005095931680052214
0.055999999999999994,38.501,-0.0053493369553940726
0.055999999999999994,39.001,-0.0056067874588809075
0.055999999999999994,39.501,-0.005868319034875037
0.06099999999999999,0.001,-0.30122188196525806
0.06099999999999999,0.501,-0.34399405598615834
0.06099999999999999,1.001,-0.42314781384618105
0.06099999999999999,1.501,-0.647595682214102
0.06099999999999999,2.001,-0.41840596193377316
0.06099999999999999,2.501,-0.29284806870805563
0.06099999999999999,3.001,-0.21562792349745025
0.06099999999999999,3.501,-0.1643948454473254
0.06099999999999999,4.0009999999999994,-0.12853131155324116
0.06099999999999999,4.5009999999999994,-0.10240499090690025
0.06099999999999999,5.0009999999999994,-0.08277711720288192
0.06099999999999999,5.5009999999999994,-0.06766678671109064
0.06099999999999999,6.0009999999999994,-0.05580184631206633
0.06099999999999999,6.5009999999999994,-0.046332303337751415
0.06099999999999999,7.0009999999999994,-0.03867129206548898
0.06099999999999999,7.5009999999999994,-0.032402266492309144
0.06099999999999999,8.001,-0.027222510126649915
0.06099999999999999,8.501,-0.022907497829936424
0.06099999999999999,9.001,-0.01928770884473853
0.06099999999999999,9.501,-0.016233130676185786
0.06099999999999999,10.001,-0.01364265591451129
0.06099999999999999,10.501,-0.01143667403007842
0.06099999999999999,11.001,-0.009551798165713082
0.06099999999999999,11.501,-0.007937048382086864
0.06099999999999999,12.001,-0.0065510470948887956
0.06099999999999999,12.501,-0.005359929872810556
0.06099999999999999,13.001,-0.0043357695915884065
0.06099999999999999,13.501,-0.0034553741530405635
0.06099999999999999,14.001,-0.0026993595400958276
0.06099999999999999,14.501,-0.002051428207987229
0.06099999999999999,15.001,-0.0014978022791215656
0.06099999999999999,15.501,-0.001026774623868007
0.06099999999999999,16.000999999999998,-0.0006283505555545743
0.06099999999999999,16.500999999999998,-0.0002939597850486475
0.06099999999999999,17.000999999999998,-0.00001622329637090275
0.06099999999999999,17.500999999999998,0.00021123651941667813
0.06099999999999999,18.000999999999998,0.00039395141471858935
0.06099999999999999,18.500999999999998,0.0005367354315716916
0.06099999999999999,19.000999999999998,0.0006437910245094686
0.06099999999999999,19.500999999999998,0.000718797379114261
0.06099999999999999,20.000999999999998,0.0007649842560016745
0.06099999999999999,20.500999999999998,0.0007851940045978598
0.06099999999999999,21.000999999999998,0.0007819338591518142
0.06099999999999999,21.500999999999998,0.0007574202139834689
0.06099999999999999,22.000999999999998,0.0007136162484570798
0.06099999999999999,22.500999999999998,0.0006522640140789043
0.06099999999999999,23.000999999999998,0.0005749118909701492
0.06099999999999999,23.500999999999998,0.0004829381570261998
0.06099999999999999,24.000999999999998,0.0003775712814233431
0.06099999999999999,24.500999999999998,0.00025990744787985146
0.06099999999999999,25.000999999999998,0.00013092572694757554
0.06099999999999999,25.500999999999998,-8.49875353344659e-6
0.06099999999999999,26.000999999999998,-0.00015758334804179264
0.06099999999999999,26.500999999999998,-0.00031562789835777594
0.06099999999999999,27.000999999999998,-0.0004820059980637052
0.06099999999999999,27.500999999999998,-0.000656157342812793
0.06099999999999999,28.000999999999998,-0.0008375810192950313
0.06099999999999999,28.500999999999998,-0.0010258296080524615
0.06099999999999999,29.000999999999998,-0.0012205039938799622
0.06099999999999999,29.500999999999998,-0.0014212487931441684
0.06099999999999999,30.000999999999998,-0.0016277483204727994
0.06099999999999999,30.500999999999998,-0.0018397230283543897
0.06099999999999999,31.000999999999998,-0.0020569263625748804
0.06099999999999999,31.500999999999998,-0.0022791419843978117
0.06099999999999999,32.001,-0.0025061813172010255
0.06099999999999999,32.501,-0.0027378813810986294
0.06099999999999999,33.001,-0.0029741028840822286
0.06099999999999999,33.501,-0.0032147285425140684
0.06099999999999999,34.001,-0.003459661607533592
0.06099999999999999,34.501,-0.003708824577181028
0.06099999999999999,35.001,-0.003962158076857215
0.06099999999999999,35.501,-0.004219619893236409
0.06099999999999999,36.001,-0.004481184148932588
0.06099999999999999,36.501,-0.004746840607177238
0.06099999999999999,37.001,-0.005016594097525362
0.06099999999999999,37.501,-0.005290464055197154
0.06099999999999999,38.001,-0.0055684841681277256
0.06099999999999999,38.501,-0.0058507021271583595
0.06099999999999999,39.001,-0.0061371794760956555
0.06099999999999999,39.501,-0.00642799155960222
0.06599999999999999,0.001,-0.32071606129167396
0.06599999999999999,0.501,-0.36998893276390865
0.06599999999999999,1.001,-0.4681018421130083
0.06599999999999999,1.501,-0.6289345918387819
0.06599999999999999,2.001,-0.40424525620240365
0.06599999999999999,2.501,-0.2814731812734036
0.06599999999999999,3.001,-0.2061559705579822
0.06599999999999999,3.501,-0.15630940456256606
0.06599999999999999,4.0009999999999994,-0.12150332529591275
0.06599999999999999,4.5009999999999994,-0.09621145774646316
0.06599999999999999,5.0009999999999994,-0.0772597011845966
0.06599999999999999,5.5009999999999994,-0.06270888760922899
0.06599999999999999,6.0009999999999994,-0.051315039457004004
0.06599999999999999,6.5009999999999994,-0.0422478920837262
0.06599999999999999,7.0009999999999994,-0.03493481679246763
0.06599999999999999,7.5009999999999994,-0.028969806809947277
0.06599999999999999,8.001,-0.024058118969722278
0.06599999999999999,8.501,-0.01998137465888592
0.06599999999999999,9.001,-0.016574869762121674
0.06599999999999999,9.501,-0.013712421223534433
0.06599999999999999,10.001,-0.011296005517566113
0.06599999999999999,10.501,-0.009248524247313032
0.06599999999999999,11.001,-0.007508658165417688
0.06599999999999999,11.501,-0.006027145038890196
0.06599999999999999,12.001,-0.004764046466401467
0.06599999999999999,12.501,-0.0036867132270566455
0.06599999999999999,13.001,-0.002768251619069788
0.06599999999999999,13.501,-0.001986354155206961
0.06599999999999999,14.001,-0.001322398653431714
0.06599999999999999,14.501,-0.0007607473730677494
0.06599999999999999,15.001,-0.00028819687986887665
0.06599999999999999,15.501,0.00010645737150716261
0.06599999999999999,16.000999999999998,0.0004327683266549757
0.06599999999999999,16.500999999999998,0.0006989163274487287
0.06599999999999999,17.000999999999998,0.0009119347546951567
0.06599999999999999,17.500999999999998,0.001077893671307617
0.06599999999999999,18.000999999999998,0.0012020501675344929
0.06599999999999999,18.500999999999998,0.0012889721297937307
0.06599999999999999,19.000999999999998,0.0013426406638518962
0.06599999999999999,19.500999999999998,0.0013665352714442199
0.06599999999999999,20.000999999999998,0.0013637050138405968
0.06599999999999999,20.500999999999998,0.0013368282289926876
0.06599999999999999,21.000999999999998,0.0012882628515828373
0.06599999999999999,21.500999999999998,0.0012200889814296331
0.06599999999999999,22.000999999999998,0.0011341450284229615
0.06599999999999999,22.500999999999998,0.0010320585114912476
0.06599999999999999,23.000999999999998,0.000915272389924511
0.06599999999999999,23.500999999999998,0.0007850676462804462
0.06599999999999999,24.000999999999998,0.0006425827123991423
0.06599999999999999,24.500999999999998,0.0004888302270250958
0.06599999999999999,25.000999999999998,0.00032471153004652586
0.06599999999999999,25.500999999999998,0.00015102923042218525
0.06599999999999999,26.000999999999998,-0.00003150187069739046
0.06599999999999999,26.500999999999998,-0.00022224526572359182
0.06599999999999999,27.000999999999998,-0.000420634436899877
0.06599999999999999,27.500999999999998,-0.0006261655957997894
0.06599999999999999,28.000999999999998,-0.0008383913245516295
0.06599999999999999,28.500999999999998,-0.001056914998785928
0.06599999999999999,29.000999999999998,-0.001281385890256493
0.06599999999999999,29.500999999999998,-0.001511494862165931
0.06599999999999999,30.000999999999998,-0.0017469705829038992
0.06599999999999999,30.500999999999998,-0.0019875761946236137
0.06599999999999999,31.000999999999998,-0.0022331063821598475
0.06599999999999999,31.500999999999998,-0.0024833847955136393
0.06599999999999999,32.001,-0.0027382617857151584
0.06599999999999999,32.501,-0.002997612419523803
0.06599999999999999,33.001,-0.003261334743279838
0.06599999999999999,33.501,-0.0035293482704139706
0.06599999999999999,34.001,-0.0038015926707694464
0.06599999999999999,34.501,-0.004078026643065506
0.06599999999999999,35.001,-0.004358626954633481
0.06599999999999999,35.501,-0.004643387635026721
0.06599999999999999,36.001,-0.004932319312320271
0.06599999999999999,36.501,-0.005225448682912713
0.06599999999999999,37.001,-0.005522818107462475
0.06599999999999999,37.501,-0.005824485327289498
0.06599999999999999,38.001,-0.006130523297152961
0.06599999999999999,38.501,-0.006441020131847712
0.06599999999999999,39.001,-0.006756079165550582
0.06599999999999999,39.501,-0.007075819124328232
0.071,0.001,-0.3398314237651502
0.071,0.501,-0.39604273360352593
0.071,1.001,-0.5175681559343255
0.071,1.501,-0.6117556086362465
0.071,2.001,-0.3912360564589518
0.071,2.501,-0.2710446070898729
0.071,3.001,-0.1974897738278068
0.071,3.501,-0.14892701244803672
0.071,4.0009999999999994,-0.11509982812534472
0.071,4.5009999999999994,-0.09058024136927714
0.071,5.0009999999999994,-0.0722540821494474
0.071,5.5009999999999994,-0.05822086010132144
0.071,6.0009999999999994,-0.047262707197618284
0.071,6.5009999999999994,-0.038567639139174124
0.071,7.0009999999999994,-0.031576218721808096
0.071,7.5009999999999994,-0.025892203838312228
0.071,8.001,-0.021228238219738238
0.071,8.501,-0.017371637375807894
0.071,9.001,-0.014162159058876175
0.071,9.501,-0.011477167395848538
0.071,10.001,-0.00922149529240232
0.071,10.501,-0.007320371087419501
0.071,11.001,-0.005714390466911523
0.071,11.501,-0.004355882002329531
0.071,12.001,-0.0032062401056577733
0.071,12.501,-0.0022339409208728903
0.071,13.001,-0.0014130477464194824
0.071,13.501,-0.0007220722820911393
0.071,14.001,-0.00014309783998738695
0.071,14.501,0.00033890230100505625
0.071,15.001,0.000736599587108578
0.071,15.501,0.0010607330996861564
0.071,16.000999999999998,0.0013204466398583636
0.071,16.500999999999998,0.001523559341703215
0.071,17.000999999999998,0.001676784384281385
0.071,17.500999999999998,0.001785906870211726
0.071,18.000999999999998,0.001855929348903329
0.071,18.500999999999998,0.0018911915302361124
0.071,19.000999999999998,0.001895469280168885
0.071,19.500999999999998,0.0018720568862934384
0.071,20.000999999999998,0.0018238357376705108
0.071,20.500999999999998,0.0017533319135775022
0.071,21.000999999999998,0.0016627646719984679
0.071,21.500999999999998,0.0015540874355474896
0.071,22.000999999999998,0.0014290225637994675
0.071,22.500999999999998,0.001289090957177913
0.071,23.000999999999998,0.0011356373439179099
0.071,23.500999999999998,0.0009698519470087985
0.071,24.000999999999998,0.000792789103965439
0.071,24.500999999999998,0.0006053833122439062
0.071,25.000999999999998,0.00040846309208022666
0.071,25.500999999999998,0.00020276299260985065
0.071,26.000999999999998,-0.00001106598675701398
0.071,26.500999999999998,-0.00023244733192364503
0.071,27.000999999999998,-0.00046087111528528985
0.071,27.500999999999998,-0.0006958871012344367
0.071,28.000999999999998,-0.0009370987197046404
0.071,28.500999999999998,-0.0011841577922889063
0.071,29.000999999999998,-0.0014367599128528134
0.071,29.500999999999998,-0.0016946403991664888
0.071,30.000999999999998,-0.001957570744362716
0.071,30.500999999999998,-0.0022253555074100845
0.071,31.000999999999998,-0.0024978295905939453
0.071,31.500999999999998,-0.002774855859492804
0.071,32.001,-0.003056323067342887
0.071,32.501,-0.003342144051184359
0.071,33.001,-0.0036322541719272846
0.071,33.501,-0.003926609974591386
0.071,34.001,-0.004225188048568949
0.071,34.501,-0.0045279840709242635
0.071,35.001,-0.004835012018538712
0.071,35.501,-0.005146303537435212
0.071,36.001,-0.005461907459886749
0.071,36.501,-0.005781889462016597
0.071,37.001,-0.00610633185655246
0.071,37.501,-0.0064353335172632545
0.071,38.001,-0.006769009933419709
0.071,38.501,-0.00710749339440734
0.071,39.001,-0.007450933306444082
0.071,39.501,-0.007799496645234084
0.076,0.001,-0.3585946954962916
0.076,0.501,-0.4221885750857205
0.076,1.001,-0.5733585304363885
0.076,1.501,-0.5958625194567276
0.076,2.001,-0.37922571474588196
0.076,2.501,-0.2614367121147353
0.076,3.001,-0.18952218759627343
0.076,3.501,-0.1421540215035202
0.076,4.0009999999999994,-0.1092374880041039
0.076,4.5009999999999994,-0.08543616624316534
0.076,5.0009999999999994,-0.06769170632240179
0.076,5.5009999999999994,-0.0541396405599434
0.076,6.0009999999999994,-0.04358641675706597
0.076,6.5009999999999994,-0.035237074067325555
0.076,7.0009999999999994,-0.028544459019938857
0.076,7.5009999999999994,-0.023121421668197237
0.076,8.001,-0.01868748347645846
0.076,8.501,-0.01503526127617423
0.076,9.001,-0.012008666651195182
0.076,9.501,-0.009488365838981008
0.076,10.001,-0.007381850687730868
0.076,10.501,-0.005616515299591881
0.076,11.001,-0.004134737732288979
0.076,11.501,-0.0028903271802470654
0.076,12.001,-0.0018459185159371665
0.076,12.501,-0.0009710352440616132
0.076,13.001,-0.0002406313155998846
0.076,13.501,0.00036601917928248684
0.076,14.001,0.0008661763428606181
0.076,14.501,0.0012742982224798402
0.076,15.001,0.00160256112482067
0.076,15.501,0.001861270881534316
0.076,16.000999999999998,0.0020591904336258182
0.076,16.500999999999998,0.0022038026404422317
0.076,17.000999999999998,0.0023015225394245886
0.076,17.500999999999998,0.0023578698578751757
0.076,18.000999999999998,0.0023776100468056
0.076,18.500999999999998,0.0023648702189960624
0.076,19.000999999999998,0.002323234953081982
0.076,19.500999999999998,0.0022558258482507226
0.076,20.000999999999998,0.0021653678908667272
0.076,20.500999999999998,0.0020542450605936513
0.076,21.000999999999998,0.0019245471123874591
0.076,21.500999999999998,0.0017781090875731986
0.076,22.000999999999998,0.0016165448064584115
0.076,22.500999999999998,0.0014412753575144578
0.076,23.000999999999998,0.00125355340966205
0.076,23.500999999999998,0.0010544840237624396
0.076,24.000999999999998,0.0008450425187589376
0.076,24.500999999999998,0.0006260898506548068
0.076,25.000999999999998,0.0003983858837610238
0.076,25.500999999999998,0.00016260086960026565
0.076,26.000999999999998,-0.0000806746034722472
0.076,26.500999999999998,-0.0003309209697709842
0.076,27.000999999999998,-0.0005876821700940976
0.076,27.500999999999998,-0.0008505591042389515
0.076,28.000999999999998,-0.0011192039208527543
0.076,28.500999999999998,-0.0013933150334432542
0.076,29.000999999999998,-0.0016726327682470565
0.076,29.500999999999998,-0.0019569355638215102
0.076,30.000999999999998,-0.0022460366541493804
0.076,30.500999999999998,-0.0025397811771359392
0.076,31.000999999999998,-0.0028380436589379096
0.076,31.500999999999998,-0.003140725831868696
0.076,32.001,-0.003447754749876686
0.076,32.501,-0.003759081170989796
0.076,33.001,-0.0040746781807821306
0.076,33.501,-0.004394540035001844
0.076,34.001,-0.004718681203083455
0.076,34.501,-0.005047135597459049
0.076,35.001,-0.005379955976444105
0.076,35.501,-0.005717213511090634
0.076,36.001,-0.006058997508813502
0.076,36.501,-0.0064054152888733396
0.076,37.001,-0.006756592206990288
0.076,37.501,-0.007112671828511552
0.076,38.001,-0.007473816251716614
0.076,38.501,-0.007840206585065054
0.076,39.001,-0.008212043584526756
0.076,39.501,-0.008589548459643905
0.081,0.001,-0.3770290769626069
0.081,0.501,-0.4484577451233887
0.081,1.001,-0.6387676156611302
0.081,1.501,-0.5810958787385121
0.081,2.001,-0.36809019606570736
0.081,2.501,-0.2525474206419801
0.081,3.001,-0.18216616601966903
0.081,3.501,-0.13591435951645436
0.081,4.0009999999999994,-0.10384861933573977
0.081,4.5009999999999994,-0.08071817828202317
0.081,5.0009999999999994,-0.06351690349586119
0.081,5.5009999999999994,-0.05041402273121296
0.081,6.0009999999999994,-0.040238727277657316
0.081,6.5009999999999994,-0.032211977946850635
0.081,7.0009999999999994,-0.025798109246044365
0.081,7.5009999999999994,-0.020618473853710212
0.081,8.001,-0.01639902461720867
0.081,8.501,-0.012937335344929728
0.081,9.001,-0.010081201414262497
0.081,9.501,-0.007714376331724712
0.081,10.001,-0.005746837760568689
0.081,10.501,-0.004108004451077341
0.081,11.001,-0.0027419206246852568
0.081,11.501,-0.0016037795113479705
0.081,12.001,-0.0006573754871946613
0.081,12.501,0.0001267889591311938
0.081,13.001,0.0007729273808804588
0.081,13.501,0.001301053079857787
0.081,14.001,0.0017278124382975116
0.081,14.501,0.0020671319404305943
0.081,15.001,0.0023307250429806907
0.081,15.501,0.002528492552913625
0.081,16.000999999999998,0.0026688413288776663
0.081,16.500999999999998,0.0027589397930736833
0.081,17.000999999999998,0.002804924157919629
0.081,17.500999999999998,0.002812065919556482
0.081,18.000999999999998,0.0027849086937002387
0.081,18.500999999999998,0.0027273806229219377
0.081,19.000999999999998,0.002642887195907667
0.081,19.500999999999998,0.00253438826656191
0.081,20.000999999999998,0.002404462256619444
0.081,20.500999999999998,0.002255359906630422
0.081,21.000999999999998,0.0020890494607530424
0.081,21.500999999999998,0.0019072547969632946
0.081,22.000999999999998,0.0017114877209756987
0.081,22.500999999999998,0.0015030754107194016
0.081,23.000999999999998,0.0012831838145315475
0.081,23.500999999999998,0.0010528376596917396
0.081,24.000999999999998,0.0008129376104433587
0.081,24.500999999999998,0.0005642750199782477
0.081,25.000999999999998,0.00030754464423729533
0.081,25.500999999999998,0.000043355623085002126
0.081,26.000999999999998,-0.00022775901645800956
0.081,26.500999999999998,-0.0005053341219517782
0.081,27.000999999999998,-0.0007889652636117392
0.081,27.500999999999998,-0.0010783025184767925
0.081,28.000999999999998,-0.0013730450639686115
0.081,28.500999999999998,-0.0016729364737737146
0.081,29.000999999999998,-0.001977760625367815
0.081,29.500999999999998,-0.002287338142285704
0.081,30.000999999999998,-0.002601523305840979
0.081,30.500999999999998,-0.0029202013808361203
0.081,31.000999999999998,-0.003243286308151433
0.081,31.500999999999998,-0.0035707187242577376
0.081,32.001,-0.0039024642738396745
0.081,32.501,-0.004238512187030148
0.081,33.001,-0.00457887409740447
0.081,33.501,-0.004923583080961982
0.081,34.001,-0.005272692899955392
0.081,34.501,-0.005626277438710634
0.081,35.001,-0.005984430321567445
0.081,35.501,-0.006347264705868591
0.081,36.001,-0.0067149132455668475
0.081,36.501,-0.007087528223596016
0.081,37.001,-0.007465281853693523
0.081,37.501,-0.00784836675496506
0.081,38.001,-0.008236996605177679
0.081,38.501,-0.008631406981649499
0.081,39.001,-0.00903185640173216
0.081,39.501,-0.009438627578363314
0.08600000000000001,0.001,-0.3951548978295714
0.08600000000000001,0.501,-0.4748803628497892
0.08600000000000001,1.001,-0.7211676150259163
0.08600000000000001,1.501,-0.567324329937788
0.08600000000000001,2.001,-0.3577273239240093
0.08600000000000001,2.501,-0.2442926531274104
0.08600000000000001,3.001,-0.1753500165477802
0.08600000000000001,3.501,-0.13014537833284856
0.08600000000000001,4.0009999999999994,-0.09887748640459634
0.08600000000000001,4.5009999999999994,-0.07637600778535825
0.08600000000000001,5.0009999999999994,-0.05968384176377582
0.08600000000000001,5.5009999999999994,-0.04700185435147369
0.08600000000000001,6.0009999999999994,-0.037180590423749216
0.08600000000000001,6.5009999999999994,-0.02945595848098799
0.08600000000000001,7.0009999999999994,-0.02330307756401684
0.08600000000000001,7.5009999999999994,-0.018351281824228023
0.08600000000000001,8.001,-0.014332560912702685
0.08600000000000001,8.501,-0.011049141207713404
0.08600000000000001,9.001,-0.008352463160726145
0.08600000000000001,9.501,-0.006129177622408832
0.08600000000000001,10.001,-0.004291595022515249
0.08600000000000001,10.501,-0.002771034011134696
0.08600000000000001,11.001,-0.0015131022443824055
0.08600000000000001,11.501,-0.0004742916047578982
0.08600000000000001,12.001,0.00038051559195637075
0.08600000000000001,12.501,0.0010798983148518904
0.08600000000000001,13.001,0.0016472890269600487
0.08600000000000001,13.501,0.0021020324229181903
0.08600000000000001,14.001,0.0024601990495965245
0.08600000000000001,14.501,0.002735216623563713
0.08600000000000001,15.001,0.00293836428324995
0.08600000000000001,15.501,0.003079162747446164
0.08600000000000001,16.000999999999998,0.0031656846793589946
0.08600000000000001,16.500999999999998,0.0032048033494874104
0.08600000000000001,17.000999999999998,0.003202393199600223
0.08600000000000001,17.500999999999998,0.003163492625914824
0.08600000000000001,18.000999999999998,0.0030924368743446857
0.08600000000000001,18.500999999999998,0.002992967133219046
0.08600000000000001,19.000999999999998,0.002868320550198325
0.08600000000000001,19.500999999999998,0.0027213048704443216
0.08600000000000001,20.000999999999998,0.0025543606068205993
0.08600000000000001,20.500999999999998,0.0023696130481141373
0.08600000000000001,21.000999999999998,0.002168915942886802
0.08600000000000001,21.500999999999998,0.0019538883315005605
0.08600000000000001,22.000999999999998,0.0017259457125323174
0.08600000000000001,22.500999999999998,0.0014863265039418982
0.08600000000000001,23.000999999999998,0.001236114580190805
0.08600000000000001,23.500999999999998,0.0009762585236312224
0.08600000000000001,24.000999999999998,0.0007075881139744604
0.08600000000000001,24.500999999999998,0.00043082848741337124
0.08600000000000001,25.000999999999998,0.00014661232233954824
0.08600000000000001,25.500999999999998,-0.00014450965205727723
0.08600000000000001,26.000999999999998,-0.00044205957754646363
0.08600000000000001,26.500999999999998,-0.0007456246127990687
0.08600000000000001,27.000999999999998,-0.001054850130761082
0.08600000000000001,27.500999999999998,-0.0013694338223232648
0.08600000000000001,28.000999999999998,-0.0016891205840642576
0.08600000000000001,28.500999999999998,-0.0020136980869489354
0.08600000000000001,29.000999999999998,-0.0023429929388261786
0.08600000000000001,29.500999999999998,-0.002676867367003462
0.08600000000000001,30.000999999999998,-0.0030152163584987873
0.08600000000000001,30.500999999999998,-0.003357965205179822
0.08600000000000001,31.000999999999998,-0.0037050674091955067
0.08600000000000001,31.500999999999998,-0.004056502911138592
0.08600000000000001,32.001,-0.004412276609450948
0.08600000000000001,32.501,-0.004772417144881476
0.08600000000000001,33.001,-0.005136975928471552
0.08600000000000001,33.501,-0.0055060263956812835
0.08600000000000001,34.001,-0.005879663473038567
0.08600000000000001,34.501,-0.006258003247112953
0.08600000000000001,35.001,-0.0066411828288539185
0.08600000000000001,35.501,-0.007029360409397618
0.08600000000000001,36.001,-0.0074227155064595885
0.08600000000000001,36.501,-0.007821449403452495
0.08600000000000001,37.001,-0.008225785786553818
0.08600000000000001,37.501,-0.00863597158822698
0.08600000000000001,38.001,-0.009052278049206643
0.08600000000000001,38.501,-0.009475002014830272
0.08600000000000001,39.001,-0.009904467485946672
0.08600000000000001,39.501,-0.010341027449569336
0.09100000000000001,0.001,-0.41299011898494387
0.09100000000000001,0.501,-0.5014859224017045
0.09100000000000001,1.001,-0.8475133527006523
0.09100000000000001,1.501,-0.5544383509765061
0.09100000000000001,2.001,-0.3480519125064442
0.09100000000000001,2.501,-0.23660231774537066
0.09100000000000001,3.001,-0.1690139793988594
0.09100000000000001,3.501,-0.12479486243292098
0.09100000000000001,4.0009999999999994,-0.09427763980063691
0.09100000000000001,4.5009999999999994,-0.07236776504068795
0.09100000000000001,5.0009999999999994,-0.05615433349633121
0.09100000000000001,5.5009999999999994,-0.043868017513822646
0.09100000000000001,6.0009999999999994,-0.0343794778205522
0.09100000000000001,6.5009999999999994,-0.02693870325586578
0.09100000000000001,7.0009999999999994,-0.021030970947852903
0.09100000000000001,7.5009999999999994,-0.016293132408767078
0.09100000000000001,8.001,-0.012462862698157495
0.09100000000000001,8.501,-0.009346769670794822
0.09100000000000001,9.001,-0.006799726256878219
0.09100000000000001,9.501,-0.004711111510360078
0.09100000000000001,10.001,-0.002995432327680861
0.09100000000000001,10.501,-0.001585796162687933
0.09100000000000001,11.001,-0.00042928262056219496
0.09100000000000001,11.501,0.0005163938005080942
0.09100000000000001,12.001,0.0012853265741147868
0.09100000000000001,12.501,0.0019052299497031022
0.09100000000000001,13.001,0.0023988010740774585
0.09100000000000001,13.501,0.0027847552128637404
0.09100000000000001,14.001,0.003078620807257043
0.09100000000000001,14.501,0.003293356001844272
0.09100000000000001,15.001,0.003439831013400649
0.09100000000000001,15.501,0.003527208665467879
0.09100000000000001,16.000999999999998,0.003563246900719713
0.09100000000000001,16.500999999999998,0.003554540993766925
0.09100000000000001,17.000999999999998,0.003506718782130498
0.09100000000000001,17.500999999999998,0.0034245990131343967
0.09100000000000001,18.000999999999998,0.0033123205275530226
0.09100000000000001,18.500999999999998,0.0031734482300938838
0.09100000000000001,19.000999999999998,0.003011060466216131
0.09100000000000001,19.500999999999998,0.002827821416819823
0.09100000000000001,20.000999999999998,0.0026260413529178017
0.09100000000000001,20.500999999999998,0.002407727000820972
0.09100000000000001,21.000999999999998,0.0021746238103895555
0.09100000000000001,21.500999999999998,0.0019282515620836463
0.09100000000000001,22.000999999999998,0.0016699344687953824
0.09100000000000001,22.500999999999998,0.0014008267078642544
0.09100000000000001,23.000999999999998,0.0011219341437586142
0.09100000000000001,23.500999999999998,0.0008341328624698599
0.09100000000000001,24.000999999999998,0.0005381850269460201
0.09100000000000001,24.500999999999998,0.00023475247294781065
0.09100000000000001,25.000999999999998,-0.00007559160806154975
0.09100000000000001,25.500999999999998,-0.0003923526114946122
0.09100000000000001,26.000999999999998,-0.0007151058484474726
0.09100000000000001,26.500999999999998,-0.0010434890610506974
0.09100000000000001,27.000999999999998,-0.001377195957227309
0.09100000000000001,27.500999999999998,-0.0017159706246353025
0.09100000000000001,28.000999999999998,-0.0020596027058993396
0.09100000000000001,28.500999999999998,-0.002407923235866867
0.09100000000000001,29.000999999999998,-0.0027608010571956686
0.09100000000000001,29.500999999999998,-0.003118139743712195
0.09100000000000001,30.000999999999998,-0.0034798749720599403
0.09100000000000001,30.500999999999998,-0.0038459722915921805
0.09100000000000001,31.000999999999998,-0.004216425250539828
0.09100000000000001,31.500999999999998,-0.0045912538434480996
0.09100000000000001,32.001,-0.004970503250937626
0.09100000000000001,32.501,-0.005354242848175844
0.09100000000000001,33.001,-0.005742565463196122
0.09100000000000001,33.501,-0.0061355868704925445
0.09100000000000001,34.001,-0.006533445509276689
0.09100000000000001,34.501,-0.006936302419486243
0.09100000000000001,35.001,-0.007344341392212177
0.09100000000000001,35.501,-0.007757769334716986
0.09100000000000001,36.001,-0.008176816853765874
0.09100000000000001,36.501,-0.008601739064675694
0.09100000000000001,37.001,-0.009032816637391458
0.09100000000000001,37.501,-0.009470357095163147
0.09100000000000001,38.001,-0.009914696386113558
0.09100000000000001,38.501,-0.010366200753347148
0.09100000000000001,39.001,-0.010825268935405155
0.09100000000000001,39.501,-0.011292334736048557
0.09600000000000002,0.001,-0.4305507239120266
0.09600000000000002,0.501,-0.5283037604006112
0.09600000000000002,1.001,-1.0036737389693062
0.09600000000000002,1.501,-0.5423456528622038
0.09600000000000002,2.001,-0.338992185542755
0.09600000000000002,2.501,-0.22941736157553605
0.09600000000000002,3.001,-0.16310771136041322
0.09600000000000002,3.501,-0.11981882849782499
0.09600000000000002,4.0009999999999994,-0.09000995725298161
0.09600000000000002,4.5009999999999994,-0.06865817189390791
0.09600000000000002,5.0009999999999994,-0.052896221733748694
0.09600000000000002,5.5009999999999994,-0.0409829434081522
0.09600000000000002,6.0009999999999994,-0.03180800403599246
0.09600000000000002,6.5009999999999994,-0.024634695323894243
0.09600000000000002,7.0009999999999994,-0.01895789094957644
0.09600000000000002,7.5009999999999994,-0.014421543758873567
0.09600000000000002,8.001,-0.010768699228830003
0.09600000000000002,8.501,-0.007810103680970057
0.09600000000000002,9.001,-0.0054038719517047785
0.09600000000000002,9.501,-0.003441959678503026
0.09600000000000002,10.001,-0.0018409480439511294
0.09600000000000002,10.501,-0.0005356337185258991
0.09600000000000002,11.001,0.0005255137509346669
0.09600000000000002,11.501,0.0013836254086218719
0.09600000000000002,12.001,0.002071827641645825
0.09600000000000002,12.501,0.0026170182225432326
0.09600000000000002,13.001,0.0030412000084311733
0.09600000000000002,13.501,0.0033624939484284133
0.09600000000000002,14.001,0.0035959166049172597
0.09600000000000002,14.501,0.0037539827113111587
0.09600000000000002,15.001,0.003847176316181297
0.09600000000000002,15.501,0.0038843222274155403
0.09600000000000002,16.000999999999998,0.003872881108120285
0.09600000000000002,16.500999999999998,0.0038191855967714405
0.09600000000000002,17.000999999999998,0.0037286305005253817
0.09600000000000002,17.500999999999998,0.003605826951267696
0.09600000000000002,18.000999999999998,0.003454728082716449
0.09600000000000002,18.500999999999998,0.0032787320508150114
0.09600000000000002,19.000999999999998,0.0030807669156204913
0.09600000000000002,19.500999999999998,0.0028633609154206565
0.09600000000000002,20.000999999999998,0.0026287009103172637
0.09600000000000002,20.500999999999998,0.002378681193400782
0.09600000000000002,21.000999999999998,0.0021149444194905713
0.09600000000000002,21.500999999999998,0.0018389160523831685
0.09600000000000002,22.000999999999998,0.001551833458000803
0.09600000000000002,22.500999999999998,0.0012547705552376325
0.09600000000000002,23.000999999999998,0.0009486587653856279
0.09600000000000002,23.500999999999998,0.0006343048648237565
0.09600000000000002,24.000999999999998,0.00031240623658490563
0.09600000000000002,24.500999999999998,-0.00001643607140069253
0.09600000000000002,25.000999999999998,-0.0003517061445793973
0.09600000000000002,25.500999999999998,-0.0006929635774425742
0.09600000000000002,26.000999999999998,-0.0010398351945399252
0.09600000000000002,26.500999999999998,-0.0013920079233585292
0.09600000000000002,27.000999999999998,-0.0017492226573515013
0.09600000000000002,27.500999999999998,-0.002111268973643882
0.09600000000000002,28.000999999999998,-0.0024779805917545805
0.09600000000000002,28.500999999999998,-0.0028492314778548328
0.09600000000000002,29.000999999999998,-0.0032249325143337178
0.09600000000000002,29.500999999999998,-0.0036050286672976196
0.09600000000000002,30.000999999999998,-0.003989496595524101
0.09600000000000002,30.500999999999998,-0.0043783426536986025
0.09600000000000002,31.000999999999998,-0.0047716012507657835
0.09600000000000002,31.500999999999998,-0.0051693335311842024
0.09600000000000002,32.001,-0.005571626352982536
0.09600000000000002,32.501,-0.005978591541953293
0.09600000000000002,33.001,-0.00639036540624488
0.09600000000000002,33.501,-0.006807108500145865
0.09600000000000002,34.001,-0.007229005630132891
0.09600000000000002,34.501,-0.007656266100372807
0.09600000000000002,35.001,-0.008089124198954838
0.09600000000000002,35.501,-0.00852783993027871
0.09600000000000002,36.001,-0.00897270000335886
0.09600000000000002,36.501,-0.009424019090452294
0.09600000000000002,37.001,-0.009882141375507771
0.09600000000000002,37.501,-0.010347442417643212
0.09600000000000002,38.001,-0.010820331361363672
0.09600000000000002,38.501,-0.011301253532778308
0.09600000000000002,39.001,-0.011790693469942774
0.09600000000000002,39.501,-0.01228917844599104
0.10100000000000002,0.001,-0.44785102831250295
0.10100000000000002,0.501,-0.5553634757920834
0.10100000000000002,1.001,-0.9867851531433877
0.10100000000000002,1.501,-0.5309677325816262
0.10100000000000002,2.001,-0.3304870935599211
0.10100000000000002,2.501,-0.22268756162910353
0.10100000000000002,3.001,-0.157588400975288
0.10100000000000002,3.501,-0.11517987721185823
0.10100000000000002,4.0009999999999994,-0.08604117622952866
0.10100000000000002,4.5009999999999994,-0.06521723728483775
0.10100000000000002,5.0009999999999994,-0.049882171747239884
0.10100000000000002,5.5009999999999994,-0.03832150006708912
0.10100000000000002,6.0009999999999994,-0.029442895446170625
0.10100000000000002,6.5009999999999994,-0.022522251468264948
0.10100000000000002,7.0009999999999994,-0.017063532057563634
0.10100000000000002,7.5009999999999994,-0.012717416284551947
0.10100000000000002,8.001,-0.009232036031599028
0.10100000000000002,8.501,-0.006422056975480581
0.10100000000000002,9.001,-0.004148664026972074
0.10100000000000002,9.501,-0.002306252697098589
0.10100000000000002,10.001,-0.0008133682889874538
0.10100000000000002,10.501,0.00039359310380278345
0.10100000000000002,11.001,0.0013648459346863803
0.10100000000000002,11.501,0.002140428243860057
0.10100000000000002,12.001,0.0027525508356788797
0.10100000000000002,12.501,0.003227338500303212
0.10100000000000002,13.001,0.003586136791810232
0.10100000000000002,13.501,0.0038465039955576687
0.10100000000000002,14.001,0.004022972041073804
0.10100000000000002,14.501,0.004127635828626991
0.10100000000000002,15.001,0.004170613742448176
0.10100000000000002,15.501,0.004160410485352039
0.10100000000000002,16.000999999999998,0.004104205150426157
0.10100000000000002,16.500999999999998,0.004008081570615843
0.10100000000000002,17.000999999999998,0.003877213740466068
0.10100000000000002,17.500999999999998,0.003716016002414335
0.10100000000000002,18.000999999999998,0.003528265401996033
0.10100000000000002,18.500999999999998,0.0033172019131024067
0.10100000000000002,19.000999999999998,0.0030856109555394747
0.10100000000000002,19.500999999999998,0.0028358916590705916
0.10100000000000002,20.000999999999998,0.002570113589723576
0.10100000000000002,20.500999999999998,0.002290064086833233
0.10100000000000002,21.000999999999998,0.0019972879204398775
0.10100000000000002,21.500999999999998,0.0016931206370082233
0.10100000000000002,22.000999999999998,0.0013787166937549306
0.10100000000000002,22.500999999999998,0.001055073270986473
0.10100000000000002,23.000999999999998,0.0007230504847222721
0.10100000000000002,23.500999999999998,0.00038338858875076876
0.10100000000000002,24.000999999999998,0.00003672264867500552
0.10100000000000002,24.500999999999998,-0.0003164049152680759
0.10100000000000002,25.000999999999998,-0.000675533589181404
0.10100000000000002,25.500999999999998,-0.0010402755591633686
0.10100000000000002,26.000999999999998,-0.0014103078124908866
0.10100000000000002,26.500999999999998,-0.0017853653588529757
0.10100000000000002,27.000999999999998,-0.002165235415160104
0.10100000000000002,27.500999999999998,-0.002549752423117442
0.10100000000000002,28.000999999999998,-0.0029387937900576568
0.10100000000000002,28.500999999999998,-0.0033322762613497564
0.10100000000000002,29.000999999999998,-0.0037301528476397644
0.10100000000000002,29.500999999999998,-0.004132410242835283
0.10100000000000002,30.000999999999998,-0.004539066679493629
0.10100000000000002,30.500999999999998,-0.004950170177506326
0.10100000000000002,31.000999999999998,-0.00536579714997739
0.10100000000000002,31.500999999999998,-0.005786051337199653
0.10100000000000002,32.001,-0.00621106304587867
0.10100000000000002,32.501,-0.00664098867638958
0.10100000000000002,33.001,-0.0070760105260575384
0.10100000000000002,33.501,-0.007516336861361751
0.10100000000000002,34.001,-0.007962202256712032
0.10100000000000002,34.501,-0.00841386820216784
0.10100000000000002,35.001,-0.008871623987295026
0.10100000000000002,35.501,-0.009335787873425878
0.10100000000000002,36.001,-0.009806708572048316
0.10100000000000002,36.501,-0.010284767053083958
0.10100000000000002,37.001,-0.010770378713616146
0.10100000000000002,37.501,-0.0112639959454395
0.10100000000000002,38.001,-0.011766111148914005
0.10100000000000002,38.501,-0.01227726025138284
0.10100000000000002,39.001,-0.012798026801308747
0.10100000000000002,39.501,-0.013329046724870843
0.10600000000000002,0.001,-0.4649039282724806
0.10600000000000002,0.501,-0.5826953238537128
0.10600000000000002,1.001,-0.9708210780025304
0.10600000000000002,1.501,-0.5202372488274781
0.10600000000000002,2.001,-0.32248427155727966
0.10600000000000002,2.501,-0.21636984326211728
0.10600000000000002,3.001,-0.15241933378957762
0.10600000000000002,3.501,-0.11084593869158958
0.10600000000000002,4.0009999999999994,-0.08234277704624546
0.10600000000000002,4.5009999999999994,-0.062019249207249556
0.10600000000000002,5.0009999999999994,-0.047088751358189324
0.10600000000000002,5.5009999999999994,-0.03586214593597982
0.10600000000000002,6.0009999999999994,-0.027264205583615184
0.10600000000000002,6.5009999999999994,-0.020582790403992073
0.10600000000000002,7.0009999999999994,-0.015330495664060933
0.10600000000000002,7.5009999999999994,-0.011164386664251638
0.10600000000000002,8.001,-0.007837424264687797
0.10600000000000002,8.501,-0.005167994894256678
0.10600000000000002,9.001,-0.0030201977885659648
0.10600000000000002,9.501,-0.001290744417026174
0.10600000000000002,10.001,0.00009995565180193067
0.10600000000000002,10.501,0.0012139882906196907
0.10600000000000002,11.001,0.002100318973767862
0.10600000000000002,11.501,0.00279794843782169
0.10600000000000002,12.001,0.003338218585100139
0.10600000000000002,12.501,0.0037465206433561077
0.10600000000000002,13.001,0.004043576383504064
0.10600000000000002,13.501,0.004246410110876661
0.10600000000000002,14.001,0.004369093809950431
0.10600000000000002,14.501,0.004423323909263727
0.10600000000000002,15.001,0.004418871701771444
0.10600000000000002,15.501,0.00436393800563277
0.10600000000000002,16.000999999999998,0.004265434567048268
0.10600000000000002,16.500999999999998,0.004129208931020291
0.10600000000000002,17.000999999999998,0.0039602253325072626
0.10600000000000002,17.500999999999998,0.0037627111131182736
0.10600000000000002,18.000999999999998,0.003540275921536211
0.10600000000000002,18.500999999999998,0.003296009283810221
0.10600000000000002,19.000999999999998,0.003032560874650616
0.10600000000000002,19.500999999999998,0.0027522068712149336
0.10600000000000002,20.000999999999998,0.0024569050467923848
0.10600000000000002,20.500999999999998,0.0021483407056937034
0.10600000000000002,21.000999999999998,0.0018279651306302089
0.10600000000000002,21.500999999999998,0.0014970278792012515
0.10600000000000002,22.000999999999998,0.0011566040040155434
0.10600000000000002,22.500999999999998,0.0008076170645340275
0.10600000000000002,23.000999999999998,0.0004508586352081484
0.10600000000000002,23.500999999999998,0.00008700488423930841
0.10600000000000002,24.000999999999998,-0.00028336930692663374
0.10600000000000002,24.500999999999998,-0.0006597782971354132
0.10600000000000002,25.000999999999998,-0.001041815393628881
0.10600000000000002,25.500999999999998,-0.0014291440513132248
0.10600000000000002,26.000999999999998,-0.00182149034470449
0.10600000000000002,26.500999999999998,-0.0022186365308868167
0.10600000000000002,27.000999999999998,-0.002620415552152172
0.10600000000000002,27.500999999999998,-0.0030267063520933724
0.10600000000000002,28.000999999999998,-0.00343742989980457
0.10600000000000002,28.500999999999998,-0.003852545834331658
0.10600000000000002,29.000999999999998,-0.004272049656215068
0.10600000000000002,29.500999999999998,-0.004695970405469853
0.10600000000000002,30.000999999999998,-0.0051243687760034115
0.10600000000000002,30.500999999999998,-0.005557335625714199
0.10600000000000002,31.000999999999998,-0.005994990849571825
0.10600000000000002,31.500999999999998,-0.006437482590143838
0.10600000000000002,32.001,-0.006884986766500404
0.10600000000000002,32.501,-0.007337706908388128
0.10600000000000002,33.001,-0.007795874288193047
0.10600000000000002,33.501,-0.008259748348660438
0.10600000000000002,34.001,-0.008729617429774919
0.10600000000000002,34.501,-0.009205799803774624
0.10600000000000002,35.001,-0.009688645033148292
0.10600000000000002,35.501,-0.010178535672832403
0.10600000000000002,36.001,-0.010675889344890284
0.10600000000000002,36.501,-0.01118116122196356
0.10600000000000002,37.001,-0.01169484696503565
0.10600000000000002,37.501,-0.012217486171899085
0.10600000000000002,38.001,-0.012749666405617283
0.10600000000000002,38.501,-0.013292027887795765
0.10600000000000002,39.001,-0.013845268960347157
0.10600000000000002,39.501,-0.0144101524425864
0.11100000000000003,0.001,-0.48172110150407105
0.11100000000000003,0.501,-0.6103306020953397
0.11100000000000003,1.001,-0.9556985552622448
0.11100000000000003,1.501,-0.5100959952155474
0.11100000000000003,2.001,-0.3149384617133325
0.11100000000000003,2.501,-0.21042698153273262
0.11100000000000003,3.001,-0.14756878438610152
0.11100000000000003,3.501,-0.10678930371213155
0.11100000000000003,4.0009999999999994,-0.0788901204566139
0.11100000000000003,4.5009999999999994,-0.05904199639150451
0.11100000000000003,5.0009999999999994,-0.044495720884289214
0.11100000000000003,5.5009999999999994,-0.033586276411034
0.11100000000000003,6.0009999999999994,-0.02525470940448346
0.11100000000000003,6.5009999999999994,-0.018800267878782168
0.11100000000000003,7.0009999999999994,-0.013743760525092075
0.11100000000000003,7.5009999999999994,-0.009748329241577286
0.11100000000000003,8.001,-0.006571529425642819
0.11100000000000003,8.501,-0.004035287388190725
0.11100000000000003,9.001,-0.0020064748459983905
0.11100000000000003,9.501,-0.0003840063748562911
0.11100000000000003,10.001,0.0009099351313355594
0.11100000000000003,10.501,0.0019359916342169686
0.11100000000000003,11.001,0.0027419406653581557
0.11100000000000003,11.501,0.0033657963836336464
0.11100000000000003,12.001,0.0038380742999151313
0.11100000000000003,12.501,0.00418346797650688
0.11100000000000003,13.001,0.004422105923500466
0.11100000000000003,13.501,0.004570504582737375
0.11100000000000003,14.001,0.004642298469394915
0.11100000000000003,14.501,0.004648804984864183
0.11100000000000003,15.001,0.00459946523406779
0.11100000000000003,15.501,0.004502190909039153
0.11100000000000003,16.000999999999998,0.004363639346346787
0.11100000000000003,16.500999999999998,0.004189433184522241
0.11100000000000003,17.000999999999998,0.003984336943864476
0.11100000000000003,17.500999999999998,0.0037523998555815917
0.11100000000000003,18.000999999999998,0.003497072059353611
0.11100000000000003,18.500999999999998,0.0032212996460208067
0.11100000000000003,19.000999999999998,0.0029276027898115717
0.11100000000000003,19.500999999999998,0.002618140282412855
0.11100000000000003,20.000999999999998,0.002294763070726444
0.11100000000000003,20.500999999999998,0.001959058854709664
0.11100000000000003,21.000999999999998,0.001612389380081805
0.11100000000000003,21.500999999999998,0.0012559217326528135
0.11100000000000003,22.000999999999998,0.0008906546842380736
0.11100000000000003,22.500999999999998,0.0005174409379331002
0.11100000000000003,23.000999999999998,0.00013700596040029656
0.11100000000000003,23.500999999999998,-0.00025003603864885704
0.11100000000000003,24.000999999999998,-0.0006431685216010535
0.11100000000000003,24.500999999999998,-0.0010419610565897894
0.11100000000000003,25.000999999999998,-0.0014460594598331641
0.11100000000000003,25.500999999999998,-0.001855177390698036
0.11100000000000003,26.000999999999998,-0.002269089187481005
0.11100000000000003,26.500999999999998,-0.0026876237679348478
0.11100000000000003,27.000999999999998,-0.0031106594482770223
0.11100000000000003,27.500999999999998,-0.0035381195590199824
0.11100000000000003,28.000999999999998,-0.003969968756482353
0.11100000000000003,28.500999999999998,-0.004406209946039158
0.11100000000000003,29.000999999999998,-0.004846881747703237
0.11100000000000003,29.500999999999998,-0.005292056447020524
0.11100000000000003,30.000999999999998,-0.0057418383849275195
0.11100000000000003,30.500999999999998,-0.006196362749517275
0.11100000000000003,31.000999999999998,-0.006655794740888468
0.11100000000000003,31.500999999999998,-0.007120329087668971
0.11100000000000003,32.001,-0.007590189900625474
0.11100000000000003,32.501,-0.008065630855206375
0.11100000000000003,33.001,-0.008546935701097977
0.11100000000000003,33.501,-0.009034419103094875
0.11100000000000003,34.001,-0.009528427823970759
0.11100000000000003,34.501,-0.010029342266800773
0.11100000000000003,35.001,-0.010537578401528237
0.11100000000000003,35.501,-0.011053590108761672
0.11100000000000003,36.001,-0.011577871983100278
0.11100000000000003,36.501,-0.012110962649110942
0.11100000000000003,37.001,-0.012653448655807455
0.11100000000000003,37.501,-0.013205969030722763
0.11100000000000003,38.001,-0.013769220593055319
0.11100000000000003,38.501,-0.014343964147864222
0.11100000000000003,39.001,-0.014931031711002338
0.11100000000000003,39.501,-0.015531334948972601
0.11600000000000003,0.001,-0.4983131722560812
0.11600000000000003,0.501,-0.6383020435868488
0.11600000000000003,1.001,-0.9413453813389147
0.11600000000000003,1.501,-0.500493314593087
0.11600000000000003,2.001,-0.3078102793940545
0.11600000000000003,2.501,-0.20482658525265834
0.11600000000000003,3.001,-0.1430091496466128
0.11600000000000003,3.501,-0.10298586589639422
0.11600000000000003,4.0009999999999994,-0.07566177307886798
0.11600000000000003,4.5009999999999994,-0.056266159542999156
0.11600000000000003,5.0009999999999994,-0.042085477801682675
0.11600000000000003,5.5009999999999994,-0.03147771279144737
0.11600000000000003,6.0009999999999994,-0.023399429594669313
0.11600000000000003,6.5009999999999994,-0.0171607349368125
0.11600000000000003,7.0009999999999994,-0.012290268697405876
0.11600000000000003,7.5009999999999994,-0.008456966174478792
0.11600000000000003,8.001,-0.005422762875309545
0.11600000000000003,8.501,-0.0030129595613905963
0.11600000000000003,9.001,-0.0010970706935781865
0.11600000000000003,9.501,0.00042388926637816626
0.11600000000000003,10.001,0.0016260472780153107
0.11600000000000003,10.501,0.002568669188380307
0.11600000000000003,11.001,0.003298400412758279
0.11600000000000003,11.501,0.0038523149276587926
0.11600000000000003,12.001,0.004260140732737137
0.11600000000000003,12.501,0.004545906554788322
0.11600000000000003,13.001,0.004729175555828524
0.11600000000000003,13.501,0.004825980195711815
0.11600000000000003,14.001,0.004849538070150164
0.11600000000000003,14.501,0.004810805328959153
0.11600000000000003,15.001,0.00471890833818267
0.11600000000000003,15.501,0.004581483149050873
0.11600000000000003,16.000999999999998,0.004404944505624665
0.11600000000000003,16.500999999999998,0.004194700531504336
0.11600000000000003,17.000999999999998,0.003955325198573797
0.11600000000000003,17.500999999999998,0.00369069773483963
0.11600000000000003,18.000999999999998,0.003404115957804356
0.11600000000000003,18.500999999999998,0.0030983889057279793
0.11600000000000003,19.000999999999998,0.0027759129284896517
0.11600000000000003,19.500999999999998,0.0024387344843724984
0.11600000000000003,20.000999999999998,0.002088602191607003
0.11600000000000003,20.500999999999998,0.0017270101482364936
0.11600000000000003,21.000999999999998,0.0013552341202360436
0.11600000000000003,21.500999999999998,0.0009743618761371073
0.11600000000000003,22.000999999999998,0.0005853186946536831
0.11600000000000003,22.500999999999998,0.00018888887365403617
0.11600000000000003,23.000999999999998,-0.00021426608805664993
0.11600000000000003,23.500999999999998,-0.0006235920895344442
0.11600000000000003,24.000999999999998,-0.001038629360358305
0.11600000000000003,24.500999999999998,-0.0014590013607743424
0.11600000000000003,25.000999999999998,-0.0018844053478693987
0.11600000000000003,25.500999999999998,-0.0023146043590457216
0.11600000000000003,26.000999999999998,-0.0027494204071252665
0.11600000000000003,26.500999999999998,-0.003188728716718034
0.11600000000000003,27.000999999999998,-0.003632452860637847
0.11600000000000003,27.500999999999998,-0.004080560679318522
0.11600000000000003,28.000999999999998,-0.004533060886377848
0.11600000000000003,28.500999999999998,-0.0049900002804716985
0.11600000000000003,29.000999999999998,-0.005451461497997318
0.11600000000000003,29.500999999999998,-0.005917561253574538
0.11600000000000003,30.000999999999998,-0.006388449025978307
0.11600000000000003,30.500999999999998,-0.006864306156657049
0.11600000000000003,31.000999999999998,-0.007345345336486557
0.11600000000000003,31.500999999999998,-0.007831810464204496
0.11600000000000003,32.001,-0.00832397686731673
0.11600000000000003,32.501,-0.008822151883373854
0.11600000000000003,33.001,-0.009326675806592414
0.11600000000000003,33.501,-0.009837923212086444
0.11600000000000003,34.001,-0.010356304677676795
0.11600000000000003,34.501,-0.010882268931660336
0.11600000000000003,35.001,-0.011416305464297342
0.11600000000000003,35.501,-0.011958947651507092
0.11600000000000003,36.001,-0.012510776451742724
0.11600000000000003,36.501,-0.013072424751784205
0.11600000000000003,37.001,-0.013644582454907218
0.11600000000000003,37.501,-0.014228002426392005
0.11600000000000003,38.001,-0.014823507437716654
0.11600000000000003,38.501,-0.015431998283469191
0.11600000000000003,39.001,-0.016054463285847094
0.11600000000000003,39.501,-0.016691989453119026
0.12100000000000004,0.001,-0.5146898477406897
0.12100000000000004,0.501,-0.6666442324830668
0.12100000000000004,1.001,-0.9276983194596358
0.12100000000000004,1.501,-0.491384843863033
0.12100000000000004,2.001,-0.3010652363985351
0.12100000000000004,2.501,-0.1995402928565857
0.12100000000000004,3.001,-0.13871626275602175
0.12100000000000004,3.501,-0.09941452196299988
0.12100000000000004,4.0009999999999994,-0.07263897354969581
0.12100000000000004,4.5009999999999994,-0.05367482960446028
0.12100000000000004,5.0009999999999994,-0.039842617308125244
0.12100000000000004,5.5009999999999994,-0.029522297911689727
0.12100000000000004,6.0009999999999994,-0.021685261779451827
0.12100000000000004,6.5009999999999994,-0.015651988432985042
0.12100000000000004,7.0009999999999994,-0.010958597964864276
0.12100000000000004,7.5009999999999994,-0.007279559033364039
0.12100000000000004,8.001,-0.004380990360906542
0.12100000000000004,8.501,-0.00209141525326164
0.12100000000000004,9.001,-0.0002828717841601158
0.12100000000000004,9.501,0.0011416204815269115
0.12100000000000004,10.001,0.0022565747364788197
0.12100000000000004,10.501,0.0031199429678063217
0.12100000000000004,11.001,0.0037772897372030656
0.12100000000000004,11.501,0.0042647914405996995
0.12100000000000004,12.001,0.004611424266509345
0.12100000000000004,12.501,0.004840582249468803
0.12100000000000004,13.001,0.0049712888301266175
0.12100000000000004,13.501,0.005019114409875028
0.12100000000000004,14.001,0.004996878527506743
0.12100000000000004,14.501,0.0049151923944908
0.12100000000000004,15.001,0.004782881812955872
0.12100000000000004,15.501,0.004607319562770145
0.12100000000000004,16.000999999999998,0.004394688630663085
0.12100000000000004,16.500999999999998,0.004150192148766831
0.12100000000000004,17.000999999999998,0.0038782219359668607
0.12100000000000004,17.500999999999998,0.0035824946368251814
0.12100000000000004,18.000999999999998,0.0032661623178025373
0.12100000000000004,18.500999999999998,0.0029319027934371356
0.12100000000000004,19.000999999999998,0.002581993765190374
0.12100000000000004,19.500999999999998,0.0022183739562251087
0.12100000000000004,20.000999999999998,0.001842693740300702
0.12100000000000004,20.500999999999998,0.0014563572373922778
0.12100000000000004,21.000999999999998,0.001060557442643939
0.12100000000000004,21.500999999999998,0.0006563056396285682
0.12100000000000004,22.000999999999998,0.00024445610194227807
0.12100000000000004,22.500999999999998,-0.00017427310714910108
0.12100000000000004,23.000999999999998,-0.0005992825810848534
0.12100000000000004,23.500999999999998,-0.0010300767288500129
0.12100000000000004,24.000999999999998,-0.0014662512106125083
0.12100000000000004,24.500999999999998,-0.0019074822932082097
0.12100000000000004,25.000999999999998,-0.0023535178321409528
0.12100000000000004,25.500999999999998,-0.0028041696384453058
0.12100000000000004,26.000999999999998,-0.0032593070309752253
0.12100000000000004,26.500999999999998,-0.0037188514093351444
0.12100000000000004,27.000999999999998,-0.0041827717113090135
0.12100000000000004,27.500999999999998,-0.004651080642442847
0.12100000000000004,28.000999999999998,-0.005123831585378991
0.12100000000000004,28.500999999999998,-0.005601116113398273
0.12100000000000004,29.000999999999998,-0.0060830620469945335
0.12100000000000004,29.500999999999998,-0.006569832004765152
0.12100000000000004,30.000999999999998,-0.007061622410802312
0.12100000000000004,30.500999999999998,-0.007558662930539174
0.12100000000000004,31.000999999999998,-0.008061216315929515
0.12100000000000004,31.500999999999998,-0.008569578649200778
0.12100000000000004,32.001,-0.009084079982498938
0.12100000000000004,32.501,-0.009605085378767274
0.12100000000000004,33.001,-0.010132996367460076
0.12100000000000004,33.501,-0.01066825283741599
0.12100000000000004,34.001,-0.011211335398747801
0.12100000000000004,34.501,-0.011762768256265222
0.12100000000000004,35.001,-0.012323122649139998
0.12100000000000004,35.501,-0.012893020925779049
0.12100000000000004,36.001,-0.013473141339762714
0.12100000000000004,36.501,-0.014064223673055536
0.12100000000000004,37.001,-0.014667075817478507
0.12100000000000004,37.501,-0.015282581475956302
0.12100000000000004,38.001,-0.015911709182999174
0.12100000000000004,38.501,-0.016555522891526623
0.12100000000000004,39.001,-0.017215194433444714
0.12100000000000004,39.501,-0.017892018238448507
0.12600000000000003,0.001,-0.5308600319728969
0.12600000000000003,0.501,-0.6953940569443525
0.12600000000000003,1.001,-0.91470166932455
0.12600000000000003,1.501,-0.48273150983039714
0.12600000000000003,2.001,-0.29467295956972983
0.12600000000000003,2.501,-0.19454312913717103
0.12600000000000003,3.001,-0.1346688444663403
0.12600000000000003,3.501,-0.09605669200263992
0.12600000000000003,4.0009999999999994,-0.0698052055396739
0.12600000000000003,4.5009999999999994,-0.051253122470350576
0.12600000000000003,5.0009999999999994,-0.03775358088828196
0.12600000000000003,5.5009999999999994,-0.027707572770795552
0.12600000000000003,6.0009999999999994,-0.02010067482213236
0.12600000000000003,6.5009999999999994,-0.01426329158170253
0.12600000000000003,7.0009999999999994,-0.009738699922527988
0.12600000000000003,7.5009999999999994,-0.006206662227462106
0.12600000000000003,8.001,-0.0034372989866605225
0.12600000000000003,8.501,-0.0012622160601322985
0.12600000000000003,9.001,0.0004441346525494265
0.12600000000000003,9.501,0.001776815832537082
0.12600000000000003,10.001,0.00280879729532367
0.12600000000000003,10.501,0.0035967745404386284
0.12600000000000003,11.001,0.004185278518063343
0.12600000000000003,11.501,0.004609627303314531
0.12600000000000003,12.001,0.004898078172012196
0.12600000000000003,12.501,0.005073418242762681
0.12600000000000003,13.001,0.0051541548475556725
0.12600000000000003,13.501,0.005155416527788198
0.12600000000000003,14.001,0.005089642141208758
0.12600000000000003,14.501,0.004967112985562988
0.12600000000000003,15.001,0.004796367351051309
0.12600000000000003,15.501,0.0045845261319692925
0.12600000000000003,16.000999999999998,0.0043375505270637285
0.12600000000000003,16.500999999999998,0.004060447434763439
0.12600000000000003,17.000999999999998,0.0037574342361370583
0.12600000000000003,17.500999999999998,0.003432071805047704
0.12600000000000003,18.000999999999998,0.0030873724839779737
0.12600000000000003,18.500999999999998,0.002725888202784764
0.12600000000000003,19.000999999999998,0.002349782747476714
0.12600000000000003,19.500999999999998,0.001960891301928308
0.12600000000000003,20.000999999999998,0.0015607697122171221
0.12600000000000003,20.500999999999998,0.001150735406968334
0.12600000000000003,21.000999999999998,0.0007319015083870895
0.12600000000000003,21.500999999999998,0.00030520535879505727
0.12600000000000003,22.000999999999998,-0.00012856755485881818
0.12600000000000003,22.500999999999998,-0.0005687634867013042
0.12600000000000003,23.000999999999998,-0.0010148434868703718
0.12600000000000003,23.500999999999998,-0.0014663691047286792
0.12600000000000003,24.000999999999998,-0.0019229903153748194
0.12600000000000003,24.500999999999998,-0.002384435321663915
0.12600000000000003,25.000999999999998,-0.0028505019463427247
0.12600000000000003,25.500999999999998,-0.0033210503796051866
0.12600000000000003,26.000999999999998,-0.0037959970888198635
0.12600000000000003,26.500999999999998,-0.004275309731244707
0.12600000000000003,27.000999999999998,-0.004759002938743426
0.12600000000000003,27.500999999999998,-0.005247134867015488
0.12600000000000003,28.000999999999998,-0.0057398044216184635
0.12600000000000003,28.500999999999998,-0.006237149089855121
0.12600000000000003,29.000999999999998,-0.0067393433220346854
0.12600000000000003,29.500999999999998,-0.00724659741823791
0.12600000000000003,30.000999999999998,-0.007759156887933365
0.12600000000000003,30.500999999999998,-0.0082773022599989
0.12600000000000003,31.000999999999998,-0.00880134933022243
0.12600000000000003,31.500999999999998,-0.009331649842509011
0.12600000000000003,32.001,-0.009868592609089248
0.12600000000000003,32.501,-0.01041260508431512
0.12600000000000003,33.001,-0.010964155416459145
0.12600000000000003,33.501,-0.011523755012637023
0.12600000000000003,34.001,-0.012091961663961544
0.12600000000000003,34.501,-0.012669383291779409
0.12600000000000003,35.001,-0.013256682391906215
0.12600000000000003,35.501,-0.01385458127289355
0.12600000000000003,36.001,-0.014463868207422001
0.12600000000000003,36.501,-0.015085404644104669
0.12600000000000003,37.001,-0.01572013366180683
0.12600000000000003,37.501,-0.016369089892041225
0.12600000000000003,38.001,-0.0170334111897439
0.12600000000000003,38.501,-0.017714352402322043
0.12600000000000003,39.001,-0.018413301676132192
0.12600000000000003,39.501,-0.019131799855110394
0.13100000000000003,0.001,-0.5468319215125255
0.13100000000000003,0.501,-0.7245912162253628
0.13100000000000003,1.001,-0.9023061116750126
0.13100000000000003,1.501,-0.4744987180501611
0.13100000000000003,2.001,-0.2886065596114854
0.13100000000000003,2.501,-0.1898129856574622
0.13100000000000003,3.001,-0.13084805988530057
0.13100000000000003,3.501,-0.09289593202787208
0.13100000000000003,4.0009999999999994,-0.06714585291644598
0.13100000000000003,4.5009999999999994,-0.04898786784342665
0.13100000000000003,5.0009999999999994,-0.03580637252258417
0.13100000000000003,5.5009999999999994,-0.026022515417714526
0.13100000000000003,6.0009999999999994,-0.018635468834964586
0.13100000000000003,6.5009999999999994,-0.012985148330576374
0.13100000000000003,7.0009999999999994,-0.008621688519483472
0.13100000000000003,7.5009999999999994,-0.005229923944704312
0.13100000000000003,8.001,-0.0025838090978555495
0.13100000000000003,8.501,-0.0005179029568184723
0.13100000000000003,9.001,0.00109103026449002
0.13100000000000003,9.501,0.0023362162589591062
0.13100000000000003,10.001,0.0032891465497773553
0.13100000000000003,10.501,0.004005313197544533
0.13100000000000003,11.001,0.0045282572224580805
0.13100000000000003,11.501,0.0048924746790081075
0.13100000000000003,12.001,0.005125534347750524
0.13100000000000003,12.501,0.005249642111600311
0.13100000000000003,13.001,0.005282811022998296
0.13100000000000003,13.501,0.005239746434018755
0.13100000000000003,14.001,0.005132522580461162
0.13100000000000003,14.501,0.004971104729485252
0.13100000000000003,15.001,0.004763755716406632
0.13100000000000003,15.501,0.004517355064025433
0.13100000000000003,16.000999999999998,0.004237651384914137
0.13100000000000003,16.500999999999998,0.003929463422499238
0.13100000000000003,17.000999999999998,0.0035968412316148557
0.13100000000000003,17.500999999999998,0.0032431961891679767
0.13100000000000003,18.000999999999998,0.0028714064571884468
0.13100000000000003,18.500999999999998,0.0024839029840842547
0.13100000000000003,19.000999999999998,0.0020827399787089057
0.13100000000000003,19.500999999999998,0.0016696529222952478
0.13100000000000003,20.000999999999998,0.0012461065214290495
0.13100000000000003,20.500999999999998,0.0008133344978148438
0.13100000000000003,21.000999999999998,0.0003723727188669132
0.13100000000000003,21.500999999999998,-0.00007591313118693321
0.13100000000000003,22.000999999999998,-0.0005308043779594929
0.13100000000000003,22.500999999999998,-0.0009917099067340875
0.13100000000000003,23.000999999999998,-0.0014581498089327287
0.13100000000000003,23.500999999999998,-0.0019297416164488317
0.13100000000000003,24.000999999999998,-0.0024061887092546776
0.13100000000000003,24.500999999999998,-0.0028872705574357546
0.13100000000000003,25.000999999999998,-0.0033728345200535192
0.13100000000000003,25.500999999999998,-0.0038627889730361645
0.13100000000000003,26.000999999999998,-0.004357097579039293
0.13100000000000003,26.500999999999998,-0.004855774545766495
0.13100000000000003,27.000999999999998,-0.005358880747067314
0.13100000000000003,27.500999999999998,-0.0058665206044061086
0.13100000000000003,28.000999999999998,-0.006378839645970996
0.13100000000000003,28.500999999999998,-0.00689602267751728
0.13100000000000003,29.000999999999998,-0.0074182925136519785
0.13100000000000003,29.500999999999998,-0.007945909231189263
0.13100000000000003,30.000999999999998,-0.008479169917886152
0.13100000000000003,30.500999999999998,-0.00901840890069994
0.13100000000000003,31.000999999999998,-0.009563998448060752
0.13100000000000003,31.500999999999998,-0.010116349950869942
0.13100000000000003,32.001,-0.010675915597341656
0.13100000000000003,32.501,-0.011243190567797559
0.13100000000000003,33.001,-0.011818715787467952
0.13100000000000003,33.501,-0.01240308128871799
0.13100000000000003,34.001,-0.012996930249438057
0.13100000000000003,34.501,-0.013600963792275454
0.13100000000000003,35.001,-0.014215946650745728
0.13100000000000003,35.501,-0.01484271383411001
0.13100000000000003,36.001,-0.015482178454546698
0.13100000000000003,36.501,-0.016135340919371133
0.13100000000000003,37.001,-0.01680329974012764
0.13100000000000003,37.501,-0.01748726427242158
0.13100000000000003,38.001,-0.018188569779486418
0.13100000000000003,38.501,-0.018908695314370946
0.13100000000000003,39.001,-0.01964928504806385
0.13100000000000003,39.501,-0.020412173844685882
0.13600000000000004,0.001,-0.5626130865683188
0.13600000000000004,0.501,-0.7542788015246344
0.13600000000000004,1.001,-0.890467766608565
0.13600000000000004,1.501,-0.4666556917401591
0.13600000000000004,2.001,-0.28284211669351556
0.13600000000000004,2.501,-0.18533019732162603
0.13600000000000004,3.001,-0.12723715730647037
0.13600000000000004,3.501,-0.08991761825906835
0.13600000000000004,4.0009999999999994,-0.06464791876915937
0.13600000000000004,4.5009999999999994,-0.046867355726426516
0.13600000000000004,5.0009999999999994,-0.0339903274770197
0.13600000000000004,5.5009999999999994,-0.024457328227512676
0.13600000000000004,6.0009999999999994,-0.017280578047023168
0.13600000000000004,6.5009999999999994,-0.01180911956766928
0.13600000000000004,7.0009999999999994,-0.0075996678171101895
0.13600000000000004,7.5009999999999994,-0.004341924016358134
0.13600000000000004,8.001,-0.0018135210673723146
0.13600000000000004,8.501,0.00014814897867549727
0.13600000000000004,9.001,0.0016641037407106596
0.13600000000000004,9.501,0.002825806830674765
0.13600000000000004,10.001,0.0037033318438590007
0.13600000000000004,10.501,0.004351016603214193
0.13600000000000004,11.001,0.004811452712236847
0.13600000000000004,11.501,0.005118347871519699
0.13600000000000004,12.001,0.005298610576142809
0.13600000000000004,12.501,0.005373889288423028
0.13600000000000004,13.001,0.005361723023210668
0.13600000000000004,13.501,0.005276411254326173
0.13600000000000004,14.001,0.0051296784827804115
0.13600000000000004,14.501,0.0049311868122083255
0.13600000000000004,15.001,0.00468893479427282
0.13600000000000004,15.501,0.004409570318039263
0.13600000000000004,16.000999999999998,0.004098637927912971
0.13600000000000004,16.500999999999998,0.003760775685746537
0.13600000000000004,17.000999999999998,0.003399872893371264
0.13600000000000004,17.500999999999998,0.003019197223355495
0.13600000000000004,18.000999999999998,0.002621497768742473
0.13600000000000004,18.500999999999998,0.0022090890098114407
0.13600000000000004,19.000999999999998,0.0017839195628919918
0.13600000000000004,19.500999999999998,0.0013476287207166288
0.13600000000000004,20.000999999999998,0.000901593142812851
0.13600000000000004,20.500999999999998,0.0004469655555229997
0.13600000000000004,21.000999999999998,-0.000015293063792998218
0.13600000000000004,21.500999999999998,-0.0004843866428640639
0.13600000000000004,22.000999999999998,-0.0009596615691914584
0.13600000000000004,22.500999999999998,-0.0014405878853607779
0.13600000000000004,23.000999999999998,-0.0019267435124230986
0.13600000000000004,23.500999999999998,-0.002417801004404599
0.13600000000000004,24.000999999999998,-0.002913516429483169
0.13600000000000004,24.500999999999998,-0.0034137200477610684
0.13600000000000004,25.000999999999998,-0.003918308515737226
0.13600000000000004,25.500999999999998,-0.004427238396555552
0.13600000000000004,26.000999999999998,-0.004940520795224994
0.13600000000000004,26.500999999999998,-0.005458216971106898
0.13600000000000004,27.000999999999998,-0.005980434807505625
0.13600000000000004,27.500999999999998,-0.006507326041348002
0.13600000000000004,28.000999999999998,-0.007039084175601229
0.13600000000000004,28.500999999999998,-0.0075759430140775585
0.13600000000000004,29.000999999999998,-0.008118175773173024
0.13600000000000004,29.500999999999998,-0.008666094738483279
0.13600000000000004,30.000999999999998,-0.009220051446570319
0.13600000000000004,30.500999999999998,-0.009780437383854809
0.13600000000000004,31.000999999999998,-0.01034768520607119
0.13600000000000004,31.500999999999998,-0.010922270493362918
0.13600000000000004,32.001,-0.011504714068301142
0.13600000000000004,32.501,-0.012095584917353297
0.13600000000000004,33.001,-0.012695503771102075
0.13600000000000004,33.501,-0.01330514741545212
0.13600000000000004,34.001,-0.01392525382587418
0.13600000000000004,34.501,-0.014556628240367901
0.13600000000000004,35.001,-0.015200150315449416
0.13600000000000004,35.501,-0.015856782544581307
0.13600000000000004,36.001,-0.016527580162082476
0.13600000000000004,36.501,-0.017213702810280028
0.13600000000000004,37.001,-0.017916428317020817
0.13600000000000004,37.501,-0.018637169019422903
0.13600000000000004,38.001,-0.01937749118439016
0.13600000000000004,38.501,-0.02013913822596628
0.13600000000000004,39.001,-0.020924058616630263
0.13600000000000004,39.501,-0.021734439651954665
0.14100000000000004,0.001,-0.5782105401591339
0.14100000000000004,0.501,-0.784503974513135
0.14100000000000004,1.001,-0.8791474198073697
0.14100000000000004,1.501,-0.4591749285811588
0.14100000000000004,2.001,-0.27735825780007306
0.14100000000000004,2.501,-0.18107719448105863
0.14100000000000004,3.001,-0.1238211714830467
0.14100000000000004,3.501,-0.08710868775677841
0.14100000000000004,4.0009999999999994,-0.06229979459165254
0.14100000000000004,4.5009999999999994,-0.04488112818024301
0.14100000000000004,5.0009999999999994,-0.03229592238797251
0.14100000000000004,5.5009999999999994,-0.0230032631801311
0.14100000000000004,6.0009999999999994,-0.016027908897723583
0.14100000000000004,6.5009999999999994,-0.010727672178616976
0.14100000000000004,7.0009999999999994,-0.006665590539946337
0.14100000000000004,7.5009999999999994,-0.003536040774242251
0.14100000000000004,8.001,-0.001120189485709376
0.14100000000000004,8.501,0.0007418498508996035
0.14100000000000004,9.001,0.002168964252073413
0.14100000000000004,9.501,0.0032509249198255374
0.14100000000000004,10.001,0.0040564436668512754
0.14100000000000004,10.501,0.00463874984107078
0.14100000000000004,11.001,0.005039523310935018
0.14100000000000004,11.501,0.005291714736228307
0.14100000000000004,12.001,0.005421598563270014
0.14100000000000004,12.501,0.005450287981864754
0.14100000000000004,13.001,0.005394866792631334
0.14100000000000004,13.501,0.005269244686887442
0.14100000000000004,14.001,0.005084810270330337
0.14100000000000004,14.501,0.004850934441622734
0.14100000000000004,15.001,0.004575361847781487
0.14100000000000004,15.501,0.00426451778737269
0.14100000000000004,16.000999999999998,0.003923750642618309
0.14100000000000004,16.500999999999998,0.0035575247251804915
0.14100000000000004,17.000999999999998,0.0031695746746495668
0.14100000000000004,17.500999999999998,0.0027630298202878656
0.14100000000000004,18.000999999999998,0.0023405149095856587
0.14100000000000004,18.500999999999998,0.0019042321173203189
0.14100000000000004,19.000999999999998,0.0014560281332479767
0.14100000000000004,19.500999999999998,0.0009974492844853425
0.14100000000000004,20.000999999999998,0.0005297870081012405
0.14100000000000004,20.500999999999998,0.00005411549870010246
0.14100000000000004,21.000999999999998,-0.0004286770228430839
0.14100000000000004,21.500999999999998,-0.0009178622673150366
0.14100000000000004,22.000999999999998,-0.0014128501393323306
0.14100000000000004,22.500999999999998,-0.0019131705619154643
0.14100000000000004,23.000999999999998,-0.002418458264462825
0.14100000000000004,23.500999999999998,-0.00292844004872643
0.14100000000000004,24.000999999999998,-0.0034429241382460674
0.14100000000000004,24.500999999999998,-0.003961791289825416
0.14100000000000004,25.000999999999998,-0.004484987404822213
0.14100000000000004,25.500999999999998,-0.005012517426237785
0.14100000000000004,26.000999999999998,-0.005544440347178971
0.14100000000000004,26.500999999999998,-0.006080865188993614
0.14100000000000004,27.000999999999998,-0.006621947834733008
0.14100000000000004,27.500999999999998,-0.007167888626705286
0.14100000000000004,28.000999999999998,-0.00771893065667448
0.14100000000000004,28.500999999999998,-0.00827535869454974
0.14100000000000004,29.000999999999998,-0.00883749871676481
0.14100000000000004,29.500999999999998,-0.009405718009620173
0.14100000000000004,30.000999999999998,-0.009980425836072455
0.14100000000000004,30.500999999999998,-0.010562074667320752
0.14100000000000004,31.000999999999998,-0.011151161993487084
0.14100000000000004,31.500999999999998,-0.01174823274120606
0.14100000000000004,32.001,-0.012353882340521045
0.14100000000000004,32.501,-0.012968760499706466
0.14100000000000004,33.001,-0.013593575765193152
0.14100000000000004,33.501,-0.01422910096545909
0.14100000000000004,34.001,-0.014876179663632826
0.14100000000000004,34.501,-0.015535733774901694
0.14100000000000004,35.001,-0.01620877254335494
0.14100000000000004,35.501,-0.016896403120826152
0.14100000000000004,36.001,-0.017599843050568102
0.14100000000000004,36.501,-0.01832043503516831
0.14100000000000004,37.001,-0.019059664466354827
0.14100000000000004,37.501,-0.019819180321611056
0.14100000000000004,38.001,-0.020600820199044106
0.14100000000000004,38.501,-0.021406640482075273
0.14100000000000004,39.001,-0.02223895291965704
0.14100000000000004,39.501,-0.02310036930523974
0.14600000000000005,0.001,-0.5936307974528646
0.14600000000000005,0.501,-0.8153187737443929
0.14600000000000005,1.001,-0.8683098819308784
0.14600000000000005,1.501,-0.4520317510077788
0.14600000000000005,2.001,-0.27213580683454763
0.14600000000000005,2.501,-0.1770382149406787
0.14600000000000005,3.001,-0.12058667800399264
0.14600000000000005,3.501,-0.08445742373361362
0.14600000000000005,4.0009999999999994,-0.060091069236933
0.14600000000000005,4.5009999999999994,-0.043019806972650135
0.14600000000000005,5.0009999999999994,-0.030714618087275547
0.14600000000000005,5.5009999999999994,-0.021652477267578296
0.14600000000000005,6.0009999999999994,-0.014870206055972307
0.14600000000000005,6.5009999999999994,-0.009734054144768078
0.14600000000000005,7.0009999999999994,-0.0058131410355994895
0.14600000000000005,7.5009999999999994,-0.002806340889091402
0.14600000000000005,8.001,-0.0004982190715686272
0.14600000000000005,8.501,0.0012684936337610253
0.14600000000000005,9.001,0.002610635297927863
0.14600000000000005,9.501,0.003616349684599618
0.14600000000000005,10.001,0.004353039182744568
0.14600000000000005,10.501,0.0048728673419217855
0.14600000000000005,11.001,0.005216637436058401
0.14600000000000005,11.501,0.005416572285053323
0.14600000000000005,12.001,0.005498336752530572
0.14600000000000005,12.501,0.005482529407842343
0.14600000000000005,13.001,0.005385796387562813
0.14600000000000005,13.501,0.005221672605437818
0.14600000000000005,14.001,0.005001223670826507
0.14600000000000005,14.501,0.004733540420249593
0.14600000000000005,15.001,0.004426123263568199
0.14600000000000005,15.501,0.004085183328077724
0.14600000000000005,16.000999999999998,0.003715880189643573
0.14600000000000005,16.500999999999998,0.0033225108535434103
0.14600000000000005,17.000999999999998,0.0029086609535405733
0.14600000000000005,17.500999999999998,0.0024773264476601886
0.14600000000000005,18.000999999999998,0.002031012111091808
0.14600000000000005,18.500999999999998,0.0015718116587131216
0.14600000000000005,19.000999999999998,0.0011014732309736416
0.14600000000000005,19.500999999999998,0.0006214531477364074
0.14600000000000005,20.000999999999998,0.00013296020420514032
0.14600000000000005,20.500999999999998,-0.000363007699853396
0.14600000000000005,21.000999999999998,-0.0008656331788204699
0.14600000000000005,21.500999999999998,-0.001374254098231456
0.14600000000000005,22.000999999999998,-0.0018883425263346298
0.14600000000000005,22.500999999999998,-0.0024074871740034642
0.14600000000000005,23.000999999999998,-0.0029313787372121057
0.14600000000000005,23.500999999999998,-0.003459797667948861
0.14600000000000005,24.000999999999998,-0.0039926039888010766
0.14600000000000005,24.500999999999998,-0.004529728838374138
0.14600000000000005,25.000999999999998,-0.005071167492996569
0.14600000000000005,25.500999999999998,-0.005616973657711598
0.14600000000000005,26.000999999999998,-0.006167254858686695
0.14600000000000005,26.500999999999998,-0.006722168801625253
0.14600000000000005,27.000999999999998,-0.00728192058804057
0.14600000000000005,27.500999999999998,-0.007846760704432014
0.14600000000000005,28.000999999999998,-0.008416983719472415
0.14600000000000005,28.500999999999998,-0.008992927642041904
0.14600000000000005,29.000999999999998,-0.009574973908984354
0.14600000000000005,29.500999999999998,-0.010163547986423133
0.14600000000000005,30.000999999999998,-0.010759120582886368
0.14600000000000005,30.500999999999998,-0.011362209486888465
0.14600000000000005,31.000999999999998,-0.011973382056506512
0.14600000000000005,31.500999999999998,-0.012593258404486201
0.14600000000000005,32.001,-0.013222515340100691
0.14600000000000005,32.501,-0.013861891149161747
0.14600000000000005,33.001,-0.0145121913171328
0.14600000000000005,33.501,-0.015174295328347673
0.14600000000000005,34.001,-0.015849164708355366
0.14600000000000005,34.501,-0.01653785251823004
0.14600000000000005,35.001,-0.01724151456178681
0.14600000000000005,35.501,-0.01796142263224875
0.14600000000000005,36.001,-0.018698980208432157
0.14600000000000005,36.501,-0.019455741117903096
0.14600000000000005,37.001,-0.020233431824016948
0.14600000000000005,37.501,-0.02103397817670815
0.14600000000000005,38.001,-0.02185953770945286
0.14600000000000005,38.501,-0.022712538889928184
0.14600000000000005,39.001,-0.023595729172776254
0.14600000000000005,39.501,-0.024512234308276513
0.15100000000000005,0.001,-0.6088799269672801
0.15100000000000005,0.501,-0.8467810881156541
0.15100000000000005,1.001,-0.8579234545435959
0.15100000000000005,1.501,-0.44520393129452335
0.15100000000000005,2.001,-0.26715749292932645
0.15100000000000005,2.501,-0.17319906388411607
0.15100000000000005,3.001,-0.11752158854939004
0.15100000000000005,3.501,-0.08195327660589852
0.15100000000000005,4.0009999999999994,-0.05801236968385928
0.15100000000000005,4.5009999999999994,-0.041274949933843987
0.15100000000000005,5.0009999999999994,-0.029238728613121212
0.15100000000000005,5.5009999999999994,-0.020397911996965126
0.15100000000000005,6.0009999999999994,-0.013800940772408073
0.15100000000000005,6.5009999999999994,-0.00882219046629161
0.15100000000000005,7.0009999999999994,-0.005036637753658424
0.15100000000000005,7.5009999999999994,-0.0021474875852651176
0.15100000000000005,8.001,0.000057422049971889155
0.15100000000000005,8.501,0.0017328403873108633
0.15100000000000005,9.001,0.002993632886932329
0.15100000000000005,9.501,0.003926376612080812
0.15100000000000005,10.001,0.004597213475824882
0.15100000000000005,10.501,0.005057281126096463
0.15100000000000005,11.001,0.0053465390937171425
0.15100000000000005,11.501,0.005496509656957055
0.15100000000000005,12.001,0.005532270967767289
0.15100000000000005,12.501,0.0054739262794086824
0.15100000000000005,13.001,0.005337700467583114
0.15100000000000005,13.501,0.0051367676905497706
0.15100000000000005,14.001,0.004881882612767145
0.15100000000000005,14.501,0.0045818664161737035
0.15100000000000005,15.001,0.004243984299412265
0.15100000000000005,15.501,0.003874241074844076
0.15100000000000005,16.000999999999998,0.0034776143712354074
0.15100000000000005,16.500999999999998,0.003058239890876252
0.15100000000000005,17.000999999999998,0.0026195595253971637
0.15100000000000005,17.500999999999998,0.002164440481543628
0.15100000000000005,18.000999999999998,0.001695271617958155
0.15100000000000005,18.500999999999998,0.001214041747235009
0.15100000000000005,19.000999999999998,0.0007224035749130789
0.15100000000000005,19.500999999999998,0.00022172613040208344
0.15100000000000005,20.000999999999998,-0.0002868620759812063
0.15100000000000005,20.500999999999998,-0.0008024374110556232
0.15100000000000005,21.000999999999998,-0.0013242515996111093
0.15100000000000005,21.500999999999998,-0.0018517072202178728
0.15100000000000005,22.000999999999998,-0.0023843373303985213
0.15100000000000005,22.500999999999998,-0.002921788510183071
0.15100000000000005,23.000999999999998,-0.0034638067511535905
0.15100000000000005,23.500999999999998,-0.004010225727945779
0.15100000000000005,24.000999999999998,-0.004560957077096153
0.15100000000000005,24.500999999999998,-0.0051159823789722406
0.15100000000000005,25.000999999999998,-0.0056753465959849606
0.15100000000000005,25.500999999999998,-0.006239152767267133
0.15100000000000005,26.000999999999998,-0.0068075577987607785
0.15100000000000005,26.500999999999998,-0.007380769219958429
0.15100000000000005,27.000999999999998,-0.007959042805841199
0.15100000000000005,27.500999999999998,-0.008542680985967117
0.15100000000000005,28.000999999999998,-0.009132031983159226
0.15100000000000005,28.500999999999998,-0.009727489642622815
0.15100000000000005,29.000999999999998,-0.010329493929273036
0.15100000000000005,29.500999999999998,-0.010938532087221682
0.15100000000000005,30.000999999999998,-0.011555140471349028
0.15100000000000005,30.500999999999998,-0.012179907077285404
0.15100000000000005,31.000999999999998,-0.012813474813564475
0.15100000000000005,31.500999999999998,-0.013456545578922556
0.15100000000000005,32.001,-0.014109885229495599
0.15100000000000005,32.501,-0.014774329546033055
0.15100000000000005,33.001,-0.015450791341408664
0.15100000000000005,33.501,-0.016140268885256104
0.15100000000000005,34.001,-0.016843855867499008
0.15100000000000005,34.501,-0.01756275317856805
0.15100000000000005,35.001,-0.0182982828547315
0.15100000000000005,35.501,-0.019051904627020392
0.15100000000000005,36.001,-0.01982523562821869
0.15100000000000005,36.501,-0.020620073963329214
0.15100000000000005,37.001,-0.021438427047383177
0.15100000000000005,37.501,-0.022282545878206196
0.15100000000000005,38.001,-0.0231549667662119
0.15100000000000005,38.501,-0.024058562525355084
0.15100000000000005,39.001,-0.024996605793415547
0.15100000000000005,39.501,-0.02597284807710782
0.15600000000000006,0.001,-0.6239635949818565
0.15600000000000006,0.501,-0.8789558493240275
0.15600000000000006,1.001,-0.8479594819684758
0.15600000000000006,1.501,-0.43867137696735886
0.15600000000000006,2.001,-0.2624077056995337
0.15600000000000006,2.501,-0.1695469124452512
0.15600000000000006,3.001,-0.11461497911333897
0.15600000000000006,3.501,-0.07958671386688115
0.15600000000000006,4.0009999999999994,-0.05605522745697547
0.15600000000000006,4.5009999999999994,-0.03963893045992631
0.15600000000000006,5.0009999999999994,-0.027861311335179502
0.15600000000000006,5.5009999999999994,-0.01923319232166018
0.15600000000000006,6.0009999999999994,-0.012814217237684389
0.15600000000000006,6.5009999999999994,-0.007986595874644065
0.15600000000000006,7.0009999999999994,-0.004330951460390697
0.15600000000000006,7.5009999999999994,-0.001554663669413557
0.15600000000000006,8.001,0.0005512750691515633
0.15600000000000006,8.501,0.0021391851985008425
0.15600000000000006,9.001,0.0033220310905959505
0.15600000000000006,9.501,0.0041848800186422555
0.15600000000000006,10.001,0.004792659283895384
0.15600000000000006,10.501,0.005195518016276355
0.15600000000000006,11.001,0.00543260278556322
0.15600000000000006,11.501,0.00553476090664283
0.15600000000000006,12.001,0.005526505248877208
0.15600000000000006,12.501,0.0054274618354043375
0.15600000000000006,13.001,0.0052534496471825926
0.15600000000000006,13.501,0.005017295220340463
0.15600000000000006,14.001,0.00472945355934281
0.15600000000000006,14.501,0.00439848593393094
0.15600000000000006,15.001,0.004031430776858899
0.15600000000000006,15.501,0.00363409393220486
0.15600000000000006,16.000999999999998,0.0032112774909713454
0.15600000000000006,16.500999999999998,0.0027669614564635875
0.15600000000000006,17.000999999999998,0.0023044488853394135
0.15600000000000006,17.500999999999998,0.0018264825329028928
0.15600000000000006,18.000999999999998,0.001335339107846431
0.15600000000000006,18.500999999999998,0.0008329058152408697
0.15600000000000006,19.000999999999998,0.0003207427995404466
0.15600000000000006,19.500999999999998,-0.0001998657052956071
0.15600000000000006,20.000999999999998,-0.0007278693229794617
0.15600000000000006,20.500999999999998,-0.0012624168518883677
0.15600000000000006,21.000999999999998,-0.0018028275852355856
0.15600000000000006,21.500999999999998,-0.0023485675477635803
0.15600000000000006,22.000999999999998,-0.0028992297809850576
0.15600000000000006,22.500999999999998,-0.0034545179808391363
0.15600000000000006,23.000999999999998,-0.004014232927524772
0.15600000000000006,23.500999999999998,-0.004578261255414051
0.15600000000000006,24.000999999999998,-0.005146566197546644
0.15600000000000006,24.500999999999998,-0.0057191800090515
0.15600000000000006,25.000999999999998,-0.006296197830587449
0.15600000000000006,25.500999999999998,-0.006877772799399023
0.15600000000000006,26.000999999999998,-0.007464112254092485
0.15600000000000006,26.500999999999998,-0.00805547491150111
0.15600000000000006,27.000999999999998,-0.008652168921475856
0.15600000000000006,27.500999999999998,-0.009254550729242146
0.15600000000000006,28.000999999999998,-0.009863024696084813
0.15600000000000006,28.500999999999998,-0.01047804344841255
0.15600000000000006,29.000999999999998,-0.011100108943393909
0.15600000000000006,29.500999999999998,-0.01172977425712752
0.15600000000000006,30.000999999999998,-0.01236764611930314
0.15600000000000006,30.500999999999998,-0.013014388237313566
0.15600000000000006,31.000999999999998,-0.013670725473502225
0.15600000000000006,31.500999999999998,-0.014337448962641164
0.15600000000000006,32.001,-0.015015422283841402
0.15600000000000006,32.501,-0.01570558883328188
0.15600000000000006,33.001,-0.016408980583062067
0.15600000000000006,33.501,-0.017126728459325426
0.15600000000000006,34.001,-0.017860074632450755
0.15600000000000006,34.501,-0.018610387087359043
0.15600000000000006,35.001,-0.019379176938032434
0.15600000000000006,35.501,-0.020168119074213967
0.15600000000000006,36.001,-0.020979076889710818
0.15600000000000006,36.501,-0.021814132054393472
0.15600000000000006,37.001,-0.02267562057518084
0.15600000000000006,37.501,-0.02356617677272496
0.15600000000000006,38.001,-0.024488787320509506
0.15600000000000006,38.501,-0.025446858211226157
0.15600000000000006,39.001,-0.026444298521048543
0.15600000000000006,39.501,-0.027485626272560106
0.16100000000000006,0.001,-0.6388871042498979
0.16100000000000006,0.501,-0.9119165135941623
0.16100000000000006,1.001,-0.8383919729681263
0.16100000000000006,1.501,-0.4324158652387351
0.16100000000000006,2.001,-0.25787228864461775
0.16100000000000006,2.501,-0.16607012768369372
0.16100000000000006,3.001,-0.11185694501514942
0.16100000000000006,3.501,-0.07734909337836204
0.16100000000000006,4.0009999999999994,-0.054211965889414925
0.16100000000000006,4.5009999999999994,-0.03810483582317045
0.16100000000000006,5.0009999999999994,-0.02657607423341124
0.16100000000000006,5.5009999999999994,-0.018152541355620954
0.16100000000000006,6.0009999999999994,-0.011904693567991856
0.16100000000000006,6.5009999999999994,-0.0072223011833214
0.16100000000000006,7.0009999999999994,-0.0036914362353225177
0.16100000000000006,7.5009999999999994,-0.0010235065917134356
0.16100000000000006,8.001,0.0009874518421537706
0.16100000000000006,8.501,0.002491416339457847
0.16100000000000006,9.001,0.0035995173416739495
0.16100000000000006,9.501,0.0043953657705484706
0.16100000000000006,10.001,0.004942717382579606
0.16100000000000006,10.501,0.00529076789389242
0.16100000000000006,11.001,0.005477879818403211
0.16100000000000006,11.501,0.005534249525844179
0.16100000000000006,12.001,0.0054838447242246645
0.16100000000000006,12.501,0.005345831187387198
0.16100000000000006,13.001,0.005135636426928637
0.16100000000000006,13.501,0.004865751683876145
0.16100000000000006,14.001,0.004546342891996583
0.16100000000000006,14.501,0.00418572054738954
0.16100000000000006,15.001,0.003790704234956893
0.16100000000000006,15.501,0.0033669077139986264
0.16100000000000006,16.000999999999998,0.0029189635379255757
0.16100000000000006,16.500999999999998,0.002450701251498065
0.16100000000000006,17.000999999999998,0.0019652896586018834
0.16100000000000006,17.500999999999998,0.0014653510707002132
0.16100000000000006,18.000999999999998,0.00095305354863498
0.16100000000000006,18.500999999999998,0.00043018574368437756
0.16100000000000006,19.000999999999998,-0.00010178210821763095
0.16100000000000006,19.500999999999998,-0.0006416482782964916
0.16100000000000006,20.000999999999998,-0.0011884385645322855
0.16100000000000006,20.500999999999998,-0.0017413725418982673
0.16100000000000006,21.000999999999998,-0.0022998357014754264
0.16100000000000006,21.500999999999998,-0.0028633564123638697
0.16100000000000006,22.000999999999998,-0.003431586855609639
0.16100000000000006,22.500999999999998,-0.00400428724855105
0.16100000000000006,23.000999999999998,-0.004581312811800381
0.16100000000000006,23.500999999999998,-0.0051626030376096185
0.16100000000000006,24.000999999999998,-0.0057481729037352144
0.16100000000000006,24.500999999999998,-0.006338105745865408
0.16100000000000006,25.000999999999998,-0.006932547557797784
0.16100000000000006,25.500999999999998,-0.007531702534698962
0.16100000000000006,26.000999999999998,-0.008135829713149759
0.16100000000000006,26.500999999999998,-0.008745240594054585
0.16100000000000006,27.000999999999998,-0.009360297662291517
0.16100000000000006,27.500999999999998,-0.009981413741380063
0.16100000000000006,28.000999999999998,-0.010609052143432853
0.16100000000000006,28.500999999999998,-0.011243727595140422
0.16100000000000006,29.000999999999998,-0.011886007940264696
0.16100000000000006,29.500999999999998,-0.012536516638923967
0.16100000000000006,30.000999999999998,-0.013195936104574257
0.16100000000000006,30.500999999999998,-0.013865011941926804
0.16100000000000006,31.000999999999998,-0.014544558174037478
0.16100000000000006,31.500999999999998,-0.01523546357563554
0.16100000000000006,32.001,-0.015938699263821708
0.16100000000000006,32.501,-0.016655327738401463
0.16100000000000006,33.001,-0.017386513614598396
0.16100000000000006,33.501,-0.018133536353801313
0.16100000000000006,34.001,-0.018897805377404965
0.16100000000000006,34.501,-0.01968087805016982
0.16100000000000006,35.001,-0.020484481150423565
0.16100000000000006,35.501,-0.021310536615201797
0.16100000000000006,36.001,-0.02216119257370568
0.16100000000000006,36.501,-0.023038860982900217
0.16100000000000006,37.001,-0.023946263584447274
0.16100000000000006,37.501,-0.02488648845586495
0.16100000000000006,38.001,-0.025863060195090187
0.16100000000000006,38.501,-0.026880027853262965
0.16100000000000006,39.001,-0.027942076263879487
0.16100000000000006,39.501,-0.02905466863931665
0.16600000000000006,0.001,-0.6536554278969913
0.16600000000000006,0.501,-0.9457469296027416
0.16600000000000006,1.001,-0.829197279572049
0.16600000000000006,1.501,-0.42642081756235645
0.16600000000000006,2.001,-0.2535383637684612
0.16600000000000006,2.501,-0.1627581282589253
0.16600000000000006,3.001,-0.10923847783122081
0.16600000000000006,3.501,-0.07523255582465174
0.16600000000000006,4.0009999999999994,-0.052475604440100465
0.16600000000000006,4.5009999999999994,-0.036666380869765036
0.16600000000000006,5.0009999999999994,-0.025377297211204297
0.16600000000000006,5.5009999999999994,-0.01715070800018481
0.16600000000000006,6.0009999999999994,-0.011067514756848196
0.16600000000000006,6.5009999999999994,-0.006524790795331498
0.16600000000000006,7.0009999999999994,-0.003113870923520695
0.16600000000000006,7.5009999999999994,-0.000550053349449714
0.16600000000000006,8.001,0.0013696869408732215
0.16600000000000006,8.501,0.002793064606697593
0.16600000000000006,9.001,0.0038294393451502456
0.16600000000000006,9.501,0.0045610160062618255
0.16600000000000006,10.001,0.0050504193240192286
0.16600000000000006,10.501,0.00534592463117102
0.16600000000000006,11.001,0.005485137583407171
0.16600000000000006,11.501,0.005497626204246722
0.16600000000000006,12.001,0.005406831971693674
0.16600000000000006,12.501,0.005231476385581007
0.16600000000000006,13.001,0.004986609057468953
0.16600000000000006,13.501,0.0046843975264436455
0.16600000000000006,14.001,0.004334728611594105
0.16600000000000006,14.501,0.003945670624017336
0.16600000000000006,15.001,0.0035238317383447793
0.16600000000000006,15.501,0.0030746400903110815
0.16600000000000006,16.000999999999998,0.002602564322519405
0.16600000000000006,16.500999999999998,0.0021112884294704655
0.16600000000000006,17.000999999999998,0.0016038512471654859
0.16600000000000006,17.500999999999998,0.0010827583829774862
0.16600000000000006,18.000999999999998,0.000550072509025324
0.16600000000000006,18.500999999999998,7.486554499728376e-6
0.16600000000000006,19.000999999999998,-0.0005436167051225509
0.16600000000000006,19.500999999999998,-0.0011021159459809193
0.16600000000000006,20.000999999999998,-0.0016671113587532274
0.16600000000000006,20.500999999999998,-0.002237891808895588
0.16600000000000006,21.000999999999998,-0.0028139077765996917
0.16600000000000006,21.500999999999998,-0.003394749030434331
0.16600000000000006,22.000999999999998,-0.003980126200693192
0.16600000000000006,22.500999999999998,-0.004569855585137068
0.16600000000000006,23.000999999999998,-0.005163846651650147
0.16600000000000006,23.500999999999998,-0.005762091807371188
0.16600000000000006,24.000999999999998,-0.0063646580880917835
0.16600000000000006,24.500999999999998,-0.006971680489879718
0.16600000000000006,25.000999999999998,-0.007583356720496624
0.16600000000000006,25.500999999999998,-0.008199943194081585
0.16600000000000006,26.000999999999998,-0.008821752130965435
0.16600000000000006,26.500999999999998,-0.009449149657109385
0.16600000000000006,27.000999999999998,-0.010082554826007457
0.16600000000000006,27.500999999999998,-0.010722439511110765
0.16600000000000006,28.000999999999998,-0.011369329139992869
0.16600000000000006,28.500999999999998,-0.012023804263510476
0.16600000000000006,29.000999999999998,-0.012686502974982049
0.16600000000000006,29.500999999999998,-0.013358124216830518
0.16600000000000006,30.000999999999998,-0.01403943203611839
0.16600000000000006,30.500999999999998,-0.014731260877027356
0.16600000000000006,31.000999999999998,-0.015434522028809065
0.16600000000000006,31.500999999999998,-0.016150211383597846
0.16600000000000006,32.001,-0.016879418701598613
0.16600000000000006,32.501,-0.01762333863402119
0.16600000000000006,33.001,-0.01838328381990205
0.16600000000000006,33.501,-0.019160700455952282
0.16600000000000006,34.001,-0.019957186844544384
0.16600000000000006,34.501,-0.020774515561842833
0.16600000000000006,35.001,-0.02161466006683704
0.16600000000000006,35.501,-0.022479826808053292
0.16600000000000006,36.001,-0.023372494199859088
0.16600000000000006,36.501,-0.024295460266007318
0.16600000000000006,37.001,-0.025251901330424018
0.16600000000000006,37.501,-0.026245444942469366
0.16600000000000006,38.001,-0.027280261358998067
0.16600000000000006,38.501,-0.028361179526724144
0.16600000000000006,39.001,-0.02949383586358518
0.16600000000000006,39.501,-0.030684867623955735
0.17100000000000007,0.001,-0.6682732392315102
0.17100000000000007,0.501,-0.9805437289155837
0.17100000000000007,1.001,-0.820353822979525
0.17100000000000007,1.501,-0.4206711072372992
0.17100000000000007,2.001,-0.24939418191556012
0.17100000000000007,2.501,-0.15960126127280866
0.17100000000000007,3.001,-0.1067513603825807
0.17100000000000007,3.501,-0.07322993294951022
0.17100000000000007,4.0009999999999994,-0.050839777057047425
0.17100000000000007,4.5009999999999994,-0.035317834390304975
0.17100000000000007,5.0009999999999994,-0.024259764966333308
0.17100000000000007,5.5009999999999994,-0.01622290520433626
0.17100000000000007,6.0009999999999994,-0.010298255480718511
0.17100000000000007,6.5009999999999994,-0.005889949397481872
0.17100000000000007,7.0009999999999994,-0.002594409197081245
0.17100000000000007,7.5009999999999994,-0.00013069349442243472
0.17100000000000007,8.001,0.0017013820450191772
0.17100000000000007,8.501,0.0030473453996423816
0.17100000000000007,9.001,0.00401484508418886
0.17100000000000007,9.501,0.004684727274312933
0.17100000000000007,10.001,0.005118523881723347
0.17100000000000007,10.501,0.005363620994031329
0.17100000000000007,11.001,0.005456893048341519
0.17100000000000007,11.501,0.005427301025922371
0.17100000000000007,12.001,0.005297778020394925
0.17100000000000007,12.501,0.005086616315283883
0.17100000000000007,13.001,0.0048085004101526
0.17100000000000007,13.501,0.004475285065392853
0.17100000000000007,14.001,0.0040965873631778026
0.17100000000000007,14.501,0.0036802415158844887
0.17100000000000007,15.001,0.0032326512863012427
0.17100000000000007,15.501,0.002759065261526311
0.17100000000000007,16.000999999999998,0.0022637934582465484
0.17100000000000007,16.500999999999998,0.001750378924467208
0.17100000000000007,17.000999999999998,0.0012217345401772384
0.17100000000000007,17.500999999999998,0.0006802527019425693
0.17100000000000007,18.000999999999998,0.00012789372815481814
0.17100000000000007,18.500999999999998,-0.0004337425478180279
0.17100000000000007,19.000999999999998,-0.0010033585528281402
0.17100000000000007,19.500999999999998,-0.0015799114449057544
0.17100000000000007,20.000999999999998,-0.0021625741929687803
0.17100000000000007,20.500999999999998,-0.0027507036261636905
0.17100000000000007,21.000999999999998,-0.0033438141587725546
0.17100000000000007,21.500999999999998,-0.003941556164216745
0.17100000000000007,22.000999999999998,-0.004543698180664964
0.17100000000000007,22.500999999999998,-0.0051501122949995535
0.17100000000000007,23.000999999999998,-0.005760762181888715
0.17100000000000007,23.500999999999998,-0.006375693378347841
0.17100000000000007,24.000999999999998,-0.006995025457406011
0.17100000000000007,24.500999999999998,-0.007618945831968163
0.17100000000000007,25.000999999999998,-0.008247704975200248
0.17100000000000007,25.500999999999998,-0.008881612889574168
0.17100000000000007,26.000999999999998,-0.00952103669525839
0.17100000000000007,26.500999999999998,-0.010166399241657015
0.17100000000000007,27.000999999999998,-0.010818178674990984
0.17100000000000007,27.500999999999998,-0.01147690892115985
0.17100000000000007,28.000999999999998,-0.012143181067805764
0.17100000000000007,28.500999999999998,-0.01281764565353169
0.17100000000000007,29.000999999999998,-0.013501015896602492
0.17100000000000007,29.500999999999998,-0.014194071921217341
0.17100000000000007,30.000999999999998,-0.01489766606770784
0.17100000000000007,30.500999999999998,-0.015612729405123073
0.17100000000000007,31.000999999999998,-0.016340279602188562
0.17100000000000007,31.500999999999998,-0.017081430357572
0.17100000000000007,32.001,-0.017837402645301658
0.17100000000000007,32.501,-0.018609538099413597
0.17100000000000007,33.001,-0.01939931494789887
0.17100000000000007,33.501,-0.020208367015806063
0.17100000000000007,34.001,-0.021038506459151778
0.17100000000000007,34.501,-0.021891751076536715
0.17100000000000007,35.001,-0.022770357290072193
0.17100000000000007,35.501,-0.023676860214197765
0.17100000000000007,36.001,-0.024614122673100383
0.17100000000000007,36.501,-0.025585395632796975
0.17100000000000007,37.001,-0.026594393353991906
0.17100000000000007,37.501,-0.02764538775450151
0.17100000000000007,38.001,-0.028743328161467338
0.17100000000000007,38.501,-0.029893995094469154
0.17100000000000007,39.001,-0.03110420036926655
0.17100000000000007,39.501,-0.032382051335696146
0.17600000000000007,0.001,-0.6827449380654346
0.17600000000000007,0.501,-1.016419434655491
0.17600000000000007,1.001,-0.8118418584812918
0.17600000000000007,1.501,-0.4151528944049312
0.17600000000000007,2.001,-0.24542899442123184
0.17600000000000007,2.501,-0.1565906966562325
0.17600000000000007,3.001,-0.10438807668616978
0.17600000000000007,3.501,-0.07133466887280068
0.17600000000000007,4.0009999999999994,-0.049298662180494
0.17600000000000007,4.5009999999999994,-0.03405395599156821
0.17600000000000007,5.0009999999999994,-0.023218709438905964
0.17600000000000007,5.5009999999999994,-0.015364757035637722
0.17600000000000007,6.0009999999999994,-0.009592871068981906
0.17600000000000007,6.5009999999999994,-0.005314016266033086
0.17600000000000007,7.0009999999999994,-0.0021295367491289963
0.17600000000000007,7.5009999999999994,0.00023787114610530902
0.17600000000000007,8.001,0.0019856439905534817
0.17600000000000007,8.501,0.0032571947845742855
0.17600000000000007,9.001,0.004158517106353815
0.17600000000000007,9.501,0.0047691432172239645
0.17600000000000007,10.001,0.005149548282374655
0.17600000000000007,10.501,0.0053462585513568
0.17600000000000007,11.001,0.005395441456943338
0.17600000000000007,11.501,0.005325471057328557
0.17600000000000007,12.001,0.005158788913991838
0.17600000000000007,12.501,0.004913272312222555
0.17600000000000007,13.001,0.00460325271260513
0.17600000000000007,13.501,0.004240282406835497
0.17600000000000007,14.001,0.0038337175884006792
0.17600000000000007,14.501,0.0033911659969897354
0.17600000000000007,15.001,0.0029188335793652823
0.17600000000000007,15.501,0.0024217950944760147
0.17600000000000007,16.000999999999998,0.0019042069039191152
0.17600000000000007,16.500999999999998,0.0013694754328337083
0.17600000000000007,17.000999999999998,0.0008203913654538479
0.17600000000000007,17.500999999999998,0.0002592371531681752
0.17600000000000007,18.000999999999998,-0.00031212641197296553
0.17600000000000007,18.500999999999998,-0.0008921901571083551
0.17600000000000007,19.000999999999998,-0.0014797396305486488
0.17600000000000007,19.500999999999998,-0.0020738087154240636
0.17600000000000007,20.000999999999998,-0.002673641702057576
0.17600000000000007,20.500999999999998,-0.003278662207758493
0.17600000000000007,21.000999999999998,-0.0038884476729263324
0.17600000000000007,21.500999999999998,-0.004502708426146352
0.17600000000000007,22.000999999999998,-0.005121270516989969
0.17600000000000007,22.500999999999998,-0.005744061677193768
0.17600000000000007,23.000999999999998,-0.006371099899166552
0.17600000000000007,23.500999999999998,-0.007002484223113316
0.17600000000000007,24.000999999999998,-0.007638387406424177
0.17600000000000007,24.500999999999998,-0.008279050215880455
0.17600000000000007,25.000999999999998,-0.008924777138248727
0.17600000000000007,25.500999999999998,-0.009575933350680521
0.17600000000000007,26.000999999999998,-0.010232942831277236
0.17600000000000007,26.500999999999998,-0.010896287523964626
0.17600000000000007,27.000999999999998,-0.011566507501968408
0.17600000000000007,27.500999999999998,-0.012244202101993694
0.17600000000000007,28.000999999999998,-0.012930032027833181
0.17600000000000007,28.500999999999998,-0.01362472244872534
0.17600000000000007,29.000999999999998,-0.01432906714544821
0.17600000000000007,29.500999999999998,-0.01504393378713461
0.17600000000000007,30.000999999999998,-0.01577027045550698
0.17600000000000007,30.500999999999998,-0.01650911357233604
0.17600000000000007,31.000999999999998,-0.017261597432502836
0.17600000000000007,31.500999999999998,-0.018028965601720987
0.17600000000000007,32.001,-0.018812584508233587
0.17600000000000007,32.501,-0.019613959646192045
0.17600000000000007,33.001,-0.020434754921178577
0.17600000000000007,33.501,-0.021276815813911054
0.17600000000000007,34.001,-0.022142197228316698
0.17600000000000007,34.501,-0.023033197141406635
0.17600000000000007,35.001,-0.02395239750818454
0.17600000000000007,35.501,-0.024902714329091358
0.17600000000000007,36.001,-0.02588745940980615
0.17600000000000007,36.501,-0.026910417207357075
0.17600000000000007,37.001,-0.027975941373957515
0.17600000000000007,37.501,-0.029089077352547413
0.17600000000000007,38.001,-0.030255719915545626
0.17600000000000007,38.501,-0.03148281830427095
0.17600000000000007,39.001,-0.032778647334137274
0.17600000000000007,39.501,-0.03415317168585583
0.18100000000000008,0.001,-0.6970746740416472
0.18100000000000008,0.501,-1.0535065758025117
0.18100000000000008,1.001,-0.8036432729093325
0.18100000000000008,1.501,-0.40985348388149023
0.18100000000000008,2.001,-0.24163294252945106
0.18100000000000008,2.501,-0.15371833618022757
0.18100000000000008,3.001,-0.10214173437914753
0.18100000000000008,3.501,-0.06954075230926207
0.18100000000000008,4.0009999999999994,-0.04784692244756507
0.18100000000000008,4.5009999999999994,-0.03286994172051043
0.18100000000000008,5.0009999999999994,-0.022249760240843186
0.18100000000000008,5.5009999999999994,-0.014572253093737865
0.18100000000000008,6.0009999999999994,-0.008947655277540406
0.18100000000000008,6.5009999999999994,-0.004793545914913155
0.18100000000000008,7.0009999999999994,-0.0017160344311046988
0.18100000000000008,7.5009999999999994,0.0005586611545182751
0.18100000000000008,8.001,0.00222531753258845
0.18100000000000008,8.501,0.003425300547449649
0.18100000000000008,9.001,0.004263002044538944
0.18100000000000008,9.501,0.004816682711741127
0.18100000000000008,10.001,0.005145795094791253
0.18100000000000008,10.501,0.005296033424377076
0.18100000000000008,11.001,0.005302881035781665
0.18100000000000008,11.501,0.005194144096560285
0.18100000000000008,12.001,0.004991788577052694
0.18100000000000008,12.501,0.004713290212099271
0.18100000000000008,13.001,0.004372638840220711
0.18100000000000008,13.501,0.003981094031546881
0.18100000000000008,14.001,0.0035477594528763035
0.18100000000000008,14.501,0.0030800235743956607
0.18100000000000008,15.001,0.0025839007524930888
0.18100000000000008,15.501,0.002064297312251523
0.18100000000000008,16.000999999999998,0.0015252206416023345
0.18100000000000008,16.500999999999998,0.0009699446078881152
0.18100000000000008,17.000999999999998,0.0004011412271446718
0.18100000000000008,17.500999999999998,-0.00017901393986999303
0.18100000000000008,18.000999999999998,-0.0007687569931517377
0.18100000000000008,18.500999999999998,-0.0013666671632943522
0.18100000000000008,19.000999999999998,-0.001971611205432669
0.18100000000000008,19.500999999999998,-0.0025826981277298692
0.18100000000000008,20.000999999999998,-0.0031992422346029253
0.18100000000000008,20.500999999999998,-0.0038207329005007507
0.18100000000000008,21.000999999999998,-0.004446809825549951
0.18100000000000008,21.500999999999998,-0.005077242784551558
0.18100000000000008,22.000999999999998,-0.005711915084018915
0.18100000000000008,22.500999999999998,-0.006350810101776488
0.18100000000000008,23.000999999999998,-0.006994000410283363
0.18100000000000008,23.500999999999998,-0.007641639086054947
0.18100000000000008,24.000999999999998,-0.008293952889130526
0.18100000000000008,24.500999999999998,-0.008951237063046388
0.18100000000000008,25.000999999999998,-0.009613851560697294
0.18100000000000008,25.500999999999998,-0.010282218547580123
0.18100000000000008,26.000999999999998,-0.010956821073431752
0.18100000000000008,26.500999999999998,-0.011638202838025281
0.18100000000000008,27.000999999999998,-0.012326969008416636
0.18100000000000008,27.500999999999998,-0.013023788074621276
0.18100000000000008,28.000999999999998,-0.013729394759805696
0.18100000000000008,28.500999999999998,-0.014444594030897505
0.18100000000000008,29.000999999999998,-0.01517026628734277
0.18100000000000008,29.500999999999998,-0.015907373841099588
0.18100000000000008,30.000999999999998,-0.0166569688415715
0.18100000000000008,30.500999999999998,-0.01742020284722362
0.18100000000000008,31.000999999999998,-0.018198338303792094
0.18100000000000008,31.500999999999998,-0.018992762260848783
0.18100000000000008,32.001,-0.019805002748683475
0.18100000000000008,32.501,-0.020636748352348633
0.18100000000000008,33.001,-0.02148987166790929
0.18100000000000008,33.501,-0.022366457519407197
0.18100000000000008,34.001,-0.02326883707061146
0.18100000000000008,34.501,-0.02419962930717567
0.18100000000000008,35.001,-0.0251617918268795
0.18100000000000008,35.501,-0.026158683508695872
0.18100000000000008,36.001,-0.027194142510640493
0.18100000000000008,36.501,-0.02827258428536753
0.18100000000000008,37.001,-0.029399126076339703
0.18100000000000008,37.501,-0.030579746941333048
0.18100000000000008,38.001,-0.03182149618618606
0.18100000000000008,38.501,-0.03313276890801154
0.18100000000000008,39.001,-0.03452367637474358
0.18100000000000008,39.501,-0.03600655335301264
0.18600000000000008,0.001,-0.71126636738156
0.18600000000000008,0.501,-1.0919632398478762
0.18600000000000008,1.001,-0.7957414093510129
0.18600000000000008,1.501,-0.4047612021308074
0.18600000000000008,2.001,-0.2379969617025097
0.18600000000000008,2.501,-0.15097673472402773
0.18600000000000008,3.001,-0.10000599759654696
0.18600000000000008,3.501,-0.06784265792371458
0.18600000000000008,4.0009999999999994,-0.04647965252689812
0.18600000000000008,4.5009999999999994,-0.03176137702237347
0.18600000000000008,5.0009999999999994,-0.021348901773367485
0.18600000000000008,5.5009999999999994,-0.013841709076213626
0.18600000000000008,6.0009999999999994,-0.008359203762970752
0.18600000000000008,6.5009999999999994,-0.004325374057929238
0.18600000000000008,7.0009999999999994,-0.0013509463693217455
0.18600000000000008,7.5009999999999994,0.0008344495215565004
0.18600000000000008,8.001,0.002423013680429298
0.18600000000000008,8.501,0.0035541290488946414
0.18600000000000008,9.001,0.004330636146163094
0.18600000000000008,9.501,0.004829564203106151
0.18600000000000008,10.001,0.005109375481307542
0.18600000000000008,10.501,0.005214958551824488
0.18600000000000008,11.001,0.005181134357207615
0.18600000000000008,11.501,0.005035159207577258
0.18600000000000008,12.001,0.004798538585215284
0.18600000000000008,12.501,0.0044883594138844934
0.18600000000000008,13.001,0.004118280723426633
0.18600000000000008,13.501,0.003699278591589361
0.18600000000000008,14.001,0.0032402120728569628
0.18600000000000008,14.501,0.0027482571815735726
0.18600000000000008,15.001,0.0022292425681241443
0.18600000000000008,15.501,0.0016879112169326596
0.18600000000000008,16.000999999999998,0.0011281259561930074
0.18600000000000008,16.500999999999998,0.0005530319211049343
0.18600000000000008,17.000999999999998,-0.00003481422890122543
0.18600000000000008,17.500999999999998,-0.0006333409655964461
0.18600000000000008,18.000999999999998,-0.00124087882705122
0.18600000000000008,18.500999999999998,-0.001856093357428987
0.18600000000000008,19.000999999999998,-0.0024779307607075106
0.18600000000000008,19.500999999999998,-0.0031055737185541263
0.18600000000000008,20.000999999999998,-0.00373840538482538
0.18600000000000008,20.500999999999998,-0.00437597999897861
0.18600000000000008,21.000999999999998,-0.005017998891683556
0.18600000000000008,21.500999999999998,-0.005664290912609962
0.18600000000000008,22.000999999999998,-0.006314796510909784
0.18600000000000008,22.500999999999998,-0.006969554856716811
0.18600000000000008,23.000999999999998,-0.0076286935171620135
0.18600000000000008,23.500999999999998,-0.008292420300578578
0.18600000000000008,24.000999999999998,-0.008961016963534893
0.18600000000000008,24.500999999999998,-0.009634834541586928
0.18600000000000008,25.000999999999998,-0.010314290119670218
0.18600000000000008,25.500999999999998,-0.010999864904629689
0.18600000000000008,26.000999999999998,-0.011692103502751612
0.18600000000000008,26.500999999999998,-0.012391614341197836
0.18600000000000008,27.000999999999998,-0.013099071205554064
0.18600000000000008,27.500999999999998,-0.013815215897772598
0.18600000000000008,28.000999999999998,-0.01454086205102676
0.18600000000000008,28.500999999999998,-0.01527690017185217
0.18600000000000008,29.000999999999998,-0.01602430401702206
0.18600000000000008,29.500999999999998,-0.016784138454706075
0.18600000000000008,30.000999999999998,-0.017557569008835074
0.18600000000000008,30.500999999999998,-0.018345873345001925
0.18600000000000008,31.000999999999998,-0.019150455029266385
0.18600000000000008,31.500999999999998,-0.019972859982676915
0.18600000000000008,32.001,-0.020814796170504482
0.18600000000000008,32.501,-0.021678157214871027
0.18600000000000008,33.001,-0.022565050814670865
0.18600000000000008,33.501,-0.023477833114375637
0.18600000000000008,34.001,-0.024419150507556532
0.18600000000000008,34.501,-0.02539199082647636
0.18600000000000008,35.001,-0.026399746506747243
0.18600000000000008,35.501,-0.027446293201387813
0.18600000000000008,36.001,-0.028536088565968214
0.18600000000000008,36.501,-0.029674297721956826
0.18600000000000008,37.001,-0.030866954505514715
0.18600000000000008,37.501,-0.03212117146823852
0.18600000000000008,38.001,-0.03344541744607128
0.18600000000000008,38.501,-0.03484989058931379
0.18600000000000008,39.001,-0.03634702920495879
0.18600000000000008,39.501,-0.037952226486064916
0.1910000000000001,0.001,-0.7253237274000887
0.1910000000000001,0.501,-1.131980733979901
0.1910000000000001,1.001,-0.788120914832747
0.1910000000000001,1.501,-0.39986529036180013
0.1910000000000001,2.001,-0.23451269847601458
0.1910000000000001,2.501,-0.14835903186837074
0.1910000000000001,3.001,-0.0979750286544823
0.1910000000000001,3.501,-0.06623529538218584
0.1910000000000001,4.0009999999999994,-0.04519233380110069
0.1910000000000001,4.5009999999999994,-0.030724195876027455
0.1910000000000001,5.0009999999999994,-0.020512435977307453
0.1910000000000001,5.5009999999999994,-0.013169732525863911
0.1910000000000001,6.0009999999999994,-0.00782438235742125
0.1910000000000001,6.5009999999999994,-0.003906588046012072
0.1910000000000001,7.0009999999999994,-0.0010315522745056455
0.1910000000000001,7.5009999999999994,0.0010677876988159918
0.1910000000000001,8.001,0.0025811343042625584
0.1910000000000001,8.501,0.0036459485446823647
0.1910000000000001,9.001,0.004363567441499294
0.1910000000000001,9.501,0.004809826834986042
0.1910000000000001,10.001,0.005042229386680752
0.1910000000000001,10.501,0.005104883021836246
0.1910000000000001,11.001,0.005031966887260798
0.1910000000000001,11.501,0.004850204547982351
0.1910000000000001,12.001,0.004580655329019412
0.1910000000000001,12.501,0.004240029429401174
0.1910000000000001,13.001,0.0038416653271818035
0.1910000000000001,13.501,0.0033962643591577274
0.1910000000000001,14.001,0.002912448468758478
0.1910000000000001,14.501,0.0023971876684026183
0.1910000000000001,15.001,0.0018561304713515248
0.1910000000000001,15.501,0.0012938613359045736
0.1910000000000001,16.000999999999998,0.0007141026964650916
0.1910000000000001,16.500999999999998,0.00011987455934772684
0.1910000000000001,17.000999999999998,-0.00048637866214833875
0.1910000000000001,17.500999999999998,-0.0011026867977323024
0.1910000000000001,18.000999999999998,-0.0017274725386598778
0.1910000000000001,18.500999999999998,-0.0023594858102337912
0.1910000000000001,19.000999999999998,-0.002997750655634318
0.1910000000000001,19.500999999999998,-0.0036415221200315484
0.1910000000000001,20.000999999999998,-0.00429025117894305
0.1910000000000001,20.500999999999998,-0.004943556179014416
0.1910000000000001,21.000999999999998,-0.00560119958608607
0.1910000000000001,21.500999999999998,-0.006263069088773082
0.1910000000000001,22.000999999999998,-0.006929162303804692
0.1910000000000001,22.500999999999998,-0.00759957448529212
0.1910000000000001,23.000999999999998,-0.008274488763923974
0.1910000000000001,23.500999999999998,-0.008954168541394643
0.1910000000000001,24.000999999999998,-0.00963895174586122
0.1910000000000001,24.500999999999998,-0.01032924672041214
0.1910000000000001,25.000999999999998,-0.011025529571873298
0.1910000000000001,25.500999999999998,-0.011728342854570459
0.1910000000000001,26.000999999999998,-0.012438295505193878
0.1910000000000001,26.500999999999998,-0.013156063982609753
0.1910000000000001,27.000999999999998,-0.013882394602047137
0.1910000000000001,27.500999999999998,-0.014618107088147363
0.1910000000000001,28.000999999999998,-0.015364099407515673
0.1910000000000001,28.500999999999998,-0.016121353980342305
0.1910000000000001,29.000999999999998,-0.01689094541428997
0.1910000000000001,29.500999999999998,-0.017674049954457177
0.1910000000000001,30.000999999999998,-0.01847195690366525
0.1910000000000001,30.500999999999998,-0.01928608234120527
0.1910000000000001,31.000999999999998,-0.020117985560296703
0.1910000000000001,31.500999999999998,-0.020969388761257868
0.1910000000000001,32.001,-0.021842200687460366
0.1910000000000001,32.501,-0.02273854508660654
0.1910000000000001,33.001,-0.023660795137598854
0.1910000000000001,33.501,-0.02461161532725341
0.1910000000000001,34.001,-0.0255940127259548
0.1910000000000001,34.501,-0.026611400247600586
0.1910000000000001,35.001,-0.027667675362052665
0.1910000000000001,35.501,-0.02876731897131297
0.1910000000000001,36.001,-0.02991552093862243
0.1910000000000001,36.501,-0.031118341347023227
0.1910000000000001,37.001,-0.03238292040105155
0.1910000000000001,37.501,-0.03371775569615401
0.1910000000000001,38.001,-0.035133074587877074
0.1910000000000001,38.501,-0.03664134372457637
0.1910000000000001,39.001,-0.03825798129290206
0.1910000000000001,39.501,-0.04000237732633498
0.1960000000000001,0.001,-0.7392502690804579
0.1960000000000001,0.501,-1.1737944268441045
0.1960000000000001,1.001,-0.7807676074482579
0.1960000000000001,1.501,-0.39515581127598354
0.1960000000000001,2.001,-0.23117243793349818
0.1960000000000001,2.501,-0.14585889222879117
0.1960000000000001,3.001,-0.09604343718667063
0.1960000000000001,3.501,-0.06471396491683273
0.1960000000000001,4.0009999999999994,-0.043980794844958065
0.1960000000000001,4.5009999999999994,-0.029754645157270138
0.1960000000000001,5.0009999999999994,-0.01973694985040851
0.1960000000000001,5.5009999999999994,-0.012553192962832957
0.1960000000000001,6.0009999999999994,-0.007340299406001796
0.1960000000000001,6.5009999999999994,-0.003534501091178477
0.1960000000000001,7.0009999999999994,-0.0007553432992456477
0.1960000000000001,7.5009999999999994,0.0012610283122788668
0.1960000000000001,8.001,0.002701893587326948
0.1960000000000001,8.501,0.003702849515797302
0.1960000000000001,9.001,0.004363775068617071
0.1960000000000001,9.501,0.004759348868544032
0.1960000000000001,10.001,0.004946143136242361
0.1960000000000001,10.501,0.004967508922492048
0.1960000000000001,11.001,0.0048570031522977355
0.1960000000000001,11.501,0.004640832907445558
0.1960000000000001,12.001,0.004339624973140346
0.1960000000000001,12.501,0.003969724306708361
0.1960000000000001,13.001,0.0035441585770285694
0.1960000000000001,13.501,0.0030733626896717325
0.1960000000000001,14.001,0.002565728596106596
0.1960000000000001,14.501,0.0020280264276711507
0.1960000000000001,15.001,0.001465729836976376
0.1960000000000001,15.501,0.0008832693120903873
0.1960000000000001,16.000999999999998,0.0002842308290085943
0.1960000000000001,16.500999999999998,-0.0003284873388237561
0.1960000000000001,17.000999999999998,-0.0009525501016950724
0.1960000000000001,17.500999999999998,-0.0015860861447248263
0.1960000000000001,18.000999999999998,-0.002227608186654864
0.1960000000000001,18.500999999999998,-0.0028759487504693704
0.1960000000000001,19.000999999999998,-0.003530208250061062
0.1960000000000001,19.500999999999998,-0.004189712919657931
0.1960000000000001,20.000999999999998,-0.004853980660733854
0.1960000000000001,20.500999999999998,-0.005522693299958456
0.1960000000000001,21.000999999999998,-0.00619567407428552
0.1960000000000001,21.500999999999998,-0.0068728694094764495
0.1960000000000001,22.000999999999998,-0.0075543342539987415
0.1960000000000001,22.500999999999998,-0.008240220384419676
0.1960000000000001,23.000999999999998,-0.008930767221061526
0.1960000000000001,23.500999999999998,-0.009626294791254819
0.1960000000000001,24.000999999999998,-0.010327198557743382
0.1960000000000001,24.500999999999998,-0.011033945896106859
0.1960000000000001,25.000999999999998,-0.01174707406096847
0.1960000000000001,25.500999999999998,-0.012467189529060306
0.1960000000000001,26.000999999999998,-0.013194968650273073
0.1960000000000001,26.500999999999998,-0.013931159577636937
0.1960000000000001,27.000999999999998,-0.014676585485610884
0.1960000000000001,27.500999999999998,-0.015432149124864156
0.1960000000000001,28.000999999999998,-0.01619883880274928
0.1960000000000001,28.500999999999998,-0.0169777359239313
0.1960000000000001,29.000999999999998,-0.01777002427746461
0.1960000000000001,29.500999999999998,-0.01857700131793362
0.1960000000000001,30.000999999999998,-0.01940009176269543
0.1960000000000001,30.500999999999998,-0.020240863919597868
0.1960000000000001,31.000999999999998,-0.021101049276127336
0.1960000000000001,31.500999999999998,-0.021982566030424
0.1960000000000001,32.001,-0.022887547438905483
0.1960000000000001,32.501,-0.023818376111047965
0.1960000000000001,33.001,-0.02477772572286458
0.1960000000000001,33.501,-0.025768612080881288
0.1960000000000001,34.001,-0.026794456097757352
0.1960000000000001,34.501,-0.027859162113013956
0.1960000000000001,35.001,-0.028967216219216177
0.1960000000000001,35.501,-0.03012381100680986
0.1960000000000001,36.001,-0.03133500568850654
0.1960000000000001,36.501,-0.032607934337303246
0.1960000000000001,37.001,-0.03395108067785978
0.1960000000000001,37.501,-0.0353746467005083
0.1960000000000001,38.001,-0.03689105638961017
0.1960000000000001,38.501,-0.038515658788073406
0.1960000000000001,39.001,-0.04026773338541323
0.1960000000000001,39.501,-0.042171968910872194
0.2010000000000001,0.001,-0.7530493279565086
0.2010000000000001,0.501,-1.21769955131282
0.2010000000000001,1.001,-0.7736683600226251
0.2010000000000001,1.501,-0.39062356742280696
0.2010000000000001,2.001,-0.2279690402115273
0.2010000000000001,2.501,-0.1434704532207657
0.2010000000000001,3.001,-0.0942062356184595
0.2010000000000001,3.501,-0.06327431842928447
0.2010000000000001,4.0009999999999994,-0.04284117683132582
0.2010000000000001,4.5009999999999994,-0.028849253446885756
0.2010000000000001,5.0009999999999994,-0.019019287017328523
0.2010000000000001,5.5009999999999994,-0.01198919574436591
0.2010000000000001,6.0009999999999994,-0.006904281557647954
0.2010000000000001,6.5009999999999994,-0.0032066297094009016
0.2010000000000001,7.0009999999999994,-0.0005200009112319021
0.2010000000000001,7.5009999999999994,0.0014163450377676252
0.2010000000000001,8.001,0.0027873367968902635
0.2010000000000001,8.501,0.0037267624568899857
0.2010000000000001,9.001,0.004333086181755416
0.2010000000000001,9.501,0.0046798637976455115
0.2010000000000001,10.001,0.004822764832342334
0.2010000000000001,10.501,0.004804406083677465
0.2010000000000001,11.001,0.004657740882049857
0.2010000000000001,11.501,0.004408475300739831
0.2010000000000001,12.001,0.004076816542302908
0.2010000000000001,12.501,0.0036787552468324908
0.2010000000000001,13.001,0.0032270175403503465
0.2010000000000001,13.501,0.0027317797976439823
0.2010000000000001,14.001,0.002201210742955626
0.2010000000000001,14.501,0.0016418864382800845
0.2010000000000001,15.001,0.0010591106803490603
0.2010000000000001,15.501,0.00045716430219688853
0.2010000000000001,16.000999999999998,-0.00016049945819733222
0.2010000000000001,16.500999999999998,-0.0007911008579614895
0.2010000000000001,17.000999999999998,-0.0014324113846354673
0.2010000000000001,17.500999999999998,-0.0020826562381542763
0.2010000000000001,18.000999999999998,-0.0027404361895355667
0.2010000000000001,18.500999999999998,-0.0034046647175580494
0.2010000000000001,19.000999999999998,-0.004074517273303094
0.2010000000000001,19.500999999999998,-0.004749390236130913
0.2010000000000001,20.000999999999998,-0.005428867665918519
0.2010000000000001,20.500999999999998,-0.006112694370042283
0.2010000000000001,21.000999999999998,-0.00680075412215584
0.2010000000000001,21.500999999999998,-0.0074930521170168424
0.2010000000000001,22.000999999999998,-0.008189700939028571
0.2010000000000001,22.500999999999998,-0.008890909474756716
0.2010000000000001,23.000999999999998,-0.0095969743212906
0.2010000000000001,23.500999999999998,-0.01030827334034888
0.2010000000000001,24.000999999999998,-0.011025261088149853
0.2010000000000001,24.500999999999998,-0.011748465917750119
0.2010000000000001,25.000999999999998,-0.012478488607297528
0.2010000000000001,25.500999999999998,-0.01321600241730262
0.2010000000000001,26.000999999999998,-0.013961754525051474
0.2010000000000001,26.500999999999998,-0.014716568826773975
0.2010000000000001,27.000999999999998,-0.015481350140156763
0.2010000000000001,27.500999999999998,-0.016257089883244827
0.2010000000000001,28.000999999999998,-0.017044873352846164
0.2010000000000001,28.500999999999998,-0.01784588877868822
0.2010000000000001,29.000999999999998,-0.01866143839167074
0.2010000000000001,29.500999999999998,-0.019492951819318403
0.2010000000000001,30.000999999999998,-0.020342002213666575
0.2010000000000001,30.500999999999998,-0.02121032563262655
0.2010000000000001,31.000999999999998,-0.02209984434386949
0.2010000000000001,31.500999999999998,-0.023012694912144506
0.2010000000000001,32.001,-0.02395126218306342
0.2010000000000001,32.501,-0.02491822061187547
0.2010000000000001,33.001,-0.025916584837930242
0.2010000000000001,33.501,-0.026949772022909643
0.2010000000000001,34.001,-0.028021679325448648
0.2010000000000001,34.501,-0.0291367810848611
0.2010000000000001,35.001,-0.030300251998608876
0.2010000000000001,35.501,-0.0315181250621585
0.2010000000000001,36.001,-0.03279749671199257
0.2010000000000001,36.501,-0.03414679715405818
0.2010000000000001,37.001,-0.035576152416121054
0.2010000000000001,37.501,-0.037097878216253606
0.2010000000000001,38.001,-0.03872716783957181
0.2010000000000001,38.501,-0.040483073454286665
0.2010000000000001,39.001,-0.042389945461630045
0.2010000000000001,39.501,-0.044479613615879085
0.2060000000000001,0.001,-0.7667240735131459
0.2060000000000001,0.501,-1.2640750587508884
0.2060000000000001,1.001,-0.7668109978991592
0.2060000000000001,1.501,-0.38626002946877513
0.2060000000000001,2.001,-0.22489588471716015
0.2060000000000001,2.501,-0.14118827917165708
0.2060000000000001,3.001,-0.09245880005286827
0.2060000000000001,3.501,-0.061912325323421565
0.2060000000000001,4.0009999999999994,-0.04176990314475665
0.2060000000000001,4.5009999999999994,-0.028004803633898956
0.2060000000000001,5.0009999999999994,-0.018356522759928134
0.2060000000000001,5.5009999999999994,-0.011475059107185479
0.2060000000000001,6.0009999999999994,-0.006513852504403311
0.2060000000000001,6.5009999999999994,-0.0029206739115319996
0.2060000000000001,7.0009999999999994,-0.000323378341049646
0.2060000000000001,7.5009999999999994,0.0015357500536516688
0.2060000000000001,8.001,0.0028393567664823094
0.2060000000000001,8.501,0.0037194734952133712
0.2060000000000001,9.001,0.00427319079698904
0.2060000000000001,9.501,0.004572974497634497
0.2060000000000001,10.001,0.004673617871602892
0.2060000000000001,10.501,0.0046170250192272
0.2060000000000001,11.001,0.0044355634256555004
0.2060000000000001,11.501,0.004154452900510516
0.2060000000000001,12.001,0.0037934934084807095
0.2060000000000001,12.501,0.003368331678719541
0.2060000000000001,13.001,0.002891401118673302
0.2060000000000001,13.501,0.0023726270927369036
0.2060000000000001,14.001,0.0018199615333593516
0.2060000000000001,14.501,0.001239791957379402
0.2060000000000001,15.001,0.0006372570573369707
0.2060000000000001,15.501,0.00001649210184079264
0.2060000000000001,16.000999999999998,-0.0006191788897970396
0.2060000000000001,16.500999999999998,-0.0012670916846253856
0.2060000000000001,17.000999999999998,-0.0019251217668779519
0.2060000000000001,17.500999999999998,-0.002591588663676439
0.2060000000000001,18.000999999999998,-0.0032651793659482994
0.2060000000000001,18.500999999999998,-0.003944886801525417
0.2060000000000001,19.000999999999998,-0.004629960254830437
0.2060000000000001,19.500999999999998,-0.005319865332753054
0.2060000000000001,20.000999999999998,-0.006014251611053324
0.2060000000000001,20.500999999999998,-0.0067129265043086705
0.2060000000000001,21.000999999999998,-0.007415834217197055
0.2060000000000001,21.500999999999998,-0.0081230388792735
0.2060000000000001,22.000999999999998,-0.008834711156736591
0.2060000000000001,22.500999999999998,-0.009551117785859292
0.2060000000000001,23.000999999999998,-0.010272613593504051
0.2060000000000001,23.500999999999998,-0.010999635667811536
0.2060000000000001,24.000999999999998,-0.011732699422424164
0.2060000000000001,24.500999999999998,-0.012472396364917114
0.2060000000000001,25.000999999999998,-0.01321939343801723
0.2060000000000001,25.500999999999998,-0.013974433853623562
0.2060000000000001,26.000999999999998,-0.01473833938713119
0.2060000000000001,26.500999999999998,-0.015512014145380629
0.2060000000000001,27.000999999999998,-0.01629644986792237
0.2060000000000001,27.500999999999998,-0.01709273287049424
0.2060000000000001,28.000999999999998,-0.017902052794170377
0.2060000000000001,28.500999999999998,-0.018725713386563023
0.2060000000000001,29.000999999999998,-0.019565145616373923
0.2060000000000001,29.500999999999998,-0.020421923514230243
0.2060000000000001,30.000999999999998,-0.02129778324726507
0.2060000000000001,30.500999999999998,-0.022194646080634477
0.2060000000000001,31.000999999999998,-0.023114646067513508
0.2060000000000001,31.500999999999998,-0.024060163555979057
0.2060000000000001,32.001,-0.025033865928982803
0.2060000000000001,32.501,-0.026038757434603495
0.2060000000000001,33.001,-0.02707824056478264
0.2060000000000001,33.501,-0.02815619227115749
0.2060000000000001,34.001,-0.029277059470664342
0.2060000000000001,34.501,-0.03044597995087317
0.2060000000000001,35.001,-0.03166893718470433
0.2060000000000001,35.501,-0.03295296110350735
0.2060000000000001,36.001,-0.03430639220512274
0.2060000000000001,36.501,-0.03573923457632711
0.2060000000000001,37.001,-0.03726363636196258
0.2060000000000001,37.501,-0.03889455725770727
0.2060000000000001,38.001,-0.04065071791946406
0.2060000000000001,38.501,-0.042555987689653615
0.2060000000000001,39.001,-0.04464147887823269
0.2060000000000001,39.501,-0.046948829749029974
0.2110000000000001,0.001,-0.7802775212849473
0.2110000000000001,0.501,-1.3134211807338232
0.2110000000000001,1.001,-0.7601842088376518
0.2110000000000001,1.501,-0.382057272968167
0.2110000000000001,2.001,-0.22194682095893864
0.2110000000000001,2.501,-0.1390073208750215
0.2110000000000001,3.001,-0.09079683579722145
0.2110000000000001,3.501,-0.06062424239328226
0.2110000000000001,4.0009999999999994,-0.04076365260278689
0.2110000000000001,4.5009999999999994,-0.02721830877267059
0.2110000000000001,5.0009999999999994,-0.017745942014130905
0.2110000000000001,5.5009999999999994,-0.011008293938281039
0.2110000000000001,6.0009999999999994,-0.006166714248249314
0.2110000000000001,6.5009999999999994,-0.0026744997499175555
0.2110000000000001,7.0009999999999994,-0.00016348423684001134
0.2110000000000001,7.5009999999999994,0.0016211094168803036
0.2110000000000001,8.001,0.0028597084163990566
0.2110000000000001,8.501,0.0036826381500865146
0.2110000000000001,9.001,0.0041856548700260655
0.2110000000000001,9.501,0.004440165688804218
0.2110000000000001,10.001,0.004500112851701404
0.2110000000000001,10.501,0.004406708326730818
0.2110000000000001,11.001,0.0041917506876947425
0.2110000000000001,11.501,0.0038799875473064793
0.2110000000000001,12.001,0.0034908234081346273
0.2110000000000001,12.501,0.003039571013037687
0.2110000000000001,13.001,0.002538379464112523
0.2110000000000001,13.501,0.001996930282108386
0.2110000000000001,14.001,0.0014229647364344539
0.2110000000000001,14.501,0.0008226870548597928
0.2110000000000001,15.001,0.0002010753411034183
0.2110000000000001,15.501,-0.0004378768201544758
0.2110000000000001,16.000999999999998,-0.0010909712974521736
0.2110000000000001,16.500999999999998,-0.0017556565179561168
0.2110000000000001,17.000999999999998,-0.0024299095385347524
0.2110000000000001,17.500999999999998,-0.0031121421709048268
0.2110000000000001,18.000999999999998,-0.003801125929683985
0.2110000000000001,18.500999999999998,-0.004495931814601728
0.2110000000000001,19.000999999999998,-0.005195881864774418
0.2110000000000001,19.500999999999998,-0.005900510119910822
0.2110000000000001,20.000999999999998,-0.006609531151779698
0.2110000000000001,20.500999999999998,-0.007322814733153729
0.2110000000000001,21.000999999999998,-0.008040365522615209
0.2110000000000001,21.500999999999998,-0.00876230688530745
0.2110000000000001,22.000999999999998,-0.009488868159148706
0.2110000000000001,22.500999999999998,-0.010220374825956516
0.2110000000000001,23.000999999999998,-0.010957241167000253
0.2110000000000001,23.500999999999998,-0.011699965080047656
0.2110000000000001,24.000999999999998,-0.012449124815624345
0.2110000000000001,24.500999999999998,-0.013205377458472042
0.2110000000000001,25.000999999999998,-0.013969459039647983
0.2110000000000001,25.500999999999998,-0.014742186218394076
0.2110000000000001,26.000999999999998,-0.0155244595234759
0.2110000000000001,26.500999999999998,-0.01631726819363139
0.2110000000000001,27.000999999999998,-0.017121696708553458
0.2110000000000001,27.500999999999998,-0.017938933158122908
0.2110000000000001,28.000999999999998,-0.018770279661445774
0.2110000000000001,28.500999999999998,-0.019617165122309994
0.2110000000000001,29.000999999999998,-0.020481160698605182
0.2110000000000001,29.500999999999998,-0.02136399847608903
0.2110000000000001,30.000999999999998,-0.02226759397973889
0.2110000000000001,30.500999999999998,-0.02319407333982616
0.2110000000000001,31.000999999999998,-0.02414580617013114
0.2110000000000001,31.500999999999998,-0.025125445533971027
0.2110000000000001,32.001,-0.026135976800858548
0.2110000000000001,32.501,-0.027180777777527084
0.2110000000000001,33.001,-0.028263693297992186
0.2110000000000001,33.501,-0.029389128577590008
0.2110000000000001,34.001,-0.030562167227222627
0.2110000000000001,34.501,-0.031788722122409505
0.2110000000000001,35.001,-0.03307573070249665
0.2110000000000001,35.501,-0.03443141134908595
0.2110000000000001,36.001,-0.035865605278675904
0.2110000000000001,36.501,-0.0373902406334357
0.2110000000000001,37.001,-0.03901997527128867
0.2110000000000001,37.501,-0.040773107853325885
0.2110000000000001,38.001,-0.04267290415043226
0.2110000000000001,38.501,-0.04474958905040251
0.2110000000000001,39.001,-0.0470434513167874
0.2110000000000001,39.501,-0.04960990390867398
0.2160000000000001,0.001,-0.7937125438072252
0.2160000000000001,0.501,-1.3664217408849886
0.2160000000000001,1.001,-0.7537774633393661
0.2160000000000001,1.501,-0.3780079224527118
0.2160000000000001,2.001,-0.21911612507120826
0.2160000000000001,2.501,-0.1369228798298262
0.2160000000000001,3.001,-0.08921634688436209
0.2160000000000001,3.501,-0.05940658720145647
0.2160000000000001,4.0009999999999994,-0.03981933578242644
0.2160000000000001,4.5009999999999994,-0.02648699074052171
0.2160000000000001,5.0009999999999994,-0.01718501991998611
0.2160000000000001,5.5009999999999994,-0.010586585893827077
0.2160000000000001,6.0009999999999994,-0.005860730543097353
0.2160000000000001,6.5009999999999994,-0.002466123892196942
0.2160000000000001,7.0009999999999994,-0.00003846821801684053
0.2160000000000001,7.5009999999999994,0.0016741566520705395
0.2160000000000001,8.001,0.002850021586213891
0.2160000000000001,8.501,0.003617793492411314
0.2160000000000001,9.001,0.004071931852930267
0.2160000000000001,9.501,0.004282814949875702
0.2160000000000001,10.001,0.004303558092578446
0.2160000000000001,10.501,0.00417470076044215
0.2160000000000001,11.001,0.00392748879098373
0.2160000000000001,11.501,0.0035862110356556856
0.2160000000000001,12.001,0.003169887780927555
0.2160000000000001,12.501,0.00269350725947912
0.2160000000000001,13.001,0.0021689422982968942
0.2160000000000001,13.501,0.0016056374115028596
0.2160000000000001,14.001,0.0010111290480036648
0.2160000000000001,14.501,0.00039144315205921765
0.2160000000000001,15.001,-0.00024859846725462653
0.2160000000000001,15.501,-0.0009051402257632879
0.2160000000000001,16.000999999999998,-0.0015751067263398144
0.2160000000000001,16.500999999999998,-0.0022560563676632603
0.2160000000000001,17.000999999999998,-0.002946065503416577
0.2160000000000001,17.500999999999998,-0.0036436363253572746
0.2160000000000001,18.000999999999998,-0.004347623305872253
0.2160000000000001,18.500999999999998,-0.005057174264246102
0.2160000000000001,19.000999999999998,-0.005771683037094561
0.2160000000000001,19.500999999999998,-0.006490751422400243
0.2160000000000001,20.000999999999998,-0.007214158589008153
0.2160000000000001,20.500999999999998,-0.007941836542736891
0.2160000000000001,21.000999999999998,-0.008673850548009135
0.2160000000000001,21.500999999999998,-0.009410383643096928
0.2160000000000001,22.000999999999998,-0.010151724574800965
0.2160000000000001,22.500999999999998,-0.010898258627247734
0.2160000000000001,23.000999999999998,-0.011650460939099286
0.2160000000000001,23.500999999999998,-0.01240889200113713
0.2160000000000001,24.000999999999998,-0.01317419510751796
0.2160000000000001,24.500999999999998,-0.013947095603578525
0.2160000000000001,25.000999999999998,-0.014728401834528221
0.2160000000000001,25.500999999999998,-0.01551900775586676
0.2160000000000001,26.000999999999998,-0.01631989722076204
0.2160000000000001,26.500999999999998,-0.01713215001461963
0.2160000000000001,27.000999999999998,-0.017956949765520334
0.2160000000000001,27.500999999999998,-0.01879559392421153
0.2160000000000001,28.000999999999998,-0.019649506082617937
0.2160000000000001,28.500999999999998,-0.02052025098998524
0.2160000000000001,29.000999999999998,-0.021409552736654062
0.2160000000000001,29.500999999999998,-0.02231931671496852
0.2160000000000001,30.000999999999998,-0.023251656145538445
0.2160000000000001,30.500999999999998,-0.024208924189708676
0.2160000000000001,31.000999999999998,-0.02519375297627043
0.2160000000000001,31.500999999999998,-0.02620910128161398
0.2160000000000001,32.001,-0.027258313160305015
0.2160000000000001,32.501,-0.028345190590208763
0.2160000000000001,33.001,-0.029474084266579503
0.2160000000000001,33.501,-0.030650008195825494
0.2160000000000001,34.001,-0.0318787859234754
0.2160000000000001,34.501,-0.03316723943320845
0.2160000000000001,35.001,-0.03452343654344616
0.2160000000000001,35.501,-0.03595701995026859
0.2160000000000001,36.001,-0.037479652536296176
0.2160000000000001,36.501,-0.039105632035245017
0.2160000000000001,37.001,-0.04085275882139251
0.2160000000000001,37.501,-0.04274359339871492
0.2160000000000001,38.001,-0.044807334868407336
0.2160000000000001,38.501,-0.047082729874811054
0.2160000000000001,39.001,-0.04962277665950347
0.2160000000000001,39.501,-0.05250274721207189
0.2210000000000001,0.001,-0.8070318805525004
0.2210000000000001,0.501,-1.42405459864245
0.2210000000000001,1.001,-0.7475809439816506
0.2210000000000001,1.501,-0.37410510184529355
0.2210000000000001,2.001,-0.21639846125769213
0.2210000000000001,2.501,-0.1349305765274572
0.2210000000000001,3.001,-0.087713609045065
0.2210000000000001,3.501,-0.05825611447302891
0.2210000000000001,4.0009999999999994,-0.03893407402923019
0.2210000000000001,4.5009999999999994,-0.025808261314644365
0.2210000000000001,5.0009999999999994,-0.016671404577248167
0.2210000000000001,5.5009999999999994,-0.010207779546401494
0.2210000000000001,6.0009999999999994,-0.005593912215613395
0.2210000000000001,6.5009999999999994,-0.002293699946057187
0.2210000000000001,7.0009999999999994,0.00005339193079773052
0.2210000000000001,7.5009999999999994,0.0016965047972535285
0.2210000000000001,8.001,0.0028118124094771713
0.2210000000000001,8.501,0.003526368922458667
0.2210000000000001,9.001,0.003933372937267837
0.2210000000000001,9.501,0.004102202479336292
0.2210000000000001,10.001,0.004085168961167951
0.2210000000000001,10.501,0.003922158158394081
0.2210000000000001,11.001,0.0036438786399520112
0.2210000000000001,11.501,0.003274173343304543
0.2210000000000001,12.001,0.002831689090853809
0.2210000000000001,12.501,0.0023310986627755204
0.2210000000000001,13.001,0.0017840062836819298
0.2210000000000001,13.501,0.001199625990057053
0.2210000000000001,14.001,0.0005852949851756079
0.2210000000000001,14.501,-0.00005313429927671781
0.2210000000000001,15.001,-0.0007109922622123288
0.2210000000000001,15.501,-0.0013845578218653204
0.2210000000000001,16.000999999999998,-0.0020708753291398124
0.2210000000000001,16.500999999999998,-0.002767610618184174
0.2210000000000001,17.000999999999998,-0.003472937204577184
0.2210000000000001,17.500999999999998,-0.004185445887436412
0.2210000000000001,18.000999999999998,-0.004904072656208319
0.2210000000000001,18.500999999999998,-0.005628041018143397
0.2210000000000001,19.000999999999998,-0.0063568157685482615
0.2210000000000001,19.500999999999998,-0.007090065907212895
0.2210000000000001,20.000999999999998,-0.007827634920994156
0.2210000000000001,20.500999999999998,-0.0085695170474661
0.2210000000000001,21.000999999999998,-0.009315838439040575
0.2210000000000001,21.500999999999998,-0.01006684238386095
0.2210000000000001,22.000999999999998,-0.010822877925946883
0.2210000000000001,22.500999999999998,-0.01158439137508882
0.2210000000000001,23.000999999999998,-0.01235192031638855
0.2210000000000001,23.500999999999998,-0.013126089827386521
0.2210000000000001,24.000999999999998,-0.013907610693097414
0.2210000000000001,24.500999999999998,-0.014697279480573068
0.2210000000000001,25.000999999999998,-0.015495980398606814
0.2210000000000001,25.500999999999998,-0.016304688928195185
0.2210000000000001,26.000999999999998,-0.017124477268450504
0.2210000000000001,26.500999999999998,-0.01795652170386143
0.2210000000000001,27.000999999999998,-0.018802112065395463
0.2210000000000001,27.500999999999998,-0.019662663533660685
0.2210000000000001,28.000999999999998,-0.020539731121746133
0.2210000000000001,28.500999999999998,-0.02143502728420265
0.2210000000000001,29.000999999999998,-0.02235044323444488
0.2210000000000001,29.500999999999998,-0.023288074725873853
0.2210000000000001,30.000999999999998,-0.024250253276190147
0.2210000000000001,30.500999999999998,-0.02523958410930657
0.2210000000000001,31.000999999999998,-0.026258992482790497
0.2210000000000001,31.500999999999998,-0.027311780601082893
0.2210000000000001,32.001,-0.028401698044785668
0.2210000000000001,32.501,-0.02953302966198865
0.2210000000000001,33.001,-0.030710706302219365
0.2210000000000001,33.501,-0.03194044583328384
0.2210000000000001,34.001,-0.0332289348911774
0.2210000000000001,34.501,-0.03458406629810474
0.2210000000000001,35.001,-0.03601525391138289
0.2210000000000001,35.501,-0.0375338573121953
0.2210000000000001,36.001,-0.0391537657952437
0.2210000000000001,36.501,-0.04089221927520268
0.2210000000000001,37.001,-0.042770991853332475
0.2210000000000001,37.501,-0.04481814941396481
0.2210000000000001,38.001,-0.04707075224834331
0.2210000000000001,38.501,-0.04957918821834097
0.2210000000000001,39.001,-0.05241448442324014
0.2210000000000001,39.501,-0.055681460297282784
0.22600000000000012,0.001,-0.8202381469672025
0.22600000000000012,0.501,-1.4878052337224634
0.22600000000000012,1.001,-0.7415854825649923
0.22600000000000012,1.501,-0.37034239035727834
0.22600000000000012,2.001,-0.2137888475003901
0.22600000000000012,2.501,-0.13302632224833594
0.22600000000000012,3.001,-0.08628514567265727
0.22600000000000012,3.501,-0.0571697951039242
0.22600000000000012,4.0009999999999994,-0.038105180791993376
0.22600000000000012,4.5009999999999994,-0.025179705346296613
0.22600000000000012,5.0009999999999994,-0.016202901712865064
0.22600000000000012,5.5009999999999994,-0.009869864290410119
0.22600000000000012,6.0009999999999994,-0.005364404114612753
0.22600000000000012,6.5009999999999994,-0.0021555063016505567
0.22600000000000012,7.0009999999999994,0.00011370164420812512
0.22600000000000012,7.5009999999999994,0.0016896571120133264
0.22600000000000012,8.001,0.002746493424963359
0.22600000000000012,8.501,0.003409695750184183
0.22600000000000012,9.001,0.003771236158886207
0.22600000000000012,9.501,0.0038995197716672064
0.22600000000000012,10.001,0.0038460761592903764
0.22600000000000012,10.501,0.0036501553766344784
0.22600000000000012,11.001,0.0033419435313373352
0.22600000000000012,11.501,0.0029448499446966675
0.22600000000000012,12.001,0.0024771582656344104
0.22600000000000012,12.501,0.001953234488446212
0.22600000000000012,13.001,0.0013844215737903592
0.22600000000000012,13.501,0.0007797093211902896
0.22600000000000012,14.001,0.00014624101232935116
0.22600000000000012,14.501,-0.0005102998829479843
0.22600000000000012,15.001,-0.0011853920800519308
0.22600000000000012,15.501,-0.0018754456762521549
0.22600000000000012,16.000999999999998,-0.002577621942323423
0.22600000000000012,16.500999999999998,-0.003289691756683602
0.22600000000000012,17.000999999999998,-0.00400992379627696
0.22600000000000012,17.500999999999998,-0.004736995821357559
0.22600000000000012,18.000999999999998,-0.005469924018547994
0.22600000000000012,18.500999999999998,-0.006208006568815809
0.22600000000000012,19.000999999999998,-0.006950778503284696
0.22600000000000012,19.500999999999998,-0.007697975583682001
0.22600000000000012,20.000999999999998,-0.00844950545520843
0.22600000000000012,20.500999999999998,-0.009205424710362592
0.22600000000000012,21.000999999999998,-0.009965920803707697
0.22600000000000012,21.500999999999998,-0.010731297992348288
0.22600000000000012,22.000999999999998,-0.011501966661730284
0.22600000000000012,22.500999999999998,-0.012278435543790205
0.22600000000000012,23.000999999999998,-0.013061306453911119
0.22600000000000012,23.500999999999998,-0.013851271271905864
0.22600000000000012,24.000999999999998,-0.014649110976046875
0.22600000000000012,24.500999999999998,-0.01545569661268549
0.22600000000000012,25.000999999999998,-0.016271992151139975
0.22600000000000012,25.500999999999998,-0.017099059237840813
0.22600000000000012,26.000999999999998,-0.017938063928528987
0.22600000000000012,26.500999999999998,-0.01879028554607495
0.22600000000000012,27.000999999999998,-0.019657127888054692
0.22600000000000012,27.500999999999998,-0.020540133097092576
0.22600000000000012,28.000999999999998,-0.021440998613793446
0.22600000000000012,28.500999999999998,-0.02236159776411663
0.22600000000000012,29.000999999999998,-0.023304004700013918
0.22600000000000012,29.500999999999998,-0.024270524627323275
0.22600000000000012,30.000999999999998,-0.02526373053677463
0.22600000000000012,30.500999999999998,-0.02628650802865714
0.22600000000000012,31.000999999999998,-0.027342110326883926
0.22600000000000012,31.500999999999998,-0.028434226268835266
0.22600000000000012,32.001,-0.029567065015200567
0.22600000000000012,32.501,-0.030745462572561298
0.22600000000000012,33.001,-0.03197501715079299
0.22600000000000012,33.501,-0.03326226318626261
0.22600000000000012,34.001,-0.03461489802995662
0.22600000000000012,34.501,-0.03604208161647572
0.22600000000000012,35.001,-0.037554839229549
0.22600000000000012,35.501,-0.03916661308662432
0.22600000000000012,36.001,-0.040894034067451436
0.22600000000000012,36.501,-0.04275802835208519
0.22600000000000012,37.001,-0.044785450359107457
0.22600000000000012,37.501,-0.047011574787025195
0.22600000000000012,38.001,-0.04948405585059587
0.22600000000000012,38.501,-0.05226953320566464
0.22600000000000012,39.001,-0.05546534717911658
0.22600000000000012,39.501,-0.059222007935666815
0.23100000000000012,0.001,-0.8333338427082003
0.23100000000000012,0.501,-1.5601328707641828
0.23100000000000012,1.001,-0.7357825040571047
0.23100000000000012,1.501,-0.36671378315657666
0.23100000000000012,2.001,-0.21128262497926417
0.23100000000000012,2.501,-0.1312062939116772
0.23100000000000012,3.001,-0.08492770639059333
0.23100000000000012,3.501,-0.05614479744344264
0.23100000000000012,4.0009999999999994,-0.03733014498037352
0.23100000000000012,4.5009999999999994,-0.02459906575922402
0.23100000000000012,5.0009999999999994,-0.015777461011377808
0.23100000000000012,5.5009999999999994,-0.009570961776689507
0.23100000000000012,6.0009999999999994,-0.0051704734768340255
0.23100000000000012,6.5009999999999994,-0.0020499352938867788
0.23100000000000012,7.0009999999999994,0.00014395972416385294
0.23100000000000012,7.5009999999999994,0.0016550166224089946
0.23100000000000012,8.001,0.0026553825892411814
0.23100000000000012,8.501,0.0032690157342731285
0.23100000000000012,9.001,0.003586694512843977
0.23100000000000012,9.501,0.003675877350070564
0.23100000000000012,10.001,0.0035873331100364086
0.23100000000000012,10.501,0.0033596933601913043
0.23100000000000012,11.001,0.0030226359365841116
0.23100000000000012,11.501,0.0025991483282707395
0.23100000000000012,12.001,0.0021071608695330847
0.23100000000000012,12.501,0.0015607410693395246
0.23100000000000012,13.001,0.0009709776496276239
0.23100000000000012,13.501,0.00034664214328258836
0.23100000000000012,14.001,-0.00030531100108224796
0.23100000000000012,14.501,-0.0009793629318504216
0.23100000000000012,15.001,-0.001671136973404222
0.23100000000000012,15.501,-0.002377171243833444
0.23100000000000012,16.000999999999998,-0.003094741255614583
0.23100000000000012,16.500999999999998,-0.003821720678180332
0.23100000000000012,17.000999999999998,-0.0045564714779298895
0.23100000000000012,17.500999999999998,-0.005297756851758224
0.23100000000000012,18.000999999999998,-0.006044671980651312
0.23100000000000012,18.500999999999998,-0.00679658881957429
0.23100000000000012,19.000999999999998,-0.007553112026649378
0.23100000000000012,19.500999999999998,-0.008314043801350673
0.23100000000000012,20.000999999999998,-0.009079355907041535
0.23100000000000012,20.500999999999998,-0.00984916753997063
0.23100000000000012,21.000999999999998,-0.010623728005449307
0.23100000000000012,21.500999999999998,-0.011403403394807742
0.23100000000000012,22.000999999999998,-0.012188666640477346
0.23100000000000012,22.500999999999998,-0.012980090473584692
0.23100000000000012,23.000999999999998,-0.013778342928237208
0.23100000000000012,23.500999999999998,-0.014584185136505529
0.23100000000000012,24.000999999999998,-0.015398471243797021
0.23100000000000012,24.500999999999998,-0.016222150350610816
0.23100000000000012,25.000999999999998,-0.017056270457709397
0.23100000000000012,25.500999999999998,-0.017901984461280804
0.23100000000000012,26.000999999999998,-0.01876055831646716
0.23100000000000012,26.500999999999998,-0.019633381565612937
0.23100000000000012,27.000999999999998,-0.020521980516343775
0.23100000000000012,27.500999999999998,-0.021428034459574828
0.23100000000000012,28.000999999999998,-0.02235339544582788
0.23100000000000012,28.500999999999998,-0.023300112299051174
0.23100000000000012,29.000999999999998,-0.024270459753001586
0.23100000000000012,29.500999999999998,-0.025266973863543592
0.23100000000000012,30.000999999999998,-0.026292495205359475
0.23100000000000012,30.500999999999998,-0.027350221838571574
0.23100000000000012,31.000999999999998,-0.028443774680641746
0.23100000000000012,31.500999999999998,-0.029577278817047383
0.23100000000000012,32.001,-0.030755465544213136
0.23100000000000012,32.501,-0.031983801734108634
0.23100000000000012,33.001,-0.03326865571401552
0.23100000000000012,33.501,-0.03461751270225364
0.23100000000000012,34.001,-0.03603925864287119
0.23100000000000012,34.501,-0.03754456023508305
0.23100000000000012,35.001,-0.03914638312490089
0.23100000000000012,35.501,-0.04086071331467393
0.23100000000000012,36.001,-0.042707585713624055
0.23100000000000012,36.501,-0.04471259168967977
0.23100000000000012,37.001,-0.04690916153172731
0.23100000000000012,37.501,-0.04934215617976022
0.23100000000000012,38.001,-0.052073789987198374
0.23100000000000012,38.501,-0.055193980205407694
0.23100000000000012,39.001,-0.058839818323362894
0.23100000000000012,39.501,-0.063235966473375
0.23600000000000013,0.001,-0.846321359165818
0.23600000000000013,0.501,-1.6456903118069786
0.23600000000000013,1.001,-0.7301639764695133
0.23600000000000013,1.501,-0.36321365619959245
0.23600000000000013,2.001,-0.20887543073047954
0.23600000000000013,2.501,-0.12946691158980905
0.23600000000000013,3.001,-0.08363824789159696
0.23600000000000013,3.501,-0.05517847056138933
0.23600000000000013,4.0009999999999994,-0.03660661608775384
0.23600000000000013,4.5009999999999994,-0.02406423013987416
0.23600000000000013,5.0009999999999994,-0.015393163896303144
0.23600000000000013,5.5009999999999994,-0.009309314681335668
0.23600000000000013,6.0009999999999994,-0.005010499528480317
0.23600000000000013,6.5009999999999994,-0.0019754835162599793
0.23600000000000013,7.0009999999999994,0.0001455674094897018
0.23600000000000013,7.5009999999999994,0.001593894651127234
0.23600000000000013,8.001,0.0025397113307958352
0.23600000000000013,8.501,0.003105488712846778
0.23600000000000013,9.001,0.0033808432048882398
0.23600000000000013,9.501,0.0034323116761921513
0.23600000000000013,10.001,0.003309922557795053
0.23600000000000013,10.501,0.003051705461053919
0.23600000000000013,11.001,0.0026868435617813102
0.23600000000000013,11.501,0.002237913819320342
0.23600000000000013,12.001,0.00172250270755879
0.23600000000000013,12.501,0.0011543872074431943
0.23600000000000013,13.001,0.0005444085335230969
0.23600000000000013,13.501,-0.00009887433161857861
0.23600000000000013,14.001,-0.0007686909054969715
0.23600000000000013,14.501,-0.0014596828063334205
0.23600000000000013,15.001,-0.0021676144337788384
0.23600000000000013,15.501,-0.0028891489250403163
0.23600000000000013,16.000999999999998,-0.0036216734987951776
0.23600000000000013,16.500999999999998,-0.0043631624940280375
0.23600000000000013,17.000999999999998,-0.00511206941821183
0.23600000000000013,17.500999999999998,-0.005867241498007589
0.23600000000000013,18.000999999999998,-0.006627851819847735
0.23600000000000013,18.500999999999998,-0.007393345325241996
0.23600000000000013,19.000999999999998,-0.008163395803210613
0.23600000000000013,19.500999999999998,-0.00893787168207516
0.23600000000000013,20.000999999999998,-0.009716808923306314
0.23600000000000013,20.500999999999998,-0.010500389703148462
0.23600000000000013,21.000999999999998,-0.011288925863734603
0.23600000000000013,21.500999999999998,-0.012082846346585716
0.23600000000000013,22.000999999999998,-0.012882688004297019
0.23600000000000013,22.500999999999998,-0.013689089333164093
0.23600000000000013,23.000999999999998,-0.014502786789995462
0.23600000000000013,23.500999999999998,-0.015324613457675058
0.23600000000000013,24.000999999999998,-0.01615549991212957
0.23600000000000013,24.500999999999998,-0.016996477223112337
0.23600000000000013,25.000999999999998,-0.01784868209701818
0.23600000000000013,25.500999999999998,-0.018713364245853598
0.23600000000000013,26.000999999999998,-0.01959189614676709
0.23600000000000013,26.500999999999998,-0.020485785445728814
0.23600000000000013,27.000999999999998,-0.02139669036255601
0.23600000000000013,27.500999999999998,-0.02232643857924024
0.23600000000000013,28.000999999999998,-0.023277050248276577
0.23600000000000013,28.500999999999998,-0.024250765954231306
0.23600000000000013,29.000999999999998,-0.025250080716311518
0.23600000000000013,29.500999999999998,-0.026277785454978157
0.23600000000000013,30.000999999999998,-0.027337017794028896
0.23600000000000013,30.500999999999998,-0.028431324678064505
0.23600000000000013,31.000999999999998,-0.029564740123030953
0.23600000000000013,31.500999999999998,-0.030741882588326344
0.23600000000000013,32.001,-0.03196807812107348
0.23600000000000013,32.501,-0.03324951782290725
0.23600000000000013,33.001,-0.03459346171843923
0.23600000000000013,33.501,-0.03600850639922951
0.23600000000000013,34.001,-0.03750494194017287
0.23600000000000013,34.501,-0.0390952363614899
0.23600000000000013,35.001,-0.040794706574441834
0.23600000000000013,35.501,-0.042622469250776084
0.23600000000000013,36.001,-0.044602824791566964
0.23600000000000013,36.501,-0.046767335440201806
0.23600000000000013,37.001,-0.049158063224855
0.23600000000000013,37.501,-0.05183284514798232
0.23600000000000013,38.001,-0.05487437271991371
0.23600000000000013,38.501,-0.058406943886222015
0.23600000000000013,39.001,-0.06263031649432188
0.23600000000000013,39.501,-0.06789725497284245
0.24100000000000013,0.001,-0.859202986348957
0.24100000000000013,0.501,-1.7557018478113045
0.24100000000000013,1.001,-0.7247223659278906
0.24100000000000013,1.501,-0.3598367347084008
0.24100000000000013,2.001,-0.20656317313976225
0.24100000000000013,2.501,-0.12780481835499735
0.24100000000000013,3.001,-0.08241391676520649
0.24100000000000013,3.501,-0.05426832925233377
0.24100000000000013,4.0009999999999994,-0.035932390859183816
0.24100000000000013,4.5009999999999994,-0.023573218720822436
0.24100000000000013,5.0009999999999994,-0.015048212581427772
0.24100000000000013,5.5009999999999994,-0.009083276642233788
0.24100000000000013,6.0009999999999994,-0.004882964168239967
0.24100000000000013,6.5009999999999994,-0.0019307431423915278
0.24100000000000013,7.0009999999999994,0.00011983650155988901
0.24100000000000013,7.5009999999999994,0.0015075184596470004
0.24100000000000013,8.001,0.002400631765482615
0.24100000000000013,8.501,0.0029201994393718844
0.24100000000000013,9.001,0.0031547061474272997
0.24100000000000013,9.501,0.0031697913397489286
0.24100000000000013,10.001,0.003014762480275532
0.24100000000000013,10.501,0.0027270630973592613
0.24100000000000013,11.001,0.002335394775518654
0.24100000000000013,11.501,0.0018619347953049287
0.24100000000000013,12.001,0.0013239348447277588
0.24100000000000013,12.501,0.0007348890116526466
0.24100000000000013,13.001,0.00010539745830585867
0.24100000000000013,13.501,-0.0005561879057313923
0.24100000000000013,14.001,-0.0012432759060307524
0.24100000000000013,14.501,-0.0019506646666742206
0.24100000000000013,15.001,-0.002674256293492022
0.24100000000000013,15.501,-0.0034108360898163215
0.24100000000000013,16.000999999999998,-0.004157900581114864
0.24100000000000013,16.500999999999998,-0.004913522780775266
0.24100000000000013,17.000999999999998,-0.005676246108016814
0.24100000000000013,17.500999999999998,-0.006445000526471845
0.24100000000000013,18.000999999999998,-0.007219036050362657
0.24100000000000013,18.500999999999998,-0.007997869930814208
0.24100000000000013,19.000999999999998,-0.008781244703520867
0.24100000000000013,19.500999999999998,-0.009569094932169162
0.24100000000000013,20.000999999999998,-0.010361520977570496
0.24100000000000013,20.500999999999998,-0.011158768501960542
0.24100000000000013,21.000999999999998,-0.011961212711506755
0.24100000000000013,21.500999999999998,-0.01276934656981083
0.24100000000000013,22.000999999999998,-0.013583772397520531
0.24100000000000013,22.500999999999998,-0.014405196420364773
0.24100000000000013,23.000999999999998,-0.015234425949493407
0.24100000000000013,23.500999999999998,-0.01607236898130429
0.24100000000000013,24.000999999999998,-0.016920036095043785
0.24100000000000013,24.500999999999998,-0.017778544610474012
0.24100000000000013,25.000999999999998,-0.018649125049468723
0.24100000000000013,25.500999999999998,-0.01953313002905368
0.24100000000000013,26.000999999999998,-0.020432045803922876
0.24100000000000013,26.500999999999998,-0.02134750677927974
0.24100000000000013,27.000999999999998,-0.02228131343655086
0.24100000000000013,27.500999999999998,-0.023235454263519993
0.24100000000000013,28.000999999999998,-0.024212132467805157
0.24100000000000013,28.500999999999998,-0.025213798493518715
0.24100000000000013,29.000999999999998,-0.026243189676400734
0.24100000000000013,29.500999999999998,-0.02730337879256357
0.24100000000000013,30.000999999999998,-0.028397833823247204
0.24100000000000013,30.500999999999998,-0.029530492035780204
0.24100000000000013,31.000999999999998,-0.03070585256343311
0.24100000000000013,31.500999999999998,-0.03192909319706218
0.24100000000000013,32.001,-0.03320621930072371
0.24100000000000013,32.501,-0.03454425598168115
0.24100000000000013,33.001,-0.035951499447919075
0.24100000000000013,33.501,-0.037437850810825284
0.24100000000000013,34.001,-0.03901526703445829
0.24100000000000013,34.501,-0.04069838210383184
0.24100000000000013,35.001,-0.04250538189540089
0.24100000000000013,35.501,-0.044459268369959073
0.24100000000000013,36.001,-0.04658974178503343
0.24100000000000013,36.501,-0.04893610383618597
0.24100000000000013,37.001,-0.05155192952568929
0.24100000000000013,37.501,-0.054512986197079866
0.24100000000000013,38.001,-0.057931561169430296
0.24100000000000013,38.501,-0.061984672118715764
0.24100000000000013,39.001,-0.06697636512974982
0.24100000000000013,39.501,-0.07350019950069359
0.24600000000000014,0.001,-0.871980919198537
0.24600000000000014,0.501,-1.9452602864037383
0.24600000000000014,1.001,-0.7194505963025807
0.24600000000000014,1.501,-0.3565780648484337
0.24600000000000014,2.001,-0.20434200992489904
0.24600000000000014,2.501,-0.1262168621740675
0.24600000000000014,3.001,-0.08125203407096354
0.24600000000000014,3.501,-0.05341204056485055
0.24600000000000014,4.0009999999999994,-0.03530540131564393
0.24600000000000014,4.5009999999999994,-0.023124173587152685
0.24600000000000014,5.0009999999999994,-0.014740920236790633
0.24600000000000014,5.5009999999999994,-0.008891303220509128
0.24600000000000014,6.0009999999999994,-0.004786443599524209
0.24600000000000014,6.5009999999999994,-0.0019143941320236557
0.24600000000000014,7.0009999999999994,0.00006799666160592355
0.24600000000000014,7.5009999999999994,0.001397038111098703
0.24600000000000014,8.001,0.0022392231759771897
0.24600000000000014,8.501,0.002714163721085683
0.24600000000000014,9.001,0.002909241792520334
0.24600000000000014,9.501,0.002889222616265688
0.24600000000000014,10.001,0.0027027113968033645
0.24600000000000014,10.501,0.002386580834500482
0.24600000000000014,11.001,0.0019690634821185327
0.24600000000000014,11.501,0.0014719473680681883
0.24600000000000014,12.001,0.000912158112070599
0.24600000000000014,12.501,0.000302914240628515
0.24600000000000014,13.001,-0.0003454189414123371
0.24600000000000014,13.501,-0.0010246913455436643
0.24600000000000014,14.001,-0.0017284866445962943
0.24600000000000014,14.501,-0.002451755679095363
0.24600000000000014,15.001,-0.003190535048231663
0.24600000000000014,15.501,-0.003941729510132316
0.24600000000000014,16.000999999999998,-0.004702942627837076
0.24600000000000014,16.500999999999998,-0.005472344215438331
0.24600000000000014,17.000999999999998,-0.006248566089714205
0.24600000000000014,17.500999999999998,-0.007030619769544291
0.24600000000000014,18.000999999999998,-0.00781783132840394
0.24600000000000014,18.500999999999998,-0.008609789759360192
0.24600000000000014,19.000999999999998,-0.009406306072082496
0.24600000000000014,19.500999999999998,-0.010207380988164372
0.24600000000000014,20.000999999999998,-0.011013179591960881
0.24600000000000014,20.500999999999998,-0.011824011670330183
0.24600000000000014,21.000999999999998,-0.012640316766115274
0.24600000000000014,21.500999999999998,-0.01346265319875837
0.24600000000000014,22.000999999999998,-0.014291690487502232
0.24600000000000014,22.500999999999998,-0.015128204760441955
0.24600000000000014,23.000999999999998,-0.01597307685577102
0.24600000000000014,23.500999999999998,-0.016827292927422542
0.24600000000000014,24.000999999999998,-0.01769194746212139
0.24600000000000014,24.500999999999998,-0.018568248704049266
0.24600000000000014,25.000999999999998,-0.0194575265718755
0.24600000000000014,25.500999999999998,-0.020361243245888283
0.24600000000000014,26.000999999999998,-0.021281006705882177
0.24600000000000014,26.500999999999998,-0.022218587619783632
0.24600000000000014,27.000999999999998,-0.023175940126771134
0.24600000000000014,27.500999999999998,-0.024155227237338782
0.24600000000000014,28.000999999999998,-0.02515885180041426
0.24600000000000014,28.500999999999998,-0.026189494283724024
0.24600000000000014,29.000999999999998,-0.027250159005409634
0.24600000000000014,29.500999999999998,-0.02834423098171588
0.24600000000000014,30.000999999999998,-0.02947554627465017
0.24600000000000014,30.500999999999998,-0.030648479719843483
0.24600000000000014,31.000999999999998,-0.0318680553169204
0.24600000000000014,31.500999999999998,-0.03314008657023697
0.24600000000000014,32.001,-0.034471356987581886
0.24600000000000014,32.501,-0.035869855277403585
0.24600000000000014,33.001,-0.03734508635259121
0.24600000000000014,33.501,-0.038908489439351185
0.24600000000000014,34.001,-0.04057401082269023
0.24600000000000014,34.501,-0.042358905396309016
0.24600000000000014,35.001,-0.04428488639287896
0.24600000000000014,35.501,-0.04637982244058168
0.24600000000000014,36.001,-0.04868032836297077
0.24600000000000014,36.501,-0.05123588295897069
0.24600000000000014,37.001,-0.054115702640364124
0.24600000000000014,37.501,-0.05742093817769396
0.24600000000000014,38.001,-0.06130808335739771
0.24600000000000014,38.501,-0.06603887437493285
0.24600000000000014,39.001,-0.07210375034560099
0.24600000000000014,39.501,-0.08060743755847706
0.2510000000000001,0.001,-0.8846572633873833
0.2510000000000001,0.501,-2.0672090882527288
0.2510000000000001,1.001,-0.7143420128542817
0.2510000000000001,1.501,-0.3534329882240902
0.2510000000000001,2.001,-0.2022083283097324
0.2510000000000001,2.501,-0.12470007960587265
0.2510000000000001,3.001,-0.08015008144836804
0.2510000000000001,3.501,-0.052607411673222415
0.2510000000000001,4.0009999999999994,-0.034723703972264874
0.2510000000000001,4.5009999999999994,-0.02271534895935623
0.2510000000000001,5.0009999999999994,-0.01446970213583501
0.2510000000000001,5.5009999999999994,-0.008731943764097055
0.2510000000000001,6.0009999999999994,-0.004719600798158738
0.2510000000000001,6.5009999999999994,-0.001925197215435881
0.2510000000000001,7.0009999999999994,-8.798021020328672e-6
0.2510000000000001,7.5009999999999994,0.0012635326472804076
0.2510000000000001,8.001,0.0020564978435144016
0.2510000000000001,8.501,0.0024883339436263044
0.2510000000000001,9.001,0.002645348381454554
0.2510000000000001,9.501,0.0025914544687682863
0.2510000000000001,10.001,0.0023745731453726215
0.2510000000000001,10.501,0.002031020957568963
0.2510000000000001,11.001,0.0015885735068466127
0.2510000000000001,11.501,0.0010686395969861026
0.2510000000000001,12.001,0.0004878271610348067
0.2510000000000001,12.501,-0.00014091378980407576
0.2510000000000001,13.001,-0.0008074468584492872
0.2510000000000001,13.501,-0.0015038187383945509
0.2510000000000001,14.001,-0.0022237836756150743
0.2510000000000001,14.501,-0.0029624416032534434
0.2510000000000001,15.001,-0.0037159605497375375
0.2510000000000001,15.501,-0.004481362151961418
0.2510000000000001,16.000999999999998,-0.005256354866232042
0.2510000000000001,16.500999999999998,-0.006039203550795846
0.2510000000000001,17.000999999999998,-0.006828627017550604
0.2510000000000001,17.500999999999998,-0.007623717267440539
0.2510000000000001,18.000999999999998,-0.008423875672101296
0.2510000000000001,18.500999999999998,-0.009228762507320638
0.2510000000000001,19.000999999999998,-0.010038257095663819
0.2510000000000001,19.500999999999998,-0.010852426456289033
0.2510000000000001,20.000999999999998,-0.011671500846451
0.2510000000000001,20.500999999999998,-0.012495854952345412
0.2510000000000001,21.000999999999998,-0.013325993776483979
0.2510000000000001,21.500999999999998,-0.014162542496470282
0.2510000000000001,22.000999999999998,-0.015006239752173064
0.2510000000000001,22.500999999999998,-0.015857933967127237
0.2510000000000001,23.000999999999998,-0.01671858243509912
0.2510000000000001,23.500999999999998,-0.01758925301179913
0.2510000000000001,24.000999999999998,-0.01847112835110283
0.2510000000000001,24.500999999999998,-0.019365512720570202
0.2510000000000001,25.000999999999998,-0.02027384152803592
0.2510000000000001,25.500999999999998,-0.021197693795250865
0.2510000000000001,26.000999999999998,-0.022138807932465705
0.2510000000000001,26.500999999999998,-0.023099101307183085
0.2510000000000001,27.000999999999998,-0.024080694270989658
0.2510000000000001,27.500999999999998,-0.025085939523477152
0.2510000000000001,28.000999999999998,-0.026117457969682616
0.2510000000000001,28.500999999999998,-0.027178182592196447
0.2510000000000001,29.000999999999998,-0.028271412346764335
0.2510000000000001,29.500999999999998,-0.029400878752530134
0.2510000000000001,30.000999999999998,-0.03057082876144487
0.2510000000000001,30.500999999999998,-0.031786128770524426
0.2510000000000001,31.000999999999998,-0.033052396461310016
0.2510000000000001,31.500999999999998,-0.03437616978741485
0.2510000000000001,32.001,-0.03576512632119616
0.2510000000000001,32.501,-0.03722837202956716
0.2510000000000001,33.001,-0.038776827576176065
0.2510000000000001,33.501,-0.04042375451363256
0.2510000000000001,34.001,-0.042185486930007274
0.2510000000000001,34.501,-0.044082473089241125
0.2510000000000001,35.001,-0.046140799567906954
0.2510000000000001,35.501,-0.048394494137761035
0.2510000000000001,36.001,-0.05088914071717912
0.2510000000000001,36.501,-0.05368782235148513
0.2510000000000001,37.001,-0.05688146627417161
0.2510000000000001,37.501,-0.06060820987745819
0.2510000000000001,38.001,-0.06509330613645438
0.2510000000000001,38.501,-0.07074310447262336
0.2510000000000001,39.001,-0.07841589488207021
0.2510000000000001,39.501,-0.09053600474843354
0.2560000000000001,0.001,-0.8972340406577365
0.2560000000000001,0.501,-2.056839615649653
0.2560000000000001,1.001,-0.7093903494244191
0.2560000000000001,1.501,-0.35039711886198377
0.2560000000000001,2.001,-0.20015872713272564
0.2560000000000001,2.501,-0.12325168109021661
0.2560000000000001,3.001,-0.07910568858334219
0.2560000000000001,3.501,-0.051852378934096985
0.2560000000000001,4.0009999999999994,-0.0341854701103588
0.2560000000000001,4.5009999999999994,-0.022345102426354638
0.2560000000000001,5.0009999999999994,-0.014233067668511207
0.2560000000000001,5.5009999999999994,-0.008603834067475058
0.2560000000000001,6.0009999999999994,-0.004681178717372225
0.2560000000000001,6.5009999999999994,-0.001961987564799955
0.2560000000000001,7.0009999999999994,-0.00010946310391887759
0.2560000000000001,7.5009999999999994,0.0011080156604774405
0.2560000000000001,8.001,0.0018534063080911656
0.2560000000000001,8.501,0.002243604054072021
0.2560000000000001,9.001,0.0023638686795396102
0.2560000000000001,9.501,0.0022772830588624225
0.2560000000000001,10.001,0.0020311011909752083
0.2560000000000001,10.501,0.0016610975949991058
0.2560000000000001,11.001,0.0011946025505446163
0.2560000000000001,11.501,0.0006526552882674813
0.2560000000000001,12.001,0.00005155411945201305
0.2560000000000001,12.501,-0.0005960126834497759
0.2560000000000001,13.001,-0.0012801319132424716
0.2560000000000001,13.501,-0.0019930422077522048
0.2560000000000001,14.001,-0.002728664288979707
0.2560000000000001,14.501,-0.003482243716284042
0.2560000000000001,15.001,-0.004250077025022586
0.2560000000000001,15.501,-0.005029300284403464
0.2560000000000001,16.000999999999998,-0.005817724819892414
0.2560000000000001,16.500999999999998,-0.006613708890701522
0.2560000000000001,17.000999999999998,-0.0074160570102423315
0.2560000000000001,17.500999999999998,-0.00822394069480649
0.2560000000000001,18.000999999999998,-0.009036835959306475
0.2560000000000001,18.500999999999998,-0.009854474011100671
0.2560000000000001,19.000999999999998,-0.010676802436738311
0.2560000000000001,19.500999999999998,-0.011503954811261444
0.2560000000000001,20.000999999999998,-0.01233622714202652
0.2560000000000001,20.500999999999998,-0.013174059929377549
0.2560000000000001,21.000999999999998,-0.014018024914418142
0.2560000000000001,21.500999999999998,-0.014868815811257933
0.2560000000000001,22.000999999999998,-0.01572724250368497
0.2560000000000001,22.500999999999998,-0.016594228336528932
0.2560000000000001,23.000999999999998,-0.017470810259708223
0.2560000000000001,23.500999999999998,-0.018358141695947044
0.2560000000000001,24.000999999999998,-0.019257498108032615
0.2560000000000001,24.500999999999998,-0.02017028534446621
0.2560000000000001,25.000999999999998,-0.021098050949442164
0.2560000000000001,25.500999999999998,-0.022042498740830172
0.2560000000000001,26.000999999999998,-0.023005507095802395
0.2560000000000001,26.500999999999998,-0.02398915154736703
0.2560000000000001,27.000999999999998,-0.024995732498525214
0.2560000000000001,27.500999999999998,-0.026027809120570528
0.2560000000000001,28.000999999999998,-0.02708824084092478
0.2560000000000001,28.500999999999998,-0.028180238276195813
0.2560000000000001,29.000999999999998,-0.02930742607428048
0.2560000000000001,29.500999999999998,-0.030473920963695417
0.2560000000000001,30.000999999999998,-0.03168442947091928
0.2560000000000001,30.500999999999998,-0.032944371412707216
0.2560000000000001,31.000999999999998,-0.03426003764113222
0.2560000000000001,31.500999999999998,-0.03563879399649037
0.2560000000000001,32.001,-0.03708934862656911
0.2560000000000001,32.501,-0.03862210779039712
0.2560000000000001,33.001,-0.04024965774292935
0.2560000000000001,33.501,-0.04198743040625007
0.2560000000000001,34.001,-0.043854643966868674
0.2560000000000001,34.501,-0.04587566714775861
0.2560000000000001,35.001,-0.048082059351444086
0.2560000000000001,35.501,-0.05051573382732387
0.2560000000000001,36.001,-0.0532340801538888
0.2560000000000001,36.501,-0.056318715001657124
0.2560000000000001,37.001,-0.05989147237823653
0.2560000000000001,37.501,-0.06414630323336253
0.2560000000000001,38.001,-0.06942102242605606
0.2560000000000001,38.501,-0.07638971881652441
0.2560000000000001,39.001,-0.08675374203584227
0.2560000000000001,39.501,-0.10802776056009941
0.2610000000000001,0.001,-0.9097131937415737
0.2610000000000001,0.501,-2.04674842058145
0.2610000000000001,1.001,-0.7045896987628701
0.2610000000000001,1.501,-0.3474663223959294
0.2610000000000001,2.001,-0.19819000066772124
0.2610000000000001,2.501,-0.12186903764520167
0.2610000000000001,3.001,-0.07811662187518328
0.2610000000000001,3.501,-0.05114499799175104
0.2610000000000001,4.0009999999999994,-0.03368897698199144
0.2610000000000001,4.5009999999999994,-0.022011887019263716
0.2610000000000001,5.0009999999999994,-0.014029613120591367
0.2610000000000001,5.5009999999999994,-0.008505689735829994
0.2610000000000001,6.0009999999999994,-0.004669994145119788
0.2610000000000001,6.5009999999999994,-0.002023669073298739
0.2610000000000001,7.0009999999999994,-0.0002329784358889031
0.2610000000000001,7.5009999999999994,0.0009314403298686415
0.2610000000000001,8.001,0.0016308421230516873
0.2610000000000001,8.501,0.001980814064865083
0.2610000000000001,9.001,0.00206559425552838
0.2610000000000001,9.501,0.001947455823816691
0.2610000000000001,10.001,0.0016730025193061465
0.2610000000000001,10.501,0.0012774804452248129
0.2610000000000001,11.001,0.0007877857634020491
0.2610000000000001,11.501,0.0002245974281916696
0.2610000000000001,12.001,-0.0003960881049276527
0.2610000000000001,12.501,-0.0010618377803622916
0.2610000000000001,13.001,-0.001762956082185501
0.2610000000000001,13.501,-0.002491868945774537
0.2610000000000001,14.001,-0.0032426596401800567
0.2610000000000001,14.501,-0.004010716034543511
0.2610000000000001,15.001,-0.004792460384441595
0.2610000000000001,15.501,-0.005585140869350511
0.2610000000000001,16.000999999999998,-0.006386669775789902
0.2610000000000001,16.500999999999998,-0.007195497230801522
0.2610000000000001,17.000999999999998,-0.008010512262065117
0.2610000000000001,17.500999999999998,-0.008830965039319696
0.2610000000000001,18.000999999999998,-0.009656405671250229
0.2610000000000001,18.500999999999998,-0.010486636053750605
0.2610000000000001,19.000999999999998,-0.011321672101577675
0.2610000000000001,19.500999999999998,-0.012161714324648937
0.2610000000000001,20.000999999999998,-0.013007125188667428
0.2610000000000001,20.500999999999998,-0.013858412067619605
0.2610000000000001,21.000999999999998,-0.01471621488230395
0.2610000000000001,21.500999999999998,-0.015581297745981694
0.2610000000000001,22.000999999999998,-0.01645454412168373
0.2610000000000001,22.500999999999998,-0.017336955148046215
0.2610000000000001,23.000999999999998,-0.01822965092158286
0.2610000000000001,23.500999999999998,-0.019133874641064967
0.2610000000000001,24.000999999999998,-0.020050999631272062
0.2610000000000001,24.500999999999998,-0.020982539375359464
0.2610000000000001,25.000999999999998,-0.02193016080432287
0.2610000000000001,25.500999999999998,-0.02289570122600061
0.2610000000000001,26.000999999999998,-0.023881189433838122
0.2610000000000001,26.500999999999998,-0.02488887172864953
0.2610000000000001,27.000999999999998,-0.025921243830068025
0.2610000000000001,27.500999999999998,-0.02698108996902889
0.2610000000000001,28.000999999999998,-0.028071530867567897
0.2610000000000001,28.500999999999998,-0.029196082869250704
0.2610000000000001,29.000999999999998,-0.030358731243394707
0.2610000000000001,29.500999999999998,-0.031564021739410225
0.2610000000000001,30.000999999999998,-0.032817175950692425
0.2610000000000001,30.500999999999998,-0.03412423817138101
0.2610000000000001,31.000999999999998,-0.035492264525630354
0.2610000000000001,31.500999999999998,-0.0369295697516998
0.2610000000000001,32.001,-0.038446054012606215
0.2610000000000001,32.501,-0.04005364297367855
0.2610000000000001,33.001,-0.041766891742557495
0.2610000000000001,33.501,-0.04360383182372416
0.2610000000000001,34.001,-0.045587188860416385
0.2610000000000001,34.501,-0.04774618504258612
0.2610000000000001,35.001,-0.0501192997100129
0.2610000000000001,35.501,-0.05275867419504067
0.2610000000000001,36.001,-0.055737499965176227
0.2610000000000001,36.501,-0.05916320768716068
0.2610000000000001,37.001,-0.0632029804583012
0.2610000000000001,37.501,-0.06813872885738706
0.2610000000000001,38.001,-0.07450528715151573
0.2610000000000001,38.501,-0.08353364286797663
0.2610000000000001,39.001,-0.09944014906177587
0.2610000000000001,39.501,-0.12070261153568841
0.2660000000000001,0.001,-0.922096590903694
0.2660000000000001,0.501,-2.036925268639136
0.2660000000000001,1.001,-0.6999344856393778
0.2660000000000001,1.501,-0.34463669720541856
0.2660000000000001,2.001,-0.19629912396375918
0.2660000000000001,2.501,-0.12054966881411011
0.2660000000000001,3.001,-0.07718077416848301
0.2660000000000001,3.501,-0.05048343481357542
0.2660000000000001,4.0009999999999994,-0.03323259984176269
0.2660000000000001,4.5009999999999994,-0.02171424403092559
0.2660000000000001,5.0009999999999994,-0.01385801513263743
0.2660000000000001,5.5009999999999994,-0.008436300174051309
0.2660000000000001,6.0009999999999994,-0.004684932139995324
0.2660000000000001,6.5009999999999994,-0.002109209173281293
0.2660000000000001,7.0009999999999994,-0.00037838330596282055
0.2660000000000001,7.5009999999999994,0.0007347039830958371
0.2660000000000001,8.001,0.0013896461612762367
0.2660000000000001,8.501,0.0017007541328495357
0.2660000000000001,9.001,0.0017512693572052027
0.2660000000000001,9.501,0.00160267516879109
0.2660000000000001,10.001,0.0013009411627980388
0.2660000000000001,10.501,0.0008807981513095781
0.2660000000000001,11.001,0.0003687189809963073
0.2660000000000001,11.501,-0.00021496870825962397
0.2660000000000001,12.001,-0.0008545628334088173
0.2660000000000001,12.501,-0.0015378792747979542
0.2660000000000001,13.001,-0.002255434916936916
0.2660000000000001,13.501,-0.0029998385272131944
0.2660000000000001,14.001,-0.003765332152788889
0.2660000000000001,14.501,-0.004547442799340568
0.2660000000000001,15.001,-0.00534271578589663
0.2660000000000001,15.501,-0.0061485091999362584
0.2660000000000001,16.000999999999998,-0.006962834493207101
0.2660000000000001,16.500999999999998,-0.007784232234629235
0.2660000000000001,17.000999999999998,-0.008611674883209477
0.2660000000000001,17.500999999999998,-0.009444490503794728
0.2660000000000001,18.000999999999998,-0.01028230285429213
0.2660000000000001,18.500999999999998,-0.011124984384646222
0.2660000000000001,19.000999999999998,-0.011972619516571928
0.2660000000000001,19.500999999999998,-0.012825476196992296
0.2660000000000001,20.000999999999998,-0.01368398419295087
0.2660000000000001,20.500999999999998,-0.014548718961430979
0.2660000000000001,21.000999999999998,-0.015420390213165325
0.2660000000000001,21.500999999999998,-0.016299834516636302
0.2660000000000001,22.000999999999998,-0.017188011473294393
0.2660000000000001,22.500999999999998,-0.018086003149975854
0.2660000000000001,23.000999999999998,-0.018995016589604494
0.2660000000000001,23.500999999999998,-0.019916389344858912
0.2660000000000001,24.000999999999998,-0.020851598099049268
0.2660000000000001,24.500999999999998,-0.02180227056126189
0.2660000000000001,25.000999999999998,-0.022770200956567482
0.2660000000000001,25.500999999999998,-0.023757369585550046
0.2660000000000001,26.000999999999998,-0.02476596711147549
0.2660000000000001,26.500999999999998,-0.025798424462085703
0.2660000000000001,27.000999999999998,-0.026857449525239226
0.2660000000000001,27.500999999999998,-0.027946072199683345
0.2660000000000001,28.000999999999998,-0.029067699871417267
0.2660000000000001,28.500999999999998,-0.03022618607647977
0.2660000000000001,29.000999999999998,-0.03142591606227131
0.2660000000000001,29.500999999999998,-0.032671914291581644
0.2660000000000001,30.000999999999998,-0.033969980829917694
0.2660000000000001,30.500999999999998,-0.03532686630434021
0.2660000000000001,31.000999999999998,-0.03675049917895
0.2660000000000001,31.500999999999998,-0.03825028520759534
0.2660000000000001,32.001,-0.03983750835621671
0.2660000000000001,32.501,-0.041525877410393625
0.2660000000000001,33.001,-0.04333228678411255
0.2660000000000001,33.501,-0.04527790093045178
0.2660000000000001,34.001,-0.047389743170651435
0.2660000000000001,34.501,-0.049703100054899516
0.2660000000000001,35.001,-0.0522653025854837
0.2660000000000001,35.501,-0.05514195648807546
0.2660000000000001,36.001,-0.058427817617804675
0.2660000000000001,36.501,-0.06226722369125607
0.2660000000000001,37.001,-0.06689639833317432
0.2660000000000001,37.501,-0.0727437669835764
0.2660000000000001,38.001,-0.08072222664114705
0.2660000000000001,38.501,-0.0934575064133262
0.2660000000000001,39.001,-0.13117225026159746
0.2660000000000001,39.501,-0.09026220290140063
0.27100000000000013,0.001,-0.9343860301430758
0.27100000000000013,0.501,-2.027360489284788
0.27100000000000013,1.001,-0.6954194424306616
0.27100000000000013,1.501,-0.3419045572913703
0.27100000000000013,2.001,-0.19448323953579544
0.27100000000000013,2.501,-0.11929123172345574
0.27100000000000013,3.001,-0.07629615543210033
0.27100000000000013,3.501,-0.049865957552727866
0.27100000000000013,4.0009999999999994,-0.0328148047141392
0.27100000000000013,4.5009999999999994,-0.02145079649853368
0.27100000000000013,5.0009999999999994,-0.013717024763239855
0.27100000000000013,5.5009999999999994,-0.008394523131236342
0.27100000000000013,6.0009999999999994,-0.00472494098153281
0.27100000000000013,6.5009999999999994,-0.002217634133627272
0.27100000000000013,7.0009999999999994,-0.0005447720412000701
0.27100000000000013,7.5009999999999994,0.0005186522357228107
0.27100000000000013,8.001,0.0011306105227679997
0.27100000000000013,8.501,0.001404168260623062
0.27100000000000013,9.001,0.0014215944280115689
0.27100000000000013,9.501,0.001243601816969489
0.27100000000000013,10.001,0.0009155413998422346
0.27100000000000013,10.501,0.0004716413626695143
0.27100000000000013,11.001,-0.00006203833985433949
0.27100000000000013,11.501,-0.0006655127372851496
0.27100000000000013,12.001,-0.0013233669030945083
0.27100000000000013,12.501,-0.0020236596010078656
0.27100000000000013,13.001,-0.002757115022356857
0.27100000000000013,13.501,-0.00351652047338559
0.27100000000000013,14.001,-0.004296273163049591
0.27100000000000013,14.501,-0.005092036197311657
0.27100000000000013,15.001,-0.0059004754267237836
0.27100000000000013,15.501,-0.006719056760127601
0.27100000000000013,16.000999999999998,-0.007545889127680318
0.27100000000000013,16.500999999999998,-0.008379602218949081
0.27100000000000013,17.000999999999998,-0.00921925094396435
0.27100000000000013,17.500999999999998,-0.010064240607027472
0.27100000000000013,18.000999999999998,-0.010914268275614605
0.27100000000000013,18.500999999999998,-0.01176927692861604
0.27100000000000013,19.000999999999998,-0.01262941978979018
0.27100000000000013,19.500999999999998,-0.013495032871253275
0.27100000000000013,20.000999999999998,-0.014366614223360927
0.27100000000000013,20.500999999999998,-0.015244808751098939
0.27100000000000013,21.000999999999998,-0.016130397742189724
0.27100000000000013,21.500999999999998,-0.01702429247985974
0.27100000000000013,22.000999999999998,-0.017927531499968605
0.27100000000000013,22.500999999999998,-0.018841281210472446
0.27100000000000013,23.000999999999998,-0.019766839731273668
0.27100000000000013,23.500999999999998,-0.020705643943092832
0.27100000000000013,24.000999999999998,-0.021659279863114736
0.27100000000000013,24.500999999999998,-0.02262949660088273
0.27100000000000013,25.000999999999998,-0.02361822429900315
0.27100000000000013,25.500999999999998,-0.024627596640077083
0.27100000000000013,26.000999999999998,-0.025659978717022556
0.27100000000000013,26.500999999999998,-0.02671800133584762
0.27100000000000013,27.000999999999998,-0.027804603171737788
0.27100000000000013,27.500999999999998,-0.02892308266429993
0.27100000000000013,28.000999999999998,-0.030077162163847863
0.27100000000000013,28.500999999999998,-0.03127106769791445
0.27100000000000013,29.000999999999998,-0.03250962892039629
0.27100000000000013,29.500999999999998,-0.033798405494243594
0.27100000000000013,30.000999999999998,-0.035143848589509745
0.27100000000000013,30.500999999999998,-0.03655350974348005
0.27100000000000013,31.000999999999998,-0.0380363146635497
0.27100000000000013,31.500999999999998,-0.039602927712676636
0.27100000000000013,32.001,-0.041266245608570944
0.27100000000000013,32.501,-0.043042079481901176
0.27100000000000013,33.001,-0.044950118713760395
0.27100000000000013,33.501,-0.04701532903339853
0.27100000000000013,34.001,-0.049270043416692146
0.27100000000000013,34.501,-0.05175720421461864
0.27100000000000013,35.001,-0.054535613941874124
0.27100000000000013,35.501,-0.05768890597658791
0.27100000000000013,36.001,-0.06134193806742132
0.27100000000000013,36.501,-0.06569349910778942
0.27100000000000013,37.001,-0.07108987718512585
0.27100000000000013,37.501,-0.07822216554953199
0.27100000000000013,38.001,-0.08883484146522157
0.27100000000000013,38.501,-0.11063240133472658
0.27100000000000013,39.001,-0.10222378135848614
0.27100000000000013,39.501,-0.0781792638037658
0.27600000000000013,0.001,-0.9465832430840198
0.27600000000000013,0.501,-2.0180449351634646
0.27600000000000013,1.001,-0.6910395869143292
0.27600000000000013,1.501,-0.33926641670045504
0.27600000000000013,2.001,-0.19273964525953263
0.27600000000000013,2.501,-0.11809151113142125
0.27600000000000013,3.001,-0.07546088428216505
0.27600000000000013,3.501,-0.04929092914796507
0.27600000000000013,4.0009999999999994,-0.032434141816284
0.27600000000000013,4.5009999999999994,-0.021220243277180313
0.27600000000000013,5.0009999999999994,-0.013605462090740233
0.27600000000000013,5.5009999999999994,-0.00837927974021202
0.27600000000000013,6.0009999999999994,-0.004789027578862931
0.27600000000000013,6.5009999999999994,-0.0023480247841080604
0.27600000000000013,7.0009999999999994,-0.0007312900043175419
0.27600000000000013,7.5009999999999994,0.00028408275459836096
0.27600000000000013,8.001,0.0008544820871015657
0.27600000000000013,8.501,0.0010917576613853341
0.27600000000000013,9.001,0.0010772293038672186
0.27600000000000013,9.501,0.0008708578549238843
0.27600000000000013,10.001,0.0005173906628589409
0.27600000000000013,10.501,0.00005056551803654663
0.27600000000000013,11.001,-0.0005039604526678454
0.27600000000000013,11.501,-0.0011265366031823904
0.27600000000000013,12.001,-0.0018020282010853123
0.27600000000000013,12.501,-0.002518731057633214
0.27600000000000013,13.001,-0.003267571764850846
0.27600000000000013,13.501,-0.00404151203893216
0.27600000000000013,14.001,-0.0048351007801404125
0.27600000000000013,14.501,-0.005644134289847315
0.27600000000000013,15.001,-0.006465396538423068
0.27600000000000013,15.501,-0.007296459281354306
0.27600000000000013,16.000999999999998,-0.00813552734652169
0.27600000000000013,16.500999999999998,-0.008981318325555543
0.27600000000000013,17.000999999999998,-0.009832968700540429
0.27600000000000013,17.500999999999998,-0.010689960461750789
0.27600000000000013,18.000999999999998,-0.011552063751785455
0.27600000000000013,18.500999999999998,-0.012419292163966207
0.27600000000000013,19.000999999999998,-0.013291868137730676
0.27600000000000013,19.500999999999998,-0.014170196508022287
0.27600000000000013,20.000999999999998,-0.015054844734214208
0.27600000000000013,20.500999999999998,-0.01594652869637153
0.27600000000000013,21.000999999999998,-0.016846103231536236
0.27600000000000013,21.500999999999998,-0.017754556811638886
0.27600000000000013,22.000999999999998,-0.018673009953911635
0.27600000000000013,22.500999999999998,-0.01960271711708929
0.27600000000000013,23.000999999999998,-0.020545071982767144
0.27600000000000013,23.500999999999998,-0.02150161616022895
0.27600000000000013,24.000999999999998,-0.022474051493563112
0.27600000000000013,24.500999999999998,-0.02346425630097851
0.27600000000000013,25.000999999999998,-0.02447430604805089
0.27600000000000013,25.500999999999998,-0.025506499161549245
0.27600000000000013,26.000999999999998,-0.026563388944429146
0.27600000000000013,26.500999999999998,-0.027647822876951
0.27600000000000013,27.000999999999998,-0.028762991013449098
0.27600000000000013,27.500999999999998,-0.029912485751376797
0.27600000000000013,28.000999999999998,-0.031100376020462995
0.27600000000000013,28.500999999999998,-0.03233130000640408
0.27600000000000013,29.000999999999998,-0.03361058202326982
0.27600000000000013,29.500999999999998,-0.03494438129398826
0.27600000000000013,30.000999999999998,-0.03633988352254603
0.27600000000000013,30.500999999999998,-0.03780555078133436
0.27600000000000013,31.000999999999998,-0.03935145227620743
0.27600000000000013,31.500999999999998,-0.040989709486627675
0.27600000000000013,32.001,-0.04273510661977269
0.27600000000000013,32.501,-0.0446059459801679
0.27600000000000013,33.001,-0.04662527658810661
0.27600000000000013,33.501,-0.04882271053933221
0.27600000000000013,34.001,-0.05123720103636969
0.27600000000000013,34.501,-0.05392146739337539
0.27600000000000013,35.001,-0.05694940109287497
0.27600000000000013,35.501,-0.06042925072252686
0.27600000000000013,36.001,-0.0645290353387551
0.27600000000000013,36.501,-0.06953103127201826
0.27600000000000013,37.001,-0.07596772411636156
0.27600000000000013,37.501,-0.0850523675137224
0.27600000000000013,38.001,-0.10083903139574645
0.27600000000000013,38.501,-0.1286621841649922
0.27600000000000013,39.001,-0.08504684616709546
0.27600000000000013,39.501,-0.07040974677264832
0.28100000000000014,0.001,-0.9586898985851988
0.28100000000000014,0.501,-2.008969945026561
0.28100000000000014,1.001,-0.6867902020341592
0.28100000000000014,1.501,-0.3367189753327273
0.28100000000000014,2.001,-0.19106578334183133
0.28100000000000014,2.501,-0.11694841036091982
0.28100000000000014,3.001,-0.07467318025899215
0.28100000000000014,3.501,-0.04875680058190729
0.28100000000000014,4.0009999999999994,-0.032089239566347794
0.28100000000000014,4.5009999999999994,-0.021021353641146046
0.28100000000000014,5.0009999999999994,-0.013522211295863645
0.28100000000000014,5.5009999999999994,-0.00838954999912278
0.28100000000000014,6.0009999999999994,-0.004876253288688265
0.28100000000000014,6.5009999999999994,-0.0024995126210446954
0.28100000000000014,7.0009999999999994,-0.000937129948369253
0.28100000000000014,7.5009999999999994,0.00003174868539307374
0.28100000000000014,8.001,0.0005619657487710983
0.28100000000000014,8.501,0.000764183823339204
0.28100000000000014,9.001,0.0007187961244399573
0.28100000000000014,9.501,0.00048502950585684046
0.28100000000000014,10.001,0.00010704218640844587
0.28100000000000014,10.501,-0.0003819066204591298
0.28100000000000014,11.001,-0.0009565528916459787
0.28100000000000014,11.501,-0.001597572244750961
0.28100000000000014,12.001,-0.002290103419616857
0.28100000000000014,12.501,-0.003022673645139376
0.28100000000000014,13.001,-0.0037864071864247006
0.28100000000000014,13.501,-0.004574436197482337
0.28100000000000014,14.001,-0.00538145793901499
0.28100000000000014,14.501,-0.0062033991291772506
0.28100000000000014,15.001,-0.007037159562515716
0.28100000000000014,15.501,-0.007880414975073913
0.28100000000000014,16.000999999999998,-0.008731464615417905
0.28100000000000014,16.500999999999998,-0.009589112859584997
0.28100000000000014,17.000999999999998,-0.010452576983125031
0.28100000000000014,17.500999999999998,-0.01132141521080271
0.28100000000000014,18.000999999999998,-0.01219547063176804
0.28100000000000014,18.500999999999998,-0.013074827651434195
0.28100000000000014,19.000999999999998,-0.013959778459739128
0.28100000000000014,19.500999999999998,-0.01485079760538052
0.28100000000000014,20.000999999999998,-0.015748523231505995
0.28100000000000014,20.500999999999998,-0.016653743889485095
0.28100000000000014,21.000999999999998,-0.017567390132552735
0.28100000000000014,21.500999999999998,-0.018490530321744067
0.28100000000000014,22.000999999999998,-0.01942437026907015
0.28100000000000014,22.500999999999998,-0.020370256510332495
0.28100000000000014,23.000999999999998,-0.02132968315327763
0.28100000000000014,23.500999999999998,-0.022304302395689705
0.28100000000000014,24.000999999999998,-0.023295938962060093
0.28100000000000014,24.500999999999998,-0.024306608876863714
0.28100000000000014,25.000999999999998,-0.02533854318904209
0.28100000000000014,25.500999999999998,-0.026394217500862877
0.28100000000000014,26.000999999999998,-0.027476388454348487
0.28100000000000014,26.500999999999998,-0.028588138716524086
0.28100000000000014,27.000999999999998,-0.029732932518318423
0.28100000000000014,27.500999999999998,-0.03091468449496247
0.28100000000000014,28.000999999999998,-0.032137845527553235
0.28100000000000014,28.500999999999998,-0.03340751061496055
0.28100000000000014,29.000999999999998,-0.03472955569427663
0.28100000000000014,29.500999999999998,-0.03611081305995287
0.28100000000000014,30.000999999999998,-0.0375592990585655
0.28100000000000014,30.500999999999998,-0.03908451379523277
0.28100000000000014,31.000999999999998,-0.04069784191467584
0.28100000000000014,31.500999999999998,-0.042413098245820534
0.28100000000000014,32.001,-0.044247286021055446
0.28100000000000014,32.501,-0.046221675520558156
0.28100000000000014,33.001,-0.04836338088685707
0.28100000000000014,33.501,-0.05070773991120722
0.28100000000000014,34.001,-0.05330204453157447
0.28100000000000014,34.501,-0.05621166318362558
0.28100000000000014,35.001,-0.05953067464606502
0.28100000000000014,35.501,-0.06340171709601158
0.28100000000000014,36.001,-0.06805672722286107
0.28100000000000014,36.501,-0.0739123324992588
0.28100000000000014,37.001,-0.08184221865915009
0.28100000000000014,37.501,-0.09427701320806522
0.28100000000000014,38.001,-0.12679898415575258
0.28100000000000014,38.501,-0.09454934638675712
0.28100000000000014,39.001,-0.07549293554301674
0.28100000000000014,39.501,-0.06465630661096275
0.28600000000000014,0.001,-0.9707076060917191
0.28600000000000014,0.501,-2.0001273098882133
0.28600000000000014,1.001,-0.6826668174301919
0.28600000000000014,1.501,-0.3342591059875866
0.28600000000000014,2.001,-0.18945923025392758
0.28600000000000014,2.501,-0.11585994302453102
0.28600000000000014,3.001,-0.07393135677880078
0.28600000000000014,3.501,-0.04826210472863235
0.28600000000000014,4.0009999999999994,-0.031778799115749296
0.28600000000000014,4.5009999999999994,-0.020852962357523236
0.28600000000000014,5.0009999999999994,-0.013466216174730344
0.28600000000000014,5.5009999999999994,-0.00842436864863385
0.28600000000000014,6.0009999999999994,-0.004985730099540897
0.28600000000000014,6.5009999999999994,-0.0026712762541751256
0.28600000000000014,7.0009999999999994,-0.0011615286909167147
0.28600000000000014,7.5009999999999994,-0.00023763822036840243
0.28600000000000014,8.001,0.00025372736878995217
0.28600000000000014,8.501,0.0004220713052449365
0.28600000000000014,9.001,0.0003468819889231381
0.28600000000000014,9.501,0.00008666965936990692
0.28600000000000014,10.001,-0.0003149825772878409
0.28600000000000014,10.501,-0.0008252826559027246
0.28600000000000014,11.001,-0.0014193502556533247
0.28600000000000014,11.501,-0.002078179467022573
0.28600000000000014,12.001,-0.002787176008871177
0.28600000000000014,12.501,-0.0035350930938573
0.28600000000000014,13.001,-0.004313248102803716
0.28600000000000014,13.501,-0.005114939805297678
0.28600000000000014,14.001,-0.00593501062555192
0.28600000000000014,14.501,-0.006769515041474258
0.28600000000000014,15.001,-0.007615466488473034
0.28600000000000014,15.501,-0.008470642922782143
0.28600000000000014,16.000999999999998,-0.009333436638131187
0.28600000000000014,16.500999999999998,-0.010202737776858234
0.28600000000000014,17.000999999999998,-0.011077843729145054
0.28600000000000014,17.500999999999998,-0.011958388604927823
0.28600000000000014,18.000999999999998,-0.012844288418220273
0.28600000000000014,18.500999999999998,-0.013735698698321613
0.28600000000000014,19.000999999999998,-0.014632982044724796
0.28600000000000014,19.500999999999998,-0.01553668374843864
0.28600000000000014,20.000999999999998,-0.016447514066067717
0.28600000000000014,20.500999999999998,-0.017366336093437365
0.28600000000000014,21.000999999999998,-0.018294158471521632
0.28600000000000014,21.500999999999998,-0.01923213239039926
0.28600000000000014,22.000999999999998,-0.02018155255357717
0.28600000000000014,22.500999999999998,-0.02114386193855972
0.28600000000000014,23.000999999999998,-0.022120660351458127
0.28600000000000014,23.500999999999998,-0.02311371693415007
0.28600000000000014,24.000999999999998,-0.024124986952607848
0.28600000000000014,24.500999999999998,-0.025156633386150394
0.28600000000000014,25.000999999999998,-0.026211054063495
0.28600000000000014,25.500999999999998,-0.027290915370417196
0.28600000000000014,26.000999999999998,-0.02839919390945888
0.28600000000000014,26.500999999999998,-0.02953922795757967
0.28600000000000014,27.000999999999998,-0.0307147811902162
0.28600000000000014,27.500999999999998,-0.03193012198870847
0.28600000000000014,28.000999999999998,-0.03319012282494403
0.28600000000000014,28.500999999999998,-0.03450038587764013
0.28600000000000014,29.000999999999998,-0.03586740341920911
0.28600000000000014,29.500999999999998,-0.0372987650003292
0.28600000000000014,30.000999999999998,-0.03880342866509033
0.28600000000000014,30.500999999999998,-0.04039208137077878
0.28600000000000014,31.000999999999998,-0.04207762619854968
0.28600000000000014,31.500999999999998,-0.04387585387698366
0.28600000000000014,32.001,-0.04580638916119985
0.28600000000000014,32.501,-0.04789405926065532
0.28600000000000014,33.001,-0.050170932722581524
0.28600000000000014,33.501,-0.05267946679122928
0.28600000000000014,34.001,-0.05547757703573163
0.28600000000000014,34.501,-0.05864724009728325
0.28600000000000014,35.001,-0.06231007917462733
0.28600000000000014,35.501,-0.06665810274509838
0.28600000000000014,36.001,-0.07202173786010825
0.28600000000000014,36.501,-0.07904784580835894
0.28600000000000014,37.001,-0.08931144967489701
0.28600000000000014,37.501,-0.10906092567875243
0.28600000000000014,38.001,-0.11026166269113441
0.28600000000000014,38.501,-0.08184009848289579
0.28600000000000014,39.001,-0.06880533739654932
0.28600000000000014,39.501,-0.06008224448370639
0.29100000000000015,0.001,-0.9826379187526716
0.29100000000000015,0.501,-1.9915092420818212
0.29100000000000015,1.001,-0.678665192551881
0.29100000000000015,1.501,-0.3318838425204975
0.29100000000000015,2.001,-0.18791768752825544
0.29100000000000015,2.501,-0.1148242254596557
0.29100000000000015,3.001,-0.07323381469065726
0.29100000000000015,3.501,-0.04780545072980169
0.29100000000000015,4.0009999999999994,-0.03150158935138207
0.29100000000000015,4.5009999999999994,-0.02071396518342046
0.29100000000000015,5.0009999999999994,-0.013436476037823844
0.29100000000000015,5.5009999999999994,-0.008482821403895419
0.29100000000000015,6.0009999999999994,-0.005116617144509637
0.29100000000000015,6.5009999999999994,-0.0028625381594767074
0.29100000000000015,7.0009999999999994,-0.0014037640746777935
0.29100000000000015,7.5009999999999994,-0.0005234047477112591
0.29100000000000015,8.001,-0.00006960352811283266
0.29100000000000015,8.501,0.00006601029093825095
0.29100000000000015,9.001,-0.000037958617262148775
0.29100000000000015,9.501,-0.00032369981706062423
0.29100000000000015,10.001,-0.0007481917513558756
0.29100000000000015,10.501,-0.001279098444848914
0.29100000000000015,11.001,-0.001891914183733051
0.29100000000000015,11.501,-0.0025679439970738432
0.29100000000000015,12.001,-0.0032928543070162575
0.29100000000000015,12.501,-0.004055619062918264
0.29100000000000015,13.001,-0.004847744366571365
0.29100000000000015,13.501,-0.005662691924485428
0.29100000000000015,14.001,-0.006495446256194415
0.29100000000000015,14.501,-0.007342187059712554
0.29100000000000015,15.001,-0.008200039336972345
0.29100000000000015,15.501,-0.00906688160720416
0.29100000000000015,16.000999999999998,-0.009941197933498763
0.29100000000000015,16.500999999999998,-0.010821963304881083
0.29100000000000015,17.000999999999998,-0.011708554646782332
0.29100000000000015,17.500999999999998,-0.012600681707641184
0.29100000000000015,18.000999999999998,-0.013498333512886318
0.29100000000000015,18.500999999999998,-0.014401737143965983
0.29100000000000015,19.000999999999998,-0.01531132639668735
0.29100000000000015,19.500999999999998,-0.016227718475384727
0.29100000000000015,20.000999999999998,-0.017151697341202324
0.29100000000000015,20.500999999999998,-0.018084202693005577
0.29100000000000015,21.000999999999998,-0.019026323846773135
0.29100000000000015,21.500999999999998,-0.019979298015370517
0.29100000000000015,22.000999999999998,-0.020944512692215932
0.29100000000000015,22.500999999999998,-0.02192351202321135
0.29100000000000015,23.000999999999998,-0.022918007223448732
0.29100000000000015,23.500999999999998,-0.023929891269928137
0.29100000000000015,24.000999999999998,-0.024961258290656905
0.29100000000000015,24.500999999999998,-0.026014428287493688
0.29100000000000015,25.000999999999998,-0.027091978091468554
0.29100000000000015,25.500999999999998,-0.02819677977669309
0.29100000000000015,26.000999999999998,-0.029332048181740154
0.29100000000000015,26.500999999999998,-0.030501399746979026
0.29100000000000015,27.000999999999998,-0.03170892563250817
0.29100000000000015,27.500999999999998,-0.032959283122127224
0.29100000000000015,28.000999999999998,-0.03425781077670704
0.29100000000000015,28.500999999999998,-0.035610674878599716
0.29100000000000015,29.000999999999998,-0.0370250577258057
0.29100000000000015,29.500999999999998,-0.03850940280051353
0.29100000000000015,30.000999999999998,-0.04007373858837823
0.29100000000000015,30.500999999999998,-0.04173011327343788
0.29100000000000015,31.000999999999998,-0.04349318912911264
0.29100000000000015,31.500999999999998,-0.04538107256830164
0.29100000000000015,32.001,-0.04741650171181615
0.29100000000000015,32.501,-0.04962859397014698
0.29100000000000015,33.001,-0.052055504251046894
0.29100000000000015,33.501,-0.054748631134196965
0.29100000000000015,34.001,-0.05777959944057913
0.29100000000000015,34.501,-0.061252563646688185
0.29100000000000015,35.001,-0.06532760443367752
0.29100000000000015,35.501,-0.07026997269813302
0.29100000000000015,36.001,-0.07656966501086854
0.29100000000000015,36.501,-0.0853034105863834
0.29100000000000015,37.001,-0.09978011342230476
0.29100000000000015,37.501,-0.17300357136385533
0.29100000000000015,38.001,-0.09027047507379123
0.29100000000000015,38.501,-0.07375023059922724
0.29100000000000015,39.001,-0.06364787975035478
0.29100000000000015,39.501,-0.056285331707652125
0.29600000000000015,0.001,-0.9944823363243336
0.29600000000000015,0.501,-1.983108346923044
0.29600000000000015,1.001,-0.6747813011940295
0.29600000000000015,1.501,-0.3295903689980105
0.29600000000000015,2.001,-0.1864389733313866
0.29600000000000015,2.501,-0.11383946980195131
0.29600000000000015,3.001,-0.07257903637730585
0.29600000000000015,3.501,-0.04738551884574933
0.29600000000000015,4.0009999999999994,-0.03125644232008712
0.29600000000000015,4.5009999999999994,-0.02060331474376265
0.29600000000000015,5.0009999999999994,-0.013432041955743377
0.29600000000000015,5.5009999999999994,-0.008564041505252584
0.29600000000000015,6.0009999999999994,-0.005268117509054315
0.29600000000000015,6.5009999999999994,-0.003072561706867011
0.29600000000000015,7.0009999999999994,-0.0016631521855425963
0.29600000000000015,7.5009999999999994,-0.0008249136026765858
0.29600000000000015,8.001,-0.00040743128484768687
0.29600000000000015,8.501,-0.00030344107268616416
0.29600000000000015,9.001,-0.0004352016015433252
0.29600000000000015,9.501,-0.0007455859627052419
0.29600000000000015,10.001,-0.0011921210146059909
0.29600000000000015,10.501,-0.0017429161649266112
0.29600000000000015,11.001,-0.0023738315026702456
0.29600000000000015,11.501,-0.0030664757052065866
0.29600000000000015,12.001,-0.003806769829449868
0.29600000000000015,12.501,-0.004583903492704766
0.29600000000000015,13.001,-0.005389567278555947
0.29600000000000015,13.501,-0.006217382289561715
0.29600000000000015,14.001,-0.007062472196387781
0.29600000000000015,14.501,-0.007921139491069295
0.29600000000000015,15.001,-0.008790618773723446
0.29600000000000015,15.501,-0.00966888757033732
0.29600000000000015,16.000999999999998,-0.010554520535803094
0.29600000000000015,16.500999999999998,-0.011446576683960333
0.29600000000000015,17.000999999999998,-0.01234451199555836
0.29600000000000015,17.500999999999998,-0.013248111714322282
0.29600000000000015,18.000999999999998,-0.014157438073578082
0.29600000000000015,18.500999999999998,-0.015072790254363339
0.29600000000000015,19.000999999999998,-0.015994674167171152
0.29600000000000015,19.500999999999998,-0.016923780248470202
0.29600000000000015,20.000999999999998,-0.017860967923525664
0.29600000000000015,20.500999999999998,-0.018807255747535334
0.29600000000000015,21.000999999999998,-0.01976381652649655
0.29600000000000015,21.500999999999998,-0.020731976959136103
0.29600000000000015,22.000999999999998,-0.02171322154892771
0.29600000000000015,22.500999999999998,-0.022709200724802127
0.29600000000000015,23.000999999999998,-0.0237217432933972
0.29600000000000015,23.500999999999998,-0.024752873536983713
0.29600000000000015,24.000999999999998,-0.02580483348285776
0.29600000000000015,24.500999999999998,-0.026880111117691185
0.29600000000000015,25.000999999999998,-0.02798147562378673
0.29600000000000015,25.500999999999998,-0.029112021099696513
0.29600000000000015,26.000999999999998,-0.03027522073160012
0.29600000000000015,26.500999999999998,-0.03147499405602516
0.29600000000000015,27.000999999999998,-0.03271579087468328
0.29600000000000015,27.500999999999998,-0.03400269666118855
0.29600000000000015,28.000999999999998,-0.035341566108944296
0.29600000000000015,28.500999999999998,-0.0367391940761425
0.29600000000000015,29.000999999999998,-0.03820353701068547
0.29600000000000015,29.500999999999998,-0.039744003672203626
0.29600000000000015,30.000999999999998,-0.041371842755811856
0.29600000000000015,30.500999999999998,-0.04310066882742657
0.29600000000000015,31.000999999999998,-0.044947190281969265
0.29600000000000015,31.500999999999998,-0.046932240218523394
0.29600000000000015,32.001,-0.049082275401064746
0.29600000000000015,32.501,-0.0514316243211371
0.29600000000000015,33.001,-0.054025984662942506
0.29600000000000015,33.501,-0.0569281104601395
0.29600000000000015,34.001,-0.060227576737613975
0.29600000000000015,34.501,-0.06405873720914543
0.29600000000000015,35.001,-0.06863685342295704
0.29600000000000015,35.501,-0.07434032176896806
0.29600000000000015,36.001,-0.0819352140480818
0.29600000000000015,36.501,-0.09340852318804287
0.29600000000000015,37.001,-0.11834763913372257
0.29600000000000015,37.501,-0.10292322384361603
0.29600000000000015,38.001,-0.07984128601627673
0.29600000000000015,38.501,-0.06778495547864491
0.29600000000000015,39.001,-0.05944782197657127
0.29600000000000015,39.501,-0.05304030027145861
0.30100000000000016,0.001,-1.0062423078771114
0.30100000000000016,0.501,-1.974917596719981
0.30100000000000016,1.001,-0.6710113173139096
0.30100000000000016,1.501,-0.32737600975165226
0.30100000000000016,2.001,-0.18502101473580598
0.30100000000000016,2.501,-0.11290397763343912
0.30100000000000016,3.001,-0.07196558034566686
0.30100000000000016,3.501,-0.04700105573416077
0.30100000000000016,4.0009999999999994,-0.031042249033280206
0.30100000000000016,4.5009999999999994,-0.02052001675173562
0.30100000000000016,5.0009999999999994,-0.013452013317130779
0.30100000000000016,5.5009999999999994,-0.008667206555884682
0.30100000000000016,6.0009999999999994,-0.005439475304469643
0.30100000000000016,6.5009999999999994,-0.003300648435329276
0.30100000000000016,7.0009999999999994,-0.0019390448022545137
0.30100000000000016,7.5009999999999994,-0.0011415610146613686
0.30100000000000016,8.001,-0.0007591918490268412
0.30100000000000016,8.501,-0.0006857545325890391
0.30100000000000016,9.001,-0.0008443512284859178
0.30100000000000016,9.501,-0.0011785227846929092
0.30100000000000016,10.001,-0.0016463317504653713
0.30100000000000016,10.501,-0.002216322543858113
0.30100000000000016,11.001,-0.0028647125294111453
0.30100000000000016,11.501,-0.003573406974956783
0.30100000000000016,12.001,-0.004328575701335768
0.30100000000000016,12.501,-0.005119619095469638
0.30100000000000016,13.001,-0.005938408132645279
0.30100000000000016,13.501,-0.006778719903041033
0.30100000000000016,14.001,-0.007635814403938193
0.30100000000000016,14.501,-0.008506114605431075
0.30100000000000016,15.001,-0.009386962840827892
0.30100000000000016,15.501,-0.010276434185692934
0.30100000000000016,16.000999999999998,-0.01117319280622138
0.30100000000000016,16.500999999999998,-0.012076381016480293
0.30100000000000016,17.000999999999998,-0.012985533472353934
0.30100000000000016,17.500999999999998,-0.01390051087420481
0.30100000000000016,18.000999999999998,-0.014821448971703455
0.30100000000000016,18.500999999999998,-0.01574871971518892
0.30100000000000016,19.000999999999998,-0.01668290218416653
0.30100000000000016,19.500999999999998,-0.017624761519722087
0.30100000000000016,20.000999999999998,-0.0185752345470665
0.30100000000000016,20.500999999999998,-0.01953542113583316
0.30100000000000016,21.000999999999998,-0.020506580637873847
0.30100000000000016,21.500999999999998,-0.021490132987069553
0.30100000000000016,22.000999999999998,-0.02248766426063798
0.30100000000000016,22.500999999999998,-0.02350093670135532
0.30100000000000016,23.000999999999998,-0.024531903398647994
0.30100000000000016,23.500999999999998,-0.02558272803732905
0.30100000000000016,24.000999999999998,-0.026655810361073996
0.30100000000000016,24.500999999999998,-0.02775381828187985
0.30100000000000016,25.000999999999998,-0.02887972792046787
0.30100000000000016,25.500999999999998,-0.030036873317917344
0.30100000000000016,26.000999999999998,-0.031229008160919933
0.30100000000000016,26.500999999999998,-0.03246038267692861
0.30100000000000016,27.000999999999998,-0.03373583997729433
0.30100000000000016,27.500999999999998,-0.03506093770108631
0.30100000000000016,28.000999999999998,-0.03644210306267103
0.30100000000000016,28.500999999999998,-0.03788683268284566
0.30100000000000016,29.000999999999998,-0.03940395345008933
0.30100000000000016,29.500999999999998,-0.04100396804464867
0.30100000000000016,30.000999999999998,-0.04269952023793324
0.30100000000000016,30.500999999999998,-0.044506033402322
0.30100000000000016,31.000999999999998,-0.046442605800041045
0.30100000000000016,31.500999999999998,-0.048533297497637365
0.30100000000000016,32.001,-0.050809034506138794
0.30100000000000016,32.501,-0.053310523887108115
0.30100000000000016,33.001,-0.056092902393389196
0.30100000000000016,33.501,-0.05923352752356095
0.30100000000000016,34.001,-0.0628458715308154
0.30100000000000016,34.501,-0.06710636023981668
0.30100000000000016,35.001,-0.07231208664679142
0.30100000000000016,35.501,-0.07902543591346874
0.30100000000000016,36.001,-0.08853538987061488
0.30100000000000016,36.501,-0.1052091121913895
0.30100000000000016,37.001,-0.13073031462853912
0.30100000000000016,37.501,-0.08775262413457138
0.30100000000000016,38.001,-0.07268751934711619
0.30100000000000016,38.501,-0.06305331701290297
0.30100000000000016,39.001,-0.05590519740876918
0.30100000000000016,39.501,-0.050207945277833274
0.30600000000000016,0.001,-1.0179192343225587
0.30600000000000016,0.501,-1.9669303069006112
0.30600000000000016,1.001,-0.6673516020041219
0.30600000000000016,1.501,-0.3252382202427116
0.30600000000000016,2.001,-0.18366184062203725
0.30600000000000016,2.501,-0.112016134148977
0.30600000000000016,3.001,-0.07139207625901894
0.30600000000000016,3.501,-0.04665087011442659
0.30600000000000016,4.0009999999999994,-0.030857955614439554
0.30600000000000016,4.5009999999999994,-0.020463126538235427
0.30600000000000016,5.0009999999999994,-0.013495534668133441
0.30600000000000016,5.5009999999999994,-0.008791535618198287
0.30600000000000016,6.0009999999999994,-0.005629972980887105
0.30600000000000016,6.5009999999999994,-0.0035461355511534065
0.30600000000000016,7.0009999999999994,-0.0022308270549829534
0.30600000000000016,7.5009999999999994,-0.0014727745352123463
0.30600000000000016,8.001,-0.0011243506955132265
0.30600000000000016,8.501,-0.001080429762228205
0.30600000000000016,9.001,-0.0012649382510815932
0.30600000000000016,9.501,-0.0016220694782610179
0.30600000000000016,10.001,-0.002110409347928291
0.30600000000000016,10.501,-0.002698927234016553
0.30600000000000016,11.001,-0.0033641895131066163
0.30600000000000016,11.501,-0.004088391207301381
0.30600000000000016,12.001,-0.004857945219333623
0.30600000000000016,12.501,-0.005662457970545778
0.30600000000000016,13.001,-0.006493976880915929
0.30600000000000016,13.501,-0.0073464317473746765
0.30600000000000016,14.001,-0.008215216185034624
0.30600000000000016,14.501,-0.009096871433113454
0.30600000000000016,15.001,-0.009988845794142609
0.30600000000000016,15.501,-0.010889310533538268
0.30600000000000016,16.000999999999998,-0.011797018344468335
0.30600000000000016,16.500999999999998,-0.012711194213751727
0.30600000000000016,17.000999999999998,-0.013631451192561081
0.30600000000000016,17.500999999999998,-0.014557725505240454
0.30600000000000016,18.000999999999998,-0.015490226840586277
0.30600000000000016,18.500999999999998,-0.01642940071370133
0.30600000000000016,19.000999999999998,-0.017375900568201125
0.30600000000000016,19.500999999999998,-0.018330567882363938
0.30600000000000016,20.000999999999998,-0.019294419001861837
0.30600000000000016,20.500999999999998,-0.020268637784649254
0.30600000000000016,21.000999999999998,-0.021254573439292185
0.30600000000000016,21.500999999999998,-0.02225374318869186
0.30600000000000016,22.000999999999998,-0.023267839614795803
0.30600000000000016,22.500999999999998,-0.024298742752075594
0.30600000000000016,23.000999999999998,-0.02534853721289672
0.30600000000000016,23.500999999999998,-0.02641953486179663
0.30600000000000016,24.000999999999998,-0.027514303825486353
0.30600000000000016,24.500999999999998,-0.02863570495288558
0.30600000000000016,25.000999999999998,-0.02978693725318074
0.30600000000000016,25.500999999999998,-0.030971594379196492
0.30600000000000016,26.000999999999998,-0.03219373494428958
0.30600000000000016,26.500999999999998,-0.033457970445362424
0.30600000000000016,27.000999999999998,-0.034769575934692536
0.30600000000000016,27.500999999999998,-0.03613463052542961
0.30600000000000016,28.000999999999998,-0.03756019762003581
0.30600000000000016,28.500999999999998,-0.03905455887977069
0.30600000000000016,29.000999999999998,-0.040627522159930096
0.30600000000000016,29.500999999999998,-0.042290833181055816
0.30600000000000016,30.000999999999998,-0.04405873576360315
0.30600000000000016,30.500999999999998,-0.045948749890149854
0.30600000000000016,31.000999999999998,-0.04798277781675833
0.30600000000000016,31.500999999999998,-0.050188719685108796
0.30600000000000016,32.001,-0.0526029093805476
0.30600000000000016,32.501,-0.05527392816492502
0.30600000000000016,33.001,-0.058268853763030586
0.30600000000000016,33.501,-0.06168409296185466
0.30600000000000016,34.001,-0.06566554957600311
0.30600000000000016,34.501,-0.07044987280157848
0.30600000000000016,35.001,-0.07646055116716308
0.30600000000000016,35.501,-0.08458005689721354
0.30600000000000016,36.001,-0.09723144629804725
0.30600000000000016,36.501,-0.12901023208277695
0.30600000000000016,37.001,-0.09909105714429765
0.30600000000000016,37.501,-0.07867880902967048
0.30600000000000016,38.001,-0.0672259028781703
0.30600000000000016,38.501,-0.0591310720370366
0.30600000000000016,39.001,-0.05284270527094075
0.30600000000000016,39.501,-0.047696085200743504
0.31100000000000017,0.001,-1.0295144707751545
0.31100000000000017,0.501,-1.9591401140536742
0.31100000000000017,1.001,-0.6637986915098699
0.31100000000000017,1.501,-0.3231745786597392
0.31100000000000017,2.001,-0.18235957515039047
0.31100000000000017,2.501,-0.11117440279111895
0.31100000000000017,3.001,-0.07085722036824457
0.31100000000000017,3.501,-0.04633382878045195
0.31100000000000017,4.0009999999999994,-0.030702559756360978
0.31100000000000017,4.5009999999999994,-0.02043174586050253
0.31100000000000017,5.0009999999999994,-0.013561792806214612
0.31100000000000017,5.5009999999999994,-0.008936286543979918
0.31100000000000017,6.0009999999999994,-0.005838928856680706
0.31100000000000017,6.5009999999999994,-0.0038083936277322206
0.31100000000000017,7.0009999999999994,-0.002537915272600791
0.31100000000000017,7.5009999999999994,-0.0018180110142890088
0.31100000000000017,8.001,-0.0015024009165215957
0.31100000000000017,8.501,-0.0014869925529371192
0.31100000000000017,9.001,-0.001696518192882357
0.31100000000000017,9.501,-0.0020758087907432124
0.31100000000000017,10.001,-0.002583961639814905
0.31100000000000017,10.501,-0.0031903613184479235
0.31100000000000017,11.001,-0.0038719152032694604
0.31100000000000017,11.501,-0.004611101446079305
0.31100000000000017,12.001,-0.005394570530042109
0.31100000000000017,12.501,-0.006212130332091767
0.31100000000000017,13.001,-0.007056000907444633
0.31100000000000017,13.501,-0.007920261601987152
0.31100000000000017,14.001,-0.008800437052035523
0.31100000000000017,14.501,-0.009693184661249521
0.31100000000000017,15.001,-0.010596057036412448
0.31100000000000017,15.501,-0.011507320369204196
0.31100000000000017,16.000999999999998,-0.012425814990982165
0.31100000000000017,16.500999999999998,-0.0133508480310542
0.31100000000000017,17.000999999999998,-0.014282110757245597
0.31100000000000017,17.500999999999998,-0.015219615092947225
0.31100000000000017,18.000999999999998,-0.016163645205916545
0.31100000000000017,18.500999999999998,-0.017114721101113853
0.31100000000000017,19.000999999999998,-0.01807357192741192
0.31100000000000017,19.500999999999998,-0.01904111729996963
0.31100000000000017,20.000999999999998,-0.020018455399294692
0.31100000000000017,20.500999999999998,-0.02100685697323837
0.31100000000000017,21.000999999999998,-0.022007764668377342
0.31100000000000017,21.500999999999998,-0.02302279737501463
0.31100000000000017,22.000999999999998,-0.024053759503989178
0.31100000000000017,22.500999999999998,-0.02510265534003228
0.31100000000000017,23.000999999999998,-0.026171708851606246
0.31100000000000017,23.500999999999998,-0.027263389598148113
0.31100000000000017,24.000999999999998,-0.02838044568272064
0.31100000000000017,24.500999999999998,-0.02952594507700415
0.31100000000000017,25.000999999999998,-0.030703327130942558
0.31100000000000017,25.500999999999998,-0.03191646671962907
0.31100000000000017,26.000999999999998,-0.03316975434497586
0.31100000000000017,26.500999999999998,-0.034468196702479914
0.31100000000000017,27.000999999999998,-0.03581754389973505
0.31100000000000017,27.500999999999998,-0.03722445191343027
0.31100000000000017,28.000999999999998,-0.038696692374036085
0.31100000000000017,28.500999999999998,-0.040243426982996794
0.31100000000000017,29.000999999999998,-0.041875571806191406
0.31100000000000017,29.500999999999998,-0.043606289067755946
0.31100000000000017,30.000999999999998,-0.045451663903309306
0.31100000000000017,30.500999999999998,-0.04743165629332836
0.31100000000000017,31.000999999999998,-0.04957147442379514
0.31100000000000017,31.500999999999998,-0.05190361544875172
0.31100000000000017,32.001,-0.054471005641986495
0.31100000000000017,32.501,-0.057332038634086736
0.31100000000000017,33.001,-0.060569083294516594
0.31100000000000017,33.501,-0.0643038015006176
0.31100000000000017,34.001,-0.0687271098792765
0.31100000000000017,34.501,-0.07416473111339167
0.31100000000000017,35.001,-0.0812457389248882
0.31100000000000017,35.501,-0.09146425604225655
0.31100000000000017,36.001,-0.11035772282565628
0.31100000000000017,36.501,-0.12000279694699217
0.31100000000000017,37.001,-0.08636432545211689
0.31100000000000017,37.501,-0.0721552515326202
0.31100000000000017,38.001,-0.06280483411675275
0.31100000000000017,38.501,-0.05578198861416348
0.31100000000000017,39.001,-0.05014661472423286
0.31100000000000017,39.501,-0.045440454945066044
0.31600000000000017,0.001,-1.0410293287621393
0.31600000000000017,0.501,-1.9515409557016097
0.31600000000000017,1.001,-0.6603492861916666
0.31600000000000017,1.501,-0.3211827781793177
0.31600000000000017,2.001,-0.1811124317482921
0.31600000000000017,2.501,-0.1103773203089135
0.31600000000000017,3.001,-0.07035977130428069
0.31600000000000017,3.501,-0.04604885292883737
0.31600000000000017,4.0009999999999994,-0.0305751074587656
0.31600000000000017,4.5009999999999994,-0.020425019963405025
0.31600000000000017,5.0009999999999994,-0.013650014104129804
0.31600000000000017,5.5009999999999994,-0.009100753516085327
0.31600000000000017,6.0009999999999994,-0.006065694843692973
0.31600000000000017,6.5009999999999994,-0.0040868244877403925
0.31600000000000017,7.0009999999999994,-0.0028597550007048445
0.31600000000000017,7.5009999999999994,-0.002176754737099676
0.31600000000000017,8.001,-0.0018928614633159369
0.31600000000000017,8.501,-0.0019049931489271699
0.31600000000000017,9.001,-0.0021386697666183063
0.31600000000000017,9.501,-0.002539345515618553
0.31600000000000017,10.001,-0.0030666174652727585
0.31600000000000017,10.501,-0.0036902759358345
0.31600000000000017,11.001,-0.004387561532044792
0.31600000000000017,11.501,-0.005141229113092213
0.31600000000000017,12.001,-0.005938161414031626
0.31600000000000017,12.501,-0.006768363338668794
0.31600000000000017,13.001,-0.007624223900462773
0.31600000000000017,13.501,-0.008499968955422939
0.31600000000000017,14.001,-0.009391251673354598
0.31600000000000017,14.501,-0.010294843619469307
0.31600000000000017,15.001,-0.011208400137082714
0.31600000000000017,15.501,-0.01213028117563407
0.31600000000000017,16.000999999999998,-0.013059413911079426
0.31600000000000017,16.500999999999998,-0.013995187182534013
0.31600000000000017,17.000999999999998,-0.014937370398201723
0.31600000000000017,17.500999999999998,-0.01588605146534998
0.31600000000000017,18.000999999999998,-0.016841589690653237
0.31600000000000017,18.500999999999998,-0.017804580627942657
0.31600000000000017,19.000999999999998,-0.01877583062432897
0.31600000000000017,19.500999999999998,-0.019756339406276385
0.31600000000000017,20.000999999999998,-0.020747289507313
0.31600000000000017,20.500999999999998,-0.021750041707362076
0.31600000000000017,21.000999999999998,-0.022766135959456337
0.31600000000000017,21.500999999999998,-0.023797297545877956
0.31600000000000017,22.000999999999998,-0.024845448451864427
0.31600000000000017,22.500999999999998,-0.025912724188502052
0.31600000000000017,23.000999999999998,-0.027001496554871066
0.31600000000000017,23.500999999999998,-0.02811440312245675
0.31600000000000017,24.000999999999998,-0.02925438457595111
0.31600000000000017,24.500999999999998,-0.030424731484641247
0.31600000000000017,25.000999999999998,-0.03162914264968176
0.31600000000000017,25.500999999999998,-0.032871797934403875
0.31600000000000017,26.000999999999998,-0.03415744952456097
0.31600000000000017,26.500999999999998,-0.03549153701324112
0.31600000000000017,27.000999999999998,-0.0368803337599288
0.31600000000000017,27.500999999999998,-0.03833113494511016
0.31600000000000017,28.000999999999998,-0.03985250212600938
0.31600000000000017,28.500999999999998,-0.0414545857051309
0.31600000000000017,29.000999999999998,-0.04314955691047509
0.31600000000000017,29.500999999999998,-0.044952197004876765
0.31600000000000017,30.000999999999998,-0.04688071769181458
0.31600000000000017,30.500999999999998,-0.04895793085656516
0.31600000000000017,31.000999999999998,-0.05121296295326966
0.31600000000000017,31.500999999999998,-0.05368385017660324
0.31600000000000017,32.001,-0.05642162105938285
0.31600000000000017,32.501,-0.059497025542998974
0.31600000000000017,33.001,-0.06301228520038096
0.31600000000000017,33.501,-0.06712317684061639
0.31600000000000017,34.001,-0.07208477573040326
0.31600000000000017,34.501,-0.0783599776188174
0.31600000000000017,35.001,-0.08693585289898183
0.31600000000000017,35.501,-0.10065422014224804
0.31600000000000017,36.001,-0.14144869361227297
0.31600000000000017,36.501,-0.097119466598753
0.31600000000000017,37.001,-0.07815458590251823
0.31600000000000017,37.501,-0.06705189698367606
0.31600000000000017,38.001,-0.059090599237654286
0.31600000000000017,38.501,-0.05286065113495201
0.31600000000000017,39.001,-0.047739514353039275
0.31600000000000017,39.501,-0.04339443063611617
0.3210000000000002,0.001,-1.0524650782934402
0.3210000000000002,0.501,-1.944127051643969
0.3210000000000002,1.001,-0.6570002403452576
0.3210000000000002,1.501,-0.3192606198282021
0.3210000000000002,2.001,-0.17991870756505485
0.3210000000000002,2.501,-0.10962349220105261
0.3210000000000002,3.001,-0.06989854619801492
0.3210000000000002,3.501,-0.04579491477296266
0.3210000000000002,4.0009999999999994,-0.030474690020047712
0.3210000000000002,4.5009999999999994,-0.02044213486975309
0.3210000000000002,5.0009999999999994,-0.013759462042549728
0.3210000000000002,5.5009999999999994,-0.00928426478186914
0.3210000000000002,6.0009999999999994,-0.006309654349952121
0.3210000000000002,6.5009999999999994,-0.004380859250610991
0.3210000000000002,7.0009999999999994,-0.003195819174400788
0.3210000000000002,7.5009999999999994,-0.0025485157064742137
0.3210000000000002,8.001,-0.0022952755253139168
0.3210000000000002,8.501,-0.0023340047124595364
0.3210000000000002,9.001,-0.0025909934165164877
0.3210000000000002,9.501,-0.003012305104428608
0.3210000000000002,10.001,-0.0035580253448692367
0.3210000000000002,10.501,-0.004198341013262968
0.3210000000000002,11.001,-0.0049108183998994165
0.3210000000000002,11.501,-0.005678482842604679
0.3210000000000002,12.001,-0.006488444165586589
0.3210000000000002,12.501,-0.007330900015112954
0.3210000000000002,13.001,-0.008198404813646074
0.3210000000000002,13.501,-0.009085328003697137
0.3210000000000002,14.001,-0.009987448906828511
0.3210000000000002,14.501,-0.01090165134652643
0.3210000000000002,15.001,-0.011825691930694104
0.3210000000000002,15.501,-0.012758023292315464
0.3210000000000002,16.000999999999998,-0.01369765875344299
0.3210000000000002,16.500999999999998,-0.014644068528529317
0.3210000000000002,17.000999999999998,-0.01559710019368342
0.3210000000000002,17.500999999999998,-0.016556918036992038
0.3210000000000002,18.000999999999998,-0.01752395728754494
0.3210000000000002,18.500999999999998,-0.018498890245697203
0.3210000000000002,19.000999999999998,-0.019482602107908906
0.3210000000000002,19.500999999999998,-0.02047617486938942
0.3210000000000002,20.000999999999998,-0.021480878149459436
0.3210000000000002,20.500999999999998,-0.022498166156868046
0.3210000000000002,21.000999999999998,-0.023529680324831347
0.3210000000000002,21.500999999999998,-0.024577257421922183
0.3210000000000002,22.000999999999998,-0.025642943205341315
0.3210000000000002,22.500999999999998,-0.026729011946391507
0.3210000000000002,23.000999999999998,-0.027837992443734173
0.3210000000000002,23.500999999999998,-0.028972701470549648
0.3210000000000002,24.000999999999998,-0.03013628600490441
0.3210000000000002,24.500999999999998,-0.031332276105375555
0.3210000000000002,25.000999999999998,-0.032564650967661424
0.3210000000000002,25.500999999999998,-0.033837921606301787
0.3210000000000002,26.000999999999998,-0.035157234857767276
0.3210000000000002,26.500999999999998,-0.036528505161716095
0.3210000000000002,27.000999999999998,-0.037958583100477464
0.3210000000000002,27.500999999999998,-0.03945547336442463
0.3210000000000002,28.000999999999998,-0.04102862031199516
0.3210000000000002,28.500999999999998,-0.042689287684163496
0.3210000000000002,29.000999999999998,-0.044451072149790154
0.3210000000000002,29.500999999999998,-0.0463306114301198
0.3210000000000002,30.000999999999998,-0.04834858266368182
0.3210000000000002,30.500999999999998,-0.05053114659163683
0.3210000000000002,31.000999999999998,-0.05291210024232986
0.3210000000000002,31.500999999999998,-0.05553620153029813
0.3210000000000002,32.001,-0.058464527228458636
0.3210000000000002,32.501,-0.06178357063787234
0.3210000000000002,33.001,-0.06562173592554524
0.3210000000000002,33.501,-0.07018189932581191
0.3210000000000002,34.001,-0.0758135633342388
0.3210000000000002,34.501,-0.08320198151636582
0.3210000000000002,35.001,-0.09401992946808974
0.3210000000000002,35.501,-0.11494676365509676
0.3210000000000002,36.001,-0.1155892795425829
0.3210000000000002,36.501,-0.08580305764132595
0.3210000000000002,37.001,-0.07206367861480938
0.3210000000000002,37.501,-0.06285825084771055
0.3210000000000002,38.001,-0.05588876407007464
0.3210000000000002,38.501,-0.05027103287455333
0.3210000000000002,39.001,-0.045566283746632734
0.3210000000000002,39.501,-0.04152309406544096
0.3260000000000002,0.001,-1.0638229498025602
0.3260000000000002,0.501,-1.9368928867270048
0.3260000000000002,1.001,-0.6537485527999751
0.3260000000000002,1.501,-0.3174060058915444
0.3260000000000002,2.001,-0.17877677835113792
0.3260000000000002,2.501,-0.10891158850803004
0.3260000000000002,3.001,-0.06947241709751356
0.3260000000000002,3.501,-0.045571034416652084
0.3260000000000002,4.0009999999999994,-0.03040044125975762
0.3260000000000002,4.5009999999999994,-0.02048231487854077
0.3260000000000002,5.0009999999999994,-0.013889434932098113
0.3260000000000002,5.5009999999999994,-0.009486180560686064
0.3260000000000002,6.0009999999999994,-0.006570220343521421
0.3260000000000002,6.5009999999999994,-0.004689956530085818
0.3260000000000002,7.0009999999999994,-0.003545606431569981
0.3260000000000002,7.5009999999999994,-0.0029328280573454046
0.3260000000000002,8.001,-0.0027092090339107676
0.3260000000000002,8.501,-0.0027736219071775037
0.3260000000000002,9.001,-0.003053109972898288
0.3260000000000002,9.501,-0.0034943323856906627
0.3260000000000002,10.001,-0.004057852257897411
0.3260000000000002,10.501,-0.004714244096844608
0.3260000000000002,11.001,-0.005441392555191896
0.3260000000000002,11.501,-0.006222587406081503
0.3260000000000002,12.001,-0.0070451605593296876
0.3260000000000002,12.501,-0.007899498258192236
0.3260000000000002,13.001,-0.008778316908328254
0.3260000000000002,13.501,-0.00967612672691033
0.3260000000000002,14.001,-0.010588830908880575
0.3260000000000002,14.501,-0.011513423730424077
0.3260000000000002,15.001,-0.012447761686638512
0.3260000000000002,15.501,-0.01339038911357991
0.3260000000000002,16.000999999999998,-0.014340404876132234
0.3260000000000002,16.500999999999998,-0.01529736032871333
0.3260000000000002,17.000999999999998,-0.01626118134837691
0.3260000000000002,17.500999999999998,-0.017232109115752
0.3260000000000002,18.000999999999998,-0.018210655693179534
0.3260000000000002,18.500999999999998,-0.019197571468984195
0.3260000000000002,19.000999999999998,-0.02019382230506679
0.3260000000000002,19.500999999999998,-0.021200574814799485
0.3260000000000002,20.000999999999998,-0.02221918866231884
0.3260000000000002,20.500999999999998,-0.023251215151668687
0.3260000000000002,21.000999999999998,-0.024298401694905103
0.3260000000000002,21.500999999999998,-0.02536270203653395
0.3260000000000002,22.000999999999998,-0.0264462923888022
0.3260000000000002,22.500999999999998,-0.027551593918877147
0.3260000000000002,23.000999999999998,-0.028681302346701375
0.3260000000000002,23.500999999999998,-0.029838425787118296
0.3260000000000002,24.000999999999998,-0.031026332434596005
0.3260000000000002,24.500999999999998,-0.03224881028810458
0.3260000000000002,25.000999999999998,-0.0335101419101867
0.3260000000000002,25.500999999999998,-0.034815198299512885
0.3260000000000002,26.000999999999998,-0.036169557466776935
0.3260000000000002,26.500999999999998,-0.037579655448346794
0.3260000000000002,27.000999999999998,-0.039052980596647024
0.3260000000000002,27.500999999999998,-0.04059832657181756
0.3260000000000002,28.000999999999998,-0.04222612637928322
0.3260000000000002,28.500999999999998,-0.043948900488446366
0.3260000000000002,29.000999999999998,-0.045781869017570295
0.3260000000000002,29.500999999999998,-0.04774380563856672
0.3260000000000002,30.000999999999998,-0.04985825753997124
0.3260000000000002,30.500999999999998,-0.052155337603028325
0.3260000000000002,31.000999999999998,-0.05467444479459355
0.3260000000000002,31.500999999999998,-0.05746855785381405
0.3260000000000002,32.001,-0.06061134075698846
0.3260000000000002,32.501,-0.06420961271379441
0.3260000000000002,33.001,-0.06842693735890804
0.3260000000000002,33.501,-0.07353291589088765
0.3260000000000002,34.001,-0.0800216238888965
0.3260000000000002,34.501,-0.0889639876747316
0.3260000000000002,35.001,-0.10355235924999394
0.3260000000000002,35.501,-0.15592077350895195
0.3260000000000002,36.001,-0.09638685674333192
0.3260000000000002,36.501,-0.07815568822311111
0.3260000000000002,37.001,-0.06721463532352627
0.3260000000000002,37.501,-0.059298795614754096
0.3260000000000002,38.001,-0.053075854433122696
0.3260000000000002,38.501,-0.0479463277927163
0.3260000000000002,39.001,-0.043586257103065386
0.3260000000000002,39.501,-0.039799605214111834
0.3310000000000002,0.001,-1.075104135968372
0.3310000000000002,0.501,-1.929833194910541
0.3310000000000002,1.001,-0.6505913582251818
0.3310000000000002,1.501,-0.3156169338178119
0.3310000000000002,2.001,-0.17768509372344216
0.3310000000000002,2.501,-0.10824033992168955
0.3310000000000002,3.001,-0.06908030765563493
0.3310000000000002,3.501,-0.04537627696390821
0.3310000000000002,4.0009999999999994,-0.030351534950915082
0.3310000000000002,4.5009999999999994,-0.020544820252270696
0.3310000000000002,5.0009999999999994,-0.014039263807627794
0.3310000000000002,5.5009999999999994,-0.009705891109667322
0.3310000000000002,6.0009999999999994,-0.006846833562853677
0.3310000000000002,6.5009999999999994,-0.005013600768200233
0.3310000000000002,7.0009999999999994,-0.003908639553866111
0.3310000000000002,7.5009999999999994,-0.0033292485913501424
0.3310000000000002,8.001,-0.0031342492797019617
0.3310000000000002,8.501,-0.003223459588861756
0.3310000000000002,9.001,-0.003524659408866662
0.3310000000000002,9.501,-0.003985090381085077
0.3310000000000002,10.001,-0.004565782512603249
0.3310000000000002,10.501,-0.005237689271304968
0.3310000000000002,11.001,-0.005979006559094072
0.3310000000000002,11.501,-0.006773282718964914
0.3310000000000002,12.001,-0.0076080668958366585
0.3310000000000002,12.501,-0.008473929918445172
0.3310000000000002,13.001,-0.009363746869292713
0.3310000000000002,13.501,-0.01027216603703475
0.3310000000000002,14.001,-0.011195212312612002
0.3310000000000002,14.501,-0.012129988715384787
0.3310000000000002,15.001,-0.013074450343822767
0.3310000000000002,15.501,-0.014027232350014796
0.3310000000000002,16.000999999999998,-0.014987518634032644
0.3310000000000002,16.500999999999998,-0.01595494155513199
0.3310000000000002,17.000999999999998,-0.016929505531861788
0.3310000000000002,17.500999999999998,-0.01791152926688215
0.3310000000000002,18.000999999999998,-0.018901602698126123
0.3310000000000002,18.500999999999998,-0.0199005557927516
0.3310000000000002,19.000999999999998,-0.02090943706658678
0.3310000000000002,19.500999999999998,-0.021929500302260787
0.3310000000000002,20.000999999999998,-0.022962198406608646
0.3310000000000002,20.500999999999998,-0.024009183731530048
0.3310000000000002,21.000999999999998,-0.025072314512817828
0.3310000000000002,21.500999999999998,-0.026153667383692757
0.3310000000000002,22.000999999999998,-0.02725555621654694
0.3310000000000002,22.500999999999998,-0.02838055786002712
0.3310000000000002,23.000999999999998,-0.029531545693881063
0.3310000000000002,23.500999999999998,-0.030711732350859458
0.3310000000000002,24.000999999999998,-0.03192472349253665
0.3310000000000002,24.500999999999998,-0.033174585228048045
0.3310000000000002,25.000999999999998,-0.03446592870847539
0.3310000000000002,25.500999999999998,-0.035804016728503515
0.3310000000000002,26.000999999999998,-0.037194898992475904
0.3310000000000002,26.500999999999998,-0.03864558531904288
0.3310000000000002,27.000999999999998,-0.04016426988591992
0.3310000000000002,27.500999999999998,-0.04176062533154074
0.3310000000000002,28.000999999999998,-0.04344619425895679
0.3310000000000002,28.500999999999998,-0.04523491935151827
0.3310000000000002,29.000999999999998,-0.04714387529842743
0.3310000000000002,29.500999999999998,-0.04919430223064844
0.3310000000000002,30.000999999999998,-0.05141310315412978
0.3310000000000002,30.500999999999998,-0.05383508038292527
0.3310000000000002,31.000999999999998,-0.05650639750842776
0.3310000000000002,31.500999999999998,-0.05949017442605297
0.3310000000000002,32.001,-0.06287602048276994
0.3310000000000002,32.501,-0.06679739464159398
0.3310000000000002,33.001,-0.07146607586505449
0.3310000000000002,33.501,-0.07724917015925697
0.3310000000000002,34.001,-0.08487345415485083
0.3310000000000002,34.501,-0.09614510402725007
0.3310000000000002,35.001,-0.11865898626381358
0.3310000000000002,35.501,-0.11402276121501258
0.3310000000000002,36.001,-0.085909729663383
0.3310000000000002,36.501,-0.07235820926606545
0.3310000000000002,37.001,-0.06318498471258388
0.3310000000000002,37.501,-0.05620743695149921
0.3310000000000002,38.001,-0.050568449618951516
0.3310000000000002,38.501,-0.04583814714481822
0.3310000000000002,39.001,-0.04176855988720688
0.3310000000000002,39.501,-0.03820288186732177
0.3360000000000002,0.001,-1.086309793426771
0.3360000000000002,0.501,-1.9229429445163901
0.3360000000000002,1.001,-0.6475259190816001
0.3360000000000002,1.501,-0.3138914905760943
0.3360000000000002,2.001,-0.1766421727822391
0.3360000000000002,2.501,-0.10760853418386572
0.3360000000000002,3.001,-0.06872119006390781
0.3360000000000002,3.501,-0.0452097498436287
0.3360000000000002,4.0009999999999994,-0.03032718244340521
0.3360000000000002,4.5009999999999994,-0.020628945076461097
0.3360000000000002,5.0009999999999994,-0.01420831047933746
0.3360000000000002,5.5009999999999994,-0.00994281493362928
0.3360000000000002,6.0009999999999994,-0.007138960860553961
0.3360000000000002,6.5009999999999994,-0.005351300693507949
0.3360000000000002,7.0009999999999994,-0.004284464024017824
0.3360000000000002,7.5009999999999994,-0.003737355420791677
0.3360000000000002,8.001,-0.0035700036329592705
0.3360000000000002,8.501,-0.003683151594003644
0.3360000000000002,9.001,-0.004005299689936792
0.3360000000000002,9.501,-0.00448425921021442
0.3360000000000002,10.001,-0.00508151670102084
0.3360000000000002,10.501,-0.005768396160576782
0.3360000000000002,11.001,-0.006523397828229999
0.3360000000000002,11.501,-0.007330322922152556
0.3360000000000002,12.001,-0.008176933119182175
0.3360000000000002,12.501,-0.009053979951390054
0.3360000000000002,13.001,-0.009954493987568272
0.3360000000000002,13.501,-0.010873258990507367
0.3360000000000002,14.001,-0.01180641946866813
0.3360000000000002,14.501,-0.012751185569703796
0.3360000000000002,15.001,-0.013705609804457834
0.3360000000000002,15.501,-0.014668417347366465
0.3360000000000002,16.000999999999998,-0.01563887672229504
0.3360000000000002,16.500999999999998,-0.016616701259851423
0.3360000000000002,17.000999999999998,-0.017601974270421098
0.3360000000000002,17.500999999999998,-0.01859509272926381
0.3360000000000002,18.000999999999998,-0.019596725628321224
0.3360000000000002,18.500999999999998,-0.020607784159958953
0.3360000000000002,19.000999999999998,-0.021629401662847395
0.3360000000000002,19.500999999999998,-0.022662921852118316
0.3360000000000002,20.000999999999998,-0.02370989432767042
0.3360000000000002,20.500999999999998,-0.024772076745634225
0.3360000000000002,21.000999999999998,-0.0258514433797737
0.3360000000000002,21.500999999999998,-0.02695020011819572
0.3360000000000002,22.000999999999998,-0.02807080626036499
0.3360000000000002,22.500999999999998,-0.029216003824768452
0.3360000000000002,23.000999999999998,-0.0303888554768176
0.3360000000000002,23.500999999999998,-0.03159279267474616
0.3360000000000002,24.000999999999998,-0.03283167625501823
0.3360000000000002,24.500999999999998,-0.03410987250351071
0.3360000000000002,25.000999999999998,-0.03543234887913576
0.3360000000000002,25.500999999999998,-0.036804795113924704
0.3360000000000002,26.000999999999998,-0.03823377762352594
0.3360000000000002,26.500999999999998,-0.03972693836161877
0.3360000000000002,27.000999999999998,-0.04129325397988047
0.3360000000000002,27.500999999999998,-0.04294337829558886
0.3360000000000002,28.000999999999998,-0.04469010211009895
0.3360000000000002,28.500999999999998,-0.04654898194639831
0.3360000000000002,29.000999999999998,-0.04853921791773892
0.3360000000000002,29.500999999999998,-0.050684909340312834
0.3360000000000002,30.000999999999998,-0.05301690167202221
0.3360000000000002,30.500999999999998,-0.0555755942918167
0.3360000000000002,31.000999999999998,-0.058415380153534424
0.3360000000000002,31.500999999999998,-0.061612009069079356
0.3360000000000002,32.001,-0.06527554597701271
0.3360000000000002,32.501,-0.06957497169447403
0.3360000000000002,33.001,-0.07478983964381329
0.3360000000000002,33.501,-0.0814352660087303
0.3360000000000002,34.001,-0.09063805915725354
0.3360000000000002,34.501,-0.10582462630334058
0.3360000000000002,35.001,-0.170755399079463
0.3360000000000002,35.501,-0.09661206016129242
0.3360000000000002,36.001,-0.07861731372618891
0.3360000000000002,36.501,-0.0676841832233909
0.3360000000000002,37.001,-0.059737798275173976
0.3360000000000002,37.501,-0.053476125164541206
0.3360000000000002,38.001,-0.04830748946000924
0.3360000000000002,38.501,-0.04391029772314476
0.3360000000000002,39.001,-0.04008918982079366
0.3360000000000002,39.501,-0.036716058258230926
0.3410000000000002,0.001,-1.0974410443804226
0.3410000000000002,0.501,-1.9162173245546557
0.3410000000000002,1.001,-0.6445496181609937
0.3410000000000002,1.501,-0.3122278474260907
0.3410000000000002,2.001,-0.17564660004882438
0.3410000000000002,2.501,-0.10701501274868463
0.3410000000000002,3.001,-0.06839408221101287
0.3410000000000002,3.501,-0.04507060033039925
0.3410000000000002,4.0009999999999994,-0.03032663046164541
0.3410000000000002,4.5009999999999994,-0.020734015276181843
0.3410000000000002,5.0009999999999994,-0.014395965726926752
0.3410000000000002,5.5009999999999994,-0.010196397126408435
0.3410000000000002,6.0009999999999994,-0.00744609366879162
0.3410000000000002,6.5009999999999994,-0.005702587892596228
0.3410000000000002,7.0009999999999994,-0.004672646689181145
0.3410000000000002,7.5009999999999994,-0.004156746712330489
0.3410000000000002,8.001,-0.00401609835824426
0.3410000000000002,8.501,-0.004152349617561363
0.3410000000000002,9.001,-0.0044947057084240155
0.3410000000000002,9.501,-0.004991535076122856
0.3410000000000002,10.001,-0.0056047707309569705
0.3410000000000002,10.501,-0.006306099002259452
0.3410000000000002,11.001,-0.007074317748184428
0.3410000000000002,11.501,-0.007893475531598183
0.3410000000000002,12.001,-0.00875154200007916
0.3410000000000002,12.501,-0.009639445631999768
0.3410000000000002,13.001,-0.010550369404336221
0.3410000000000002,13.501,-0.011479230059939532
0.3410000000000002,14.001,-0.012422289743366191
0.3410000000000002,14.501,-0.013376864209144728
0.3410000000000002,15.001,-0.014341102281796567
0.3410000000000002,15.501,-0.015313818457919074
0.3410000000000002,16.000999999999998,-0.016294365570885348
0.3410000000000002,16.500999999999998,-0.01728253799246849
0.3410000000000002,17.000999999999998,-0.018278498387588243
0.3410000000000002,17.500999999999998,-0.01928272287941024
0.3410000000000002,18.000999999999998,-0.020295960833342425
0.3410000000000002,18.500999999999998,-0.021319206475459353
0.3410000000000002,19.000999999999998,-0.022353680325285223
0.3410000000000002,19.500999999999998,-0.02340081901715675
0.3410000000000002,20.000999999999998,-0.024462272561601495
0.3410000000000002,20.500999999999998,-0.0255399084983367
0.3410000000000002,21.000999999999998,-0.026635822747726797
0.3410000000000002,21.500999999999998,-0.027752357305219515
0.3410000000000002,22.000999999999998,-0.028892125269580675
0.3410000000000002,22.500999999999998,-0.030058044078100032
0.3410000000000002,23.000999999999998,-0.03125337827270533
0.3410000000000002,23.500999999999998,-0.032481793681235674
0.3410000000000002,24.000999999999998,-0.03374742562397848
0.3410000000000002,24.500999999999998,-0.03505496472648461
0.3410000000000002,25.000999999999998,-0.03640976525234431
0.3410000000000002,25.500999999999998,-0.03781798274005516
0.3410000000000002,26.000999999999998,-0.039286750408119256
0.3410000000000002,26.500999999999998,-0.04082440771159456
0.3410000000000002,27.000999999999998,-0.04244080028697912
0.3410000000000002,27.500999999999998,-0.044147679466019565
0.3410000000000002,28.000999999999998,-0.04595924354798974
0.3410000000000002,28.500999999999998,-0.04789288557894705
0.3410000000000002,29.000999999999998,-0.0499702498661356
0.3410000000000002,29.500999999999998,-0.052218763983902246
0.3410000000000002,30.000999999999998,-0.054673928791419996
0.3410000000000002,30.500999999999998,-0.05738286690447888
0.3410000000000002,31.000999999999998,-0.060410064432731114
0.3410000000000002,31.500999999999998,-0.0638471686148188
0.3410000000000002,32.001,-0.06783086319329504
0.3410000000000002,32.501,-0.07257844988859123
0.3410000000000002,33.001,-0.0784676126698951
0.3410000000000002,33.501,-0.08624919124761214
0.3410000000000002,34.001,-0.09780364187227997
0.3410000000000002,34.501,-0.1212227714449252
0.3410000000000002,35.001,-0.11433752178814328
0.3410000000000002,35.501,-0.08660096216005415
0.3410000000000002,36.001,-0.07300710589854052
0.3410000000000002,36.501,-0.06376751971198201
0.3410000000000002,37.001,-0.0567265176150255
0.3410000000000002,37.501,-0.05103053520190354
0.3410000000000002,38.001,-0.04624959907098262
0.3410000000000002,38.501,-0.042134988635135526
0.3410000000000002,39.001,-0.03852911250757162
0.3410000000000002,39.501,-0.03532542815903253
0.3460000000000002,0.001,-1.1084989781140486
0.3460000000000002,0.501,-1.9096517320347204
0.3460000000000002,1.001,-0.6416599516632231
0.3460000000000002,1.501,-0.31062425506503577
0.3460000000000002,2.001,-0.17469702169611478
0.3460000000000002,2.501,-0.10645866768570805
0.3460000000000002,3.001,-0.06809804504640811
0.3460000000000002,3.501,-0.044958013244367434
0.3460000000000002,4.0009999999999994,-0.030349159061409448
0.3460000000000002,4.5009999999999994,-0.020859386775997427
0.3460000000000002,5.0009999999999994,-0.014601647624367636
0.3460000000000002,5.5009999999999994,-0.010466107832226373
0.3460000000000002,6.0009999999999994,-0.0077677465758052115
0.3460000000000002,6.5009999999999994,-0.006067015485048288
0.3460000000000002,7.0009999999999994,-0.005072774521134291
0.3460000000000002,7.5009999999999994,-0.004587039521739028
0.3460000000000002,8.001,-0.004472177514998885
0.3460000000000002,8.501,-0.004630722172159957
0.3460000000000002,9.001,-0.0049925682952175615
0.3460000000000002,9.501,-0.005506629324559559
0.3460000000000002,10.001,-0.006135274928422918
0.3460000000000002,10.501,-0.006850545789530205
0.3460000000000002,11.001,-0.007631530851721358
0.3460000000000002,11.501,-0.008462520650115284
0.3460000000000002,12.001,-0.00933168837891657
0.3460000000000002,12.501,-0.010230135826946778
0.3460000000000002,13.001,-0.011151195410644979
0.3460000000000002,13.501,-0.012089914459812584
0.3460000000000002,14.001,-0.013042670869123682
0.3460000000000002,14.501,-0.014006884571072912
0.3460000000000002,15.001,-0.01498079969715916
0.3460000000000002,15.501,-0.01596331945982143
0.3460000000000002,16.000999999999998,-0.016953880785857356
0.3460000000000002,16.500999999999998,-0.01795235926322508
0.3460000000000002,17.000999999999998,-0.01895899748929912
0.3460000000000002,17.500999999999998,-0.019974351739194096
0.3460000000000002,18.000999999999998,-0.020999253217686253
0.3460000000000002,18.500999999999998,-0.022034781162327217
0.3460000000000002,19.000999999999998,-0.023082245829956514
0.3460000000000002,19.500999999999998,-0.02414317999647471
0.3460000000000002,20.000999999999998,-0.02521933808368902
0.3460000000000002,20.500999999999998,-0.026312702437982873
0.3460000000000002,21.000999999999998,-0.027425496656518836
0.3460000000000002,21.500999999999998,-0.028560206216630968
0.3460000000000002,22.000999999999998,-0.029719607041401155
0.3460000000000002,22.500999999999998,-0.030906803059967528
0.3460000000000002,23.000999999999998,-0.032125274332230974
0.3460000000000002,23.500999999999998,-0.03337893795292426
0.3460000000000002,24.000999999999998,-0.03467222479684596
0.3460000000000002,24.500999999999998,-0.036010176312410214
0.3460000000000002,25.000999999999998,-0.03739856715863973
0.3460000000000002,25.500999999999998,-0.038844061731063126
0.3460000000000002,26.000999999999998,-0.040354415877797103
0.3460000000000002,26.500999999999998,-0.041938739917019664
0.3460000000000002,27.000999999999998,-0.043607846330641895
0.3460000000000002,27.500999999999998,-0.045374716741575255
0.3460000000000002,28.000999999999998,-0.047255140613942107
0.3460000000000002,28.500999999999998,-0.04926860726819135
0.3460000000000002,29.000999999999998,-0.05143958207832197
0.3460000000000002,29.500999999999998,-0.05379938425247528
0.3460000000000002,30.000999999999998,-0.056389042467597406
0.3460000000000002,30.500999999999998,-0.05926381197611584
0.3460000000000002,31.000999999999998,-0.06250066988817413
0.3460000000000002,31.500999999999998,-0.06621151341811786
0.3460000000000002,32.001,-0.07056823483557152
0.3460000000000002,32.501,-0.07585542621812363
0.3460000000000002,33.001,-0.08259808696714455
0.3460000000000002,33.501,-0.09194681033843276
0.3460000000000002,34.001,-0.10741450876405069
0.3460000000000002,34.501,-0.1769101675449393
0.3460000000000002,35.001,-0.0976694698483633
0.3460000000000002,35.501,-0.07950548193709803
0.3460000000000002,36.001,-0.06844370611555554
0.3460000000000002,36.501,-0.06039708080115522
0.3460000000000002,37.001,-0.05405401354886956
0.3460000000000002,37.501,-0.04881730597364691
0.3460000000000002,38.001,-0.04436196843482665
0.3460000000000002,38.501,-0.04049040966121356
0.3460000000000002,39.001,-0.03707297532976788
0.3460000000000002,39.501,-0.03401970024040439
0.3510000000000002,0.001,-1.119484652422094
0.3510000000000002,0.501,-1.9032417601768388
0.3510000000000002,1.001,-0.6388545227648935
0.3510000000000002,1.501,-0.3090790391194048
0.3510000000000002,2.001,-0.17379214204721566
0.3510000000000002,2.501,-0.1059384388033422
0.3510000000000002,3.001,-0.06783218013157088
0.3510000000000002,3.501,-0.0448712088148949
0.3510000000000002,4.0009999999999994,-0.030394079732205252
0.3510000000000002,4.5009999999999994,-0.02100444379105615
0.3510000000000002,5.0009999999999994,-0.014824799984130502
0.3510000000000002,5.5009999999999994,-0.010751440816807928
0.3510000000000002,6.0009999999999994,-0.008103456003990817
0.3510000000000002,6.5009999999999994,-0.0064441568930062865
0.3510000000000002,7.0009999999999994,-0.005484453465022299
0.3510000000000002,7.5009999999999994,-0.005027868711918598
0.3510000000000002,8.001,-0.0049379019367356836
0.3510000000000002,8.501,-0.005117953621756016
0.3510000000000002,9.001,-0.005498593302319776
0.3510000000000002,9.501,-0.006029267570672375
0.3510000000000002,10.001,-0.006672773204482396
0.3510000000000002,10.501,-0.007401497474727209
0.3510000000000002,11.001,-0.008194814056180569
0.3510000000000002,11.501,-0.009037250236067287
0.3510000000000002,12.001,-0.009917178463578605
0.3510000000000002,12.501,-0.010825870319688735
0.3510000000000002,13.001,-0.01175680479816714
0.3510000000000002,13.501,-0.012705157521558597
0.3510000000000002,14.001,-0.013667420342733626
0.3510000000000002,14.501,-0.014641116035010122
0.3510000000000002,15.001,-0.015624583122064047
0.3510000000000002,15.501,-0.016616813020306126
0.3510000000000002,16.000999999999998,-0.01761732663340454
0.3510000000000002,16.500999999999998,-0.018626081047901283
0.3510000000000002,17.000999999999998,-0.019643399489931435
0.3510000000000002,17.500999999999998,-0.020669919523702937
0.3510000000000002,18.000999999999998,-0.02170655581155234
0.3510000000000002,18.500999999999998,-0.022754474757249774
0.3510000000000002,19.000999999999998,-0.023815079119947145
0.3510000000000002,19.500999999999998,-0.024890001288269084
0.3510000000000002,20.000999999999998,-0.02598110439619529
0.3510000000000002,20.500999999999998,-0.02709049088601778
0.3510000000000002,21.000999999999998,-0.02822051851295581
0.3510000000000002,21.500999999999998,-0.029373824171852917
0.3510000000000002,22.000999999999998,-0.030553356339825352
0.3510000000000002,22.500999999999998,-0.03176241740469614
0.3510000000000002,23.000999999999998,-0.033004717730881684
0.3510000000000002,23.500999999999998,-0.03428444405986673
0.3510000000000002,24.000999999999998,-0.03560634583270283
0.3510000000000002,24.500999999999998,-0.03697584437573796
0.3510000000000002,25.000999999999998,-0.03839917178623461
0.3510000000000002,25.500999999999998,-0.03988354906652848
0.3510000000000002,26.000999999999998,-0.04143741701792861
0.3510000000000002,26.500999999999998,-0.043070739320941256
0.3510000000000002,27.000999999999998,-0.04479540626319686
0.3510000000000002,27.500999999999998,-0.04662578172400802
0.3510000000000002,28.000999999999998,-0.048579458800808537
0.3510000000000002,28.500999999999998,-0.05067832729371934
0.3510000000000002,29.000999999999998,-0.052950121379191466
0.3510000000000002,29.500999999999998,-0.05543073258211978
0.3510000000000002,30.000999999999998,-0.0581677929040772
0.3510000000000002,30.500999999999998,-0.06122647077388367
0.3510000000000002,31.000999999999998,-0.06469935712551686
0.3510000000000002,31.500999999999998,-0.06872449242396439
0.3510000000000002,32.001,-0.07352122380704067
0.3510000000000002,32.501,-0.07947050345318885
0.3510000000000002,33.001,-0.08732873939422829
0.3510000000000002,33.501,-0.0989858413869482
0.3510000000000002,34.001,-0.12251422447620706
0.3510000000000002,34.501,-0.1162377154806447
0.3510000000000002,35.001,-0.08784070112363755
0.3510000000000002,35.501,-0.07399506400517011
0.3510000000000002,36.001,-0.06459678837846781
0.3510000000000002,36.501,-0.05743972486847609
0.3510000000000002,37.001,-0.051652525895870015
0.3510000000000002,37.501,-0.04679680749566822
0.3510000000000002,38.001,-0.04261916842145475
0.3510000000000002,38.501,-0.03895912525806767
0.3510000000000002,39.001,-0.03570821306452076
0.3510000000000002,39.501,-0.0327894610025484
0.3560000000000002,0.001,-1.1303990949550262
0.3560000000000002,0.501,-1.89698318744869
0.3560000000000002,1.001,-0.6361310356382202
0.3560000000000002,1.501,-0.3075905959524219
0.3560000000000002,2.001,-0.17293072031937823
0.3560000000000002,2.501,-0.10545331097397151
0.3560000000000002,3.001,-0.06759562736306812
0.3560000000000002,3.501,-0.044809440694183245
0.3560000000000002,4.0009999999999994,-0.030460733632937498
0.3560000000000002,4.5009999999999994,-0.021168597238265335
0.3560000000000002,5.0009999999999994,-0.015064890910778735
0.3560000000000002,5.5009999999999994,-0.01105191213899482
0.3560000000000002,6.0009999999999994,-0.008452778981000636
0.3560000000000002,6.5009999999999994,-0.0068336046973447445
0.3560000000000002,7.0009999999999994,-0.005907307369176135
0.3560000000000002,7.5009999999999994,-0.005478885947155621
0.3560000000000002,8.001,-0.005412948282200014
0.3560000000000002,8.501,-0.005613743283479494
0.3560000000000002,9.001,-0.006012500750171325
0.3560000000000002,9.501,-0.0065591888874402884
0.3560000000000002,10.001,-0.0072170222810776785
0.3560000000000002,10.501,-0.007958727229407159
0.3560000000000002,11.001,-0.008763955955055379
0.3560000000000002,11.501,-0.009617467424142274
0.3560000000000002,12.001,-0.010507829177420394
0.3560000000000002,12.501,-0.011426479183935884
0.3560000000000002,13.001,-0.01236704025670024
0.3560000000000002,13.501,-0.013324814113866962
0.3560000000000002,14.001,-0.014296404867461192
0.3560000000000002,14.501,-0.015279436885711914
0.3560000000000002,15.001,-0.016272342261684836
0.3560000000000002,15.501,-0.01727420019913791
0.3560000000000002,16.000999999999998,-0.018284615563143432
0.3560000000000002,16.500999999999998,-0.01930362733103949
0.3560000000000002,17.000999999999998,-0.020331640175887483
0.3560000000000002,17.500999999999998,-0.021369374225976637
0.3560000000000002,18.000999999999998,-0.022417829377997356
0.3560000000000002,18.500999999999998,-0.0234782615419606
0.3560000000000002,19.000999999999998,-0.024552168963720228
0.3560000000000002,19.500999999999998,-0.025641287378756466
0.3560000000000002,20.000999999999998,-0.026747593252878288
0.3560000000000002,20.500999999999998,-0.027873314803978505
0.3560000000000002,21.000999999999998,-0.02902095090966764
0.3560000000000002,21.500999999999998,-0.030193298421479123
0.3560000000000002,22.000999999999998,-0.03139348886178761
0.3560000000000002,22.500999999999998,-0.0326250360143462
0.3560000000000002,23.000999999999998,-0.03389189658410148
0.3560000000000002,23.500999999999998,-0.03519854696549566
0.3560000000000002,24.000999999999998,-0.03655008031908963
0.3560000000000002,24.500999999999998,-0.03795232975938033
0.3560000000000002,25.000999999999998,-0.039412025722973074
0.3560000000000002,25.500999999999998,-0.04093699886026742
0.3560000000000002,26.000999999999998,-0.04253644462552518
0.3560000000000002,26.500999999999998,-0.04422127303077802
0.3560000000000002,27.000999999999998,-0.04600457829534404
0.3560000000000002,27.500999999999998,-0.047902280995716896
0.3560000000000002,28.000999999999998,-0.04993402451884714
0.3560000000000002,28.500999999999998,-0.05212445693402791
0.3560000000000002,29.000999999999998,-0.05450511591714652
0.3560000000000002,29.500999999999998,-0.057117293029995714
0.3560000000000002,30.000999999999998,-0.06001656022167607
0.3560000000000002,30.500999999999998,-0.06328027190692638
0.3560000000000002,31.000999999999998,-0.06702075556805978
0.3560000000000002,31.500999999999998,-0.07141032348182008
0.3560000000000002,32.001,-0.07673370476054375
0.3560000000000002,32.501,-0.08351459780163449
0.3560000000000002,33.001,-0.09289494267214124
0.3560000000000002,33.501,-0.10832224344465888
0.3560000000000002,34.001,-0.1695083063819758
0.3560000000000002,34.501,-0.09952623377287691
0.3560000000000002,35.001,-0.08080869463767337
0.3560000000000002,35.501,-0.06948657208695028
0.3560000000000002,36.001,-0.06127202196811198
0.3560000000000002,36.501,-0.05480596235098416
0.3560000000000002,37.001,-0.049472866207686414
0.3560000000000002,37.501,-0.04493878674753847
0.3560000000000002,38.001,-0.041001084847783545
0.3560000000000002,38.501,-0.037526974836516014
0.3560000000000002,39.001,-0.03442441005630437
0.3560000000000002,39.501,-0.03162677941235724
0.3610000000000002,0.001,-1.1412433044899573
0.3610000000000002,0.501,-1.890871967358481
0.3610000000000002,1.001,-0.6334872898828035
0.3610000000000002,1.501,-0.3061573887611449
0.3610000000000002,2.001,-0.1721115675929916
0.3610000000000002,2.501,-0.10500231164407162
0.3610000000000002,3.001,-0.0673875628531658
0.3610000000000002,3.501,-0.044771994108422364
0.3610000000000002,4.0009999999999994,-0.030548489949784985
0.3610000000000002,4.5009999999999994,-0.021351283257571962
0.3610000000000002,5.0009999999999994,-0.015321411454849401
0.3610000000000002,5.5009999999999994,-0.011367058914500072
0.3610000000000002,6.0009999999999994,-0.00881529199611486
0.3610000000000002,6.5009999999999994,-0.007234969573246458
0.3610000000000002,7.0009999999999994,-0.006340976989259617
0.3610000000000002,7.5009999999999994,-0.0059397587572656285
0.3610000000000002,8.001,-0.005897008152508279
0.3610000000000002,8.501,-0.006117804591980677
0.3610000000000002,9.001,-0.006534024034372615
0.3610000000000002,9.501,-0.00709614505070473
0.3610000000000002,10.001,-0.007767790970925545
0.3610000000000002,10.501,-0.008522019756175309
0.3610000000000002,11.001,-0.009338756159247112
0.3610000000000002,11.501,-0.010202985893885394
0.3610000000000002,12.001,-0.011103467553236594
0.3610000000000002,12.501,-0.012031802201485933
0.3610000000000002,13.001,-0.012981753814536562
0.3610000000000002,13.501,-0.01394874810447104
0.3610000000000002,14.001,-0.014929499835339949
0.3610000000000002,14.501,-0.01592173381526503
0.3610000000000002,15.001,-0.01692397497623478
0.3610000000000002,15.501,-0.017935389988990077
0.3610000000000002,16.000999999999998,-0.01895566776742122
0.3610000000000002,16.500999999999998,-0.01998492968439219
0.3610000000000002,17.000999999999998,-0.021023662803711707
0.3610000000000002,17.500999999999998,-0.022072671235711203
0.3610000000000002,18.000999999999998,-0.02313304205364287
0.3610000000000002,18.500999999999998,-0.024206123208001064
0.3610000000000002,19.000999999999998,-0.02529351164680564
0.3610000000000002,19.500999999999998,-0.026397050464771296
0.3610000000000002,20.000999999999998,-0.027518834417947356
0.3610000000000002,20.500999999999998,-0.02866122359626533
0.3610000000000002,21.000999999999998,-0.029826865481912865
0.3610000000000002,21.500999999999998,-0.03101872607216783
0.3610000000000002,22.000999999999998,-0.03224013124958477
0.3610000000000002,22.500999999999998,-0.033494820185805074
0.3610000000000002,23.000999999999998,-0.034787013327245785
0.3610000000000002,23.500999999999998,-0.03612149851381899
0.3610000000000002,24.000999999999998,-0.0375037401448289
0.3610000000000002,24.500999999999998,-0.038940018207716795
0.3610000000000002,25.000999999999998,-0.04043760669956889
0.3610000000000002,25.500999999999998,-0.042005004930640424
0.3610000000000002,26.000999999999998,-0.04365224110217238
0.3610000000000002,26.500999999999998,-0.045391276556529817
0.3610000000000002,27.000999999999998,-0.04723655318429744
0.3610000000000002,27.500999999999998,-0.04920574912507602
0.3610000000000002,28.000999999999998,-0.05132084547579002
0.3610000000000002,28.500999999999998,-0.05360967130541827
0.3610000000000002,29.000999999999998,-0.05610820991199041
0.3610000000000002,29.500999999999998,-0.058864166434271545
0.3610000000000002,30.000999999999998,-0.061942728606021936
0.3610000000000002,30.500999999999998,-0.06543637135529488
0.3610000000000002,31.000999999999998,-0.06948268523374147
0.3610000000000002,31.500999999999998,-0.0742997064744984
0.3610000000000002,32.001,-0.08026462122860638
0.3610000000000002,32.501,-0.08812169638511498
0.3610000000000002,33.001,-0.0997088323694729
0.3610000000000002,33.501,-0.12260611739444202
0.3610000000000002,34.001,-0.1197714536176004
0.3610000000000002,34.501,-0.08962841050791161
0.3610000000000002,35.001,-0.07531997167684756
0.3610000000000002,35.501,-0.0656707045888224
0.3610000000000002,36.001,-0.05834515237293523
0.3610000000000002,36.501,-0.05243268527692634
0.3610000000000002,37.001,-0.04747817625454721
0.3610000000000002,37.501,-0.04321961650178842
0.3610000000000002,38.001,-0.03949152963638682
0.3610000000000002,38.501,-0.036182298863271095
0.3610000000000002,39.001,-0.03321283529596404
0.3610000000000002,39.501,-0.030524910566652148
0.3660000000000002,0.001,-1.152018252130862
0.3660000000000002,0.501,-1.8849042189427316
0.3660000000000002,1.001,-0.6309211753365351
0.3660000000000002,1.501,-0.3047779439394439
0.3660000000000002,2.001,-0.17133354398721534
0.3660000000000002,2.501,-0.10458450851416756
0.3660000000000002,3.001,-0.06720719695509128
0.3660000000000002,3.501,-0.04475818413519267
0.3660000000000002,4.0009999999999994,-0.030656744366263478
0.3660000000000002,4.5009999999999994,-0.021551961834318262
0.3660000000000002,5.0009999999999994,-0.015593874358785731
0.3660000000000002,5.5009999999999994,-0.011696438164234796
0.3660000000000002,6.0009999999999994,-0.009190589934889803
0.3660000000000002,6.5009999999999994,-0.007647879298667897
0.3660000000000002,7.0009999999999994,-0.006785119060642109
0.3660000000000002,7.5009999999999994,-0.006410169665890392
0.3660000000000002,8.001,-0.006389787268851643
0.3660000000000002,8.501,-0.006629864321147844
0.3660000000000002,9.001,-0.00706290918692451
0.3660000000000002,9.501,-0.007639899836153111
0.3660000000000002,10.001,-0.008324859507048532
0.3660000000000002,10.501,-0.009091170648037744
0.3660000000000002,11.001,-0.009919024683921676
0.3660000000000002,11.501,-0.010793629282070241
0.3660000000000002,12.001,-0.011703930169453917
0.3660000000000002,12.501,-0.01264168832079067
0.3660000000000002,13.001,-0.013600806318187872
0.3660000000000002,13.501,-0.014576831860024522
0.3660000000000002,14.001,-0.015566588846386273
0.3660000000000002,14.501,-0.01656790146101708
0.3660000000000002,15.001,-0.017579386837196967
0.3660000000000002,15.501,-0.01860029888976575
0.3660000000000002,16.000999999999998,-0.019630410773757698
0.3660000000000002,16.500999999999998,-0.020669926877790304
0.3660000000000002,17.000999999999998,-0.021719417730020146
0.3660000000000002,17.500999999999998,-0.022779772989303733
0.3660000000000002,18.000999999999998,-0.023852169020403373
0.3660000000000002,18.500999999999998,-0.02493804855237154
0.3660000000000002,19.000999999999998,-0.026039110694511865
0.3660000000000002,19.500999999999998,-0.02715731020784575
0.3660000000000002,20.000999999999998,-0.028294865457425565
0.3660000000000002,20.500999999999998,-0.02945427494688139
0.3660000000000002,21.000999999999998,-0.030638342800805733
0.3660000000000002,21.500999999999998,-0.03185021405168133
0.3660000000000002,22.000999999999998,-0.033093421149025366
0.3660000000000002,22.500999999999998,-0.03437194379187991
0.3660000000000002,23.000999999999998,-0.035690285061855
0.3660000000000002,23.500999999999998,-0.037053568001360844
0.3660000000000002,24.000999999999998,-0.03846765838538532
0.3660000000000002,24.500999999999998,-0.03993932169457778
0.3660000000000002,25.000999999999998,-0.0414764255535852
0.3660000000000002,25.500999999999998,-0.043088203695306034
0.3660000000000002,26.000999999999998,-0.04478560473824656
0.3660000000000002,26.500999999999998,-0.04658176021494712
0.3660000000000002,27.000999999999998,-0.04849262395226537
0.3660000000000002,27.500999999999998,-0.05053786371152395
0.3660000000000002,28.000999999999998,-0.0527421345583126
0.3660000000000002,28.500999999999998,-0.05513694845308623
0.3660000000000002,29.000999999999998,-0.0577635100914778
0.3660000000000002,29.500999999999998,-0.060677188656680967
0.3660000000000002,30.000999999999998,-0.06395490919508892
0.3660000000000002,30.500999999999998,-0.06770810444602336
0.3660000000000002,31.000999999999998,-0.07210716528979288
0.3660000000000002,31.500999999999998,-0.07743238810558709
0.3660000000000002,32.001,-0.08419587033894096
0.3660000000000002,32.501,-0.09350166068483219
0.3660000000000002,33.001,-0.1086017016632669
0.3660000000000002,33.501,-0.15886099971265966
0.3660000000000002,34.001,-0.1022240249506225
0.3660000000000002,34.501,-0.08253441965044399
0.3660000000000002,35.001,-0.07081489895301389
0.3660000000000002,35.501,-0.06236310926210514
0.3660000000000002,36.001,-0.05573180081786009
0.3660000000000002,36.501,-0.05027368923410766
0.3660000000000002,37.001,-0.04564011131700624
0.3660000000000002,37.501,-0.04162048639754061
0.3660000000000002,38.001,-0.03807727874260077
0.3660000000000002,38.501,-0.034915381252252624
0.3660000000000002,39.001,-0.032066096971868664
0.3660000000000002,39.501,-0.029478069997871184
0.3710000000000002,0.001,-1.1627248824431746
0.3710000000000002,0.501,-1.8790762178927243
0.3710000000000002,1.001,-0.6284306672350511
0.3710000000000002,1.501,-0.303450847685436
0.3710000000000002,2.001,-0.1705955560255332
0.3710000000000002,2.501,-0.10419900737489285
0.3710000000000002,3.001,-0.06705377242125582
0.3710000000000002,3.501,-0.04476735409690838
0.3710000000000002,4.0009999999999994,-0.03078491763641314
0.3710000000000002,4.5009999999999994,-0.02177011551450234
0.3710000000000002,5.0009999999999994,-0.015881812887473645
0.3710000000000002,5.5009999999999994,-0.012039625740373261
0.3710000000000002,6.0009999999999994,-0.009578285085740698
0.3710000000000002,6.5009999999999994,-0.008071977829786817
0.3710000000000002,7.0009999999999994,-0.00723940543347143
0.3710000000000002,7.5009999999999994,-0.006889815377751157
0.3710000000000002,8.001,-0.006891004705850218
0.3710000000000002,8.501,-0.007149661858550205
0.3710000000000002,9.001,-0.0075989141875735244
0.3710000000000002,9.501,-0.008190228364051158
0.3710000000000002,10.001,-0.008888018917919543
0.3710000000000002,10.501,-0.00966598579143868
0.3710000000000002,11.001,-0.010504581377280248
0.3710000000000002,11.501,-0.01138923063536855
0.3710000000000002,12.001,-0.012309062625133815
0.3710000000000002,12.501,-0.013255995152970407
0.3710000000000002,13.001,-0.014224066948298891
0.3710000000000002,13.501,-0.015208945781000863
0.3710000000000002,14.001,-0.016207563261762654
0.3710000000000002,14.501,-0.017217841976474642
0.3710000000000002,15.001,-0.018238490715618665
0.3710000000000002,15.501,-0.01926885051416663
0.3710000000000002,16.000999999999998,-0.020308779067806954
0.3710000000000002,16.500999999999998,-0.02135856451989873
0.3710000000000002,17.000999999999998,-0.02241886207080017
0.3710000000000002,17.500999999999998,-0.023490648648869086
0.3710000000000002,18.000999999999998,-0.024575192205951377
0.3710000000000002,18.500999999999998,-0.025674033201897012
0.3710000000000002,19.000999999999998,-0.02678897662358451
0.3710000000000002,19.500999999999998,-0.027922093517839256
0.3710000000000002,20.000999999999998,-0.029075731561152972
0.3710000000000002,20.500999999999998,-0.03025253468858824
0.3710000000000002,21.000999999999998,-0.031455472301707865
0.3710000000000002,21.500999999999998,-0.03268787911324206
0.3710000000000002,22.000999999999998,-0.03395350731308109
0.3710000000000002,22.500999999999998,-0.035256593517099935
0.3710000000000002,23.000999999999998,-0.0366019439703605
0.3710000000000002,23.500999999999998,-0.03799504283813394
0.3710000000000002,24.000999999999998,-0.039442190308521384
0.3710000000000002,24.500999999999998,-0.04095067991959558
0.3710000000000002,25.000999999999998,-0.04252902843688194
0.3710000000000002,25.500999999999998,-0.0441872774289721
0.3710000000000002,26.000999999999998,-0.04593739455451116
0.3710000000000002,26.500999999999998,-0.04779381641510362
0.3710000000000002,27.000999999999998,-0.04977419704197514
0.3710000000000002,27.500999999999998,-0.05190046285224948
0.3710000000000002,28.000999999999998,-0.05420033794733277
0.3710000000000002,28.500999999999998,-0.05670961616446101
0.3710000000000002,29.000999999999998,-0.05947566693266691
0.3710000000000002,29.500999999999998,-0.06256307896793804
0.3710000000000002,30.000999999999998,-0.06606322908175412
0.3710000000000002,30.500999999999998,-0.07011159728090752
0.3710000000000002,31.000999999999998,-0.07492185857058324
0.3710000000000002,31.500999999999998,-0.0808611455791476
0.3710000000000002,32.001,-0.08864617657462157
0.3710000000000002,32.501,-0.10001214460999165
0.3710000000000002,33.001,-0.12172359333669658
0.3710000000000002,33.501,-0.12534171500422778
0.3710000000000002,34.001,-0.09199631213877427
0.3710000000000002,34.501,-0.07699166754035947
0.3710000000000002,35.001,-0.0669934652669434
0.3710000000000002,35.501,-0.05944481942130312
0.3710000000000002,36.001,-0.05337198933339622
0.3710000000000002,36.501,-0.04829411089875184
0.3710000000000002,37.001,-0.04393639751555494
0.3710000000000002,37.501,-0.04012617322082364
0.3710000000000002,38.001,-0.036747388353697084
0.3710000000000002,38.501,-0.0337180392407619
0.3710000000000002,39.001,-0.03097788140165232
0.3710000000000002,39.501,-0.028481259307332623
0.3760000000000002,0.001,-1.173364114527198
0.3760000000000002,0.501,-1.873384388268807
0.3760000000000002,1.001,-0.6260138216919912
0.3760000000000002,1.501,-0.30217474283387746
0.3760000000000002,2.001,-0.16989655417612626
0.3760000000000002,2.501,-0.10384495008673938
0.3760000000000002,3.001,-0.06692656268383057
0.3760000000000002,3.501,-0.044798874061055975
0.3760000000000002,4.0009999999999994,-0.030932454252877575
0.3760000000000002,4.5009999999999994,-0.022005248205520633
0.3760000000000002,5.0009999999999994,-0.016184779736635402
0.3760000000000002,5.5009999999999994,-0.012396215323935034
0.3760000000000002,6.0009999999999994,-0.009978006212722101
0.3760000000000002,6.5009999999999994,-0.008506924438087158
0.3760000000000002,7.0009999999999994,-0.007703522265436288
0.3760000000000002,7.5009999999999994,-0.007378406020149185
0.3760000000000002,8.001,-0.007400392176121651
0.3760000000000002,8.501,-0.0076769485283926815
0.3760000000000002,9.001,-0.00814180832125852
0.3760000000000002,9.501,-0.008746916487908568
0.3760000000000002,10.001,-0.009457070444583007
0.3760000000000002,10.501,-0.010246280809484733
0.3760000000000002,11.001,-0.011095255387894833
0.3760000000000002,11.501,-0.011989631900100606
0.3760000000000002,12.001,-0.012918719050695401
0.3760000000000002,12.501,-0.013874588502288648
0.3760000000000002,13.001,-0.014851412768864022
0.3760000000000002,13.501,-0.01584497786883239
0.3760000000000002,14.001,-0.016852321788203027
0.3760000000000002,14.501,-0.01787146463256272
0.3760000000000002,15.001,-0.018901206399948564
0.3760000000000002,15.501,-0.019940975222065727
0.3760000000000002,16.000999999999998,-0.020990713744468925
0.3760000000000002,16.500999999999998,-0.02205079472656586
0.3760000000000002,17.000999999999998,-0.023121959387853233
0.3760000000000002,17.500999999999998,-0.024205273808091184
0.3760000000000002,18.000999999999998,-0.025302100010870042
0.3760000000000002,18.500999999999998,-0.02641407936434171
0.3760000000000002,19.000999999999998,-0.027543126720969195
0.3760000000000002,19.500999999999998,-0.028691434364403502
0.3760000000000002,20.000999999999998,-0.02986148539388678
0.3760000000000002,20.500999999999998,-0.031056076703169566
0.3760000000000002,21.000999999999998,-0.03227835224680133
0.3760000000000002,21.500999999999998,-0.033531847878679716
0.3760000000000002,22.000999999999998,-0.03482054975119547
0.3760000000000002,22.500999999999998,-0.036148969149388394
0.3760000000000002,23.000999999999998,-0.03752223780194802
0.3760000000000002,23.500999999999998,-0.038946229302840925
0.3760000000000002,24.000999999999998,-0.04042771450939618
0.3760000000000002,24.500999999999998,-0.041974561988532465
0.3760000000000002,25.000999999999998,-0.043595999292983176
0.3760000000000002,25.500999999999998,-0.04530295792921659
0.3760000000000002,26.000999999999998,-0.047108535779022805
0.3760000000000002,26.500999999999998,-0.04902862796302014
0.3760000000000002,27.000999999999998,-0.051082805159247055
0.3760000000000002,27.500999999999998,-0.05329556550029958
0.3760000000000002,28.000999999999998,-0.05569816838720007
0.3760000000000002,28.500999999999998,-0.058331408397933486
0.3760000000000002,29.000999999999998,-0.06124997484398937
0.3760000000000002,29.500999999999998,-0.06452962830203794
0.3760000000000002,30.000999999999998,-0.06827971151732562
0.3760000000000002,30.500999999999998,-0.07266661052197054
0.3760000000000002,31.000999999999998,-0.07796220078810476
0.3760000000000002,31.500999999999998,-0.08465825469585737
0.3760000000000002,32.001,-0.09379744592171763
0.3760000000000002,32.501,-0.10834433457211641
0.3760000000000002,33.001,-0.14947536056686556
0.3760000000000002,33.501,-0.10588743555757368
0.3760000000000002,34.001,-0.08470882848247321
0.3760000000000002,34.501,-0.0724391173628723
0.3760000000000002,35.001,-0.06367559943642326
0.3760000000000002,35.501,-0.05683448851574753
0.3760000000000002,36.001,-0.051221526541463065
0.3760000000000002,36.501,-0.046466984968546426
0.3760000000000002,37.001,-0.042349208497451676
0.3760000000000002,37.501,-0.03872418088777258
0.3760000000000002,38.001,-0.03549269791107363
0.3760000000000002,38.501,-0.03258331622449516
0.3760000000000002,39.001,-0.029942752729831257
0.3760000000000002,39.501,-0.027530129710227023
0.3810000000000002,0.001,-1.1839368430344173
0.3810000000000002,0.501,-1.8678252947563008
0.3810000000000002,1.001,-0.6236687714748606
0.3810000000000002,1.501,-0.3009483258958756
0.3810000000000002,2.001,-0.16923553055330776
0.3810000000000002,2.501,-0.10352151269218005
0.3810000000000002,3.001,-0.06682487024806058
0.3810000000000002,3.501,-0.04485213943881636
0.3810000000000002,4.0009999999999994,-0.03109882120240437
0.3810000000000002,4.5009999999999994,-0.02225688405566484
0.3810000000000002,5.0009999999999994,-0.016502346012933572
0.3810000000000002,5.5009999999999994,-0.012765817488263768
0.3810000000000002,6.0009999999999994,-0.01038939768927543
0.3810000000000002,6.5009999999999994,-0.008952392904214374
0.3810000000000002,7.0009999999999994,-0.008177169267673978
0.3810000000000002,7.5009999999999994,-0.00787566443443119
0.3810000000000002,8.001,-0.007917693362018502
0.3810000000000002,8.501,-0.008211486959161574
0.3810000000000002,9.001,-0.008691371578025742
0.3810000000000002,9.501,-0.009309760223616223
0.3810000000000002,10.001,-0.010031824996437733
0.3810000000000002,10.501,-0.01083188054220102
0.3810000000000002,11.001,-0.011690884667585333
0.3810000000000002,11.501,-0.012594683446154761
0.3810000000000002,12.001,-0.013532761651547293
0.3810000000000002,12.501,-0.014497341928386767
0.3810000000000002,13.001,-0.015482728307143548
0.3810000000000002,13.501,-0.01648482332277018
0.3810000000000002,14.001,-0.017500770091258604
0.3810000000000002,14.501,-0.018528685446882062
0.3810000000000002,15.001,-0.01956746024112617
0.3810000000000002,15.501,-0.020616609781466066
0.3810000000000002,16.000999999999998,-0.021676162185009167
0.3810000000000002,16.500999999999998,-0.022746575814695122
0.3810000000000002,17.000999999999998,-0.023828679400387555
0.3810000000000002,17.500999999999998,-0.024923630222981212
0.3810000000000002,18.000999999999998,-0.02603288706064809
0.3810000000000002,18.500999999999998,-0.027158195604526952
0.3810000000000002,19.000999999999998,-0.028301584848032177
0.3810000000000002,19.500999999999998,-0.02946537361477674
0.3810000000000002,20.000999999999998,-0.030652186974177945
0.3810000000000002,20.500999999999998,-0.031864982851724705
0.3810000000000002,21.000999999999998,-0.033107089721107784
0.3810000000000002,21.500999999999998,-0.034382256920128675
0.3810000000000002,22.000999999999998,-0.03569471992474534
0.3810000000000002,22.500999999999998,-0.03704928392924091
0.3810000000000002,23.000999999999998,-0.0384514304329637
0.3810000000000002,23.500999999999998,-0.03990745339846341
0.3810000000000002,24.000999999999998,-0.04142463418576805
0.3810000000000002,24.500999999999998,-0.0430114682957258
0.3810000000000002,25.000999999999998,-0.044677962635152016
0.3810000000000002,25.500999999999998,-0.04643603064316591
0.3810000000000002,26.000999999999998,-0.048300026051460554
0.3810000000000002,26.500999999999998,-0.050287477550071555
0.3810000000000002,27.000999999999998,-0.05242012210642118
0.3810000000000002,27.500999999999998,-0.05472539529573574
0.3810000000000002,28.000999999999998,-0.05723864477335869
0.3810000000000002,28.500999999999998,-0.06000653378835343
0.3810000000000002,29.000999999999998,-0.06309249684438872
0.3810000000000002,29.500999999999998,-0.06658594098966533
0.3810000000000002,30.000999999999998,-0.07061878429901897
0.3810000000000002,30.500999999999998,-0.07539773069841157
0.3810000000000002,31.000999999999998,-0.08127464691955999
0.3810000000000002,31.500999999999998,-0.08892658103207794
0.3810000000000002,32.001,-0.09995020185971373
0.3810000000000002,32.501,-0.12014798252869818
0.3810000000000002,33.001,-0.13405806969014294
0.3810000000000002,33.501,-0.09501384328885723
0.3810000000000002,34.001,-0.07903224444416719
0.3810000000000002,34.501,-0.06857544213513521
0.3810000000000002,35.001,-0.0607445163603892
0.3810000000000002,35.501,-0.05447398341617539
0.3810000000000002,36.001,-0.04924689541162474
0.3810000000000002,36.501,-0.0447710184969797
0.3810000000000002,37.001,-0.04086405188103446
0.3810000000000002,37.501,-0.037404124113166085
0.3810000000000002,38.001,-0.03430546178778812
0.3810000000000002,38.501,-0.031505247974361515
0.3810000000000002,39.001,-0.028955997151437915
0.3810000000000002,39.501,-0.026620874000885378
0.38600000000000023,0.001,-1.1944439391304216
0.38600000000000023,0.501,-1.8623956354211735
0.38600000000000023,1.001,-0.6213937220535836
0.38600000000000023,1.501,-0.2997703442897921
0.38600000000000023,2.001,-0.16861151676753633
0.38600000000000023,2.501,-0.10322790364988967
0.38600000000000023,3.001,-0.06674802518955078
0.38600000000000023,3.501,-0.04492656967443337
0.38600000000000023,4.0009999999999994,-0.031283506801974226
0.38600000000000023,4.5009999999999994,-0.022524566406249474
0.38600000000000023,5.0009999999999994,-0.016834100280223637
0.38600000000000023,5.5009999999999994,-0.013148058823261977
0.38600000000000023,6.0009999999999994,-0.01081211868821591
0.38600000000000023,6.5009999999999994,-0.009408070764192922
0.38600000000000023,7.0009999999999994,-0.008660058999681197
0.38600000000000023,7.5009999999999994,-0.008381325513539511
0.38600000000000023,8.001,-0.008442663290869457
0.38600000000000023,8.501,-0.008753050492477682
0.38600000000000023,9.001,-0.00924739409210722
0.38600000000000023,9.501,-0.009878565215904397
0.38600000000000023,10.001,-0.01061210264268607
0.38600000000000023,10.501,-0.011422618560936158
0.38600000000000023,11.001,-0.012291315507059655
0.38600000000000023,11.501,-0.013204243622415877
0.38600000000000023,12.001,-0.01415106028207909
0.38600000000000023,12.501,-0.015124136337812663
0.38600000000000023,13.001,-0.016117905161896096
0.38600000000000023,13.501,-0.017128384164163277
0.38600000000000023,14.001,-0.018152820435144046
0.38600000000000023,14.501,-0.019189426838818736
0.38600000000000023,15.001,-0.020237184822847754
0.38600000000000023,15.501,-0.021295697054038068
0.38600000000000023,16.000999999999998,-0.022365077758237775
0.38600000000000023,16.500999999999998,-0.02344587201975476
0.38600000000000023,17.000999999999998,-0.024538997719940246
0.38600000000000023,17.500999999999998,-0.025645705565801667
0.38600000000000023,18.000999999999998,-0.02676755398085215
0.38600000000000023,18.500999999999998,-0.02790639664387804
0.38600000000000023,19.000999999999998,-0.029064381268786757
0.38600000000000023,19.500999999999998,-0.030243958896597867
0.38600000000000023,20.000999999999998,-0.03144790357989678
0.38600000000000023,20.500999999999998,-0.03267934293412192
0.38600000000000023,21.000999999999998,-0.033941800661451624
0.38600000000000023,21.500999999999998,-0.035239252880323896
0.38600000000000023,22.000999999999998,-0.03657620098952222
0.38600000000000023,22.500999999999998,-0.03795776495851753
0.38600000000000023,23.000999999999998,-0.039389802505949416
0.38600000000000023,23.500999999999998,-0.040879061815481454
0.38600000000000023,24.000999999999998,-0.04243337856571261
0.38600000000000023,24.500999999999998,-0.04406193262968224
0.38600000000000023,25.000999999999998,-0.04577558666101206
0.38600000000000023,25.500999999999998,-0.04758733931692133
0.38600000000000023,26.000999999999998,-0.049512942464050094
0.38600000000000023,26.500999999999998,-0.0515717586231077
0.38600000000000023,27.000999999999998,-0.05378797997776859
0.38600000000000023,27.500999999999998,-0.05619240859459777
0.38600000000000023,28.000999999999998,-0.058825139544724465
0.38600000000000023,28.500999999999998,-0.06173975946273048
0.38600000000000023,29.000999999999998,-0.06501022130358114
0.38600000000000023,29.500999999999998,-0.06874274934935048
0.38600000000000023,30.000999999999998,-0.07309797215659244
0.38600000000000023,30.500999999999998,-0.0783360970730579
0.38600000000000023,31.000999999999998,-0.0849218251615141
0.38600000000000023,31.500999999999998,-0.09381995725667494
0.38600000000000023,32.001,-0.10765823270132435
0.38600000000000023,32.501,-0.14167052679815645
0.38600000000000023,33.001,-0.1107644100922105
0.38600000000000023,33.501,-0.08737953192701611
0.38600000000000023,34.001,-0.07437839903087776
0.38600000000000023,34.501,-0.06521955511070451
0.38600000000000023,35.001,-0.05812006127460571
0.38600000000000023,35.501,-0.05232028789381157
0.38600000000000023,36.001,-0.047422060230072255
0.38600000000000023,36.501,-0.043189099369257196
0.38600000000000023,37.001,-0.0394689844159197
0.38600000000000023,37.501,-0.03615727722480025
0.38600000000000023,38.001,-0.033179071564341564
0.38600000000000023,38.501,-0.03047868212864987
0.38600000000000023,39.001,-0.028013500274676667
0.38600000000000023,39.501,-0.02575014011084962
0.39100000000000024,0.001,-1.204886251407925
0.39100000000000024,0.501,-1.8570922349270924
0.39100000000000024,1.001,-0.619186947900874
0.39100000000000024,1.501,-0.29863959374875415
0.39100000000000024,2.001,-0.16802358191260822
0.39100000000000024,2.501,-0.10296336218171842
0.39100000000000024,3.001,-0.06669538374756828
0.39100000000000024,3.501,-0.045021607018359
0.39100000000000024,4.0009999999999994,-0.03148601960937422
0.39100000000000024,4.5009999999999994,-0.022807856810800192
0.39100000000000024,5.0009999999999994,-0.017179647666865694
0.39100000000000024,5.5009999999999994,-0.013542581115729313
0.39100000000000024,6.0009999999999994,-0.011245842423624655
0.39100000000000024,6.5009999999999994,-0.009873658603973587
0.39100000000000024,7.0009999999999994,-0.009151916209470479
0.39100000000000024,7.5009999999999994,-0.008895135582100117
0.39100000000000024,8.001,-0.008975067750376209
0.39100000000000024,8.501,-0.009301422629998654
0.39100000000000024,9.001,-0.009809675617156552
0.39100000000000024,9.501,-0.010453146239264244
0.39100000000000024,10.001,-0.011197732136701652
0.39100000000000024,10.501,-0.012018336714294815
0.39100000000000024,11.001,-0.012896402101821941
0.39100000000000024,11.501,-0.013818178341296158
0.39100000000000024,12.001,-0.014773492047688838
0.39100000000000024,12.501,-0.01575485960261111
0.39100000000000024,13.001,-0.016756841637776382
0.39100000000000024,13.501,-0.01777556888608098
0.39100000000000024,14.001,-0.018808391347167344
0.39100000000000024,14.501,-0.019853617308553215
0.39100000000000024,15.001,-0.02091031865512024
0.39100000000000024,15.501,-0.021978185703404353
0.39100000000000024,16.000999999999998,-0.02305741954398227
0.39100000000000024,16.500999999999998,-0.024148653235220655
0.39100000000000024,17.000999999999998,-0.025252895606991732
0.39100000000000024,17.500999999999998,-0.026371493200584212
0.39100000000000024,18.000999999999998,-0.02750610719398698
0.39100000000000024,18.500999999999998,-0.028658703181998244
0.39100000000000024,19.000999999999998,-0.029831552500827897
0.39100000000000024,19.500999999999998,-0.031027244484589045
0.39100000000000024,20.000999999999998,-0.03224870967946075
0.39100000000000024,20.500999999999998,-0.03349925467694907
0.39100000000000024,21.000999999999998,-0.03478260991810884
0.39100000000000024,21.500999999999998,-0.03610299263182126
0.39100000000000024,22.000999999999998,-0.037465188086462715
0.39100000000000024,22.500999999999998,-0.03887465367148979
0.39100000000000024,23.000999999999998,-0.04033765215214816
0.39100000000000024,23.500999999999998,-0.04186142301115023
0.39100000000000024,24.000999999999998,-0.043454404502198674
0.39100000000000024,24.500999999999998,-0.045126524526187595
0.39100000000000024,25.000999999999998,-0.04688958674545236
0.39100000000000024,25.500999999999998,-0.04875779124048383
0.39100000000000024,26.000999999999998,-0.05074844956894405
0.39100000000000024,26.500999999999998,-0.0528829878751747
0.39100000000000024,27.000999999999998,-0.05518838917282415
0.39100000000000024,27.500999999999998,-0.05769932760520715
0.39100000000000024,28.000999999999998,-0.060461435794386335
0.39100000000000024,28.500999999999998,-0.06353651446177343
0.39100000000000024,29.000999999999998,-0.06701126119114328
0.39100000000000024,29.500999999999998,-0.07101282926478017
0.39100000000000024,30.000999999999998,-0.07573885963843857
0.39100000000000024,30.500999999999998,-0.0815219831189703
0.39100000000000024,31.000999999999998,-0.08899113237772338
0.39100000000000024,31.500999999999998,-0.09958416019896257
0.39100000000000024,32.001,-0.11813704427070398
0.39100000000000024,32.501,-0.1495447347137858
0.39100000000000024,33.001,-0.09880118095085816
0.39100000000000024,33.501,-0.08147790380939057
0.39100000000000024,34.001,-0.07043361269220078
0.39100000000000024,34.501,-0.06225390661342448
0.39100000000000024,35.001,-0.05574478475356304
0.39100000000000024,35.501,-0.050340661263010435
0.39100000000000024,36.001,-0.045726387146562325
0.39100000000000024,36.501,-0.041707265847851255
0.39100000000000024,37.001,-0.038154045727524455
0.39100000000000024,37.501,-0.03497623764476023
0.39100000000000024,38.001,-0.03210784337696798
0.39100000000000024,38.501,-0.02949913700759326
0.39100000000000024,39.001,-0.027111649497606864
0.39100000000000024,39.501,-0.024914961273998695
0.39600000000000024,0.001,-1.2152646067530761
0.39600000000000024,0.501,-1.851912038179102
0.39600000000000024,1.001,-0.6170467890253905
0.39600000000000024,1.501,-0.2975549158913817
0.39600000000000024,2.001,-0.16747083067967894
0.39600000000000024,2.501,-0.10272715672387522
0.39600000000000024,3.001,-0.06666632700707154
0.39600000000000024,3.501,-0.04513671537784955
0.39600000000000024,4.0009999999999994,-0.031705887402567384
0.39600000000000024,4.5009999999999994,-0.023106334116211352
0.39600000000000024,5.0009999999999994,-0.01753860902947396
0.39600000000000024,5.5009999999999994,-0.013949040581539493
0.39600000000000024,6.0009999999999994,-0.011690255440720082
0.39600000000000024,6.5009999999999994,-0.01034886939865548
0.39600000000000024,7.0009999999999994,-0.009652477215536664
0.39600000000000024,7.5009999999999994,-0.009416851815824079
0.39600000000000024,8.001,-0.009514682741129123
0.39600000000000024,8.501,-0.009856396515479496
0.39600000000000024,9.001,-0.010378025034901955
0.39600000000000024,9.501,-0.01103332673071275
0.39600000000000024,10.001,-0.011788550470829502
0.39600000000000024,10.501,-0.012618884703219549
0.39600000000000024,11.001,-0.013506006146049174
0.39600000000000024,11.501,-0.014436360690167432
0.39600000000000024,12.001,-0.015399940932726619
0.39600000000000024,12.501,-0.016389406203927523
0.39600000000000024,13.001,-0.017399442403917414
0.39600000000000024,13.501,-0.018426292126361744
0.39600000000000024,14.001,-0.01946740730490617
0.39600000000000024,14.501,-0.020521191138192993
0.39600000000000024,15.001,-0.021586805889380598
0.39600000000000024,15.501,-0.02266402992451104
0.39600000000000024,16.000999999999998,-0.023753152077247278
0.39600000000000024,16.500999999999998,-0.02485489477240999
0.39600000000000024,17.000999999999998,-0.025970359747785353
0.39600000000000024,17.500999999999998,-0.027100991978823562
0.39600000000000024,18.000999999999998,-0.028248558736694747
0.39600000000000024,18.500999999999998,-0.02941514173902436
0.39600000000000024,19.000999999999998,-0.030603141187853625
0.39600000000000024,19.500999999999998,-0.031815291210137604
0.39600000000000024,20.000999999999998,-0.03305468688799979
0.39600000000000024,20.500999999999998,-0.03432482374948769
0.39600000000000024,21.000999999999998,-0.03562965134909857
0.39600000000000024,21.500999999999998,-0.036973643475761965
0.39600000000000024,22.000999999999998,-0.03836188868223901
0.39600000000000024,22.500999999999998,-0.03980020637130705
0.39600000000000024,23.000999999999998,-0.041295295803161665
0.39600000000000024,23.500999999999998,-0.042854928414592625
0.39600000000000024,24.000999999999998,-0.04448819825109662
0.39600000000000024,24.500999999999998,-0.046205851897161115
0.39600000000000024,25.000999999999998,-0.04802072936051977
0.39600000000000024,25.500999999999998,-0.049948363173905726
0.39600000000000024,26.000999999999998,-0.05200780850705891
0.39600000000000024,26.500999999999998,-0.054222819646540577
0.39600000000000024,27.000999999999998,-0.05662356179116424
0.39600000000000024,27.500999999999998,-0.05924917978190211
0.39600000000000024,28.000999999999998,-0.062151796586164036
0.39600000000000024,28.500999999999998,-0.06540301854415087
0.39600000000000024,29.000999999999998,-0.06910511049737059
0.39600000000000024,29.500999999999998,-0.07341155846510587
0.39600000000000024,30.000999999999998,-0.07856846266852903
0.39600000000000024,30.500999999999998,-0.08500879895958469
0.39600000000000024,31.000999999999998,-0.09360997692934958
0.39600000000000024,31.500999999999998,-0.10665020247316608
0.39600000000000024,32.001,-0.13513398728098705
0.39600000000000024,32.501,-0.11733541463864487
0.39600000000000024,33.001,-0.09062214606623764
0.39600000000000024,33.501,-0.07666200193646791
0.39600000000000024,34.001,-0.06701024395559473
0.39600000000000024,34.501,-0.05959776159644356
0.39600000000000024,35.001,-0.0535760762250642
0.39600000000000024,35.501,-0.0485095960051238
0.39600000000000024,36.001,-0.044143241891776756
0.39600000000000024,36.501,-0.0403139758405606
0.39600000000000024,37.001,-0.03691084133577825
0.39600000000000024,37.501,-0.03385467070767047
0.39600000000000024,38.001,-0.03108685283598872
0.39600000000000024,38.501,-0.028562689886906342
0.39600000000000024,39.001,-0.026247255509036165
0.39600000000000024,39.501,-0.024112699107536655
0.40100000000000025,0.001,-1.2255798111679876
0.40100000000000025,0.501,-1.8468521043620916
0.40100000000000025,1.001,-0.6149716477203182
0.40100000000000025,1.501,-0.296515195943561
0.40100000000000025,2.001,-0.16695240158861802
0.40100000000000025,2.501,-0.10251858347454262
0.40100000000000025,3.001,-0.06666025966286665
0.40100000000000025,3.501,-0.04527137923920321
0.40100000000000025,4.0009999999999994,-0.03194265622273309
0.40100000000000025,4.5009999999999994,-0.023419593601247617
0.40100000000000025,5.0009999999999994,-0.0179106201688726
0.40100000000000025,5.5009999999999994,-0.014367107145785846
0.40100000000000025,6.0009999999999994,-0.012145056950113513
0.40100000000000025,6.5009999999999994,-0.010833427893030698
0.40100000000000025,7.0009999999999994,-0.010161489327502299
0.40100000000000025,7.5009999999999994,-0.00994624169728309
0.40100000000000025,8.001,-0.010061293963454003
0.40100000000000025,8.501,-0.010417774449365619
0.40100000000000025,9.001,-0.01095225989471195
0.40100000000000025,9.501,-0.01161893835202453
0.40100000000000025,10.001,-0.012384402459341935
0.40100000000000025,10.501,-0.013224119683033227
0.40100000000000025,11.001,-0.014119996452352068
0.40100000000000025,11.501,-0.015058670567683077
0.40100000000000025,12.001,-0.01603029745242869
0.40100000000000025,12.501,-0.017027676898773422
0.40100000000000025,13.001,-0.018045618174918482
0.40100000000000025,13.501,-0.019080474362372028
0.40100000000000025,14.001,-0.020129798444452424
0.40100000000000025,14.501,-0.02119208811340581
0.40100000000000025,15.001,-0.022266596053618
0.40100000000000025,15.501,-0.023353189192570345
0.40100000000000025,16.000999999999998,-0.02445224511160339
0.40100000000000025,16.500999999999998,-0.02556457713929077
0.40100000000000025,17.000999999999998,-0.026691382050005028
0.40100000000000025,17.500999999999998,-0.027834206054063823
0.40100000000000025,18.000999999999998,-0.02899492609610059
0.40100000000000025,18.500999999999998,-0.030175744517648907
0.40100000000000025,19.000999999999998,-0.03137919599277143
0.40100000000000025,19.500999999999998,-0.032608166392939765
0.40100000000000025,20.000999999999998,-0.033865923947849805
0.40100000000000025,20.500999999999998,-0.03515616380742629
0.40100000000000025,21.000999999999998,-0.036483067947310856
0.40100000000000025,21.500999999999998,-0.03785138338108051
0.40100000000000025,22.000999999999998,-0.03926652296172928
0.40100000000000025,22.500999999999998,-0.040734694835659
0.40100000000000025,23.000999999999998,-0.04226306909834888
0.40100000000000025,23.500999999999998,-0.04385999376896095
0.40100000000000025,24.000999999999998,-0.04553527745173875
0.40100000000000025,24.500999999999998,-0.047300563967972345
0.40100000000000025,25.000999999999998,-0.049169836479209146
0.40100000000000025,25.500999999999998,-0.05116010805599582
0.40100000000000025,26.000999999999998,-0.05329238744416821
0.40100000000000025,26.500999999999998,-0.055593062589196704
0.40100000000000025,27.000999999999998,-0.058095939109700775
0.40100000000000025,27.500999999999998,-0.06084534494243041
0.40100000000000025,28.000999999999998,-0.06390104974424406
0.40100000000000025,28.500999999999998,-0.06734644424678493
0.40100000000000025,29.000999999999998,-0.07130297877137405
0.40100000000000025,29.500999999999998,-0.07595768089371613
0.40100000000000025,30.000999999999998,-0.08162123730870557
0.40100000000000025,30.500999999999998,-0.08886957582308977
0.40100000000000025,31.000999999999998,-0.09897502973652114
0.40100000000000025,31.500999999999998,-0.11588957409104017
0.40100000000000025,32.001,-0.2534050432865487
0.40100000000000025,32.501,-0.10355896318651811
0.40100000000000025,33.001,-0.08438280610140036
0.40100000000000025,33.501,-0.0725925846357187
0.40100000000000025,34.001,-0.06398688660719795
0.40100000000000025,34.501,-0.05719322311039483
0.40100000000000025,35.001,-0.05158144080211165
0.40100000000000025,35.501,-0.04680682637184038
0.40100000000000025,36.001,-0.04265901579570096
0.40100000000000025,36.501,-0.03899957686421662
0.40100000000000025,37.001,-0.03573223002078195
0.40100000000000025,37.501,-0.03278711327901855
0.40100000000000025,38.001,-0.030111805274287626
0.40100000000000025,38.501,-0.027665887640452552
0.40100000000000025,39.001,-0.025417488582235227
0.40100000000000025,39.501,-0.023340996841507512
0.40600000000000025,0.001,-1.235832650552247
0.40600000000000025,0.501,-1.8419096013448784
0.40600000000000025,1.001,-0.6129599855114894
0.40600000000000025,1.501,-0.2955193606001357
0.40600000000000025,2.001,-0.1664674653280626
0.40600000000000025,2.501,-0.10233696503080919
0.40600000000000025,3.001,-0.0666766088597926
0.40600000000000025,3.501,-0.04542510265635952
0.40600000000000025,4.0009999999999994,-0.032195889476246464
0.40600000000000025,4.5009999999999994,-0.023747246168146538
0.40600000000000025,5.0009999999999994,-0.01829533109441364
0.40600000000000025,5.5009999999999994,-0.014796463767340395
0.40600000000000025,6.0009999999999994,-0.012609958203163282
0.40600000000000025,6.5009999999999994,-0.011327070020396665
0.40600000000000025,7.0009999999999994,-0.010678710302582398
0.40600000000000025,7.5009999999999994,-0.010483082505358628
0.40600000000000025,8.001,-0.010614696336059243
0.40600000000000025,8.501,-0.010985367433508031
0.40600000000000025,9.001,-0.011532205981794608
0.40600000000000025,9.501,-0.012209820579251629
0.40600000000000025,10.001,-0.012985140347468217
0.40600000000000025,10.501,-0.01383390589046024
0.40600000000000025,11.001,-0.01473824859550598
0.40600000000000025,11.501,-0.015684994343162506
0.40600000000000025,12.001,-0.01666445832707021
0.40600000000000025,12.501,-0.017669578408244138
0.40600000000000025,13.001,-0.01869528541258028
0.40600000000000025,13.501,-0.01973804162587435
0.40600000000000025,14.001,-0.020795500288196832
0.40600000000000025,14.501,-0.02186625326407675
0.40600000000000025,15.001,-0.02294964380606619
0.40600000000000025,15.501,-0.024045628030199356
0.40600000000000025,16.000999999999998,-0.025154673400471818
0.40600000000000025,16.500999999999998,-0.026277685836999864
0.40600000000000025,17.000999999999998,-0.02741595945609137
0.40600000000000025,17.500999999999998,-0.02857114471422311
0.40600000000000025,18.000999999999998,-0.029745232064210023
0.40600000000000025,18.500999999999998,-0.030940549283827803
0.40600000000000025,19.000999999999998,-0.03215977151054004
0.40600000000000025,19.500999999999998,-0.03340594379402181
0.40600000000000025,20.000999999999998,-0.03468251673292501
0.40600000000000025,20.500999999999998,-0.0359933965642074
0.40600000000000025,21.000999999999998,-0.03734301200088244
0.40600000000000025,21.500999999999998,-0.03873640126536733
0.40600000000000025,22.000999999999998,-0.04017932427480166
0.40600000000000025,22.500999999999998,-0.04167840699603698
0.40600000000000025,23.000999999999998,-0.043241327895580495
0.40600000000000025,23.500999999999998,-0.044877060623618494
0.40600000000000025,24.000999999999998,-0.04659619333207293
0.40600000000000025,24.500999999999998,-0.048411354561195684
0.40600000000000025,25.000999999999998,-0.05033779052983902
0.40600000000000025,25.500999999999998,-0.05239416261575605
0.40600000000000025,26.000999999999998,-0.054603673537933065
0.40600000000000025,26.500999999999998,-0.05699569902777893
0.40600000000000025,27.000999999999998,-0.05960822402078756
0.40600000000000025,27.500999999999998,-0.062491611994777416
0.40600000000000025,28.000999999999998,-0.06571469245563144
0.40600000000000025,28.500999999999998,-0.0693751230897947
0.40600000000000025,29.000999999999998,-0.07361823428942264
0.40600000000000025,29.500999999999998,-0.07867437615369383
0.40600000000000025,30.000999999999998,-0.08494211938766093
0.40600000000000025,30.500999999999998,-0.09320805524605202
0.40600000000000025,31.000999999999998,-0.1054146164287005
0.40600000000000025,31.500999999999998,-0.1295668461065589
0.40600000000000025,32.001,-0.1266357287000372
0.40600000000000025,32.501,-0.09455312199848254
0.40600000000000025,33.001,-0.0793317995234989
0.40600000000000025,33.501,-0.06906894770354063
0.40600000000000025,34.001,-0.06128036061243665
0.40600000000000025,34.501,-0.054997329444985706
0.40600000000000025,35.001,-0.049735521244841666
0.40600000000000025,35.501,-0.04521597974024266
0.40600000000000025,36.001,-0.041262431913618114
0.40600000000000025,36.501,-0.037755913900904325
0.40600000000000025,37.001,-0.0346120856481826
0.40600000000000025,37.501,-0.03176882060843128
0.40600000000000025,38.001,-0.0291789326130351
0.40600000000000025,38.501,-0.026805674578116126
0.40600000000000025,39.001,-0.024619826434039083
0.40600000000000025,39.501,-0.022597740598008557
0.41100000000000025,0.001,-1.2460238914458874
0.41100000000000025,0.501,-1.8370818004234053
0.41100000000000025,1.001,-0.6110103202905326
0.41100000000000025,1.501,-0.29456637601631364
0.41100000000000025,2.001,-0.16601522319623202
0.41100000000000025,2.501,-0.10218164910839933
0.41100000000000025,3.001,-0.06671482310341975
0.41100000000000025,3.501,-0.04559740830101516
0.41100000000000025,4.0009999999999994,-0.03246516709132108
0.41100000000000025,4.5009999999999994,-0.024088917583444086
0.41100000000000025,5.0009999999999994,-0.0186924053331039
0.41100000000000025,5.5009999999999994,-0.01523680580458818
0.41100000000000025,6.0009999999999994,-0.013084681905431522
0.41100000000000025,6.5009999999999994,-0.011829542356842797
0.41100000000000025,7.0009999999999994,-0.011203907835253737
0.41100000000000025,7.5009999999999994,-0.01102716083591955
0.41100000000000025,8.001,-0.011174693544153236
0.41100000000000025,8.501,-0.011558994743803369
0.41100000000000025,9.001,-0.012117696911934484
0.41100000000000025,9.501,-0.012805820317539962
0.41100000000000025,10.001,-0.013590623444597829
0.41100000000000025,10.501,-0.014448114293801717
0.41100000000000025,11.001,-0.01536064457841943
0.41100000000000025,11.501,-0.016315224537357315
0.41100000000000025,12.001,-0.017302326176731497
0.41100000000000025,12.501,-0.018315023125640817
0.41100000000000025,13.001,-0.019348366046899712
0.41100000000000025,13.501,-0.020398925236571427
0.41100000000000025,14.001,-0.021464453490754265
0.41100000000000025,14.501,-0.022543636622636407
0.41100000000000025,15.001,-0.023635908706164742
0.41100000000000025,15.501,-0.024741315791490706
0.41100000000000025,16.000999999999998,-0.025860416495099427
0.41100000000000025,16.500999999999998,-0.026994211172905708
0.41100000000000025,17.000999999999998,-0.028144093773093876
0.41100000000000025,17.500999999999998,-0.02931182223062028
0.41100000000000025,18.000999999999998,-0.03049950460941231
0.41100000000000025,18.500999999999998,-0.03170959926530853
0.41100000000000025,19.000999999999998,-0.032944928200007634
0.41100000000000025,19.500999999999998,-0.03420870358958084
0.41100000000000025,20.000999999999998,-0.03550456827667018
0.41100000000000025,20.500999999999998,-0.03683665189009054
0.41100000000000025,21.000999999999998,-0.038209645287464365
0.41100000000000025,21.500999999999998,-0.039628897318900506
0.41100000000000025,22.000999999999998,-0.041100539640314494
0.41100000000000025,22.500999999999998,-0.04263164769570736
0.41100000000000025,23.000999999999998,-0.04423044939410346
0.41100000000000025,23.500999999999998,-0.0459065979912143
0.41100000000000025,24.000999999999998,-0.04767153316384887
0.41100000000000025,24.500999999999998,-0.04953896577094416
0.41100000000000025,25.000999999999998,-0.0515255399793494
0.41100000000000025,25.500999999999998,-0.05365175602960404
0.41100000000000025,26.000999999999998,-0.055943286706466214
0.41100000000000025,26.500999999999998,-0.05843290755085524
0.41100000000000025,27.000999999999998,-0.061163419539766666
0.41100000000000025,27.500999999999998,-0.06419224772194632
0.41100000000000025,28.000999999999998,-0.06759902152057606
0.41100000000000025,28.500999999999998,-0.07149881122925617
0.41100000000000025,29.000999999999998,-0.0760670012912827
0.41100000000000025,29.500999999999998,-0.08159079354588916
0.41100000000000025,30.000999999999998,-0.08859130643201163
0.41100000000000025,30.500999999999998,-0.09817899221027324
0.41100000000000025,31.000999999999998,-0.11354338752872774
0.41100000000000025,31.500999999999998,-0.15881590562956208
0.41100000000000025,32.001,-0.10963441836235453
0.41100000000000025,32.501,-0.08782601640721623
0.41100000000000025,33.001,-0.0750863870787522
0.41100000000000025,33.501,-0.06596224291025843
0.41100000000000025,34.001,-0.05883112866444494
0.41100000000000025,34.501,-0.05297730564578519
0.41100000000000025,35.001,-0.0480181432594086
0.41100000000000025,35.501,-0.043723636461917334
0.41100000000000025,36.001,-0.03994403969730453
0.41100000000000025,36.501,-0.0365760341620686
0.41100000000000025,37.001,-0.03354511311038441
0.41100000000000025,37.501,-0.030795645461894908
0.41100000000000025,38.001,-0.02828491054226941
0.41100000000000025,38.501,-0.025979333650668353
0.41100000000000025,39.001,-0.023852011215363116
0.41100000000000025,39.501,-0.021881027111240788
0.41600000000000026,0.001,-1.2561542817362297
0.41600000000000026,0.501,-1.8323660713786232
0.41600000000000026,1.001,-0.6091212236197143
0.41600000000000026,1.501,-0.29365524591946934
0.41600000000000026,2.001,-0.16559490563527351
0.41600000000000026,2.501,-0.10205200733824937
0.41600000000000026,3.001,-0.06677437123616398
0.41600000000000026,3.501,-0.045787836569825824
0.41600000000000026,4.0009999999999994,-0.03275008472535923
0.41600000000000026,4.5009999999999994,-0.024444247764475846
0.41600000000000026,5.0009999999999994,-0.019101519280328993
0.41600000000000026,5.5009999999999994,-0.015687840419359667
0.41600000000000026,6.0009999999999994,-0.013568961665487517
0.41600000000000026,6.5009999999999994,-0.01234060160844961
0.41600000000000026,7.0009999999999994,-0.011736859077728812
0.41600000000000026,7.5009999999999994,-0.011578272151458888
0.41600000000000026,8.001,-0.011741097614912044
0.41600000000000026,8.501,-0.012138483528744984
0.41600000000000026,9.001,-0.012708573750859611
0.41600000000000026,9.501,-0.013406791539419788
0.41600000000000026,10.001,-0.014200717779922415
0.41600000000000026,10.501,-0.015066622264603244
0.41600000000000026,11.001,-0.015987072518722806
0.41600000000000026,11.501,-0.016949259523064586
0.41600000000000026,12.001,-0.017943809235194563
0.41600000000000026,12.501,-0.018963928843071763
0.41600000000000026,13.001,-0.020004787214951567
0.41600000000000026,13.501,-0.02106306155299037
0.41600000000000026,14.001,-0.022136603601752482
0.41600000000000026,14.501,-0.023224192998828386
0.41600000000000026,15.001,-0.02432535500159723
0.41600000000000026,15.501,-0.025440226461873452
0.41600000000000026,16.000999999999998,-0.026569458558118226
0.41600000000000026,16.500999999999998,-0.02771414808916002
0.41600000000000026,17.000999999999998,-0.028875791518055693
0.41600000000000026,17.500999999999998,-0.030056257722760556
0.41600000000000026,18.000999999999998,-0.03125777676421934
0.41600000000000026,18.500999999999998,-0.032482943067224546
0.41600000000000026,19.000999999999998,-0.03373473233412683
0.41600000000000026,19.500999999999998,-0.035016532365219635
0.41600000000000026,20.000999999999998,-0.03633218882344145
0.41600000000000026,20.500999999999998,-0.037686067939183165
0.41600000000000026,21.000999999999998,-0.0390831393032648
0.41600000000000026,21.500999999999998,-0.04052908337369857
0.41600000000000026,22.000999999999998,-0.04203043031071488
0.41600000000000026,22.500999999999998,-0.04359473953228408
0.41600000000000026,23.000999999999998,-0.04523083337954587
0.41600000000000026,23.500999999999998,-0.046949104186731025
0.41600000000000026,24.000999999999998,-0.04876192299720187
0.41600000000000026,24.500999999999998,-0.050684192079208434
0.41600000000000026,25.000999999999998,-0.052734105637832034
0.41600000000000026,25.500999999999998,-0.054934219795378374
0.41600000000000026,26.000999999999998,-0.05731299552744016
0.41600000000000026,26.500999999999998,-0.059907089495306896
0.41600000000000026,27.000999999999998,-0.06276487479266323
0.41600000000000026,27.500999999999998,-0.06595208083668905
0.41600000000000026,28.000999999999998,-0.06956129720217144
0.41600000000000026,28.500999999999998,-0.0737290364518576
0.41600000000000026,29.000999999999998,-0.07866898064147478
0.41600000000000026,29.500999999999998,-0.08474431724366704
0.41600000000000026,30.000999999999998,-0.09265214394924835
0.41600000000000026,30.500999999999998,-0.10402879434205364
0.41600000000000026,31.000999999999998,-0.12474765024289874
0.41600000000000026,31.500999999999998,-0.1415728666867039
0.41600000000000026,32.001,-0.09935468079763751
0.41600000000000026,32.501,-0.08244658063876793
0.41600000000000026,33.001,-0.07142430034205968
0.41600000000000026,33.501,-0.06318470396580586
0.41600000000000026,34.001,-0.05659507857058408
0.41600000000000026,34.501,-0.05110756771937828
0.41600000000000026,35.001,-0.046412988597243424
0.41600000000000026,35.501,-0.042318657971901104
0.41600000000000026,36.001,-0.03869583980488868
0.41600000000000026,36.501,-0.035453961333301746
0.41600000000000026,37.001,-0.03252670424928197
0.41600000000000026,37.501,-0.029863941688172663
0.41600000000000026,38.001,-0.027426791390588182
0.41600000000000026,38.501,-0.025184438153149465
0.41600000000000026,39.001,-0.023112013777034434
0.41600000000000026,39.501,-0.021189136642916887
0.42100000000000026,0.001,-1.26622455133069
0.42100000000000026,0.501,-1.827759877826673
0.42100000000000026,1.001,-0.6072913181963092
0.42100000000000026,1.501,-0.29278500983276406
0.42100000000000026,2.001,-0.16520577085246319
0.42100000000000026,2.501,-0.10194743413445778
0.42100000000000026,3.001,-0.06685474147417196
0.42100000000000026,3.501,-0.04599594474462701
0.42100000000000026,4.0009999999999994,-0.033050253019403064
0.42100000000000026,4.5009999999999994,-0.02481289010829907
0.42100000000000026,5.0009999999999994,-0.019522361589195653
0.42100000000000026,5.5009999999999994,-0.016149286016346756
0.42100000000000026,6.0009999999999994,-0.014062541476541637
0.42100000000000026,6.5009999999999994,-0.01286001412905316
0.42100000000000026,7.0009999999999994,-0.012277350189038971
0.42100000000000026,7.5009999999999994,-0.0121362203576387
0.42100000000000026,8.001,-0.012313728518345418
0.42100000000000026,8.501,-0.012723668432040008
0.42100000000000026,9.001,-0.013304684656481436
0.42100000000000026,9.501,-0.014012594944902576
0.42100000000000026,10.001,-0.014815295778907774
0.42100000000000026,10.501,-0.015689313269280913
0.42100000000000026,11.001,-0.0166174263545317
0.42100000000000026,11.501,-0.01758700324418372
0.42100000000000026,12.001,-0.0185888210816178
0.42100000000000026,12.501,-0.01961621849522871
0.42100000000000026,13.001,-0.020664481016391907
0.42100000000000026,13.501,-0.021730391739503543
0.42100000000000026,14.001,-0.022811900844310312
0.42100000000000026,14.501,-0.023907881769784187
0.42100000000000026,15.001,-0.025017951430316265
0.42100000000000026,15.501,-0.026142338472714376
0.42100000000000026,16.000999999999998,-0.027281788191685787
0.42100000000000026,16.500999999999998,-0.028437496005784657
0.42100000000000026,17.000999999999998,-0.02961106377803266
0.42100000000000026,17.500999999999998,-0.030804475038046522
0.42100000000000026,18.000999999999998,-0.0320200865284865
0.42100000000000026,18.500999999999998,-0.03326063460409809
0.42100000000000026,19.000999999999998,-0.034529255968038595
0.42100000000000026,19.500999999999998,-0.035829523130263954
0.42100000000000026,20.000999999999998,-0.0371654959033034
0.42100000000000026,20.500999999999998,-0.03854179130488036
0.42100000000000026,21.000999999999998,-0.0399636755279886
0.42100000000000026,21.500999999999998,-0.04143718331979479
0.42100000000000026,22.000999999999998,-0.042969272401167616
0.42100000000000026,22.500999999999998,-0.04456802379165188
0.42100000000000026,23.000999999999998,-0.04624290360255289
0.42100000000000026,23.500999999999998,-0.04800510886812869
0.42100000000000026,24.000999999999998,-0.049868030708597265
0.42100000000000026,24.500999999999998,-0.05184788497424344
0.42100000000000026,25.000999999999998,-0.053964587793442126
0.42100000000000026,25.500999999999998,-0.056242999028389945
0.42100000000000026,26.000999999999998,-0.058714735670004736
0.42100000000000026,26.500999999999998,-0.06142090015207816
0.42100000000000026,27.000999999999998,-0.06441634029475349
0.42100000000000026,27.500999999999998,-0.06777660556689706
0.42100000000000026,28.000999999999998,-0.07160995166923108
0.42100000000000026,28.500999999999998,-0.07607955846186508
0.42100000000000026,29.000999999999998,-0.08144860279745683
0.42100000000000026,29.500999999999998,-0.08818402727663346
0.42100000000000026,30.000999999999998,-0.09724491492670126
0.42100000000000026,30.500999999999998,-0.11118744006214082
0.42100000000000026,31.000999999999998,-0.14357736669084578
0.42100000000000026,31.500999999999998,-0.11768762264618433
0.42100000000000026,32.001,-0.09192391621939242
0.42100000000000026,32.501,-0.07796137855248274
0.42100000000000026,33.001,-0.06820469256146153
0.42100000000000026,33.501,-0.06067379383303931
0.42100000000000026,34.001,-0.054538599109631436
0.42100000000000026,34.501,-0.04936775529123461
0.42100000000000026,35.001,-0.044906668202142855
0.42100000000000026,35.501,-0.04099169611647304
0.42100000000000026,36.001,-0.037511000739713043
0.42100000000000026,36.501,-0.03438452053130514
0.42100000000000026,37.001,-0.031552823758254425
0.42100000000000026,37.501,-0.028970486514683626
0.42100000000000026,38.001,-0.026601949243359773
0.42100000000000026,38.501,-0.024418811752285857
0.42100000000000026,39.001,-0.022398003780981498
0.42100000000000026,39.501,-0.020520510119968947
0.42600000000000027,0.001,-1.2762354127976505
0.42600000000000027,0.501,-1.8232607728409507
0.42600000000000027,1.001,-0.6055192754652681
0.42600000000000027,1.501,-0.2919547414027557
0.42600000000000027,2.001,-0.1648471035221677
0.42600000000000027,2.501,-0.10186734562858415
0.42600000000000027,3.001,-0.06695544050069233
0.42600000000000027,3.501,-0.046221306201936437
0.42600000000000027,4.0009999999999994,-0.03336529689636358
0.42600000000000027,4.5009999999999994,-0.02519451086004529
0.42600000000000027,5.0009999999999994,-0.019954632595779093
0.42600000000000027,5.5009999999999994,-0.016620871715494756
0.42600000000000027,6.0009999999999994,-0.014565175228592714
0.42600000000000027,6.5009999999999994,-0.013387555466421161
0.42600000000000027,7.0009999999999994,-0.012825175910712236
0.42600000000000027,7.5009999999999994,-0.012700817404839082
0.42600000000000027,8.001,-0.012892413791771893
0.42600000000000027,8.501,-0.013314391237593363
0.42600000000000027,9.001,-0.013905884542395427
0.42600000000000027,9.501,-0.01462309764184297
0.42600000000000027,10.001,-0.015434235959144671
0.42600000000000027,10.501,-0.016316076579312264
0.42600000000000027,11.001,-0.01725160556803143
0.42600000000000027,11.501,-0.018228364951919304
0.42600000000000027,12.001,-0.019237280388749653
0.42600000000000027,12.501,-0.020271819919141038
0.42600000000000027,13.001,-0.02132738428444042
0.42600000000000027,13.501,-0.022400861548366527
0.42600000000000027,14.001,-0.023490299908136746
0.42600000000000027,14.501,-0.0245946666843717
0.42600000000000027,15.001,-0.02571367103655957
0.42600000000000027,15.501,-0.02684763452970042
0.42600000000000027,16.000999999999998,-0.027997398279292124
0.42600000000000027,16.500999999999998,-0.029164258677422367
0.42600000000000027,17.000999999999998,-0.030349926083924547
0.42600000000000027,17.500999999999998,-0.031556502645660844
0.42600000000000027,18.000999999999998,-0.0327864767874477
0.42600000000000027,18.500999999999998,-0.03404273304769533
0.42600000000000027,19.000999999999998,-0.035328576924616634
0.42600000000000027,19.500999999999998,-0.03664777535198273
0.42600000000000027,20.000999999999998,-0.03800461443038283
0.42600000000000027,20.500999999999998,-0.03940397720433583
0.42600000000000027,21.000999999999998,-0.04085144572705449
0.42600000000000027,21.500999999999998,-0.0423534335713091
0.42600000000000027,22.000999999999998,-0.04391735758772504
0.42600000000000027,22.500999999999998,-0.045551861480959195
0.42600000000000027,23.000999999999998,-0.04726710930418422
0.42600000000000027,23.500999999999998,-0.04907517530111897
0.42600000000000027,24.000999999999998,-0.05099056940147187
0.42600000000000027,24.500999999999998,-0.053030958141319424
0.42600000000000027,25.000999999999998,-0.0552181743072175
0.42600000000000027,25.500999999999998,-0.05757966542710506
0.42600000000000027,26.000999999999998,-0.06015063135420652
0.42600000000000027,26.500999999999998,-0.062977285736099
0.42600000000000027,27.000999999999998,-0.06612203486604268
0.42600000000000027,27.500999999999998,-0.0696721104922892
0.42600000000000027,28.000999999999998,-0.07375485748043625
0.42600000000000027,28.500999999999998,-0.07856699013163262
0.42600000000000027,29.000999999999998,-0.08443668960326745
0.42600000000000027,29.500999999999998,-0.09197620819234836
0.42600000000000027,30.000999999999998,-0.10255282048657921
0.42600000000000027,30.500999999999998,-0.12051742230928734
0.42600000000000027,31.000999999999998,-0.18153507352923182
0.42600000000000027,31.500999999999998,-0.10532662625455445
0.42600000000000027,32.001,-0.08608929279836587
0.42600000000000027,32.501,-0.07411438135862627
0.42600000000000027,33.001,-0.06533254581216409
0.42600000000000027,33.501,-0.058383344412139306
0.42600000000000027,34.001,-0.05263548029022834
0.42600000000000027,34.501,-0.047741395553984003
0.42600000000000027,35.001,-0.04348805866793375
0.42600000000000027,35.501,-0.03973482795650585
0.42600000000000027,36.001,-0.03638364156555729
0.42600000000000027,36.501,-0.03336320087121253
0.42600000000000027,37.001,-0.030619917866797908
0.42600000000000027,37.501,-0.02811241736540349
0.42600000000000027,38.001,-0.025808034718935356
0.42600000000000027,38.501,-0.02368049517188516
0.42600000000000027,39.001,-0.021708324544597375
0.42600000000000027,39.501,-0.019873729727868456
0.43100000000000027,0.001,-1.286187561977206
0.43100000000000027,0.501,-1.818866394827016
0.43100000000000027,1.001,-0.6038038133698953
0.43100000000000027,1.501,-0.2911635468237338
0.43100000000000027,2.001,-0.16451821356296414
0.43100000000000027,2.501,-0.10181117866569707
0.43100000000000027,3.001,-0.06707599261200992
0.43100000000000027,3.501,-0.046463509668328545
0.43100000000000027,4.0009999999999994,-0.033694854899997725
0.43100000000000027,4.5009999999999994,-0.025588788517962577
0.43100000000000027,5.0009999999999994,-0.02039804377777024
0.43100000000000027,5.5009999999999994,-0.01710233685507334
0.43100000000000027,6.0009999999999994,-0.01507662624897177
0.43100000000000027,6.5009999999999994,-0.013923009934861896
0.43100000000000027,7.0009999999999994,-0.01338013916719255
0.43100000000000027,7.5009999999999994,-0.013271882912972766
0.43100000000000027,8.001,-0.013476988186259087
0.43100000000000027,8.501,-0.013910500535309997
0.43100000000000027,9.001,-0.01451203476117087
0.43100000000000027,9.501,-0.015238172845166958
0.43100000000000027,10.001,-0.01605742264422836
0.43100000000000027,10.501,-0.016946806998699833
0.43100000000000027,11.001,-0.017889514925644306
0.43100000000000027,11.501,-0.01887325895695173
0.43100000000000027,12.001,-0.019889110686538453
0.43100000000000027,12.501,-0.020930665628814037
0.43100000000000027,13.001,-0.02199343837127335
0.43100000000000027,13.501,-0.023074421115755826
0.43100000000000027,14.001,-0.024171759756264066
0.43100000000000027,14.501,-0.025284515680867703
0.43100000000000027,15.001,-0.026412490999946525
0.43100000000000027,15.501,-0.027556101454131184
0.43100000000000027,16.000999999999998,-0.028716285840399425
0.43100000000000027,16.500999999999998,-0.02989444406296407
0.43100000000000027,17.000999999999998,-0.031092398297388017
0.43100000000000027,17.500999999999998,-0.03231237354394837
0.43100000000000027,18.000999999999998,-0.033556995243973965
0.43100000000000027,18.500999999999998,-0.03482930279026311
0.43100000000000027,19.000999999999998,-0.03613277879716421
0.43100000000000027,19.500999999999998,-0.037471395009628344
0.43100000000000027,20.000999999999998,-0.03884967682505097
0.43100000000000027,20.500999999999998,-0.04027278969277958
0.43100000000000027,21.000999999999998,-0.04174665229274083
0.43100000000000027,21.500999999999998,-0.04327808358530573
0.43100000000000027,22.000999999999998,-0.04487499387970707
0.43100000000000027,22.500999999999998,-0.04654663446947957
0.43100000000000027,23.000999999999998,-0.04830392690309971
0.43100000000000027,23.500999999999998,-0.05015990287400374
0.43100000000000027,24.000999999999998,-0.0521303012052472
0.43100000000000027,24.500999999999998,-0.05423439330841812
0.43100000000000027,25.000999999999998,-0.056496149822130824
0.43100000000000027,25.500999999999998,-0.05894593220855662
0.43100000000000027,26.000999999999998,-0.06162302045013553
0.43100000000000027,26.500999999999998,-0.06457952744371923
0.43100000000000027,27.000999999999998,-0.06788672725410248
0.43100000000000027,27.500999999999998,-0.0716458404153039
0.43100000000000027,28.000999999999998,-0.07600767820567275
0.43100000000000027,28.500999999999998,-0.08121165264272003
0.43100000000000027,29.000999999999998,-0.08767292193500303
0.43100000000000027,29.500999999999998,-0.096213564935143
0.43100000000000027,30.000999999999998,-0.10887602498567073
0.43100000000000027,30.500999999999998,-0.13422560632227876
0.43100000000000027,31.000999999999998,-0.12921723055584836
0.43100000000000027,31.500999999999998,-0.09685335769280416
0.43100000000000027,32.001,-0.0812809314930635
0.43100000000000027,32.501,-0.07074646116455043
0.43100000000000027,33.001,-0.062740658385959
0.43100000000000027,33.501,-0.056278281327651045
0.43100000000000027,34.001,-0.05086488147909203
0.43100000000000027,34.501,-0.04621496967841324
0.43100000000000027,35.001,-0.042147816923157215
0.43100000000000027,35.501,-0.03854127935579234
0.43100000000000027,36.001,-0.0353086630048587
0.43100000000000027,36.501,-0.03238604633293084
0.43100000000000027,37.001,-0.029724840551300473
0.43100000000000027,37.501,-0.027287180057360638
0.43100000000000027,38.001,-0.025042937430399384
0.43100000000000027,38.501,-0.02296771824696331
0.43100000000000027,39.001,-0.021041471745585745
0.43100000000000027,39.501,-0.01924750235063107
0.4360000000000003,0.001,-1.2960816785635785
0.4360000000000003,0.501,-1.8145744636331842
0.4360000000000003,1.001,-0.602143694231089
0.4360000000000003,1.501,-0.29041056335220267
0.4360000000000003,2.001,-0.16421843498474117
0.4360000000000003,2.501,-0.10177838985791912
0.4360000000000003,3.001,-0.06721593891233357
0.4360000000000003,3.501,-0.04672215851849812
0.4360000000000003,4.0009999999999994,-0.03403857857180727
0.4360000000000003,4.5009999999999994,-0.0259954132726187
0.4360000000000003,5.0009999999999994,-0.020852317244231
0.4360000000000003,5.5009999999999994,-0.017593430523325113
0.4360000000000003,6.0009999999999994,-0.015596666869312742
0.4360000000000003,6.5009999999999994,-0.014466170212449767
0.4360000000000003,7.0009999999999994,-0.013942050689300933
0.4360000000000003,7.5009999999999994,-0.013849243817965751
0.4360000000000003,8.001,-0.014067293333521804
0.4360000000000003,8.501,-0.014511851406275172
0.4360000000000003,9.001,-0.015123002806064545
0.4360000000000003,9.501,-0.01585769959366405
0.4360000000000003,10.001,-0.01668474569442556
0.4360000000000003,10.501,-0.01758140460752242
0.4360000000000003,11.001,-0.018531064233659217
0.4360000000000003,11.501,-0.01952160439648158
0.4360000000000003,12.001,-0.020544240140089876
0.4360000000000003,12.501,-0.021592692603737015
0.4360000000000003,13.001,-0.022662588946864487
0.4360000000000003,13.501,-0.023751024770870467
0.4360000000000003,14.001,-0.02485624344451027
0.4360000000000003,14.501,-0.025977400717088706
0.4360000000000003,15.001,-0.027114392476816837
0.4360000000000003,15.501,-0.028267730036319848
0.4360000000000003,16.000999999999998,-0.029438451897147777
0.4360000000000003,16.500999999999998,-0.030628064207331936
0.4360000000000003,17.000999999999998,-0.03183850451016307
0.4360000000000003,17.500999999999998,-0.03307212518070622
0.4360000000000003,18.000999999999998,-0.03433169436455414
0.4360000000000003,18.500999999999998,-0.03562041342276254
0.4360000000000003,19.000999999999998,-0.03694195096905342
0.4360000000000003,19.500999999999998,-0.038300494668348076
0.4360000000000003,20.000999999999998,-0.039700823160363566
0.4360000000000003,20.500999999999998,-0.0411484019086914
0.4360000000000003,21.000999999999998,-0.04264950862619965
0.4360000000000003,21.500999999999998,-0.0442113964368718
0.4360000000000003,22.000999999999998,-0.04584250647218019
0.4360000000000003,22.500999999999998,-0.04755274674737396
0.4360000000000003,23.000999999999998,-0.049353861861701306
0.4360000000000003,23.500999999999998,-0.05125992989246011
0.4360000000000003,24.000999999999998,-0.0532880415258556
0.4360000000000003,24.500999999999998,-0.05545924684419004
0.4360000000000003,25.000999999999998,-0.05779990627102767
0.4360000000000003,25.500999999999998,-0.06034367137921764
0.4360000000000003,26.000999999999998,-0.06313448397953685
0.4360000000000003,26.500999999999998,-0.06623129429129149
0.4360000000000003,27.000999999999998,-0.0697158365270521
0.4360000000000003,27.500999999999998,-0.07370620200908104
0.4360000000000003,28.000999999999998,-0.07838233342082467
0.4360000000000003,28.500999999999998,-0.08403877929311107
0.4360000000000003,29.000999999999998,-0.09120963530065859
0.4360000000000003,29.500999999999998,-0.10103163086339842
0.4360000000000003,30.000999999999998,-0.11676081356145207
0.4360000000000003,30.500999999999998,-0.1626003784764054
0.4360000000000003,31.000999999999998,-0.11300793646553235
0.4360000000000003,31.500999999999998,-0.0903796224313191
0.4360000000000003,32.001,-0.07718997039523964
0.4360000000000003,32.501,-0.06775178163337756
0.4360000000000003,33.001,-0.06037971165329016
0.4360000000000003,33.501,-0.054331320465537125
0.4360000000000003,34.001,-0.04920995365666242
0.4360000000000003,34.501,-0.0447772442331709
0.4360000000000003,35.001,-0.040878018533900704
0.4360000000000003,35.501,-0.037405212613741565
0.4360000000000003,36.001,-0.03428161452414612
0.4360000000000003,36.501,-0.031449568200976795
0.4360000000000003,37.001,-0.028864793379472113
0.4360000000000003,37.501,-0.02649248599928221
0.4360000000000003,38.001,-0.02430475461533403
0.4360000000000003,38.501,-0.022278876339765226
0.4360000000000003,39.001,-0.02039607529688974
0.4360000000000003,39.501,-0.0186406453702943
0.4410000000000003,0.001,-1.3059184266607997
0.4410000000000003,0.501,-1.8103827768806902
0.4410000000000003,1.001,-0.600537722746385
0.4410000000000003,1.501,-0.28969495790533584
0.4410000000000003,2.001,-0.16394712480104234
0.4410000000000003,2.501,-0.10176845469157131
0.4410000000000003,3.001,-0.06737483655430399
0.4410000000000003,3.501,-0.046996870113141576
0.4410000000000003,4.0009999999999994,-0.03439613186330087
0.4410000000000003,4.5009999999999994,-0.02641408647794885
0.4410000000000003,5.0009999999999994,-0.021317185254333848
0.4410000000000003,5.5009999999999994,-0.0180939111167328
0.4410000000000003,6.0009999999999994,-0.01612507801716956
0.4410000000000003,6.5009999999999994,-0.015016836961186275
0.4410000000000003,7.0009999999999994,-0.014510728659162114
0.4410000000000003,7.5009999999999994,-0.01443273403842986
0.4410000000000003,8.001,-0.01466317743188375
0.4410000000000003,8.501,-0.015118305126006176
0.4410000000000003,9.001,-0.015738662029907924
0.4410000000000003,9.501,-0.01648156248315405
0.4410000000000003,10.001,-0.017316100252998276
0.4410000000000003,10.501,-0.018219774520491477
0.4410000000000003,11.001,-0.019176168108261976
0.4410000000000003,11.501,-0.020173325015144183
0.4410000000000003,12.001,-0.021202601341009125
0.4410000000000003,12.501,-0.02225784209033474
0.4410000000000003,13.001,-0.023334785810372627
0.4410000000000003,13.501,-0.024430630857231767
0.4410000000000003,14.001,-0.025543717952847073
0.4410000000000003,14.501,-0.026673297612177335
0.4410000000000003,15.001,-0.027819360453049106
0.4410000000000003,15.501,-0.028982514900372597
0.4410000000000003,16.000999999999998,-0.030163901352446107
0.4410000000000003,16.500999999999998,-0.03136513513477765
0.4410000000000003,17.000999999999998,-0.03258827295522575
0.4410000000000003,17.500999999999998,-0.033835799385855334
0.4410000000000003,18.000999999999998,-0.03511063133856457
0.4410000000000003,18.500999999999998,-0.03641613972779304
0.4410000000000003,19.000999999999998,-0.03775618865018583
0.4410000000000003,19.500999999999998,-0.03913519357311462
0.4410000000000003,20.000999999999998,-0.040558201333327035
0.4410000000000003,20.500999999999998,-0.042030996351053965
0.4410000000000003,21.000999999999998,-0.04356023956258935
0.4410000000000003,21.500999999999998,-0.045153649454333006
0.4410000000000003,22.000999999999998,-0.04682023868523313
0.4410000000000003,22.500999999999998,-0.04857062581377596
0.4410000000000003,23.000999999999998,-0.05041745075090982
0.4410000000000003,23.500999999999998,-0.05237593668875386
0.4410000000000003,24.000999999999998,-0.0544646638097978
0.4410000000000003,24.500999999999998,-0.05670665722326692
0.4410000000000003,25.000999999999998,-0.05913095490540168
0.4410000000000003,25.500999999999998,-0.0617749337895763
0.4410000000000003,26.000999999999998,-0.06468788097701082
0.4410000000000003,26.500999999999998,-0.06793670692238787
0.4410000000000003,27.000999999999998,-0.07161555667678422
0.4410000000000003,27.500999999999998,-0.07586302830895926
0.4410000000000003,28.000999999999998,-0.08089562615925618
0.4410000000000003,28.500999999999998,-0.08708025458416166
0.4410000000000003,29.000999999999998,-0.09511791005451331
0.4410000000000003,29.500999999999998,-0.10664041859395303
0.4410000000000003,30.000999999999998,-0.12738116776679068
0.4410000000000003,30.500999999999998,-0.14919229740447998
0.4410000000000003,31.000999999999998,-0.10289842736511251
0.4410000000000003,31.500999999999998,-0.0851331572286247
0.4410000000000003,32.001,-0.07362966641941121
0.4410000000000003,32.501,-0.06505630003146419
0.4410000000000003,33.001,-0.05821241825968913
0.4410000000000003,33.501,-0.05252081189367046
0.4410000000000003,34.001,-0.047656877963364506
0.4410000000000003,34.501,-0.04341878204524256
0.4410000000000003,35.001,-0.03967188361168785
0.4410000000000003,35.501,-0.03632156109741281
0.4410000000000003,36.001,-0.03329858856846303
0.4410000000000003,36.501,-0.030550674148043966
0.4410000000000003,37.001,-0.028037276069580983
0.4410000000000003,37.501,-0.025726276576068408
0.4410000000000003,38.001,-0.02359176475483383
0.4410000000000003,38.501,-0.02161251032464332
0.4410000000000003,39.001,-0.01977088384127691
0.4410000000000003,39.501,-0.01805207443330557
0.4460000000000003,0.001,-1.315698455313177
0.4460000000000003,0.501,-1.806289206498775
0.4460000000000003,1.001,-0.5989847441008016
0.4460000000000003,1.501,-0.28901592573778917
0.4460000000000003,2.001,-0.16370366200226455
0.4460000000000003,2.501,-0.10178086668430714
0.4460000000000003,3.001,-0.06755225802206205
0.4460000000000003,3.501,-0.047287275173956755
0.4460000000000003,4.0009999999999994,-0.034767190581230456
0.4460000000000003,4.5009999999999994,-0.026844520151993706
0.4460000000000003,5.0009999999999994,-0.021792389763141184
0.4460000000000003,5.5009999999999994,-0.018603545923125756
0.4460000000000003,6.0009999999999994,-0.016661648830606696
0.4460000000000003,6.5009999999999994,-0.015574818468558307
0.4460000000000003,7.0009999999999994,-0.015085998375165888
0.4460000000000003,7.5009999999999994,-0.015022194161166603
0.4460000000000003,8.001,-0.01526449495002212
0.4460000000000003,8.501,-0.01572972888455082
0.4460000000000003,9.001,-0.016358891380017365
0.4460000000000003,9.501,-0.017109651414931322
0.4460000000000003,10.001,-0.017951386507131573
0.4460000000000003,10.501,-0.018861826659502146
0.4460000000000003,11.001,-0.019824745759017492
0.4460000000000003,11.501,-0.020828348958873415
0.4460000000000003,12.001,-0.021864131111239055
0.4460000000000003,12.501,-0.02292605941550914
0.4460000000000003,13.001,-0.024009982713252512
0.4460000000000003,13.501,-0.025113201565393747
0.4460000000000003,14.001,-0.02623415402790253
0.4460000000000003,14.501,-0.027372185899315615
0.4460000000000003,15.001,-0.02852738360765738
0.4460000000000003,15.501,-0.029700454379679532
0.4460000000000003,16.000999999999998,-0.030892642878807483
0.4460000000000003,16.500999999999998,-0.032105676753103385
0.4460000000000003,17.000999999999998,-0.0333417359292305
0.4460000000000003,17.500999999999998,-0.03460344231603231
0.4460000000000003,18.000999999999998,-0.03589386805046106
0.4460000000000003,18.500999999999998,-0.03721656168698837
0.4460000000000003,19.000999999999998,-0.03857559293024899
0.4460000000000003,19.500999999999998,-0.039975617762952366
0.4460000000000003,20.000999999999998,-0.041421967261719206
0.4460000000000003,20.500999999999998,-0.04292076519012448
0.4460000000000003,21.000999999999998,-0.044479081841911294
0.4460000000000003,21.500999999999998,-0.046105134919076515
0.4460000000000003,22.000999999999998,-0.04780855299765925
0.4460000000000003,22.500999999999998,-0.0496007242072024
0.4460000000000003,23.000999999999998,-0.051495263536108206
0.4460000000000003,23.500999999999998,-0.053508649085277915
0.4460000000000003,24.000999999999998,-0.05566110489430727
0.4460000000000003,24.500999999999998,-0.057977853495565265
0.4460000000000003,25.000999999999998,-0.06049094011308477
0.4460000000000003,25.500999999999998,-0.06324197252515158
0.4460000000000003,26.000999999999998,-0.06628638992110658
0.4460000000000003,26.500999999999998,-0.06970041523695017
0.4460000000000003,27.000999999999998,-0.07359301281179388
0.4460000000000003,27.500999999999998,-0.07812792355240886
0.4460000000000003,28.000999999999998,-0.08356810635224983
0.4460000000000003,28.500999999999998,-0.0903772036636633
0.4460000000000003,29.000999999999998,-0.0994978622746145
0.4460000000000003,29.500999999999998,-0.11339241354738468
0.4460000000000003,30.000999999999998,-0.1441921523097684
0.4460000000000003,30.500999999999998,-0.1235239288050185
0.4460000000000003,31.000999999999998,-0.09549713772210247
0.4460000000000003,31.500999999999998,-0.08071970459182615
0.4460000000000003,32.001,-0.07047826551034476
0.4460000000000003,32.501,-0.06260614316509945
0.4460000000000003,33.001,-0.056209888735132676
0.4460000000000003,33.501,-0.0508292832024743
0.4460000000000003,34.001,-0.04619417794762759
0.4460000000000003,34.501,-0.042131577559849566
0.4460000000000003,35.001,-0.03852356600121613
0.4460000000000003,35.501,-0.03528589890170609
0.4460000000000003,36.001,-0.03235613554217498
0.4460000000000003,36.501,-0.029686610299959768
0.4460000000000003,37.001,-0.027240045550294606
0.4460000000000003,37.501,-0.024986693316823523
0.4460000000000003,38.001,-0.02290240525794321
0.4460000000000003,38.501,-0.020967289512155325
0.4460000000000003,39.001,-0.019164751423615983
0.4460000000000003,39.501,-0.017480792865460032
0.4510000000000003,0.001,-1.3254223990119847
0.4510000000000003,0.501,-1.8022916954510833
0.4510000000000003,1.001,-0.5974836421820554
0.4510000000000003,1.501,-0.2883726891916981
0.4510000000000003,2.001,-0.16348744658567754
0.4510000000000003,2.501,-0.10181513658892785
0.4510000000000003,3.001,-0.06774779045404555
0.4510000000000003,3.501,-0.04759301719330811
0.4510000000000003,4.0009999999999994,-0.03515144186361288
0.4510000000000003,4.5009999999999994,-0.02728643650536847
0.4510000000000003,5.0009999999999994,-0.022277681992622977
0.4510000000000003,5.5009999999999994,-0.019122110727968072
0.4510000000000003,6.0009999999999994,-0.017206176294242065
0.4510000000000003,6.5009999999999994,-0.016139930309067296
0.4510000000000003,7.0009999999999994,-0.015667691935617303
0.4510000000000003,7.5009999999999994,-0.015617471144253312
0.4510000000000003,8.001,-0.015871106347313924
0.4510000000000003,8.501,-0.016345995522322326
0.4510000000000003,9.001,-0.016983575148062313
0.4510000000000003,9.501,-0.01774186135847115
0.4510000000000003,10.001,-0.018590509462498295
0.4510000000000003,10.501,-0.019507475539255706
0.4510000000000003,11.001,-0.020476720784910946
0.4510000000000003,11.501,-0.02148660858086144
0.4510000000000003,12.001,-0.022528770318574684
0.4510000000000003,12.501,-0.02359729381148122
0.4510000000000003,13.001,-0.0246881371933384
0.4510000000000003,13.501,-0.025798702776329563
0.4510000000000003,14.001,-0.02692752603590748
0.4510000000000003,14.501,-0.028074048688691303
0.4510000000000003,15.001,-0.02923845418652131
0.4510000000000003,15.501,-0.03042155040250369
0.4510000000000003,16.000999999999998,-0.0316246888173608
0.4510000000000003,16.500999999999998,-0.03284971276828242
0.4510000000000003,17.000999999999998,-0.03409892972577354
0.4510000000000003,17.500999999999998,-0.03537510441070677
0.4510000000000003,18.000999999999998,-0.03668147106460519
0.4510000000000003,18.500999999999998,-0.038021764502723966
0.4510000000000003,19.000999999999998,-0.03940027084883405
0.4510000000000003,19.500999999999998,-0.040821900205843545
0.4510000000000003,20.000999999999998,-0.042292285107351155
0.4510000000000003,20.500999999999998,-0.04381791061340282
0.4510000000000003,21.000999999999998,-0.0454062846285059
0.4510000000000003,21.500999999999998,-0.047066160835034315
0.4510000000000003,22.000999999999998,-0.048807832183667375
0.4510000000000003,22.500999999999998,-0.05064352119311262
0.4510000000000003,23.000999999999998,-0.052587906110129715
0.4510000000000003,23.500999999999998,-0.05465884225866854
0.4510000000000003,24.000999999999998,-0.056878371028847366
0.4510000000000003,24.500999999999998,-0.05927416492247661
0.4510000000000003,25.000999999999998,-0.06188165535032385
0.4510000000000003,25.500999999999998,-0.06474727031996667
0.4510000000000003,26.000999999999998,-0.06793355827841686
0.4510000000000003,26.500999999999998,-0.07152769360407832
0.4510000000000003,27.000999999999998,-0.07565645909247393
0.4510000000000003,27.500999999999998,-0.0805147196681144
0.4510000000000003,28.000999999999998,-0.08642528594143403
0.4510000000000003,28.500999999999998,-0.09398398816993185
0.4510000000000003,29.000999999999998,-0.10449719895367349
0.4510000000000003,29.500999999999998,-0.1219529139395179
0.4510000000000003,30.000999999999998,-0.19957239897847315
0.4510000000000003,30.500999999999998,-0.11055692645408957
0.4510000000000003,31.000999999999998,-0.0896442240190046
0.4510000000000003,31.500999999999998,-0.07690997642934631
0.4510000000000003,32.001,-0.06765186459590505
0.4510000000000003,32.501,-0.06036086381953404
0.4510000000000003,33.001,-0.05434927673634664
0.4510000000000003,33.501,-0.04924242613151408
0.4510000000000003,34.001,-0.04481221689923796
0.4510000000000003,34.501,-0.04090878045488002
0.4510000000000003,35.001,-0.037427988963540514
0.4510000000000003,35.501,-0.03429433698307263
0.4510000000000003,36.001,-0.03145119483046373
0.4510000000000003,36.501,-0.028854913527599817
0.4510000000000003,37.001,-0.026471081823525613
0.4510000000000003,37.501,-0.02427205275365819
0.4510000000000003,38.001,-0.022235253481454942
0.4510000000000003,38.501,-0.020341997008751132
0.4510000000000003,39.001,-0.018576625983554605
0.4510000000000003,39.501,-0.016925882475609003
0.4560000000000003,0.001,-1.3350908781796476
0.4560000000000003,0.501,-1.798388254640799
0.4560000000000003,1.001,-0.5960333378933054
0.4560000000000003,1.501,-0.287764496515009
0.4560000000000003,2.001,-0.16329789863852923
0.4560000000000003,2.501,-0.1018707916408057
0.4560000000000003,3.001,-0.06796103500290829
0.4560000000000003,3.501,-0.04791375187626628
0.4560000000000003,4.0009999999999994,-0.03554858368451633
0.4560000000000003,4.5009999999999994,-0.02773956749562434
0.4560000000000003,5.0009999999999994,-0.022772822026250666
0.4560000000000003,5.5009999999999994,-0.019649389442300408
0.4560000000000003,6.0009999999999994,-0.017758464895330894
0.4560000000000003,6.5009999999999994,-0.016711995024419224
0.4560000000000003,7.0009999999999994,-0.01625564793985526
0.4560000000000003,7.5009999999999994,-0.01621841803655738
0.4560000000000003,8.001,-0.016482877809692542
0.4560000000000003,8.501,-0.016966983280631204
0.4560000000000003,9.001,-0.017612602733908522
0.4560000000000003,9.501,-0.018378092127465624
0.4560000000000003,10.001,-0.01923337873056935
0.4560000000000003,10.501,-0.020156640065102677
0.4560000000000003,11.001,-0.021132020982128505
0.4560000000000003,11.501,-0.02214804025882708
0.4560000000000003,12.001,-0.0231964637031013
0.4560000000000003,12.501,-0.024271498251207585
0.4560000000000003,13.001,-0.02536921041919367
0.4560000000000003,13.501,-0.02648710391482785
0.4560000000000003,14.001,-0.027623811825427752
0.4560000000000003,14.501,-0.028778872540098057
0.4560000000000003,15.001,-0.02995256788566167
0.4560000000000003,15.501,-0.0311458083871166
0.4560000000000003,16.000999999999998,-0.032360055086519394
0.4560000000000003,16.500999999999998,-0.03359727060899922
0.4560000000000003,17.000999999999998,-0.03485989457905793
0.4560000000000003,17.500999999999998,-0.03615084035948278
0.4560000000000003,18.000999999999998,-0.03747351162248247
0.4560000000000003,18.500999999999998,-0.038831838634068916
0.4560000000000003,19.000999999999998,-0.04023033548256519
0.4560000000000003,19.500999999999998,-0.041674180954818625
0.4560000000000003,20.000999999999998,-0.043169327526825056
0.4560000000000003,20.500999999999998,-0.04472264520872542
0.4560000000000003,21.000999999999998,-0.0463421100825602
0.4560000000000003,21.500999999999998,-0.04803705177356542
0.4560000000000003,22.000999999999998,-0.049818480562415134
0.4560000000000003,22.500999999999998,-0.051699524625517856
0.4560000000000003,23.000999999999998,-0.053696023103053554
0.4560000000000003,23.500999999999998,-0.05582734505828317
0.4560000000000003,24.000999999999998,-0.05811754466834291
0.4560000000000003,24.500999999999998,-0.06059703197497667
0.4560000000000003,25.000999999999998,-0.0633050615855697
0.4560000000000003,25.500999999999998,-0.06629357184984776
0.4560000000000003,26.000999999999998,-0.06963336214562586
0.4560000000000003,26.500999999999998,-0.0734245586755019
0.4560000000000003,27.000999999999998,-0.07781553259701947
0.4560000000000003,27.500999999999998,-0.08304009097954734
0.4560000000000003,28.000999999999998,-0.08949939366818033
0.4560000000000003,28.500999999999998,-0.09797464292546469
0.4560000000000003,29.000999999999998,-0.11034761139270871
0.4560000000000003,29.500999999999998,-0.13384406452781558
0.4560000000000003,30.000999999999998,-0.13999333734700395
0.4560000000000003,30.500999999999998,-0.1017276122284431
0.4560000000000003,31.000999999999998,-0.08479855030492729
0.4560000000000003,31.500999999999998,-0.07355852687207019
0.4560000000000003,32.001,-0.0650901347094032
0.4560000000000003,32.501,-0.05828930505775878
0.4560000000000003,33.001,-0.05261219755439839
0.4560000000000003,33.501,-0.04774837361958352
0.4560000000000003,34.001,-0.043502823451870856
0.4560000000000003,34.501,-0.03974448302047009
0.4560000000000003,35.001,-0.03638071555038664
0.4560000000000003,35.501,-0.03334343955697444
0.4560000000000003,36.001,-0.03058103835703032
0.4560000000000003,36.501,-0.028053371870592567
0.4560000000000003,37.001,-0.025728559315815462
0.4560000000000003,37.501,-0.023580825112238683
0.4560000000000003,38.001,-0.021589010503649135
0.4560000000000003,38.501,-0.01973551710637042
0.4560000000000003,39.001,-0.01800553937792275
0.4560000000000003,39.501,-0.01638649553491487
0.4610000000000003,0.001,-1.3447044996327235
0.4610000000000003,0.501,-1.7945769599829926
0.4610000000000003,1.001,-0.5946327875571027
0.4610000000000003,1.501,-0.28719062074375307
0.4610000000000003,2.001,-0.16313445747079108
0.4610000000000003,2.501,-0.1019473748460814
0.4610000000000003,3.001,-0.0681916062301452
0.4610000000000003,3.501,-0.04824914661292973
0.4610000000000003,4.0009999999999994,-0.035958324385729296
0.4610000000000003,4.5009999999999994,-0.028203654405828713
0.4610000000000003,5.0009999999999994,-0.023277578425641238
0.4610000000000003,5.5009999999999994,-0.020185173750934426
0.4610000000000003,6.0009999999999994,-0.01831832629858124
0.4610000000000003,6.5009999999999994,-0.017290841821154465
0.4610000000000003,7.0009999999999994,-0.01684971120570167
0.4610000000000003,7.5009999999999994,-0.016824893712603567
0.4610000000000003,8.001,-0.017099681000006944
0.4610000000000003,8.501,-0.017592575565966204
0.4610000000000003,9.001,-0.018245868422532938
0.4610000000000003,9.501,-0.019018248168323513
0.4610000000000003,10.001,-0.01987990832784496
0.4610000000000003,10.501,-0.02080924334231335
0.4610000000000003,11.001,-0.02179057816282555
0.4610000000000003,11.501,-0.022812584222872037
0.4610000000000003,12.001,-0.02386715971385446
0.4610000000000003,12.501,-0.024948629293700744
0.4610000000000003,13.001,-0.026053167044082774
0.4610000000000003,13.501,-0.027178377812272503
0.4610000000000003,14.001,-0.02832299259930203
0.4610000000000003,14.501,-0.029486647344603406
0.4610000000000003,15.001,-0.030669723743522385
0.4610000000000003,15.501,-0.03187323714596706
0.4610000000000003,16.000999999999998,-0.033098761099830995
0.4610000000000003,16.500999999999998,-0.03434838136068788
0.4610000000000003,17.000999999999998,-0.035624674617594866
0.4610000000000003,17.500999999999998,-0.03693070908029782
0.4610000000000003,18.000999999999998,-0.03827006565215313
0.4610000000000003,18.500999999999998,-0.0396468798469717
0.4610000000000003,19.000999999999998,-0.041065906049489405
0.4610000000000003,19.500999999999998,-0.04253260732586823
0.4610000000000003,20.000999999999998,-0.044053275951022486
0.4610000000000003,20.500999999999998,-0.04563519238669107
0.4610000000000003,21.000999999999998,-0.047286833987428084
0.4610000000000003,21.500999999999998,-0.04901814980020957
0.4610000000000003,22.000999999999998,-0.050840925371464375
0.4610000000000003,22.500999999999998,-0.05276927300194087
0.4610000000000003,23.000999999999998,-0.05482030100309128
0.4610000000000003,23.500999999999998,-0.05701504484172927
0.4610000000000003,24.000999999999998,-0.059379792156890945
0.4610000000000003,24.500999999999998,-0.06194801892827996
0.4610000000000003,25.000999999999998,-0.06476330874287847
0.4610000000000003,25.500999999999998,-0.06788392198501957
0.4610000000000003,26.000999999999998,-0.07139027856730094
0.4610000000000003,26.500999999999998,-0.07539791657589456
0.4610000000000003,27.000999999999998,-0.08008158328928683
0.4610000000000003,27.500999999999998,-0.08572439812298138
0.4610000000000003,28.000999999999998,-0.09283198679980399
0.4610000000000003,28.500999999999998,-0.102453805207437
0.4610000000000003,29.000999999999998,-0.117444778824063
0.4610000000000003,29.500999999999998,-0.15423591223404312
0.4610000000000003,30.000999999999998,-0.12083150950618209
0.4610000000000003,30.500999999999998,-0.0950028406247319
0.4610000000000003,31.000999999999998,-0.08066239628456597
0.4610000000000003,31.500999999999998,-0.07056715715764408
0.4610000000000003,32.001,-0.06274821198773763
0.4610000000000003,32.501,-0.056366946997371964
0.4610000000000003,33.001,-0.05098363343838033
0.4610000000000003,33.501,-0.04633717264757903
0.4610000000000003,34.001,-0.042259008020869446
0.4610000000000003,34.501,-0.03863355440138546
0.4610000000000003,35.001,-0.035377845223754964
0.4610000000000003,35.501,-0.03243015618662586
0.4610000000000003,36.001,-0.02974322403634469
0.4610000000000003,36.501,-0.027279991482379713
0.4610000000000003,37.001,-0.025010822691158844
0.4610000000000003,37.501,-0.02291161615330913
0.4610000000000003,38.001,-0.02096248718555413
0.4610000000000003,38.501,-0.019146824373046448
0.4610000000000003,39.001,-0.017450598694974506
0.4610000000000003,39.501,-0.01586184775571233
0.4660000000000003,0.001,-1.3542638570247394
0.4660000000000003,0.501,-1.7908559496333794
0.4660000000000003,1.001,-0.5932809814046747
0.4660000000000003,1.501,-0.28665035864412136
0.4660000000000003,2.001,-0.16299658079435736
0.4660000000000003,2.501,-0.10204444430801846
0.4660000000000003,3.001,-0.06843913153319212
0.4660000000000003,3.501,-0.04859887997907275
0.4660000000000003,4.0009999999999994,-0.03638038223359132
0.4660000000000003,4.5009999999999994,-0.0286784474457982
0.4660000000000003,5.0009999999999994,-0.02379172786781736
0.4660000000000003,5.5009999999999994,-0.02072926277958617
0.4660000000000003,6.0009999999999994,-0.018885579038499828
0.4660000000000003,6.5009999999999994,-0.017876306284604092
0.4660000000000003,7.0009999999999994,-0.017449732502188696
0.4660000000000003,7.5009999999999994,-0.017436762621813984
0.4660000000000003,8.001,-0.017721392821952647
0.4660000000000003,8.501,-0.018222660727133133
0.4660000000000003,9.001,-0.01888327117317086
0.4660000000000003,9.501,-0.019662238360338133
0.4660000000000003,10.001,-0.02053001648624201
0.4660000000000003,10.501,-0.021465212496048047
0.4660000000000003,11.001,-0.022452327984179787
0.4660000000000003,11.501,-0.02348018439324777
0.4660000000000003,12.001,-0.02454081035506384
0.4660000000000003,12.501,-0.025628646938637756
0.4660000000000003,13.001,-0.026739975068978655
0.4660000000000003,13.501,-0.02787250057824242
0.4660000000000003,14.001,-0.02902505279522452
0.4660000000000003,14.501,-0.030197366214760733
0.4660000000000003,15.001,-0.03138992404176336
0.4660000000000003,15.501,-0.032603848798418086
0.4660000000000003,16.000999999999998,-0.033840829692586866
0.4660000000000003,16.500999999999998,-0.03510307970868684
0.4660000000000003,17.000999999999998,-0.03639331782762459
0.4660000000000003,17.500999999999998,-0.037714773708289934
0.4660000000000003,18.000999999999998,-0.03907121378981386
0.4660000000000003,18.500999999999998,-0.04046698927875175
0.4660000000000003,19.000999999999998,-0.041907108031068376
0.4660000000000003,19.500999999999998,-0.04339733409842824
0.4660000000000003,20.000999999999998,-0.04494432089474962
0.4660000000000003,20.500999999999998,-0.04655578684492003
0.4660000000000003,21.000999999999998,-0.048240746437052624
0.4660000000000003,21.500999999999998,-0.05000981549063949
0.4660000000000003,22.000999999999998,-0.05187561827675937
0.4660000000000003,22.500999999999998,-0.05385333773379771
0.4660000000000003,23.000999999999998,-0.0559614716281889
0.4660000000000003,23.500999999999998,-0.05822289290079183
0.4660000000000003,24.000999999999998,-0.06066637244293153
0.4660000000000003,24.500999999999998,-0.06332882833668044
0.4660000000000003,25.000999999999998,-0.06625876074778901
0.4660000000000003,25.500999999999998,-0.06952171137196957
0.4660000000000003,26.000999999999998,-0.07320937391179617
0.4660000000000003,26.500999999999998,-0.07745574874898799
0.4660000000000003,27.000999999999998,-0.08246810931920238
0.4660000000000003,27.500999999999998,-0.08859287250173382
0.4660000000000003,28.000999999999998,-0.09647797934517784
0.4660000000000003,28.500999999999998,-0.10757654328136443
0.4660000000000003,29.000999999999998,-0.12655582429827134
0.4660000000000003,29.500999999999998,-0.1830155310885249
0.4660000000000003,30.000999999999998,-0.10956762109871022
0.4660000000000003,30.500999999999998,-0.08956245302731106
0.4660000000000003,31.000999999999998,-0.07705393848615669
0.4660000000000003,31.500999999999998,-0.06786637143632172
0.4660000000000003,32.001,-0.060591807858937766
0.4660000000000003,32.501,-0.05457413995170954
0.4660000000000003,33.001,-0.049451156038304175
0.4660000000000003,33.501,-0.045000392407931
0.4660000000000003,34.001,-0.04107474481203372
0.4660000000000003,34.501,-0.03757150981193059
0.4660000000000003,35.001,-0.03441593058308125
0.4660000000000003,35.501,-0.03155176615198763
0.4660000000000003,36.001,-0.028935557106851494
0.4660000000000003,36.501,-0.02653296884676846
0.4660000000000003,37.001,-0.024316366315818797
0.4660000000000003,37.501,-0.022263151621597144
0.4660000000000003,38.001,-0.02035459214301137
0.4660000000000003,38.501,-0.018574974176186816
0.4660000000000003,39.001,-0.01691097866467392
0.4660000000000003,39.501,-0.01535121212401269
0.4710000000000003,0.001,-1.3637695312700806
0.4710000000000003,0.501,-1.7872234213636256
0.4710000000000003,1.001,-0.5919769421451435
0.4710000000000003,1.501,-0.28614302971057615
0.4710000000000003,2.001,-0.16288374394573943
0.4710000000000003,2.501,-0.10216157258908655
0.4710000000000003,3.001,-0.0687032506029357
0.4710000000000003,3.501,-0.04896264126331462
0.4710000000000003,4.0009999999999994,-0.03681448499938855
0.4710000000000003,4.5009999999999994,-0.029163705374544352
0.4710000000000003,5.0009999999999994,-0.024315054801787875
0.4710000000000003,5.5009999999999994,-0.021281462779750432
0.4710000000000003,6.0009999999999994,-0.019460048228153948
0.4710000000000003,6.5009999999999994,-0.0184682301081239
0.4710000000000003,7.0009999999999994,-0.01805556829658944
0.4710000000000003,7.5009999999999994,-0.018053894551202404
0.4710000000000003,8.001,-0.01834789519670867
0.4710000000000003,8.501,-0.018857131844443792
0.4710000000000003,9.001,-0.01952471441991649
0.4710000000000003,9.501,-0.02030997582678104
0.4710000000000003,10.001,-0.021183625473937547
0.4710000000000003,10.501,-0.02212447850135249
0.4710000000000003,11.001,-0.023117209787084425
0.4710000000000003,11.501,-0.02415078822741687
0.4710000000000003,12.001,-0.02521737104137843
0.4710000000000003,12.501,-0.02631151448967599
0.4710000000000003,13.001,-0.027429605714042446
0.4710000000000003,13.501,-0.028569451480396614
0.4710000000000003,14.001,-0.029729979974479917
0.4710000000000003,14.501,-0.030911025382885426
0.4710000000000003,15.001,-0.03211317421410817
0.4710000000000003,15.501,-0.03333765869163748
0.4710000000000003,16.000999999999998,-0.03458628705680193
0.4710000000000003,16.500999999999998,-0.035861403890171256
0.4710000000000003,17.000999999999998,-0.03716587602598223
0.4710000000000003,17.500999999999998,-0.03850310159514723
0.4710000000000003,18.000999999999998,-0.03987704141342784
0.4710000000000003,18.500999999999998,-0.04129227351703624
0.4710000000000003,19.000999999999998,-0.042754073312202295
0.4710000000000003,19.500999999999998,-0.04426852373933766
0.4710000000000003,20.000999999999998,-0.045842662298167504
0.4710000000000003,20.500999999999998,-0.04748467507697713
0.4710000000000003,21.000999999999998,-0.049204152588325285
0.4710000000000003,21.500999999999998,-0.05101242904408033
0.4710000000000003,22.000999999999998,-0.052923037033451775
0.4710000000000003,22.500999999999998,-0.054952325657492265
0.4710000000000003,23.000999999999998,-0.05712031599421634
0.4710000000000003,23.500999999999998,-0.05945191056380272
0.4710000000000003,24.000999999999998,-0.06197864699396392
0.4710000000000003,24.500999999999998,-0.06474131773329778
0.4710000000000003,25.000999999999998,-0.0677940249255504
0.4710000000000003,25.500999999999998,-0.07121073109806404
0.4710000000000003,26.000999999999998,-0.07509641279322513
0.4710000000000003,26.500999999999998,-0.07960734935908828
0.4710000000000003,27.000999999999998,-0.0849913409271632
0.4710000000000003,27.500999999999998,-0.09167732149035068
0.4710000000000003,28.000999999999998,-0.10051212696131935
0.4710000000000003,28.500999999999998,-0.11358756682977854
0.4710000000000003,29.000999999999998,-0.13952230737639967
0.4710000000000003,29.500999999999998,-0.1363179248710922
0.4710000000000003,30.000999999999998,-0.10150942468056678
0.4710000000000003,30.500999999999998,-0.08499081953077703
0.4710000000000003,31.000999999999998,-0.07385376991408227
0.4710000000000003,31.500999999999998,-0.06540514022825551
0.4710000000000003,32.001,-0.05859411503214597
0.4710000000000003,32.501,-0.05289489025530644
0.4710000000000003,33.001,-0.04800436157918919
0.4710000000000003,33.501,-0.04373082808050792
0.4710000000000003,34.001,-0.039944801981802405
0.4710000000000003,34.501,-0.03655440621411386
0.4710000000000003,35.001,-0.033491909675899045
0.4710000000000003,35.501,-0.030705832523736286
0.4710000000000003,36.001,-0.028156057794427022
0.4710000000000003,36.501,-0.0258106672871985
0.4710000000000003,37.001,-0.02364381673215389
0.4710000000000003,37.501,-0.021634263864939135
0.4710000000000003,38.001,-0.019764321323332362
0.4710000000000003,38.501,-0.018019094418362837
0.4710000000000003,39.001,-0.016385915003030826
0.4710000000000003,39.501,-0.014853913463986505
0.4760000000000003,0.001,-1.3732220909498136
0.4760000000000003,0.501,-1.7836776300739081
0.4760000000000003,1.001,-0.5907197236096586
0.4760000000000003,1.501,-0.2856679752164405
0.4760000000000003,2.001,-0.162795439149525
0.4760000000000003,2.501,-0.10229834610652723
0.4760000000000003,3.001,-0.06898361490971681
0.4760000000000003,3.501,-0.04934013001915105
0.4760000000000003,4.0009999999999994,-0.03726036956180928
0.4760000000000003,4.5009999999999994,-0.02965919514260129
0.4760000000000003,5.0009999999999994,-0.024847351123215705
0.4760000000000003,5.5009999999999994,-0.021841586830194076
0.4760000000000003,6.0009999999999994,-0.02004156528330666
0.4760000000000003,6.5009999999999994,-0.01906646083665131
0.4760000000000003,7.0009999999999994,-0.01866708051485938
0.4760000000000003,7.5009999999999994,-0.018676164400681067
0.4760000000000003,8.001,-0.018979074851483646
0.4760000000000003,8.501,-0.019495886530191076
0.4760000000000003,9.001,-0.020170105883063706
0.4760000000000003,9.501,-0.020961377756240615
0.4760000000000003,10.001,-0.021840661426008226
0.4760000000000003,10.501,-0.02278697602255461
0.4760000000000003,11.001,-0.023785166443882053
0.4760000000000003,11.501,-0.024824346575834502
0.4760000000000003,12.001,-0.025896800461526287
0.4760000000000003,12.501,-0.026997198425958296
0.4760000000000003,13.001,-0.028122033298080648
0.4760000000000003,13.501,-0.02926921283216409
0.4760000000000003,14.001,-0.030437764718356755
0.4760000000000003,14.501,-0.03162762410695706
0.4760000000000003,15.001,-0.03283948276283733
0.4760000000000003,15.501,-0.034074685329247734
0.4760000000000003,16.000999999999998,-0.03533516268422289
0.4760000000000003,16.500999999999998,-0.03662339565457305
0.4760000000000003,17.000999999999998,-0.037942404842182136
0.4760000000000003,17.500999999999998,-0.03929576431881061
0.4760000000000003,18.000999999999998,-0.04068763868841947
0.4760000000000003,18.500999999999998,-0.04212284469335742
0.4760000000000003,19.000999999999998,-0.04360694033982694
0.4760000000000003,19.500999999999998,-0.045146346651311654
0.4760000000000003,20.000999999999998,-0.046748509901861184
0.4760000000000003,20.500999999999998,-0.0484221159291528
0.4760000000000003,21.000999999999998,-0.05017737348382889
0.4760000000000003,21.500999999999998,-0.05202639150354505
0.4760000000000003,22.000999999999998,-0.05398368731385837
0.4760000000000003,22.500999999999998,-0.05606688181525369
0.4760000000000003,23.000999999999998,-0.05829766863301874
0.4760000000000003,23.500999999999998,-0.060703196075797064
0.4760000000000003,24.000999999999998,-0.06331809111211509
0.4760000000000003,24.500999999999998,-0.06618751897601853
0.4760000000000003,25.000999999999998,-0.06937198669110789
0.4760000000000003,25.500999999999998,-0.07295523870399034
0.4760000000000003,26.000999999999998,-0.07705799356713994
0.4760000000000003,26.500999999999998,-0.08186363248218462
0.4760000000000003,27.000999999999998,-0.0876710385632041
0.4760000000000003,27.500999999999998,-0.09501865712399396
0.4760000000000003,28.000999999999998,-0.10504002980874687
0.4760000000000003,28.500999999999998,-0.12090841309845009
0.4760000000000003,29.000999999999998,-0.163426467808663
0.4760000000000003,29.500999999999998,-0.12000736781304319
0.4760000000000003,30.000999999999998,-0.09521548258344173
0.4760000000000003,30.500999999999998,-0.08104734721891177
0.4760000000000003,31.000999999999998,-0.07097915298155805
0.4760000000000003,31.500999999999998,-0.06314486507452477
0.4760000000000003,32.001,-0.056733770673406736
0.4760000000000003,32.501,-0.05131600317653444
0.4760000000000003,33.001,-0.04663445243191629
0.4760000000000003,33.501,-0.04252227347860505
0.4760000000000003,34.001,-0.03886460770573296
0.4760000000000003,34.501,-0.03557875827394089
0.4760000000000003,35.001,-0.03260305051387174
0.4760000000000003,35.501,-0.02989016397641245
0.4760000000000003,36.001,-0.027402934100407426
0.4760000000000003,36.501,-0.025111596995805327
0.4760000000000003,37.001,-0.022991917626899804
0.4760000000000003,37.501,-0.021023880269732873
0.4760000000000003,38.001,-0.01919074893613915
0.4760000000000003,38.501,-0.017478378303948126
0.4760000000000003,39.001,-0.015874698555758352
0.4760000000000003,39.501,-0.014369323632530127
0.4810000000000003,0.001,-1.3826220927004889
0.4810000000000003,0.501,-1.7802168854343312
0.4810000000000003,1.001,-0.5895084094657669
0.4810000000000003,1.501,-0.2852245573137297
0.4810000000000003,2.001,-0.1627311748200636
0.4810000000000003,2.501,-0.1024543645593112
0.4810000000000003,3.001,-0.06927988721605646
0.4810000000000003,3.501,-0.04973105564028264
0.4810000000000003,4.0009999999999994,-0.03771778153011329
0.4810000000000003,4.5009999999999994,-0.030164691552980183
0.4810000000000003,5.0009999999999994,-0.025388415866059166
0.4810000000000003,5.5009999999999994,-0.022409454554031677
0.4810000000000003,6.0009999999999994,-0.02062996766097471
0.4810000000000003,6.5009999999999994,-0.019670851623688146
0.4810000000000003,7.0009999999999994,-0.019284136314645595
0.4810000000000003,7.5009999999999994,-0.019303451970185737
0.4810000000000003,8.001,-0.019614823119234362
0.4810000000000003,8.501,-0.020138826739713983
0.4810000000000003,9.001,-0.020819357390514166
0.4810000000000003,9.501,-0.021616365233566942
0.4810000000000003,10.001,-0.022501054184264735
0.4810000000000003,10.501,-0.023452643261480416
0.4810000000000003,11.001,-0.02445614421458556
0.4810000000000003,11.501,-0.025500813545916004
0.4810000000000003,12.001,-0.026579060449898245
0.4810000000000003,12.501,-0.027685668281306933
0.4810000000000003,13.001,-0.028817235125500607
0.4810000000000003,13.501,-0.029971769887785854
0.4810000000000003,14.001,-0.03114840053181864
0.4810000000000003,14.501,-0.03234716458373625
0.4810000000000003,15.001,-0.033568861182543694
0.4810000000000003,15.501,-0.03481495030739636
0.4810000000000003,16.000999999999998,-0.03608748931705233
0.4810000000000003,16.500999999999998,-0.037389100232224
0.4810000000000003,17.000999999999998,-0.03872296370953397
0.4810000000000003,17.500999999999998,-0.04009283770343888
0.4810000000000003,18.000999999999998,-0.04150310062550566
0.4810000000000003,18.500999999999998,-0.04295882059169702
0.4810000000000003,19.000999999999998,-0.0444658543007159
0.4810000000000003,19.500999999999998,-0.04603098144711506
0.4810000000000003,20.000999999999998,-0.04766208365764159
0.4810000000000003,20.500999999999998,-0.04936838120868546
0.4810000000000003,21.000999999999998,-0.051160746951098686
0.4810000000000003,21.500999999999998,-0.05305212609345941
0.4810000000000003,22.000999999999998,-0.055058104721112985
0.4810000000000003,22.500999999999998,-0.05719769253912307
0.4810000000000003,23.000999999999998,-0.059494422422390426
0.4810000000000003,23.500999999999998,-0.06197793237625042
0.4810000000000003,24.000999999999998,-0.06468630689277585
0.4810000000000003,24.500999999999998,-0.06766966075758765
0.4810000000000003,25.000999999999998,-0.07099585071662418
0.4810000000000003,25.500999999999998,-0.07476003849895702
0.4810000000000003,26.000999999999998,-0.07910171860341367
0.4810000000000003,26.500999999999998,-0.0842375353415823
0.4810000000000003,27.000999999999998,-0.09053160744201004
0.4810000000000003,27.500999999999998,-0.09867077935604038
0.4810000000000003,28.000999999999998,-0.11021807542495256
0.4810000000000003,28.500999999999998,-0.13036747450155434
0.4810000000000003,29.000999999999998,-0.1698865727665658
0.4810000000000003,29.500999999999998,-0.10968786231965252
0.4810000000000003,30.000999999999998,-0.09004470737771814
0.4810000000000003,30.500999999999998,-0.07757991073075379
0.4810000000000003,31.000999999999998,-0.06837034019636444
0.4810000000000003,31.500999999999998,-0.06105562873970548
0.4810000000000003,32.001,-0.05499347028089473
0.4810000000000003,32.501,-0.04982646368214866
0.4810000000000003,33.001,-0.04533392171602757
0.4810000000000003,33.501,-0.04136934417374092
0.4810000000000003,34.001,-0.037830143400632434
0.4810000000000003,34.501,-0.034641470035968645
0.4810000000000003,35.001,-0.031746905241562866
0.4810000000000003,35.501,-0.029102782824790084
0.4810000000000003,36.001,-0.026674558768454516
0.4810000000000003,36.501,-0.024434397967139834
0.4810000000000003,37.001,-0.022359516879247424
0.4810000000000003,37.501,-0.020431013224414242
0.4810000000000003,38.001,-0.01863301953244483
0.4810000000000003,38.501,-0.01695207798595043
0.4810000000000003,39.001,-0.015376670128690635
0.4810000000000003,39.501,-0.013896857258202729
0.4860000000000003,0.001,-1.3919700815867642
0.4860000000000003,0.501,-1.7768395496471419
0.4860000000000003,1.001,-0.5883421119976907
0.4860000000000003,1.501,-0.2848121581791806
0.4860000000000003,2.001,-0.16269047489902497
0.4860000000000003,2.501,-0.10262924038456611
0.4860000000000003,3.001,-0.06959174111445643
0.4860000000000003,3.501,-0.05013513695782312
0.4860000000000003,4.0009999999999994,-0.038186474886707344
0.4860000000000003,4.5009999999999994,-0.03067997693962085
0.4860000000000003,5.0009999999999994,-0.025938054910121217
0.4860000000000003,5.5009999999999994,-0.022984891850423544
0.4860000000000003,6.0009999999999994,-0.021225098611516058
0.4860000000000003,6.5009999999999994,-0.020281261000883538
0.4860000000000003,7.0009999999999994,-0.019906607870091388
0.4860000000000003,7.5009999999999994,-0.01993564175790255
0.4860000000000003,8.001,-0.02025503574885712
0.4860000000000003,8.501,-0.02078585859239604
0.4860000000000003,9.001,-0.02147238470864203
0.4860000000000003,9.501,-0.022274863079838697
0.4860000000000003,10.001,-0.023164737145719885
0.4860000000000003,10.501,-0.024121421813952715
0.4860000000000003,11.001,-0.025130092611067703
0.4860000000000003,11.501,-0.026180146373697463
0.4860000000000003,12.001,-0.02726411586557849
0.4860000000000003,12.501,-0.028376896530660924
0.4860000000000003,13.001,-0.029515191380335398
0.4860000000000003,13.501,-0.030677110744294314
0.4860000000000003,14.001,-0.0318618837540328
0.4860000000000003,14.501,-0.03306965186873008
0.4860000000000003,15.001,-0.03430132389080366
0.4860000000000003,15.501,-0.035558478257926164
0.4860000000000003,16.000999999999998,-0.03684330290611814
0.4860000000000003,16.500999999999998,-0.03815856631100637
0.4860000000000003,17.000999999999998,-0.03950761586514026
0.4860000000000003,17.500999999999998,-0.040894401849601345
0.4860000000000003,18.000999999999998,-0.04232352715077681
0.4860000000000003,18.500999999999998,-0.0438003247723444
0.4860000000000003,19.000999999999998,-0.04533096731923885
0.4860000000000003,19.500999999999998,-0.04692261525080267
0.4860000000000003,20.000999999999998,-0.048583614177436216
0.4860000000000003,20.500999999999998,-0.050323756347456984
0.4860000000000003,21.000999999999998,-0.052154628585297826
0.4860000000000003,21.500999999999998,-0.05409007968664439
0.4860000000000003,22.000999999999998,-0.05614685700969143
0.4860000000000003,22.500999999999998,-0.0583454888766146
0.4860000000000003,23.000999999999998,-0.06071153400046143
0.4860000000000003,23.500999999999998,-0.06327739591655915
0.4860000000000003,24.000999999999998,-0.06608503811924013
0.4860000000000003,24.500999999999998,-0.06919019492067972
0.4860000000000003,25.000999999999998,-0.0726691900855396
0.4860000000000003,25.500999999999998,-0.07663058007501847
0.4860000000000003,26.000999999999998,-0.08123641066422366
0.4860000000000003,26.500999999999998,-0.08674455617725113
0.4860000000000003,27.000999999999998,-0.09360369281190906
0.4860000000000003,27.500999999999998,-0.10270679483323114
0.4860000000000003,28.000999999999998,-0.11629282504672644
0.4860000000000003,28.500999999999998,-0.14400364277040867
0.4860000000000003,29.000999999999998,-0.13556725187591834
0.4860000000000003,29.500999999999998,-0.10208503684796388
0.4860000000000003,30.000999999999998,-0.08565413412785569
0.4860000000000003,30.500999999999998,-0.07448604419920163
0.4860000000000003,31.000999999999998,-0.06598274533546673
0.4860000000000003,31.500999999999998,-0.05911376368358279
0.4860000000000003,32.001,-0.053358997361470234
0.4860000000000003,32.501,-0.048416979877123054
0.4860000000000003,33.001,-0.044096311869219716
0.4860000000000003,33.501,-0.04026733820057365
0.4860000000000003,34.001,-0.036837857741554764
0.4860000000000003,34.501,-0.0337397789106476
0.4860000000000003,35.001,-0.03092127200784211
0.4860000000000003,35.501,-0.028341898103382814
0.4860000000000003,36.001,-0.025969449682252416
0.4860000000000003,36.501,-0.023777825343394003
0.4860000000000003,37.001,-0.02174555535237732
0.4860000000000003,37.501,-0.019854751374716945
0.4860000000000003,38.001,-0.01809034106169889
0.4860000000000003,38.501,-0.01643949896747693
0.4860000000000003,39.001,-0.014891215910470866
0.4860000000000003,39.501,-0.013435967952131393
0.4910000000000003,0.001,-1.4012665914586837
0.4910000000000003,0.501,-1.7735440353224559
0.4910000000000003,1.001,-0.5872199709485652
0.4910000000000003,1.501,-0.28443017920366415
0.4910000000000003,2.001,-0.16267287822663215
0.4910000000000003,2.501,-0.10282259824165646
0.4910000000000003,3.001,-0.06991886058873542
0.4910000000000003,3.501,-0.050552101858027915
0.4910000000000003,4.0009999999999994,-0.038666211647966575
0.4910000000000003,4.5009999999999994,-0.031204840862257083
0.4910000000000003,5.0009999999999994,-0.02649608070356136
0.4910000000000003,5.5009999999999994,-0.023567730640003504
0.4910000000000003,6.0009999999999994,-0.021826806943424107
0.4910000000000003,6.5009999999999994,-0.020897552659445456
0.4910000000000003,7.0009999999999994,-0.02053437216771941
0.4910000000000003,7.5009999999999994,-0.020572622768911197
0.4910000000000003,8.001,-0.020899612725230835
0.4910000000000003,8.501,-0.02143689220200226
0.4910000000000003,9.001,-0.02212910738203411
0.4910000000000003,9.501,-0.022936799700802396
0.4910000000000003,10.001,-0.023831647119163052
0.4910000000000003,10.501,-0.0247932565340777
0.4910000000000003,11.001,-0.025806964268750093
0.4910000000000003,11.501,-0.026862305302735187
0.4910000000000003,12.001,-0.02795193447838905
0.4910000000000003,12.501,-0.029070858483331338
0.4910000000000003,13.001,-0.03021588502693584
0.4910000000000003,13.501,-0.03138522625004872
0.4910000000000003,14.001,-0.03257821347539526
0.4910000000000003,14.501,-0.03379509380266288
0.4910000000000003,15.001,-0.03503688816545142
0.4910000000000003,15.501,-0.03630529679836073
0.4910000000000003,16.000999999999998,-0.0376026425762386
0.4910000000000003,16.500999999999998,-0.03893184602081836
0.4910000000000003,17.000999999999998,-0.04029642835867309
0.4910000000000003,17.500999999999998,-0.041700541174702024
0.4910000000000003,18.000999999999998,-0.04314902318821186
0.4910000000000003,18.500999999999998,-0.04464748671151139
0.4910000000000003,19.000999999999998,-0.04620243867593771
0.4910000000000003,19.500999999999998,-0.04782144402755471
0.4910000000000003,20.000999999999998,-0.04951334322291485
0.4910000000000003,20.500999999999998,-0.05128854112568575
0.4910000000000003,21.000999999999998,-0.053159392823079965
0.4910000000000003,21.500999999999998,-0.055140724414214144
0.4910000000000003,22.000999999999998,-0.05725054653703139
0.4910000000000003,22.500999999999998,-0.0595110504026088
0.4910000000000003,23.000999999999998,-0.061950029849514934
0.4910000000000003,23.500999999999998,-0.06460296668671564
0.4910000000000003,24.000999999999998,-0.0675161874494622
0.4910000000000003,24.500999999999998,-0.07075182737618368
0.4910000000000003,25.000999999999998,-0.0743960053703424
0.4910000000000003,25.500999999999998,-0.0785730802181593
0.4910000000000003,26.000999999999998,-0.08347239128104376
0.4910000000000003,26.500999999999998,-0.08940348479010811
0.4910000000000003,27.000999999999998,-0.09692652957330186
0.4910000000000003,27.500999999999998,-0.10722949978002044
0.4910000000000003,28.000999999999998,-0.1236884347768128
0.4910000000000003,28.500999999999998,-0.1702334819889999
0.4910000000000003,29.000999999999998,-0.12059112864135052
0.4910000000000003,29.500999999999998,-0.09605044862622725
0.4910000000000003,30.000999999999998,-0.08183816683591696
0.4910000000000003,30.500999999999998,-0.07169336269736507
0.4910000000000003,31.000999999999998,-0.06378219395243301
0.4910000000000003,31.500999999999998,-0.05730021824459726
0.4910000000000003,32.001,-0.051818527449002935
0.4910000000000003,32.501,-0.0470796403111981
0.4910000000000003,33.001,-0.04291602726629554
0.4910000000000003,33.501,-0.03921212513607615
0.4910000000000003,34.001,-0.03588459678891486
0.4910000000000003,34.501,-0.03287120940073279
0.4910000000000003,35.001,-0.0301241630349705
0.4910000000000003,35.501,-0.027605882762297543
0.4910000000000003,36.001,-0.02528625309787237
0.4910000000000003,36.501,-0.02314073677305788
0.4910000000000003,37.001,-0.02114905715395954
0.4910000000000003,37.501,-0.019294251976034696
0.4910000000000003,38.001,-0.017561978765282676
0.4910000000000003,38.501,-0.015939995152691254
0.4910000000000003,39.001,-0.014417763407860908
0.4910000000000003,39.501,-0.012986144929480737
0.49600000000000033,0.001,-1.4105121452944056
0.49600000000000033,0.501,-1.7703288034606228
0.49600000000000033,1.001,-0.5861411524207937
0.49600000000000033,1.501,-0.28407804022236155
0.49600000000000033,2.001,-0.16267793794456376
0.49600000000000033,2.501,-0.10303407452226868
0.49600000000000033,3.001,-0.07026093959749125
0.49600000000000033,3.501,-0.050981686919329305
0.49600000000000033,4.0009999999999994,-0.03915676154218245
0.49600000000000033,4.5009999999999994,-0.03173907981670776
0.49600000000000033,5.0009999999999994,-0.027062311999436733
0.49600000000000033,5.5009999999999994,-0.024157808623204213
0.49600000000000033,6.0009999999999994,-0.022434946800051564
0.49600000000000033,6.5009999999999994,-0.02151959524266925
0.49600000000000033,7.0009999999999994,-0.02116731081272044
0.49600000000000033,7.5009999999999994,-0.021214288333619186
0.49600000000000033,8.001,-0.021548458098503337
0.49600000000000033,8.501,-0.02209184151578078
0.49600000000000033,9.001,-0.022789448581577127
0.49600000000000033,9.501,-0.02360210694327733
0.49600000000000033,10.001,-0.024501724189363375
0.49600000000000033,10.501,-0.025468095405851696
0.49600000000000033,11.001,-0.026486714825336988
0.49600000000000033,11.501,-0.027547253469814043
0.49600000000000033,12.001,-0.02864248686153588
0.49600000000000033,12.501,-0.029767532182684894
0.49600000000000033,13.001,-0.030919301716949246
0.49600000000000033,13.501,-0.032096109919468666
0.49600000000000033,14.001,-0.03329739146071777
0.49600000000000033,14.501,-0.03452350094413392
0.49600000000000033,15.001,-0.035775574088166145
0.49600000000000033,15.501,-0.03705543648845659
0.49600000000000033,16.000999999999998,-0.03836555059857835
0.49600000000000033,16.500999999999998,-0.0397089949257053
0.49600000000000033,17.000999999999998,-0.041089472069852764
0.49600000000000033,17.500999999999998,-0.04251134446368765
0.49600000000000033,18.000999999999998,-0.043979698754861934
0.49600000000000033,18.500999999999998,-0.045500441957231616
0.49600000000000033,19.000999999999998,-0.047080435047905406
0.49600000000000033,19.500999999999998,-0.04872767294384454
0.49600000000000033,20.000999999999998,-0.05045152423881618
0.49600000000000033,20.500999999999998,-0.05226305046068291
0.49600000000000033,21.000999999999998,-0.05417543411639674
0.49600000000000033,21.500999999999998,-0.05620455943378596
0.49600000000000033,22.000999999999998,-0.05836981297400145
0.49600000000000033,22.500999999999998,-0.0606952094691449
0.49600000000000033,23.000999999999998,-0.06321101314922267
0.49600000000000033,23.500999999999998,-0.0659561396540193
0.49600000000000033,24.000999999999998,-0.06898183633035812
0.49600000000000033,24.500999999999998,-0.07235755462619717
0.49600000000000033,25.000999999999998,-0.07618079614436743
0.49600000000000033,25.500999999999998,-0.08059467523770521
0.49600000000000033,26.000999999999998,-0.0858218438277954
0.49600000000000033,26.500999999999998,-0.09223741536443021
0.49600000000000033,27.000999999999998,-0.10055152151038624
0.49600000000000033,27.500999999999998,-0.11239022365706505
0.49600000000000033,28.000999999999998,-0.1332366773902961
0.49600000000000033,28.500999999999998,-0.16805417678978735
0.49600000000000033,29.000999999999998,-0.11074971814535375
0.49600000000000033,29.500999999999998,-0.09104182171968506
0.49600000000000033,30.000999999999998,-0.07846357046932126
0.49600000000000033,30.500999999999998,-0.06914879075488267
0.49600000000000033,31.000999999999998,-0.06174190328031269
0.49600000000000033,31.500999999999998,-0.05559942528574026
0.49600000000000033,32.001,-0.050362118209144935
0.49600000000000033,32.501,-0.04580765263620061
0.49600000000000033,33.001,-0.04178818696627133
0.49600000000000033,33.501,-0.038200056878018286
0.49600000000000033,34.001,-0.03496754672912152
0.49600000000000033,34.501,-0.032033534600248215
0.49600000000000033,35.001,-0.029353777713008337
0.49600000000000033,35.501,-0.02689325424568212
0.49600000000000033,36.001,-0.024623729232202136
0.49600000000000033,36.501,-0.022522081459612882
0.49600000000000033,37.001,-0.020569121140281726
0.49600000000000033,37.501,-0.018748734181640924
0.49600000000000033,38.001,-0.017047249788296408
0.49600000000000033,38.501,-0.015452964458839794
0.49600000000000033,39.001,-0.01395577782624609
0.49600000000000033,39.501,-0.012546909989205986
