0.75,5,0.014564560353625269,-0.026811856627756148
0.75,4.98,0.014508970632947663,-0.026827058499379164
0.75,4.960000000000001,0.014452959476545475,-0.026842367984063448
0.75,4.940000000000001,0.014396522082521266,-0.026857786221107266
0.75,4.920000000000002,0.014339653576258694,-0.026873314365581644
0.75,4.900000000000002,0.014282349008341246,-0.026888953588928816
0.75,4.880000000000003,0.014224603353453462,-0.02690470507915442
0.75,4.860000000000003,0.014166411509322477,-0.026920570041181
0.75,4.840000000000003,0.0141077682944241,-0.02693654969705383
0.75,4.820000000000004,0.014048668446960542,-0.026952645286296054
0.75,4.800000000000004,0.013989106623317975,-0.026968858066252058
0.75,4.780000000000005,0.013929077396227424,-0.026985189312284545
0.75,4.760000000000005,0.013868575253372551,-0.027001640318260967
0.75,4.7400000000000055,0.013807594595413223,-0.02701821239679708
0.75,4.720000000000006,0.013746129734658677,-0.027034906879579348
0.75,4.700000000000006,0.013684174892940333,-0.027051725117719937
0.75,4.680000000000007,0.013621724200190836,-0.027068668482161426
0.75,4.660000000000007,0.013558771692298018,-0.02708573836391856
0.75,4.640000000000008,0.013495311309292756,-0.027102936174628486
0.75,4.620000000000008,0.01343133689336707,-0.02712026334677406
0.75,4.6000000000000085,0.013366842187381045,-0.027137721334113837
0.75,4.580000000000009,0.013301820831953071,-0.027155311612102703
0.75,4.560000000000009,0.01323626636429475,-0.027173035678212665
0.75,4.54000000000001,0.013170172215451855,-0.027190895052479125
0.75,4.52000000000001,0.013103531708448236,-0.027208891277703574
0.75,4.500000000000011,0.013036338055863166,-0.02722702592026198
0.75,4.480000000000011,0.012968584357857933,-0.027245300570066744
0.75,4.4600000000000115,0.01290026359947813,-0.027263716841269728
0.75,4.440000000000012,0.012831368648429538,-0.027282276372852715
0.75,4.420000000000012,0.012761892252679694,-0.02730098082878575
0.75,4.400000000000013,0.012691827037735234,-0.027319831898742847
0.75,4.380000000000013,0.012621165504309983,-0.02733883129847911
0.75,4.360000000000014,0.012549900025459765,-0.02735798077035985
0.75,4.340000000000014,0.012478022844036832,-0.027377282083855925
0.75,4.3200000000000145,0.012405526069725115,-0.02739673703610762
0.75,4.300000000000015,0.012332401676401395,-0.027416347452476418
0.75,4.280000000000015,0.01225864149896742,-0.027436115186976806
0.75,4.260000000000016,0.012184237230513071,-0.027456042122868188
0.75,4.240000000000016,0.012109180419265515,-0.02747613017344211
0.75,4.220000000000017,0.01203346246508671,-0.027496381282372223
0.75,4.200000000000017,0.011957074616713671,-0.02751679742425525
0.75,4.1800000000000175,0.01188000796805968,-0.027537380605532402
0.75,4.160000000000018,0.01180225345496657,-0.027558132864847665
0.75,4.140000000000018,0.011723801851543852,-0.027579056273841274
0.75,4.120000000000019,0.011644643766814329,-0.027600152937582487
0.75,4.100000000000019,0.011564769640716708,-0.02762142499570059
0.75,4.08000000000002,0.011484169740408454,-0.027642874622501954
0.75,4.06000000000002,0.011402834156465588,-0.02766450402813123
0.75,4.0400000000000205,0.01132075279878026,-0.027686315459094987
0.75,4.020000000000021,0.011237915392361283,-0.027708311199036342
0.75,4.000000000000021,0.01115431147333907,-0.027730493569388295
0.75,3.9800000000000213,0.011069930384206006,-0.027752864930474797
0.75,3.9600000000000213,0.01098476126971475,-0.02777542768191292
0.75,3.9400000000000213,0.010898793072296454,-0.027798184263666356
0.75,3.9200000000000212,0.010812014526956319,-0.027821137156805766
0.75,3.9000000000000212,0.010724414156797216,-0.02784428888435811
0.75,3.880000000000021,0.01063598026774529,-0.027867642012278315
0.75,3.860000000000021,0.010546700943694587,-0.027891199150265424
0.75,3.840000000000021,0.010456564041041207,-0.027914962952553815
0.75,3.820000000000021,0.010365557183116532,-0.027938936119266775
0.75,3.800000000000021,0.010273667754943074,-0.027963121396918297
0.75,3.780000000000021,0.010180882897327199,-0.02798752157954161
0.75,3.760000000000021,0.010087189500692127,-0.028012139510113804
0.75,3.740000000000021,0.009992574199489358,-0.02803697808077845
0.75,3.720000000000021,0.009897023365542535,-0.02806204023482413
0.75,3.700000000000021,0.009800523101579358,-0.028087328967136158
0.75,3.680000000000021,0.009703059234930575,-0.02811284732555995
0.75,3.660000000000021,0.00960461731029744,-0.028138598412004112
0.75,3.640000000000021,0.009505182583047904,-0.02816458538375073
0.75,3.620000000000021,0.009404740011688978,-0.028190811454434944
0.75,3.600000000000021,0.009303274250631717,-0.02821727989558409
0.75,3.580000000000021,0.009200769642184857,-0.028243994037607037
0.75,3.560000000000021,0.009097210208930456,-0.028270957271281198
0.75,3.540000000000021,0.008992579645544407,-0.028298173049002423
0.75,3.520000000000021,0.008886861310085047,-0.028325644886233542
0.75,3.500000000000021,0.008780038215478259,-0.028353376363032312
0.75,3.480000000000021,0.008672093020664573,-0.028381371125141705
0.75,3.460000000000021,0.00856300802119946,-0.02840963288582031
0.75,3.440000000000021,0.008452765139843808,-0.0284381654272952
0.75,3.420000000000021,0.008341345916775324,-0.028466972602295984
0.75,3.400000000000021,0.008228731499153572,-0.02849605833558061
0.75,3.3800000000000208,0.00811490263114218,-0.028525426625772565
0.75,3.3600000000000207,0.00799983964274643,-0.0285550815470189
0.75,3.3400000000000207,0.007883522438876609,-0.02858502725058337
0.75,3.3200000000000207,0.007765930487644868,-0.02861526796690171
0.75,3.3000000000000207,0.0076470428089263145,-0.02864580800709897
0.75,3.2800000000000207,0.007526837961454605,-0.028676651765277866
0.75,3.2600000000000207,0.0074052940309568445,-0.0287078037200605
0.75,3.2400000000000206,0.0072823886161915525,-0.02873926843686503
0.75,3.2200000000000206,0.007158098816331052,-0.028771050569952092
0.75,3.2000000000000206,0.007032401216377994,-0.028803154864367145
0.75,3.1800000000000206,0.0069052718730317365,-0.028835586158133808
0.75,3.1600000000000206,0.006776686299715427,-0.028868349384772812
0.75,3.1400000000000206,0.006646619451023196,-0.028901449575223562
0.75,3.1200000000000205,0.00651504570718891,-0.02893489186032775
0.75,3.1000000000000205,0.0063819388571382165,-0.02896868147338391
0.75,3.0800000000000205,0.006247272081646764,-0.029002823752436235
0.75,3.0600000000000205,0.006111017935848167,-0.029037324142995855
0.75,3.0400000000000205,0.0059731483306652835,-0.02907218820060309
0.75,3.0200000000000204,0.005833634514256478,-0.029107421593454627
0.75,3.0000000000000204,0.0056924470521774444,-0.029143030105379525
0.75,2.9800000000000204,0.0055495558073529365,-0.029179019638556743
0.75,2.9600000000000204,0.005404929919050153,-0.02921539621647737
0.75,2.9400000000000204,0.0052585377809644465,-0.02925216598699206
0.75,2.9200000000000204,0.005110347019184084,-0.029289335225537935
0.75,2.9000000000000203,0.004960324468366877,-0.02932691033805407
0.75,2.8800000000000203,0.004808436147921733,-0.029364897864579936
0.75,2.8600000000000203,0.0046546472369210085,-0.02940330448259086
0.75,2.8400000000000203,0.004498922048109896,-0.029442137010283753
0.75,2.8200000000000203,0.004341224000892151,-0.029481402410450004
0.75,2.8000000000000203,0.004181515593598854,-0.029521107793956346
0.75,2.7800000000000202,0.004019758374122707,-0.029561260423758375
0.75,2.76000000000002,0.003855912910579073,-0.029601867718573427
0.75,2.74000000000002,0.0036899387595499106,-0.02964293725707534
0.75,2.72000000000002,0.003521794433623945,-0.029684476782014954
0.75,2.70000000000002,0.0033514373682942944,-0.029726494204582454
0.75,2.68000000000002,0.0031788238864466963,-0.029768997608605942
0.75,2.66000000000002,0.0030039091626320566,-0.029811995255130827
0.75,2.64000000000002,0.0028266471848299108,-0.029855495587253922
0.75,2.62000000000002,0.0026469907157732086,-0.029899507234808637
0.75,2.60000000000002,0.0024648912519146023,-0.02994403901915242
0.75,2.58000000000002,0.002280298981171534,-0.029989099958550508
0.75,2.56000000000002,0.002093162738904252,-0.030034699273205928
0.75,2.54000000000002,0.0019034299620933086,-0.030080846390625707
0.75,2.52000000000002,0.0017110466416514853,-0.030127550951413604
0.75,2.50000000000002,0.0015159572728663563,-0.03017482281463303
0.75,2.48000000000002,0.0013181048038573106,-0.030222672064084896
0.75,2.46000000000002,0.0011174305815198704,-0.030271109014004968
0.75,2.44000000000002,0.0009138742958999255,-0.030320144215459005
0.75,2.42000000000002,0.0007073739214222553,-0.030369788462883282
0.75,2.40000000000002,0.0004978656565970555,-0.03042005280043688
0.75,2.38000000000002,0.00028528386016568206,-0.0304709485289998
0.75,2.36000000000002,0.00006956098533273042,-0.03052248721311715
0.75,2.34000000000002,-0.00014937248924232235,-0.030574680688150738
0.75,2.32000000000002,-0.0003715881313253056,-0.03062754106787967
0.75,2.30000000000002,-0.0005971596300022822,-0.030681080751807456
0.75,2.28000000000002,-0.00082616287404862,-0.030735312433358183
0.75,2.2600000000000198,-0.0010586760338261387,-0.03079024910778469
0.75,2.2400000000000198,-0.0012947796462334975,-0.03084590408048528
0.75,2.2200000000000197,-0.0015345567041561469,-0.030902290975550126
0.75,2.2000000000000197,-0.0017780927494833402,-0.03095942374472134
0.75,2.1800000000000197,-0.002025475970743597,-0.031017316676018702
0.75,2.1600000000000197,-0.002276797304331679,-0.031075984403567264
0.75,2.1400000000000197,-0.002532150541668877,-0.031135441916715148
0.75,2.1200000000000196,-0.002791632439978659,-0.031195704570014804
0.75,2.1000000000000196,-0.003055342839175047,-0.031256788093272314
0.75,2.0800000000000196,-0.003323384783925725,-0.03131870860205076
0.75,2.0600000000000196,-0.0035958646508988078,-0.03138148260789722
0.75,2.0400000000000196,-0.0038728922831252157,-0.031445127029594566
0.75,2.0200000000000196,-0.0041545811297995176,-0.031509659204164084
0.75,2.0000000000000195,-0.004441048393400921,-0.03157509689829022
0.75,1.9800000000000195,-0.004732415183443164,-0.03164145832019795
0.75,1.9600000000000195,-0.0050288066783910935,-0.03170876213153199
0.75,1.9400000000000195,-0.005330352294921899,-0.03177702745951598
0.75,1.9200000000000195,-0.005637185865344685,-0.031846273909854464
0.74,5,0.014392563590772645,-0.026109289446443945
0.74,4.98,0.014336387719373045,-0.02612490225306352
0.74,4.960000000000001,0.014279785908254426,-0.026140625732603257
0.74,4.940000000000001,0.014222753303577453,-0.026156461058285924
0.74,4.920000000000002,0.014165284977828513,-0.026172409419809042
0.74,4.900000000000002,0.01410737592791731,-0.026188472023730605
0.74,4.880000000000003,0.01404902107423154,-0.026204650093635214
0.74,4.860000000000003,0.013990215258932008,-0.02622094487056601
0.74,4.840000000000003,0.013930953244482548,-0.02623735761319856
0.74,4.820000000000004,0.013871229711957436,-0.026253889598407507
0.74,4.800000000000004,0.013811039259665921,-0.026270542121249213
0.74,4.780000000000005,0.013750376401556068,-0.026287316495460816
0.74,4.760000000000005,0.013689235565403888,-0.02630421405391059
0.74,4.7400000000000055,0.013627611091214497,-0.026321236148730803
0.74,4.720000000000006,0.01356549722939853,-0.026338384151670093
0.74,4.700000000000006,0.013502888139086292,-0.026355659454705402
0.74,4.680000000000007,0.013439777886413528,-0.026373063470180036
0.74,4.660000000000007,0.013376160442372758,-0.026390597631125015
0.74,4.640000000000008,0.013312029681244357,-0.026408263391875283
0.74,4.620000000000008,0.013247379378343029,-0.026426062228253444
0.74,4.6000000000000085,0.013182203208248262,-0.026443995638106482
0.74,4.580000000000009,0.013116494742701656,-0.026462065141589816
0.74,4.560000000000009,0.013050247448330377,-0.02648027228164075
0.74,4.54000000000001,0.012983454684818428,-0.0264986186243987
0.74,4.52000000000001,0.012916109702502697,-0.02651710575969425
0.74,4.500000000000011,0.012848205640129895,-0.026535735301317948
0.74,4.480000000000011,0.01277973552261271,-0.026554508887814812
0.74,4.4600000000000115,0.012710692258625285,-0.026573428182444098
0.74,4.440000000000012,0.012641068638166258,-0.02659249487415072
0.74,4.420000000000012,0.012570857330111089,-0.02661171067773284
0.74,4.400000000000013,0.012500050879665953,-0.02663107733445519
0.74,4.380000000000013,0.012428641705804268,-0.02665059661257048
0.74,4.360000000000014,0.012356622098214823,-0.02667027030778664
0.74,4.340000000000014,0.012283984215279582,-0.026690100243708083
0.74,4.3200000000000145,0.012210720080449261,-0.026710088272657334
0.74,4.300000000000015,0.012136821580253213,-0.026730236275910757
0.74,4.280000000000015,0.012062280460111555,-0.0267505461645038
0.74,4.260000000000016,0.0119870883226004,-0.02677101987967319
0.74,4.240000000000016,0.01191123662348388,-0.02679165939345507
0.74,4.220000000000017,0.011834716668750824,-0.02681246670945002
0.74,4.200000000000017,0.011757519611472606,-0.02683344386316902
0.74,4.1800000000000175,0.011679636448147335,-0.026854592922892453
0.74,4.160000000000018,0.011601058015495486,-0.026875915990352703
0.74,4.140000000000018,0.011521774986764197,-0.026897415201089195
0.74,4.120000000000019,0.011441777868004807,-0.02691909272553604
0.74,4.100000000000019,0.0113610569947642,-0.026940950769393943
0.74,4.08000000000002,0.011279602527475814,-0.0269629915746072
0.74,4.06000000000002,0.01119740444821348,-0.026985217419788862
0.74,4.0400000000000205,0.01111445255631597,-0.02700763062129599
0.74,4.020000000000021,0.011030736464184603,-0.02703023353383327
0.74,4.000000000000021,0.010946245593321401,-0.027053028551131165
0.74,3.9800000000000213,0.010860969169172348,-0.027076018107051042
0.74,3.9600000000000213,0.010774896217652367,-0.02709920467606062
0.74,3.9400000000000213,0.010688015559654849,-0.027122590774417574
0.74,3.9200000000000212,0.01060031580659652,-0.027146178960762657
0.74,3.9000000000000212,0.010511785355550994,-0.027169971837089538
0.74,3.880000000000021,0.010422412384036872,-0.027193972049784812
0.74,3.860000000000021,0.010332184845087217,-0.027218182290295025
0.74,3.840000000000021,0.010241090461474877,-0.02724260529648799
0.74,3.820000000000021,0.010149116720574707,-0.0272672438531138
0.74,3.800000000000021,0.0100562508686328,-0.02729210079323146
0.74,3.780000000000021,0.009962479905013522,-0.027317178999044553
0.74,3.760000000000021,0.009867790575841156,-0.027342481402997887
0.74,3.740000000000021,0.00977216936843171,-0.027368010988792588
0.74,3.720000000000021,0.009675602504419959,-0.027393770792694866
0.74,3.700000000000021,0.009578075933620148,-0.02741976390439335
0.74,3.680000000000021,0.009479575326947657,-0.02744599346832094
0.74,3.660000000000021,0.009380086069933624,-0.02747246268495797
0.74,3.640000000000021,0.009279593255220145,-0.02749917481184625
0.74,3.620000000000021,0.009178081675417003,-0.02752613316480862
0.74,3.600000000000021,0.009075535815379418,-0.02755334111952437
0.74,3.580000000000021,0.008971939844873218,-0.027580802112759456
0.74,3.560000000000021,0.008867277609860398,-0.02760851964342592
0.74,3.540000000000021,0.008761532624669745,-0.027636497274409075
0.74,3.520000000000021,0.008654688063530295,-0.027664738633715755
0.74,3.500000000000021,0.008546726751553118,-0.027693247415983502
0.74,3.480000000000021,0.008437631155887774,-0.02772202738412256
0.74,3.460000000000021,0.008327383376063112,-0.027751082370703617
0.74,3.440000000000021,0.008215965134751427,-0.02778041627966477
0.74,3.420000000000021,0.008103357767501672,-0.027810033087829034
0.74,3.400000000000021,0.007989542212851917,-0.02783993684666751
0.74,3.3800000000000208,0.007874499001386329,-0.027870131684005664
0.74,3.3600000000000207,0.007758208244924068,-0.027900621805761576
0.74,3.3400000000000207,0.007640649625467904,-0.027931411497730124
0.74,3.3200000000000207,0.007521802383356014,-0.027962505127599555
0.74,3.3000000000000207,0.007401645305210056,-0.027993907146607072
0.74,3.2800000000000207,0.00728015671189389,-0.02802562209173609
0.74,3.2600000000000207,0.007157314445350062,-0.028057654587667583
0.74,3.2400000000000206,0.007033095855451374,-0.02809000934883818
0.74,3.2200000000000206,0.006907477786499993,-0.02812269118148316
0.74,3.2000000000000206,0.006780436562963553,-0.028155704986024654
0.74,3.1800000000000206,0.00665194797491536,-0.028189055759157894
0.74,3.1600000000000206,0.0065219872630146915,-0.028222748596279518
0.74,3.1400000000000206,0.006390529102813159,-0.028256788693785312
0.74,3.1200000000000205,0.006257547588721615,-0.028291181351519867
0.74,3.1000000000000205,0.006123016217387054,-0.02832593197535692
0.74,3.0800000000000205,0.005986907870320421,-0.02836104607979152
0.74,3.0600000000000205,0.005849194795981403,-0.02839652929046166
0.74,3.0400000000000205,0.0057098485916977975,-0.028432387347019986
0.74,3.0200000000000204,0.005568840184107067,-0.028468626105949704
0.74,3.0000000000000204,0.00542613980970016,-0.028505251543390286
0.74,2.9800000000000204,0.005281716994079415,-0.028542269758053414
0.74,2.9600000000000204,0.005135540530981678,-0.02857968697448815
0.74,2.9400000000000204,0.004987578460277305,-0.028617509546103176
0.74,2.9200000000000204,0.004837798044992424,-0.02865574395828229
0.74,2.9000000000000203,0.004686165748015907,-0.028694396832047234
0.74,2.8800000000000203,0.00453264720757441,-0.02873347492706392
0.74,2.8600000000000203,0.004377207211693668,-0.028772985145697934
0.74,2.8400000000000203,0.004219809672305823,-0.02881293453598842
0.74,2.8200000000000203,0.004060417597652488,-0.028853330296004537
0.74,2.8000000000000203,0.0038989930643816497,-0.028894179777395362
0.74,2.7800000000000202,0.0037354971878576226,-0.02893549048929038
0.74,2.76000000000002,0.003569890092122238,-0.02897727010261035
0.74,2.74000000000002,0.0034021308780916443,-0.02901952645400946
0.74,2.72000000000002,0.0032321775907736367,-0.029062267550376678
0.74,2.70000000000002,0.0030599871854745694,-0.02910550157322106
0.74,2.68000000000002,0.002885515492241611,-0.029149236883243293
0.74,2.66000000000002,0.0027087171792259117,-0.02919348202505677
0.74,2.64000000000002,0.0025295457145930334,-0.029238245732045018
0.74,2.62000000000002,0.002347953326818786,-0.029283536931417598
0.74,2.60000000000002,0.0021638909634929546,-0.02932936474914409
0.74,2.58000000000002,0.0019773082485119407,-0.029375738515568267
0.74,2.56000000000002,0.0017881534373846522,-0.02942266777063715
0.74,2.54000000000002,0.0015963733711923435,-0.029470162269639378
0.74,2.52000000000002,0.0014019134279037787,-0.0295182319888556
0.74,2.50000000000002,0.0012047174726353253,-0.029566887131622505
0.74,2.48000000000002,0.0010047278051583128,-0.029616138134495318
0.74,2.46000000000002,0.0008018851055225425,-0.029665995673546972
0.74,2.44000000000002,0.0005961283772740846,-0.02971647067077303
0.74,2.42000000000002,0.0003873948886054147,-0.02976757430082632
0.74,2.40000000000002,0.00017562011073127184,-0.029819317998083128
0.74,2.38000000000002,-0.00003926234620899374,-0.0298717134635874
0.74,2.36000000000002,-0.0002573208000569547,-0.029924772672318092
0.74,2.34000000000002,-0.00047862556636529146,-0.02997850788080593
0.74,2.32000000000002,-0.0007032490311329248,-0.030032931634878773
0.74,2.30000000000002,-0.0009312657265990525,-0.030088056777723866
0.74,2.28000000000002,-0.0011627524108446953,-0.030143896457857547
0.74,2.2600000000000198,-0.0013977881499564328,-0.030200464137786376
0.74,2.2400000000000198,-0.0016364544047493238,-0.030257773602607993
0.74,2.2200000000000197,-0.001878835121096246,-0.030315838968910845
0.74,2.2000000000000197,-0.0021250168238028905,-0.030374674694150394
0.74,2.1800000000000197,-0.002375088715710173,-0.030434295585845345
0.74,2.1600000000000197,-0.0026291427802346825,-0.03049471681156403
0.74,2.1400000000000197,-0.0028872738894561503,-0.030555953908719707
0.74,2.1200000000000196,-0.0031495799166700988,-0.03061802279492512
0.74,2.1000000000000196,-0.0034161618544762164,-0.03068093977859406
0.74,2.0800000000000196,-0.003687123938086766,-0.030744721569626682
0.74,2.0600000000000196,-0.003962573774882443,-0.030809385290767537
0.74,2.0400000000000196,-0.004242622479783284,-0.030874948488817833
0.74,2.0200000000000196,-0.004527384816864462,-0.03094142914643018
0.74,2.0000000000000195,-0.0048169793485290276,-0.031008845694087198
0.74,1.9800000000000195,-0.005111528591156299,-0.03107721702256589
0.74,1.9600000000000195,-0.005411159178384724,-0.031146562495301053
0.74,1.9400000000000195,-0.00571600203359451,-0.031216901961525725
0.74,1.9200000000000195,-0.006026192548490573,-0.03128825576925268
0.73,5,0.014215069228266514,-0.025389202368832478
0.73,4.98,0.014158293510709349,-0.025405229850884906
0.73,4.960000000000001,0.01410108724258053,-0.025421371100376865
0.73,4.940000000000001,0.014043445516709909,-0.025437627325028727
0.73,4.920000000000002,0.01398536335145232,-0.02545399974963629
0.73,4.900000000000002,0.013926835688896631,-0.025470489616209735
0.73,4.880000000000003,0.013867857393591025,-0.025487098184485538
0.73,4.860000000000003,0.013808423250990643,-0.02550382673213729
0.73,4.840000000000003,0.013748527965986974,-0.025520676555098307
0.73,4.820000000000004,0.013688166161205521,-0.02553764896789079
0.73,4.800000000000004,0.013627332375761171,-0.02555474530387168
0.73,4.780000000000005,0.013566021063050066,-0.025571966915799875
0.73,4.760000000000005,0.013504226589734597,-0.02558931517592316
0.73,4.7400000000000055,0.013441943233360083,-0.025606791476491787
0.73,4.720000000000006,0.013379165181298489,-0.025624397230089465
0.73,4.700000000000006,0.013315886528268333,-0.025642133869910665
0.73,4.680000000000007,0.013252101275112577,-0.025660002850345698
0.73,4.660000000000007,0.01318780332649758,-0.025678005647080608
0.73,4.640000000000008,0.013122986489125164,-0.025696143757681894
0.73,4.620000000000008,0.013057644469803816,-0.02571441870202481
0.73,4.6000000000000085,0.012991770873525897,-0.025732832022575022
0.73,4.580000000000009,0.012925359200972195,-0.025751385284855502
0.73,4.560000000000009,0.01285840284695026,-0.025770080077972886
0.73,4.54000000000001,0.01279089509778149,-0.025788918014913342
0.73,4.52000000000001,0.012722829129462319,-0.025807900732940398
0.73,4.500000000000011,0.012654198005048443,-0.02582702989435772
0.73,4.480000000000011,0.012584994672354737,-0.02584630718670558
0.73,4.4600000000000115,0.012515211961884149,-0.025865734323203576
0.73,4.440000000000012,0.01244484258409138,-0.0258853130435309
0.73,4.420000000000012,0.01237387912684674,-0.02590504511396653
0.73,4.400000000000013,0.012302314052961987,-0.025924932328193512
0.73,4.380000000000013,0.012230139697621534,-0.025944976507765782
0.73,4.360000000000014,0.012157348265519062,-0.025965179502390717
0.73,4.340000000000014,0.012083931828114881,-0.02598554319079705
0.73,4.3200000000000145,0.012009882320868826,-0.02600606948114001
0.73,4.300000000000015,0.011935191540219419,-0.02602676031166739
0.73,4.280000000000015,0.01185985114068683,-0.0260476176511011
0.73,4.260000000000016,0.011783852631587365,-0.02606864349956632
0.73,4.240000000000016,0.011707187374340615,-0.026089839888861814
0.73,4.220000000000017,0.011629846578510756,-0.026111208883285872
0.73,4.200000000000017,0.011551821299264974,-0.026132752580204054
0.73,4.1800000000000175,0.011473102433238461,-0.02615447311079791
0.73,4.160000000000018,0.01139368071576168,-0.026176372640671648
0.73,4.140000000000018,0.01131354671653683,-0.026198453370504818
0.73,4.120000000000019,0.011232690836485287,-0.026220717536824506
0.73,4.100000000000019,0.011151103303806191,-0.026243167412688097
0.73,4.08000000000002,0.011068774169867986,-0.026265805308472903
0.73,4.06000000000002,0.010985693305581131,-0.026288633572547376
0.73,4.0400000000000205,0.010901850396947448,-0.026311654592135428
0.73,4.020000000000021,0.010817234941009297,-0.026334870794041412
0.73,4.000000000000021,0.010731836241702635,-0.026358284645594147
0.73,3.9800000000000213,0.010645643404935075,-0.026381898655202865
0.73,3.9600000000000213,0.010558645334496332,-0.02640571537356881
0.73,3.9400000000000213,0.010470830726935602,-0.026429737394251834
0.73,3.9200000000000212,0.010382188067061641,-0.02645396735475021
0.73,3.9000000000000212,0.010292705622855027,-0.02647840793735199
0.73,3.880000000000021,0.010202371440260708,-0.026503061870136763
0.73,3.860000000000021,0.010111173338033201,-0.026527931927801174
0.73,3.840000000000021,0.010019098902323938,-0.026553020932840968
0.73,3.820000000000021,0.009926135481107653,-0.026578331756307902
0.73,3.800000000000021,0.009832270178434722,-0.026603867319180408
0.73,3.780000000000021,0.009737489848706444,-0.026629630593087067
0.73,3.760000000000021,0.009641781090290014,-0.02665562460171993
0.73,3.740000000000021,0.009545130239687841,-0.0266818524215722
0.73,3.720000000000021,0.0094475233647974,-0.026708317183582797
0.73,3.700000000000021,0.009348946258452534,-0.026735022073835282
0.73,3.680000000000021,0.009249384431726331,-0.02676197033498417
0.73,3.660000000000021,0.00914882310664376,-0.026789165267580333
0.73,3.640000000000021,0.00904724720931333,-0.026816610231111773
0.73,3.620000000000021,0.008944641362322108,-0.02684430864554366
0.73,3.600000000000021,0.008840989877083049,-0.026872263992451337
0.73,3.580000000000021,0.008736276745915733,-0.026900479816527573
0.73,3.560000000000021,0.008630485634089672,-0.026928959726965317
0.73,3.540000000000021,0.00852359987148386,-0.026957707398849257
0.73,3.520000000000021,0.00841560244373506,-0.02698672657458555
0.73,3.500000000000021,0.008306475983339376,-0.02701602106573056
0.73,3.480000000000021,0.00819620276090596,-0.02704559475413218
0.73,3.460000000000021,0.00808476467529603,-0.02707545159385373
0.73,3.440000000000021,0.007972143243936532,-0.02710559561261805
0.73,3.420000000000021,0.007858319593071822,-0.02713603091360771
0.73,3.400000000000021,0.007743274447041397,-0.02716676167717985
0.73,3.3800000000000208,0.00762698811755059,-0.02719779216262816
0.73,3.3600000000000207,0.00750944049304101,-0.027229126710160284
0.73,3.3400000000000207,0.0073906110270356325,-0.027260769742377067
0.73,3.3200000000000207,0.007270478726221069,-0.02729272576672158
0.73,3.3000000000000207,0.007149022138571404,-0.02732499937713985
0.73,3.2800000000000207,0.007026219340848494,-0.027357595256097482
0.73,3.2600000000000207,0.00690204792527213,-0.027390518176934442
0.73,3.2400000000000206,0.006776484986619891,-0.027423773005750135
0.73,3.2200000000000206,0.006649507107951886,-0.027457364703817877
0.73,3.2000000000000206,0.0065210903466088495,-0.027491298329643227
0.73,3.1800000000000206,0.006391210219720107,-0.027525579041545303
0.73,3.1600000000000206,0.006259841688029473,-0.027560212099871556
0.73,3.1400000000000206,0.006126959141350831,-0.027595202869559396
0.73,3.1200000000000205,0.005992536381030087,-0.02763055682268698
0.73,3.1000000000000205,0.005856546604067895,-0.027666279540965164
0.73,3.0800000000000205,0.005718962385282444,-0.027702376718593352
0.73,3.0600000000000205,0.005579755658899899,-0.027738854164870173
0.73,3.0400000000000205,0.005438897700654265,-0.02777571780720546
0.73,3.0200000000000204,0.005296359107764745,-0.027812973693816093
0.73,3.0000000000000204,0.0051521097791082954,-0.02785062799695584
0.73,2.9800000000000204,0.005006118894873348,-0.02788868701586572
0.73,2.9600000000000204,0.0048583548944516105,-0.027927157179916437
0.73,2.9400000000000204,0.004708785454948806,-0.027966045052140898
0.73,2.9200000000000204,0.004557377467374527,-0.028005357332202784
0.73,2.9000000000000203,0.004404097013409625,-0.028045100860203204
0.73,2.8800000000000203,0.0042489093403801905,-0.02808528262014802
0.73,2.8600000000000203,0.0040917788355840255,-0.028125909743496533
0.73,2.8400000000000203,0.003932669000108692,-0.028166989513092863
0.73,2.8200000000000203,0.0037715424206460667,-0.02820852936697544
0.73,2.8000000000000203,0.003608360741448008,-0.028250536902413796
0.73,2.7800000000000202,0.0034430846343801585,-0.028293019879914186
0.73,2.76000000000002,0.003275673768351455,-0.028335986227710858
0.73,2.74000000000002,0.0031060867769320795,-0.028379444045817395
0.73,2.72000000000002,0.00293428122599623,-0.02842340161081637
0.73,2.70000000000002,0.00276021357831847,-0.02846786738029375
0.73,2.68000000000002,0.002583839158626717,-0.02851284999758899
0.73,2.66000000000002,0.002405112116006719,-0.028558358296952677
0.73,2.64000000000002,0.0022239853853918074,-0.02860440130824138
0.73,2.62000000000002,0.0020404106475168738,-0.028650988262466155
0.73,2.60000000000002,0.0018543382873032793,-0.02869812859680219
0.73,2.58000000000002,0.0016657173500679778,-0.028745831960553622
0.73,2.56000000000002,0.001474495497046118,-0.028794108220337927
0.73,2.54000000000002,0.001280618957829271,-0.02884296746637005
0.73,2.52000000000002,0.001084032482304731,-0.028892420018190236
0.73,2.50000000000002,0.0008846792890856237,-0.028942476431068606
0.73,2.48000000000002,0.0006825010130480813,-0.02899314750232529
0.73,2.46000000000002,0.0004774376502226065,-0.029044444277890047
0.73,2.44000000000002,0.0002694275004062794,-0.0290963780591003
0.73,2.42000000000002,0.00005840710731526595,-0.029148960409786512
0.73,2.40000000000002,-0.00015568880365392657,-0.029202203163335647
0.73,2.38000000000002,-0.0003729273902472188,-0.02925611843020927
0.73,2.36000000000002,-0.0005933777611086127,-0.029310718605544198
0.73,2.34000000000002,-0.0008171110464170575,-0.029366016376841733
0.73,2.32000000000002,-0.0010442004713452297,-0.029422024732429927
0.73,2.30000000000002,-0.001274721433193511,-0.02947875696942099
0.73,2.28000000000002,-0.0015087515813426943,-0.029536226702453504
0.73,2.2600000000000198,-0.0017463709009601222,-0.029594447872649192
0.73,2.2400000000000198,-0.0019876618006391335,-0.02965343475639351
0.73,2.2200000000000197,-0.002232709203650249,-0.029713201974971404
0.73,2.2000000000000197,-0.0024816006433873933,-0.02977376450386808
0.73,2.1800000000000197,-0.0027344263631088554,-0.029835137683223323
0.73,2.1600000000000197,-0.0029912794203646167,-0.02989733722720639
0.73,2.1400000000000197,-0.0032522557959884547,-0.02996037923519357
0.73,2.1200000000000196,-0.003517454508245957,-0.03002428020222684
0.73,2.1000000000000196,-0.003786977732216713,-0.03008905703001774
0.73,2.0800000000000196,-0.00406093092505848,-0.030154727038355242
0.73,2.0600000000000196,-0.004339422956705523,-0.030221307976861525
0.73,2.0400000000000196,-0.004622566247089257,-0.030288818036892685
0.73,2.0200000000000196,-0.004910476909535295,-0.03035727586384354
0.73,2.0000000000000195,-0.005203274901910258,-0.030426700569605156
0.73,1.9800000000000195,-0.005501084184065794,-0.030497111745793448
0.73,1.9600000000000195,-0.005804032883521211,-0.030568529476840134
0.73,1.9400000000000195,-0.006112253469186202,-0.030640974353415507
0.73,1.9200000000000195,-0.0064258829337218056,-0.030714467486536536
0.72,5,0.01403186486270463,-0.024651718054761407
0.72,4.98,0.013974475114686214,-0.02466816366905554
0.72,4.960000000000001,0.013916650094353307,-0.024684726177638505
0.72,4.940000000000001,0.013858384840072714,-0.024701406823293942
0.72,4.920000000000002,0.013799674314641304,-0.02471820686621605
0.72,4.900000000000002,0.013740513403842077,-0.024735127584488467
0.72,4.880000000000003,0.01368089691531036,-0.02475217027441884
0.72,4.860000000000003,0.013620819576258155,-0.02476933625079175
0.72,4.840000000000003,0.013560276032642305,-0.024786626847154464
0.72,4.820000000000004,0.013499260847330889,-0.02480404341632224
0.72,4.800000000000004,0.013437768498390703,-0.02482158733043975
0.72,4.780000000000005,0.013375793377573292,-0.024839259981693312
0.72,4.760000000000005,0.013313329788667908,-0.02485706278236012
0.72,4.7400000000000055,0.013250371945543559,-0.024874997165284005
0.72,4.720000000000006,0.013186913970632447,-0.024893064584282795
0.72,4.700000000000006,0.013122949892946939,-0.024911266514503483
0.72,4.680000000000007,0.013058473646301258,-0.024929604452768067
0.72,4.660000000000007,0.012993479067337853,-0.024948079918115443
0.72,4.640000000000008,0.012927959893755727,-0.024966694451882293
0.72,4.620000000000008,0.012861909762130488,-0.024985449618576336
0.72,4.6000000000000085,0.012795322205815206,-0.025004347005903718
0.72,4.580000000000009,0.012728190653171328,-0.025023388225375143
0.72,4.560000000000009,0.012660508425029988,-0.025042574912828755
0.72,4.54000000000001,0.012592268732830755,-0.025061908728647192
0.72,4.52000000000001,0.01252346467621793,-0.025081391358419913
0.72,4.500000000000011,0.012454089240628744,-0.025101024513400627
0.72,4.480000000000011,0.012384135295244583,-0.02512080993084799
0.72,4.4600000000000115,0.012313595590240955,-0.02514074937475015
0.72,4.440000000000012,0.012242462754456566,-0.025160844636000088
0.72,4.420000000000012,0.012170729292845467,-0.025181097533284298
0.72,4.400000000000013,0.012098387583973217,-0.025201509913257925
0.72,4.380000000000013,0.012025429877072308,-0.02522208365156145
0.72,4.360000000000014,0.011951848289578173,-0.025242820652704737
0.72,4.340000000000014,0.011877634804044097,-0.025263722851243398
0.72,4.3200000000000145,0.011802781265646697,-0.02528479221206295
0.72,4.300000000000015,0.011727279378927369,-0.025306030731043008
0.72,4.280000000000015,0.011651120704643116,-0.025327440435491136
0.72,4.260000000000016,0.011574296657158204,-0.02534902338517435
0.72,4.240000000000016,0.01149679850062111,-0.025370781672496276
0.72,4.220000000000017,0.01141861734628724,-0.02539271742338281
0.72,4.200000000000017,0.011339744148682152,-0.02541483279793258
0.72,4.1800000000000175,0.011260169702417446,-0.02543712999110706
0.72,4.160000000000018,0.011179884638526847,-0.02545961123335235
0.72,4.140000000000018,0.01109887942102248,-0.025482278791284813
0.72,4.120000000000019,0.011017144342810304,-0.025505134968630952
0.72,4.100000000000019,0.01093466952219396,-0.02552818210670152
0.72,4.08000000000002,0.01085144489878633,-0.02555142258534915
0.72,4.06000000000002,0.010767460229418392,-0.02557485882363661
0.72,4.0400000000000205,0.010682705084120662,-0.025598493280819548
0.72,4.020000000000021,0.01059716884186078,-0.025622328456854887
0.72,4.000000000000021,0.01051084068588112,-0.025646366893490202
0.72,3.9800000000000213,0.01042370959956454,-0.025670611175180352
0.72,3.9600000000000213,0.01033576436158512,-0.02569506392968103
0.72,3.9400000000000213,0.01024699354112065,-0.025719727829187106
0.72,3.9200000000000212,0.010157385493226697,-0.02574460559122571
0.72,3.9000000000000212,0.010066928353555072,-0.02576969997949708
0.72,3.880000000000021,0.009975610033135487,-0.02579501380513617
0.72,3.860000000000021,0.009883418213263835,-0.025820549927105974
0.72,3.840000000000021,0.009790340339974848,-0.025846311254045976
0.72,3.820000000000021,0.009696363618422764,-0.025872300744669716
0.72,3.800000000000021,0.009601475006964367,-0.02589852140900309
0.72,3.780000000000021,0.009505661211236801,-0.025924976309660674
0.72,3.760000000000021,0.009408908678398156,-0.02595166856288181
0.72,3.740000000000021,0.009311203590228967,-0.025978601339529048
0.72,3.720000000000021,0.00921253185711082,-0.026005777866487778
0.72,3.700000000000021,0.00911287911107915,-0.02603320142783945
0.72,3.680000000000021,0.009012230699139787,-0.026060875366059555
0.72,3.660000000000021,0.00891057167602668,-0.026088803083246043
0.72,3.640000000000021,0.00880788679695332,-0.026116988042660265
0.72,3.620000000000021,0.008704160510336196,-0.026145433769719645
0.72,3.600000000000021,0.008599376949508804,-0.02617414385377237
0.72,3.580000000000021,0.008493519925475868,-0.026203121949308322
0.72,3.560000000000021,0.008386572918039807,-0.026232371777297425
0.72,3.540000000000021,0.008278519067813316,-0.02626189712694367
0.72,3.520000000000021,0.008169341167159852,-0.02629170185711136
0.72,3.500000000000021,0.008059021651439034,-0.026321789897846545
0.72,3.480000000000021,0.007947542589635351,-0.026352165252150277
0.72,3.460000000000021,0.0078348856748473,-0.02638283199737458
0.72,3.440000000000021,0.007721032214303122,-0.026413794287174094
0.72,3.420000000000021,0.007605963119260019,-0.026445056353212218
0.72,3.400000000000021,0.007489658894736165,-0.02647662250685151
0.72,3.3800000000000208,0.007372099628337275,-0.026508497141130696
0.72,3.3600000000000207,0.007253264979196972,-0.026540684732517153
0.72,3.3400000000000207,0.007133134166648346,-0.026573189843082268
0.72,3.3200000000000207,0.007011685957903504,-0.026606017122250983
0.72,3.3000000000000207,0.006888898656327053,-0.026639171308978526
0.72,3.2800000000000207,0.006764750088225061,-0.02667265723388677
0.72,3.2600000000000207,0.00663921759006632,-0.02670647982149666
0.72,3.2400000000000206,0.006512277994841436,-0.02674064409222676
0.72,3.2200000000000206,0.006383907618091806,-0.026775155164862466
0.72,3.2000000000000206,0.006254082243223913,-0.02681001825904851
0.72,3.1800000000000206,0.00612277710713682,-0.02684523869728573
0.72,3.1600000000000206,0.005989966884243244,-0.026880821907988822
0.72,3.1400000000000206,0.005855625670634938,-0.026916773427534083
0.72,3.1200000000000205,0.005719726967827181,-0.026953098903276435
0.72,3.1000000000000205,0.005582243665393911,-0.026989804095905484
0.72,3.0800000000000205,0.005443148023494905,-0.02702689488265915
0.72,3.0600000000000205,0.00530241165450198,-0.02706437725977076
0.72,3.0400000000000205,0.005160005504126323,-0.02710225734565879
0.72,3.0200000000000204,0.0050158998317941725,-0.027140541384062356
0.72,3.0000000000000204,0.004870064190549692,-0.02717923574667558
0.72,2.9800000000000204,0.004722467406006005,-0.02721834693697879
0.72,2.9600000000000204,0.004573077554535142,-0.027257881593175513
0.72,2.9400000000000204,0.004421861940900206,-0.027297846491620967
0.72,2.9200000000000204,0.004268787074845144,-0.02733824855041049
0.72,2.9000000000000203,0.00411381864707599,-0.02737909483278917
0.72,2.8800000000000203,0.003956921504103218,-0.02742039255129526
0.72,2.8600000000000203,0.0037980596223386393,-0.02746214907105906
0.72,2.8400000000000203,0.003637196081325943,-0.027504371913923978
0.72,2.8200000000000203,0.0034742930356874736,-0.027547068762659582
0.72,2.8000000000000203,0.003309311686191644,-0.02759024746486559
0.72,2.7800000000000202,0.003142212249729814,-0.027633916037457025
0.72,2.76000000000002,0.0029729539283256815,-0.02767808267084705
0.72,2.74000000000002,0.002801494876760393,-0.027722755733755128
0.72,2.72000000000002,0.0026277921689132813,-0.027767943777607305
0.72,2.70000000000002,0.0024518017627277308,-0.027813655541689436
0.72,2.68000000000002,0.0022734784645091063,-0.027859899957665524
0.72,2.66000000000002,0.002092775891094365,-0.027906686155138513
0.72,2.64000000000002,0.001909646430372259,-0.027954023466608566
0.72,2.62000000000002,0.0017240412012404544,-0.028001921432954463
0.72,2.60000000000002,0.0015359100114100866,-0.02805038980911702
0.72,2.58000000000002,0.0013452013129939527,-0.028099438569716126
0.72,2.56000000000002,0.0011518621572811187,-0.028149077914930307
0.72,2.54000000000002,0.0009558381470222746,-0.028199318277027402
0.72,2.52000000000002,0.0007570733871940101,-0.028250170325883894
0.72,2.50000000000002,0.0005555104336752778,-0.028301644976220716
0.72,2.48000000000002,0.0003510902390687601,-0.028353753393651926
0.72,2.46000000000002,0.0001437520978634461,-0.028406507002131293
0.72,2.44000000000002,-0.00006656641231949116,-0.028459917490494598
0.72,2.42000000000002,-0.00027992949112982924,-0.02851399682014338
0.72,2.40000000000002,-0.0004964031780003669,-0.02856875723224686
0.72,2.38000000000002,-0.0007160554187697083,-0.028624211255713558
0.72,2.36000000000002,-0.0009389561333385309,-0.02868037171510096
0.72,2.34000000000002,-0.0011651772876794474,-0.028737251738626013
0.72,2.32000000000002,-0.0013947929682984932,-0.028794864766892345
0.72,2.30000000000002,-0.0016278794597122438,-0.028853224561384786
0.72,2.28000000000002,-0.0018645153261463638,-0.028912345213586453
0.72,2.2600000000000198,-0.002104781495692888,-0.028972241154052072
0.72,2.2400000000000198,-0.002348761349700658,-0.02903292716195574
0.72,2.2200000000000197,-0.0025965408144199248,-0.02909441837483502
0.72,2.2000000000000197,-0.002848208457965861,-0.029156730298835684
0.72,2.1800000000000197,-0.003103855591683297,-0.02921987881875042
0.72,2.1600000000000197,-0.003363576375183501,-0.0292838802088512
0.72,2.1400000000000197,-0.0036274679273232734,-0.02934875114389214
0.72,2.1200000000000196,-0.003895630441521406,-0.029414508710162865
0.72,2.1000000000000196,-0.004168167306605564,-0.029481170417316224
0.72,2.0800000000000196,-0.004445185233657495,-0.029548754210091455
0.72,2.0600000000000196,-0.004726794388673565,-0.029617278480470605
0.72,2.0400000000000196,-0.0050131085308421685,-0.029686762080518146
0.72,2.0200000000000196,-0.00530424515893505,-0.02975722433497001
0.72,2.0000000000000195,-0.005600325662888132,-0.02982868505476373
0.72,1.9800000000000195,-0.005901475484590045,-0.029901164550112408
0.72,1.9600000000000195,-0.00620782428474318,-0.029974683645045533
0.72,1.9400000000000195,-0.0065195061195851296,-0.030049263691251146
0.72,1.9200000000000195,-0.006836659624685503,-0.03012492658266379
0.71,5,0.013842727585402323,-0.023897000849355254
0.71,4.98,0.013784709110281497,-0.023913867784958145
0.71,4.960000000000001,0.013726250526117138,-0.023930854771963522
0.71,4.940000000000001,0.013667346815497482,-0.023947963088453622
0.71,4.920000000000002,0.013607992884508117,-0.02396519403060962
0.71,4.900000000000002,0.013548183561208245,-0.02398254891299228
0.71,4.880000000000003,0.013487913594535227,-0.02400002906881407
0.71,4.860000000000003,0.013427177652311544,-0.02401763585046211
0.71,4.840000000000003,0.013365970320142742,-0.02403537062960648
0.71,4.820000000000004,0.013304286099295085,-0.024053234797726045
0.71,4.800000000000004,0.013242119405781658,-0.024071229766300523
0.71,4.780000000000005,0.013179464567930378,-0.024089356967362016
0.71,4.760000000000005,0.013116315825038628,-0.024107617853700476
0.71,4.7400000000000055,0.01305266732578722,-0.024126013899272575
0.71,4.720000000000006,0.012988513126147289,-0.024144546599665757
0.71,4.700000000000006,0.01292384718761727,-0.024163217472423504
0.71,4.680000000000007,0.012858663375428153,-0.02418202805746937
0.71,4.660000000000007,0.01279295545658682,-0.024200979917439483
0.71,4.640000000000008,0.012726717097864155,-0.0242200746383162
0.71,4.620000000000008,0.012659941863902175,-0.02423931382952412
0.71,4.6000000000000085,0.012592623214840937,-0.02425869912469948
0.71,4.580000000000009,0.012524754504622697,-0.02427823218191387
0.71,4.560000000000009,0.012456328978629048,-0.024297914684248675
0.71,4.54000000000001,0.012387339771222403,-0.024317748340213996
0.71,4.52000000000001,0.01231777990396815,-0.02433773488421888
0.71,4.500000000000011,0.012247642282887754,-0.024357876077122184
0.71,4.480000000000011,0.012176919696172305,-0.02437817370655222
0.71,4.4600000000000115,0.012105604811869494,-0.02439862958772543
0.71,4.440000000000012,0.012033690175340773,-0.024419245563721714
0.71,4.420000000000012,0.01196116820634502,-0.024440023506014444
0.71,4.400000000000013,0.011888031197093588,-0.024460965315211608
0.71,4.380000000000013,0.011814271308878122,-0.02448207292144308
0.71,4.360000000000014,0.011739880569440721,-0.02450334828488568
0.71,4.340000000000014,0.011664850870648181,-0.02452479339662572
0.71,4.3200000000000145,0.011589173964797809,-0.02454641027900257
0.71,4.300000000000015,0.011512841462186826,-0.02456820098619078
0.71,4.280000000000015,0.011435844827746374,-0.024590167605003446
0.71,4.260000000000016,0.011358175378106603,-0.024612312255534903
0.71,4.240000000000016,0.011279824278342052,-0.02463463709164672
0.71,4.220000000000017,0.011200782538349354,-0.024657144301710357
0.71,4.200000000000017,0.011121041009842923,-0.02467983610939374
0.71,4.1800000000000175,0.011040590382534257,-0.024702714774199955
0.71,4.160000000000018,0.010959421181004092,-0.02472578259232156
0.71,4.140000000000018,0.010877523760547188,-0.024749041897300025
0.71,4.120000000000019,0.010794888303409066,-0.02477249506085856
0.71,4.100000000000019,0.010711504815440923,-0.024796144493460008
0.71,4.08000000000002,0.010627363121435043,-0.02481999264548501
0.71,4.06000000000002,0.010542452861564133,-0.024844042007658676
0.71,4.0400000000000205,0.010456763486879964,-0.024868295112037933
0.71,4.020000000000021,0.010370284255023988,-0.024892754532940084
0.71,4.000000000000021,0.010283004225947521,-0.024917422887563392
0.71,3.9800000000000213,0.010194912256996258,-0.024942302837302123
0.71,3.9600000000000213,0.01010599699902981,-0.024967397088167594
0.71,3.9400000000000213,0.010016246890497838,-0.02499270839212461
0.71,3.9200000000000212,0.00992565015329635,-0.025018239547709438
0.71,3.9000000000000212,0.009834194787424116,-0.02504399340131353
0.71,3.880000000000021,0.009741868565820133,-0.025069972848048315
0.71,3.860000000000021,0.009648659028799756,-0.025096180832762445
0.71,3.840000000000021,0.009554553478622746,-0.02512262035111132
0.71,3.820000000000021,0.009459538974097027,-0.025149294450700424
0.71,3.800000000000021,0.009363602324077298,-0.02517620623211743
0.71,3.780000000000021,0.009266730082051344,-0.025203358850114547
0.71,3.760000000000021,0.009168908539693642,-0.025230755514888334
0.71,3.740000000000021,0.009070123720637643,-0.02525839949286736
0.71,3.720000000000021,0.008970361373333537,-0.02528629410856585
0.71,3.700000000000021,0.008869606965146217,-0.025314442745341545
0.71,3.680000000000021,0.008767845674927199,-0.02534284884682557
0.71,3.660000000000021,0.0086650623857768,-0.025371515918436102
0.71,3.640000000000021,0.008561241677826684,-0.025400447528480558
0.71,3.620000000000021,0.008456367820699744,-0.025429647309618456
0.71,3.600000000000021,0.008350424765552412,-0.025459118960440355
0.71,3.580000000000021,0.008243396136994447,-0.02548886624681547
0.71,3.560000000000021,0.008135265224893214,-0.025518893003347892
0.71,3.540000000000021,0.008026014975749542,-0.02554920313506731
0.71,3.520000000000021,0.00791562798390809,-0.025579800618909007
0.71,3.500000000000021,0.007804086482383664,-0.025610689505402885
0.71,3.480000000000021,0.007691372333571818,-0.025641873920300776
0.71,3.460000000000021,0.0075774670193360805,-0.025673358066429328
0.71,3.440000000000021,0.007462351631566779,-0.0257051462252489
0.71,3.420000000000021,0.00734600686125274,-0.025737242758737067
0.71,3.400000000000021,0.007228412988274519,-0.02576965211144086
0.71,3.3800000000000208,0.0071095498703900315,-0.02580237881218775
0.71,3.3600000000000207,0.006989396931597741,-0.025835427476049597
0.71,3.3400000000000207,0.006867933151171952,-0.0258688028064403
0.71,3.3200000000000207,0.0067451370507921144,-0.02590250959722802
0.71,3.3000000000000207,0.006620986682817974,-0.025936552734698748
0.71,3.2800000000000207,0.006495459616844604,-0.025970937199980337
0.71,3.2600000000000207,0.006368532927108114,-0.026005668071065108
0.71,3.2400000000000206,0.006240183177948519,-0.026040750525334493
0.71,3.2200000000000206,0.006110386410505937,-0.02607618984178836
0.71,3.2000000000000206,0.005979118127449729,-0.026111991403547072
0.71,3.1800000000000206,0.005846353278266332,-0.026148160700302514
0.71,3.1600000000000206,0.005712066243421788,-0.026184703331047415
0.71,3.1400000000000206,0.00557623081830599,-0.02622162500661296
0.71,3.1200000000000205,0.005438820196438154,-0.02625893155243246
0.71,3.1000000000000205,0.005299806952281789,-0.026296628911348582
0.71,3.0800000000000205,0.00515916302314604,-0.02633472314657291
0.71,3.0600000000000205,0.00501685969137761,-0.02637322044445721
0.71,3.0400000000000205,0.00487286756415585,-0.026412127117848225
0.71,3.0200000000000204,0.00472715655458965,-0.02645144960900407
0.71,3.0000000000000204,0.004579695860742059,-0.026491194492953105
0.71,2.9800000000000204,0.0044304539446502755,-0.0265313684807168
0.71,2.9600000000000204,0.004279398510192534,-0.026571978422906706
0.71,2.9400000000000204,0.004126496480440022,-0.02661303131304691
0.71,2.9200000000000204,0.003971713973955381,-0.02665453429143734
0.71,2.9000000000000203,0.0038150162802054717,-0.02669649464859812
0.71,2.8800000000000203,0.003656367834717086,-0.026738919829414884
0.71,2.8600000000000203,0.0034957321923725373,-0.026781817436949365
0.71,2.8400000000000203,0.003333072000152629,-0.026825195236500995
0.71,2.8200000000000203,0.0031683489694468592,-0.026869061159882315
0.71,2.8000000000000203,0.0030015238460724533,-0.02691342330968155
0.71,2.7800000000000202,0.00283255638039612,-0.026958289963724465
0.71,2.76000000000002,0.0026614052953522933,-0.027003669579675295
0.71,2.74000000000002,0.002488028254265023,-0.027049570799729583
0.71,2.72000000000002,0.002312381826291469,-0.02709600245553133
0.71,2.70000000000002,0.0021344214516793667,-0.02714297357312697
0.71,2.68000000000002,0.0019541014047098635,-0.027190493378111275
0.71,2.66000000000002,0.001771374755828003,-0.02723857130100539
0.71,2.64000000000002,0.0015861933320387765,-0.027287216982688642
0.71,2.62000000000002,0.0013985076756453916,-0.027336440279931876
0.71,2.60000000000002,0.001208267001969578,-0.027386251271572563
0.71,2.58000000000002,0.0010154191544621315,-0.02743666026390302
0.71,2.56000000000002,0.0008199105585093296,-0.027487677797368895
0.71,2.54000000000002,0.0006216861737431085,-0.02753931465271757
0.71,2.52000000000002,0.0004206894434203583,-0.0275915818573782
0.71,2.50000000000002,0.00021686224293155764,-0.027644490692531717
0.71,2.48000000000002,0.000010144825122999999,-0.027698052699853565
0.71,2.46000000000002,-0.00019952423569761547,-0.02775227968867243
0.71,2.44000000000002,-0.0004122081030175265,-0.027807183743363495
0.71,2.42000000000002,-0.0006279717391646619,-0.02786277723101653
0.71,2.40000000000002,-0.0008468819689753697,-0.027919072809093476
0.71,2.38000000000002,-0.0010690075467675634,-0.02797608343367508
0.71,2.36000000000002,-0.0012944192252859238,-0.0280338223677173
0.71,2.34000000000002,-0.0015231898284283991,-0.0280923031895456
0.71,2.32000000000002,-0.0017553943264503567,-0.0281515398016932
0.71,2.30000000000002,-0.001991109914824689,-0.028211546439965665
0.71,2.28000000000002,-0.002230416096586876,-0.028272337682911125
0.71,2.2600000000000198,-0.002473394768304725,-0.028333928461275443
0.71,2.2400000000000198,-0.0027201303091000705,-0.028396334068044385
0.71,2.2200000000000197,-0.0029707096752516313,-0.02845957016864692
0.71,2.2000000000000197,-0.0032252224973017486,-0.02852365281132767
0.71,2.1800000000000197,-0.0034837611827104025,-0.028588598438159946
0.71,2.1600000000000197,-0.003746421022711994,-0.028654423896017273
0.71,2.1400000000000197,-0.004013300304574281,-0.02872114644813384
0.71,2.1200000000000196,-0.0042845004280378345,-0.02878878378583906
0.71,2.1000000000000196,-0.004560126028208897,-0.028857354040732086
0.71,2.0800000000000196,-0.004840285103782501,-0.028926875797000526
0.71,2.0600000000000196,-0.005125089151177273,-0.028997368104431737
0.71,2.0400000000000196,-0.005414653305322207,-0.02906885049128098
0.71,2.0200000000000196,-0.005709096486977098,-0.029141342978221504
0.71,2.0000000000000195,-0.006008541557331566,-0.029214866091727326
0.71,1.9800000000000195,-0.006313115479615779,-0.02928944087864529
0.71,1.9600000000000195,-0.0066229494893703285,-0.029365088920594064
0.71,1.9400000000000195,-0.006938179272664529,-0.02944183234908633
0.71,1.9200000000000195,-0.007258945152731431,-0.02951969386083044
0.7,5,0.013647423340373319,-0.023125257692705438
0.7,4.98,0.013588760904154135,-0.023142548892090928
0.7,4.960000000000001,0.013529653403224796,-0.023159963328028804
0.7,4.940000000000001,0.013470095762724087,-0.023177502314372794
0.7,4.920000000000002,0.013410082830459875,-0.023195167183580917
0.7,4.900000000000002,0.013349609375554943,-0.023212959287070803
0.7,4.880000000000003,0.01328867008665499,-0.023230879995506472
0.7,4.860000000000003,0.013227259570948776,-0.023248930699133766
0.7,4.840000000000003,0.013165372351768708,-0.023267112808280324
0.7,4.820000000000004,0.013103002867791346,-0.023285427753489088
0.7,4.800000000000004,0.01304014547088636,-0.023303876985954167
0.7,4.780000000000005,0.012976794424505602,-0.023322461978075693
0.7,4.760000000000005,0.01291294390203282,-0.023341184223572682
0.7,4.7400000000000055,0.01284858798521812,-0.023360045237963492
0.7,4.720000000000006,0.012783720661754195,-0.023379046559132796
0.7,4.700000000000006,0.012718335824072766,-0.02339818974745672
0.7,4.680000000000007,0.012652427267087473,-0.023417476386389746
0.7,4.660000000000007,0.01258598868640394,-0.023436908082887425
0.7,4.640000000000008,0.012519013676105464,-0.02345648646775156
0.7,4.620000000000008,0.012451495726976066,-0.023476213196115092
0.7,4.6000000000000085,0.012383428224268198,-0.023496089948008184
0.7,4.580000000000009,0.012314804445644098,-0.02351611842853152
0.7,4.560000000000009,0.012245617558732002,-0.02353630036864193
0.7,4.54000000000001,0.012175860619486775,-0.023556637525467147
0.7,4.52000000000001,0.012105526568925967,-0.023577131682837954
0.7,4.500000000000011,0.012034608231747373,-0.02359778465168077
0.7,4.480000000000011,0.01196309831342349,-0.023618598270871205
0.7,4.4600000000000115,0.01189098939761629,-0.02363957440719787
0.7,4.440000000000012,0.011818273943889263,-0.023660714956642
0.7,4.420000000000012,0.011744944285035782,-0.023682021844107115
0.7,4.400000000000013,0.011670992624381524,-0.023703497024654265
0.7,4.380000000000013,0.011596411033210779,-0.023725142483721727
0.7,4.360000000000014,0.011521191447563346,-0.02374696023778465
0.7,4.340000000000014,0.011445325665743819,-0.023768952335109506
0.7,4.3200000000000145,0.011368805345234965,-0.023791120856098205
0.7,4.300000000000015,0.011291621999655548,-0.02381346791410824
0.7,4.280000000000015,0.011213766995668862,-0.023835995656092027
0.7,4.260000000000016,0.011135231549784807,-0.023858706263257423
0.7,4.240000000000016,0.011056006725132343,-0.023881601951494844
0.7,4.220000000000017,0.010976083428027333,-0.023904684972634482
0.7,4.200000000000017,0.01089545240458576,-0.02392795761444537
0.7,4.1800000000000175,0.0108141042373254,-0.023951422201987857
0.7,4.160000000000018,0.01073202934118057,-0.023975081097937667
0.7,4.140000000000018,0.010649217960074262,-0.023998936703560417
0.7,4.120000000000019,0.010565660163220459,-0.02402299145943193
0.7,4.100000000000019,0.010481345840582187,-0.024047247846164133
0.7,4.08000000000002,0.010396264699707329,-0.024071708385359283
0.7,4.06000000000002,0.010310406260752216,-0.024096375640355286
0.7,4.0400000000000205,0.010223759852823725,-0.02412125221711303
0.7,4.020000000000021,0.010136314609375401,-0.0241463407650113
0.7,4.000000000000021,0.010048059463742112,-0.024171643977904014
0.7,3.9800000000000213,0.009958983144450527,-0.024197164594945232
0.7,3.9600000000000213,0.009869074170530588,-0.024222905401486153
0.7,3.9400000000000213,0.009778320846888528,-0.024248869230132114
0.7,3.9200000000000212,0.009686711258815775,-0.02427505896170689
0.7,3.9000000000000212,0.009594233267236747,-0.0243014775262735
0.7,3.880000000000021,0.009500874503213085,-0.02432812790401613
0.7,3.860000000000021,0.009406622362706847,-0.024355013126754685
0.7,3.840000000000021,0.009311464000532198,-0.02438213627841311
0.7,3.820000000000021,0.009215386325159527,-0.02440950049664989
0.7,3.800000000000021,0.009118375992599499,-0.02443710897377356
0.7,3.780000000000021,0.009020419400005867,-0.024464964957941635
0.7,3.760000000000021,0.00892150267967854,-0.024493071754420892
0.7,3.740000000000021,0.00882161169270207,-0.02452143272679802
0.7,3.720000000000021,0.00872073202203463,-0.024550051298259726
0.7,3.700000000000021,0.008618848965979748,-0.02457893095289391
0.7,3.680000000000021,0.008515947530595556,-0.024608075236974516
0.7,3.660000000000021,0.008412012423290077,-0.024637487760453478
0.7,3.640000000000021,0.008307028044533926,-0.024667172198226693
0.7,3.620000000000021,0.008200978480605508,-0.02469713229170145
0.7,3.600000000000021,0.008093847495598473,-0.024727371850235796
0.7,3.580000000000021,0.007985618523182556,-0.02475789475259875
0.7,3.560000000000021,0.007876274658352379,-0.02478870494869935
0.7,3.540000000000021,0.007765798648657469,-0.02481980646086131
0.7,3.520000000000021,0.007654172885113171,-0.024851203385906698
0.7,3.500000000000021,0.0075413793931670475,-0.024882899896507715
0.7,3.480000000000021,0.007427399823370733,-0.0249149002430206
0.7,3.460000000000021,0.0073122154412662375,-0.024947208755372253
0.7,3.440000000000021,0.007195807117304007,-0.02497982984469478
0.7,3.420000000000021,0.007078155316732241,-0.025012768005378945
0.7,3.400000000000021,0.006959240088536536,-0.025046027816932395
0.7,3.3800000000000208,0.006839041054655196,-0.025079613945888035
0.7,3.3600000000000207,0.006717537398094532,-0.02511353114807156
0.7,3.3400000000000207,0.006594707851609132,-0.025147784270292545
0.7,3.3200000000000207,0.0064705306851524915,-0.025182378253015766
0.7,3.3000000000000207,0.006344983693420294,-0.025217318132044836
0.7,3.2800000000000207,0.006218044182850812,-0.025252609041254308
0.7,3.2600000000000207,0.006089688958412459,-0.025288256214618637
0.7,3.2400000000000206,0.005959894309245093,-0.025324264988622086
0.7,3.2200000000000206,0.005828635994690543,-0.02536064080485395
0.7,3.2000000000000206,0.0056958892293689145,-0.025397389212593297
0.7,3.1800000000000206,0.00556162866814707,-0.025434515871284966
0.7,3.1600000000000206,0.005425828389763779,-0.025472026553093816
0.7,3.1400000000000206,0.005288461880974992,-0.02550992714592936
0.7,3.1200000000000205,0.005149502019428162,-0.025548223656312277
0.7,3.1000000000000205,0.0050089210562256955,-0.025586922211860957
0.7,3.0800000000000205,0.00486669059780231,-0.025626029064764397
0.7,3.0600000000000205,0.00472278158726148,-0.025665550594634073
0.7,3.0400000000000205,0.004577164284950436,-0.025705493311670297
0.7,3.0200000000000204,0.0044298082483355435,-0.02574586386006454
0.7,3.0000000000000204,0.004280682311329368,-0.025786669021167247
0.7,2.9800000000000204,0.004129754563007088,-0.025827915717122646
0.7,2.9600000000000204,0.003976992325020232,-0.025869611014359098
0.7,2.9400000000000204,0.003822362128536968,-0.025911762127145993
0.7,2.9200000000000204,0.0036658296907963453,-0.025954376421592366
0.7,2.9000000000000203,0.00350735988981075,-0.025997461419269473
0.7,2.8800000000000203,0.0033469167390904196,-0.02604102480144367
0.7,2.8600000000000203,0.0031844633609295937,-0.026085074412987352
0.7,2.8400000000000203,0.00301996195871465,-0.026129618266804502
0.7,2.8200000000000203,0.0028533737886934822,-0.02617466454794264
0.7,2.8000000000000203,0.0026846591298546997,-0.026220221618333248
0.7,2.7800000000000202,0.002513777253584368,-0.026266298021247095
0.7,2.76000000000002,0.0023406863915349328,-0.026312902486180928
0.7,2.74000000000002,0.0021653437023387893,-0.026360043933688654
0.7,2.72000000000002,0.0019877052374003418,-0.02640773148038008
0.7,2.70000000000002,0.0018077259053198085,-0.026455974444252336
0.7,2.68000000000002,0.001625359434460442,-0.026504782350006847
0.7,2.66000000000002,0.001440558334579308,-0.026554164934479166
0.7,2.64000000000002,0.0012532738567016025,-0.026604132152346145
0.7,2.62000000000002,0.0010634559516060579,-0.0266546941822223
0.7,2.60000000000002,0.0008710532264570041,-0.026705861432479938
0.7,2.58000000000002,0.0006760128998572944,-0.02675764454740004
0.7,2.56000000000002,0.0004782807547675052,-0.026810054413780718
0.7,2.54000000000002,0.00027780109036677336,-0.026863102167514558
0.7,2.52000000000002,0.00007451667104631596,-0.026916799200190952
0.7,2.50000000000002,-0.0001316313264664408,-0.026971157166499782
0.7,2.48000000000002,-0.0003407033678775656,-0.027026187991002204
0.7,2.46000000000002,-0.0005527616180388798,-0.027081903875994975
0.7,2.44000000000002,-0.0007678700014622187,-0.02713831730898141
0.7,2.42000000000002,-0.0009860942633710158,-0.027195441070533774
0.7,2.40000000000002,-0.0012075020349431127,-0.02725328824264394
0.7,2.38000000000002,-0.001432162900725239,-0.027311872216911406
0.7,2.36000000000002,-0.0016601484684556143,-0.02737120670345128
0.7,2.34000000000002,-0.0018915324428118788,-0.02743130573949
0.7,2.32000000000002,-0.0021263907016850123,-0.027492183698982042
0.7,2.30000000000002,-0.0023648013757932157,-0.02755385530166385
0.7,2.28000000000002,-0.002606844932513632,-0.027616335623008234
0.7,2.2600000000000198,-0.0028526042621609374,-0.02767964010431656
0.7,2.2400000000000198,-0.0031021647694051105,-0.0277437845631264
0.7,2.2200000000000197,-0.0033556144676753575,-0.027808785203514083
0.7,2.2000000000000197,-0.0036130440785669756,-0.027874658627538948
0.7,2.1800000000000197,-0.003874547135496759,-0.027941421846256732
0.7,2.1600000000000197,-0.00414022009203555,-0.028009092291456872
0.7,2.1400000000000197,-0.004410162434998284,-0.02807768782762629
0.7,2.1200000000000196,-0.004684476803416693,-0.02814722676426941
0.7,2.1000000000000196,-0.004963269112397896,-0.028217727868600245
0.7,2.0800000000000196,-0.005246648683201582,-0.028289210378527704
0.7,2.0600000000000196,-0.005534728378911232,-0.028361694016082697
0.7,2.0400000000000196,-0.005827624747386909,-0.028435199001393754
0.7,2.0200000000000196,-0.006125458170498928,-0.02850974606639388
0.7,2.0000000000000195,-0.006428353020197651,-0.02858535646998043
0.7,1.9800000000000195,-0.006736437823283352,-0.028662052012333197
0.7,1.9600000000000195,-0.0070498454328108634,-0.028739855050666778
0.7,1.9400000000000195,-0.007368713209509149,-0.028818788514658994
0.7,1.9200000000000195,-0.0076931832104254975,-0.028898875922822947
0.69,5,0.013445706235067273,-0.022336738876014284
0.69,4.98,0.013386384040332567,-0.02235445706102293
0.69,4.960000000000001,0.013326611701436713,-0.022372301693806787
0.69,4.940000000000001,0.013266384084741466,-0.02239027412424946
0.69,4.920000000000002,0.013205695978435725,-0.02240837572161565
0.69,4.900000000000002,0.013144542090900426,-0.022426607874361057
0.69,4.880000000000003,0.013082917049330112,-0.02244497199109574
0.69,4.860000000000003,0.013020815398280126,-0.02246346950037989
0.69,4.840000000000003,0.012958231597711083,-0.02248210185136615
0.69,4.820000000000004,0.012895160021644866,-0.02250087051430942
0.69,4.800000000000004,0.01283159495642534,-0.022519776980416822
0.69,4.780000000000005,0.0127675305990514,-0.022538822762847188
0.69,4.760000000000005,0.012702961055290788,-0.022558009396692745
0.69,4.7400000000000055,0.012637880338026358,-0.022577338439545055
0.69,4.720000000000006,0.012572282365204385,-0.0225968114719307
0.69,4.700000000000006,0.012506160958337967,-0.022616430097532225
0.69,4.680000000000007,0.012439509840248636,-0.02263619594381209
0.69,4.660000000000007,0.012372322633139485,-0.022656110662455903
0.69,4.640000000000008,0.012304592856815762,-0.02267617592968401
0.69,4.620000000000008,0.012236313926316673,-0.02269639344666692
0.69,4.6000000000000085,0.012167479149824932,-0.02271676494037171
0.69,4.580000000000009,0.012098081726935973,-0.022737292163460376
0.69,4.560000000000009,0.012028114745754737,-0.02275797689528103
0.69,4.54000000000001,0.01195757118131798,-0.02277882094203916
0.69,4.52000000000001,0.011886443892592144,-0.022799826137614707
0.69,4.500000000000011,0.011814725620745519,-0.022820994343538917
0.69,4.480000000000011,0.011742408985855985,-0.022842327450342842
0.69,4.4600000000000115,0.011669486485661709,-0.022863827377194494
0.69,4.440000000000012,0.011595950491571813,-0.022885496073255615
0.69,4.420000000000012,0.011521793247234253,-0.02290733551771451
0.69,4.400000000000013,0.011447006864828049,-0.02292934772048151
0.69,4.380000000000013,0.011371583323083134,-0.0229515347231187
0.69,4.360000000000014,0.011295514464083122,-0.022973898598865325
0.69,4.340000000000014,0.011218791990493566,-0.022996441453810277
0.69,4.3200000000000145,0.011141407462174544,-0.023019165427136487
0.69,4.300000000000015,0.011063352293724587,-0.023042072692035835
0.69,4.280000000000015,0.010984617750979125,-0.023065165456203015
0.69,4.260000000000016,0.010905194947722553,-0.023088445962611046
0.69,4.240000000000016,0.010825074842721247,-0.02311191649022544
0.69,4.220000000000017,0.010744248235962324,-0.02313557935456515
0.69,4.200000000000017,0.010662705765251853,-0.023159436908651507
0.69,4.1800000000000175,0.010580437902902683,-0.02318349154352782
0.69,4.160000000000018,0.010497434951720399,-0.02320774568935964
0.69,4.140000000000018,0.010413687041464708,-0.02323220181577379
0.69,4.120000000000019,0.01032918412485638,-0.023256862433035264
0.69,4.100000000000019,0.010243915973664603,-0.023281730092734515
0.69,4.08000000000002,0.010157872174573972,-0.023306807388526585
0.69,4.06000000000002,0.010071042125104263,-0.023332096957194605
0.69,4.0400000000000205,0.009983415029192526,-0.023357601479456022
0.69,4.020000000000021,0.009894979892708877,-0.023383323680747192
0.69,4.000000000000021,0.009805725519309857,-0.023409266332314396
0.69,3.9800000000000213,0.009715640505026716,-0.023435432252071883
0.69,3.9600000000000213,0.00962471323419486,-0.023461824305686076
0.69,3.9400000000000213,0.009532931874280703,-0.02348844540741205
0.69,3.9200000000000212,0.00944028437067314,-0.023515298521270087
0.69,3.9000000000000212,0.009346758441496272,-0.023542386661938225
0.69,3.880000000000021,0.009252341572559166,-0.023569712896009953
0.69,3.860000000000021,0.009157021011270822,-0.02359728034299187
0.69,3.840000000000021,0.00906078376158891,-0.023625092176355708
0.69,3.820000000000021,0.0089636165778589,-0.023653151624795157
0.69,3.800000000000021,0.008865505958710919,-0.023681461973513507
0.69,3.780000000000021,0.008766438141178255,-0.023710026565339742
0.69,3.760000000000021,0.008666399094282488,-0.023738848801727705
0.69,3.740000000000021,0.008565374512266587,-0.023767932144594023
0.69,3.720000000000021,0.008463349808187425,-0.02379728011707817
0.69,3.700000000000021,0.008360310106742425,-0.023826896305188246
0.69,3.680000000000021,0.008256240237337828,-0.02385678435928676
0.69,3.660000000000021,0.008151124726375698,-0.02388694799504639
0.69,3.640000000000021,0.008044947790385816,-0.023917390995520198
0.69,3.620000000000021,0.0079376933274997,-0.02394811721204583
0.69,3.600000000000021,0.00782934490994027,-0.023979130566295373
0.69,3.580000000000021,0.0077198857755215395,-0.02401043505136234
0.69,3.560000000000021,0.007609298819151449,-0.02404203473384237
0.69,3.540000000000021,0.00749756658402576,-0.02407393375515751
0.69,3.520000000000021,0.007384671252894082,-0.0241061363334113
0.69,3.500000000000021,0.007270594638235036,-0.024138646765052674
0.69,3.480000000000021,0.007155318173046401,-0.024171469426714123
0.69,3.460000000000021,0.00703882290072968,-0.02420460877714041
0.69,3.440000000000021,0.006921089465009342,-0.024238069358910583
0.69,3.420000000000021,0.0068020980991999585,-0.024271855800493673
0.69,3.400000000000021,0.006681828615509227,-0.024305972818215157
0.69,3.3800000000000208,0.006560260393709654,-0.024340425218322526
0.69,3.3600000000000207,0.006437372369581012,-0.024375217899110443
0.69,3.3400000000000207,0.006313143022916225,-0.024410355852984573
0.69,3.3200000000000207,0.006187550365243839,-0.024445844168794556
0.69,3.3000000000000207,0.0060605719271005975,-0.024481688034146354
0.69,3.2800000000000207,0.005932184744797497,-0.02451789273767486
0.69,3.2600000000000207,0.005802365346814258,-0.024554463671403265
0.69,3.2400000000000206,0.005671089739817503,-0.024591406333370702
0.69,3.2200000000000206,0.005538333394290669,-0.024628726330124223
0.69,3.2000000000000206,0.005404071229014465,-0.024666429379319135
0.69,3.1800000000000206,0.0052682775963261656,-0.024704521312401556
0.69,3.1600000000000206,0.005130926265598384,-0.024743008077576588
0.69,3.1400000000000206,0.004991990406771694,-0.024781895742293173
0.69,3.1200000000000205,0.004851442573280814,-0.02482119049654749
0.69,3.1000000000000205,0.00470925468430799,-0.024860898655721664
0.69,3.0800000000000205,0.004565398006622645,-0.024901026663654013
0.69,3.0600000000000205,0.004419843135294605,-0.024941581096024068
0.69,3.0400000000000205,0.004272559974478776,-0.024982568663480975
0.69,3.0200000000000204,0.004123517716823937,-0.025023996214969008
0.69,3.0000000000000204,0.003972684822351755,-0.025065870741442453
0.69,2.9800000000000204,0.003820028997311083,-0.025108199379229895
0.69,2.9600000000000204,0.0036655171708421166,-0.025150989413975713
0.69,2.9400000000000204,0.003509115472277902,-0.02519424828404438
0.69,2.9200000000000204,0.003350789206600533,-0.025237983584818838
0.69,2.9000000000000203,0.00319050282934699,-0.025282203072547957
0.69,2.8800000000000203,0.003028219921048423,-0.025326914668433925
0.69,2.8600000000000203,0.0028639031596932162,-0.025372126463130945
0.69,2.8400000000000203,0.002697514293557372,-0.02541784672087273
0.69,2.8200000000000203,0.0025290141113847473,-0.025464083884149474
0.69,2.8000000000000203,0.0023583624131377403,-0.02551084657821029
0.69,2.7800000000000202,0.0021855179782997026,-0.025558143616235443
0.69,2.76000000000002,0.0020104385339881478,-0.025605984003848614
0.69,2.74000000000002,0.001833080720933292,-0.025654376944471605
0.69,2.72000000000002,0.0016534000590483367,-0.025703331844380936
0.69,2.70000000000002,0.0014713509108107469,-0.025752858318309466
0.69,2.68000000000002,0.0012868864442734705,-0.025802966195032626
0.69,2.66000000000002,0.0010999585934254863,-0.025853665522811462
0.69,2.64000000000002,0.0009105180179230204,-0.025904966575669333
0.69,2.62000000000002,0.0007185140609277598,-0.025956879859169266
0.69,2.60000000000002,0.0005238947054447133,-0.026009416117046102
0.69,2.58000000000002,0.00032660652815511807,-0.026062586337251226
0.69,2.56000000000002,0.0001265946528400607,-0.02611640175903819
0.69,2.54000000000002,-0.00007619729995197457,-0.02617087387950301
0.69,2.52000000000002,-0.00028182726317462284,-0.026226014460939764
0.69,2.50000000000002,-0.000490354777203634,-0.026281835537959722
0.69,2.48000000000002,-0.0007018410456319783,-0.026338349425080607
0.69,2.46000000000002,-0.0009163489927810674,-0.02639556872442579
0.69,2.44000000000002,-0.0011339433243474216,-0.026453506333926777
0.69,2.42000000000002,-0.0013546905899554113,-0.026512175455268308
0.69,2.40000000000002,-0.0015786592489087298,-0.026571589602640347
0.69,2.38000000000002,-0.001805919738172577,-0.02663176261126997
0.69,2.36000000000002,-0.002036544543941562,-0.026692708646734023
0.69,2.34000000000002,-0.002270608275543486,-0.026754442213881346
0.69,2.32000000000002,-0.002508187743088844,-0.026816978166847777
0.69,2.30000000000002,-0.002749362038167423,-0.026880331718492807
0.69,2.28000000000002,-0.002994212618548,-0.026944518450894857
0.69,2.2600000000000198,-0.0032428233955479925,-0.027009554325859247
0.69,2.2400000000000198,-0.003495280827217763,-0.027075455695411338
0.69,2.2200000000000197,-0.0037516740130681707,-0.02714223931321745
0.69,2.2000000000000197,-0.00401209479580155,-0.02720992234597306
0.69,2.1800000000000197,-0.004276637865395728,-0.02727852238518895
0.69,2.1600000000000197,-0.0045454008694037614,-0.027348057459312014
0.69,2.1400000000000197,-0.004818484527512375,-0.027418546046319492
0.69,2.1200000000000196,-0.00509599275204098,-0.027490007086563212
0.69,2.1000000000000196,-0.005378032773076092,-0.027562459996079855
0.69,2.0800000000000196,-0.00566471527091482,-0.02763592468014021
0.69,2.0600000000000196,-0.005956154513115024,-0.027710421547385983
0.69,2.0400000000000196,-0.006252468499418617,-0.027785971524196817
0.69,2.0200000000000196,-0.006553779113055321,-0.027862596069440096
0.69,2.0000000000000195,-0.006860212278953311,-0.027940317189925082
0.69,1.9800000000000195,-0.007171898130189918,-0.028019157455958968
0.69,1.9600000000000195,-0.007488971182773363,-0.028099140017218898
0.69,1.9400000000000195,-0.007811570518186386,-0.028180288619566063
0.69,1.9200000000000195,-0.008139839975780386,-0.028262627621752995
0.6799999999999999,5,0.013237317800640191,-0.02153173864841903
0.6799999999999999,4.98,0.013177319458356178,-0.021549886351293047
0.6799999999999999,4.960000000000001,0.013116865764026039,-0.0215681637372932
0.6799999999999999,4.940000000000001,0.013055951523839942,-0.021586572192820078
0.6799999999999999,4.920000000000002,0.012994571464664588,-0.02160511312409056
0.6799999999999999,4.900000000000002,0.012932720232710457,-0.021623787957211232
0.6799999999999999,4.880000000000003,0.012870392392141562,-0.021642598138828066
0.6799999999999999,4.860000000000003,0.0128075824231354,-0.02166154513626957
0.6799999999999999,4.840000000000003,0.012744284720715923,-0.02168063043806477
0.6799999999999999,4.820000000000004,0.012680493592666285,-0.021699855554192224
0.6799999999999999,4.800000000000004,0.012616203258179534,-0.021719222016516312
0.6799999999999999,4.780000000000005,0.012551407845871478,-0.021738731379283317
0.6799999999999999,4.760000000000005,0.012486101392202137,-0.021758385219392398
0.6799999999999999,4.7400000000000055,0.012420277839365945,-0.021778185136841294
0.6799999999999999,4.720000000000006,0.012353931034035974,-0.021798132755157476
0.6799999999999999,4.700000000000006,0.012287054724677737,-0.021818229721889335
0.6799999999999999,4.680000000000007,0.012219642560227093,-0.021838477708905256
0.6799999999999999,4.660000000000007,0.012151688087734357,-0.021858878412941984
0.6799999999999999,4.640000000000008,0.012083184750656797,-0.021879433556158942
0.6799999999999999,4.620000000000008,0.012014125886234921,-0.02190014488629838
0.6799999999999999,4.6000000000000085,0.011944504723931978,-0.02192101417757432
0.6799999999999999,4.580000000000009,0.0118743143830046,-0.02194204323078839
0.6799999999999999,4.560000000000009,0.011803547870059359,-0.02196323387401558
0.6799999999999999,4.54000000000001,0.011732198077041223,-0.021984587963286104
0.6799999999999999,4.52000000000001,0.011660257778842557,-0.022006107382648826
0.6799999999999999,4.500000000000011,0.011587719630589282,-0.022027794045148597
0.6799999999999999,4.480000000000011,0.011514576165627649,-0.02204964989315096
0.6799999999999999,4.4600000000000115,0.011440819792619704,-0.022071676899011003
0.6799999999999999,4.440000000000012,0.011366442793056496,-0.02209387706538754
0.6799999999999999,4.420000000000012,0.0112914373186946,-0.022116252426367194
0.6799999999999999,4.400000000000013,0.011215795388577464,-0.02213880504743697
0.6799999999999999,4.380000000000013,0.011139508886522063,-0.022161537026539363
0.6799999999999999,4.360000000000014,0.011062569557992133,-0.02218445049449093
0.6799999999999999,4.340000000000014,0.010984969007405638,-0.0222075476157267
0.6799999999999999,4.3200000000000145,0.010906698694837388,-0.022230830588848463
0.6799999999999999,4.300000000000015,0.010827749933164297,-0.022254301647447405
0.6799999999999999,4.280000000000015,0.010748113884702998,-0.022277963060628517
0.6799999999999999,4.260000000000016,0.010667781557941703,-0.02230181713379402
0.6799999999999999,4.240000000000016,0.010586743804441783,-0.022325866209492513
0.6799999999999999,4.220000000000017,0.010504991314971636,-0.022350112667852466
0.6799999999999999,4.200000000000017,0.010422514616546974,-0.022374558927536807
0.6799999999999999,4.1800000000000175,0.010339304068250522,-0.022399207446635788
0.6799999999999999,4.160000000000018,0.010255349857807738,-0.022424060723172518
0.6799999999999999,4.140000000000018,0.010170641997858621,-0.022449121296080815
0.6799999999999999,4.120000000000019,0.010085170321670247,-0.0224743917459833
0.6799999999999999,4.100000000000019,0.009998924479603866,-0.022499874696138747
0.6799999999999999,4.08000000000002,0.009911893934612422,-0.022525572813193222
0.6799999999999999,4.06000000000002,0.009824067957979254,-0.022551488808135914
0.6799999999999999,4.0400000000000205,0.009735435625332169,-0.022577625437064965
0.6799999999999999,4.020000000000021,0.009645985811811931,-0.022603985502485824
0.6799999999999999,4.000000000000021,0.009555707187669042,-0.022630571853875375
0.6799999999999999,3.9800000000000213,0.009464588213410079,-0.02265738738878212
0.6799999999999999,3.9600000000000213,0.00937261713486415,-0.022684435054010396
0.6799999999999999,3.9400000000000213,0.009279781978622934,-0.022711717846402968
0.6799999999999999,3.9200000000000212,0.009186070546266084,-0.022739238814044563
0.6799999999999999,3.9000000000000212,0.009091470409697157,-0.022767001057349953
0.6799999999999999,3.880000000000021,0.008995968905299067,-0.022795007730004313
0.6799999999999999,3.860000000000021,0.008899553128425807,-0.02282326204037856
0.6799999999999999,3.840000000000021,0.008802209927976107,-0.022851767252489302
0.6799999999999999,3.820000000000021,0.008703925900016736,-0.022880526687262037
0.6799999999999999,3.800000000000021,0.008604687382042592,-0.0229095437235753
0.6799999999999999,3.780000000000021,0.008504480446669745,-0.02293882180003906
0.6799999999999999,3.760000000000021,0.008403290895145629,-0.022968364415597874
0.6799999999999999,3.740000000000021,0.008301104250599083,-0.022998175131451554
0.6799999999999999,3.720000000000021,0.008197905751703528,-0.02302825757198669
0.6799999999999999,3.700000000000021,0.008093680345074086,-0.023058615426365142
0.6799999999999999,3.680000000000021,0.007988412678394022,-0.02308925244999846
0.6799999999999999,3.660000000000021,0.007882087093059122,-0.023120172465901687
0.6799999999999999,3.640000000000021,0.007774687616331927,-0.02315137936611019
0.6799999999999999,3.620000000000021,0.0076661979532647905,-0.023182877113616496
0.6799999999999999,3.600000000000021,0.007556601479235766,-0.02321466974343909
0.6799999999999999,3.580000000000021,0.00744588123082118,-0.02324676136467428
0.6799999999999999,3.560000000000021,0.007334019897761449,-0.02327915616183255
0.6799999999999999,3.540000000000021,0.00722099981373459,-0.023311858396811852
0.6799999999999999,3.520000000000021,0.007106802947294382,-0.023344872410560893
0.6799999999999999,3.500000000000021,0.006991410892542743,-0.02337820262482826
0.6799999999999999,3.480000000000021,0.006874804859182021,-0.02341185354411661
0.6799999999999999,3.460000000000021,0.006756965662692578,-0.02344582975749991
0.6799999999999999,3.440000000000021,0.006637873713780551,-0.02348013594067326
0.6799999999999999,3.420000000000021,0.006517509007928083,-0.02351477685779048
0.6799999999999999,3.400000000000021,0.006395851114105236,-0.023549757363819424
0.6799999999999999,3.3800000000000208,0.006272879163645841,-0.02358508240643311
0.6799999999999999,3.3600000000000207,0.0061485718384840515,-0.02362075702820246
0.6799999999999999,3.3400000000000207,0.006022907358808054,-0.023656786368907265
0.6799999999999999,3.3200000000000207,0.005895863470889044,-0.023693175667948346
0.6799999999999999,3.3000000000000207,0.005767417433996884,-0.023729930266385688
0.6799999999999999,3.2800000000000207,0.005637546006972997,-0.02376705560968438
0.6799999999999999,3.2600000000000207,0.005506225434773254,-0.023804557250082445
0.6799999999999999,3.2400000000000206,0.0053734314340566965,-0.02384244084931335
0.6799999999999999,3.2200000000000206,0.005239139178408701,-0.0238807121808237
0.6799999999999999,3.2000000000000206,0.005103323283264451,-0.023919377133051936
0.6799999999999999,3.1800000000000206,0.004965957790300981,-0.023958441711807
0.6799999999999999,3.1600000000000206,0.00482701615112749,-0.023997912043395693
0.6799999999999999,3.1400000000000206,0.004686471210410818,-0.024037794377390863
0.6799999999999999,3.1200000000000205,0.00454429518877408,-0.024078095089927393
0.6799999999999999,3.1000000000000205,0.004400459664772033,-0.024118820686365387
0.6799999999999999,3.0800000000000205,0.004254935556142232,-0.024159977805063855
0.6799999999999999,3.0600000000000205,0.004107693100854784,-0.02420157322039722
0.6799999999999999,3.0400000000000205,0.003958701837225332,-0.024243613846071467
0.6799999999999999,3.0200000000000204,0.003807930583178174,-0.024286106738890936
0.6799999999999999,3.0000000000000204,0.0036553474151900583,-0.024329059102230224
0.6799999999999999,2.9800000000000204,0.00350091964605283,-0.02437247828967765
0.6799999999999999,2.9600000000000204,0.0033446138022068,-0.02441637180897449
0.6799999999999999,2.9400000000000204,0.0031863956000179336,-0.024460747326002924
0.6799999999999999,2.9200000000000204,0.0030262299211675364,-0.024505612668685825
0.6799999999999999,2.9000000000000203,0.002864080787568178,-0.02455097583119322
0.6799999999999999,2.8800000000000203,0.0026999113348792113,-0.024596844978401776
0.6799999999999999,2.8600000000000203,0.0025336837851785334,-0.02464322845005902
0.6799999999999999,2.8400000000000203,0.002365359418725139,-0.02469013476550984
0.6799999999999999,2.8200000000000203,0.002194898544750822,-0.024737572628515017
0.6799999999999999,2.8000000000000203,0.002022260470937018,-0.024785550931708908
0.6799999999999999,2.7800000000000202,0.0018474034718455458,-0.024834078761956785
0.6799999999999999,2.76000000000002,0.0016702847562179149,-0.0248831654052981
0.6799999999999999,2.74000000000002,0.001490860432973518,-0.024932820352284266
0.6799999999999999,2.72000000000002,0.001309085475860371,-0.024983053303316474
0.6799999999999999,2.70000000000002,0.0011249136868238052,-0.02503387417451293
0.6799999999999999,2.68000000000002,0.0009382976580933752,-0.02508529310330357
0.6799999999999999,2.66000000000002,0.000749188732437709,-0.025137320454354142
0.6799999999999999,2.64000000000002,0.0005575369620282769,-0.025189966825778502
0.6799999999999999,2.62000000000002,0.0003632910661292989,-0.025243243055544817
0.6799999999999999,2.60000000000002,0.00016639838608625596,-0.02529716022794594
0.6799999999999999,2.58000000000002,-0.00003319516025984768,-0.025351729680214874
0.6799999999999999,2.56000000000002,-0.00023554512703518292,-0.0254069630095715
0.6799999999999999,2.54000000000002,-0.00044070859004551174,-0.025462872080509763
0.6799999999999999,2.52000000000002,-0.0006487441987890431,-0.02551946903173083
0.6799999999999999,2.50000000000002,-0.0008597122307076261,-0.02557676628425906
0.6799999999999999,2.48000000000002,-0.001073674647301342,-0.02563477654894733
0.6799999999999999,2.46000000000002,-0.0012906951530340578,-0.025693512834585666
0.6799999999999999,2.44000000000002,-0.0015108392563486085,-0.025752988456330506
0.6799999999999999,2.42000000000002,-0.0017341743332681702,-0.025813217044214506
0.6799999999999999,2.40000000000002,-0.0019607696937609144,-0.025874212551973322
0.6799999999999999,2.38000000000002,-0.002190696651136885,-0.02593598926617023
0.6799999999999999,2.36000000000002,-0.0024240285938451015,-0.025998561815729487
0.6799999999999999,2.34000000000002,-0.0026608410608712214,-0.026061945181402105
0.6799999999999999,2.32000000000002,-0.002901211820255543,-0.02612615470586077
0.6799999999999999,2.30000000000002,-0.003145220951030905,-0.026191206104053136
0.6799999999999999,2.28000000000002,-0.003392950928446735,-0.02625711547374688
0.6799999999999999,2.2600000000000198,-0.0036444867136348814,-0.02632389930651921
0.6799999999999999,2.2400000000000198,-0.00389991584648533,-0.026391574498870654
0.6799999999999999,2.2200000000000197,-0.004159328543285406,-0.026460158364082345
0.6799999999999999,2.2000000000000197,-0.004422817798576274,-0.026529668644036497
0.6799999999999999,2.1800000000000197,-0.004690479491191496,-0.02660012352150201
0.6799999999999999,2.1600000000000197,-0.0049624124959349045,-0.02667154163290139
0.6799999999999999,2.1400000000000197,-0.005238718799681921,-0.02674394208153795
0.6799999999999999,2.1200000000000196,-0.005519503623169978,-0.026817344450671975
0.6799999999999999,2.1000000000000196,-0.005804875548638873,-0.02689176881782082
0.6799999999999999,2.0800000000000196,-0.006094946653213059,-0.02696723576866321
0.6799999999999999,2.0600000000000196,-0.006389832648233009,-0.02704376641197538
0.6799999999999999,2.0400000000000196,-0.006689653026063835,-0.02712138239455901
0.6799999999999999,2.0200000000000196,-0.006994531213379037,-0.02720010591693585
0.6799999999999999,2.0000000000000195,-0.007304594731363006,-0.027279959749190744
0.6799999999999999,1.9800000000000195,-0.007619975365127109,-0.02736096724728547
0.6799999999999999,1.9600000000000195,-0.00794080934011133,-0.027443152370135254
0.6799999999999999,1.9400000000000195,-0.008267237507236997,-0.027526539696650462
0.6799999999999999,1.9200000000000195,-0.008599405538218495,-0.027611154443747246
0.6699999999999999,5,0.01302198619635845,-0.020710595683765334
0.6699999999999999,4.98,0.012961294696057515,-0.020729175283164217
0.6699999999999999,4.960000000000001,0.012900142502720788,-0.020747887823631794
0.6699999999999999,4.940000000000001,0.01283852436036938,-0.02076673472841016
0.6699999999999999,4.920000000000002,0.012776434933125478,-0.02078571744088009
0.6699999999999999,4.900000000000002,0.012713868803477885,-0.02080483742519032
0.6699999999999999,4.880000000000003,0.01265082047067755,-0.020824096166396952
0.6699999999999999,4.860000000000003,0.012587284349237624,-0.02084349517089279
0.6699999999999999,4.840000000000003,0.012523254767193247,-0.0208630359667957
0.6699999999999999,4.820000000000004,0.012458725964567183,-0.020882720104416413
0.6699999999999999,4.800000000000004,0.012393692091424819,-0.020902549156459824
0.6699999999999999,4.780000000000005,0.01232814720632111,-0.020922524718649763
0.6699999999999999,4.760000000000005,0.012262085274626742,-0.020942648410032908
0.6699999999999999,4.7400000000000055,0.012195500166209669,-0.020962921873343587
0.6699999999999999,4.720000000000006,0.012128385654218421,-0.02098334677573975
0.6699999999999999,4.700000000000006,0.0120607354123701,-0.021003924808748915
0.6699999999999999,4.680000000000007,0.01199254301385789,-0.02102465768912129
0.6699999999999999,4.660000000000007,0.011923801928449147,-0.021045547159164193
0.6699999999999999,4.640000000000008,0.011854505521162559,-0.021066594987192253
0.6699999999999999,4.620000000000008,0.011784647049782966,-0.021087802968059566
0.6699999999999999,4.6000000000000085,0.011714219662634823,-0.02110917292368887
0.6699999999999999,4.580000000000009,0.01164321639663583,-0.021130706703370805
0.6699999999999999,4.560000000000009,0.011571630174691948,-0.021152406184550415
0.6699999999999999,4.54000000000001,0.011499453803796123,-0.021174273273135924
0.6699999999999999,4.52000000000001,0.01142667997212732,-0.0211963099042322
0.6699999999999999,4.500000000000011,0.011353301246886344,-0.021218518042522484
0.6699999999999999,4.480000000000011,0.011279310072054367,-0.021240899683003453
0.6699999999999999,4.4600000000000115,0.011204698765124062,-0.021263456851343607
0.6699999999999999,4.440000000000012,0.011129459515166362,-0.02128619160463957
0.6699999999999999,4.420000000000012,0.011053584379838204,-0.02130910603201759
0.6699999999999999,4.400000000000013,0.010977065282358929,-0.021332202255196234
0.6699999999999999,4.380000000000013,0.010899894009238471,-0.02135548242908223
0.6699999999999999,4.360000000000014,0.010822062206876941,-0.02137894874254896
0.6699999999999999,4.340000000000014,0.01074356137882666,-0.021402603418957507
0.6699999999999999,4.3200000000000145,0.010664382882594043,-0.021426448716851027
0.6699999999999999,4.300000000000015,0.010584517926781136,-0.021450486930805118
0.6699999999999999,4.280000000000015,0.010503957567308292,-0.0214747203919438
0.6699999999999999,4.260000000000016,0.010422692704876592,-0.021499151468792332
0.6699999999999999,4.240000000000016,0.01034071408067237,-0.021523782567908253
0.6699999999999999,4.220000000000017,0.01025801227383014,-0.02154861613471934
0.6699999999999999,4.200000000000017,0.010174577697199011,-0.02157365465431435
0.6699999999999999,4.1800000000000175,0.010090400593785201,-0.0215989006522352
0.6699999999999999,4.160000000000018,0.010005471033375148,-0.0216243566952085
0.6699999999999999,4.140000000000018,0.00991977890811684,-0.0216500253920571
0.6699999999999999,4.120000000000019,0.009833313928863618,-0.021675909394560947
0.6699999999999999,4.100000000000019,0.00974606562124041,-0.02170201139830802
0.6699999999999999,4.08000000000002,0.009658023321102754,-0.021728334143611083
0.6699999999999999,4.06000000000002,0.009569176170514768,-0.021754880416381964
0.6699999999999999,4.0400000000000205,0.009479513113219807,-0.021781653049110852
0.6699999999999999,4.020000000000021,0.00938902289007751,-0.021808654921862097
0.6699999999999999,4.000000000000021,0.009297694034564112,-0.02183588896313078
0.6699999999999999,3.9800000000000213,0.009205514867749072,-0.021863358151094872
0.6699999999999999,3.9600000000000213,0.009112473493721388,-0.02189106551440389
0.6699999999999999,3.9400000000000213,0.009018557794057898,-0.02191901413336747
0.6699999999999999,3.9200000000000212,0.008923755423076425,-0.021947207141019387
0.6699999999999999,3.9000000000000212,0.00882805380231071,-0.021975647724297498
0.6699999999999999,3.880000000000021,0.008731440114926506,-0.022004339125053354
0.6699999999999999,3.860000000000021,0.008633901300061463,-0.02203328464137104
0.6699999999999999,3.840000000000021,0.008535424047417084,-0.022062487628667415
0.6699999999999999,3.820000000000021,0.008435994790737311,-0.022091951501018448
0.6699999999999999,3.800000000000021,0.008335599701980292,-0.02212167973228768
0.6699999999999999,3.780000000000021,0.008234224684890507,-0.02215167585762011
0.6699999999999999,3.760000000000021,0.008131855368556075,-0.02218194347455013
0.6699999999999999,3.740000000000021,0.008028477100533539,-0.02221248624463179
0.6699999999999999,3.720000000000021,0.007924074940328948,-0.022243307894503767
0.6699999999999999,3.700000000000021,0.007818633651716289,-0.022274412217668918
0.6699999999999999,3.680000000000021,0.007712137696180069,-0.022305803075807828
0.6699999999999999,3.660000000000021,0.007604571224642328,-0.022337484400129733
0.6699999999999999,3.640000000000021,0.0074959180701776144,-0.022369460193383595
0.6699999999999999,3.620000000000021,0.007386161739843103,-0.0224017345309621
0.6699999999999999,3.600000000000021,0.007275285406657277,-0.022434311562694445
0.6699999999999999,3.580000000000021,0.007163271900881613,-0.02246719551485711
0.6699999999999999,3.560000000000021,0.007050103701237649,-0.02250039069132026
0.6699999999999999,3.540000000000021,0.006935762926513884,-0.022533901475753192
0.6699999999999999,3.520000000000021,0.006820231325297901,-0.022567732333322224
0.6699999999999999,3.500000000000021,0.006703490267393049,-0.022601887812517762
0.6699999999999999,3.480000000000021,0.006585520733275729,-0.02263637254702769
0.6699999999999999,3.460000000000021,0.00646630330425255,-0.022671191257952403
0.6699999999999999,3.440000000000021,0.006345818152007388,-0.02270634875539347
0.6699999999999999,3.420000000000021,0.0062240450275993404,-0.022741849941037277
0.6699999999999999,3.400000000000021,0.0061009632503830225,-0.022777699809970492
0.6699999999999999,3.3800000000000208,0.005976551696613801,-0.022813903452807455
0.6699999999999999,3.3600000000000207,0.005850788787344286,-0.022850466058323395
0.6699999999999999,3.3400000000000207,0.005723652476223493,-0.022887392915347304
0.6699999999999999,3.3200000000000207,0.00559512023722996,-0.022924689415345575
0.6699999999999999,3.3000000000000207,0.0054651690508992845,-0.022962361055005806
0.6699999999999999,3.2800000000000207,0.005333775391406332,-0.0230004134383986
0.6699999999999999,3.2600000000000207,0.005200915212415759,-0.023038852279892344
0.6699999999999999,3.2400000000000206,0.005066563932558943,-0.023077683406644622
0.6699999999999999,3.2200000000000206,0.004930696420680114,-0.02311691276142558
0.6699999999999999,3.2000000000000206,0.004793286980616209,-0.023156546405379494
0.6699999999999999,3.1800000000000206,0.004654309335120761,-0.023196590520830368
0.6699999999999999,3.1600000000000206,0.0045137366092155035,-0.023237051414368486
0.6699999999999999,3.1400000000000206,0.004371541313796908,-0.02327793552003707
0.6699999999999999,3.1200000000000205,0.004227695327456731,-0.02331924940216306
0.6699999999999999,3.1000000000000205,0.004082169878804732,-0.023360999758875137
0.6699999999999999,3.0800000000000205,0.00393493552723957,-0.02340319342524764
0.6699999999999999,3.0600000000000205,0.0037859621439239473,-0.023445837376844303
0.6699999999999999,3.0400000000000205,0.003635218891316507,-0.023488938733331213
0.6699999999999999,3.0200000000000204,0.0034826742027013967,-0.023532504761791466
0.6699999999999999,3.0000000000000204,0.0033282957600418283,-0.023576542880760852
0.6699999999999999,2.9800000000000204,0.0031720504726108242,-0.023621060663937484
0.6699999999999999,2.9600000000000204,0.0030139044526711787,-0.02366606584432311
0.6699999999999999,2.9400000000000204,0.0028538229924588965,-0.02371156631804397
0.6699999999999999,2.9200000000000204,0.002691770539257177,-0.02375757014867598
0.6699999999999999,2.9000000000000203,0.002527710669076897,-0.023804085571609596
0.6699999999999999,2.8800000000000203,0.002361606060718342,-0.023851120998469904
0.6699999999999999,2.8600000000000203,0.0021934184677068506,-0.023898685021657776
0.6699999999999999,2.8400000000000203,0.0020231086898328875,-0.023946786419187578
0.6699999999999999,2.8200000000000203,0.0018506365434372242,-0.023995434159402432
0.6699999999999999,2.8000000000000203,0.0016759608304931775,-0.024044637406153764
0.6699999999999999,2.7800000000000202,0.0014990393067146435,-0.024094405523807347
0.6699999999999999,2.76000000000002,0.0013198286484709092,-0.02414474808272273
0.6699999999999999,2.74000000000002,0.0011382844180151546,-0.024195674864603903
0.6699999999999999,2.72000000000002,0.0009543610280893359,-0.024247195868192517
0.6699999999999999,2.70000000000002,0.0007680117048004861,-0.024299321315248923
0.6699999999999999,2.68000000000002,0.0005791884485433216,-0.02435206165626988
0.6699999999999999,2.66000000000002,0.0003878419945336719,-0.0244054275768828
0.6699999999999999,2.64000000000002,0.00019392177087912974,-0.024459430004168337
0.6699999999999999,2.62000000000002,-2.624144534780419e-6,-0.02451408011322994
0.6699999999999999,2.60000000000002,-0.0002018490693798821,-0.024569389333974748
0.6699999999999999,2.58000000000002,-0.0004038077631243579,-0.024625369358141743
0.6699999999999999,2.56000000000002,-0.0006085564762504673,-0.024682032146408628
0.6699999999999999,2.54000000000002,-0.0008161530005690166,-0.02473938993591794
0.6699999999999999,2.52000000000002,-0.0010266567218540482,-0.02479745524781192
0.6699999999999999,2.50000000000002,-0.0012401286748095562,-0.024856240895360232
0.6699999999999999,2.48000000000002,-0.0014566316002636648,-0.024915759991799555
0.6699999999999999,2.46000000000002,-0.0016762300042672388,-0.024976025958945172
0.6699999999999999,2.44000000000002,-0.0018989902203827053,-0.025037052535797966
0.6699999999999999,2.42000000000002,-0.002124980473949641,-0.025098853787422284
0.6699999999999999,2.40000000000002,-0.0023542709495539137,-0.0251614441142181
0.6699999999999999,2.38000000000002,-0.0025869338609805087,-0.02522483826126974
0.6699999999999999,2.36000000000002,-0.0028230435242952543,-0.025289051328377707
0.6699999999999999,2.34000000000002,-0.003062676434194056,-0.02535409877985345
0.6699999999999999,2.32000000000002,-0.003305911343367802,-0.02541999645521363
0.6699999999999999,2.30000000000002,-0.0035528293457398347,-0.025486760579683285
0.6699999999999999,2.28000000000002,-0.00380351396306024,-0.02555440777529279
0.6699999999999999,2.2600000000000198,-0.004058051235207921,-0.0256229550724274
0.6699999999999999,2.2400000000000198,-0.00431652981483218,-0.025692419921430634
0.6699999999999999,2.2200000000000197,-0.0045790410660347825,-0.025762820204622894
0.6699999999999999,2.2000000000000197,-0.00484567916773806,-0.0258341742491493
0.6699999999999999,2.1800000000000197,-0.005116541221172721,-0.02590650083939106
0.6699999999999999,2.1600000000000197,-0.005391727362929899,-0.025979819230660367
0.6699999999999999,2.1400000000000197,-0.0056713408828472315,-0.02605414916231294
0.6699999999999999,2.1200000000000196,-0.005955488347507593,-0.026129510872435716
0.6699999999999999,2.1000000000000196,-0.006244279729403125,-0.026205925111786404
0.6699999999999999,2.0800000000000196,-0.006537828541913697,-0.026283413159147125
0.6699999999999999,2.0600000000000196,-0.006836251981359864,-0.026361996836337734
0.6699999999999999,2.0400000000000196,-0.007139671074970206,-0.02644169852404088
0.6699999999999999,2.0200000000000196,-0.0074482108368938964,-0.02652254117831064
0.6699999999999999,2.0000000000000195,-0.0077620004304498535,-0.026604548347025726
0.6699999999999999,1.9800000000000195,-0.00808117333948754,-0.026687744187070275
0.6699999999999999,1.9600000000000195,-0.008405867547763138,-0.026772153482203923
0.6699999999999999,1.9400000000000195,-0.008736225726535197,-0.026857801660880816
0.6699999999999999,1.9200000000000195,-0.00907239543241009,-0.026944714815088866
0.6599999999999999,5,0.012799425354745111,-0.01987369342015087
0.6599999999999999,4.98,0.012738023033300166,-0.01989270718253839
0.6599999999999999,4.960000000000001,0.012676154538959811,-0.019911857165087324
0.6599999999999999,4.940000000000001,0.012613814552298219,-0.01993114482806535
0.6599999999999999,4.920000000000002,0.012550997673031476,-0.0199505716525967
0.6599999999999999,4.900000000000002,0.01248769841810926,-0.01997013914099506
0.6599999999999999,4.880000000000003,0.012423911220214492,-0.01998984881699816
0.6599999999999999,4.860000000000003,0.012359630426374793,-0.020009702226447004
0.6599999999999999,4.840000000000003,0.01229485029609207,-0.02002970093741798
0.6599999999999999,4.820000000000004,0.01222956499956061,-0.020049846540764832
0.6599999999999999,4.800000000000004,0.01216376861598448,-0.020070140650421717
0.6599999999999999,4.780000000000005,0.012097455132295895,-0.020090584903936545
0.6599999999999999,4.760000000000005,0.012030618440498485,-0.020111180962860506
0.6599999999999999,4.7400000000000055,0.011963252336308749,-0.020131930513089008
0.6599999999999999,4.720000000000006,0.011895350517375222,-0.020152835265431684
0.6599999999999999,4.700000000000006,0.011826906580857562,-0.02017389695610651
0.6599999999999999,4.680000000000007,0.01175791402195419,-0.020195117346963914
0.6599999999999999,4.660000000000007,0.011688366231261002,-0.02021649822631913
0.6599999999999999,4.640000000000008,0.011618256493445119,-0.02023804140903232
0.6599999999999999,4.620000000000008,0.011547577984324492,-0.020259748737453398
0.6599999999999999,4.6000000000000085,0.011476323769224589,-0.020281622081507578
0.6599999999999999,4.580000000000009,0.011404486800461418,-0.020303663339452535
0.6599999999999999,4.560000000000009,0.01133205991502262,-0.020325874438442866
0.6599999999999999,4.54000000000001,0.011259035832529962,-0.020348257334892303
0.6599999999999999,4.52000000000001,0.01118540715226398,-0.020370814015233076
0.6599999999999999,4.500000000000011,0.011111166351401445,-0.020393546496362734
0.6599999999999999,4.480000000000011,0.011036305781745512,-0.020416456826131857
0.6599999999999999,4.4600000000000115,0.01096081766757541,-0.020439547084144236
0.6599999999999999,4.440000000000012,0.010884694102877155,-0.020462819382341426
0.6599999999999999,4.420000000000012,0.010807927048613719,-0.02048627586542834
0.6599999999999999,4.400000000000013,0.01073050832991113,-0.020509918711739364
0.6599999999999999,4.380000000000013,0.010652429633150329,-0.02053375013371525
0.6599999999999999,4.360000000000014,0.010573682503016373,-0.020557772378748077
0.6599999999999999,4.340000000000014,0.010494258339649443,-0.020581987729621755
0.6599999999999999,4.3200000000000145,0.01041414839518734,-0.020606398505442117
0.6599999999999999,4.300000000000015,0.010333343771114108,-0.020631007062291387
0.6599999999999999,4.280000000000015,0.010251835414343964,-0.020655815793785313
0.6599999999999999,4.260000000000016,0.010169614114355071,-0.020680827132048482
0.6599999999999999,4.240000000000016,0.010086670499791346,-0.02070604354842597
0.6599999999999999,4.220000000000017,0.01000299503452334,-0.020731467554144744
0.6599999999999999,4.200000000000017,0.00991857801447861,-0.020757101701257455
0.6599999999999999,4.1800000000000175,0.009833409563593794,-0.020782948583424485
0.6599999999999999,4.160000000000018,0.009747479630073167,-0.020809010836711023
0.6599999999999999,4.140000000000018,0.00966077798290365,-0.020835291140416573
0.6599999999999999,4.120000000000019,0.009573294206950045,-0.02086179221815107
0.6599999999999999,4.100000000000019,0.00948501769980448,-0.02088851683847351
0.6599999999999999,4.08000000000002,0.009395937666928372,-0.020915467816047573
0.6599999999999999,4.06000000000002,0.009306043117454761,-0.02094264801237095
0.6599999999999999,4.0400000000000205,0.009215322859850626,-0.020970060337056083
0.6599999999999999,4.020000000000021,0.009123765497132227,-0.020997707748465863
0.6599999999999999,4.000000000000021,0.009031359422264634,-0.02102559325490227
0.6599999999999999,3.9800000000000213,0.00893809281329843,-0.02105371991579324
0.6599999999999999,3.9600000000000213,0.008843953628368904,-0.021082090842472756
0.6599999999999999,3.9400000000000213,0.008748929600641499,-0.021110709199498603
0.6599999999999999,3.9200000000000212,0.008653008232895835,-0.021139578205666754
0.6599999999999999,3.9000000000000212,0.00855617679221024,-0.021168701135292317
0.6599999999999999,3.880000000000021,0.008458422304615017,-0.021198081319094016
0.6599999999999999,3.860000000000021,0.008359731548786891,-0.021227722145942957
0.6599999999999999,3.840000000000021,0.00826009105086509,-0.021257627063399287
0.6599999999999999,3.820000000000021,0.008159487077919688,-0.021287799579609763
0.6599999999999999,3.800000000000021,0.008057905631932438,-0.021318243264312364
0.6599999999999999,3.780000000000021,0.007955332443045797,-0.021348961750194906
0.6599999999999999,3.760000000000021,0.007851752963811751,-0.02137995873435561
0.6599999999999999,3.740000000000021,0.007747152361394314,-0.021411237979601233
0.6599999999999999,3.720000000000021,0.00764151551117404,-0.021442803315983278
0.6599999999999999,3.700000000000021,0.007534826989362612,-0.021474658642248984
0.6599999999999999,3.680000000000021,0.0074270710658883255,-0.021506807927426944
0.6599999999999999,3.660000000000021,0.007318231696239652,-0.021539255212182473
0.6599999999999999,3.640000000000021,0.00720829251406417,-0.021572004610739264
0.6599999999999999,3.620000000000021,0.007097236823062275,-0.021605060312284263
0.6599999999999999,3.600000000000021,0.006985047588378814,-0.021638426582696407
0.6599999999999999,3.580000000000021,0.0068717074281071325,-0.021672107766387325
0.6599999999999999,3.560000000000021,0.006757198604910211,-0.021706108287970635
0.6599999999999999,3.540000000000021,0.00664150301609449,-0.021740432654148406
0.6599999999999999,3.520000000000021,0.006524602184733834,-0.021775085455521884
0.6599999999999999,3.500000000000021,0.00640647725013602,-0.021810071368633235
0.6599999999999999,3.480000000000021,0.006287108957236239,-0.02184539515786714
0.6599999999999999,3.460000000000021,0.006166477647121544,-0.021881061677497586
0.6599999999999999,3.440000000000021,0.006044563245660566,-0.021917075873735842
0.6599999999999999,3.420000000000021,0.005921345252809945,-0.021953442787057315
0.6599999999999999,3.400000000000021,0.005796802731662611,-0.021990167554080745
0.6599999999999999,3.3800000000000208,0.0056709142962645225,-0.022027255410233478
0.6599999999999999,3.3600000000000207,0.005543658099791696,-0.022064711691714395
0.6599999999999999,3.3400000000000207,0.005415011822285661,-0.022102541838212093
0.6599999999999999,3.3200000000000207,0.005284952657553464,-0.022140751394951724
0.6599999999999999,3.3000000000000207,0.005153457300188791,-0.022179346015850337
0.6599999999999999,3.2800000000000207,0.005020501931626083,-0.022218331465384926
0.6599999999999999,3.2600000000000207,0.004886062206322631,-0.02225771362179929
0.6599999999999999,3.2400000000000206,0.004750113236854606,-0.022297498479801253
0.6599999999999999,3.2200000000000206,0.00461262957901574,-0.022337692152923267
0.6599999999999999,3.2000000000000206,0.004473585216410583,-0.022378300877162752
0.6599999999999999,3.1800000000000206,0.004332953543942792,-0.022419331013348087
0.6599999999999999,3.1600000000000206,0.004190707351405345,-0.02246078905061065
0.6599999999999999,3.1400000000000206,0.004046818806558122,-0.022502681609300107
0.6599999999999999,3.1200000000000205,0.0039012594366246113,-0.02254501544434938
0.6599999999999999,3.1000000000000205,0.003754000110633358,-0.022587797448620734
0.6599999999999999,3.0800000000000205,0.0036050110199671447,-0.022631034656436934
0.6599999999999999,3.0600000000000205,0.0034542616586304875,-0.022674734246872726
0.6599999999999999,3.0400000000000205,0.003301720803009397,-0.022718903547803107
0.6599999999999999,3.0200000000000204,0.0031473564909502813,-0.02276355003923034
0.6599999999999999,3.0000000000000204,0.0029911359995245567,-0.022808681357414262
0.6599999999999999,2.9800000000000204,0.0028330258224998723,-0.022854305298947934
0.6599999999999999,2.9600000000000204,0.0026729916473414547,-0.02290042982455069
0.6599999999999999,2.9400000000000204,0.002510998330301979,-0.022947063063528755
0.6599999999999999,2.9200000000000204,0.0023470098717248665,-0.022994213318015877
0.6599999999999999,2.9000000000000203,0.0021809893897895274,-0.023041889067611808
0.6599999999999999,2.8800000000000203,0.002012899093724694,-0.023090098973735804
0.6599999999999999,2.8600000000000203,0.0018427002555045286,-0.023138851884595024
0.6599999999999999,2.8400000000000203,0.0016703531812008688,-0.02318815684002827
0.6599999999999999,2.8200000000000203,0.0014958171803617273,-0.023238023076483913
0.6599999999999999,2.8000000000000203,0.0013190505353978844,-0.023288460032316244
0.6599999999999999,2.7800000000000202,0.0011400104687957725,-0.02333947735310974
0.6599999999999999,2.76000000000002,0.000958653109498209,-0.023391084897100255
0.6599999999999999,2.74000000000002,0.0007749334581108834,-0.02344329274095057
0.6599999999999999,2.72000000000002,0.0005888053506264363,-0.02349611118573709
0.6599999999999999,2.70000000000002,0.00040022142103129325,-0.02354955076275328
0.6599999999999999,2.68000000000002,0.00020913306165957785,-0.023603622239833713
0.6599999999999999,2.66000000000002,0.000015490383182270367,-0.02365833662787372
0.6599999999999999,2.64000000000002,-0.00018075782786918703,-0.0237137051872299
0.6599999999999999,2.62000000000002,-0.00037966415298941805,-0.023769739434833168
0.6599999999999999,2.60000000000002,-0.0005812825872961161,-0.023826451150909644
0.6599999999999999,2.58000000000002,-0.0007856685865786734,-0.023883852386515927
0.6599999999999999,2.56000000000002,-0.000992879117230418,-0.02394195547080269
0.6599999999999999,2.54000000000002,-0.0012029727070870504,-0.02400077301890898
0.6599999999999999,2.52000000000002,-0.0014160094989729376,-0.02406031793969303
0.6599999999999999,2.50000000000002,-0.0016320513062731434,-0.024120603444283222
0.6599999999999999,2.48000000000002,-0.0018511616707902075,-0.02418164305409877
0.6599999999999999,2.46000000000002,-0.0020734059230410246,-0.024243450609853688
0.6599999999999999,2.44000000000002,-0.002298851244861862,-0.0243060402805908
0.6599999999999999,2.42000000000002,-0.002527566735081367,-0.024369426572781835
0.6599999999999999,2.40000000000002,-0.0027596234774391036,-0.024433624340080173
0.6599999999999999,2.38000000000002,-0.002995094611845753,-0.02449864879290585
0.6599999999999999,2.36000000000002,-0.0032340554081532087,-0.024564515509008858
0.6599999999999999,2.34000000000002,-0.0034765833437912547,-0.02463124044369245
0.6599999999999999,2.32000000000002,-0.0037227581843303397,-0.02469883994071908
0.6599999999999999,2.30000000000002,-0.00397266206737062,-0.024767330743523597
0.6599999999999999,2.28000000000002,-0.0042263795907434756,-0.024836730006584484
0.6599999999999999,2.2600000000000198,-0.004483997903933256,-0.02490705530751325
0.6599999999999999,2.2400000000000198,-0.004745606804110859,-0.024978324659121844
0.6599999999999999,2.2200000000000197,-0.005011298835951526,-0.025050556522153433
0.6599999999999999,2.2000000000000197,-0.005281169396631356,-0.02512376981816114
0.6599999999999999,2.1800000000000197,-0.005555316844720062,-0.025197983943030425
0.6599999999999999,2.1600000000000197,-0.00583384261485976,-0.025273218780876905
0.6599999999999999,2.1400000000000197,-0.006116851337415705,-0.02534949471811193
0.6599999999999999,2.1200000000000196,-0.006404450963063309,-0.02542683265814559
0.6599999999999999,2.1000000000000196,-0.006696752894488969,-0.025505254036657876
0.6599999999999999,2.0800000000000196,-0.006993872123155335,-0.025584780837064187
0.6599999999999999,2.0600000000000196,-0.007295927372756286,-0.02566543560654337
0.6599999999999999,2.0400000000000196,-0.0076030412501175,-0.02574724147250418
0.6599999999999999,2.0200000000000196,-0.007915340402395643,-0.025830222159722506
0.6599999999999999,2.0000000000000195,-0.008232955682554555,-0.025914402007707005
0.6599999999999999,1.9800000000000195,-0.008556022322821936,-0.025999805988583882
0.6599999999999999,1.9600000000000195,-0.00888468011591451,-0.02608645972581901
0.6599999999999999,1.9400000000000195,-0.009219073606546764,-0.026174389513023165
0.6599999999999999,1.9200000000000195,-0.009559352290982835,-0.026263622333429992
0.6499999999999999,5,0.012569334060903894,-0.019021460289531084
0.6499999999999999,4.98,0.01250720256831369,-0.019040910415380054
0.6499999999999999,4.960000000000001,0.01244459927898295,-0.019060500060528562
0.6499999999999999,4.940000000000001,0.012381518808282883,-0.019080230722682834
0.6499999999999999,4.920000000000002,0.012317955689657285,-0.01910010392079635
0.6499999999999999,4.900000000000002,0.01225390437282644,-0.01912012119564962
0.6499999999999999,4.880000000000003,0.01218935922230241,-0.019140284110102143
0.6499999999999999,4.860000000000003,0.012124314515678877,-0.019160594249672546
0.6499999999999999,4.840000000000003,0.012058764441834275,-0.019181053222621106
0.6499999999999999,4.820000000000004,0.011992703099502662,-0.019201662660702765
0.6499999999999999,4.800000000000004,0.01192612449540472,-0.01922242421937668
0.6499999999999999,4.780000000000005,0.01185902254223231,-0.019243339578344537
0.6499999999999999,4.760000000000005,0.011791391057244194,-0.0192644104419164
0.6499999999999999,4.7400000000000055,0.01172322375989074,-0.019285638539507502
0.6499999999999999,4.720000000000006,0.011654514270152995,-0.019307025626096402
0.6499999999999999,4.700000000000006,0.011585256106645766,-0.019328573482687683
0.6499999999999999,4.680000000000007,0.01151544268445832,-0.01935028391666945
0.6499999999999999,4.660000000000007,0.011445067312993471,-0.019372158762639514
0.6499999999999999,4.640000000000008,0.011374123194173651,-0.019394199882563412
0.6499999999999999,4.620000000000008,0.011302603419939007,-0.019416409166295705
0.6499999999999999,4.6000000000000085,0.011230500970059995,-0.01943878853252643
0.6499999999999999,4.580000000000009,0.011157808710153618,-0.019461339928682944
0.6499999999999999,4.560000000000009,0.011084519389002215,-0.019484065332022182
0.6499999999999999,4.54000000000001,0.011010625636443472,-0.01950696674986757
0.6499999999999999,4.52000000000001,0.010936119960693502,-0.01953004622031669
0.6499999999999999,4.500000000000011,0.010860994745899223,-0.01955330581290468
0.6499999999999999,4.480000000000011,0.01078524224969247,-0.01957674762882427
0.6499999999999999,4.4600000000000115,0.010708854600461365,-0.01960037380211621
0.6499999999999999,4.440000000000012,0.010631823794602896,-0.019624186499782557
0.6499999999999999,4.420000000000012,0.010554141693835197,-0.019648187922713903
0.6499999999999999,4.400000000000013,0.010475800022322658,-0.019672380306241938
0.6499999999999999,4.380000000000013,0.010396790363683676,-0.01969676592084732
0.6499999999999999,4.360000000000014,0.01031710415832086,-0.019721347072901577
0.6499999999999999,4.340000000000014,0.010236732699949893,-0.019746126105077158
0.6499999999999999,4.3200000000000145,0.010155667132601815,-0.019771105397513655
0.6499999999999999,4.300000000000015,0.010073898447623434,-0.019796287368268353
0.6499999999999999,4.280000000000015,0.009991417479996323,-0.019821674474056902
0.6499999999999999,4.260000000000016,0.00990821490537691,-0.019847269211125868
0.6499999999999999,4.240000000000016,0.009824281236128891,-0.01987307411606247
0.6499999999999999,4.220000000000017,0.009739606818273754,-0.019899091766480984
0.6499999999999999,4.200000000000017,0.009654181827338628,-0.019925324781923492
0.6499999999999999,4.1800000000000175,0.009567996264933067,-0.019951775824804452
0.6499999999999999,4.160000000000018,0.009481039954811553,-0.019978447600882868
0.6499999999999999,4.140000000000018,0.00939330253881953,-0.020005342860830888
0.6499999999999999,4.120000000000019,0.009304773472920904,-0.02003246440050086
0.6499999999999999,4.100000000000019,0.00921544202309744,-0.020059815062079933
0.6499999999999999,4.08000000000002,0.009125297260621102,-0.020087397735233117
0.6499999999999999,4.06000000000002,0.009034328058443645,-0.02011521535773332
0.6499999999999999,4.0400000000000205,0.008942523085715949,-0.020143270916847138
0.6499999999999999,4.020000000000021,0.008849870804073364,-0.020171567449953173
0.6499999999999999,4.000000000000021,0.008756359462105871,-0.020200108045952556
0.6499999999999999,3.9800000000000213,0.00866197709094314,-0.020228895846053332
0.6499999999999999,3.9600000000000213,0.008566711498831373,-0.02025793404509158
0.6499999999999999,3.9400000000000213,0.008470550266347488,-0.020287225892652125
0.6499999999999999,3.9200000000000212,0.008373480740711082,-0.020316774693958203
0.6499999999999999,3.9000000000000212,0.008275490030470383,-0.020346583811447272
0.6499999999999999,3.880000000000021,0.00817656499979226,-0.02037665666564678
0.6499999999999999,3.860000000000021,0.00807669226294488,-0.02040699673673496
0.6499999999999999,3.840000000000021,0.007975858177887162,-0.020437607565526122
0.6499999999999999,3.820000000000021,0.007874048840324159,-0.020468492754973193
0.6499999999999999,3.800000000000021,0.007771250077637739,-0.020499655971466732
0.6499999999999999,3.780000000000021,0.007667447442099808,-0.02053110094626917
0.6499999999999999,3.760000000000021,0.0075626262042893366,-0.02056283147670567
0.6499999999999999,3.740000000000021,0.007456771346092475,-0.02059485142800801
0.6499999999999999,3.720000000000021,0.007349867554020555,-0.0206271647344411
0.6499999999999999,3.700000000000021,0.007241899211443853,-0.02065977540099353
0.6499999999999999,3.680000000000021,0.0071328503914152505,-0.020692687505051276
0.6499999999999999,3.660000000000021,0.007022704848796392,-0.020725905197683803
0.6499999999999999,3.640000000000021,0.006911446012261029,-0.020759432705737636
0.6499999999999999,3.620000000000021,0.006799056976300454,-0.020793274333208267
0.6499999999999999,3.600000000000021,0.0066855204928966076,-0.020827434462997178
0.6499999999999999,3.580000000000021,0.006570818962075722,-0.020861917558989362
0.6499999999999999,3.560000000000021,0.00645493442400716,-0.020896728167455483
0.6499999999999999,3.540000000000021,0.006337848548956443,-0.02093187091935146
0.6499999999999999,3.520000000000021,0.006219542628146693,-0.020967350532035037
0.6499999999999999,3.500000000000021,0.006099997563886768,-0.021003171811223242
0.6499999999999999,3.480000000000021,0.0059791938593798145,-0.021039339653282058
0.6499999999999999,3.460000000000021,0.005857111608473857,-0.02107585904699867
0.6499999999999999,3.440000000000021,0.005733730484514,-0.021112735075948713
0.6499999999999999,3.420000000000021,0.005609029729776314,-0.021149972920733548
0.6499999999999999,3.400000000000021,0.005482988143614923,-0.021187577861067744
0.6499999999999999,3.3800000000000208,0.0053555840708276944,-0.02122555527837916
0.6499999999999999,3.3600000000000207,0.005226795389279063,-0.021263910658016735
0.6499999999999999,3.3400000000000207,0.005096599497714724,-0.0213026495916887
0.6499999999999999,3.3200000000000207,0.004964973302155103,-0.021341777780368547
0.6499999999999999,3.3000000000000207,0.004831893203218366,-0.021381301036377545
0.6499999999999999,3.2800000000000207,0.004697335081574165,-0.021421225286415754
0.6499999999999999,3.2600000000000207,0.004561274284024794,-0.021461556574381216
0.6499999999999999,3.2400000000000206,0.004423685608771586,-0.021502301063920995
0.6499999999999999,3.2200000000000206,0.004284543289792978,-0.021543465041549095
0.6499999999999999,3.2000000000000206,0.004143820981346936,-0.021585054919642445
0.6499999999999999,3.1800000000000206,0.0040014917417186486,-0.021627077239505077
0.6499999999999999,3.1600000000000206,0.0038575280161381696,-0.021669538674490875
0.6499999999999999,3.1400000000000206,0.0037119016192933003,-0.021712446033422553
0.6499999999999999,3.1200000000000205,0.0035645837175853077,-0.02175580626386618
0.6499999999999999,3.1000000000000205,0.003415544810325361,-0.021799626455530345
0.6499999999999999,3.0800000000000205,0.003264754710450005,-0.021843913843934856
0.6499999999999999,3.0600000000000205,0.0031121825245010396,-0.021888675814038645
0.6499999999999999,3.0400000000000205,0.0029577966320490793,-0.02193391990418543
0.6499999999999999,3.0200000000000204,0.002801564664286725,-0.021979653809520577
0.6499999999999999,3.0000000000000204,0.0026434534819018652,-0.02202588538657453
0.6499999999999999,2.9800000000000204,0.002483429152079447,-0.022072622657110356
0.6499999999999999,2.9600000000000204,0.002321456925029868,-0.022119873812184096
0.6499999999999999,2.9400000000000204,0.0021575012088192267,-0.02216764721694841
0.6499999999999999,2.9200000000000204,0.0019915255446387526,-0.022215951414817484
0.6499999999999999,2.9000000000000203,0.001823492579864923,-0.022264795132167822
0.6499999999999999,2.8800000000000203,0.0016533640408434355,-0.022314187283204945
0.6499999999999999,2.8600000000000203,0.001481100704642462,-0.022364136974932294
0.6499999999999999,2.8400000000000203,0.0013066623692801578,-0.022414653511982838
0.6499999999999999,2.8200000000000203,0.0011300078238845324,-0.02246574640203619
0.6499999999999999,2.8000000000000203,0.0009510948161793157,-0.02251742536125788
0.6499999999999999,2.7800000000000202,0.000769880020405874,-0.022569700319532156
0.6499999999999999,2.76000000000002,0.0005863190027065182,-0.022622581426584992
0.6499999999999999,2.74000000000002,0.0004003661862431755,-0.022676079057581594
0.6499999999999999,2.72000000000002,0.00021197481396200985,-0.022730203819460212
0.6499999999999999,2.70000000000002,0.000021096910797900603,-0.02278496655689652
0.6499999999999999,2.68000000000002,-0.0001723167560999968,-0.02284037835891707
0.6499999999999999,2.66000000000002,-0.00036831671824198134,-0.022896450565559823
0.6499999999999999,2.64000000000002,-0.0005669548491745735,-0.022953194774865945
0.6499999999999999,2.62000000000002,-0.0007682844082931919,-0.023010622849578777
0.6499999999999999,2.60000000000002,-0.0009723600872523705,-0.023068746924873228
0.6499999999999999,2.58000000000002,-0.0011792380582897305,-0.023127579415505257
0.6499999999999999,2.56000000000002,-0.001388976023907927,-0.023187133024022817
0.6499999999999999,2.54000000000002,-0.0016016332691845458,-0.023247420748163106
0.6499999999999999,2.52000000000002,-0.0018172707153792616,-0.02330845588981323
0.6499999999999999,2.50000000000002,-0.0020359509768130696,-0.023370252062868177
0.6499999999999999,2.48000000000002,-0.0022577384192900437,-0.02343282320241305
0.6499999999999999,2.46000000000002,-0.002482699221310319,-0.023496183573784496
0.6499999999999999,2.44000000000002,-0.0027109014373998563,-0.02356034778164242
0.6499999999999999,2.42000000000002,-0.002942415064766373,-0.023625330779936463
0.6499999999999999,2.40000000000002,-0.003177312112187411,-0.023691147881574632
0.6499999999999999,2.38000000000002,-0.003415666672211508,-0.023757814768890648
0.6499999999999999,2.36000000000002,-0.003657554996178226,-0.023825347504121283
0.6499999999999999,2.34000000000002,-0.0039030555724448826,-0.023893762540387053
0.6499999999999999,2.32000000000002,-0.004152249208482729,-0.023963076732799564
0.6499999999999999,2.30000000000002,-0.004405219115864854,-0.02403330735038702
0.6499999999999999,2.28000000000002,-0.004662050999632708,-0.024104472087736195
0.6499999999999999,2.2600000000000198,-0.004922833150955003,-0.024176589077528756
0.6499999999999999,2.2400000000000198,-0.005187656544486842,-0.024249676903358743
0.6499999999999999,2.2200000000000197,-0.0054566149399964715,-0.024323754612696594
0.6499999999999999,2.2000000000000197,-0.005729804988056205,-0.024398841730510393
0.6499999999999999,2.1800000000000197,-0.006007326341290295,-0.024474958273367438
0.6499999999999999,2.1600000000000197,-0.0062892817701113105,-0.024552124763657736
0.6499999999999999,2.1400000000000197,-0.0065757772840595715,-0.024630362244586063
0.6499999999999999,2.1200000000000196,-0.006866922258835833,-0.024709692295343144
0.6499999999999999,2.1000000000000196,-0.007162829569051388,-0.024790137047176725
0.6499999999999999,2.0800000000000196,-0.007463615727050411,-0.024871719199116002
0.6499999999999999,2.0600000000000196,-0.0077694010292108226,-0.024954462035337986
0.6499999999999999,2.0400000000000196,-0.008080309707659838,-0.025038389441887063
0.6499999999999999,2.0200000000000196,-0.008396470091047124,-0.02512352592479243
0.6499999999999999,2.0000000000000195,-0.008718014771496757,-0.025209896628097403
0.6499999999999999,1.9800000000000195,-0.009045080780685999,-0.025297527352775843
0.6499999999999999,1.9600000000000195,-0.009377809774215625,-0.02538644457599292
0.6499999999999999,1.9400000000000195,-0.00971634822526088,-0.025476675471108365
0.6499999999999999,1.9200000000000195,-0.010060847627108113,-0.025568247927882537
0.6399999999999999,5,0.012331394960655107,-0.018154369858579156
0.6399999999999999,4.98,0.01226851522468372,-0.018174258533808843
0.6399999999999999,4.960000000000001,0.012205157918147146,-0.018194290046815678
0.6399999999999999,4.940000000000001,0.012141317589510222,-0.018214465932982843
0.6399999999999999,4.920000000000002,0.012076988704197147,-0.01823478774936064
0.6399999999999999,4.900000000000002,0.012012165642992716,-0.018255257075471584
0.6399999999999999,4.880000000000003,0.011946842699983917,-0.01827587551357479
0.6399999999999999,4.860000000000003,0.01188101408165291,-0.018296644689001065
0.6399999999999999,4.840000000000003,0.011814673904564511,-0.01831756625059564
0.6399999999999999,4.820000000000004,0.01174781619387469,-0.01833864187135352
0.6399999999999999,4.800000000000004,0.011680434881651838,-0.0183598732484659
0.6399999999999999,4.780000000000005,0.011612523804773369,-0.018381262104083862
0.6399999999999999,4.760000000000005,0.011544076703242968,-0.018402810185628893
0.6399999999999999,4.7400000000000055,0.011475087218280014,-0.018424519266328168
0.6399999999999999,4.720000000000006,0.011405548890319351,-0.018446391145534008
0.6399999999999999,4.700000000000006,0.011335455157125057,-0.018468427649440806
0.6399999999999999,4.680000000000007,0.011264799351475759,-0.01849063063143068
0.6399999999999999,4.660000000000007,0.011193574699390427,-0.018513001972547766
0.6399999999999999,4.640000000000008,0.01112177431779339,-0.018535543582102007
0.6399999999999999,4.620000000000008,0.011049391212371746,-0.018558257398200065
0.6399999999999999,4.6000000000000085,0.01097641827526935,-0.018581145388146106
0.6399999999999999,4.580000000000009,0.010902848282788261,-0.018604209549203582
0.6399999999999999,4.560000000000009,0.01082867389320521,-0.018627451909009746
0.6399999999999999,4.54000000000001,0.010753887644035513,-0.0186508745262267
0.6399999999999999,4.52000000000001,0.01067848194989579,-0.018674479490898982
0.6399999999999999,4.500000000000011,0.010602449099574696,-0.018698268925592204
0.6399999999999999,4.480000000000011,0.010525781253935204,-0.01872224498543411
0.6399999999999999,4.4600000000000115,0.010448470442619977,-0.018746409858903315
0.6399999999999999,4.440000000000012,0.010370508561859192,-0.01877076576881693
0.6399999999999999,4.420000000000012,0.01029188737140642,-0.01879531497256809
0.6399999999999999,4.400000000000013,0.010212598491744369,-0.018820059762924835
0.6399999999999999,4.380000000000013,0.010132633401105874,-0.018845002468760974
0.6399999999999999,4.360000000000014,0.010051983432340107,-0.018870145455890122
0.6399999999999999,4.340000000000014,0.009970639769983964,-0.018895491127379274
0.6399999999999999,4.3200000000000145,0.009888593447140954,-0.018921041924868598
0.6399999999999999,4.300000000000015,0.00980583534186795,-0.01894680032879112
0.6399999999999999,4.280000000000015,0.009722356174300839,-0.018972768859438792
0.6399999999999999,4.260000000000016,0.009638146502753686,-0.01899895007774398
0.6399999999999999,4.240000000000016,0.009553196720489017,-0.01902534658596327
0.6399999999999999,4.220000000000017,0.009467497052198199,-0.01905196102861592
0.6399999999999999,4.200000000000017,0.009381037549901324,-0.01907879609327849
0.6399999999999999,4.1800000000000175,0.009293808089524116,-0.019105854511510374
0.6399999999999999,4.160000000000018,0.009205798366651911,-0.01913313905973268
0.6399999999999999,4.140000000000018,0.00911699789296569,-0.01916065256001377
0.6399999999999999,4.120000000000019,0.009027395991521216,-0.019188397881243838
0.6399999999999999,4.100000000000019,0.008936981793105907,-0.01921637793989542
0.6399999999999999,4.08000000000002,0.008845744231475244,-0.01924459570112115
0.6399999999999999,4.06000000000002,0.008753672039092268,-0.019273054179568844
0.6399999999999999,4.0400000000000205,0.008660753742687453,-0.019301756440803314
0.6399999999999999,4.020000000000021,0.008566977657929744,-0.0193307056017782
0.6399999999999999,4.000000000000021,0.008472331885384142,-0.019359904832679076
0.6399999999999999,3.9800000000000213,0.008376804304980055,-0.01938935735721403
0.6399999999999999,3.9600000000000213,0.008280382571258097,-0.019419066454385226
0.6399999999999999,3.9400000000000213,0.008183054107644014,-0.01944903545928909
0.6399999999999999,3.9200000000000212,0.008084806101693317,-0.019479267764495753
0.6399999999999999,3.9000000000000212,0.007985625498895102,-0.01950976682118989
0.6399999999999999,3.880000000000021,0.007885498997403265,-0.0195405361404654
0.6399999999999999,3.860000000000021,0.007784413042045851,-0.019571579294558758
0.6399999999999999,3.840000000000021,0.0076823538181769,-0.01960289991823197
0.6399999999999999,3.820000000000021,0.007579307245539933,-0.019634501710135102
0.6399999999999999,3.800000000000021,0.007475258971889376,-0.019666388434085108
0.6399999999999999,3.780000000000021,0.007370194366577074,-0.019698563920539577
0.6399999999999999,3.760000000000021,0.007264098513343537,-0.019731032068279086
0.6399999999999999,3.740000000000021,0.00715695620378679,-0.01976379684553113
0.6399999999999999,3.720000000000021,0.007048751929958998,-0.01979686229165318
0.6399999999999999,3.700000000000021,0.006939469877185021,-0.019830232518954508
0.6399999999999999,3.680000000000021,0.006829093916126551,-0.019863911713880293
0.6399999999999999,3.660000000000021,0.006717607595370391,-0.019897904139072206
0.6399999999999999,3.640000000000021,0.0066049941330988925,-0.01993221413473359
0.6399999999999999,3.620000000000021,0.006491236408830065,-0.019966846120726883
0.6399999999999999,3.600000000000021,0.006376316954955592,-0.020001804598132777
0.6399999999999999,3.580000000000021,0.00626021794778343,-0.020037094151093754
0.6399999999999999,3.560000000000021,0.006142921198759558,-0.02007271944886735
0.6399999999999999,3.540000000000021,0.006024408144676227,-0.020108685247619953
0.6399999999999999,3.520000000000021,0.005904659838343814,-0.020144996392524504
0.6399999999999999,3.500000000000021,0.005783656938652391,-0.020181657819811225
0.6399999999999999,3.480000000000021,0.005661379700037084,-0.020218674558729194
0.6399999999999999,3.460000000000021,0.0055378079622812534,-0.020256051733920935
0.6399999999999999,3.440000000000021,0.005412921139397637,-0.020293794567611934
0.6399999999999999,3.420000000000021,0.005286698208402835,-0.020331908381687573
0.6399999999999999,3.400000000000021,0.005159117697737872,-0.020370398600359295
0.6399999999999999,3.3800000000000208,0.005030157675218459,-0.020409270752307557
0.6399999999999999,3.3600000000000207,0.004899795735936491,-0.020448530473327522
0.6399999999999999,3.3400000000000207,0.004768008989122326,-0.02048818350888046
0.6399999999999999,3.3200000000000207,0.004634774045230338,-0.020528235716596302
0.6399999999999999,3.3000000000000207,0.004500067002348601,-0.020568693069093744
0.6399999999999999,3.2800000000000207,0.004363863432066573,-0.02060956165673088
0.6399999999999999,3.2600000000000207,0.004226138365079129,-0.0206508476904584
0.6399999999999999,3.2400000000000206,0.004086866275898613,-0.020692557504556203
0.6399999999999999,3.2200000000000206,0.003946021067865115,-0.020734697560129287
0.6399999999999999,3.2000000000000206,0.003803576056837059,-0.020777274447633023
0.6399999999999999,3.1800000000000206,0.00365950395463409,-0.02082029489059458
0.6399999999999999,3.1600000000000206,0.0035137768520144648,-0.020863765748471576
0.6399999999999999,3.1400000000000206,0.0033663662011230743,-0.02090769402022645
0.6399999999999999,3.1200000000000205,0.00321724279707612,-0.02095208684799188
0.6399999999999999,3.1000000000000205,0.0030663767590882445,-0.02099695152020056
0.6399999999999999,3.0800000000000205,0.002913737510769268,-0.021042295475669735
0.6399999999999999,3.0600000000000205,0.002759293760400585,-0.02108812630721414
0.6399999999999999,3.0400000000000205,0.002603013479307378,-0.021134451765646947
0.6399999999999999,3.0200000000000204,0.002444863880615627,-0.021181279763683863
0.6399999999999999,3.0000000000000204,0.002284811396878747,-0.021228618380079403
0.6399999999999999,2.9800000000000204,0.0021228216563266497,-0.021276475864095888
0.6399999999999999,2.9600000000000204,0.001958859459562051,-0.021324860639682794
0.6399999999999999,2.9400000000000204,0.0017928887540117591,-0.021373781310107788
0.6399999999999999,2.9200000000000204,0.0016248726082329886,-0.021423246662481382
0.6399999999999999,2.9000000000000203,0.0014547731855488744,-0.021473265672686467
0.6399999999999999,2.8800000000000203,0.001282551715608919,-0.021523847510446174
0.6399999999999999,2.8600000000000203,0.0011081684663254905,-0.02157500154396373
0.6399999999999999,2.8400000000000203,0.000931582713606038,-0.021626737345710828
0.6399999999999999,2.8200000000000203,0.0007527527106417355,-0.021679064697452018
0.6399999999999999,2.8000000000000203,0.0005716356555659708,-0.021731993595968613
0.6399999999999999,2.7800000000000202,0.0003881876586413564,-0.021785534258921713
0.6399999999999999,2.76000000000002,0.0002023637071154915,-0.021839697130429395
0.6399999999999999,2.74000000000002,0.000014117629852347918,-0.021894492887547204
0.6399999999999999,2.72000000000002,-0.00017659794002692405,-0.021949932446302292
0.6399999999999999,2.70000000000002,-0.0003698316041446495,-0.022006026968377987
0.6399999999999999,2.68000000000002,-0.0005656332385407213,-0.022062787867510238
0.6399999999999999,2.66000000000002,-0.0007640540356827971,-0.022120226816812222
0.6399999999999999,2.64000000000002,-0.0009651465477202993,-0.022178355755462266
0.6399999999999999,2.62000000000002,-0.0011689647316769467,-0.022237186896287453
0.6399999999999999,2.60000000000002,-0.0013755639961726795,-0.022296732733314367
0.6399999999999999,2.58000000000002,-0.0015850012502084507,-0.022357006049492326
0.6399999999999999,2.56000000000002,-0.0017973349540087097,-0.022418019924782415
0.6399999999999999,2.54000000000002,-0.0020126251713712268,-0.02247978774446402
0.6399999999999999,2.52000000000002,-0.0022309336248821417,-0.02254232320764192
0.6399999999999999,2.50000000000002,-0.0024523237530804454,-0.022605640336152366
0.6399999999999999,2.48000000000002,-0.00267686076950985,-0.022669753483734997
0.6399999999999999,2.46000000000002,-0.002904611725257857,-0.022734677345251364
0.6399999999999999,2.44000000000002,-0.003135645573063665,-0.022800426966623023
0.6399999999999999,2.42000000000002,-0.003370033234667045,-0.022867017754593585
0.6399999999999999,2.40000000000002,-0.0036078476709021476,-0.022934465487263613
0.6399999999999999,2.38000000000002,-0.0038491639546566615,-0.023002786324665056
0.6399999999999999,2.36000000000002,-0.004094059347323414,-0.02307199681973529
0.6399999999999999,2.34000000000002,-0.004342613378006554,-0.023142113929727866
0.6399999999999999,2.32000000000002,-0.00459490792647484,-0.02321315502787507
0.6399999999999999,2.30000000000002,-0.004851027309749869,-0.02328513791541193
0.6399999999999999,2.28000000000002,-0.005111058372433888,-0.02335808083422146
0.6399999999999999,2.2600000000000198,-0.005375090581132263,-0.02343200247947931
0.6399999999999999,2.2400000000000198,-0.005643216122706487,-0.023506922013096232
0.6399999999999999,2.2200000000000197,-0.0059155300073088,-0.023582859077287903
0.6399999999999999,2.2000000000000197,-0.006192130176371987,-0.023659833808648986
0.6399999999999999,2.1800000000000197,-0.006473117614490535,-0.02373786685286016
0.6399999999999999,2.1600000000000197,-0.006758596467447284,-0.023816979379573194
0.6399999999999999,2.1400000000000197,-0.00704867416491844,-0.023897193098017286
0.6399999999999999,2.1200000000000196,-0.007343461549560851,-0.023978530272701692
0.6399999999999999,2.1000000000000196,-0.007643073011581277,-0.024061013740169307
0.6399999999999999,2.0800000000000196,-0.007947626629800785,-0.0241446669258064
0.6399999999999999,2.0600000000000196,-0.008257244319353919,-0.024229513861278862
0.6399999999999999,2.0400000000000196,-0.00857205198679312,-0.02431557920254306
0.6399999999999999,2.0200000000000196,-0.008892179691932851,-0.024402888248378204
0.6399999999999999,2.0000000000000195,-0.009217761818122922,-0.024491466959708313
0.6399999999999999,1.9800000000000195,-0.009548937250560979,-0.02458134197877246
0.6399999999999999,1.9600000000000195,-0.009885849563291894,-0.024672540649689406
0.6399999999999999,1.9400000000000195,-0.010228647215691646,-0.02476509103915829
0.6399999999999999,1.9200000000000195,-0.01057748375822312,-0.024859021957800875
0.6299999999999999,5,0.012085273491852865,-0.017272940905685652
0.6299999999999999,4.98,0.012021625679560086,-0.017293270358263377
0.6299999999999999,4.960000000000001,0.011957494366935415,-0.01731374598601501
0.6299999999999999,4.940000000000001,0.011892874033626636,-0.017334369362145344
0.6299999999999999,4.920000000000002,0.01182775907522575,-0.01735514208221059
0.6299999999999999,4.900000000000002,0.01176214380137542,-0.017376065764658243
0.6299999999999999,4.880000000000003,0.011696022434218929,-0.017397142051384734
0.6299999999999999,4.860000000000003,0.011629389107028182,-0.017418372607845966
0.6299999999999999,4.840000000000003,0.011562237861972642,-0.017439759123819412
0.6299999999999999,4.820000000000004,0.011494562648694293,-0.017461303313590915
0.6299999999999999,4.800000000000004,0.011426357322418222,-0.017483006916540547
0.6299999999999999,4.780000000000005,0.011357615642099706,-0.017504871697462086
0.6299999999999999,4.760000000000005,0.011288331268643067,-0.01752689944720251
0.6299999999999999,4.7400000000000055,0.011218497762632711,-0.01754909198307375
0.6299999999999999,4.720000000000006,0.011148108582809312,-0.017571451149198516
0.6299999999999999,4.700000000000006,0.01107715708377788,-0.017593978817183303
0.6299999999999999,4.680000000000007,0.011005636513899342,-0.017616676886618735
0.6299999999999999,4.660000000000007,0.010933540013368149,-0.01763954728543648
0.6299999999999999,4.640000000000008,0.010860860611855032,-0.017662591970585964
0.6299999999999999,4.620000000000008,0.010787591226344144,-0.017685812928642658
0.6299999999999999,4.6000000000000085,0.010713724658784517,-0.017709212176096056
0.6299999999999999,4.580000000000009,0.010639253593942534,-0.017732791760205063
0.6299999999999999,4.560000000000009,0.010564170596927209,-0.01775655375935175
0.6299999999999999,4.54000000000001,0.010488468110459925,-0.01778050028377104
0.6299999999999999,4.52000000000001,0.01041213845287824,-0.017804633476154866
0.6299999999999999,4.500000000000011,0.010335173815039393,-0.01782895551212127
0.6299999999999999,4.480000000000011,0.01025756625815847,-0.01785346860115128
0.6299999999999999,4.4600000000000115,0.010179307710638127,-0.017878174986866086
0.6299999999999999,4.440000000000012,0.010100389965745244,-0.017903076947917346
0.6299999999999999,4.420000000000012,0.010020804678390578,-0.017928176798594306
0.6299999999999999,4.400000000000013,0.009940543362392185,-0.01795347688968607
0.6299999999999999,4.380000000000013,0.009859597387608762,-0.01797897960884376
0.6299999999999999,4.360000000000014,0.009777957976626464,-0.018004687381597932
0.6299999999999999,4.340000000000014,0.009695616201648908,-0.01803060267206945
0.6299999999999999,4.3200000000000145,0.009612562981596458,-0.018056727983532875
0.6299999999999999,4.300000000000015,0.00952878907839937,-0.018083065859464967
0.6299999999999999,4.280000000000015,0.009444285093706838,-0.01810961888418916
0.6299999999999999,4.260000000000016,0.009359041465618162,-0.018136389683607493
0.6299999999999999,4.240000000000016,0.009273048464885178,-0.0181633809262554
0.6299999999999999,4.220000000000017,0.009186296191448388,-0.0181905953239912
0.6299999999999999,4.200000000000017,0.009098774570317481,-0.018218035632949735
0.6299999999999999,4.1800000000000175,0.00901047334808933,-0.018245704654308498
0.6299999999999999,4.160000000000018,0.008921382089094501,-0.01827360523551344
0.6299999999999999,4.140000000000018,0.008831490170526327,-0.018301740270832312
0.6299999999999999,4.120000000000019,0.008740786779455684,-0.018330112702596366
0.6299999999999999,4.100000000000019,0.008649260907434283,-0.018358725521990027
0.6299999999999999,4.08000000000002,0.008556901346747338,-0.018387581770266496
0.6299999999999999,4.06000000000002,0.008463696685763536,-0.018416684539618887
0.6299999999999999,4.0400000000000205,0.008369635304166723,-0.018446036974339733
0.6299999999999999,4.020000000000021,0.008274705368264378,-0.018475642271796294
0.6299999999999999,4.000000000000021,0.008178894826065368,-0.018505503683733784
0.6299999999999999,3.9800000000000213,0.008082191402316261,-0.018535624517158046
0.6299999999999999,3.9600000000000213,0.007984582593071322,-0.018566008135770806
0.6299999999999999,3.9400000000000213,0.007886055660787199,-0.01859665796094745
0.6299999999999999,3.9200000000000212,0.0077865976285531446,-0.0186275774732136
0.6299999999999999,3.9000000000000212,0.007686195274219302,-0.018658770213108397
0.6299999999999999,3.880000000000021,0.007584835125327056,-0.01869023978299522
0.6299999999999999,3.860000000000021,0.007482503452458328,-0.018721989847960696
0.6299999999999999,3.840000000000021,0.007379186263603497,-0.01875402413736095
0.6299999999999999,3.820000000000021,0.0072748692974578,-0.018786346446152347
0.6299999999999999,3.800000000000021,0.007169538017284614,-0.018818960636520818
0.6299999999999999,3.780000000000021,0.007063177604091225,-0.018851870638974283
0.6299999999999999,3.760000000000021,0.006955772949716754,-0.018885080454167882
0.6299999999999999,3.740000000000021,0.006847308649997548,-0.018918594154348975
0.6299999999999999,3.720000000000021,0.0067377689971476525,-0.018952415884870066
0.6299999999999999,3.700000000000021,0.006627137972711236,-0.01898654986600086
0.6299999999999999,3.680000000000021,0.006515399239495204,-0.01902100039426382
0.6299999999999999,3.660000000000021,0.006402536133863743,-0.01905577184453138
0.6299999999999999,3.640000000000021,0.006288531657417058,-0.019090868671613734
0.6299999999999999,3.620000000000021,0.00617336846860749,-0.0191262954119684
0.6299999999999999,3.600000000000021,0.006057028874366627,-0.01916205668567056
0.6299999999999999,3.580000000000021,0.005939494820628112,-0.019198157198332948
0.6299999999999999,3.560000000000021,0.0058207478837873,-0.019234601742960412
0.6299999999999999,3.540000000000021,0.005700769260299745,-0.019271395202130157
0.6299999999999999,3.520000000000021,0.005579539758130881,-0.019308542549830034
0.6299999999999999,3.500000000000021,0.005457039785574109,-0.019346048853672755
0.6299999999999999,3.480000000000021,0.005333249341531785,-0.019383919277168843
0.6299999999999999,3.460000000000021,0.005208148004380652,-0.01942215908188112
0.6299999999999999,3.440000000000021,0.005081714921308811,-0.019460773629581866
0.6299999999999999,3.420000000000021,0.004953928796642142,-0.019499768384935744
0.6299999999999999,3.400000000000021,0.004824767880120064,-0.019539148917580677
0.6299999999999999,3.3800000000000208,0.004694209954955055,-0.019578920904923074
0.6299999999999999,3.3600000000000207,0.004562232324907747,-0.019619090134362416
0.6299999999999999,3.3400000000000207,0.004428811801898511,-0.019659662506317725
0.6299999999999999,3.3200000000000207,0.004293924692124052,-0.01970064403657455
0.6299999999999999,3.3000000000000207,0.004157546782778739,-0.01974204085944045
0.6299999999999999,3.2800000000000207,0.004019653327258567,-0.019783859230104325
0.6299999999999999,3.2600000000000207,0.003880219031127001,-0.019826105528192015
0.6299999999999999,3.2400000000000206,0.003739218036274009,-0.019868786260189814
0.6299999999999999,3.2200000000000206,0.0035966239057121613,-0.0199119080630819
0.6299999999999999,3.2000000000000206,0.003452409606993825,-0.01995547770719297
0.6299999999999999,3.1800000000000206,0.003306547495863431,-0.01999950209961411
0.6299999999999999,3.1600000000000206,0.003159009298525054,-0.02004398828771832
0.6299999999999999,3.1400000000000206,0.003009766093969385,-0.02008894346237383
0.6299999999999999,3.1200000000000205,0.0028587882953359216,-0.020134374961774018
0.6299999999999999,3.1000000000000205,0.0027060456308492012,-0.020180290275174873
0.6299999999999999,3.0800000000000205,0.002551507123818939,-0.02022669704637202
0.6299999999999999,3.0600000000000205,0.00239514107250302,-0.02027360307786618
0.6299999999999999,3.0400000000000205,0.002236915028407334,-0.020321016335045274
0.6299999999999999,3.0200000000000204,0.002076795774587187,-0.02036894494999021
0.6299999999999999,3.0000000000000204,0.0019147493028062713,-0.020417397225954412
0.6299999999999999,2.9800000000000204,0.0017507407901120688,-0.0204663816418037
0.6299999999999999,2.9600000000000204,0.0015847345743438164,-0.020515906856308712
0.6299999999999999,2.9400000000000204,0.0014166941286938893,-0.020565981713301373
0.6299999999999999,2.9200000000000204,0.0012465820359088362,-0.020616615245905807
0.6299999999999999,2.9000000000000203,0.0010743599608068935,-0.02066781668192505
0.6299999999999999,2.8800000000000203,0.0008999886222850941,-0.020719595448778584
0.6299999999999999,2.8600000000000203,0.0007234277643024629,-0.020771961178717494
0.6299999999999999,2.8400000000000203,0.0005446361252642307,-0.020824923714557304
0.6299999999999999,2.8200000000000203,0.00036357140711844836,-0.020878493114742533
0.6299999999999999,2.8000000000000203,0.00018019024230454974,-0.020932679659656478
0.6299999999999999,2.7800000000000202,-5.551839259494706e-6,-0.02098749385722784
0.6299999999999999,2.76000000000002,-0.0001937004460855398,-0.021042946449198865
0.6299999999999999,2.74000000000002,-0.0003843023607160417,-0.021099048417326405
0.6299999999999999,2.72000000000002,-0.0005774055780674368,-0.021155810990087773
0.6299999999999999,2.70000000000002,-0.0007730593442418815,-0.02121324564917322
0.6299999999999999,2.68000000000002,-0.0009713141974292316,-0.021271364136578638
0.6299999999999999,2.66000000000002,-0.0011722220101788585,-0.021330178461667793
0.6299999999999999,2.64000000000002,-0.0013758360333813884,-0.02138970090857427
0.6299999999999999,2.62000000000002,-0.001582210942034072,-0.021449944043749086
0.6299999999999999,2.60000000000002,-0.0017914028825375939,-0.021510920723880868
0.6299999999999999,2.58000000000002,-0.002003469522511087,-0.021572644103903388
0.6299999999999999,2.56000000000002,-0.0022184701017788945,-0.02163512764536836
0.6299999999999999,2.54000000000002,-0.0024364654862426656,-0.021698385125093728
0.6299999999999999,2.52000000000002,-0.0026575182232761044,-0.021762430643949553
0.6299999999999999,2.50000000000002,-0.0028816925995499188,-0.02182727863607769
0.6299999999999999,2.48000000000002,-0.0031090547017900553,-0.021892943878411883
0.6299999999999999,2.46000000000002,-0.0033396724794080962,-0.021959441500331897
0.6299999999999999,2.44000000000002,-0.003573615809518718,-0.022026786993661042
0.6299999999999999,2.42000000000002,-0.0038109565659895624,-0.022094996223281177
0.6299999999999999,2.40000000000002,-0.004051768689825161,-0.022164085437771194
0.6299999999999999,2.38000000000002,-0.004296128263479148,-0.022234071280215515
0.6299999999999999,2.36000000000002,-0.004544113588264235,-0.022304970800024915
0.6299999999999999,2.34000000000002,-0.004795805264826453,-0.022376801464478846
0.6299999999999999,2.32000000000002,-0.005051286277262229,-0.022449581170873305
0.6299999999999999,2.30000000000002,-0.005310642080885553,-0.022523328259268796
0.6299999999999999,2.28000000000002,-0.005573960693999873,-0.02259806152526364
0.6299999999999999,2.2600000000000198,-0.005841332793380484,-0.02267380023330865
0.6299999999999999,2.2400000000000198,-0.0061128518145569365,-0.022750564130672418
0.6299999999999999,2.2200000000000197,-0.006388614055630194,-0.022828373461608396
0.6299999999999999,2.2000000000000197,-0.0066687187872662874,-0.022907248982114006
0.6299999999999999,2.1800000000000197,-0.0069532683660672254,-0.022987211974724114
0.6299999999999999,2.1600000000000197,-0.007242368354376333,-0.02306828426464154
0.6299999999999999,2.1400000000000197,-0.00753612764471194,-0.023150488235518844
0.6299999999999999,2.1200000000000196,-0.007834658591192934,-0.02323384684614152
0.6299999999999999,2.1000000000000196,-0.008138077144893754,-0.023318383647646962
0.6299999999999999,2.0800000000000196,-0.008446502998479898,-0.023404122801099145
0.6299999999999999,2.0600000000000196,-0.008760059735059764,-0.023491089095733927
0.6299999999999999,2.0400000000000196,-0.009078874985820419,-0.023579307967813302
0.6299999999999999,2.0200000000000196,-0.009403080594584171,-0.023668805519771546
0.6299999999999999,2.0000000000000195,-0.00973281279013321,-0.023759608540331024
0.6299999999999999,1.9800000000000195,-0.010068212367407226,-0.023851744524919824
0.6299999999999999,1.9600000000000195,-0.010409424877430313,-0.023945241696702986
0.6299999999999999,1.9400000000000195,-0.01075660082640633,-0.024040129028383154
0.6299999999999999,1.9200000000000195,-0.011109895884695683,-0.024136436264739512
0.6199999999999999,5,0.011830616730631703,-0.01637773746394043
0.6199999999999999,4.98,0.011766180207808256,-0.016398510025132526
0.6199999999999999,4.960000000000001,0.01170125409245525,-0.016419432117918124
0.6199999999999999,4.940000000000001,0.011635832793405496,-0.01644050535353058
0.6199999999999999,4.920000000000002,0.011569910634479378,-0.016461731366162538
0.6199999999999999,4.900000000000002,0.011503481852323517,-0.01648311181349936
0.6199999999999999,4.880000000000003,0.011436540595073371,-0.01650464837730123
0.6199999999999999,4.860000000000003,0.011369080920616555,-0.016526342763489812
0.6199999999999999,4.840000000000003,0.011301096794703702,-0.016548196702863706
0.6199999999999999,4.820000000000004,0.01123258208936144,-0.016570211951374814
0.6199999999999999,4.800000000000004,0.011163530580858512,-0.01659239029087639
0.6199999999999999,4.780000000000005,0.011093935948079035,-0.01661473352908173
0.6199999999999999,4.760000000000005,0.011023791770364957,-0.01663724350047216
0.6199999999999999,4.7400000000000055,0.010953091525807564,-0.016659922066683257
0.6199999999999999,4.720000000000006,0.010881828588801773,-0.01668277111698928
0.6199999999999999,4.700000000000006,0.010809996228681947,-0.016705792568660068
0.6199999999999999,4.680000000000007,0.0107375876068889,-0.016728988367759733
0.6199999999999999,4.660000000000007,0.010664595775466365,-0.016752360489492336
0.6199999999999999,4.640000000000008,0.010591013674282584,-0.016775910938789246
0.6199999999999999,4.620000000000008,0.010516834129202741,-0.01679964175086246
0.6199999999999999,4.6000000000000085,0.01044204984949053,-0.016823554991744344
0.6199999999999999,4.580000000000009,0.010366653425873697,-0.01684765275899646
0.6199999999999999,4.560000000000009,0.010290637327408706,-0.016871937182170282
0.6199999999999999,4.54000000000001,0.010213993899514355,-0.016896410423448846
0.6199999999999999,4.52000000000001,0.010136715361513329,-0.01692107467818002
0.6199999999999999,4.500000000000011,0.010058793803676885,-0.016945932175869732
0.6199999999999999,4.480000000000011,0.009980221184656992,-0.016970985180343442
0.6199999999999999,4.4600000000000115,0.009900989328838405,-0.016996235990721656
0.6199999999999999,4.440000000000012,0.00982108992339866,-0.017021686942070742
0.6199999999999999,4.420000000000012,0.009740514515687106,-0.017047340405988487
0.6199999999999999,4.400000000000013,0.009659254509970395,-0.017073198791363903
0.6199999999999999,4.380000000000013,0.009577301164298736,-0.017099264545198264
0.6199999999999999,4.360000000000014,0.009494645588081566,-0.01712554015324863
0.6199999999999999,4.340000000000014,0.009411278738079605,-0.017152028140779138
0.6199999999999999,4.3200000000000145,0.0093271914157502,-0.017178731073424873
0.6199999999999999,4.300000000000015,0.009242374263443234,-0.01720565155803698
0.6199999999999999,4.280000000000015,0.0091568177613498,-0.017232792243240994
0.6199999999999999,4.260000000000016,0.009070512223650514,-0.01726015582050945
0.6199999999999999,4.240000000000016,0.00898344779523512,-0.017287745025112003
0.6199999999999999,4.220000000000017,0.008895614447514077,-0.017315562636579997
0.6199999999999999,4.200000000000017,0.008807001975309302,-0.017343611480139243
0.6199999999999999,4.1800000000000175,0.00871759999226449,-0.017371894427145845
0.6199999999999999,4.160000000000018,0.008627397927035879,-0.01740041439644556
0.6199999999999999,4.140000000000018,0.008536385019420875,-0.017429174354929085
0.6199999999999999,4.120000000000019,0.008444550315843138,-0.01745817731894668
0.6199999999999999,4.100000000000019,0.008351882665150936,-0.017487426355004526
0.6199999999999999,4.08000000000002,0.008258370714105418,-0.017516924580886967
0.6199999999999999,4.06000000000002,0.008164002902670664,-0.017546675166869335
0.6199999999999999,4.0400000000000205,0.008068767459608231,-0.0175766813365546
0.6199999999999999,4.020000000000021,0.00797265239741668,-0.017606946368128915
0.6199999999999999,4.000000000000021,0.007875645507297968,-0.017637473595704473
0.6199999999999999,3.9800000000000213,0.00777773435426477,-0.017668266410025987
0.6199999999999999,3.9600000000000213,0.007678906271640593,-0.017699328260068238
0.6199999999999999,3.9400000000000213,0.007579148356029327,-0.01773066265418185
0.6199999999999999,3.9200000000000212,0.007478447461379146,-0.017762273161315643
0.6199999999999999,3.9000000000000212,0.0073767901934152,-0.017794163412222556
0.6199999999999999,3.880000000000021,0.007274162903924279,-0.017826337100963027
0.6199999999999999,3.860000000000021,0.007170551684546372,-0.017858797986232897
0.6199999999999999,3.840000000000021,0.007065942360475228,-0.017891549892626313
0.6199999999999999,3.820000000000021,0.006960320484434703,-0.01792459671223913
0.6199999999999999,3.800000000000021,0.006853671329884785,-0.017957942406152352
0.6199999999999999,3.780000000000021,0.006745979884135384,-0.017991591005630622
0.6199999999999999,3.760000000000021,0.0066372308416118905,-0.018025546614073504
0.6199999999999999,3.740000000000021,0.006527408596738549,-0.01805981340845448
0.6199999999999999,3.720000000000021,0.0064164972362811415,-0.018094395640850455
0.6199999999999999,3.700000000000021,0.006304480532017583,-0.01812929764023384
0.6199999999999999,3.680000000000021,0.006191341933048317,-0.018164523814187573
0.6199999999999999,3.660000000000021,0.006077064557348395,-0.01820007865055228
0.6199999999999999,3.640000000000021,0.005961631183784511,-0.01823596671947729
0.6199999999999999,3.620000000000021,0.005845024243535571,-0.018272192674988648
0.6199999999999999,3.600000000000021,0.005727225811267623,-0.01830876125710347
0.6199999999999999,3.580000000000021,0.005608217596223688,-0.018345677293667484
0.6199999999999999,3.560000000000021,0.005487980932694096,-0.018382945702544132
0.6199999999999999,3.540000000000021,0.0053664967704520625,-0.018420571493462018
0.6199999999999999,3.520000000000021,0.005243745664874138,-0.01845855977022806
0.6199999999999999,3.500000000000021,0.005119707766956692,-0.01849691573302034
0.6199999999999999,3.480000000000021,0.004994362812332857,-0.018535644680454683
0.6199999999999999,3.460000000000021,0.004867690110700011,-0.018574752011997542
0.6199999999999999,3.440000000000021,0.0047396685346035,-0.018614243230322847
0.6199999999999999,3.420000000000021,0.004610276507795094,-0.01865412394372757
0.6199999999999999,3.400000000000021,0.004479491993365147,-0.018694399868494443
0.6199999999999999,3.3800000000000208,0.0043472924814353595,-0.018735076831799542
0.6199999999999999,3.3600000000000207,0.004213654976509319,-0.018776160773993536
0.6199999999999999,3.3400000000000207,0.004078555984099302,-0.01881765775156146
0.6199999999999999,3.3200000000000207,0.003941971497685771,-0.01885957393978281
0.6199999999999999,3.3000000000000207,0.0038038769842217296,-0.01890191563571835
0.6199999999999999,3.2800000000000207,0.0036642473700430767,-0.01894468926099322
0.6199999999999999,3.2600000000000207,0.003523057025968465,-0.01898790136505092
0.6199999999999999,3.2400000000000206,0.0033802797515404795,-0.019031558627964212
0.6199999999999999,3.2200000000000206,0.0032358887595696556,-0.019075667864126455
0.6199999999999999,3.2000000000000206,0.0030898566594865064,-0.019120236025020623
0.6199999999999999,3.1800000000000206,0.0029421554402423765,-0.01916527020303821
0.6199999999999999,3.1600000000000206,0.0027927564529304214,-0.019210777634773246
0.6199999999999999,3.1400000000000206,0.002641630392596901,-0.01925676570460037
0.6199999999999999,3.1200000000000205,0.002488747279326019,-0.019303241948654987
0.6199999999999999,3.1000000000000205,0.0023340764388557617,-0.01935021405825489
0.6199999999999999,3.0800000000000205,0.0021775864825916654,-0.019397689884058794
0.6199999999999999,3.0600000000000205,0.0020192452867106624,-0.019445677440186687
0.6199999999999999,3.0400000000000205,0.0018590199706439389,-0.019494184908188217
0.6199999999999999,3.0200000000000204,0.0016968768747039052,-0.01954322064142891
0.6199999999999999,3.0000000000000204,0.001532781537340875,-0.019592793169600345
0.6199999999999999,2.9800000000000204,0.0013666986706896245,-0.019642911203002753
0.6199999999999999,2.9600000000000204,0.0011985921365920784,-0.019693583637519156
0.6199999999999999,2.9400000000000204,0.0010284249200298932,-0.01974481955939171
0.6199999999999999,2.9200000000000204,0.000856159103622988,-0.01979662824994785
0.6199999999999999,2.9000000000000203,0.0006817558391220236,-0.019849019191054668
0.6199999999999999,2.8800000000000203,0.0005051753194954193,-0.019902002070233876
0.6199999999999999,2.8600000000000203,0.00032637674942361406,-0.019955586786059923
0.6199999999999999,2.8400000000000203,0.00014531831399101892,-0.020009783453975846
0.6199999999999999,2.8200000000000203,-0.0000380428524477173,-0.020064602411738172
0.6199999999999999,2.8000000000000203,-0.00022375069962502262,-0.020120054225761644
0.6199999999999999,2.7800000000000202,-0.0004118502953222038,-0.02017614969706584
0.6199999999999999,2.76000000000002,-0.000602387861339738,-0.020232899867434512
0.6199999999999999,2.74000000000002,-0.0007954108098394307,-0.02029031602648286
0.6199999999999999,2.72000000000002,-0.000990967782100558,-0.020348409717629856
0.6199999999999999,2.70000000000002,-0.0011891086879854966,-0.020407192745896405
0.6199999999999999,2.68000000000002,-0.0013898847474332014,-0.020466677184342585
0.6199999999999999,2.66000000000002,-0.001593348533281164,-0.020526875381935095
0.6199999999999999,2.64000000000002,-0.0017995540159272821,-0.020587799970834764
0.6199999999999999,2.62000000000002,-0.0020085566095993947,-0.020649463874606713
0.6199999999999999,2.60000000000002,-0.0022204132206696857,-0.020711880316131685
0.6199999999999999,2.58000000000002,-0.0024351822977561567,-0.02077506282579765
0.6199999999999999,2.56000000000002,-0.0026529238838585052,-0.020839025250589442
0.6199999999999999,2.54000000000002,-0.002873699670641086,-0.020903781762621636
0.6199999999999999,2.52000000000002,-0.0030975730547983535,-0.020969346868602433
0.6199999999999999,2.50000000000002,-0.0033246091969616164,-0.02103573541897366
0.6199999999999999,2.48000000000002,-0.003554875082797623,-0.021102962618132062
0.6199999999999999,2.46000000000002,-0.003788439586911613,-0.021171044034308487
0.6199999999999999,2.44000000000002,-0.004025373539072491,-0.021239995609964743
0.6199999999999999,2.42000000000002,-0.004265749793441332,-0.021309833672646994
0.6199999999999999,2.40000000000002,-0.0045096433007344675,-0.02138057494622879
0.6199999999999999,2.38000000000002,-0.004757131183465463,-0.0214522365621527
0.6199999999999999,2.36000000000002,-0.0050082928142044375,-0.021524836071206806
0.6199999999999999,2.34000000000002,-0.005263209897407396,-0.021598391456344977
0.6199999999999999,2.32000000000002,-0.005521966554859757,-0.021672921144493103
0.6199999999999999,2.30000000000002,-0.00578464941475919,-0.021748444020281685
0.6199999999999999,2.28000000000002,-0.0060513477045313,-0.021824979438958003
0.6199999999999999,2.2600000000000198,-0.006322153347909176,-0.021902547240597134
0.6199999999999999,2.2400000000000198,-0.006597161066732957,-0.0219811677644422
0.6199999999999999,2.2200000000000197,-0.006876468486516345,-0.02206086186337433
0.6199999999999999,2.2000000000000197,-0.007160176247413269,-0.022141650919648665
0.6199999999999999,2.1800000000000197,-0.007448388119902408,-0.02222355686009647
0.6199999999999999,2.1600000000000197,-0.007741211126181511,-0.02230660217292728
0.6199999999999999,2.1400000000000197,-0.00803875566653955,-0.02239080992402369
0.6199999999999999,2.1200000000000196,-0.008341135651908539,-0.02247620377460428
0.6199999999999999,2.1000000000000196,-0.008648468642974437,-0.022562807998795287
0.6199999999999999,2.0800000000000196,-0.008960875995326537,-0.022650647502256066
0.6199999999999999,2.0600000000000196,-0.009278483011369215,-0.022739747840884644
0.6199999999999999,2.0400000000000196,-0.009601419099994095,-0.022830135240662873
0.6199999999999999,2.0200000000000196,-0.00992981794379616,-0.022921836617599226
0.6199999999999999,2.0000000000000195,-0.010263817674143978,-0.023014879598644802
0.6199999999999999,1.9800000000000195,-0.010603561054686138,-0.02310929254299214
0.6199999999999999,1.9600000000000195,-0.010949195674563216,-0.02320510456406509
0.6199999999999999,1.9400000000000195,-0.011300874150097753,-0.023302345552405082
0.6199999999999999,1.9200000000000195,-0.011658754337524774,-0.023401046198802414
0.6099999999999999,5,0.011567052145545091,-0.015469368862495808
0.6099999999999999,4.98,0.011501805433212118,-0.015490587033590669
0.6099999999999999,4.960000000000001,0.011436062866836108,-0.015511958112001623
0.6099999999999999,4.940000000000001,0.011369818782667433,-0.015533483747318527
0.6099999999999999,4.920000000000002,0.011303067430393426,-0.015555165612693142
0.6099999999999999,4.900000000000002,0.011235802971750957,-0.015577005405268136
0.6099999999999999,4.880000000000003,0.01116801947869445,-0.015599004846825665
0.6099999999999999,4.860000000000003,0.011099710931651022,-0.015621165684044355
0.6099999999999999,4.840000000000003,0.011030871217838955,-0.015643489689035284
0.6099999999999999,4.820000000000004,0.010961494129248038,-0.01566597865970335
0.6099999999999999,4.800000000000004,0.0108915733612945,-0.015688634420351455
0.6099999999999999,4.780000000000005,0.010821102510248062,-0.01571145882218925
0.6099999999999999,4.760000000000005,0.01075007507171093,-0.015734453743524834
0.6099999999999999,4.7400000000000055,0.010678484438643103,-0.015757621090658154
0.6099999999999999,4.720000000000006,0.010606323899144805,-0.015780962798109893
0.6099999999999999,4.700000000000006,0.010533586634526502,-0.01580448082927902
0.6099999999999999,4.680000000000007,0.010460265716989277,-0.015828177176931378
0.6099999999999999,4.660000000000007,0.010386354107748758,-0.015852053863785985
0.6099999999999999,4.640000000000008,0.010311844654454857,-0.01587611294302743
0.6099999999999999,4.620000000000008,0.01023673008931104,-0.015900356498864864
0.6099999999999999,4.6000000000000085,0.010161003026157847,-0.015924786647256252
0.6099999999999999,4.580000000000009,0.010084655958775647,-0.01594940553632352
0.6099999999999999,4.560000000000009,0.010007681257832548,-0.015974215347076243
0.6099999999999999,4.54000000000001,0.009930071168536649,-0.015999218293912466
0.6099999999999999,4.52000000000001,0.009851817808350066,-0.016024416625417405
0.6099999999999999,4.500000000000011,0.009772913163949947,-0.01604981262500317
0.6099999999999999,4.480000000000011,0.009693349088672962,-0.016075408611406848
0.6099999999999999,4.4600000000000115,0.009613117299818112,-0.016101206939577714
0.6099999999999999,4.440000000000012,0.009532209375568649,-0.01612721000122798
0.6099999999999999,4.420000000000012,0.00945061675247848,-0.016153420225626748
0.6099999999999999,4.400000000000013,0.00936833072186654,-0.016179840080341568
0.6099999999999999,4.380000000000013,0.009285342427550723,-0.016206472071953235
0.6099999999999999,4.360000000000014,0.009201642861943643,-0.016233318746770246
0.6099999999999999,4.340000000000014,0.009117222863152506,-0.01626038269179865
0.6099999999999999,4.3200000000000145,0.009032073111744775,-0.016287666535182835
0.6099999999999999,4.300000000000015,0.008946184127256443,-0.01631517294763596
0.6099999999999999,4.280000000000015,0.008859546264777364,-0.016342904642663615
0.6099999999999999,4.260000000000016,0.008772149711038478,-0.016370864377557692
0.6099999999999999,4.240000000000016,0.008683984481401768,-0.016399054954698497
0.6099999999999999,4.220000000000017,0.008595040415541752,-0.016427479221979305
0.6099999999999999,4.200000000000017,0.008505307173599593,-0.01645614007391014
0.6099999999999999,4.1800000000000175,0.008414774232654621,-0.016485040452616825
0.6099999999999999,4.160000000000018,0.00832343088218489,-0.016514183348733794
0.6099999999999999,4.140000000000018,0.008231266220264332,-0.016543571802376922
0.6099999999999999,4.120000000000019,0.008138269148884185,-0.016573208904330075
0.6099999999999999,4.100000000000019,0.008044428369857592,-0.016603097796819774
0.6099999999999999,4.08000000000002,0.007949732380093166,-0.01663324167476228
0.6099999999999999,4.06000000000002,0.007854169467426553,-0.01666364378694797
0.6099999999999999,4.0400000000000205,0.007757727704778823,-0.016694307436905878
0.6099999999999999,4.020000000000021,0.007660394946582892,-0.01672523598418174
0.6099999999999999,4.000000000000021,0.007562158822732189,-0.01675643284568383
0.6099999999999999,3.9800000000000213,0.007463006734002208,-0.01678790149650651
0.6099999999999999,3.9600000000000213,0.007362925846173198,-0.01681964547157902
0.6099999999999999,3.9400000000000213,0.007261903085231695,-0.016851668366645388
0.6099999999999999,3.9200000000000212,0.007159925131176667,-0.016883973839797242
0.6099999999999999,3.9000000000000212,0.007056978412454874,-0.016916565612468723
0.6099999999999999,3.880000000000021,0.006953049100116965,-0.016949447471169
0.6099999999999999,3.860000000000021,0.00684812310159481,-0.0169826232686867
0.6099999999999999,3.840000000000021,0.0067421860541474875,-0.017016096925681637
0.6099999999999999,3.820000000000021,0.006635223319117903,-0.01704987243185413
0.6099999999999999,3.800000000000021,0.006527219974381739,-0.017083953847889452
0.6099999999999999,3.780000000000021,0.00641816080818269,-0.017118345306613797
0.6099999999999999,3.760000000000021,0.006308030311873665,-0.017153051014811814
0.6099999999999999,3.740000000000021,0.006196812672354347,-0.017188075254874164
0.6099999999999999,3.720000000000021,0.006084491765173027,-0.01722342238632063
0.6099999999999999,3.700000000000021,0.005971051146299178,-0.01725909684768588
0.6099999999999999,3.680000000000021,0.005856474044689457,-0.01729510315820741
0.6099999999999999,3.660000000000021,0.005740743353668975,-0.017331445919651543
0.6099999999999999,3.640000000000021,0.005623841622991616,-0.017368129818096954
0.6099999999999999,3.620000000000021,0.005505751049759373,-0.017405159626180763
0.6099999999999999,3.600000000000021,0.005386453469818711,-0.017442540204541203
0.6099999999999999,3.580000000000021,0.005265930348508427,-0.017480276504185745
0.6099999999999999,3.560000000000021,0.005144162771335797,-0.017518373568605555
0.6099999999999999,3.540000000000021,0.005021131433635641,-0.01755683653566742
0.6099999999999999,3.520000000000021,0.0048968166315307374,-0.017595670640058576
0.6099999999999999,3.500000000000021,0.004771198250675792,-0.017634881215195755
0.6099999999999999,3.480000000000021,0.004644255755812937,-0.017674473695878275
0.6099999999999999,3.460000000000021,0.004515968180238486,-0.017714453620546466
0.6099999999999999,3.440000000000021,0.004386314113733957,-0.017754826633595976
0.6099999999999999,3.420000000000021,0.004255271691273562,-0.017795598488041547
0.6099999999999999,3.400000000000021,0.004122818580962001,-0.01783677504802108
0.6099999999999999,3.3800000000000208,0.003988931971217268,-0.01787836229144002
0.6099999999999999,3.3600000000000207,0.0038535885581607743,-0.01792036631272196
0.6099999999999999,3.3400000000000207,0.0037167645324645603,-0.01796279332555925
0.6099999999999999,3.3200000000000207,0.003578435565140459,-0.018005649665911103
0.6099999999999999,3.3000000000000207,0.0034385767939195833,-0.018048941794778818
0.6099999999999999,3.2800000000000207,0.003297162808180369,-0.018092676301338484
0.6099999999999999,3.2600000000000207,0.0031541676342679474,-0.018136859906215205
0.6099999999999999,3.2400000000000206,0.003009564719282287,-0.018181499464470063
0.6099999999999999,3.2200000000000206,0.0028633269154467837,-0.018226601968980252
0.6099999999999999,3.2000000000000206,0.002715426463444211,-0.018272174553957105
0.6099999999999999,3.1800000000000206,0.002565834974709815,-0.018318224498317402
0.6099999999999999,3.1600000000000206,0.0024145234142280633,-0.018364759229415207
0.6099999999999999,3.1400000000000206,0.0022614620815637034,-0.018411786326634393
0.6099999999999999,3.1200000000000205,0.0021066205920946225,-0.01845931352533095
0.6099999999999999,3.1000000000000205,0.0019499678573062242,-0.01850734872067563
0.6099999999999999,3.0800000000000205,0.0017914720644366397,-0.018555899971765974
0.6099999999999999,3.0600000000000205,0.0016311006549852678,-0.018604975505776607
0.6099999999999999,3.0400000000000205,0.001468820303517214,-0.01865458372226668
0.6099999999999999,3.0200000000000204,0.0013045968946752355,-0.018704733197628345
0.6099999999999999,3.0000000000000204,0.0011383954996088469,-0.018755432689528895
0.6099999999999999,2.9800000000000204,0.0009701803522489789,-0.018806691141821666
0.6099999999999999,2.9600000000000204,0.0007999148238532508,-0.018858517689203283
0.6099999999999999,2.9400000000000204,0.0006275613969952015,-0.018910921662204316
0.6099999999999999,2.9200000000000204,0.00045308163893999307,-0.01896391259247361
0.6099999999999999,2.9000000000000203,0.000276436173247227,-0.019017500217947427
0.6099999999999999,2.8800000000000203,0.00009758465130771778,-0.019071694488295945
0.6099999999999999,2.8600000000000203,-0.00008351427780868125,-0.019126505570591937
0.6099999999999999,2.8400000000000203,-0.0002669029989241275,-0.019181943855053084
0.6099999999999999,2.8200000000000203,-0.0004526249619675156,-0.019238019961230472
0.6099999999999999,2.8000000000000203,-0.0006407247165350174,-0.019294744743791413
0.6099999999999999,2.7800000000000202,-0.0008312479459535119,-0.019352129299131104
0.6099999999999999,2.76000000000002,-0.0010242415037104574,-0.019410184971961522
0.6099999999999999,2.74000000000002,-0.0012197534505266599,-0.019468923361783033
0.6099999999999999,2.72000000000002,-0.0014178330935713135,-0.01952835633019863
0.6099999999999999,2.70000000000002,-0.0016185310264341555,-0.019588496007879957
0.6099999999999999,2.68000000000002,-0.0018218991711598696,-0.019649354801924243
0.6099999999999999,2.66000000000002,-0.0020279908222613197,-0.019710945403734165
0.6099999999999999,2.64000000000002,-0.002236860691144051,-0.01977328079669512
0.6099999999999999,2.62000000000002,-0.0024485649538006594,-0.019836374264358886
0.6099999999999999,2.60000000000002,-0.002663161299338045,-0.019900239399013246
0.6099999999999999,2.58000000000002,-0.002880708981144551,-0.019964890110032565
0.6099999999999999,2.56000000000002,-0.0031012688697184994,-0.020030340632967783
0.6099999999999999,2.54000000000002,-0.0033249035075224777,-0.020096605538980773
0.6099999999999999,2.52000000000002,-0.003551677166519311,-0.02016369974397821
0.6099999999999999,2.50000000000002,-0.0037816559076012707,-0.02023163851873721
0.6099999999999999,2.48000000000002,-0.004014907643053711,-0.02030043749891032
0.6099999999999999,2.46000000000002,-0.00425150220082786,-0.02037011269553292
0.6099999999999999,2.44000000000002,-0.004491511391920257,-0.020440680505933548
0.6099999999999999,2.42000000000002,-0.004735009081241805,-0.02051215772460034
0.6099999999999999,2.40000000000002,-0.004982071259881942,-0.020584561555200595
0.6099999999999999,2.38000000000002,-0.005232776122242804,-0.02065790962191734
0.6099999999999999,2.36000000000002,-0.0054872041449408075,-0.020732219982119396
0.6099999999999999,2.34000000000002,-0.005745438170212353,-0.020807511138946015
0.6099999999999999,2.32000000000002,-0.006007563492486989,-0.0208838020542845
0.6099999999999999,2.30000000000002,-0.006273667948701136,-0.020961112162507227
0.6099999999999999,2.28000000000002,-0.0065438420126604155,-0.021039461384130945
0.6099999999999999,2.2600000000000198,-0.006818178893696746,-0.021118870140596907
0.6099999999999999,2.2400000000000198,-0.007096774639424782,-0.02119935936879057
0.6099999999999999,2.2200000000000197,-0.00737972824389631,-0.021280950536636437
0.6099999999999999,2.2000000000000197,-0.007667141758959503,-0.021363665658755603
0.6099999999999999,2.1800000000000197,-0.007959120413131246,-0.021447527313034884
0.6099999999999999,2.1600000000000197,-0.008255772733313651,-0.02153255865754331
0.6099999999999999,2.1400000000000197,-0.008557210674355518,-0.021618783447526504
0.6099999999999999,2.1200000000000196,-0.008863549752998011,-0.021706226053916436
0.6099999999999999,2.1000000000000196,-0.009174909189197071,-0.021794911481665888
0.6099999999999999,2.0800000000000196,-0.009491412053268582,-0.02188486538888993
0.6099999999999999,2.0600000000000196,-0.009813185420737332,-0.021976114106530713
0.6099999999999999,2.0400000000000196,-0.010140360533858767,-0.02206868465895581
0.6099999999999999,2.0200000000000196,-0.010473072971592686,-0.02216260478475185
0.6099999999999999,2.0000000000000195,-0.01081146282740865,-0.02225790295841576
0.6099999999999999,1.9800000000000195,-0.011155674895530883,-0.022354608412695917
0.6099999999999999,1.9600000000000195,-0.011505858867189194,-0.022452751161507953
0.6099999999999999,1.9400000000000195,-0.011862169535628853,-0.022552362023724487
0.6099999999999999,1.9200000000000195,-0.012224767011819335,-0.02265347264738172
0.5999999999999999,5,0.011294186251399163,-0.014548489804098313
0.5999999999999999,4.98,0.01122810697946345,-0.014570156327441186
0.5999999999999999,4.960000000000001,0.011161525415519302,-0.014591979154330886
0.5999999999999999,4.940000000000001,0.011094435820925525,-0.01461395997288431
0.5999999999999999,4.920000000000002,0.011026832369505772,-0.014636100495278151
0.5999999999999999,4.900000000000002,0.010958709145665036,-0.014658402458503583
0.5999999999999999,4.880000000000003,0.010890060143120798,-0.014680867624649846
0.5999999999999999,4.860000000000003,0.010820879262507728,-0.01470349778130113
0.5999999999999999,4.840000000000003,0.010751160310261304,-0.01472629474216984
0.5999999999999999,4.820000000000004,0.010680896996288715,-0.014749260347327972
0.5999999999999999,4.800000000000004,0.010610082932260241,-0.014772396464045628
0.5999999999999999,4.780000000000005,0.010538711629901564,-0.014795704986921454
0.5999999999999999,4.760000000000005,0.010466776498499654,-0.014819187838547604
0.5999999999999999,4.7400000000000055,0.01039427084357286,-0.014842846970076463
0.5999999999999999,4.720000000000006,0.010321187864196788,-0.014866684361723639
0.5999999999999999,4.700000000000006,0.010247520651211813,-0.014890702023099441
0.5999999999999999,4.680000000000007,0.010173262185096156,-0.014914901994101039
0.5999999999999999,4.660000000000007,0.010098405333519482,-0.014939286345173303
0.5999999999999999,4.640000000000008,0.010022942849406632,-0.014963857178124089
0.5999999999999999,4.620000000000008,0.009946867368243987,-0.014988616626521595
0.5999999999999999,4.6000000000000085,0.009870171406069016,-0.015013566856379591
0.5999999999999999,4.580000000000009,0.009792847356695004,-0.015038710066707373
0.5999999999999999,4.560000000000009,0.009714887489522312,-0.015064048490353102
0.5999999999999999,4.54000000000001,0.009636283946787162,-0.015089584394385722
0.5999999999999999,4.52000000000001,0.00955702874108046,-0.015115320080728044
0.5999999999999999,4.500000000000011,0.009477113752380042,-0.015141257887143197
0.5999999999999999,4.480000000000011,0.009396530725810539,-0.01516740018768866
0.5999999999999999,4.4600000000000115,0.009315271268339179,-0.015193749393353592
0.5999999999999999,4.440000000000012,0.009233326846158024,-0.015220307952914777
0.5999999999999999,4.420000000000012,0.009150688781661885,-0.015247078353742644
0.5999999999999999,4.400000000000013,0.0090673482502941,-0.015274063122349343
0.5999999999999999,4.380000000000013,0.008983296277675447,-0.015301264825212532
0.5999999999999999,4.360000000000014,0.00889852373620634,-0.015328686069754544
0.5999999999999999,4.340000000000014,0.00881302134188602,-0.015356329504877808
0.5999999999999999,4.3200000000000145,0.008726779650960926,-0.015384197821983678
0.5999999999999999,4.300000000000015,0.00863978905642911,-0.015412293755706803
0.5999999999999999,4.280000000000015,0.008552039784443046,-0.015440620084839075
0.5999999999999999,4.260000000000016,0.008463521891180985,-0.015469179633157502
0.5999999999999999,4.240000000000016,0.008374225258076958,-0.01549797527044969
0.5999999999999999,4.220000000000017,0.008284139589286475,-0.01552700991327774
0.5999999999999999,4.200000000000017,0.008193254406823974,-0.015556286526068934
0.5999999999999999,4.1800000000000175,0.008101559046886895,-0.015585808122028658
0.5999999999999999,4.160000000000018,0.008009042655735845,-0.015615577764171884
0.5999999999999999,4.140000000000018,0.007915694185442508,-0.015645598566210672
0.5999999999999999,4.120000000000019,0.007821502389563535,-0.01567587369373223
0.5999999999999999,4.100000000000019,0.00772645581852527,-0.015706406365343147
0.5999999999999999,4.08000000000002,0.007630542815217813,-0.015737199853562922
0.5999999999999999,4.06000000000002,0.007533751510188903,-0.015768257486119992
0.5999999999999999,4.0400000000000205,0.007436069816849527,-0.01579958264702292
0.5999999999999999,4.020000000000021,0.007337485426464991,-0.015831178777654102
0.5999999999999999,4.000000000000021,0.00723798580294626,-0.015863049378270946
0.5999999999999999,3.9800000000000213,0.007137558177927755,-0.0158951980089711
0.5999999999999999,3.9600000000000213,0.007036189544982365,-0.015927628290986158
0.5999999999999999,3.9400000000000213,0.006933866654223014,-0.015960343908159168
0.5999999999999999,3.9200000000000212,0.006830576006681227,-0.015993348608156377
0.5999999999999999,3.9000000000000212,0.006726303848328219,-0.01602664620382794
0.5999999999999999,3.880000000000021,0.006621036164253046,-0.01606024057467524
0.5999999999999999,3.860000000000021,0.0065147586719987586,-0.01609413566828144
0.5999999999999999,3.840000000000021,0.006407456815836489,-0.01612833550171803
0.5999999999999999,3.820000000000021,0.006299115759529773,-0.016162844163210892
0.5999999999999999,3.800000000000021,0.0061897203801668035,-0.016197665813633452
0.5999999999999999,3.780000000000021,0.0060792552607027515,-0.016232804687914333
0.5999999999999999,3.760000000000021,0.005967704683404885,-0.016268265096969867
0.5999999999999999,3.740000000000021,0.005855052621810646,-0.01630405142936585
0.5999999999999999,3.720000000000021,0.005741282733659155,-0.01634016815263688
0.5999999999999999,3.700000000000021,0.0056263783530216115,-0.016376619815746882
0.5999999999999999,3.680000000000021,0.0055103224820688395,-0.01641341105019982
0.5999999999999999,3.660000000000021,0.005393097782998832,-0.01645054657242629
0.5999999999999999,3.640000000000021,0.005274686569425016,-0.016488031185395373
0.5999999999999999,3.620000000000021,0.005155070797612913,-0.01652586978088459
0.5999999999999999,3.600000000000021,0.0050342320575120295,-0.016564067341057698
0.5999999999999999,3.580000000000021,0.004912151563484,-0.016602628940980777
0.5999999999999999,3.560000000000021,0.0047888101444580385,-0.01664155975055935
0.5999999999999999,3.540000000000021,0.004664188234360262,-0.01668086503667215
0.5999999999999999,3.520000000000021,0.004538265861798858,-0.016720550165572404
0.5999999999999999,3.500000000000021,0.004411022639452514,-0.01676062060506281
0.5999999999999999,3.480000000000021,0.004282437753374715,-0.01680108192698327
0.5999999999999999,3.460000000000021,0.0041524899517998495,-0.016841939809555867
0.5999999999999999,3.440000000000021,0.004021157533583705,-0.016883200039962132
0.5999999999999999,3.420000000000021,0.0038884183363320384,-0.01692486851700524
0.5999999999999999,3.400000000000021,0.0037542497242022133,-0.016966951253466422
0.5999999999999999,3.3800000000000208,0.0036186285750718053,-0.017009454379141004
0.5999999999999999,3.3600000000000207,0.0034815312676099407,-0.017052384143503727
0.5999999999999999,3.3400000000000207,0.0033429336679051307,-0.01709574691871299
0.5999999999999999,3.3200000000000207,0.0032028111152775686,-0.017139549202230688
0.5999999999999999,3.3000000000000207,0.003061138408131413,-0.01718379762029676
0.5999999999999999,3.2800000000000207,0.002917889788896928,-0.017228498930860106
0.5999999999999999,3.2600000000000207,0.002773038928946047,-0.01727366002684226
0.5999999999999999,3.2400000000000206,0.002626558912709535,-0.017319287939330626
0.5999999999999999,3.2200000000000206,0.00247842222095898,-0.017365389841258204
0.5999999999999999,3.2000000000000206,0.0023286007143580464,-0.017411973050596406
0.5999999999999999,3.1800000000000206,0.0021770656157870816,-0.017459045034204826
0.5999999999999999,3.1600000000000206,0.0020237874922352404,-0.017506613411519364
0.5999999999999999,3.1400000000000206,0.0018687362360091837,-0.017554685958278693
0.5999999999999999,3.1200000000000205,0.0017118810457831266,-0.017603270610498434
0.5999999999999999,3.1000000000000205,0.0015531904062538165,-0.017652375468662232
0.5999999999999999,3.0800000000000205,0.001392632067388866,-0.017702008801711994
0.5999999999999999,3.0600000000000205,0.0012301730234628386,-0.017752179051552082
0.5999999999999999,3.0400000000000205,0.0010657794905208975,-0.017802894837192274
0.5999999999999999,3.0200000000000204,0.0008994168834453192,-0.017854164959652336
0.5999999999999999,3.0000000000000204,0.0007310497925681197,-0.01790599840636254
0.5999999999999999,2.9800000000000204,0.0005606419588704975,-0.017958404356318874
0.5999999999999999,2.9600000000000204,0.0003881562480618615,-0.018011392184678163
0.5999999999999999,2.9400000000000204,0.00021355462522392333,-0.018064971468283036
0.5999999999999999,2.9200000000000204,0.00003679812671701882,-0.018119151990839327
0.5999999999999999,2.9000000000000203,-0.00014215316819977085,-0.018173943748113985
0.5999999999999999,2.8800000000000203,-0.0003233401661187679,-0.018229356954005543
0.5999999999999999,2.8600000000000203,-0.0005068047906091472,-0.01828540204606166
0.5999999999999999,2.8400000000000203,-0.0006925900131351886,-0.018342089691460173
0.5999999999999999,2.8200000000000203,-0.0008807398864376817,-0.01839943079338406
0.5999999999999999,2.8000000000000203,-0.0010712995777918794,-0.018457436497118
0.5999999999999999,2.7800000000000202,-0.001264315405078721,-0.01851611819671309
0.5999999999999999,2.76000000000002,-0.0014598348726842722,-0.018575487541863
0.5999999999999999,2.74000000000002,-0.0016579067095248232,-0.018635556444716078
0.5999999999999999,2.72000000000002,-0.0018585809090934397,-0.01869633708716431
0.5999999999999999,2.70000000000002,-0.0020619087696340747,-0.0187578419281631
0.5999999999999999,2.68000000000002,-0.002267942937024052,-0.01882008371148431
0.5999999999999999,2.66000000000002,-0.0024767374491101862,-0.018883075473639904
0.5999999999999999,2.64000000000002,-0.002688347781413223,-0.0189468305519222
0.5999999999999999,2.62000000000002,-0.0029028308947948492,-0.019011362592880304
0.5999999999999999,2.60000000000002,-0.003120245285573392,-0.019076685560969912
0.5999999999999999,2.58000000000002,-0.003340651036419384,-0.019142813747542786
0.5999999999999999,2.56000000000002,-0.003564109870679234,-0.019209761780089048
0.5999999999999999,2.54000000000002,-0.0037906852080482416,-0.019277544631754878
0.5999999999999999,2.52000000000002,-0.004020442222663444,-0.01934617763121478
0.5999999999999999,2.50000000000002,-0.004253447903640013,-0.019415676472810395
0.5999999999999999,2.48000000000002,-0.004489771118259783,-0.019486057227107716
0.5999999999999999,2.46000000000002,-0.004729482677417764,-0.019557336351687785
0.5999999999999999,2.44000000000002,-0.004972655404213321,-0.019629530702308273
0.5999999999999999,2.42000000000002,-0.005219364205160112,-0.019702657544587908
0.5999999999999999,2.40000000000002,-0.005469686144253018,-0.019776734565812734
0.5999999999999999,2.38000000000002,-0.0057237005209789475,-0.019851779887297347
0.5999999999999999,2.36000000000002,-0.005981488950544489,-0.019927812077119588
0.5999999999999999,2.34000000000002,-0.006243135448416762,-0.020004850163233112
0.5999999999999999,2.32000000000002,-0.006508726518122367,-0.02008291364713112
0.5999999999999999,2.30000000000002,-0.006778351243173827,-0.020162022517645026
0.5999999999999999,2.28000000000002,-0.0070521013829271005,-0.020242197265680342
0.5999999999999999,2.2600000000000198,-0.007330071472246662,-0.02032345889905298
0.5999999999999999,2.2400000000000198,-0.00761235892666882,-0.020405828957766436
0.5999999999999999,2.2200000000000197,-0.007899064151090108,-0.020489329530225045
0.5999999999999999,2.2000000000000197,-0.00819029065401036,-0.020573983269326468
0.5999999999999999,2.1800000000000197,-0.008486145167286687,-0.020659813409935376
0.5999999999999999,2.1600000000000197,-0.008786737770790186,-0.02074684378591722
0.5999999999999999,2.1400000000000197,-0.009092182022343163,-0.020835098848668375
0.5999999999999999,2.1200000000000196,-0.009402595095572137,-0.020924603685381758
0.5999999999999999,2.1000000000000196,-0.009718097922085911,-0.021015384038742334
0.5999999999999999,2.0800000000000196,-0.010038815341496043,-0.02110746632657974
0.5999999999999999,2.0600000000000196,-0.010364876258516047,-0.021200877662390052
0.5999999999999999,2.0400000000000196,-0.0106964138071542,-0.021295645876608628
0.5999999999999999,2.0200000000000196,-0.011033565523109131,-0.02139179953864391
0.5999999999999999,2.0000000000000195,-0.011376473524557349,-0.02148936797894342
0.5999999999999999,1.9800000000000195,-0.011725284701333808,-0.0215883813126085
0.5999999999999999,1.9600000000000195,-0.012080150913888869,-0.02168887046320485
0.5999999999999999,1.9400000000000195,-0.012441229201971552,-0.02179086718742574
0.5999999999999999,1.9200000000000195,-0.012808682003454603,-0.021894404100367366
0.5899999999999999,5,0.011011603152410319,-0.013615800518814614
0.5899999999999999,4.98,0.010944668009848543,-0.013637918454359674
0.5899999999999999,4.960000000000001,0.010877223953296052,-0.013660196111618145
0.5899999999999999,4.940000000000001,0.010809265167098077,-0.013682635217373673
0.5899999999999999,4.920000000000002,0.010740785746718919,-0.013705237523308392
0.5899999999999999,4.900000000000002,0.010671779697360504,-0.013728004806301666
0.5899999999999999,4.880000000000003,0.010602240931726516,-0.013750938869032989
0.5899999999999999,4.860000000000003,0.01053216326879954,-0.013774041540300978
0.5899999999999999,4.840000000000003,0.010461540431572137,-0.013797314675568821
0.5899999999999999,4.820000000000004,0.010390366045450567,-0.013820760157513136
0.5899999999999999,4.800000000000004,0.010318633636245153,-0.013844379896439232
0.5899999999999999,4.780000000000005,0.0102463366281972,-0.013868175830772718
0.5899999999999999,4.760000000000005,0.010173468342187261,-0.013892149927646896
0.5899999999999999,4.7400000000000055,0.01010002199342093,-0.013916304183346842
0.5899999999999999,4.720000000000006,0.010025990689411887,-0.013940640623879057
0.5899999999999999,4.700000000000006,0.009951367428034059,-0.013965161305620491
0.5899999999999999,4.680000000000007,0.009876145095132554,-0.013989868315729223
0.5899999999999999,4.660000000000007,0.00980031646228462,-0.014014763772778917
0.5899999999999999,4.640000000000008,0.009723874184615044,-0.014039849827400364
0.5899999999999999,4.620000000000008,0.009646810798530758,-0.014065128662815896
0.5899999999999999,4.6000000000000085,0.009569118718766532,-0.014090602495517073
0.5899999999999999,4.580000000000009,0.009490790236843738,-0.01411627357579022
0.5899999999999999,4.560000000000009,0.009411817517616113,-0.01414214418844316
0.5899999999999999,4.54000000000001,0.009332192597248696,-0.01416821665357823
0.5899999999999999,4.52000000000001,0.009251907380465758,-0.014194493326915247
0.5899999999999999,4.500000000000011,0.009170953637599809,-0.014220976600857874
0.5899999999999999,4.480000000000011,0.009089323002137852,-0.014247668905033678
0.5899999999999999,4.4600000000000115,0.009007006967499436,-0.014274572706878472
0.5899999999999999,4.440000000000012,0.008923996884637608,-0.014301690512697751
0.5899999999999999,4.420000000000012,0.008840283958354532,-0.014329024868146897
0.5899999999999999,4.400000000000013,0.008755859244736947,-0.01435657835909704
0.5899999999999999,4.380000000000013,0.008670713647972065,-0.014384353612508699
0.5899999999999999,4.360000000000014,0.008584837916764364,-0.014412353296989727
0.5899999999999999,4.340000000000014,0.008498222641403541,-0.014440580123999104
0.5899999999999999,4.3200000000000145,0.008410858250082717,-0.014469036848340805
0.5899999999999999,4.300000000000015,0.00832273500548758,-0.014497726269107142
0.5899999999999999,4.280000000000015,0.008233843001500159,-0.014526651230887602
0.5899999999999999,4.260000000000016,0.008144172158971542,-0.014555814624167648
0.5899999999999999,4.240000000000016,0.008053712222377853,-0.014585219386654493
0.5899999999999999,4.220000000000017,0.00796245275587342,-0.014614868504018441
0.5899999999999999,4.200000000000017,0.00787038313919023,-0.014644765011080516
0.5899999999999999,4.1800000000000175,0.007777492563666444,-0.014674911992444431
0.5899999999999999,4.160000000000018,0.007683770028050068,-0.014705312583990954
0.5899999999999999,4.140000000000018,0.00758920433417311,-0.014735969973532916
0.5899999999999999,4.120000000000019,0.007493784082537435,-0.01476688740205023
0.5899999999999999,4.100000000000019,0.007397497667860691,-0.014798068164842429
0.5899999999999999,4.08000000000002,0.007300333274235419,-0.014829515612538383
0.5899999999999999,4.06000000000002,0.00720227887068375,-0.01486123315237356
0.5899999999999999,4.0400000000000205,0.0071033222058351,-0.014893224249230508
0.5899999999999999,4.020000000000021,0.007003450803210283,-0.014925492427032531
0.5899999999999999,4.000000000000021,0.006902651955814423,-0.01495804126977869
0.5899999999999999,3.9800000000000213,0.00680091272107607,-0.014990874423004258
0.5899999999999999,3.9600000000000213,0.006698219915081841,-0.015023995594982452
0.5899999999999999,3.9400000000000213,0.006594560107160503,-0.015057408558142582
0.5899999999999999,3.9200000000000212,0.006489919613795232,-0.015091117150370363
0.5899999999999999,3.9000000000000212,0.006384284493157387,-0.015125125276269608
0.5899999999999999,3.880000000000021,0.006277640538597354,-0.015159436909193386
0.5899999999999999,3.860000000000021,0.006169973272569277,-0.015194056091917818
0.5899999999999999,3.840000000000021,0.006061267939917516,-0.015228986938767904
0.5899999999999999,3.820000000000021,0.005951509501565732,-0.015264233636959244
0.5899999999999999,3.800000000000021,0.005840682627298351,-0.015299800448101433
0.5899999999999999,3.780000000000021,0.005728771689072021,-0.015335691710021596
0.5899999999999999,3.760000000000021,0.0056157607535998934,-0.015371911838487524
0.5899999999999999,3.740000000000021,0.005501633574570574,-0.015408465328651394
0.5899999999999999,3.720000000000021,0.005386373585722692,-0.015445356757094783
0.5899999999999999,3.700000000000021,0.00526996389223452,-0.015482590783616385
0.5899999999999999,3.680000000000021,0.005152387262909175,-0.015520172152906603
0.5899999999999999,3.660000000000021,0.005033626121681652,-0.015558105696668843
0.5899999999999999,3.640000000000021,0.004913662539093913,-0.01559639633563735
0.5899999999999999,3.620000000000021,0.004792478223356109,-0.01563504908131782
0.5899999999999999,3.600000000000021,0.004670054511027849,-0.015674069038339594
0.5899999999999999,3.580000000000021,0.004546372357775907,-0.015713461406537343
0.5899999999999999,3.560000000000021,0.004421412328701085,-0.01575323148306254
0.5899999999999999,3.540000000000021,0.004295154588023771,-0.01579338466462045
0.5899999999999999,3.520000000000021,0.004167578888940079,-0.015833926449936697
0.5899999999999999,3.500000000000021,0.0040386645629527,-0.01587486244198684
0.5899999999999999,3.480000000000021,0.0039083905088469284,-0.015916198350563883
0.5899999999999999,3.460000000000021,0.0037767351814131317,-0.01595793999465689
0.5899999999999999,3.440000000000021,0.0036436765797421156,-0.016000093305141377
0.5899999999999999,3.420000000000021,0.0035091922349951505,-0.01604266432727284
0.5899999999999999,3.400000000000021,0.0033732591981980725,-0.01608565922388764
0.5899999999999999,3.3800000000000208,0.003235854027342658,-0.016129084277411235
0.5899999999999999,3.3600000000000207,0.0030969527740232518,-0.01617294589340569
0.5899999999999999,3.3400000000000207,0.0029565309698893504,-0.016217250603388425
0.5899999999999999,3.3200000000000207,0.002814563612540455,-0.01626200506767432
0.5899999999999999,3.3000000000000207,0.0026710251505428374,-0.016307216078694994
0.5899999999999999,3.2800000000000207,0.0025258894691531438,-0.016352890564241725
0.5899999999999999,3.2600000000000207,0.0023791298740131637,-0.016399035590649355
0.5899999999999999,3.2400000000000206,0.002230719075481534,-0.016445658366326665
0.5899999999999999,3.2200000000000206,0.0020806291718295736,-0.016492766245198548
0.5899999999999999,3.2000000000000206,0.0019288316321492813,-0.01654036673044701
0.5899999999999999,3.1800000000000206,0.0017752972788061504,-0.01658846747803802
0.5899999999999999,3.1600000000000206,0.0016199962687127169,-0.016637076300763304
0.5899999999999999,3.1400000000000206,0.0014628980746643292,-0.016686201171902157
0.5899999999999999,3.1200000000000205,0.0013039714655854301,-0.016735850229794527
0.5899999999999999,3.1000000000000205,0.0011431844862901943,-0.016786031781257954
0.5899999999999999,3.0800000000000205,0.0009805044365981228,-0.01683675430675738
0.5899999999999999,3.0600000000000205,0.0008158978494005355,-0.016888026464098007
0.5899999999999999,3.0400000000000205,0.0006493304681982393,-0.016939857093448057
0.5899999999999999,3.0200000000000204,0.00048076722412412204,-0.016992255221870943
0.5899999999999999,3.0000000000000204,0.00031017221155575474,-0.017045230068107133
0.5899999999999999,2.9800000000000204,0.00013750866322253478,-0.017098791047833045
0.5899999999999999,2.9600000000000204,-0.0000372610756101809,-0.01715294777851395
0.5899999999999999,2.9400000000000204,-0.00021417557371195212,-0.017207710084794173
0.5899999999999999,2.9200000000000204,-0.0003932743421056319,-0.01726308800410252
0.5899999999999999,2.9000000000000203,-0.0005745978622334223,-0.017319091792066088
0.5899999999999999,2.8800000000000203,-0.0007581876162370676,-0.017375731928470306
0.5899999999999999,2.8600000000000203,-0.0009440861174372451,-0.017433019123138077
0.5899999999999999,2.8400000000000203,-0.0011323369428693673,-0.017490964322254603
0.5899999999999999,2.8200000000000203,-0.001322984765995793,-0.017549578714447886
0.5899999999999999,2.8000000000000203,-0.0015160753914176478,-0.01760887373782044
0.5899999999999999,2.7800000000000202,-0.0017116557908458954,-0.01766886108603513
0.5899999999999999,2.76000000000002,-0.0019097741398803113,-0.01772955271602958
0.5899999999999999,2.74000000000002,-0.0021104798565698205,-0.017790960854701235
0.5899999999999999,2.72000000000002,-0.0023138236417058295,-0.017853098006488488
0.5899999999999999,2.70000000000002,-0.002519857520221663,-0.017915976960990898
0.5899999999999999,2.68000000000002,-0.0027286348844690047,-0.017979610801115008
0.5899999999999999,2.66000000000002,-0.0029402105387550323,-0.018044012910843926
0.5899999999999999,2.64000000000002,-0.0031546407464222125,-0.018109196984026306
0.5899999999999999,2.62000000000002,-0.003371983277856188,-0.018175177032635804
0.5899999999999999,2.60000000000002,-0.003592297461481025,-0.01824196739623357
0.5899999999999999,2.58000000000002,-0.0038156442356003786,-0.018309582750824116
0.5899999999999999,2.56000000000002,-0.004042086202956362,-0.01837803811862005
0.5899999999999999,2.54000000000002,-0.004271687687918591,-0.018447348877791776
0.5899999999999999,2.52000000000002,-0.00450451479513596,-0.018517530772818758
0.5899999999999999,2.50000000000002,-0.004740635471202915,-0.018588599924746527
0.5899999999999999,2.48000000000002,-0.004980119568218536,-0.018660572842210663
0.5899999999999999,2.46000000000002,-0.005223038911307153,-0.018733466432747654
0.5899999999999999,2.44000000000002,-0.005469467366998581,-0.01880729801410519
0.5899999999999999,2.42000000000002,-0.005719480916754447,-0.01888208532637886
0.5899999999999999,2.40000000000002,-0.005973157731334261,-0.01895784654438716
0.5899999999999999,2.38000000000002,-0.006230578250128595,-0.019034600290173204
0.5899999999999999,2.36000000000002,-0.006491825262929182,-0.019112365646500887
0.5899999999999999,2.34000000000002,-0.0067569839956746845,-0.019191162170321754
0.5899999999999999,2.32000000000002,-0.007026142199450075,-0.019271009906751166
0.5899999999999999,2.30000000000002,-0.0072993902439997625,-0.01935192940363059
0.5899999999999999,2.28000000000002,-0.007576821214851972,-0.019433941726663573
0.5899999999999999,2.2600000000000198,-0.007858531015023465,-0.019517068474556906
0.5899999999999999,2.2400000000000198,-0.00814461847114023,-0.019601331795384244
0.5899999999999999,2.2200000000000197,-0.00843518544433262,-0.019686754403024975
0.5899999999999999,2.2000000000000197,-0.008730336946428977,-0.019773359593903337
0.5899999999999999,2.1800000000000197,-0.009030181260697157,-0.019861171265017324
0.5899999999999999,2.1600000000000197,-0.009334830069209493,-0.019950213931925337
0.5899999999999999,2.1400000000000197,-0.009644398585213494,-0.020040512747519057
0.5899999999999999,2.1200000000000196,-0.009959005691781247,-0.020132093521507646
0.5899999999999999,2.1000000000000196,-0.010278774087498959,-0.02022498274042596
0.5899999999999999,2.0800000000000196,-0.010603830438376843,-0.020319207588213276
0.5899999999999999,2.0600000000000196,-0.010934305537373373,-0.02041479596773277
0.5899999999999999,2.0400000000000196,-0.01127033447161254,-0.020511776522461028
0.5899999999999999,2.0200000000000196,-0.011612056796771991,-0.020610178659703063
0.5899999999999999,2.0000000000000195,-0.011959616721246031,-0.020710032573492243
0.5899999999999999,1.9800000000000195,-0.01231316329866977,-0.020811369269038815
0.5899999999999999,1.9600000000000195,-0.012672850629401156,-0.020914220587670007
0.5899999999999999,1.9400000000000195,-0.013038838072965393,-0.021018619232391317
0.5899999999999999,1.9200000000000195,-0.013411290470193456,-0.021124598794340373
0.5799999999999998,5,0.010718862964856418,-0.012672047039456291
0.5799999999999998,4.98,0.010651047646878398,-0.012694619846077684
0.5799999999999998,4.960000000000001,0.01058271660078334,-0.012717355816576431
0.5799999999999998,4.940000000000001,0.0105138639315834,-0.012740256716731135
0.5799999999999998,4.920000000000002,0.010444483654217983,-0.012763324337811327
0.5799999999999998,4.900000000000002,0.010374569692083528,-0.012786560496962654
0.5799999999999998,4.880000000000003,0.010304115874872607,-0.012809967037731018
0.5799999999999998,4.860000000000003,0.010233115937065022,-0.012833545830375222
0.5799999999999998,4.840000000000003,0.010161563515992539,-0.01285729877249342
0.5799999999999998,4.820000000000004,0.010089452149916687,-0.012881227789459573
0.5799999999999998,4.800000000000004,0.010016775276220097,-0.012905334835041762
0.5799999999999998,4.780000000000005,0.009943526229344624,-0.012929621891691175
0.5799999999999998,4.760000000000005,0.009869698238740883,-0.012954090971331683
0.5799999999999998,4.7400000000000055,0.009795284426745423,-0.012978744115740584
0.5799999999999998,4.720000000000006,0.009720277806810486,-0.013003583397097448
0.5799999999999998,4.700000000000006,0.009644671280806734,-0.013028610918688927
0.5799999999999998,4.680000000000007,0.009568457637163411,-0.013053828815363605
0.5799999999999998,4.660000000000007,0.009491629548620055,-0.013079239254026112
0.5799999999999998,4.640000000000008,0.009414179569690767,-0.01310484443454872
0.5799999999999998,4.620000000000008,0.00933610013427251,-0.01313064659014855
0.5799999999999998,4.6000000000000085,0.009257383553433524,-0.013156647987970171
0.5799999999999998,4.580000000000009,0.00917802201273438,-0.01318285093002046
0.5799999999999998,4.560000000000009,0.009098007569688173,-0.013209257753441058
0.5799999999999998,4.54000000000001,0.009017332151267633,-0.013235870831573321
0.5799999999999998,4.52000000000001,0.008935987550916596,-0.013262692574369328
0.5799999999999998,4.500000000000011,0.008853965426119183,-0.0132897254292395
0.5799999999999998,4.480000000000011,0.008771257295413424,-0.013316971881659489
0.5799999999999998,4.4600000000000115,0.008687854535401345,-0.013344434456021723
0.5799999999999998,4.440000000000012,0.008603748378029144,-0.013372115716433694
0.5799999999999998,4.420000000000012,0.008518929907346408,-0.013400018267232222
0.5799999999999998,4.400000000000013,0.008433390056314907,-0.01342814475402906
0.5799999999999998,4.380000000000013,0.008347119604053137,-0.01345649786453798
0.5799999999999998,4.360000000000014,0.008260109171851878,-0.013485080329186001
0.5799999999999998,4.340000000000014,0.008172349220469248,-0.013513894922149945
0.5799999999999998,4.3200000000000145,0.008083830046350937,-0.013542944462093476
0.5799999999999998,4.300000000000015,0.007994541778081583,-0.013572231813181599
0.5799999999999998,4.280000000000015,0.00790447437281392,-0.013601759885950221
0.5799999999999998,4.260000000000016,0.007813617612545327,-0.013631531638193202
0.5799999999999998,4.240000000000016,0.007721961100334722,-0.01366155007594505
0.5799999999999998,4.220000000000017,0.007629494256267411,-0.013691818254465221
0.5799999999999998,4.200000000000017,0.007536206313523174,-0.013722339279191476
0.5799999999999998,4.1800000000000175,0.007442086314127225,-0.013753116306911985
0.5799999999999998,4.160000000000018,0.007347123104963668,-0.013784152546670474
0.5799999999999998,4.140000000000018,0.0072513053329913875,-0.013815451260825028
0.5799999999999998,4.120000000000019,0.007154621441242757,-0.013847015766238452
0.5799999999999998,4.100000000000019,0.007057059663796618,-0.013878849435389536
0.5799999999999998,4.08000000000002,0.0069586080214446506,-0.013910955697623607
0.5799999999999998,4.06000000000002,0.006859254316524357,-0.013943338040038403
0.5799999999999998,4.0400000000000205,0.006758986128058779,-0.013976000009090717
0.5799999999999998,4.020000000000021,0.006657790806734835,-0.01400894521154647
0.5799999999999998,4.000000000000021,0.006555655469587824,-0.01404217731582569
0.5799999999999998,3.9800000000000213,0.0064525669943515844,-0.01407570005343458
0.5799999999999998,3.9600000000000213,0.006348512014481299,-0.014109517220215612
0.5799999999999998,3.9400000000000213,0.00624347691271062,-0.014143632677751296
0.5799999999999998,3.9200000000000212,0.006137447815858168,-0.014178050354558068
0.5799999999999998,3.9000000000000212,0.006030410588255843,-0.014212774248019311
0.5799999999999998,3.880000000000021,0.005922350825938047,-0.01424780842546327
0.5799999999999998,3.860000000000021,0.005813253850046785,-0.014283157025706858
0.5799999999999998,3.840000000000021,0.005703104700323722,-0.014318824260846418
0.5799999999999998,3.820000000000021,0.005591888128395571,-0.014354814417675277
0.5799999999999998,3.800000000000021,0.005479588590769994,-0.014391131859433644
0.5799999999999998,3.780000000000021,0.005366190241592692,-0.014427781027304673
0.5799999999999998,3.760000000000021,0.005251676925664506,-0.0144647664424916
0.5799999999999998,3.740000000000021,0.005136032170312997,-0.014502092707626098
0.5799999999999998,3.720000000000021,0.005019239178131487,-0.014539764508833333
0.5799999999999998,3.700000000000021,0.004901280818594952,-0.014577786617595047
0.5799999999999998,3.680000000000021,0.004782139620119431,-0.014616163892329361
0.5799999999999998,3.660000000000021,0.004661797760943996,-0.014654901280947655
0.5799999999999998,3.640000000000021,0.004540237061279631,-0.014694003822496714
0.5799999999999998,3.620000000000021,0.004417438973486959,-0.014733476649210962
0.5799999999999998,3.600000000000021,0.004293384573185811,-0.014773324988795774
0.5799999999999998,3.580000000000021,0.004168054549524242,-0.014813554166578272
0.5799999999999998,3.560000000000021,0.004041429195428237,-0.01485416960785356
0.5799999999999998,3.540000000000021,0.003913488397318229,-0.01489517684003441
0.5799999999999998,3.520000000000021,0.003784211624525917,-0.014936581495084242
0.5799999999999998,3.500000000000021,0.003653577918833519,-0.014978389312019141
0.5799999999999998,3.480000000000021,0.003521565882928503,-0.015020606139462545
0.5799999999999998,3.460000000000021,0.003388153669164027,-0.015063237938020311
0.5799999999999998,3.440000000000021,0.0032533189673989143,-0.015106290783171342
0.5799999999999998,3.420000000000021,0.0031170389932830304,-0.015149770867776843
0.5799999999999998,3.400000000000021,0.0029792904750452474,-0.015193684505191735
0.5799999999999998,3.3800000000000208,0.00284004964080521,-0.015238038131874555
0.5799999999999998,3.3600000000000207,0.0026992922050297612,-0.015282838310350957
0.5799999999999998,3.3400000000000207,0.002556993354785919,-0.015328091732493235
0.5799999999999998,3.3200000000000207,0.0024131277351228733,-0.015373805222447398
0.5799999999999998,3.3000000000000207,0.002267669434464224,-0.01541998573998525
0.5799999999999998,3.2800000000000207,0.0021205919694939753,-0.01546664038363782
0.5799999999999998,3.2600000000000207,0.0019718682688482404,-0.015513776394487297
0.5799999999999998,3.2400000000000206,0.0018214706573862552,-0.01556140115916712
0.5799999999999998,3.2200000000000206,0.001669370838930523,-0.015609522214055295
0.5799999999999998,3.2000000000000206,0.001515539879017998,-0.015658147248384935
0.5799999999999998,3.1800000000000206,0.0013599481869129304,-0.01570728410854505
0.5799999999999998,3.1600000000000206,0.0012025654969391956,-0.015756940801935335
0.5799999999999998,3.1400000000000206,0.0010433608491694077,-0.015807125500847452
0.5799999999999998,3.1200000000000205,0.0008823025696063367,-0.01585784654669
0.5799999999999998,3.1000000000000205,0.0007193582496584526,-0.015909112454580373
0.5799999999999998,3.0800000000000205,0.0005544947245927978,-0.015960931917349083
0.5799999999999998,3.0600000000000205,0.0003876780517272205,-0.01601331381034579
0.5799999999999998,3.0400000000000205,0.0002188734876170423,-0.016066267196175266
0.5799999999999998,3.0200000000000204,0.000048045464099058044,-0.01611980132944922
0.5799999999999998,3.0000000000000204,-0.00012484243570509593,-0.016173925661807635
0.5799999999999998,2.9800000000000204,-0.0002998275028895344,-0.016228649846999996
0.5799999999999998,2.9600000000000204,-0.00047694792936608336,-0.016283983746286673
0.5799999999999998,2.9400000000000204,-0.0006562428343331606,-0.016339937433897396
0.5799999999999998,2.9200000000000204,-0.0008377522929117818,-0.016396521202500652
0.5799999999999998,2.9000000000000203,-0.0010215173652790726,-0.016453745569267784
0.5799999999999998,2.8800000000000203,-0.001207580126876384,-0.01651162128154788
0.5799999999999998,2.8600000000000203,-0.0013959836997230143,-0.016570159323316458
0.5799999999999998,2.8400000000000203,-0.001586772284840112,-0.01662937092143696
0.5799999999999998,2.8200000000000203,-0.0017799911963089726,-0.016689267552101067
0.5799999999999998,2.8000000000000203,-0.0019756868961054537,-0.01674986094769214
0.5799999999999998,2.7800000000000202,-0.0021739070301528274,-0.016811163103845943
0.5799999999999998,2.76000000000002,-0.002374700466413096,-0.016873186286521763
0.5799999999999998,2.74000000000002,-0.002578117333978578,-0.01693594303942815
0.5799999999999998,2.72000000000002,-0.0027842090633874586,-0.01699944619170217
0.5799999999999998,2.70000000000002,-0.0029930284290576835,-0.01706370886594212
0.5799999999999998,2.68000000000002,-0.003204629593148933,-0.017128744486102385
0.5799999999999998,2.66000000000002,-0.003419068151258223,-0.017194566786210404
0.5799999999999998,2.64000000000002,-0.0036364011791304982,-0.017261189818700076
0.5799999999999998,2.62000000000002,-0.0038566872826803766,-0.017328627963730043
0.5799999999999998,2.60000000000002,-0.0040799866486238845,-0.01739689593823745
0.5799999999999998,2.58000000000002,-0.0043063610979945256,-0.017466008805494992
0.5799999999999998,2.56000000000002,-0.004535874141307414,-0.0175359819850803
0.5799999999999998,2.54000000000002,-0.004768591036262041,-0.01760683126302274
0.5799999999999998,2.52000000000002,-0.005004578847686922,-0.017678572802201892
0.5799999999999998,2.50000000000002,-0.005243906510006632,-0.017751223153329013
0.5799999999999998,2.48000000000002,-0.005486644892179184,-0.017824799266196355
0.5799999999999998,2.46000000000002,-0.005732866865465702,-0.017899318501152037
0.5799999999999998,2.44000000000002,-0.005982647373872304,-0.017974798641131974
0.5799999999999998,2.42000000000002,-0.006236063507728616,-0.018051257904010992
0.5799999999999998,2.40000000000002,-0.006493194580212708,-0.01812871495531538
0.5799999999999998,2.38000000000002,-0.006754122207559619,-0.018207188921546033
0.5799999999999998,2.36000000000002,-0.007018930391749922,-0.018286699403561216
0.5799999999999998,2.34000000000002,-0.007287705608262049,-0.018367266490924364
0.5799999999999998,2.32000000000002,-0.007560536896052656,-0.01844891077630745
0.5799999999999998,2.30000000000002,-0.007837515952591674,-0.018531653370327174
0.5799999999999998,2.28000000000002,-0.008118737232632529,-0.018615515917515993
0.5799999999999998,2.2600000000000198,-0.008404298051593866,-0.018700520611889995
0.5799999999999998,2.2400000000000198,-0.008694298693013552,-0.018786690213853617
0.5799999999999998,2.2200000000000197,-0.008988842521671843,-0.018874048067011706
0.5799999999999998,2.2000000000000197,-0.009288036101224612,-0.018962618116048054
0.5799999999999998,2.1800000000000197,-0.009591989317287145,-0.01905242492491324
0.5799999999999998,2.1600000000000197,-0.00990081550652226,-0.01914349369574521
0.5799999999999998,2.1400000000000197,-0.010214631591149503,-0.019235850288194217
0.5799999999999998,2.1200000000000196,-0.010533558220029066,-0.019329521239693476
0.5799999999999998,2.1000000000000196,-0.01085771991661258,-0.019424533786144754
0.5799999999999998,2.0800000000000196,-0.011187245233168375,-0.01952091588337155
0.5799999999999998,2.0600000000000196,-0.011522266913037333,-0.01961869622935547
0.5799999999999998,2.0400000000000196,-0.011862922060338704,-0.019717904286925846
0.5799999999999998,2.0200000000000196,-0.012209352317634075,-0.01981857030755811
0.5799999999999998,2.0000000000000195,-0.012561704052770503,-0.019920725355522126
0.5799999999999998,1.9800000000000195,-0.01292012855427008,-0.02002440133310511
0.5799999999999998,1.9600000000000195,-0.01328478223681306,-0.020129631006354502
0.5799999999999998,1.9400000000000195,-0.013655826856610383,-0.02023644803217483
0.5799999999999998,1.9200000000000195,-0.014033429737375728,-0.020344886985296358
0.5699999999999998,5,0.010415500107672674,-0.011718021647556628
0.5699999999999998,4.98,0.010346779258739435,-0.011741053269428668
0.5699999999999998,4.960000000000001,0.010277535666891317,-0.011764251524013641
0.5699999999999998,4.940000000000001,0.010207763355405885,-0.011787618216382474
0.5699999999999998,4.920000000000002,0.010137456256462316,-0.011811155177795022
0.5699999999999998,4.900000000000002,0.010066608208887214,-0.011834864265929002
0.5699999999999998,4.880000000000003,0.00999521295698034,-0.011858747365283792
0.5699999999999998,4.860000000000003,0.009923264148258152,-0.01188280638801393
0.5699999999999998,4.840000000000003,0.009850755331763049,-0.011907043274062622
0.5699999999999998,4.820000000000004,0.009777679956040668,-0.011931459991882592
0.5699999999999998,4.800000000000004,0.009704031367272464,-0.01195605853889423
0.5699999999999998,4.780000000000005,0.009629802807330248,-0.011980840942116086
0.5699999999999998,4.760000000000005,0.009554987411656505,-0.012005809258389552
0.5699999999999998,4.7400000000000055,0.009479578206994611,-0.012030965575292783
0.5699999999999998,4.720000000000006,0.009403568109454686,-0.012056312011544536
0.5699999999999998,4.700000000000006,0.009326949922436403,-0.012081850717660853
0.5699999999999998,4.680000000000007,0.009249716333853759,-0.012107583876427824
0.5699999999999998,4.660000000000007,0.009171859914600212,-0.012133513703610307
0.5699999999999998,4.640000000000008,0.009093373115398262,-0.012159642448436793
0.5699999999999998,4.620000000000008,0.00901424826478557,-0.01218597239455567
0.5699999999999998,4.6000000000000085,0.008934477566779673,-0.01221250586019899
0.5699999999999998,4.580000000000009,0.008854053098117215,-0.012239245199262536
0.5699999999999998,4.560000000000009,0.008772966805497068,-0.01226619280175878
0.5699999999999998,4.54000000000001,0.008691210503255928,-0.012293351094578034
0.5699999999999998,4.52000000000001,0.008608775870466346,-0.012320722542272032
0.5699999999999998,4.500000000000011,0.008525654448211604,-0.012348309647503268
0.5699999999999998,4.480000000000011,0.008441837636383242,-0.012376114952172994
0.5699999999999998,4.4600000000000115,0.008357316691498449,-0.01240414103792481
0.5699999999999998,4.440000000000012,0.008272082722868094,-0.012432390526939577
0.5699999999999998,4.420000000000012,0.008186126689845117,-0.012460866082802606
0.5699999999999998,4.400000000000013,0.008099439398936079,-0.012489570411353443
0.5699999999999998,4.380000000000013,0.008012011499985622,-0.012518506261250211
0.5699999999999998,4.360000000000014,0.007923833483384341,-0.012547676425233006
0.5699999999999998,4.340000000000014,0.007834895676182604,-0.01257708374061772
0.5699999999999998,4.3200000000000145,0.00774518823900225,-0.012606731090484664
0.5699999999999998,4.300000000000015,0.007654701162291628,-0.012636621404329668
0.5699999999999998,4.280000000000015,0.007563424262396853,-0.01266675765918407
0.5699999999999998,4.260000000000016,0.007471347178202,-0.012697142880510309
0.5699999999999998,4.240000000000016,0.007378459366911035,-0.012727780143143765
0.5699999999999998,4.220000000000017,0.007284750100321122,-0.012758672572405552
0.5699999999999998,4.200000000000017,0.0071902084603578005,-0.012789823345005946
0.5699999999999998,4.1800000000000175,0.007094823335485769,-0.012821235690080209
0.5699999999999998,4.160000000000018,0.006998583415737338,-0.012852912890488621
0.5699999999999998,4.140000000000018,0.006901477188840334,-0.012884858283616213
0.5699999999999998,4.120000000000019,0.0068034929351209915,-0.012917075262762596
0.5699999999999998,4.100000000000019,0.006704618723401104,-0.012949567278123755
0.5699999999999998,4.08000000000002,0.00660484240594642,-0.012982337838092023
0.5699999999999998,4.06000000000002,0.006504151613493145,-0.013015390510355468
0.5699999999999998,4.0400000000000205,0.006402533750254384,-0.013048728923278099
0.5699999999999998,4.020000000000021,0.006299975988716126,-0.013082356767161546
0.5699999999999998,4.000000000000021,0.00619646526439075,-0.01311627779540598
0.5699999999999998,3.9800000000000213,0.00609198827016685,-0.01315049582601105
0.5699999999999998,3.9600000000000213,0.005986531450877831,-0.013185014742973837
0.5699999999999998,3.9400000000000213,0.005880080997322686,-0.0132198384974644
0.5699999999999998,3.9200000000000212,0.0057726228403379995,-0.013254971109669576
0.5699999999999998,3.9000000000000212,0.0056641426448151184,-0.013290416669787794
0.5699999999999998,3.880000000000021,0.00555462580327575,-0.013326179340072686
0.5699999999999998,3.860000000000021,0.00544405742940607,-0.013362263355984283
0.5699999999999998,3.840000000000021,0.005332422351421628,-0.013398673027942329
0.5699999999999998,3.820000000000021,0.005219705105288563,-0.01343541274304848
0.5699999999999998,3.800000000000021,0.005105889927508021,-0.013472486966679
0.5699999999999998,3.780000000000021,0.004990960748021227,-0.013509900244231585
0.5699999999999998,3.760000000000021,0.004874901182480205,-0.0135476572029165
0.5699999999999998,3.740000000000021,0.004757694525080621,-0.013585762553568304
0.5699999999999998,3.720000000000021,0.0046393237400209715,-0.013624221092555537
0.5699999999999998,3.700000000000021,0.004519771453869746,-0.013663037703615682
0.5699999999999998,3.680000000000021,0.004399019946984372,-0.013702217359984382
0.5699999999999998,3.660000000000021,0.0042770511447318815,-0.013741765126256078
0.5699999999999998,3.640000000000021,0.004153846608821865,-0.013781686160506786
0.5699999999999998,3.620000000000021,0.004029387528099071,-0.013821985716606491
0.5699999999999998,3.600000000000021,0.0039036547089298635,-0.013862669146016013
0.5699999999999998,3.580000000000021,0.0037766285657469356,-0.013903741900591834
0.5699999999999998,3.560000000000021,0.0036482891110333096,-0.013945209534372234
0.5699999999999998,3.540000000000021,0.0035186159443923565,-0.013987077706229922
0.5699999999999998,3.520000000000021,0.0033875882428322838,-0.014029352182445415
0.5699999999999998,3.500000000000021,0.0032551847491981544,-0.014072038838896246
0.5699999999999998,3.480000000000021,0.0031213837608395894,-0.014115143663721894
0.5699999999999998,3.460000000000021,0.002986163118199688,-0.01415867276025179
0.5699999999999998,3.440000000000021,0.0028495001926241038,-0.014202632349342697
0.5699999999999998,3.420000000000021,0.0027113718739516395,-0.014247028772533754
0.5699999999999998,3.400000000000021,0.0025717545577254018,-0.014291868494639377
0.5699999999999998,3.3800000000000208,0.0024306241318591045,-0.014337158106923882
0.5699999999999998,3.3600000000000207,0.002287955963295011,-0.014382904330052765
0.5699999999999998,3.3400000000000207,0.00214372488351671,-0.014429114017147193
0.5699999999999998,3.3200000000000207,0.0019979051741198343,-0.014475794157331247
0.5699999999999998,3.3000000000000207,0.0018504705520607763,-0.014522951878590026
0.5699999999999998,3.2800000000000207,0.0017013941536305759,-0.014570594451542622
0.5699999999999998,3.2600000000000207,0.001550648519069253,-0.01461872929279659
0.5699999999999998,3.2400000000000206,0.0013982055753785662,-0.014667363968642558
0.5699999999999998,3.2200000000000206,0.0012440366195908834,-0.014716506198681159
0.5699999999999998,3.2000000000000206,0.0010881123009555387,-0.014766163859662854
0.5699999999999998,3.1800000000000206,0.0009304026028185385,-0.014816344989562167
0.5699999999999998,3.1600000000000206,0.0007708768232642786,-0.014867057791478011
0.5699999999999998,3.1400000000000206,0.0006095035562735623,-0.014918310637792129
0.5699999999999998,3.1200000000000205,0.0004462506708592006,-0.014970112074753718
0.5699999999999998,3.1000000000000205,0.00028108529061379424,-0.015022470826488565
0.5699999999999998,3.0800000000000205,0.00011397377168919287,-0.01507539579984063
0.5699999999999998,3.0600000000000205,-0.000055118319081163235,-0.015128896089088968
0.5699999999999998,3.0400000000000205,-0.00022622622802606233,-0.015182980980526742
0.5699999999999998,3.0200000000000204,-0.0003993860377617444,-0.015237659957801526
0.5699999999999998,3.0000000000000204,-0.0005746346929208686,-0.015292942706701174
0.5699999999999998,2.9800000000000204,-0.0007520100253557971,-0.015348839120711201
0.5699999999999998,2.9600000000000204,-0.0009315507806231169,-0.01540535930645675
0.5699999999999998,2.9400000000000204,-0.0011132966461396368,-0.01546251358899117
0.5699999999999998,2.9200000000000204,-0.001297288279170433,-0.015520312518071084
0.5699999999999998,2.9000000000000203,-0.0014835673369932119,-0.01557876687392052
0.5699999999999998,2.8800000000000203,-0.0016721765072258655,-0.015637887673168604
0.5699999999999998,2.8600000000000203,-0.0018631595398467908,-0.015697686175513405
0.5699999999999998,2.8400000000000203,-0.0020565612801410125,-0.015758173890297718
0.5699999999999998,2.8200000000000203,-0.002252427703063612,-0.01581936258293968
0.5699999999999998,2.8000000000000203,-0.0024508059487183386,-0.015881264282170897
0.5699999999999998,2.7800000000000202,-0.002651744359367259,-0.01594389128719407
0.5699999999999998,2.76000000000002,-0.0028552925174271044,-0.016007256174991158
0.5699999999999998,2.74000000000002,-0.003061501285496449,-0.01607137180806216
0.5699999999999998,2.72000000000002,-0.003270422847469064,-0.01613625134227417
0.5699999999999998,2.70000000000002,-0.0034821107514472023,-0.01620190823507589
0.5699999999999998,2.68000000000002,-0.0036966199542937624,-0.016268356253774055
0.5699999999999998,2.66000000000002,-0.003914006867796777,-0.01633560948435621
0.5699999999999998,2.64000000000002,-0.004134329406935712,-0.016403682340358536
0.5699999999999998,2.62000000000002,-0.004357647039813081,-0.016472589572162064
0.5699999999999998,2.60000000000002,-0.004584020839311301,-0.016542346276493043
0.5699999999999998,2.58000000000002,-0.004813513537691065,-0.016612967906280876
0.5699999999999998,2.56000000000002,-0.005046189582534132,-0.0166844702809198
0.5699999999999998,2.54000000000002,-0.005282115195137655,-0.016756869596696325
0.5699999999999998,2.52000000000002,-0.0055213584318896235,-0.016830182437548816
0.5699999999999998,2.50000000000002,-0.005763989246964934,-0.016904425786598745
0.5699999999999998,2.48000000000002,-0.006010079559233188,-0.01697961703739531
0.5699999999999998,2.46000000000002,-0.006259703320259338,-0.017055774005999853
0.5699999999999998,2.44000000000002,-0.006512936586357692,-0.017132914943328886
0.5699999999999998,2.42000000000002,-0.006769857593318014,-0.0172110585480144
0.5699999999999998,2.40000000000002,-0.007030546834020629,-0.017290223979464982
0.5699999999999998,2.38000000000002,-0.007295087139810837,-0.017370430871562093
0.5699999999999998,2.36000000000002,-0.007563563764860962,-0.01745169934666352
0.5699999999999998,2.34000000000002,-0.007836064474912084,-0.01753405003018775
0.5699999999999998,2.32000000000002,-0.008112679639325614,-0.01761750406574731
0.5699999999999998,2.30000000000002,-0.008393502326771555,-0.01770208313051594
0.5699999999999998,2.28000000000002,-0.008678628406505146,-0.017787809451234843
0.5699999999999998,2.2600000000000198,-0.008968156652579745,-0.017874705821033548
0.5699999999999998,2.2400000000000198,-0.009262188853812407,-0.017962795616477262
0.5699999999999998,2.2200000000000197,-0.009560829928328327,-0.01805210281500068
0.5699999999999998,2.2000000000000197,-0.009864188043024674,-0.01814265201356507
0.5699999999999998,2.1800000000000197,-0.010172374738932314,-0.01823446844747252
0.5699999999999998,2.1600000000000197,-0.010485505062191244,-0.018327578009618845
0.5699999999999998,2.1400000000000197,-0.01080369770079083,-0.018422007271092833
0.5699999999999998,2.1200000000000196,-0.011127075128422235,-0.018517783501639046
0.5699999999999998,2.1000000000000196,-0.011455763753933024,-0.018614934691428824
0.5699999999999998,2.0800000000000196,-0.011789894078952045,-0.01871348957324847
0.5699999999999998,2.0600000000000196,-0.01212960086249064,-0.018813477645313728
0.5699999999999998,2.0400000000000196,-0.012475023293240605,-0.01891492919515852
0.5699999999999998,2.0200000000000196,-0.012826305170600858,-0.019017875323973275
0.5699999999999998,2.0000000000000195,-0.013183595094421392,-0.019122347972024473
0.5699999999999998,1.9800000000000195,-0.01354704666356446,-0.019228379944553023
0.5699999999999998,1.9600000000000195,-0.013916818684850778,-0.019336004938755737
0.5699999999999998,1.9400000000000195,-0.014293075392023107,-0.019445257571640263
0.5699999999999998,1.9200000000000195,-0.014675986675835829,-0.01955617340820951
0.5599999999999998,5,0.010101021448197453,-0.010754563542764453
0.5599999999999998,4.98,0.01003136860098841,-0.01077805850111211
0.5599999999999998,4.960000000000001,0.009961185786461867,-0.010801723591100869
0.5599999999999998,4.940000000000001,0.00989046694364631,-0.010825560657412123
0.5599999999999998,4.920000000000002,0.009819205919128255,-0.010849571571517239
0.5599999999999998,4.900000000000002,0.009747396465031682,-0.010873758231951266
0.5599999999999998,4.880000000000003,0.009675032237450164,-0.010898122564639538
0.5599999999999998,4.860000000000003,0.009602106794168539,-0.01092266652384187
0.5599999999999998,4.840000000000003,0.009528613593299814,-0.010947392092179917
0.5599999999999998,4.820000000000004,0.009454545991005333,-0.010972301281553163
0.5599999999999998,4.800000000000004,0.009379897239431986,-0.010997396133287051
0.5599999999999998,4.780000000000005,0.009304660485080118,-0.011022678719184373
0.5599999999999998,4.760000000000005,0.009228828766353689,-0.011048151141565835
0.5599999999999998,4.7400000000000055,0.009152395011516103,-0.011073815534120856
0.5599999999999998,4.720000000000006,0.009075352036558355,-0.011099674062399478
0.5599999999999998,4.700000000000006,0.008997692542999817,-0.011125728924508069
0.5599999999999998,4.680000000000007,0.008919409115613713,-0.011151982351561493
0.5599999999999998,4.660000000000007,0.008840494219901197,-0.011178436608405444
0.5599999999999998,4.640000000000008,0.00876094019979385,-0.011205093994215987
0.5599999999999998,4.620000000000008,0.008680739275400301,-0.011231956843283708
0.5599999999999998,4.6000000000000085,0.008599883540205664,-0.01125902752536935
0.5599999999999998,4.580000000000009,0.008518364958576972,-0.011286308446611604
0.5599999999999998,4.560000000000009,0.008436175363291654,-0.011313802050306146
0.5599999999999998,4.54000000000001,0.008353306452499194,-0.011341510817263992
0.5599999999999998,4.52000000000001,0.008269749787304628,-0.011369437266983105
0.5599999999999998,4.500000000000011,0.008185496788708982,-0.011397583957970366
0.5599999999999998,4.480000000000011,0.008100538734812802,-0.011425953488856042
0.5599999999999998,4.4600000000000115,0.008014866757727616,-0.011454548498898424
0.5599999999999998,4.440000000000012,0.00792847184054054,-0.01148337166883405
0.5599999999999998,4.420000000000012,0.007841344814333165,-0.011512425721963628
0.5599999999999998,4.400000000000013,0.007753476354672606,-0.011541713424561308
0.5599999999999998,4.380000000000013,0.007664856978801859,-0.011571237586974092
0.5599999999999998,4.360000000000014,0.007575477041609962,-0.011601001064556346
0.5599999999999998,4.340000000000014,0.007485326732559042,-0.011631006758296383
0.5599999999999998,4.3200000000000145,0.007394396072351724,-0.01166125761598244
0.5599999999999998,4.300000000000015,0.0073026749087916655,-0.011691756633084534
0.5599999999999998,4.280000000000015,0.007210152913198313,-0.011722506853613025
0.5599999999999998,4.260000000000016,0.007116819576863069,-0.011753511371013561
0.5599999999999998,4.240000000000016,0.00702266420665722,-0.011784773329606299
0.5599999999999998,4.220000000000017,0.006927675921267285,-0.011816295925161945
0.5599999999999998,4.200000000000017,0.006831843647113841,-0.011848082406077341
0.5599999999999998,4.1800000000000175,0.0067351561139404725,-0.011880136074609957
0.5599999999999998,4.160000000000018,0.006637601850222051,-0.011912460287775498
0.5599999999999998,4.140000000000018,0.006539169179265149,-0.011945058458582423
0.5599999999999998,4.120000000000019,0.00643984621400478,-0.01197793405719444
0.5599999999999998,4.100000000000019,0.006339620852800132,-0.012011090612115072
0.5599999999999998,4.08000000000002,0.006238480773922615,-0.012044531711402871
0.5599999999999998,4.06000000000002,0.006136413431295357,-0.01207826100384439
0.5599999999999998,4.0400000000000205,0.006033406048850826,-0.012112282200456126
0.5599999999999998,4.020000000000021,0.005929445615309454,-0.012146599075327565
0.5599999999999998,4.000000000000021,0.00582451887905141,-0.012181215467669246
0.5599999999999998,3.9800000000000213,0.005718612342260617,-0.012216135282538579
0.5599999999999998,3.9600000000000213,0.005611712255402536,-0.012251362492590942
0.5599999999999998,3.9400000000000213,0.005503804611095715,-0.012286901139409848
0.5599999999999998,3.9200000000000212,0.0053948751382942054,-0.012322755335207262
0.5599999999999998,3.9000000000000212,0.005284909296242242,-0.012358929263863457
0.5599999999999998,3.880000000000021,0.0051738922674228385,-0.012395427183090064
0.5599999999999998,3.860000000000021,0.005061808951625908,-0.012432253425633671
0.5599999999999998,3.840000000000021,0.0049486439590815355,-0.012469412400995881
0.5599999999999998,3.820000000000021,0.004834381603010788,-0.012506908597187866
0.5599999999999998,3.800000000000021,0.004719005893324182,-0.012544746582502833
0.5599999999999998,3.780000000000021,0.004602500528340297,-0.012582931007160108
0.5599999999999998,3.760000000000021,0.004484848887834951,-0.012621466605140616
0.5599999999999998,3.740000000000021,0.0043660340251609,-0.012660358196162591
0.5599999999999998,3.720000000000021,0.0042460386589588586,-0.01269961068766692
0.5599999999999998,3.700000000000021,0.004124845165079358,-0.01273922907645303
0.5599999999999998,3.680000000000021,0.004002435567960745,-0.012779218451087038
0.5599999999999998,3.660000000000021,0.003878791532134825,-0.012819583993764386
0.5599999999999998,3.640000000000021,0.0037538943527709616,-0.012860330982505407
0.5599999999999998,3.620000000000021,0.003627724946839968,-0.012901464793452729
0.5599999999999998,3.600000000000021,0.003500263842995236,-0.012942990902773066
0.5599999999999998,3.580000000000021,0.003371491172399179,-0.0129849148894478
0.5599999999999998,3.560000000000021,0.003241386657705314,-0.013027242437291302
0.5599999999999998,3.540000000000021,0.003109929603423158,-0.01306997933769237
0.5599999999999998,3.520000000000021,0.0029770988844454527,-0.01311313149166813
0.5599999999999998,3.500000000000021,0.0028428729352992597,-0.013156704913077133
0.5599999999999998,3.480000000000021,0.0027072297384670256,-0.013200705730630306
0.5599999999999998,3.460000000000021,0.0025701468124876585,-0.01324514019107384
0.5599999999999998,3.440000000000021,0.0024316012001349223,-0.01329001466175763
0.5599999999999998,3.420000000000021,0.0022915694551354964,-0.013335335633663715
0.5599999999999998,3.400000000000021,0.002150027629665846,-0.013381109724234713
0.5599999999999998,3.3800000000000208,0.0020069512608993593,-0.013427343680453448
0.5599999999999998,3.3600000000000207,0.0018623153567975661,-0.013474044382092154
0.5599999999999998,3.3400000000000207,0.0017160943821309007,-0.013521218844707139
0.5599999999999998,3.3200000000000207,0.001568262243633867,-0.013568874223193424
0.5599999999999998,3.3000000000000207,0.0014187922745638516,-0.013617017815038698
0.5599999999999998,3.2800000000000207,0.0012676572193342566,-0.01366565706391866
0.5599999999999998,3.2600000000000207,0.001114829216742936,-0.013714799563244638
0.5599999999999998,3.2400000000000206,0.0009602797835457986,-0.013764453059816904
0.5599999999999998,3.2200000000000206,0.0008039797970148337,-0.01381462545788575
0.5599999999999998,3.2000000000000206,0.0006458994766936402,-0.01386532482270253
0.5599999999999998,3.1800000000000206,0.0004860083661600923,-0.013916559385112853
0.5599999999999998,3.1600000000000206,0.0003242753138521697,-0.013968337545072755
0.5599999999999998,3.1400000000000206,0.00016066845275151958,-0.014020667876453508
0.5599999999999998,3.1200000000000205,-4.844819355086759e-6,-0.01407355913135191
0.5599999999999998,3.1000000000000205,-0.0001722978619633994,-0.014127020244430813
0.5599999999999998,3.0800000000000205,-0.00034172481323124174,-0.014181060337832327
0.5599999999999998,3.0600000000000205,-0.0005131606128840268,-0.014235688725945241
0.5599999999999998,3.0400000000000205,-0.0006866410257953771,-0.014290914920277203
0.5599999999999998,3.0200000000000204,-0.0008622026662520288,-0.014346748634764303
0.5599999999999998,3.0000000000000204,-0.0010398830232370448,-0.014403199791029019
0.5599999999999998,2.9800000000000204,-0.001219720486776618,-0.014460278523603591
0.5599999999999998,2.9600000000000204,-0.0014017543743822134,-0.014517995185735294
0.5599999999999998,2.9400000000000204,-0.001586024959621582,-0.014576360355243026
0.5599999999999998,2.9200000000000204,-0.0017725735009971675,-0.014635384840314465
0.5599999999999998,2.9000000000000203,-0.00196144227203159,-0.014695079685690848
0.5599999999999998,2.8800000000000203,-0.002152674592426341,-0.014755456179029847
0.5599999999999998,2.8600000000000203,-0.0023463148605248328,-0.01481652585750691
0.5599999999999998,2.8400000000000203,-0.0025424085868211276,-0.014878300514357068
0.5599999999999998,2.8200000000000203,-0.0027410024286101597,-0.014940792206224365
0.5599999999999998,2.8000000000000203,-0.002942144226386248,-0.015004013259748344
0.5599999999999998,2.7800000000000202,-0.003145883041016832,-0.015067976279588724
0.5599999999999998,2.76000000000002,-0.0033522691928690013,-0.015132694155550339
0.5599999999999998,2.74000000000002,-0.0035613543020147393,-0.015198180070811591
0.5599999999999998,2.72000000000002,-0.0037731913304042495,-0.015264447509889173
0.5599999999999998,2.70000000000002,-0.0039878346248386765,-0.015331510267012405
0.5599999999999998,2.68000000000002,-0.004205339963063174,-0.015399382454902036
0.5599999999999998,2.66000000000002,-0.004425764600075207,-0.015468078513583602
0.5599999999999998,2.64000000000002,-0.004649167317231488,-0.015537613219763657
0.5599999999999998,2.62000000000002,-0.004875608473048104,-0.015608001696166834
0.5599999999999998,2.60000000000002,-0.005105150056136322,-0.015679259421480553
0.5599999999999998,2.58000000000002,-0.0053378557396556335,-0.01575140224062396
0.5599999999999998,2.56000000000002,-0.0055737909392000705,-0.01582444637508698
0.5599999999999998,2.54000000000002,-0.0058130228716041735,-0.015898408433713707
0.5599999999999998,2.52000000000002,-0.006055620617098659,-0.015973305424121634
0.5599999999999998,2.50000000000002,-0.00630165518400363,-0.016049154764037926
0.5599999999999998,2.48000000000002,-0.00655119957525766,-0.01612597429338914
0.5599999999999998,2.46000000000002,-0.0068043288588601186,-0.016203782286611304
0.5599999999999998,2.44000000000002,-0.007061120240315201,-0.016282597465309148
0.5599999999999998,2.42000000000002,-0.007321653138789051,-0.016362439011591526
0.5599999999999998,2.40000000000002,-0.007586009266058383,-0.0164433265814957
0.5599999999999998,2.38000000000002,-0.007854272709126083,-0.016525280319176355
0.5599999999999998,2.36000000000002,-0.00812653001614553,-0.0166083208713559
0.5599999999999998,2.34000000000002,-0.008402870286295024,-0.016692469402625476
0.5599999999999998,2.32000000000002,-0.008683385263315899,-0.01677774761038721
0.5599999999999998,2.30000000000002,-0.008968169433663513,-0.01686417774146319
0.5599999999999998,2.28000000000002,-0.00925732012796815,-0.016951782608392793
0.5599999999999998,2.2600000000000198,-0.009550937628170521,-0.01704058560670782
0.5599999999999998,2.2400000000000198,-0.009849125278964713,-0.017130610732402064
0.5599999999999998,2.2200000000000197,-0.010151989603861343,-0.017221882600553993
0.5599999999999998,2.2000000000000197,-0.010459640427110374,-0.017314426463997924
0.5599999999999998,2.1800000000000197,-0.010772191001052603,-0.0174082682329487
0.5599999999999998,2.1600000000000197,-0.01108975813911919,-0.017503434495304775
0.5599999999999998,2.1400000000000197,-0.011412462355061201,-0.017599952537235203
0.5599999999999998,2.1200000000000196,-0.011740428008669111,-0.01769785036520178
0.5599999999999998,2.1000000000000196,-0.012073783458673179,-0.017797156727720788
0.5599999999999998,2.0800000000000196,-0.012412661222276753,-0.01789790113887988
0.5599999999999998,2.0600000000000196,-0.012757198142678793,-0.018000113901639664
0.5599999999999998,2.0400000000000196,-0.013107535564260305,-0.01810382613290322
0.5599999999999998,2.0200000000000196,-0.0134638195171497,-0.018209069788429177
0.5599999999999998,2.0000000000000195,-0.013826200909226703,-0.018315877689377508
0.5599999999999998,1.9800000000000195,-0.014194835729093759,-0.01842428354899285
0.5599999999999998,1.9600000000000195,-0.014569885257839608,-0.018534322000942842
0.5599999999999998,1.9400000000000195,-0.014951516292018317,-0.0186460286276384
0.5599999999999998,1.9200000000000195,-0.015339901377520003,-0.018759439990287514
0.5499999999999998,5,0.00977490428857052,-0.0097825597947344
0.5499999999999998,4.98,0.009704291798674011,-0.009806523284910544
0.5499999999999998,4.960000000000001,0.00963314189776941,-0.00983066043990824
0.5499999999999998,4.940000000000001,0.009561448438111745,-0.00985497314435052
0.5499999999999998,4.920000000000002,0.00948920517796433,-0.009879463310151285
0.5499999999999998,4.900000000000002,0.00941640578011951,-0.00990413287707334
0.5499999999999998,4.880000000000003,0.009343043809495199,-0.009928983812858859
0.5499999999999998,4.860000000000003,0.009269112731723527,-0.00995401811417293
0.5499999999999998,4.840000000000003,0.00919460591083467,-0.009979237806687996
0.5499999999999998,4.820000000000004,0.009119516607771345,-0.010004644946026084
0.5499999999999998,4.800000000000004,0.009043837977954232,-0.010030241618094182
0.5499999999999998,4.780000000000005,0.008967563069304685,-0.010056029939553249
0.5499999999999998,4.760000000000005,0.008890684820225422,-0.010082012058663811
0.5499999999999998,4.7400000000000055,0.008813196057445473,-0.010108190155550117
0.5499999999999998,4.720000000000006,0.008735089493769492,-0.01013456644303655
0.5499999999999998,4.700000000000006,0.008656357725691234,-0.010161143167230421
0.5499999999999998,4.680000000000007,0.00857699323130242,-0.010187922607942039
0.5499999999999998,4.660000000000007,0.008496988367752988,-0.010214907079576216
0.5499999999999998,4.640000000000008,0.008416335368864419,-0.010242098931536311
0.5499999999999998,4.620000000000008,0.008335026342693792,-0.010269500549225485
0.5499999999999998,4.6000000000000085,0.008253053268788522,-0.010297114354339956
0.5499999999999998,4.580000000000009,0.008170407995868587,-0.010324942805743462
0.5499999999999998,4.560000000000009,0.008087082238850457,-0.010352988400284924
0.5499999999999998,4.54000000000001,0.008003067576376751,-0.010381253673402507
0.5499999999999998,4.52000000000001,0.007918355447836038,-0.010409741199759251
0.5499999999999998,4.500000000000011,0.00783293715037381,-0.01043845359421769
0.5499999999999998,4.480000000000011,0.007746803836190101,-0.010467393512547156
0.5499999999999998,4.4600000000000115,0.007659946509499032,-0.01049656365211693
0.5499999999999998,4.440000000000012,0.007572356023113086,-0.010525966752796379
0.5499999999999998,4.420000000000012,0.007484023075521257,-0.01055560559784834
0.5499999999999998,4.400000000000013,0.007394938207850097,-0.010585483014678754
0.5499999999999998,4.380000000000013,0.0073050917998315045,-0.010615601875750454
0.5499999999999998,4.360000000000014,0.007214474067039129,-0.01064596509938244
0.5499999999999998,4.340000000000014,0.007123075057168592,-0.010676575650928569
0.5499999999999998,4.3200000000000145,0.00703088464616129,-0.010707436543355653
0.5499999999999998,4.300000000000015,0.006937892534889212,-0.010738550838433766
0.5499999999999998,4.280000000000015,0.006844088245181202,-0.010769921647777542
0.5499999999999998,4.260000000000016,0.0067494611158613734,-0.01080155213363404
0.5499999999999998,4.240000000000016,0.006654000298949187,-0.010833445509899398
0.5499999999999998,4.220000000000017,0.006557694755279125,-0.010865605043610893
0.5499999999999998,4.200000000000017,0.006460533250454535,-0.010898034055335237
0.5499999999999998,4.1800000000000175,0.006362504350581349,-0.010930735920932667
0.5499999999999998,4.160000000000018,0.006263596417922142,-0.010963714072236702
0.5499999999999998,4.140000000000018,0.006163797605830467,-0.0109969719984358
0.5499999999999998,4.120000000000019,0.006063095854699993,-0.011030513247199544
0.5499999999999998,4.100000000000019,0.005961478886623961,-0.011064341425896629
0.5499999999999998,4.08000000000002,0.005858934200900249,-0.011098460202743202
0.5499999999999998,4.06000000000002,0.005755449068844234,-0.01113287330841696
0.5499999999999998,4.0400000000000205,0.00565101052816604,-0.01116758453690904
0.5499999999999998,4.020000000000021,0.005545605378419924,-0.011202597747252976
0.5499999999999998,4.000000000000021,0.005439220174643426,-0.01123791686459237
0.5499999999999998,3.9800000000000213,0.005331841222394553,-0.011273545881925005
0.5499999999999998,3.9600000000000213,0.0052234545714395005,-0.01130948886127188
0.5499999999999998,3.9400000000000213,0.005114046010218421,-0.0113457499351855
0.5499999999999998,3.9200000000000212,0.005003601059259459,-0.011382333308486578
0.5499999999999998,3.9000000000000212,0.004892104965347999,-0.011419243259713954
0.5499999999999998,3.880000000000021,0.004779542694505014,-0.011456484142577383
0.5499999999999998,3.860000000000021,0.004665898925902466,-0.011494060387756078
0.5499999999999998,3.840000000000021,0.004551158044428334,-0.011531976504641758
0.5499999999999998,3.820000000000021,0.004435304134059691,-0.011570237082901655
0.5499999999999998,3.800000000000021,0.004318320970422682,-0.011608846794512004
0.5499999999999998,3.780000000000021,0.004200192013067538,-0.011647810395087457
0.5499999999999998,3.760000000000021,0.004080900398381438,-0.011687132726318612
0.5499999999999998,3.740000000000021,0.003960428931020294,-0.011726818717683107
0.5499999999999998,3.720000000000021,0.0038387600762442354,-0.011766873388222132
0.5499999999999998,3.700000000000021,0.0037158759510942697,-0.01180730184870453
0.5499999999999998,3.680000000000021,0.0035917583163731443,-0.011848109303959534
0.5499999999999998,3.660000000000021,0.003466388566883415,-0.011889301054547566
0.5499999999999998,3.640000000000021,0.0033397477229842594,-0.011930882499204792
0.5499999999999998,3.620000000000021,0.0032118164208222973,-0.01197285913718367
0.5499999999999998,3.600000000000021,0.0030825749028493684,-0.012015236570344513
0.5499999999999998,3.580000000000021,0.002952003007286908,-0.012058020505669495
0.5499999999999998,3.560000000000021,0.002820080158354515,-0.012101216757695599
0.5499999999999998,3.540000000000021,0.002686785355427786,-0.012144831250971627
0.5499999999999998,3.520000000000021,0.002552097161706724,-0.012188870022602827
0.5499999999999998,3.500000000000021,0.0024159936936095864,-0.012233339224966472
0.5499999999999998,3.480000000000021,0.0022784526085027285,-0.01227824512850019
0.5499999999999998,3.460000000000021,0.0021394510928257997,-0.012323594124378882
0.5499999999999998,3.440000000000021,0.0019989658498299266,-0.012369392727355849
0.5499999999999998,3.420000000000021,0.0018569730865485774,-0.012415647578906439
0.5499999999999998,3.400000000000021,0.001713448500814456,-0.012462365450062171
0.5499999999999998,3.3800000000000208,0.0015683672673049874,-0.012509553244692467
0.5499999999999998,3.3600000000000207,0.0014217040237767902,-0.012557218002616014
0.5499999999999998,3.3400000000000207,0.001273432856373647,-0.012605366902912973
0.5499999999999998,3.3200000000000207,0.0011235272846683918,-0.01265400726752726
0.5499999999999998,3.3000000000000207,0.0009719602460145267,-0.012703146564386009
0.5499999999999998,3.2800000000000207,0.0008187040798962077,-0.012752792411305239
0.5499999999999998,3.2600000000000207,0.0006637305110240584,-0.012802952579749519
0.5499999999999998,3.2400000000000206,0.0005070106323795454,-0.012853634998248792
0.5499999999999998,3.2200000000000206,0.00034851488769839685,-0.012904847756771295
0.5499999999999998,3.2000000000000206,0.0001882130530051862,-0.012956599110445806
0.5499999999999998,3.1800000000000206,0.00002607421802290036,-0.01300889748401983
0.5499999999999998,3.1600000000000206,-0.00013793323369801674,-0.01306175147574723
0.5499999999999998,3.1400000000000206,-0.0003038416444703794,-0.013115169862334203
0.5499999999999998,3.1200000000000205,-0.0004716841038261302,-0.013169161602739225
0.5499999999999998,3.1000000000000205,-0.000641494469597278,-0.013223735843786333
0.5499999999999998,3.0800000000000205,-0.0008133073906382877,-0.013278901924001739
0.5499999999999998,3.0600000000000205,-0.0009871583297349953,-0.013334669379461234
0.5499999999999998,3.0400000000000205,-0.0011630835874669788,-0.013391047948261167
0.5499999999999998,3.0200000000000204,-0.0013411203268647864,-0.013448047576016517
0.5499999999999998,3.0000000000000204,-0.0015213065995717538,-0.013505678421484993
0.5499999999999998,2.9800000000000204,-0.0017036813716087553,-0.01356395086191705
0.5499999999999998,2.9600000000000204,-0.0018882845515449916,-0.013622875498755627
0.5499999999999998,2.9400000000000204,-0.0020751570183945535,-0.013682463163892655
0.5499999999999998,2.9200000000000204,-0.0022643406515713387,-0.013742724925575087
0.5499999999999998,2.9000000000000203,-0.0024558783611815143,-0.013803672094781547
0.5499999999999998,2.8800000000000203,-0.002649814119927289,-0.01386531623172925
0.5499999999999998,2.8600000000000203,-0.0028461929959228845,-0.01392766915262321
0.5499999999999998,2.8400000000000203,-0.0030450611865887635,-0.013990742936560163
0.5499999999999998,2.8200000000000203,-0.0032464660544525327,-0.014054549932735229
0.5499999999999998,2.8000000000000203,-0.0034504561632655406,-0.014119102767749372
0.5499999999999998,2.7800000000000202,-0.0036570813166964273,-0.014184414353372058
0.5499999999999998,2.76000000000002,-0.003866392597286005,-0.014250497894116962
0.5499999999999998,2.74000000000002,-0.00407844240790148,-0.014317366895613928
0.5499999999999998,2.72000000000002,-0.004293284514116545,-0.01438503517291971
0.5499999999999998,2.70000000000002,-0.004510974088495542,-0.014453516859104218
0.5499999999999998,2.68000000000002,-0.0047315677564889295,-0.014522826414072598
0.5499999999999998,2.66000000000002,-0.0049551236446218,-0.01459297863406861
0.5499999999999998,2.64000000000002,-0.005181701429657995,-0.014663988660847255
0.5499999999999998,2.62000000000002,-0.005411362390282652,-0.01473587199159794
0.5499999999999998,2.60000000000002,-0.005644169461082686,-0.014808644489237664
0.5499999999999998,2.58000000000002,-0.005880187288241993,-0.014882322392704567
0.5499999999999998,2.56000000000002,-0.006119482287391014,-0.014956922327736183
0.5499999999999998,2.54000000000002,-0.006362122704391541,-0.015032461318190402
0.5499999999999998,2.52000000000002,-0.006608178678030687,-0.015108956797476689
0.5499999999999998,2.50000000000002,-0.006857722305728,-0.015186426620418622
0.5499999999999998,2.48000000000002,-0.007110827711401693,-0.015264889075737212
0.5499999999999998,2.46000000000002,-0.007367571116915143,-0.015344362898622343
0.5499999999999998,2.44000000000002,-0.0076280309159252845,-0.015424867283886534
0.5499999999999998,2.42000000000002,-0.007892287750925368,-0.015506421899572381
0.5499999999999998,2.40000000000002,-0.008160424593941328,-0.015589046901127411
0.5499999999999998,2.38000000000002,-0.008432526829988934,-0.015672762945601063
0.5499999999999998,2.36000000000002,-0.008708682345302171,-0.015757591206940508
0.5499999999999998,2.34000000000002,-0.00898898161776069,-0.015843553391281406
0.5499999999999998,2.32000000000002,-0.00927351781252975,-0.015930671753122835
0.5499999999999998,2.30000000000002,-0.00956238688141571,-0.016018969111753087
0.5499999999999998,2.28000000000002,-0.009855687667035238,-0.01610846886838299
0.5499999999999998,2.2600000000000198,-0.010153522010450633,-0.016199195023934087
0.5499999999999998,2.2400000000000198,-0.010455994865409329,-0.016291172197214362
0.5499999999999998,2.2200000000000197,-0.010763214415962216,-0.016384425643943587
0.5499999999999998,2.2000000000000197,-0.011075292200621133,-0.016478981276131913
0.5499999999999998,2.1800000000000197,-0.011392343241725285,-0.016574865682382506
0.5499999999999998,2.1600000000000197,-0.011714486180862915,-0.01667210614878261
0.5499999999999998,2.1400000000000197,-0.01204184342020512,-0.016770730680433325
0.5499999999999998,2.1200000000000196,-0.012374541271383845,-0.01687076802384528
0.5499999999999998,2.1000000000000196,-0.012712710109972446,-0.016972247689583282
0.5499999999999998,2.0800000000000196,-0.013056484538579055,-0.017075199976893413
0.5499999999999998,2.0600000000000196,-0.013406003556812023,-0.017179655997498225
0.5499999999999998,2.0400000000000196,-0.013761410740060787,-0.017285647701441254
0.5499999999999998,2.0200000000000196,-0.014122854426229382,-0.017393207903221672
0.5499999999999998,2.0000000000000195,-0.014490487912088332,-0.01750237030898706
0.5499999999999998,1.9800000000000195,-0.014864469659232124,-0.017613169544501067
0.5499999999999998,1.9600000000000195,-0.01524496350949,-0.01772564118400187
0.5499999999999998,1.9400000000000195,-0.015632138912074395,-0.017839821780227652
0.5499999999999998,1.9200000000000195,-0.0160261711615034,-0.017955748894927973
0.5399999999999998,5,0.00943659417686044,-0.008802946640343735
0.5399999999999998,4.98,0.009364993152673242,-0.008827384635196972
0.5399999999999998,4.960000000000001,0.009292847044222499,-0.008851999866899413
0.5399999999999998,4.940000000000001,0.009220149614290254,-0.008876794260564771
0.5399999999999998,4.920000000000002,0.00914689453043738,-0.008901769769086229
0.5399999999999998,4.900000000000002,0.009073075362616034,-0.008926928373610907
0.5399999999999998,4.880000000000003,0.008998685582262859,-0.008952272084203211
0.5399999999999998,4.860000000000003,0.008923718559507363,-0.00897780294020735
0.5399999999999998,4.840000000000003,0.008848167561861964,-0.009003523010910619
0.5399999999999998,4.820000000000004,0.0087720257516298,-0.009029434396031252
0.5399999999999998,4.800000000000004,0.0086952861843402,-0.009055539226222854
0.5399999999999998,4.780000000000005,0.00861794180650105,-0.009081839663766526
0.5399999999999998,4.760000000000005,0.008539985453355829,-0.009108337903040973
0.5399999999999998,4.7400000000000055,0.008461409846770188,-0.009135036171205327
0.5399999999999998,4.720000000000006,0.008382207592988772,-0.009161936728768139
0.5399999999999998,4.700000000000006,0.008302371180267594,-0.009189041870106995
0.5399999999999998,4.680000000000007,0.00822189297676756,-0.009216353924363485
0.5399999999999998,4.660000000000007,0.008140765227627595,-0.009243875255794669
0.5399999999999998,4.640000000000008,0.00805898005311375,-0.009271608264648828
0.5399999999999998,4.620000000000008,0.007976529445668741,-0.009299555387791786
0.5399999999999998,4.6000000000000085,0.007893405267447657,-0.009327719099341061
0.5399999999999998,4.580000000000009,0.007809599247670631,-0.0093561019114526
0.5399999999999998,4.560000000000009,0.007725102979817596,-0.009384706374948842
0.5399999999999998,4.54000000000001,0.0076399079189700325,-0.009413535080191047
0.5399999999999998,4.52000000000001,0.007554005379002209,-0.009442590657817856
0.5399999999999998,4.500000000000011,0.007467386529317528,-0.009471875779394696
0.5399999999999998,4.480000000000011,0.007380042392373222,-0.009501393158329804
0.5399999999999998,4.4600000000000115,0.00729196384006372,-0.009531145550646498
0.5399999999999998,4.440000000000012,0.007203141590969872,-0.00956113575584771
0.5399999999999998,4.420000000000012,0.007113566206971188,-0.009591366617753408
0.5399999999999998,4.400000000000013,0.007023228089826536,-0.009621841025362454
0.5399999999999998,4.380000000000013,0.006932117478027757,-0.009652561913711458
0.5399999999999998,4.360000000000014,0.006840224443222739,-0.009683532264898917
0.5399999999999998,4.340000000000014,0.0067475388863736125,-0.009714755108875879
0.5399999999999998,4.3200000000000145,0.00665405053460206,-0.00974623352459466
0.5399999999999998,4.300000000000015,0.006559748936919227,-0.00977797064069249
0.5399999999999998,4.280000000000015,0.006464623460794511,-0.009809969636905122
0.5399999999999998,4.260000000000016,0.0063686632879175935,-0.009842233744623806
0.5399999999999998,4.240000000000016,0.006271857410205233,-0.009874766248386235
0.5399999999999998,4.220000000000017,0.006174194625756297,-0.009907570486745954
0.5399999999999998,4.200000000000017,0.0060756635342332005,-0.00994064985329219
0.5399999999999998,4.1800000000000175,0.00597625253309473,-0.00997400779796978
0.5399999999999998,4.160000000000018,0.0058759498124227386,-0.010007647828055216
0.5399999999999998,4.140000000000018,0.005774743350596034,-0.010041573509607788
0.5399999999999998,4.120000000000019,0.00567262090962041,-0.010075788468355565
0.5399999999999998,4.100000000000019,0.005569570030169684,-0.010110296391299962
0.5399999999999998,4.08000000000002,0.005465578026448742,-0.010145101027580317
0.5399999999999998,4.06000000000002,0.005360631981208372,-0.01018020619015765
0.5399999999999998,4.0400000000000205,0.005254718740392402,-0.0102156157570087
0.5399999999999998,4.020000000000021,0.005147824907710414,-0.010251333672420856
0.5399999999999998,4.000000000000021,0.005039936838984531,-0.010287363948542263
0.5399999999999998,3.9800000000000213,0.0049310406366231815,-0.010323710666863717
0.5399999999999998,3.9600000000000213,0.0048211221435195736,-0.010360377979398629
0.5399999999999998,3.9400000000000213,0.004710166936937061,-0.010397370110649895
0.5399999999999998,3.9200000000000212,0.004598160322525249,-0.010434691358752773
0.5399999999999998,3.9000000000000212,0.004485087327679502,-0.01047234609735314
0.5399999999999998,3.880000000000021,0.004370932695085296,-0.010510338777214343
0.5399999999999998,3.860000000000021,0.004255680875841168,-0.010548673927798652
0.5399999999999998,3.840000000000021,0.004139316022626855,-0.010587356159008356
0.5399999999999998,3.820000000000021,0.004021821982292737,-0.010626390162993812
0.5399999999999998,3.800000000000021,0.0039031822887606203,-0.010665780716109227
0.5399999999999998,3.780000000000021,0.003783380155303394,-0.01070553268050427
0.5399999999999998,3.760000000000021,0.0036623984665277443,-0.010745651006295577
0.5399999999999998,3.740000000000021,0.0035402197708841758,-0.010786140733405922
0.5399999999999998,3.720000000000021,0.003416826271620979,-0.010827006993492969
0.5399999999999998,3.700000000000021,0.003292199818885056,-0.010868255012254219
0.5399999999999998,3.680000000000021,0.0031663219006875165,-0.010909890111412211
0.5399999999999998,3.660000000000021,0.0030391736339324743,-0.010951917711020262
0.5399999999999998,3.640000000000021,0.0029107357549313572,-0.010994343331370657
0.5399999999999998,3.620000000000021,0.002780988610092291,-0.011037172595877248
0.5399999999999998,3.600000000000021,0.002649912145845386,-0.011080411232827263
0.5399999999999998,3.580000000000021,0.0025174858983876393,-0.011124065078345693
0.5399999999999998,3.560000000000021,0.0023836889835315905,-0.01116814007848578
0.5399999999999998,3.540000000000021,0.0022485000854789725,-0.011212642292129565
0.5399999999999998,3.520000000000021,0.0021118974458763737,-0.011257577893321699
0.5399999999999998,3.500000000000021,0.0019738588523605877,-0.011302953174203476
0.5399999999999998,3.480000000000021,0.0018343616264581857,-0.011348774547818657
0.5399999999999998,3.460000000000021,0.0016933826117956291,-0.011395048550809375
0.5399999999999998,3.440000000000021,0.0015508981609828791,-0.011441781846410329
0.5399999999999998,3.420000000000021,0.0014068841229276463,-0.011488981227673466
0.5399999999999998,3.400000000000021,0.0012613158293117046,-0.011536653620462495
0.5399999999999998,3.3800000000000208,0.001114168080741136,-0.011584806086434765
0.5399999999999998,3.3600000000000207,0.0009654151323620833,-0.011633445826752098
0.5399999999999998,3.3400000000000207,0.0008150306792985441,-0.011682580185205987
0.5399999999999998,3.3200000000000207,0.0006629878410798463,-0.011732216651695875
0.5399999999999998,3.3000000000000207,0.0005092591463299384,-0.011782362866038176
0.5399999999999998,3.2800000000000207,0.000353816516089176,-0.01183302662140614
0.5399999999999998,3.2600000000000207,0.00019663124721963805,-0.011884215868391682
0.5399999999999998,3.2400000000000206,0.00003767399522234638,-0.01193593871863173
0.5399999999999998,3.2200000000000206,-0.00012308524412704778,-0.011988203449048294
0.5399999999999998,3.2000000000000206,-0.00028567715307950005,-0.012041018505932803
0.5399999999999998,3.1800000000000206,-0.00045013311092774195,-0.012094392509205937
0.5399999999999998,3.1600000000000206,-0.0006164852140673187,-0.01214833425686257
0.5399999999999998,3.1400000000000206,-0.0007847662963687621,-0.012202852729498392
0.5399999999999998,3.1200000000000205,-0.0009550099503252574,-0.012257957094753295
0.5399999999999998,3.1000000000000205,-0.0011272505490124676,-0.01231365671259884
0.5399999999999998,3.0800000000000205,-0.0013015232689398211,-0.012369961139728214
0.5399999999999998,3.0600000000000205,-0.0014778641132397036,-0.012426880135083987
0.5399999999999998,3.0400000000000205,-0.0016563099359989293,-0.01248442366480603
0.5399999999999998,3.0200000000000204,-0.0018368984676564184,-0.012542601907937934
0.5399999999999998,3.0000000000000204,-0.0020196683408243207,-0.012601425261688781
0.5399999999999998,2.9800000000000204,-0.0022046591171785163,-0.012660904347545701
0.5399999999999998,2.9600000000000204,-0.00239191131564423,-0.012721050016818232
0.5399999999999998,2.9400000000000204,-0.00258146644137312,-0.012781873356987494
0.5399999999999998,2.9200000000000204,-0.0027733670151891547,-0.01284338569805888
0.5399999999999998,2.9000000000000203,-0.0029676566053518563,-0.012905598618748529
0.5399999999999998,2.8800000000000203,-0.003164379859349627,-0.012968523953563446
0.5399999999999998,2.8600000000000203,-0.003363582537453829,-0.013032173799515448
0.5399999999999998,2.8400000000000203,-0.0035653115475027513,-0.013096560523167468
0.5399999999999998,2.8200000000000203,-0.003769614980565433,-0.01316169676817277
0.5399999999999998,2.8000000000000203,-0.003976542148417268,-0.013227595462760575
0.5399999999999998,2.7800000000000202,-0.004186143622181408,-0.013294269827611187
0.5399999999999998,2.76000000000002,-0.004398471272559718,-0.013361733383837629
0.5399999999999998,2.74000000000002,-0.0046135783115422956,-0.013429999961407153
0.5399999999999998,2.72000000000002,-0.004831519335622333,-0.01349908370783539
0.5399999999999998,2.70000000000002,-0.0050523503708828285,-0.013568999096829265
0.5399999999999998,2.68000000000002,-0.005276128919713212,-0.013639760937648593
0.5399999999999998,2.66000000000002,-0.0055029140092781904,-0.013711384384507998
0.5399999999999998,2.64000000000002,-0.005732766242192599,-0.013783884946436705
0.5399999999999998,2.62000000000002,-0.0059657478488904375,-0.01385727849724984
0.5399999999999998,2.60000000000002,-0.006201922742177464,-0.01393158128599456
0.5399999999999998,2.58000000000002,-0.0064413565739267625,-0.01400680994780859
0.5399999999999998,2.56000000000002,-0.006684116794436311,-0.014082981514965807
0.5399999999999998,2.54000000000002,-0.006930272713648503,-0.014160113428478394
0.5399999999999998,2.52000000000002,-0.007179895565054882,-0.014238223549685
0.5399999999999998,2.50000000000002,-0.0074330585725249036,-0.01431733017302586
0.5399999999999998,2.48000000000002,-0.007689837019437106,-0.014397452038159807
0.5399999999999998,2.46000000000002,-0.007950308321139785,-0.014478608343471156
0.5399999999999998,2.44000000000002,-0.00821455210022545,-0.014560818759354388
0.5399999999999998,2.42000000000002,-0.00848265026462298,-0.014644103442425283
0.5399999999999998,2.40000000000002,-0.008754687090082893,-0.014728483049727348
0.5399999999999998,2.38000000000002,-0.00903074930484539,-0.014813978753919738
0.5399999999999998,2.36000000000002,-0.009310926178756875,-0.014900612258635294
0.5399999999999998,2.34000000000002,-0.009595309616398413,-0.014988405814480927
0.5399999999999998,2.32000000000002,-0.009883994253688296,-0.015077382235365401
0.5399999999999998,2.30000000000002,-0.010177077558972125,-0.0151675649158323
0.5399999999999998,2.28000000000002,-0.01047465993871647,-0.015258977848635683
0.5399999999999998,2.2600000000000198,-0.010776844847932118,-0.015351645642915052
0.5399999999999998,2.2400000000000198,-0.011083738905171222,-0.015445593543019828
0.5399999999999998,2.2200000000000197,-0.011395452013152375,-0.015540847448262923
0.5399999999999998,2.2000000000000197,-0.011712097484410365,-0.01563743393285
0.5399999999999998,2.1800000000000197,-0.012033792173459342,-0.015735380266654983
0.5399999999999998,2.1600000000000197,-0.012360656613908231,-0.015834714437218664
0.5399999999999998,2.1400000000000197,-0.012692815163067075,-0.01593546517135775
0.5399999999999998,2.1200000000000196,-0.013030396152546832,-0.01603766195895851
0.5399999999999998,2.1000000000000196,-0.013373532046019706,-0.016141335076175864
0.5399999999999998,2.0800000000000196,-0.013722359605057183,-0.016246515610239695
0.5399999999999998,2.0600000000000196,-0.014077020062099127,-0.01635323548507226
0.5399999999999998,2.0400000000000196,-0.01443765930199701,-0.016461527487402886
0.5399999999999998,2.0200000000000196,-0.014804428052828167,-0.016571425293801928
0.5399999999999998,2.0000000000000195,-0.015177482084838751,-0.01668296349903331
0.5399999999999998,1.9800000000000195,-0.01555698242035435,-0.01679617764473062
0.5399999999999998,1.9600000000000195,-0.015943095553658693,-0.016911104249716993
0.5399999999999998,1.9400000000000195,-0.016335993681196308,-0.01702778084033923
0.5399999999999998,1.9200000000000195,-0.01673585494410907,-0.01714624598296531
0.5299999999999998,5,0.009085502526573641,-0.00781671119738065
0.5299999999999998,4.98,0.009012882753581246,-0.007841630556302506
0.5299999999999998,4.960000000000001,0.008939709982821648,-0.007866730768909092
0.5299999999999998,4.940000000000001,0.008865977884853382,-0.007892013801069062
0.5299999999999998,4.920000000000002,0.008791680032996012,-0.007917481646940935
0.5299999999999998,4.900000000000002,0.008716809902367964,-0.007943136329759126
0.5299999999999998,4.880000000000003,0.008641360867240551,-0.0079689799021717
0.5299999999999998,4.860000000000003,0.008565326199490684,-0.00799501444677471
0.5299999999999998,4.840000000000003,0.008488699066648508,-0.008021242076866664
0.5299999999999998,4.820000000000004,0.008411472529571489,-0.008047664936663715
0.5299999999999998,4.800000000000004,0.008333639540621576,-0.008074285202149825
0.5299999999999998,4.780000000000005,0.008255192941503908,-0.00810110508166327
0.5299999999999998,4.760000000000005,0.008176125460974343,-0.00812812681616673
0.5299999999999998,4.7400000000000055,0.008096429712740636,-0.008155352680310882
0.5299999999999998,4.720000000000006,0.008016098193044788,-0.00818278498272669
0.5299999999999998,4.700000000000006,0.007935123278519678,-0.008210426066777049
0.5299999999999998,4.680000000000007,0.007853497223538206,-0.008238278311184087
0.5299999999999998,4.660000000000007,0.007771212157989116,-0.008266344130734765
0.5299999999999998,4.640000000000008,0.0076882600847079366,-0.008294625976968251
0.5299999999999998,4.620000000000008,0.007604632876825043,-0.00832312633873885
0.5299999999999998,4.6000000000000085,0.0075203222752059104,-0.008351847743145636
0.5299999999999998,4.580000000000009,0.007435319885874324,-0.008380792756092215
0.5299999999999998,4.560000000000009,0.007349617176753484,-0.00840996398301408
0.5299999999999998,4.54000000000001,0.007263205475756282,-0.008439364069794918
0.5299999999999998,4.52000000000001,0.007176075966778666,-0.008468995703459381
0.5299999999999998,4.500000000000011,0.007088219687655745,-0.008498861612864395
0.5299999999999998,4.480000000000011,0.006999627526498385,-0.008528964569668833
0.5299999999999998,4.4600000000000115,0.0069102902190587324,-0.008559307389225078
0.5299999999999998,4.440000000000012,0.0068201983449572585,-0.008589892931055595
0.5299999999999998,4.420000000000012,0.006729342325059584,-0.008620724100317032
0.5299999999999998,4.400000000000013,0.006637712417663681,-0.008651803848085976
0.5299999999999998,4.380000000000013,0.006545298715061433,-0.008683135172647308
0.5299999999999998,4.360000000000014,0.006452091140201949,-0.008714721120439362
0.5299999999999998,4.340000000000014,0.006358079442901934,-0.008746564786777197
0.5299999999999998,4.3200000000000145,0.006263253196281879,-0.008778669317022966
0.5299999999999998,4.300000000000015,0.006167601792909545,-0.008811037907485345
0.5299999999999998,4.280000000000015,0.006071114440613129,-0.008843673806561744
0.5299999999999998,4.260000000000016,0.0059737801587860405,-0.008876580315663754
0.5299999999999998,4.240000000000016,0.005875587774323138,-0.008909760790442992
0.5299999999999998,4.220000000000017,0.005776525916894353,-0.0089432186416626
0.5299999999999998,4.200000000000017,0.005676583015221106,-0.008976957336604842
0.5299999999999998,4.1800000000000175,0.005575747292238597,-0.009010980400101936
0.5299999999999998,4.160000000000018,0.005474006760320389,-0.009045291415586423
0.5299999999999998,4.140000000000018,0.00537134921743422,-0.0090798940266591
0.5299999999999998,4.120000000000019,0.0052677622411692855,-0.00911479193787583
0.5299999999999998,4.100000000000019,0.005163233184741382,-0.009149988916408364
0.5299999999999998,4.08000000000002,0.005057749171337037,-0.00918548879330345
0.5299999999999998,4.06000000000002,0.004951297089025319,-0.009221295464572073
0.5299999999999998,4.0400000000000205,0.0048438635855642545,-0.009257412892731888
0.5299999999999998,4.020000000000021,0.004735435062518764,-0.009293845108322853
0.5299999999999998,4.000000000000021,0.004625997669918105,-0.009330596211164138
0.5299999999999998,3.9800000000000213,0.004515537300484593,-0.009367670372001168
0.5299999999999998,3.9600000000000213,0.00440403958309693,-0.009405071833886239
0.5299999999999998,3.9400000000000213,0.004291489877342615,-0.009442804913728856
0.5299999999999998,3.9200000000000212,0.004177873266606864,-0.009480874004117346
0.5299999999999998,3.9000000000000212,0.004063174551824368,-0.009519283574661322
0.5299999999999998,3.880000000000021,0.00394737824490027,-0.009558038173849995
0.5299999999999998,3.860000000000021,0.0038304685615011174,-0.009597142430791017
0.5299999999999998,3.840000000000021,0.0037124294143067835,-0.0096366010569114
0.5299999999999998,3.820000000000021,0.003593244405395738,-0.009676418847788908
0.5299999999999998,3.800000000000021,0.003472896819028283,-0.009716600684984603
0.5299999999999998,3.780000000000021,0.0033513696138121525,-0.009757151538106842
0.5299999999999998,3.760000000000021,0.0032286454146332596,-0.009798076466533067
0.5299999999999998,3.740000000000021,0.0031047065048095393,-0.009839380621641455
0.5299999999999998,3.720000000000021,0.002979534817302948,-0.009881069248769164
0.5299999999999998,3.700000000000021,0.0028531119263059844,-0.00992314768942093
0.5299999999999998,3.680000000000021,0.002725419038347817,-0.009965621383295237
0.5299999999999998,3.660000000000021,0.002596436982763072,-0.010008495870707346
0.5299999999999998,3.640000000000021,0.0024661462027553978,-0.010051776794871903
0.5299999999999998,3.620000000000021,0.002334526745202744,-0.010095469904096474
0.5299999999999998,3.600000000000021,0.0022015582508034823,-0.010139581054388433
0.5299999999999998,3.580000000000021,0.002067219943769629,-0.010184116211828603
0.5299999999999998,3.560000000000021,0.0019314906209756083,-0.010229081455252156
0.5299999999999998,3.540000000000021,0.001794348641298241,-0.010274482978866706
0.5299999999999998,3.520000000000021,0.0016557719138168652,-0.01032032709476001
0.5299999999999998,3.500000000000021,0.0015157378866017856,-0.010366620236116064
0.5299999999999998,3.480000000000021,0.001374223534403485,-0.010413368959506467
0.5299999999999998,3.460000000000021,0.0012312053460997341,-0.010460579948322855
0.5299999999999998,3.440000000000021,0.0010866593123347694,-0.01050826001549772
0.5299999999999998,3.420000000000021,0.0009405609117169968,-0.010556416106938547
0.5299999999999998,3.400000000000021,0.0007928850977859086,-0.010605055304160851
0.5299999999999998,3.3800000000000208,0.000643606284210774,-0.010654184828220989
0.5299999999999998,3.3600000000000207,0.0004926983310908975,-0.010703812042675932
0.5299999999999998,3.3400000000000207,0.00034013452914827833,-0.01075394445735825
0.5299999999999998,3.3200000000000207,0.00018588758480052986,-0.010804589731467688
0.5299999999999998,3.3000000000000207,0.00002992960385436185,-0.01085575567788371
0.5299999999999998,3.2800000000000207,-0.0001277679249000541,-0.010907450266554375
0.5299999999999998,3.2600000000000207,-0.0002872341467495239,-0.010959681628473314
0.5299999999999998,3.2400000000000206,-0.0004484988587754729,-0.011012458059751788
0.5299999999999998,3.2200000000000206,-0.000611592528037146,-0.011065788025660758
0.5299999999999998,3.2000000000000206,-0.0007765463103554739,-0.01111968016506347
0.5299999999999998,3.1800000000000206,-0.0009433920698800511,-0.011174143294500172
0.5299999999999998,3.1600000000000206,-0.0011121623992989733,-0.011229186413119596
0.5299999999999998,3.1400000000000206,-0.001282890640407601,-0.011284818706853092
0.5299999999999998,3.1200000000000205,-0.0014556109058709707,-0.011341049553544327
0.5299999999999998,3.1000000000000205,-0.0016303581014253318,-0.011397888527754953
0.5299999999999998,3.0800000000000205,-0.0018071679489381418,-0.011455345405890452
0.5299999999999998,3.0600000000000205,-0.0019860770101813616,-0.011513430171375433
0.5299999999999998,3.0400000000000205,-0.0021671227118197113,-0.011572153019916348
0.5299999999999998,3.0200000000000204,-0.0023503433705272564,-0.011631524365503854
0.5299999999999998,3.0000000000000204,-0.0025357782199250116,-0.011691554845554009
0.5299999999999998,2.9800000000000204,-0.0027234674375032643,-0.011752255327392061
0.5299999999999998,2.9600000000000204,-0.002913452173567103,-0.01181363691378004
0.5299999999999998,2.9400000000000204,-0.003105774580194144,-0.011875710949630816
0.5299999999999998,2.9200000000000204,-0.0033004778419010268,-0.011938489028212734
0.5299999999999998,2.9000000000000203,-0.003497606207483301,-0.012001982997943327
0.5299999999999998,2.8800000000000203,-0.0036972050222120415,-0.012066204969280798
0.5299999999999998,2.8600000000000203,-0.0038993207623807527,-0.012131167321784701
0.5299999999999998,2.8400000000000203,-0.004104001070262462,-0.01219688271140459
0.5299999999999998,2.8200000000000203,-0.0043112947906215685,-0.012263364077973363
0.5299999999999998,2.8000000000000203,-0.0045212520087734125,-0.012330624653298473
0.5299999999999998,2.7800000000000202,-0.004733924089883402,-0.012398677968843266
0.5299999999999998,2.76000000000002,-0.004949363719786207,-0.012467537864238838
0.5299999999999998,2.74000000000002,-0.005167624947394954,-0.012537218495797184
0.5299999999999998,2.72000000000002,-0.00538876322885797,-0.012607734345335825
0.5299999999999998,2.70000000000002,-0.005612835473157248,-0.012679100229369203
0.5299999999999998,2.68000000000002,-0.005839900089618797,-0.012751331308403183
0.5299999999999998,2.66000000000002,-0.006070017037705999,-0.01282444309682787
0.5299999999999998,2.64000000000002,-0.006303247877674466,-0.012898451472927078
0.5299999999999998,2.62000000000002,-0.006539655824567484,-0.012973372689164167
0.5299999999999998,2.60000000000002,-0.006779305803292206,-0.013049223383033826
0.5299999999999998,2.58000000000002,-0.00702226450674639,-0.013126020588043505
0.5299999999999998,2.56000000000002,-0.007268600455562251,-0.013203781745130747
0.5299999999999998,2.54000000000002,-0.0075183840606889,-0.01328252471466358
0.5299999999999998,2.52000000000002,-0.007771687688654807,-0.013362267788381649
0.5299999999999998,2.50000000000002,-0.008028585729069027,-0.013443029702341833
0.5299999999999998,2.48000000000002,-0.008289154665254601,-0.013524829649641093
0.5299999999999998,2.46000000000002,-0.008553473147801423,-0.013607687294136944
0.5299999999999998,2.44000000000002,-0.008821622071154202,-0.013691622784256903
0.5299999999999998,2.42000000000002,-0.009093684653490124,-0.013776656767391704
0.5299999999999998,2.40000000000002,-0.00936974651954869,-0.013862810404965974
0.5299999999999998,2.38000000000002,-0.00964989578797659,-0.013950105387520666
0.5299999999999998,2.36000000000002,-0.00993422316155509,-0.014038563950895866
0.5299999999999998,2.34000000000002,-0.010222822021603382,-0.014128208892577612
0.5299999999999998,2.32000000000002,-0.010515788526422999,-0.014219063588593865
0.5299999999999998,2.30000000000002,-0.010813221714667146,-0.014311152011343135
0.5299999999999998,2.28000000000002,-0.011115223612413759,-0.014404498747580152
0.5299999999999998,2.2600000000000198,-0.01142189934526066,-0.014499129017378876
0.5299999999999998,2.2400000000000198,-0.011733357256185422,-0.014595068693357277
0.5299999999999998,2.2200000000000197,-0.012049709027293395,-0.014692344321089519
0.5299999999999998,2.2000000000000197,-0.012371069808711131,-0.014790983139570626
0.5299999999999998,2.1800000000000197,-0.012697558352181094,-0.014891013102896825
0.5299999999999998,2.1600000000000197,-0.013029297151160545,-0.014992462902565876
0.5299999999999998,2.1400000000000197,-0.013366412587793417,-0.01509536199027589
0.5299999999999998,2.1200000000000196,-0.013709035086214388,-0.015199740601851388
0.5299999999999998,2.1000000000000196,-0.014057299273236932,-0.015305629781727205
0.5299999999999998,2.0800000000000196,-0.014411344147032941,-0.015413061408360906
0.5299999999999998,2.0600000000000196,-0.014771313253059928,-0.015522068220526361
0.5299999999999998,2.0400000000000196,-0.015137354869405564,-0.01563268384444097
0.5299999999999998,2.0200000000000196,-0.015509622200079929,-0.015744942821873317
0.5299999999999998,2.0000000000000195,-0.015888273578763962,-0.015858880639038633
0.5299999999999998,1.9800000000000195,-0.01627347268158875,-0.015974533756464265
0.5299999999999998,1.9600000000000195,-0.01666538875107667,-0.016091939640199837
0.5299999999999998,1.9400000000000195,-0.017064196831189878,-0.016211136793692807
0.5299999999999998,1.9200000000000195,-0.0174700780135398,-0.01633216479040578
0.5199999999999998,5,0.008721004023431334,-0.006824893671887711
0.5199999999999998,4.98,0.008647333882959412,-0.00685030225731903
0.5199999999999998,4.960000000000001,0.00857310257966281,-0.00687589536439339
0.5199999999999998,4.940000000000001,0.008498303688326183,-0.006901675000133833
0.5199999999999998,4.920000000000002,0.008422930685715108,-0.006927643200684602
0.5199999999999998,4.900000000000002,0.008346976948259364,-0.006953802031707854
0.5199999999999998,4.880000000000003,0.008270435750254539,-0.006980153588862767
0.5199999999999998,4.860000000000003,0.008193300262145712,-0.00700669999876101
0.5199999999999998,4.840000000000003,0.008115563548123747,-0.007033443418974369
0.5199999999999998,4.820000000000004,0.008037218564269772,-0.007060386038917968
0.5199999999999998,4.800000000000004,0.007958258156440164,-0.007087530080405108
0.5199999999999998,4.780000000000005,0.00787867505813953,-0.007114877798230168
0.5199999999999998,4.760000000000005,0.00779846188811118,-0.007142431480654549
0.5199999999999998,4.7400000000000055,0.007717611148435044,-0.007170193450303786
0.5199999999999998,4.720000000000006,0.007636115221650438,-0.007198166064465272
0.5199999999999998,4.700000000000006,0.007553966369023151,-0.007226351716043245
0.5199999999999998,4.680000000000007,0.007471156727591711,-0.007254752834039549
0.5199999999999998,4.660000000000007,0.007387678308205915,-0.007283371884237888
0.5199999999999998,4.640000000000008,0.007303522992294123,-0.007312211370061342
0.5199999999999998,4.620000000000008,0.00721868252982302,-0.007341273833029627
0.5199999999999998,4.6000000000000085,0.007133148536526661,-0.0073705618537473205
0.5199999999999998,4.580000000000009,0.007046912490792127,-0.007400078052419556
0.5199999999999998,4.560000000000009,0.006959965731484638,-0.0074298250898749835
0.5199999999999998,4.54000000000001,0.006872299454335018,-0.007459805668025024
0.5199999999999998,4.52000000000001,0.006783904709732589,-0.007490022530893717
0.5199999999999998,4.500000000000011,0.006694772399088239,-0.007520478465394137
0.5199999999999998,4.480000000000011,0.006604893272216271,-0.007551176302081131
0.5199999999999998,4.4600000000000115,0.0065142579237983875,-0.007582118916088563
0.5199999999999998,4.440000000000012,0.0064228567903338385,-0.0076133092279417475
0.5199999999999998,4.420000000000012,0.006330680146747837,-0.0076447502044104665
0.5199999999999998,4.400000000000013,0.00623771810299485,-0.007676444859715137
0.5199999999999998,4.380000000000013,0.006143960600620236,-0.007708396255988868
0.5199999999999998,4.360000000000014,0.006049397408957358,-0.007740607504562985
0.5199999999999998,4.340000000000014,0.005954018121616419,-0.007773081766926523
0.5199999999999998,4.3200000000000145,0.005857812152663655,-0.007805822255578049
0.5199999999999998,4.300000000000015,0.005760768732805218,-0.007838832235241615
0.5199999999999998,4.280000000000015,0.005662876905223886,-0.007872115023737303
0.5199999999999998,4.260000000000016,0.005564125521665783,-0.00790567399320545
0.5199999999999998,4.240000000000016,0.0054645032382442315,-0.007939512571057211
0.5199999999999998,4.220000000000017,0.005363998511065976,-0.007973634241296032
0.5199999999999998,4.200000000000017,0.00526259959176294,-0.00800804254551761
0.5199999999999998,4.1800000000000175,0.005160294523098032,-0.008042741084199917
0.5199999999999998,4.160000000000018,0.00505707113433812,-0.008077733517872512
0.5199999999999998,4.140000000000018,0.004952917036250899,-0.008113023568307294
0.5199999999999998,4.120000000000019,0.0048478196163863315,-0.008148615019826277
0.5199999999999998,4.100000000000019,0.00474176603410169,-0.008184511720732882
0.5199999999999998,4.08000000000002,0.004634743215229746,-0.008220717584532397
0.5199999999999998,4.06000000000002,0.004526737846783717,-0.008257236591289144
0.5199999999999998,4.0400000000000205,0.00441773637151612,-0.00829407278904809
0.5199999999999998,4.020000000000021,0.004307724982320103,-0.00833123029528765
0.5199999999999998,4.000000000000021,0.004196689616515425,-0.008368713298561894
0.5199999999999998,3.9800000000000213,0.0040846159499563234,-0.008406526059670655
0.5199999999999998,3.9600000000000213,0.0039714893907422145,-0.008444672913585152
0.5199999999999998,3.9400000000000213,0.003857295073136495,-0.00848315827073699
0.5199999999999998,3.9200000000000212,0.0037420178509635755,-0.008521986618859792
0.5199999999999998,3.9000000000000212,0.0036256422913328824,-0.008561162524727578
0.5199999999999998,3.880000000000021,0.0035081526673768704,-0.008600690635399838
0.5199999999999998,3.860000000000021,0.0033895329515770444,-0.00864057568062078
0.5199999999999998,3.840000000000021,0.003269766808518963,-0.008680822474344915
0.5199999999999998,3.820000000000021,0.0031488375873062187,-0.008721435916492576
0.5199999999999998,3.800000000000021,0.0030267283141180604,-0.008762420995043013
0.5199999999999998,3.780000000000021,0.0029034216843796426,-0.008803782787916624
0.5199999999999998,3.760000000000021,0.002778900054584229,-0.008845526464922177
0.5199999999999998,3.740000000000021,0.0026531454340353103,-0.00888765728993661
0.5199999999999998,3.720000000000021,0.0025261394762463108,-0.008930180623101872
0.5199999999999998,3.700000000000021,0.00239786347022986,-0.008973101922662326
0.5199999999999998,3.680000000000021,0.002268298331312234,-0.009016426747578257
0.5199999999999998,3.660000000000021,0.002137424592010885,-0.00906016075960784
0.5199999999999998,3.640000000000021,0.002005222392236103,-0.009104309725703821
0.5199999999999998,3.620000000000021,0.00187167146924361,-0.009148879520536793
0.5199999999999998,3.600000000000021,0.0017367511478529748,-0.009193876128838721
0.5199999999999998,3.580000000000021,0.0016004403293758277,-0.009239305647973636
0.5199999999999998,3.560000000000021,0.001462717481437371,-0.009285174290638128
0.5199999999999998,3.540000000000021,0.001323560626259423,-0.009331488387742157
0.5199999999999998,3.520000000000021,0.0011829473292339087,-0.00937825439057692
0.5199999999999998,3.500000000000021,0.0010408546873326204,-0.009425478874473855
0.5199999999999998,3.480000000000021,0.0008972593165434363,-0.009473168541046073
0.5199999999999998,3.460000000000021,0.0007521373394281768,-0.009521330221648194
0.5199999999999998,3.440000000000021,0.0006054643719938541,-0.009569970880170961
0.5199999999999998,3.420000000000021,0.00045721551016738465,-0.00961909761654181
0.5199999999999998,3.400000000000021,0.0003073653163586294,-0.009668717669739965
0.5199999999999998,3.3800000000000208,0.0001558878042692345,-0.009718838421199555
0.5199999999999998,3.3600000000000207,2.756425220624796e-6,-0.009769467398497683
0.5199999999999998,3.3400000000000207,-0.0001520559479033833,-0.009820612278591101
0.5199999999999998,3.3200000000000207,-0.0003085770362584407,-0.009872280891760551
0.5199999999999998,3.3000000000000207,-0.0004668351709075868,-0.009924481225255327
0.5199999999999998,3.2800000000000207,-0.0006268593103061892,-0.009977221427136222
0.5199999999999998,3.2600000000000207,-0.0007886790570210888,-0.010030509810521768
0.5199999999999998,3.2400000000000206,-0.0009523246760682353,-0.010084354857279168
0.5199999999999998,3.2200000000000206,-0.0011178271132021422,-0.01013876522272239
0.5199999999999998,3.2000000000000206,-0.0012852180142087699,-0.010193749739686744
0.5199999999999998,3.1800000000000206,-0.0014545297447765588,-0.01024931742306806
0.5199999999999998,3.1600000000000206,-0.0016257954106274693,-0.010305477474490746
0.5199999999999998,3.1400000000000206,-0.0017990488791694605,-0.010362239287129016
0.5199999999999998,3.1200000000000205,-0.001974324801015946,-0.01041961245051163
0.5199999999999998,3.1000000000000205,-0.0021516586329688708,-0.010477606755495916
0.5199999999999998,3.0800000000000205,-0.0023310866610079394,-0.010536232199832095
0.5199999999999998,3.0600000000000205,-0.002512646025047363,-0.010595498993012667
0.5199999999999998,3.0400000000000205,-0.002696374743742771,-0.010655417562378089
0.5199999999999998,3.0200000000000204,-0.0028823117404810153,-0.01071599855829175
0.5199999999999998,3.0000000000000204,-0.003070496870585199,-0.010777252860331939
0.5199999999999998,2.9800000000000204,-0.0032609709488170837,-0.010839191583253478
0.5199999999999998,2.9600000000000204,-0.0034537757784275083,-0.010901826083272809
0.5199999999999998,2.9400000000000204,-0.0036489541811964244,-0.01096516796441336
0.5199999999999998,2.9200000000000204,-0.0038465500283237156,-0.01102922908528331
0.5199999999999998,2.9000000000000203,-0.004046608272585334,-0.011094021565706644
0.5199999999999998,2.8800000000000203,-0.004249174981590125,-0.01115955779407811
0.5199999999999998,2.8600000000000203,-0.004454297372394009,-0.011225850434396303
0.5199999999999998,2.8400000000000203,-0.004662023847427683,-0.011292912433918195
0.5199999999999998,2.8200000000000203,-0.004872404031323772,-0.011360757030833293
0.5199999999999998,2.8000000000000203,-0.005085488810177957,-0.011429397762313526
0.5199999999999998,2.7800000000000202,-0.005301330370718958,-0.011498848472808867
0.5199999999999998,2.76000000000002,-0.005519982242542132,-0.011569123322426737
0.5199999999999998,2.74000000000002,-0.005741499340976652,-0.01164023679582378
0.5199999999999998,2.72000000000002,-0.005965938011732111,-0.01171220371144191
0.5199999999999998,2.70000000000002,-0.00619335607786277,-0.01178503923054014
0.5199999999999998,2.68000000000002,-0.006423812887748492,-0.011858758867167488
0.5199999999999998,2.66000000000002,-0.006657369365337887,-0.01193337849801137
0.5199999999999998,2.64000000000002,-0.006894088062878402,-0.012008914372772156
0.5199999999999998,2.62000000000002,-0.007134033214398058,-0.01208538312487853
0.5199999999999998,2.60000000000002,-0.007377270793045288,-0.012162801782466037
0.5199999999999998,2.58000000000002,-0.007623868569269364,-0.012241187779586604
0.5199999999999998,2.56000000000002,-0.007873896172008623,-0.012320558968280902
0.5199999999999998,2.54000000000002,-0.008127425152368258,-0.0124009336305317
0.5199999999999998,2.52000000000002,-0.008384529049973884,-0.012482330490891758
0.5199999999999998,2.50000000000002,-0.008645283461679875,-0.012564768729251833
0.5199999999999998,2.48000000000002,-0.008909766113553107,-0.012648267994723995
0.5199999999999998,2.46000000000002,-0.009178056935415568,-0.012732848418924386
0.5199999999999998,2.44000000000002,-0.009450238138977064,-0.012818530630775773
0.5199999999999998,2.42000000000002,-0.009726394299182473,-0.012905335770984211
0.5199999999999998,2.40000000000002,-0.010006612438564991,-0.01299328550751161
0.5199999999999998,2.38000000000002,-0.010290982115814567,-0.01308240205152797
0.5199999999999998,2.36000000000002,-0.010579595517875216,-0.013172708173454728
0.5199999999999998,2.34000000000002,-0.01087254755581931,-0.013264227220221733
0.5199999999999998,2.32000000000002,-0.011169935965596747,-0.013356983132549918
0.5199999999999998,2.30000000000002,-0.011471861412343198,-0.013451000463104212
0.5199999999999998,2.28000000000002,-0.0117784276001483,-0.013546304395365284
0.5199999999999998,2.2600000000000198,-0.012089741385893785,-0.013642920762727384
0.5199999999999998,2.2400000000000198,-0.012405912899068009,-0.013740876068718558
0.5199999999999998,2.2200000000000197,-0.012727055666052717,-0.013840197507666241
0.5199999999999998,2.2000000000000197,-0.013053286740953891,-0.013940912986065868
0.5199999999999998,2.1800000000000197,-0.013384726841853678,-0.014043051144695062
0.5199999999999998,2.1600000000000197,-0.013721500493484771,-0.014146641381632477
0.5199999999999998,2.1400000000000197,-0.01406373617668778,-0.014251713875975305
0.5199999999999998,2.1200000000000196,-0.014411566484514117,-0.01435829961211503
0.5199999999999998,2.1000000000000196,-0.014765128286168237,-0.014466430405296007
0.5199999999999998,2.0800000000000196,-0.015124562898304432,-0.014576138927618526
0.5199999999999998,2.0600000000000196,-0.015490016264536475,-0.014687458735390888
0.5199999999999998,2.0400000000000196,-0.015861639143918888,-0.014800424296897517
0.5199999999999998,2.0200000000000196,-0.016239587308050647,-0.014915071021330231
0.5199999999999998,2.0000000000000195,-0.016624021748356185,-0.015031435288813219
0.5199999999999998,1.9800000000000195,-0.017015108892947585,-0.015149554481411419
0.5199999999999998,1.9600000000000195,-0.017413020834675958,-0.015269467014668747
0.5199999999999998,1.9400000000000195,-0.017817935570454527,-0.015391212371205852
0.5199999999999998,1.9200000000000195,-0.018230037252215538,-0.015514831134187307
0.5099999999999998,5,0.008342433798868894,-0.005828590146165533
0.5099999999999998,4.98,0.00826768018075455,-0.005854496947312285
0.5099999999999998,4.960000000000001,0.008192356970522232,-0.005880591996483039
0.5099999999999998,4.940000000000001,0.008116457644523224,-0.005906877342614039
0.5099999999999998,4.920000000000002,0.008039975579278581,-0.005933355064140139
0.5099999999999998,4.900000000000002,0.007962904049505611,-0.005960027269924631
0.5099999999999998,4.880000000000003,0.007885236226252292,-0.005986896099300337
0.5099999999999998,4.860000000000003,0.007806965174860651,-0.006013963723107115
0.5099999999999998,4.840000000000003,0.007728083853088873,-0.006041232344133535
0.5099999999999998,4.820000000000004,0.007648585108589829,-0.006068704197467807
0.5099999999999998,4.800000000000004,0.00756846167719574,-0.006096381551364757
0.5099999999999998,4.780000000000005,0.007487706180562152,-0.006124266707662578
0.5099999999999998,4.760000000000005,0.0074063111238882075,-0.006152362002664877
0.5099999999999998,4.7400000000000055,0.0073242688936025965,-0.006180669807418
0.5099999999999998,4.720000000000006,0.007241571755124191,-0.006209192528672296
0.5099999999999998,4.700000000000006,0.007158211850353195,-0.006237932609392028
0.5099999999999998,4.680000000000007,0.007074181195244573,-0.006266892529569558
0.5099999999999998,4.660000000000007,0.006989471677169934,-0.006296074806682005
0.5099999999999998,4.640000000000008,0.006904075052561732,-0.006325481996611357
0.5099999999999998,4.620000000000008,0.00681798294401409,-0.00635511669428894
0.5099999999999998,4.6000000000000085,0.006731186837641904,-0.00638498153449292
0.5099999999999998,4.580000000000009,0.006643678080445187,-0.006415079192554317
0.5099999999999998,4.560000000000009,0.006555447877326137,-0.006445412385126914
0.5099999999999998,4.54000000000001,0.006466487288064614,-0.006475983871083807
0.5099999999999998,4.52000000000001,0.006376787224574813,-0.006506796452189212
0.5099999999999998,4.500000000000011,0.006286338447511036,-0.006537852974053834
0.5099999999999998,4.480000000000011,0.006195131563608177,-0.006569156326789477
0.5099999999999998,4.4600000000000115,0.006103157021861736,-0.006600709446255147
0.5099999999999998,4.440000000000012,0.006010405110706096,-0.006632515314493062
0.5099999999999998,4.420000000000012,0.005916865954399312,-0.006664576961116067
0.5099999999999998,4.400000000000013,0.0058225295096436345,-0.006696897463755805
0.5099999999999998,4.380000000000013,0.005727385561948725,-0.006729479949368549
0.5099999999999998,4.360000000000014,0.005631423721959704,-0.006762327595105103
0.5099999999999998,4.340000000000014,0.0055346334217383705,-0.006795443629304246
0.5099999999999998,4.3200000000000145,0.005437003911173587,-0.006828831332555144
0.5099999999999998,4.300000000000015,0.005338524253470037,-0.006862494038628444
0.5099999999999998,4.280000000000015,0.005239183321694155,-0.006896435135743794
0.5099999999999998,4.260000000000016,0.005138969794310098,-0.0069306580675119744
0.5099999999999998,4.240000000000016,0.0050378721509388895,-0.00696516633427198
0.5099999999999998,4.220000000000017,0.004935878667975648,-0.00699996349383223
0.5099999999999998,4.200000000000017,0.0048329774143457,-0.007035053163107773
0.5099999999999998,4.1800000000000175,0.004729156246505269,-0.007070439019164584
0.5099999999999998,4.160000000000018,0.004624402804110294,-0.007106124800389475
0.5099999999999998,4.140000000000018,0.004518704504872803,-0.007142114307855982
0.5099999999999998,4.120000000000019,0.004412048539628203,-0.007178411406466467
0.5099999999999998,4.100000000000019,0.004304421867256528,-0.007215020026630447
0.5099999999999998,4.08000000000002,0.0041958112096947935,-0.007251944165337636
0.5099999999999998,4.06000000000002,0.004086203045873628,-0.007289187887591551
0.5099999999999998,4.0400000000000205,0.003975583606852317,-0.007326755327953793
0.5099999999999998,4.020000000000021,0.003863938869665018,-0.00736465069197504
0.5099999999999998,4.000000000000021,0.0037512545517339882,-0.007402878257799669
0.5099999999999998,3.9800000000000213,0.0036375161046726112,-0.007441442377432356
0.5099999999999998,3.9600000000000213,0.0035227087082326607,-0.00748034747876003
0.5099999999999998,3.9400000000000213,0.003406817263742377,-0.007519598066723268
0.5099999999999998,3.9200000000000212,0.003289826387763032,-0.007559198725458183
0.5099999999999998,3.9000000000000212,0.003171720405378925,-0.007599154119609264
0.5099999999999998,3.880000000000021,0.0030524833430228,-0.007639468996309198
0.5099999999999998,3.860000000000021,0.0029320989216045116,-0.007680148186967842
0.5099999999999998,3.840000000000021,0.002810550549216917,-0.007721196609039367
0.5099999999999998,3.820000000000021,0.0026878213133673,-0.007762619268131792
0.5099999999999998,3.800000000000021,0.002563893973332899,-0.007804421259645471
0.5099999999999998,3.780000000000021,0.0024387509523652352,-0.007846607771026637
0.5099999999999998,3.760000000000021,0.002312374329315134,-0.007889184083735665
0.5099999999999998,3.740000000000021,0.002184745830184449,-0.007932155575556224
0.5099999999999998,3.720000000000021,0.0020558468194376758,-0.007975527722200698
0.5099999999999998,3.700000000000021,0.0019256582911106662,-0.00801930610032385
0.5099999999999998,3.680000000000021,0.0017941608595744782,-0.008063496389135838
0.5099999999999998,3.660000000000021,0.0016613347500630694,-0.008108104373262329
0.5099999999999998,3.640000000000021,0.0015271597886736595,-0.008153135944692136
0.5099999999999998,3.620000000000021,0.0013916153927793261,-0.008198597105665381
0.5099999999999998,3.600000000000021,0.0012546805601942983,-0.008244493970973217
0.5099999999999998,3.580000000000021,0.0011163338585570347,-0.008290832770734672
0.5099999999999998,3.560000000000021,0.0009765534144720064,-0.008337619852882505
0.5099999999999998,3.540000000000021,0.000835316902126666,-0.00838486168609194
0.5099999999999998,3.520000000000021,0.0006926015314958063,-0.008432564862672853
0.5099999999999998,3.500000000000021,0.0005483840361418461,-0.008480736101257338
0.5099999999999998,3.480000000000021,0.00040264066110852655,-0.008529382250108158
0.5099999999999998,3.460000000000021,0.00025534714964338574,-0.008578510289846256
0.5099999999999998,3.440000000000021,0.00010647873041610923,-0.008628127336944152
0.5099999999999998,3.420000000000021,-0.00004398989649058698,-0.00867824064683146
0.5099999999999998,3.400000000000021,-0.00019608457364764676,-0.008728857617301078
0.5099999999999998,3.3800000000000208,-0.0003498317007294034,-0.00877998579194647
0.5099999999999998,3.3600000000000207,-0.000505258249669084,-0.008831632863677552
0.5099999999999998,3.3400000000000207,-0.0006623917799797635,-0.008883806678409753
0.5099999999999998,3.3200000000000207,-0.0008212604548776771,-0.008936515238926468
0.5099999999999998,3.3000000000000207,-0.0009818930580608558,-0.008989766708452737
0.5099999999999998,3.2800000000000207,-0.0011443190104183636,-0.009043569415006239
0.5099999999999998,3.2600000000000207,-0.0013085683877240395,-0.009097931855237648
0.5099999999999998,3.2400000000000206,-0.0014746719393072686,-0.00915286269872554
0.5099999999999998,3.2200000000000206,-0.0016426611063071184,-0.009208370792358575
0.5099999999999998,3.2000000000000206,-0.0018125680415675828,-0.009264465164702793
0.5099999999999998,3.1800000000000206,-0.0019844256296658695,-0.0093211550307397
0.5099999999999998,3.1600000000000206,-0.00215826750764482,-0.009378449796565491
0.5099999999999998,3.1400000000000206,-0.002334128086711681,-0.00943635906403191
0.5099999999999998,3.1200000000000205,-0.0025120425745391436,-0.009494892636422725
0.5099999999999998,3.1000000000000205,-0.002692046997823502,-0.009554060522738196
0.5099999999999998,3.0800000000000205,-0.0028741782269582046,-0.009613872943792151
0.5099999999999998,3.0600000000000205,-0.0030584739998723125,-0.009674340337357222
0.5099999999999998,3.0400000000000205,-0.0032449729482888785,-0.009735473363899641
0.5099999999999998,3.0200000000000204,-0.00343371462365788,-0.009797282912393124
0.5099999999999998,3.0000000000000204,-0.0036247395248161338,-0.009859780106354667
0.5099999999999998,2.9800000000000204,-0.003818089126195053,-0.009922976310187487
0.5099999999999998,2.9600000000000204,-0.004013805907361168,-0.009986883135421981
0.5099999999999998,2.9400000000000204,-0.004211933383280313,-0.010051512447253719
0.5099999999999998,2.9200000000000204,-0.004412516136107733,-0.010116876371634997
0.5099999999999998,2.9000000000000203,-0.004615599847526329,-0.010182987302010893
0.5099999999999998,2.8800000000000203,-0.004821231332955237,-0.010249857906740281
0.5099999999999998,2.8600000000000203,-0.005029458576695742,-0.010317501136420076
0.5099999999999998,2.8400000000000203,-0.005240330768156633,-0.010385930231791046
0.5099999999999998,2.8200000000000203,-0.005453898339951771,-0.010455158731515743
0.5099999999999998,2.8000000000000203,-0.0056702130069390105,-0.010525200480402883
0.5099999999999998,2.7800000000000202,-0.005889327807144486,-0.010596069638029011
0.5099999999999998,2.76000000000002,-0.006111297143746728,-0.010667780687303334
0.5099999999999998,2.74000000000002,-0.0063361768293498655,-0.010740348443622191
0.5099999999999998,2.72000000000002,-0.006564024131435194,-0.01081378806402336
0.5099999999999998,2.70000000000002,-0.006794897819485328,-0.01088811505715033
0.5099999999999998,2.68000000000002,-0.007028858214541824,-0.010963345292766359
0.5099999999999998,2.66000000000002,-0.007265967240075244,-0.011039495012217113
0.5099999999999998,2.64000000000002,-0.0075062884754236725,-0.011116580839137774
0.5099999999999998,2.62000000000002,-0.007749887210857551,-0.011194619790214258
0.5099999999999998,2.60000000000002,-0.007996830504991751,-0.011273629286649248
0.5099999999999998,2.58000000000002,-0.008247187244699031,-0.011353627165567606
0.5099999999999998,2.56000000000002,-0.008501028207393513,-0.011434631692535911
0.5099999999999998,2.54000000000002,-0.008758426125649647,-0.011516661573636643
0.5099999999999998,2.52000000000002,-0.009019455754475702,-0.011599735968639682
0.5099999999999998,2.50000000000002,-0.009284193941892062,-0.01168387450400444
0.5099999999999998,2.48000000000002,-0.009552719701484146,-0.011769097287080421
0.5099999999999998,2.46000000000002,-0.009825114289008135,-0.011855424920020705
0.5099999999999998,2.44000000000002,-0.010101461281407749,-0.011942878514631133
0.5099999999999998,2.42000000000002,-0.010381846659815477,-0.012031479707565282
0.5099999999999998,2.40000000000002,-0.01066635889531237,-0.012121250676056294
0.5099999999999998,2.38000000000002,-0.01095508903940573,-0.0122122141542313
0.5099999999999998,2.36000000000002,-0.011248130817502415,-0.012304393449813933
0.5099999999999998,2.34000000000002,-0.011545580726529236,-0.012397812461722627
0.5099999999999998,2.32000000000002,-0.011847538137746699,-0.012492495697905191
0.5099999999999998,2.30000000000002,-0.012154105402793382,-0.012588468293972966
0.5099999999999998,2.28000000000002,-0.012465387965524587,-0.012685756032574158
0.5099999999999998,2.2600000000000198,-0.0127814944777963,-0.012784385363156105
0.5099999999999998,2.2400000000000198,-0.013102536921480574,-0.01288438342259185
0.5099999999999998,2.2200000000000197,-0.013428630735426588,-0.012985778056551808
0.5099999999999998,2.2000000000000197,-0.013759894948385464,-0.013088597841478672
0.5099999999999998,2.1800000000000197,-0.014096452317588336,-0.013192872107430337
0.5099999999999998,2.1600000000000197,-0.014438429474485245,-0.013298630961619748
0.5099999999999998,2.1400000000000197,-0.01478595707666815,-0.013405905312727534
0.5099999999999998,2.1200000000000196,-0.015139169967146714,-0.013514726896373116
0.5099999999999998,2.1000000000000196,-0.015498207341041766,-0.01362512830080409
0.5099999999999998,2.0800000000000196,-0.015863212920204532,-0.013737142994238342
0.5099999999999998,2.0600000000000196,-0.01623433513622348,-0.013850805352718421
0.5099999999999998,2.0400000000000196,-0.016611727322356728,-0.01396615068863337
0.5099999999999998,2.0200000000000196,-0.016995547914160053,-0.014083215280955172
0.5099999999999998,2.0000000000000195,-0.017385960660940704,-0.014202036405843083
0.5099999999999998,1.9800000000000195,-0.017783134846617636,-0.014322652368560465
0.5099999999999998,1.9600000000000195,-0.01818724552225239,-0.014445102536345733
0.5099999999999998,1.9400000000000195,-0.018598473749319326,-0.014569427372625426
0.5099999999999998,1.9200000000000195,-0.019017006856359455,-0.014695668472026552
0.4999999999999998,5,0.007949084345389691,-0.0048289560459398445
0.4999999999999998,4.98,0.00787321255333023,-0.004855371310846929
0.4999999999999998,4.960000000000001,0.007796762462959456,-0.004881978617052737
0.4999999999999998,4.940000000000001,0.007719727448565743,-0.0049087800559395045
0.4999999999999998,4.920000000000002,0.007642100783168694,-0.004935777749110207
0.4999999999999998,4.900000000000002,0.007563875636441973,-0.004962973848940691
0.4999999999999998,4.880000000000003,0.007485045072463805,-0.004990370539242665
0.4999999999999998,4.860000000000003,0.007405602048270481,-0.00501797003601466
0.4999999999999998,4.840000000000003,0.007325539411136068,-0.005045774587579218
0.4999999999999998,4.820000000000004,0.00724484989698204,-0.005073786475534387
0.4999999999999998,4.800000000000004,0.00716352612777216,-0.005102008015174117
0.4999999999999998,4.780000000000005,0.007081560609523768,-0.005130441556288667
0.4999999999999998,4.760000000000005,0.006998945729948095,-0.005159089483662532
0.4999999999999998,4.7400000000000055,0.006915673756190441,-0.005187954217727608
0.4999999999999998,4.720000000000006,0.006831736832239521,-0.005217038215335305
0.4999999999999998,4.700000000000006,0.006747126976767943,-0.0052463439702732095
0.4999999999999998,4.680000000000007,0.006661836080352795,-0.0052758740141937155
0.4999999999999998,4.660000000000007,0.006575855903072936,-0.005305630917031165
0.4999999999999998,4.640000000000008,0.0064891780717653514,-0.005335617288002414
0.4999999999999998,4.620000000000008,0.006401794077390541,-0.005365835776176525
0.4999999999999998,4.6000000000000085,0.006313695272287375,-0.005396289071287863
0.4999999999999998,4.580000000000009,0.006224872867333453,-0.00542697990451399
0.4999999999999998,4.560000000000009,0.0061353179289544806,-0.005457911049293905
0.4999999999999998,4.54000000000001,0.006045021376348613,-0.00548908532215394
0.4999999999999998,4.52000000000001,0.005953973978204004,-0.005520505583464647
0.4999999999999998,4.500000000000011,0.005862166349843531,-0.005552174738304966
0.4999999999999998,4.480000000000011,0.005769588949730144,-0.005584095737394407
0.4999999999999998,4.4600000000000115,0.00567623207649425,-0.005616271577929474
0.4999999999999998,4.440000000000012,0.005582085865304131,-0.005648705304650267
0.4999999999999998,4.420000000000012,0.005487140284641999,-0.005681400010458776
0.4999999999999998,4.400000000000013,0.005391385132653473,-0.005714358837654969
0.4999999999999998,4.380000000000013,0.005294810033500208,-0.005747584978807646
0.4999999999999998,4.360000000000014,0.005197404433777617,-0.005781081677779576
0.4999999999999998,4.340000000000014,0.00509915759854255,-0.00581485223081471
0.4999999999999998,4.3200000000000145,0.005000058607556166,-0.005848899987210235
0.4999999999999998,4.300000000000015,0.0049000963511906925,-0.005883228351144534
0.4999999999999998,4.280000000000015,0.004799259526401412,-0.005917840781966666
0.4999999999999998,4.260000000000016,0.004697536632312122,-0.005952740795934743
0.4999999999999998,4.240000000000016,0.004594915966050216,-0.005987931966907445
0.4999999999999998,4.220000000000017,0.004491385618406181,-0.0060234179278446515
0.4999999999999998,4.200000000000017,0.0043869334688979075,-0.006059202371970719
0.4999999999999998,4.1800000000000175,0.004281547181655878,-0.006095289053865027
0.4999999999999998,4.160000000000018,0.004175214199925006,-0.006131681790855804
0.4999999999999998,4.140000000000018,0.004067921741792259,-0.006168384464351105
0.4999999999999998,4.120000000000019,0.003959656794618796,-0.0062054010210181865
0.4999999999999998,4.100000000000019,0.0038504061100303917,-0.006242735474311013
0.4999999999999998,4.08000000000002,0.0037401561988389172,-0.006280391905850016
0.4999999999999998,4.06000000000002,0.0036288933249085968,-0.006318374466733719
0.4999999999999998,4.0400000000000205,0.0035166035001754753,-0.0063566873791960354
0.4999999999999998,4.020000000000021,0.003403272478293003,-0.006395334937902966
0.4999999999999998,4.000000000000021,0.0032888857494217895,-0.006434321511724406
0.4999999999999998,3.9800000000000213,0.003173428533116646,-0.00647365154526526
0.4999999999999998,3.9600000000000213,0.0030568857726583016,-0.006513329560282111
0.4999999999999998,3.9400000000000213,0.002939242128644257,-0.006553360157580769
0.4999999999999998,3.9200000000000212,0.0028204819721150973,-0.006593748018855795
0.4999999999999998,3.9000000000000212,0.0027005893776108052,-0.006634497907948969
0.4999999999999998,3.880000000000021,0.002579548116417791,-0.006675614673173992
0.4999999999999998,3.860000000000021,0.002457341649226101,-0.006717103248964195
0.4999999999999998,3.840000000000021,0.002333953118586892,-0.006758968657617895
0.4999999999999998,3.820000000000021,0.0022093653412257335,-0.006801216011596237
0.4999999999999998,3.800000000000021,0.0020835608004566106,-0.006843850515169274
0.4999999999999998,3.780000000000021,0.001956521637988321,-0.006886877466649732
0.4999999999999998,3.760000000000021,0.00182822964504564,-0.00693030226050767
0.4999999999999998,3.740000000000021,0.0016986662546276052,-0.006974130389555744
0.4999999999999998,3.720000000000021,0.0015678125321168775,-0.007018367446947171
0.4999999999999998,3.700000000000021,0.0014356491661739685,-0.007063019128704051
0.4999999999999998,3.680000000000021,0.0013021564597721713,-0.007108091236092587
0.4999999999999998,3.660000000000021,0.001167314320030235,-0.007153589677768454
0.4999999999999998,3.640000000000021,0.001031102248696912,-0.007199520472386034
0.4999999999999998,3.620000000000021,0.000893499331578027,-0.007245889751239867
0.4999999999999998,3.600000000000021,0.0007544842281524411,-0.0072927037607407735
0.4999999999999998,3.580000000000021,0.0006140351607722598,-0.007339968865141072
0.4999999999999998,3.560000000000021,0.0004721299031237112,-0.007387691549139666
0.4999999999999998,3.540000000000021,0.00032874576911147294,-0.007435878421142017
0.4999999999999998,3.520000000000021,0.00018385960056629437,-0.007484536215577112
0.4999999999999998,3.500000000000021,0.0000374477552323952,-0.007533671796399193
0.4999999999999998,3.480000000000021,-0.00011051390598157494,-0.007583292159787092
0.4999999999999998,3.460000000000021,-0.00026005003230868996,-0.007633404437542644
0.4999999999999998,3.440000000000021,-0.00041118579625252453,-0.007684015900304521
0.4999999999999998,3.420000000000021,-0.0005639469076945927,-0.0077351339607761305
0.4999999999999998,3.400000000000021,-0.0007183596280398892,-0.00778676617727235
0.4999999999999998,3.3800000000000208,-0.0008744507853026742,-0.007838920257194473
0.4999999999999998,3.3600000000000207,-0.0010322477894300587,-0.007891604060637145
0.4999999999999998,3.3400000000000207,-0.001191778647541302,-0.007944825604378605
0.4999999999999998,3.3200000000000207,-0.0013530719809772612,-0.007998593065232026
0.4999999999999998,3.3000000000000207,-0.0015161570415262453,-0.008052914784588838
0.4999999999999998,3.2800000000000207,-0.0016810637290779135,-0.008107799272030716
0.4999999999999998,3.2600000000000207,-0.0018478226096534274,-0.008163255209765893
0.4999999999999998,3.2400000000000206,-0.00201646493379811,-0.008219291456882744
0.4999999999999998,3.2200000000000206,-0.002187022655812436,-0.00827591705385504
0.4999999999999998,3.2000000000000206,-0.002359528453609602,-0.008333141226965518
0.4999999999999998,3.1800000000000206,-0.0025340157491264763,-0.008390973393308312
0.4999999999999998,3.1600000000000206,-0.002710518729581346,-0.008449423165208594
0.4999999999999998,3.1400000000000206,-0.002889072369388165,-0.008508500355696155
0.4999999999999998,3.1200000000000205,-0.0030697124529663776,-0.008568214983395855
0.4999999999999998,3.1000000000000205,-0.0032524755977540957,-0.008628577277799518
0.4999999999999998,3.0800000000000205,-0.0034373992789937117,-0.008689597684929308
0.4999999999999998,3.0600000000000205,-0.0036245218543688343,-0.00875128687272763
0.4999999999999998,3.0400000000000205,-0.0038138825905118584,-0.008813655737114685
0.4999999999999998,3.0200000000000204,-0.004005521689357223,-0.00887671540790691
0.4999999999999998,3.0000000000000204,-0.004199480316534191,-0.00894047725479287
0.4999999999999998,2.9800000000000204,-0.004395800629771053,-0.009004952893932673
0.4999999999999998,2.9600000000000204,-0.004594525809229148,-0.0090701541944136
0.4999999999999998,2.9400000000000204,-0.004795700088054982,-0.009136093285104771
0.4999999999999998,2.9200000000000204,-0.004999368784809805,-0.00920278256152604
0.4999999999999998,2.9000000000000203,-0.005205578336703177,-0.009270234692981398
0.4999999999999998,2.8800000000000203,-0.005414376333911539,-0.009338462630195325
0.4999999999999998,2.8600000000000203,-0.005625811555566813,-0.00940747961289097
0.4999999999999998,2.8400000000000203,-0.005839934006714782,-0.009477299177559545
0.4999999999999998,2.8200000000000203,-0.006056794956997243,-0.009547935165796903
0.4999999999999998,2.8000000000000203,-0.006276446980394718,-0.009619401732609889
0.4999999999999998,2.7800000000000202,-0.006498943996805128,-0.009691713355095
0.4999999999999998,2.76000000000002,-0.006724341315037705,-0.009764884841561072
0.4999999999999998,2.74000000000002,-0.006952695677703125,-0.009838931340544352
0.4999999999999998,2.72000000000002,-0.007184065307199746,-0.009913868350522853
0.4999999999999998,2.70000000000002,-0.0074185099544349,-0.009989711729701173
0.4999999999999998,2.68000000000002,-0.007656090948370659,-0.01006647770643658
0.4999999999999998,2.66000000000002,-0.007896871248792743,-0.010144182889300926
0.4999999999999998,2.64000000000002,-0.008140915499615698,-0.01022284427846852
0.4999999999999998,2.62000000000002,-0.00838829008586469,-0.010302479276525889
0.4999999999999998,2.60000000000002,-0.008639063191749511,-0.010383105700410247
0.4999999999999998,2.58000000000002,-0.008893304861616817,-0.010464741793132431
0.4999999999999998,2.56000000000002,-0.009151087063489136,-0.010547406236374922
0.4999999999999998,2.54000000000002,-0.00941248375490402,-0.010631118163085568
0.4999999999999998,2.52000000000002,-0.009677570951348012,-0.010715897170844993
0.4999999999999998,2.50000000000002,-0.009946426797909,-0.010801763335626378
0.4999999999999998,2.48000000000002,-0.010219131643594469,-0.01088873722576307
0.4999999999999998,2.46000000000002,-0.010495768119059477,-0.010976839916640543
0.4999999999999998,2.44000000000002,-0.010776421217246271,-0.011066093005642708
0.4999999999999998,2.42000000000002,-0.011061178377523004,-0.011156518628275311
0.4999999999999998,2.40000000000002,-0.011350129573667203,-0.011248139473653412
0.4999999999999998,2.38000000000002,-0.01164336740548235,-0.011340978801716542
0.4999999999999998,2.36000000000002,-0.011940987194158405,-0.01143506046028836
0.4999999999999998,2.34000000000002,-0.012243087082030368,-0.011530408902988676
0.4999999999999998,2.32000000000002,-0.012549768136553143,-0.011627049207664199
0.4999999999999998,2.30000000000002,-0.012861134459315275,-0.011725007095701165
0.4999999999999998,2.28000000000002,-0.013177293298872964,-0.011824308951583602
0.4999999999999998,2.2600000000000198,-0.013498355169847601,-0.011924981843383267
0.4999999999999998,2.2400000000000198,-0.013824433976321956,-0.012027053544099449
0.4999999999999998,2.2200000000000197,-0.014155647141648414,-0.01213055255339348
0.4999999999999998,2.2000000000000197,-0.014492115743620845,-0.012235508120221374
0.4999999999999998,2.1800000000000197,-0.014833964655951163,-0.012341950266352188
0.4999999999999998,2.1600000000000197,-0.015181322696574292,-0.01244990981060036
0.4999999999999998,2.1400000000000197,-0.01553432278261438,-0.012559418393855007
0.4999999999999998,2.1200000000000196,-0.015893102092405707,-0.01267050850509674
0.4999999999999998,2.1000000000000196,-0.016257802235611515,-0.012783213508133759
0.4999999999999998,2.0800000000000196,-0.016628569431214484,-0.01289756766932388
0.4999999999999998,2.0600000000000196,-0.017005554693795607,-0.013013606186587798
0.4999999999999998,2.0400000000000196,-0.017388914029310046,-0.01313136521854473
0.4999999999999998,2.0200000000000196,-0.017778808639669214,-0.013250881915831188
0.4999999999999998,2.0000000000000195,-0.018175405138045518,-0.01337219445234621
0.4999999999999998,1.9800000000000195,-0.01857887577405591,-0.01349534205839531
0.4999999999999998,1.9600000000000195,-0.01898939867091163,-0.013620365054376957
0.4999999999999998,1.9400000000000195,-0.01940715807360126,-0.013747304885935192
0.4999999999999998,1.9200000000000195,-0.019832344609943903,-0.013876204160242697
0.48999999999999977,5,0.007540202147129116,-0.0038272103968232125
0.48999999999999977,4.98,0.0074631757970756865,-0.0038541457740771216
0.48999999999999977,4.960000000000001,0.007385562151344456,-0.003881277062214194
0.48999999999999977,4.940000000000001,0.007307354478927571,-0.003908606395644443
0.48999999999999977,4.920000000000002,0.007228545945743072,-0.003936135939862084
0.48999999999999977,4.900000000000002,0.007149129612557354,-0.0039638678916904466
0.48999999999999977,4.880000000000003,0.007069098433252158,-0.003991804480173819
0.48999999999999977,4.860000000000003,0.006988445252329778,-0.004019947966908648
0.48999999999999977,4.840000000000003,0.006907162803313594,-0.004048300646783812
0.48999999999999977,4.820000000000004,0.006825243706077823,-0.004076864848674901
0.48999999999999977,4.800000000000004,0.006742680464980769,-0.004105642935765402
0.48999999999999977,4.780000000000005,0.006659465466399361,-0.004134637306443686
0.48999999999999977,4.760000000000005,0.006575590976640906,-0.004163850394917069
0.48999999999999977,4.7400000000000055,0.006491049139272827,-0.004193284671817749
0.48999999999999977,4.720000000000006,0.006405831972765095,-0.004222942644811059
0.48999999999999977,4.700000000000006,0.006319931368302875,-0.004252826859484603
0.48999999999999977,4.680000000000007,0.00623333908670948,-0.0042829398999556095
0.48999999999999977,4.660000000000007,0.006146046756406051,-0.004313284389545952
0.48999999999999977,4.640000000000008,0.006058045870043893,-0.004343862991533352
0.48999999999999977,4.620000000000008,0.005969327782565506,-0.004374678410118432
0.48999999999999977,4.6000000000000085,0.005879883707772186,-0.004405733390885465
0.48999999999999977,4.580000000000009,0.00578970471574176,-0.0044370307218388645
0.48999999999999977,4.560000000000009,0.005698781729820199,-0.004468573234026597
0.48999999999999977,4.54000000000001,0.00560710552338254,-0.0045003638025247795
0.48999999999999977,4.52000000000001,0.00551466671734474,-0.004532405347362059
0.48999999999999977,4.500000000000011,0.005421455776238111,-0.004564700834025076
0.48999999999999977,4.480000000000011,0.005327463005531318,-0.004597253274773144
0.48999999999999977,4.4600000000000115,0.005232678547857797,-0.004630065729204963
0.48999999999999977,4.440000000000012,0.005137092380097524,-0.004663141305545605
0.48999999999999977,4.420000000000012,0.005040694309349653,-0.004696483161316184
0.48999999999999977,4.400000000000013,0.004943473969754244,-0.004730094504278304
0.48999999999999977,4.380000000000013,0.004845420818658914,-0.0047639785936412875
0.48999999999999977,4.360000000000014,0.004746524132720496,-0.00479813874121986
0.48999999999999977,4.340000000000014,0.004646773004166497,-0.004832578311879263
0.48999999999999977,4.3200000000000145,0.004546156336852309,-0.0048673007252319905
0.48999999999999977,4.300000000000015,0.004444662842194333,-0.004902309456429048
0.48999999999999977,4.280000000000015,0.004342281034812838,-0.004937608037355115
0.48999999999999977,4.260000000000016,0.004238999228284842,-0.004973200057774713
0.48999999999999977,4.240000000000016,0.004134805531085349,-0.005009089166561672
0.48999999999999977,4.220000000000017,0.004029687841565849,-0.005045279072750958
0.48999999999999977,4.200000000000017,0.003923633843521914,-0.0050817735470491746
0.48999999999999977,4.1800000000000175,0.0038166310017258686,-0.005118576422765957
0.48999999999999977,4.160000000000018,0.003708666556492204,-0.005155691597337066
0.48999999999999977,4.140000000000018,0.00359972751898714,-0.005193123033800207
0.48999999999999977,4.120000000000019,0.0034898006660689903,-0.005230874761687373
0.48999999999999977,4.100000000000019,0.003378872534974333,-0.005268950878873996
0.48999999999999977,4.08000000000002,0.003266929417771048,-0.005307355552756056
0.48999999999999977,4.06000000000002,0.0031539573558232743,-0.0053460930218440575
0.48999999999999977,4.0400000000000205,0.0030399421342074085,-0.005385167597271166
0.48999999999999977,4.020000000000021,0.0029248692755998486,-0.005424583664271274
0.48999999999999977,4.000000000000021,0.0028087240343167034,-0.005464345683813798
0.48999999999999977,3.9800000000000213,0.002691491390071085,-0.00550445819403721
0.48999999999999977,3.9600000000000213,0.0025731560415231274,-0.005544925812363419
0.48999999999999977,3.9400000000000213,0.0024537023998450805,-0.005585753236828996
0.48999999999999977,3.9200000000000212,0.002333114581699394,-0.005626945247733373
0.48999999999999977,3.9000000000000212,0.002211376402589539,-0.00566850670986827
0.48999999999999977,3.880000000000021,0.002088471369553247,-0.005710442574107397
0.48999999999999977,3.860000000000021,0.001964382673724742,-0.005752757879196095
0.48999999999999977,3.840000000000021,0.0018390931827667735,-0.005795457753938922
0.48999999999999977,3.820000000000021,0.0017125854333152148,-0.005838547419078001
0.48999999999999977,3.800000000000021,0.0015848416227914677,-0.005882032189186891
0.48999999999999977,3.780000000000021,0.0014558436009708374,-0.005925917475122722
0.48999999999999977,3.760000000000021,0.001325572861905142,-0.005970208785827755
0.48999999999999977,3.740000000000021,0.001194010534883656,-0.006014911730729364
0.48999999999999977,3.720000000000021,0.0010611373755389465,-0.006060032022026138
0.48999999999999977,3.700000000000021,0.0009269337566086902,-0.006105575476909125
0.48999999999999977,3.680000000000021,0.0007913796581777489,-0.006151548019956904
0.48999999999999977,3.660000000000021,0.0006544546583401034,-0.006197955685794433
0.48999999999999977,3.640000000000021,0.0005161379225701674,-0.006244804621394123
0.48999999999999977,3.620000000000021,0.0003764081935177517,-0.006292101088784644
0.48999999999999977,3.600000000000021,0.00023524378034418944,-0.006339851467636395
0.48999999999999977,3.580000000000021,0.00009262254754624705,-0.00638806225823331
0.48999999999999977,3.560000000000021,-0.00005147809653726688,-0.006436740083865056
0.48999999999999977,3.540000000000021,-0.00019708121114936578,-0.006485891694170437
0.48999999999999977,3.520000000000021,-0.0003442103356881194,-0.006535523967783494
0.48999999999999977,3.500000000000021,-0.000492889501858097,-0.006585643915634824
0.48999999999999977,3.480000000000021,-0.0006431432466858867,-0.00663625868394117
0.48999999999999977,3.460000000000021,-0.000794996625891746,-0.006687375557464605
0.48999999999999977,3.440000000000021,-0.0009484752274055216,-0.0067390019628313785
0.48999999999999977,3.420000000000021,-0.001103605185774494,-0.006791145472054519
0.48999999999999977,3.400000000000021,-0.0012604131964989713,-0.006843813805946064
0.48999999999999977,3.3800000000000208,-0.001418926531297644,-0.006897014837670426
0.48999999999999977,3.3600000000000207,-0.0015791730537074089,-0.006950756596744788
0.48999999999999977,3.3400000000000207,-0.0017411812347904298,-0.007005047272370835
0.48999999999999977,3.3200000000000207,-0.0019049801702337435,-0.0070598952180253305
0.48999999999999977,3.3000000000000207,-0.0020705995971112457,-0.007115308954952871
0.48999999999999977,3.2800000000000207,-0.0022380699116508205,-0.007171297176565478
0.48999999999999977,3.2600000000000207,-0.0024074221875624857,-0.007227868752922854
0.48999999999999977,3.2400000000000206,-0.0025786881947969546,-0.007285032734653278
0.48999999999999977,3.2200000000000206,-0.0027519004194853274,-0.007342798358074415
0.48999999999999977,3.2000000000000206,-0.0029270920836271335,-0.007401175049414475
0.48999999999999977,3.1800000000000206,-0.0031042971659800806,-0.007460172430057449
0.48999999999999977,3.1600000000000206,-0.0032835504240387556,-0.007519800321053406
0.48999999999999977,3.1400000000000206,-0.0034648874157955454,-0.007580068748674597
0.48999999999999977,3.1200000000000205,-0.0036483445234257806,-0.007640987949479303
0.48999999999999977,3.1000000000000205,-0.003833958976497285,-0.0077025683756677945
0.48999999999999977,3.0800000000000205,-0.004021768877251906,-0.007764820700896388
0.48999999999999977,3.0600000000000205,-0.004211813225781828,-0.007827755825849672
0.48999999999999977,3.0400000000000205,-0.004404131946562898,-0.007891384884302601
0.48999999999999977,3.0200000000000204,-0.004598765916149213,-0.007955719249236784
0.48999999999999977,3.0000000000000204,-0.004795756991096115,-0.008020770539125616
0.48999999999999977,2.9800000000000204,-0.004995148037648323,-0.008086550624573835
0.48999999999999977,2.9600000000000204,-0.005196982962038562,-0.008153071634729864
0.48999999999999977,2.9400000000000204,-0.005401306742172595,-0.008220345964598544
0.48999999999999977,2.9200000000000204,-0.00560816546005209,-0.00828838628194889
0.48999999999999977,2.9000000000000203,-0.005817606336076623,-0.00835720553466969
0.48999999999999977,2.8800000000000203,-0.006029677763731015,-0.008426816958658177
0.48999999999999977,2.8600000000000203,-0.006244429346381369,-0.008497234085205849
0.48999999999999977,2.8400000000000203,-0.006461911934730457,-0.00856847074948252
0.48999999999999977,2.8200000000000203,-0.006682177666328713,-0.008640541098795744
0.48999999999999977,2.8000000000000203,-0.006905280006088978,-0.008713459600963529
0.48999999999999977,2.7800000000000202,-0.007131273788581774,-0.008787241053671117
0.48999999999999977,2.76000000000002,-0.007360215261760615,-0.008861900593208558
0.48999999999999977,2.74000000000002,-0.007592162132502114,-0.008937453704274193
0.48999999999999977,2.72000000000002,-0.007827173614054505,-0.009013916229523786
0.48999999999999977,2.70000000000002,-0.008065310474905402,-0.009091304379917675
0.48999999999999977,2.68000000000002,-0.008306635089779947,-0.009169634745039887
0.48999999999999977,2.66000000000002,-0.00855121149296939,-0.009248924303852032
0.48999999999999977,2.64000000000002,-0.008799105433205357,-0.009329190435911378
0.48999999999999977,2.62000000000002,-0.009050384431069196,-0.009410450932781714
0.48999999999999977,2.60000000000002,-0.009305117838308282,-0.009492724010080833
0.48999999999999977,2.58000000000002,-0.009563376900352511,-0.00957602831980403
0.48999999999999977,2.56000000000002,-0.009825234820557917,-0.009660382962534547
0.48999999999999977,2.54000000000002,-0.010090766827313493,-0.009745807501432724
0.48999999999999977,2.52000000000002,-0.010360050243972824,-0.009832321974983765
0.48999999999999977,2.50000000000002,-0.01063316456175771,-0.009919946911450081
0.48999999999999977,2.48000000000002,-0.010910191515458821,-0.01000870334332725
0.48999999999999977,2.46000000000002,-0.011191215162651789,-0.01009861282225942
0.48999999999999977,2.44000000000002,-0.011476321965668659,-0.010189697434520056
0.48999999999999977,2.42000000000002,-0.011765600877551317,-0.0102819798172097
0.48999999999999977,2.40000000000002,-0.012059143431793342,-0.010375483174637323
0.48999999999999977,2.38000000000002,-0.0123570438352547,-0.0104702312954736
0.48999999999999977,2.36000000000002,-0.012659399065785,-0.01056624857066242
0.48999999999999977,2.34000000000002,-0.012966308973669436,-0.010663560011578421
0.48999999999999977,2.32000000000002,-0.013277876387695862,-0.010762191269116927
0.48999999999999977,2.30000000000002,-0.013594207225814838,-0.010862168653135551
0.48999999999999977,2.28000000000002,-0.013915410611051317,-0.010963519153071175
0.48999999999999977,2.2600000000000198,-0.014241598991681342,-0.011066270458461126
0.48999999999999977,2.2400000000000198,-0.014572888268132932,-0.011170450981375299
0.48999999999999977,2.2200000000000197,-0.014909397924489275,-0.011276089878059004
0.48999999999999977,2.2000000000000197,-0.015251251166762143,-0.011383217072905433
0.48999999999999977,2.1800000000000197,-0.015598575066828485,-0.011491863282085311
0.48999999999999977,2.1600000000000197,-0.015951500713708273,-0.01160206003857038
0.48999999999999977,2.1400000000000197,-0.016310163371482046,-0.011713839718054897
0.48999999999999977,2.1200000000000196,-0.016674702644632243,-0.011827235565295274
0.48999999999999977,2.1000000000000196,-0.017045262651202143,-0.01194228172188845
0.48999999999999977,2.0800000000000196,-0.017421992204553215,-0.01205901325478436
0.48999999999999977,2.0600000000000196,-0.017805045003061123,-0.012177466185702576
0.48999999999999977,2.0400000000000196,-0.018194579829974404,-0.012297677521694195
0.48999999999999977,2.0200000000000196,-0.018590760761769038,-0.012419685286652174
0.48999999999999977,2.0000000000000195,-0.018993757387894546,-0.0125435285540266
0.48999999999999977,1.9800000000000195,-0.01940374504045584,-0.012669247480705158
0.48999999999999977,1.9600000000000195,-0.019820905035829943,-0.012796883341366277
0.48999999999999977,1.9400000000000195,-0.020245424927924645,-0.012926478565180774
0.48999999999999977,1.9200000000000195,-0.020677498774626015,-0.013058076772660007
0.47999999999999976,5,0.007114983995446322,-0.0028246409991969108
0.47999999999999976,4.98,0.007036764905108369,-0.00285210969010841
0.47999999999999976,4.960000000000001,0.00695794921596498,-0.0028797782482117337
0.47999999999999976,4.940000000000001,0.00687853008790136,-0.0029076488518539785
0.47999999999999976,4.920000000000002,0.006798500575993434,-0.0029357237110755052
0.47999999999999976,4.900000000000002,0.006717853628337519,-0.0029640050680865733
0.47999999999999976,4.880000000000003,0.006636582084533903,-0.002992495197964462
0.47999999999999976,4.860000000000003,0.006554678672998538,-0.0030211964089223928
0.47999999999999976,4.840000000000003,0.006472136009150767,-0.0030501110433345004
0.47999999999999976,4.820000000000004,0.006388946593007369,-0.00307924147798469
0.47999999999999976,4.800000000000004,0.006305102807048624,-0.0031085901249901515
0.47999999999999976,4.780000000000005,0.00622059691403846,-0.003138159432350857
0.47999999999999976,4.760000000000005,0.006135421054282456,-0.003167951884530008
0.47999999999999976,4.7400000000000055,0.006049567243624664,-0.003197970003247702
0.47999999999999976,4.720000000000006,0.005963027370708215,-0.0032282163480730486
0.47999999999999976,4.700000000000006,0.005875793194454042,-0.00325869351725069
0.47999999999999976,4.680000000000007,0.005787856341660413,-0.003289404148376966
0.47999999999999976,4.660000000000007,0.00569920830412248,-0.0033203509191523685
0.47999999999999976,4.640000000000008,0.005609840436112447,-0.0033515365480432883
0.47999999999999976,4.620000000000008,0.005519743951376171,-0.0033829637952049393
0.47999999999999976,4.6000000000000085,0.005428909920343017,-0.003414635463155404
0.47999999999999976,4.580000000000009,0.0053373292673388265,-0.0034465543977022454
0.47999999999999976,4.560000000000009,0.005244992767558325,-0.0034787234887325366
0.47999999999999976,4.54000000000001,0.005151891043704101,-0.00351114567090357
0.47999999999999976,4.52000000000001,0.005058014563189969,-0.0035438239248369863
0.47999999999999976,4.500000000000011,0.004963353634857537,-0.0035767612776767092
0.47999999999999976,4.480000000000011,0.0048678984054610665,-0.003609960804165145
0.47999999999999976,4.4600000000000115,0.004771638856452509,-0.0036434256276400914
0.47999999999999976,4.440000000000012,0.004674564800504937,-0.003677158920797296
0.47999999999999976,4.420000000000012,0.004576665877896988,-0.003711163906837022
0.47999999999999976,4.400000000000013,0.004477931552804809,-0.003745443860445589
0.47999999999999976,4.380000000000013,0.004378351109866736,-0.003780002108586325
0.47999999999999976,4.360000000000014,0.004277913649740062,-0.0038148420319003753
0.47999999999999976,4.340000000000014,0.004176608085754538,-0.003849967065518484
0.47999999999999976,4.3200000000000145,0.0040744231396753865,-0.0038853807002241876
0.47999999999999976,4.300000000000015,0.0039713473374202845,-0.00392108648370712
0.47999999999999976,4.280000000000015,0.003867369005006668,-0.00395708802147382
0.47999999999999976,4.260000000000016,0.003762476263879694,-0.003993388978204393
0.47999999999999976,4.240000000000016,0.0036566570268808836,-0.004029993078854953
0.47999999999999976,4.220000000000017,0.0035498989933072374,-0.004066904110104699
0.47999999999999976,4.200000000000017,0.003442189644273272,-0.0041041259212402995
0.47999999999999976,4.1800000000000175,0.0033335162379265746,-0.004141662425837571
0.47999999999999976,4.160000000000018,0.0032238658044342816,-0.004179517602856564
0.47999999999999976,4.140000000000018,0.0031132251408583916,-0.004217695498045071
0.47999999999999976,4.120000000000019,0.003001580805964162,-0.004256200225367133
0.47999999999999976,4.100000000000019,0.002888919114703644,-0.0042950359686144725
0.47999999999999976,4.08000000000002,0.002775226132906971,-0.004334206982359052
0.47999999999999976,4.06000000000002,0.0026604876714181043,-0.004373717593971829
0.47999999999999976,4.0400000000000205,0.0025446892802882043,-0.004413572205017327
0.47999999999999976,4.020000000000021,0.0024278162427316978,-0.004453775292628311
0.47999999999999976,4.000000000000021,0.002309853569129062,-0.004494331411446818
0.47999999999999976,3.9800000000000213,0.0021907859906378484,-0.004535245194957287
0.47999999999999976,3.9600000000000213,0.0020705979523832855,-0.0045765213575188445
0.47999999999999976,3.9400000000000213,0.0019492736072512264,-0.004618164695844522
0.47999999999999976,3.9200000000000212,0.0018267968084642238,-0.004660180090794072
0.47999999999999976,3.9000000000000212,0.001703151103247636,-0.004702572509577833
0.47999999999999976,3.880000000000021,0.0015783197246279808,-0.004745347007228298
0.47999999999999976,3.860000000000021,0.0014522855845625251,-0.004788508728538088
0.47999999999999976,3.840000000000021,0.001325031266152704,-0.004832062910499061
0.47999999999999976,3.820000000000021,0.0011965390155340618,-0.0048760148837568296
0.47999999999999976,3.800000000000021,0.0010667907339243217,-0.004920370075084397
0.47999999999999976,3.780000000000021,0.000935767969061984,-0.004965134009453332
0.47999999999999976,3.760000000000021,0.0008034519066572703,-0.005010312312180222
0.47999999999999976,3.740000000000021,0.0006698233615154321,-0.0050559107111546805
0.47999999999999976,3.720000000000021,0.0005348627682840764,-0.005101935039282857
0.47999999999999976,3.700000000000021,0.0003985501721710423,-0.005148391236819056
0.47999999999999976,3.680000000000021,0.00026086521910777564,-0.005195285353709979
0.47999999999999976,3.660000000000021,0.00012178714576396429,-0.005242623552311178
0.47999999999999976,3.640000000000021,-0.000018705230666392608,-0.005290412109826233
0.47999999999999976,3.620000000000021,-0.00016063352305345263,-0.005338657420951277
0.47999999999999976,3.600000000000021,-0.00030401978537344596,-0.005387366000770304
0.47999999999999976,3.580000000000021,-0.0004488865239195047,-0.005436544487373386
0.47999999999999976,3.560000000000021,-0.0005952567090898963,-0.005486199644778672
0.47999999999999976,3.540000000000021,-0.0007431537868917149,-0.005536338365926798
0.47999999999999976,3.520000000000021,-0.0008926016917586571,-0.005586967675770358
0.47999999999999976,3.500000000000021,-0.001043624859060793,-0.0056380947343348045
0.47999999999999976,3.480000000000021,-0.001196248238226855,-0.00568972683997496
0.47999999999999976,3.460000000000021,-0.001350497306342712,-0.0057418714325001615
0.47999999999999976,3.440000000000021,-0.0015063980820447464,-0.005794536096877308
0.47999999999999976,3.420000000000021,-0.0016639771400004846,-0.005847728566596211
0.47999999999999976,3.400000000000021,-0.0018232616256909462,-0.00590145672709853
0.47999999999999976,3.3800000000000208,-0.001984279270873337,-0.005955728619869871
0.47999999999999976,3.3600000000000207,-0.00214705840915385,-0.006010552445814207
0.47999999999999976,3.3400000000000207,-0.0023116279928260815,-0.006065936569343865
0.47999999999999976,3.3200000000000207,-0.0024780176092404683,-0.00612188952252769
0.47999999999999976,3.3000000000000207,-0.0026462574984446297,-0.006178420009194384
0.47999999999999976,3.2800000000000207,-0.002816378571394095,-0.006235536908948375
0.47999999999999976,3.2600000000000207,-0.0029884124281057594,-0.0062932492819598035
0.47999999999999976,3.2400000000000206,-0.0031623913776024594,-0.006351566373129431
0.47999999999999976,3.2200000000000206,-0.0033383484568551766,-0.006410497616990961
0.47999999999999976,3.2000000000000206,-0.003516317452144425,-0.006470052642454122
0.47999999999999976,3.1800000000000206,-0.0036963329198584248,-0.006530241277633478
0.47999999999999976,3.1600000000000206,-0.00387843020860769,-0.006591073555046775
0.47999999999999976,3.1400000000000206,-0.004062645481858523,-0.006652559716804403
0.47999999999999976,3.1200000000000205,-0.004249015741552655,-0.006714710220057686
0.47999999999999976,3.1000000000000205,-0.00443757885224582,-0.006777535742467467
0.47999999999999976,3.0800000000000205,-0.004628373566339279,-0.006841047188072928
0.47999999999999976,3.0600000000000205,-0.004821439550209008,-0.006905255693053294
0.47999999999999976,3.0400000000000205,-0.0050168174109878816,-0.006970172631842407
0.47999999999999976,3.0200000000000204,-0.005214548724639776,-0.007035809623651572
0.47999999999999976,3.0000000000000204,-0.005414676064604317,-0.007102178538378648
0.47999999999999976,2.9800000000000204,-0.005617243031892592,-0.007169291503968889
0.47999999999999976,2.9600000000000204,-0.005822294286218378,-0.0072371609127333605
0.47999999999999976,2.9400000000000204,-0.006029875577962836,-0.0073057994287419326
0.47999999999999976,2.9200000000000204,-0.0062400337812864096,-0.0073752199950001505
0.47999999999999976,2.9000000000000203,-0.0064528169290908,-0.007445435841055434
0.47999999999999976,2.8800000000000203,-0.006668274248371006,-0.007516460490910797
0.47999999999999976,2.8600000000000203,-0.006886456197676577,-0.007588307770699049
0.47999999999999976,2.8400000000000203,-0.0071074145052532085,-0.007660991817295695
0.47999999999999976,2.8200000000000203,-0.007331202209286373,-0.007734527086845688
0.47999999999999976,2.8000000000000203,-0.007557873699204025,-0.007808928363315933
0.47999999999999976,2.7800000000000202,-0.007787484758770249,-0.00788421076796528
0.47999999999999976,2.76000000000002,-0.008020092610563521,-0.007960389768626012
0.47999999999999976,2.74000000000002,-0.008255755962397663,-0.00803748118912902
0.47999999999999976,2.72000000000002,-0.008494535055673854,-0.008115501219827417
0.47999999999999976,2.70000000000002,-0.008736491715317797,-0.00819446642766702
0.47999999999999976,2.68000000000002,-0.008981689401506952,-0.008274393766781546
0.47999999999999976,2.66000000000002,-0.009230193264041064,-0.008355300589780228
0.47999999999999976,2.64000000000002,-0.009482070198259678,-0.008437204659151328
0.47999999999999976,2.62000000000002,-0.009737388903765265,-0.008520124158760405
0.47999999999999976,2.60000000000002,-0.009996219944559447,-0.00860407770649265
0.47999999999999976,2.58000000000002,-0.01025863581308379,-0.008689084366377962
0.47999999999999976,2.56000000000002,-0.010524710995198302,-0.008775163661945737
0.47999999999999976,2.54000000000002,-0.010794522038975598,-0.008862335589443847
0.47999999999999976,2.52000000000002,-0.011068147625927744,-0.008950620631930313
0.47999999999999976,2.50000000000002,-0.011345668645083115,-0.009040039773530371
0.47999999999999976,2.48000000000002,-0.011627168270516311,-0.00913061451432854
0.47999999999999976,2.46000000000002,-0.011912732041520765,-0.00922236688569169
0.47999999999999976,2.44000000000002,-0.012202447946695078,-0.00931531946624959
0.47999999999999976,2.42000000000002,-0.012496406511615855,-0.009409495398205105
0.47999999999999976,2.40000000000002,-0.012794700889462246,-0.00950491840436468
0.47999999999999976,2.38000000000002,-0.013097426956915854,-0.009601612805744647
0.47999999999999976,2.36000000000002,-0.013404683412550062,-0.009699603539776884
0.47999999999999976,2.34000000000002,-0.01371657188128714,-0.009798916178968178
0.47999999999999976,2.32000000000002,-0.014033197021633062,-0.009899576950552118
0.47999999999999976,2.30000000000002,-0.014354666639199265,-0.010001612756343446
0.47999999999999976,2.28000000000002,-0.0146810918042398,-0.010105051193808792
0.47999999999999976,2.2600000000000198,-0.01501258697499539,-0.010209920577507664
0.47999999999999976,2.2400000000000198,-0.015349270126321004,-0.010316249961314763
0.47999999999999976,2.2200000000000197,-0.01569126288408461,-0.010424069161589817
0.47999999999999976,2.2000000000000197,-0.016038690666133906,-0.010533408780981475
0.47999999999999976,2.1800000000000197,-0.016391682829381304,-0.01064430023302055
0.47999999999999976,2.1600000000000197,-0.01675037282355557,-0.010756775767845957
0.47999999999999976,2.1400000000000197,-0.01711489835263224,-0.010870868498556563
0.47999999999999976,2.1200000000000196,-0.017485401543215075,-0.01098661242839221
0.47999999999999976,2.1000000000000196,-0.017862029121684376,-0.011104042479367457
0.47999999999999976,2.0800000000000196,-0.018244932598723736,-0.011223194521216673
0.47999999999999976,2.0600000000000196,-0.018634268463707783,-0.011344105401816924
0.47999999999999976,2.0400000000000196,-0.0190301983878585,-0.011466812978637567
0.47999999999999976,2.0200000000000196,-0.01943288943748691,-0.011591356150854173
0.47999999999999976,2.0000000000000195,-0.019842514297520143,-0.011717774893167752
0.47999999999999976,1.9800000000000195,-0.020259251506334505,-0.011846110290168854
0.47999999999999976,1.9600000000000195,-0.02068328570201282,-0.011976404572458008
0.47999999999999976,1.9400000000000195,-0.021114807881007565,-0.012108701153399362
0.47999999999999976,1.9200000000000195,-0.021554015669727672,-0.012243044667686793
0.46999999999999975,5,0.006672572955324694,-0.0018226106679841009
0.46999999999999975,4.98,0.006593121025224721,-0.0018506275910197961
0.46999999999999975,4.960000000000001,0.006513062871453526,-0.0018788484358344057
0.46999999999999975,4.940000000000001,0.006432391540800612,-0.001907275425638455
0.46999999999999975,4.920000000000002,0.0063510999735316605,-0.0019359108162535499
0.46999999999999975,4.900000000000002,0.0062691810012520145,-0.001964756896043876
0.46999999999999975,4.880000000000003,0.00618662734514598,-0.0019938159870986696
0.46999999999999975,4.860000000000003,0.006103431613255974,-0.002023090445287576
0.46999999999999975,4.840000000000003,0.006019586298777896,-0.002052582661421526
0.46999999999999975,4.820000000000004,0.0059350837776221185,-0.0020822950613870843
0.46999999999999975,4.800000000000004,0.005849916306056845,-0.0021122301071166277
0.46999999999999975,4.780000000000005,0.005764076018613654,-0.002142390297226803
0.46999999999999975,4.760000000000005,0.005677554925431236,-0.002172778167618697
0.46999999999999975,4.7400000000000055,0.005590344909783156,-0.002203396292074552
0.46999999999999975,4.720000000000006,0.0055024377258718025,-0.0022342472832284997
0.46999999999999975,4.700000000000006,0.005413824995856539,-0.0022653337931338308
0.46999999999999975,4.680000000000007,0.005324498207456903,-0.002296658513907949
0.46999999999999975,4.660000000000007,0.005234448711180353,-0.002328224178703042
0.46999999999999975,4.640000000000008,0.005143667717645888,-0.00236003356229475
0.46999999999999975,4.620000000000008,0.00505214629449801,-0.0023920894821110594
0.46999999999999975,4.6000000000000085,0.004959875363696052,-0.0024243947986594683
0.46999999999999975,4.580000000000009,0.004866845698729125,-0.0024569524168672682
0.46999999999999975,4.560000000000009,0.004773047920896655,-0.0024897652864106293
0.46999999999999975,4.54000000000001,0.004678472497184988,-0.0025228364030030342
0.46999999999999975,4.52000000000001,0.0045831097358941955,-0.0025561688089621513
0.46999999999999975,4.500000000000011,0.004486949784457099,-0.002589765594319171
0.46999999999999975,4.480000000000011,0.004389982625364485,-0.002623629897748808
0.46999999999999975,4.4600000000000115,0.0042921980729657035,-0.0026577649073237716
0.46999999999999975,4.440000000000012,0.004193585769886623,-0.0026921738617912763
0.46999999999999975,4.420000000000012,0.004094135183456462,-0.002726860051320834
0.46999999999999975,4.400000000000013,0.00399383560195301,-0.0027618268185423123
0.46999999999999975,4.380000000000013,0.0038926761307697772,-0.0027970775597603442
0.46999999999999975,4.360000000000014,0.003790645688512609,-0.0028326157258885265
0.46999999999999975,4.340000000000014,0.003687733003198952,-0.0028684448235555115
0.46999999999999975,4.3200000000000145,0.0035839266075351267,-0.0029045684162023987
0.46999999999999975,4.300000000000015,0.0034792148356074214,-0.00294099012545615
0.46999999999999975,4.280000000000015,0.0033735858176924113,-0.002977713631859856
0.46999999999999975,4.260000000000016,0.003267027476388068,-0.003014742676448287
0.46999999999999975,4.240000000000016,0.003159527521722457,-0.0030520810619579803
0.46999999999999975,4.220000000000017,0.003051073446748756,-0.0030897326538670417
0.46999999999999975,4.200000000000017,0.0029416525225072557,-0.003127701381845538
0.46999999999999975,4.1800000000000175,0.0028312517930938978,-0.0031659912410683944
0.46999999999999975,4.160000000000018,0.0027198580708182396,-0.0032046062935980543
0.46999999999999975,4.140000000000018,0.002607457930902134,-0.0032435506697165994
0.46999999999999975,4.120000000000019,0.002494037706043363,-0.0032828285693406473
0.46999999999999975,4.100000000000019,0.0023795834808975434,-0.0033224442634688794
0.46999999999999975,4.08000000000002,0.0022640810868051696,-0.003362402095834263
0.46999999999999975,4.06000000000002,0.0021475160955565053,-0.0034027064843674404
0.46999999999999975,4.0400000000000205,0.0020298738136255655,-0.003443361922455347
0.46999999999999975,4.020000000000021,0.0019111392763409814,-0.0034843729811960163
0.46999999999999975,4.000000000000021,0.0017912972410093673,-0.003525744310328191
0.46999999999999975,3.9800000000000213,0.0016703321810481548,-0.0035674806406124464
0.46999999999999975,3.9600000000000213,0.0015482282789936051,-0.0036095867850131774
0.46999999999999975,3.9400000000000213,0.0014249694198192194,-0.0036520676408145214
0.46999999999999975,3.9200000000000212,0.0013005391839094346,-0.003694928191420227
0.46999999999999975,3.9000000000000212,0.0011749208399483486,-0.0037381735079968365
0.46999999999999975,3.880000000000021,0.001048097337292584,-0.003781808751682117
0.46999999999999975,3.860000000000021,0.0009200512984939319,-0.0038258391755091464
0.46999999999999975,3.840000000000021,0.0007907650113880526,-0.003870270126148649
0.46999999999999975,3.820000000000021,0.0006602204212305272,-0.003915107046469232
0.46999999999999975,3.800000000000021,0.0005283991219631251,-0.003960355477284169
0.46999999999999975,3.780000000000021,0.00039528234828044035,-0.004006021059729227
0.46999999999999975,3.760000000000021,0.0002608509660985102,-0.004052109537431032
0.46999999999999975,3.740000000000021,0.0001250854641298045,-0.0040986267589286935
0.46999999999999975,3.720000000000021,-0.000012034055670622802,-0.00414557867984694
0.46999999999999975,3.700000000000021,-0.00015052788771015486,-0.004192971365620319
0.46999999999999975,3.680000000000021,-0.00029041673277453695,-0.004240810993719507
0.46999999999999975,3.660000000000021,-0.00043172170786627247,-0.004289103856478946
0.46999999999999975,3.640000000000021,-0.0005744643570989268,-0.0043378563633976654
0.46999999999999975,3.620000000000021,-0.0007186666621301085,-0.004387075044250039
0.46999999999999975,3.600000000000021,-0.0008643510534093951,-0.004436766551703417
0.46999999999999975,3.580000000000021,-0.0010115404218779761,-0.004486937663923652
0.46999999999999975,3.560000000000021,-0.0011602581305131302,-0.004537595288018656
0.46999999999999975,3.540000000000021,-0.0013105280265511665,-0.004588746462673501
0.46999999999999975,3.520000000000021,-0.001462374454142126,-0.004640398361388728
0.46999999999999975,3.500000000000021,-0.0016158222673379398,-0.004692558295807392
0.46999999999999975,3.480000000000021,-0.0017708968433649583,-0.0047452337187522745
0.46999999999999975,3.460000000000021,-0.0019276240963314187,-0.004798432227731016
0.46999999999999975,3.440000000000021,-0.002086030491534029,-0.0048521615685287196
0.46999999999999975,3.420000000000021,-0.002246143060348221,-0.004906429638544176
0.46999999999999975,3.400000000000021,-0.002407989414852842,-0.004961244490693201
0.46999999999999975,3.3800000000000208,-0.0025715977640616006,-0.005016614337049183
0.46999999999999975,3.3600000000000207,-0.0027369969295447643,-0.005072547552802072
0.46999999999999975,3.3400000000000207,-0.0029042163623563917,-0.005129052680160449
0.46999999999999975,3.3200000000000207,-0.003073286160127214,-0.00518613843269277
0.46999999999999975,3.3000000000000207,-0.0032442370849687413,-0.005243813699214082
0.46999999999999975,3.2800000000000207,-0.003417100581558815,-0.00530208754857478
0.46999999999999975,3.2600000000000207,-0.003591908796357536,-0.005360969233872984
0.46999999999999975,3.2400000000000206,-0.0037686945970591278,-0.005420468197132891
0.46999999999999975,3.2200000000000206,-0.003947491592976228,-0.005480594073952207
0.46999999999999975,3.2000000000000206,-0.004128334155666403,-0.005541356698835528
0.46999999999999975,3.1800000000000206,-0.004311257440754722,-0.005602766109676053
0.46999999999999975,3.1600000000000206,-0.004496297410465574,-0.005664832553406747
0.46999999999999975,3.1400000000000206,-0.0046834908565715,-0.005727566491037616
0.46999999999999975,3.1200000000000205,-0.004872875424209334,-0.005790978603380494
0.46999999999999975,3.1000000000000205,-0.0050644896369691,-0.005855079796789937
0.46999999999999975,3.0800000000000205,-0.005258372922103105,-0.00591988120869584
0.46999999999999975,3.0600000000000205,-0.005454565637583538,-0.0059853942139871654
0.46999999999999975,3.0400000000000205,-0.005653109098979361,-0.006051630431168575
0.46999999999999975,3.0200000000000204,-0.005854045608256951,-0.00611860172860304
0.46999999999999975,3.0000000000000204,-0.006057418483147808,-0.006186320231199978
0.46999999999999975,2.9800000000000204,-0.006263272087544819,-0.006254798327562969
0.46999999999999975,2.9600000000000204,-0.006471651863245564,-0.006324048676422945
0.46999999999999975,2.9400000000000204,-0.006682604362430957,-0.006394084214354667
0.46999999999999975,2.9200000000000204,-0.006896177282034724,-0.00646491816311215
0.46999999999999975,2.9000000000000203,-0.007112419498338322,-0.006536564037459572
0.46999999999999975,2.8800000000000203,-0.00733138110381565,-0.006609035652817067
0.46999999999999975,2.8600000000000203,-0.00755311344506406,-0.006682347133901534
0.46999999999999975,2.8400000000000203,-0.007777669161547037,-0.006756512922811611
0.46999999999999975,2.8200000000000203,-0.008005102226788631,-0.006831547788101959
0.46999999999999975,2.8000000000000203,-0.008235467990302388,-0.0069074668336635454
0.46999999999999975,2.7800000000000202,-0.008468823221487835,-0.006984285508013513
0.46999999999999975,2.76000000000002,-0.008705226155256412,-0.007062019614007666
0.46999999999999975,2.74000000000002,-0.008944736539137394,-0.007140685318756432
0.46999999999999975,2.72000000000002,-0.009187415682495929,-0.007220299163789186
0.46999999999999975,2.70000000000002,-0.009433326507385768,-0.007300878075816416
0.46999999999999975,2.68000000000002,-0.009682533601663778,-0.00738243937757306
0.46999999999999975,2.66000000000002,-0.009935103273953538,-0.007465000799102617
0.46999999999999975,2.64000000000002,-0.010191103610886258,-0.00754858048963377
0.46999999999999975,2.62000000000002,-0.010450604536925534,-0.00763319702940049
0.46999999999999975,2.60000000000002,-0.010713677875758859,-0.007718869442280338
0.46999999999999975,2.58000000000002,-0.01098039741512225,-0.007805617208432841
0.46999999999999975,2.56000000000002,-0.01125083897389699,-0.007893460278052707
0.46999999999999975,2.54000000000002,-0.011525080471378728,-0.007982419084738986
0.46999999999999975,2.52000000000002,-0.011803202000537923,-0.008072514560005033
0.46999999999999975,2.50000000000002,-0.012085285903171313,-0.008163768147718478
0.46999999999999975,2.48000000000002,-0.012371416849038,-0.00825620181963074
0.46999999999999975,2.46000000000002,-0.012661681917750401,-0.008349838090866058
0.46999999999999975,2.44000000000002,-0.012956170684311255,-0.008444700036190425
0.46999999999999975,2.42000000000002,-0.013254975308672187,-0.008540811307004875
0.46999999999999975,2.40000000000002,-0.013558190628204923,-0.00863819614862308
0.46999999999999975,2.38000000000002,-0.01386591425515592,-0.00873687941831958
0.46999999999999975,2.36000000000002,-0.014178246677556015,-0.00883688660387013
0.46999999999999975,2.34000000000002,-0.014495291365045446,-0.008938243842761429
0.46999999999999975,2.32000000000002,-0.014817154879069993,-0.009040977942499143
0.46999999999999975,2.30000000000002,-0.015143946987934443,-0.009145116400574
0.46999999999999975,2.28000000000002,-0.015475780787257618,-0.009250687426358803
0.46999999999999975,2.2600000000000198,-0.015812772825210944,-0.009357719962897332
0.46999999999999975,2.2400000000000198,-0.016155043234360518,-0.009466243709813998
0.46999999999999975,2.2200000000000197,-0.016502715868397543,-0.00957628914686132
0.46999999999999975,2.2000000000000197,-0.016855918446136302,-0.009687887558415268
0.46999999999999975,2.1800000000000197,-0.017214782701281156,-0.00980107105883625
0.46999999999999975,2.1600000000000197,-0.017579444539678777,-0.009915872618619367
0.46999999999999975,2.1400000000000197,-0.017950044203774218,-0.010032326091306148
0.46999999999999975,2.1200000000000196,-0.018326726444731524,-0.01015046624183362
0.46999999999999975,2.1000000000000196,-0.018709640702621728,-0.010270328775158793
0.46999999999999975,2.0800000000000196,-0.01909894129559481,-0.010391950366724276
0.46999999999999975,2.0600000000000196,-0.01949478761741382,-0.010515368693084899
0.46999999999999975,2.0400000000000196,-0.019897344345406107,-0.010640622464176554
0.46999999999999975,2.0200000000000196,-0.02030678165767435,-0.010767751456708267
0.46999999999999975,2.0000000000000195,-0.02072327546160905,-0.01089679654821981
0.46999999999999975,1.9800000000000195,-0.02114700763357142,-0.011027799752949992
0.46999999999999975,1.9600000000000195,-0.021578166270023767,-0.011160804258341775
0.46999999999999975,1.9400000000000195,-0.022016945951622496,-0.011295854463200965
0.46999999999999975,1.9200000000000195,-0.022463548021112754,-0.011432996016774874
0.45999999999999974,5,0.006212053945582078,-0.0008225647102913652
0.45999999999999974,4.98,0.006131327029878714,-0.0008511466788645311
0.45999999999999974,4.960000000000001,0.006049983926755597,-0.0008799367349764872
0.45999999999999974,4.940000000000001,0.005968017565825072,-0.0009089371481930397
0.45999999999999974,4.920000000000002,0.005885420768419325,-0.0009381502206559506
0.45999999999999974,4.900000000000002,0.005802186245577875,-0.0009675782884244165
0.45999999999999974,4.880000000000003,0.005718306595474194,-0.0009972237214558627
0.45999999999999974,4.860000000000003,0.0056337743016136865,-0.0010270889246099951
0.45999999999999974,4.840000000000003,0.00554858173052942,-0.0010571763380814447
0.45999999999999974,4.820000000000004,0.005462721129366751,-0.0010874884380302346
0.45999999999999974,4.800000000000004,0.00537618462373021,-0.0011180277375884284
0.45999999999999974,4.780000000000005,0.005288964215259467,-0.0011487967870382823
0.45999999999999974,4.760000000000005,0.005201051778994453,-0.0011797981748876904
0.45999999999999974,4.7400000000000055,0.005112439061060712,-0.0012110345283471123
0.45999999999999974,4.720000000000006,0.0050231176761820415,-0.0012425085141885492
0.45999999999999974,4.700000000000006,0.004933079104724572,-0.0012742228395198896
0.45999999999999974,4.680000000000007,0.004842314690464346,-0.0013061802523852625
0.45999999999999974,4.660000000000007,0.004750815637252299,-0.0013383835425836155
0.45999999999999974,4.640000000000008,0.004658573006862568,-0.0013708355426054336
0.45999999999999974,4.620000000000008,0.004565577715547107,-0.0014035391282663512
0.45999999999999974,4.6000000000000085,0.004471820531463589,-0.0014364972196760362
0.45999999999999974,4.580000000000009,0.004377292071338229,-0.0014697127819400246
0.45999999999999974,4.560000000000009,0.004281982797616226,-0.0015031888261712312
0.45999999999999974,4.54000000000001,0.004185883015040525,-0.00153692841018669
0.45999999999999974,4.52000000000001,0.004088982867723957,-0.001570934639701413
0.45999999999999974,4.500000000000011,0.0039912723353472705,-0.0016052106690025714
0.45999999999999974,4.480000000000011,0.0038927412302636032,-0.0016397597020285787
0.45999999999999974,4.4600000000000115,0.0037933791935342714,-0.0016745849932157386
0.45999999999999974,4.440000000000012,0.003693175691528886,-0.0017096898486275575
0.45999999999999974,4.420000000000012,0.003592120012293885,-0.0017450776269579624
0.45999999999999974,4.400000000000013,0.003490201261647424,-0.0017807517404953427
0.45999999999999974,4.380000000000013,0.003387408359306868,-0.0018167156562187287
0.45999999999999974,4.360000000000014,0.0032837300350903502,-0.001852972896953721
0.45999999999999974,4.340000000000014,0.0031791548244780557,-0.0018895270424265226
0.45999999999999974,4.3200000000000145,0.0030736710648188357,-0.0019263817303181857
0.45999999999999974,4.300000000000015,0.002967266890866493,-0.001963540657658948
0.45999999999999974,4.280000000000015,0.002859930230086364,-0.002001007581873472
0.45999999999999974,4.260000000000016,0.0027516487988376243,-0.002038786322021119
0.45999999999999974,4.240000000000016,0.0026424100968832787,-0.0020768807600896333
0.45999999999999974,4.220000000000017,0.0025322014034035354,-0.0021152948422595
0.45999999999999974,4.200000000000017,0.0024210097714333786,-0.0021540325802858196
0.45999999999999974,4.1800000000000175,0.0023088220233772605,-0.0021930980527396088
0.45999999999999974,4.160000000000018,0.0021956247456345153,-0.0022324954065129493
0.45999999999999974,4.140000000000018,0.002081404283014593,-0.002272228858159031
0.45999999999999974,4.120000000000019,0.0019661467340390463,-0.0023123026953406484
0.45999999999999974,4.100000000000019,0.0018498379446097069,-0.002352721278414717
0.45999999999999974,4.08000000000002,0.001732463502606543,-0.0023934890418572663
0.45999999999999974,4.06000000000002,0.0016140087320088603,-0.0024346104959331594
0.45999999999999974,4.0400000000000205,0.0014944586868748933,-0.0024760902282091185
0.45999999999999974,4.020000000000021,0.0013737981450018977,-0.0025179329053177935
0.45999999999999974,4.000000000000021,0.0012520116015201808,-0.0025601432743781877
0.45999999999999974,3.9800000000000213,0.0011290832624474853,-0.002602726165154265
0.45999999999999974,3.9600000000000213,0.0010049970378396143,-0.002645686491529589
0.45999999999999974,3.9400000000000213,0.0008797365349958206,-0.0026890292533150173
0.45999999999999974,3.9200000000000212,0.0007532850510712195,-0.0027327595382665854
0.45999999999999974,3.9000000000000212,0.0006256255660191615,-0.002776882524009275
0.45999999999999974,3.880000000000021,0.0004967407346512459,-0.0028214034798296136
0.45999999999999974,3.860000000000021,0.0003666128794385217,-0.0028663277689562963
0.45999999999999974,3.840000000000021,0.00023522398200619512,-0.0029116608503514663
0.45999999999999974,3.820000000000021,0.00010255567522458875,-0.0029574082809253194
0.45999999999999974,3.800000000000021,-0.0000314107655046956,-0.003003575717991369
0.45999999999999974,3.780000000000021,-0.00016669443061207882,-0.0030501689211396565
0.45999999999999974,3.760000000000021,-0.0003033147856152782,-0.0030971937546156875
0.45999999999999974,3.740000000000021,-0.00044129168011614603,-0.0031446561899167724
0.45999999999999974,3.720000000000021,-0.0005806453576466616,-0.003192562307880245
0.45999999999999974,3.700000000000021,-0.0007213964649199181,-0.003240918301537672
0.45999999999999974,3.680000000000021,-0.0008635660622212768,-0.0032897304782972536
0.45999999999999974,3.660000000000021,-0.0010071756339725183,-0.003339005262845633
0.45999999999999974,3.640000000000021,-0.0011522470989886987,-0.0033887491997369873
0.45999999999999974,3.620000000000021,-0.001298802821613894,-0.003438968956192584
0.45999999999999974,3.600000000000021,-0.001446865623059586,-0.0034896713250140918
0.45999999999999974,3.580000000000021,-0.0015964587933679007,-0.003540863227278243
0.45999999999999974,3.560000000000021,-0.0017476061030487035,-0.0035925517156791126
0.45999999999999974,3.540000000000021,-0.0019003318156724778,-0.0036447439773169207
0.45999999999999974,3.520000000000021,-0.002054660700734328,-0.0036974473371568853
0.45999999999999974,3.500000000000021,-0.002210618046799828,-0.003750669261011634
0.45999999999999974,3.480000000000021,-0.002368229674830827,-0.003804417359134768
0.45999999999999974,3.460000000000021,-0.002527521952906242,-0.0038586993895464855
0.45999999999999974,3.440000000000021,-0.0026885218099684943,-0.003913523261712008
0.45999999999999974,3.420000000000021,-0.0028512567512185083,-0.003968897039853876
0.45999999999999974,3.400000000000021,-0.003015754873482838,-0.004024828947303535
0.45999999999999974,3.3800000000000208,-0.003182044880908891,-0.0040813273697688016
0.45999999999999974,3.3600000000000207,-0.003350156101578387,-0.004138400859745817
0.45999999999999974,3.3400000000000207,-0.0035201185047721165,-0.004196058140278305
0.45999999999999974,3.3200000000000207,-0.0036919627176432756,-0.0042543081094679885
0.45999999999999974,3.3000000000000207,-0.0038657200441570005,-0.004313159844570466
0.45999999999999974,3.2800000000000207,-0.004041422483602857,-0.004372622606584081
0.45999999999999974,3.2600000000000207,-0.004219102749378655,-0.004432705844923522
0.45999999999999974,3.2400000000000206,-0.00439879428972581,-0.004493419201867174
0.45999999999999974,3.2200000000000206,-0.00458053130771115,-0.004554772517701651
0.45999999999999974,3.2000000000000206,-0.004764348783106328,-0.0046167758355639965
0.45999999999999974,3.1800000000000206,-0.004950282493792047,-0.00467943940670372
0.45999999999999974,3.1600000000000206,-0.005138369039226786,-0.004742773695818457
0.45999999999999974,3.1400000000000206,-0.005328645863543388,-0.004806789386416044
0.45999999999999974,3.1200000000000205,-0.005521151280124479,-0.004871497386527673
0.45999999999999974,3.1000000000000205,-0.005715924496873438,-0.004936908834565851
0.45999999999999974,3.0800000000000205,-0.005913005642129031,-0.005003035105231049
0.45999999999999974,3.0600000000000205,-0.006112435792102456,-0.005069887815727071
0.45999999999999974,3.0400000000000205,-0.006314256998341887,-0.005137478832126986
0.45999999999999974,3.0200000000000204,-0.006518512317124517,-0.0052058202759542455
0.45999999999999974,3.0000000000000204,-0.006725245839229956,-0.005274924530926789
0.45999999999999974,2.9800000000000204,-0.006934502721041592,-0.005344804249873984
0.45999999999999974,2.9600000000000204,-0.0071463292169754965,-0.005415472362002342
0.45999999999999974,2.9400000000000204,-0.007360772712497055,-0.005486942080399036
0.45999999999999974,2.9200000000000204,-0.007577881758908844,-0.00555922690947569
0.45999999999999974,2.9000000000000203,-0.00779770610922486,-0.005632340652958156
0.45999999999999974,2.8800000000000203,-0.00802029675529586,-0.005706297422117394
0.45999999999999974,2.8600000000000203,-0.008245705966194235,-0.005781111644096282
0.45999999999999974,2.8400000000000203,-0.00847398732869027,-0.005856798070429853
0.45999999999999974,2.8200000000000203,-0.008705195788043435,-0.005933371786351643
0.45999999999999974,2.8000000000000203,-0.008939387691720774,-0.006010848219712962
0.45999999999999974,2.7800000000000202,-0.009176620833671864,-0.006089243150565166
0.45999999999999974,2.76000000000002,-0.009416954500981808,-0.0061685727211924606
0.45999999999999974,2.74000000000002,-0.009660449521798406,-0.006248853446078468
0.45999999999999974,2.72000000000002,-0.009907168315756217,-0.006330102222457661
0.45999999999999974,2.70000000000002,-0.010157174945468764,-0.0064123363411588835
0.45999999999999974,2.68000000000002,-0.010410535170875982,-0.0064955734979463
0.45999999999999974,2.66000000000002,-0.010667316505651215,-0.006579831804738128
0.45999999999999974,2.64000000000002,-0.010927588274988936,-0.006665129802016417
0.45999999999999974,2.62000000000002,-0.01119142167688036,-0.006751486470667124
0.45999999999999974,2.60000000000002,-0.011458889844751954,-0.006838921245163818
0.45999999999999974,2.58000000000002,-0.011730067913593791,-0.006927454026570218
0.45999999999999974,2.56000000000002,-0.012005033088234468,-0.007017105196083645
0.45999999999999974,2.54000000000002,-0.01228386471428882,-0.0071078956293677414
0.45999999999999974,2.52000000000002,-0.012566644352549413,-0.007199846710834817
0.45999999999999974,2.50000000000002,-0.012853455855895571,-0.007292980348778762
0.45999999999999974,2.48000000000002,-0.013144385449855597,-0.007387318991128856
0.45999999999999974,2.46000000000002,-0.013439521816322762,-0.007482885641396597
0.45999999999999974,2.44000000000002,-0.013738956180773424,-0.007579703875260295
0.45999999999999974,2.42000000000002,-0.014042782403166594,-0.007677797857669243
0.45999999999999974,2.40000000000002,-0.014351097073473578,-0.0077771923611156535
0.45999999999999974,2.38000000000002,-0.014663999609572233,-0.007877912783543077
0.45999999999999974,2.36000000000002,-0.014981592361573865,-0.007979985167731102
0.45999999999999974,2.34000000000002,-0.01530398071886744,-0.008083436220746934
0.45999999999999974,2.32000000000002,-0.015631273223036576,-0.008188293334474697
0.45999999999999974,2.30000000000002,-0.015963581685258698,-0.008294584606785886
0.45999999999999974,2.28000000000002,-0.01630102130890996,-0.00840233886308802
0.45999999999999974,2.2600000000000198,-0.01664371081793442,-0.008511585679340891
0.45999999999999974,2.2400000000000198,-0.016991772590714847,-0.008622355404872384
0.45999999999999974,2.2200000000000197,-0.01734533280032957,-0.00873467918713078
0.45999999999999974,2.2000000000000197,-0.017704521560850613,-0.008848588996221596
0.45999999999999974,2.1800000000000197,-0.018069473080926615,-0.008964117651124454
0.45999999999999974,2.1600000000000197,-0.01844032582381868,-0.009081298846399242
0.45999999999999974,2.1400000000000197,-0.018817222675378862,-0.009200167179911296
0.45999999999999974,2.1200000000000196,-0.01920031111978575,-0.009320758181355842
0.45999999999999974,2.1000000000000196,-0.01958974342378646,-0.009443108342389431
0.45999999999999974,2.0800000000000196,-0.01998567682927921,-0.009567255146785785
0.45999999999999974,2.0600000000000196,-0.020388273755594422,-0.009693237102859511
0.45999999999999974,2.0400000000000196,-0.020797702011515106,-0.009821093775855855
0.45999999999999974,2.0200000000000196,-0.02121413501711264,-0.009950865822065537
0.45999999999999974,2.0000000000000195,-0.02163775203739454,-0.01008259502427013
0.45999999999999974,1.9800000000000195,-0.0220687384266429,-0.010216324327989287
0.45999999999999974,1.9600000000000195,-0.02250728588520981,-0.01035209787907166
0.45999999999999974,1.9400000000000195,-0.02295359272933936,-0.010489961062688555
0.45999999999999974,1.9200000000000195,-0.023407864174634908,-0.010629960543670044
0.44999999999999973,5,0.0057324488897659304,0.00017396015794035602
0.44999999999999973,4.98,0.005650402656047238,0.0001447942417286685
0.44999999999999973,4.960000000000001,0.00556772991395783,0.00011541594636095553
0.44999999999999973,4.940000000000001,0.005484423471907711,0.00008582295529849238
0.44999999999999973,4.920000000000002,0.005400476027823064,0.00005601291812093456
0.44999999999999973,4.900000000000002,0.00531588016735579,0.000025983450472139014
0.44999999999999973,4.880000000000003,0.005230628361542002,-4.267867220061894e-6
0.44999999999999973,4.860000000000003,0.005144712964524709,-0.00003474348980522096
0.44999999999999973,4.840000000000003,0.005058126211583511,-0.0000654459083000436
0.44999999999999973,4.820000000000004,0.004970860216281768,-0.00009637765055278691
0.44999999999999973,4.800000000000004,0.0048829069688349205,-0.00012754128200816173
0.44999999999999973,4.780000000000005,0.004794258332720186,-0.0001589394059336724
0.44999999999999973,4.760000000000005,0.00470490604332756,-0.00019057466505341403
0.44999999999999973,4.7400000000000055,0.0046148417042247425,-0.00022244974124634165
0.44999999999999973,4.720000000000006,0.004524056785638895,-0.00025456735694710797
0.44999999999999973,4.700000000000006,0.004432542620806544,-0.0002869302755587194
0.44999999999999973,4.680000000000007,0.004340290404068015,-0.0003195413025137567
0.44999999999999973,4.660000000000007,0.004247291187393134,-0.00035240328586258474
0.44999999999999973,4.640000000000008,0.0041535358780974314,-0.0003855191171492911
0.44999999999999973,4.620000000000008,0.004059015235464307,-0.0004188917321886615
0.44999999999999973,4.6000000000000085,0.0039637198678323295,-0.0004525241120331841
0.44999999999999973,4.580000000000009,0.003867640229714849,-0.0004864192836898998
0.44999999999999973,4.560000000000009,0.003770766618473996,-0.000520580321130254
0.44999999999999973,4.54000000000001,0.003673089170914718,-0.000555010346052251
0.44999999999999973,4.52000000000001,0.003574597860303965,-0.0005897125289577379
0.44999999999999973,4.500000000000011,0.003475282492843095,-0.0006246900900270837
0.44999999999999973,4.480000000000011,0.0033751327040219027,-0.0006599463000797612
0.44999999999999973,4.4600000000000115,0.003274137955269013,-0.0006954844816424027
0.44999999999999973,4.440000000000012,0.0031722875301115785,-0.000731308009782064
0.44999999999999973,4.420000000000012,0.0030695705305575317,-0.0007674203134903912
0.44999999999999973,4.400000000000013,0.002965975873121753,-0.000803824876281084
0.44999999999999973,4.380000000000013,0.002861492284948198,-0.00084052523761588
0.44999999999999973,4.360000000000014,0.002756108299875603,-0.000877524994023049
0.44999999999999973,4.340000000000014,0.00264981225395339,-0.0009148278000185722
0.44999999999999973,4.3200000000000145,0.002542592281337075,-0.0009524373694615017
0.44999999999999973,4.300000000000015,0.0024344363102149187,-0.0009903574766954998
0.44999999999999973,4.280000000000015,0.0023253320577489413,-0.001028591957767111
0.44999999999999973,4.260000000000016,0.0022152670259673194,-0.0010671447116696042
0.44999999999999973,4.240000000000016,0.002104228496708569,-0.001106019701594227
0.44999999999999973,4.220000000000017,0.0019922035271345206,-0.0011452209563552196
0.44999999999999973,4.200000000000017,0.0018791789442316941,-0.0011847525717888774
0.44999999999999973,4.1800000000000175,0.0017651413401173332,-0.0012246187117184448
0.44999999999999973,4.160000000000018,0.0016500770665966841,-0.0012648236100286786
0.44999999999999973,4.140000000000018,0.001533972229979651,-0.0013053715715142244
0.44999999999999973,4.120000000000019,0.0014168126852118967,-0.0013462669737795974
0.44999999999999973,4.100000000000019,0.0012985840305075355,-0.001387514268526853
0.44999999999999973,4.08000000000002,0.0011792716012291094,-0.0014291179831900439
0.44999999999999973,4.06000000000002,0.001058860464208492,-0.0014710827225638268
0.44999999999999973,4.0400000000000205,0.0009373354112673378,-0.0015134131704132997
0.44999999999999973,4.020000000000021,0.0008146809530476483,-0.0015561140912851157
0.44999999999999973,4.000000000000021,0.0006908813125660494,-0.0015991903319168676
0.44999999999999973,3.9800000000000213,0.0005659204183034905,-0.0016426468232933478
0.44999999999999973,3.9600000000000213,0.00043978189747659,-0.0016864885824304648
0.44999999999999973,3.9400000000000213,0.00031244906908833327,-0.0017307207142398598
0.44999999999999973,3.9200000000000212,0.0001839049363060264,-0.001775348413181485
0.44999999999999973,3.9000000000000212,0.0000541321792836358,-0.0018203769655910085
0.44999999999999973,3.880000000000021,-0.00007688685265466559,-0.001865811751463664
0.44999999999999973,3.860000000000021,-0.0002091701488137821,-0.0019116582466810889
0.44999999999999973,3.840000000000021,-0.00034273604544584257,-0.001957922024881216
0.44999999999999973,3.820000000000021,-0.0004776032338784941,-0.0020046087598855206
0.44999999999999973,3.800000000000021,-0.0006137907695316525,-0.0020517242277559716
0.44999999999999973,3.780000000000021,-0.0007513180802160162,-0.002099274309251317
0.44999999999999973,3.760000000000021,-0.0008902049757852915,-0.002147264992024389
0.44999999999999973,3.740000000000021,-0.0010304716572048433,-0.002195702373038899
0.44999999999999973,3.720000000000021,-0.0011721387263540588,-0.0022445926612019787
0.44999999999999973,3.700000000000021,-0.0013152271960764057,-0.002293942179645847
0.44999999999999973,3.680000000000021,-0.0014597585000265723,-0.00234375736883899
0.44999999999999973,3.660000000000021,-0.0016057545038559939,-0.002394044788512545
0.44999999999999973,3.640000000000021,-0.0017532375156328512,-0.0024448111211118322
0.44999999999999973,3.620000000000021,-0.001902230297027195,-0.0024960631743705386
0.44999999999999973,3.600000000000021,-0.0020527560753070885,-0.0025478078840537287
0.44999999999999973,3.580000000000021,-0.002204838554805932,-0.0026000523171287315
0.44999999999999973,3.560000000000021,-0.002358501929407974,-0.002652803675008133
0.44999999999999973,3.540000000000021,-0.002513770895064927,-0.0027060692962949245
0.44999999999999973,3.520000000000021,-0.0026706706629594902,-0.002759856660333987
0.44999999999999973,3.500000000000021,-0.00282922697297388,-0.002814173390539257
0.44999999999999973,3.480000000000021,-0.0029894661072912103,-0.002869027257642459
0.44999999999999973,3.460000000000021,-0.0031514149051694437,-0.0029244261834945467
0.44999999999999973,3.440000000000021,-0.003315100777408384,-0.0029803782443625915
0.44999999999999973,3.420000000000021,-0.0034805517215027253,-0.003036891674852979
0.44999999999999973,3.400000000000021,-0.0036477963374657706,-0.00309397487192839
0.44999999999999973,3.3800000000000208,-0.003816863844288219,-0.003151636398530236
0.44999999999999973,3.3600000000000207,-0.003987784096207713,-0.003209884987750683
0.44999999999999973,3.3400000000000207,-0.004160587600482197,-0.0032687295470796712
0.44999999999999973,3.3200000000000207,-0.004335305534981074,-0.003328179162776515
0.44999999999999973,3.3000000000000207,-0.0045119697666013946,-0.0033882431040216238
0.44999999999999973,3.2800000000000207,-0.004690612870443511,-0.003448930827773561
0.44999999999999973,3.2600000000000207,-0.004871268149666878,-0.0035102519832987504
0.44999999999999973,3.2400000000000206,-0.005053969655361546,-0.003572216416963883
0.44999999999999973,3.2200000000000206,-0.005238752208031883,-0.0036348341773977805
0.44999999999999973,3.2000000000000206,-0.005425651419024902,-0.003698115520496828
0.44999999999999973,3.1800000000000206,-0.005614703713260612,-0.0037620709147046447
0.44999999999999973,3.1600000000000206,-0.00580594635232166,-0.0038267110463227508
0.44999999999999973,3.1400000000000206,-0.005999417458469604,-0.0038920468254126372
0.44999999999999973,3.1200000000000205,-0.006195156039603341,-0.003958089391259342
0.44999999999999973,3.1000000000000205,-0.006393202015040908,-0.004024850118463347
0.44999999999999973,3.0800000000000205,-0.006593596241861507,-0.004092340623077284
0.44999999999999973,3.0600000000000205,-0.00679638054285613,-0.004160572768887809
0.44999999999999973,3.0400000000000205,-0.0070015977347663485,-0.004229558673791378
0.44999999999999973,3.0200000000000204,-0.0072092916579326455,-0.004299310716715646
0.44999999999999973,3.0000000000000204,-0.0074195072068856055,-0.004369841544513781
0.44999999999999973,2.9800000000000204,-0.0076322903621627025,-0.004441164078747985
0.44999999999999973,2.9600000000000204,-0.007847688222822866,-0.004513291523596745
0.44999999999999973,2.9400000000000204,-0.00806574904083351,-0.004586237372952967
0.44999999999999973,2.9200000000000204,-0.008286522256140454,-0.0046600154185600096
0.44999999999999973,2.9000000000000203,-0.008510058533287347,-0.004734639757816822
0.44999999999999973,2.8800000000000203,-0.00873640979928032,-0.004810124802354029
0.44999999999999973,2.8600000000000203,-0.008965629283004043,-0.004886485286395275
0.44999999999999973,2.8400000000000203,-0.009197771555931763,-0.004963736275773081
0.44999999999999973,2.8200000000000203,-0.009432892574485083,-0.005041893177157253
0.44999999999999973,2.8000000000000203,-0.00967104972393909,-0.005120971747090149
0.44999999999999973,2.7800000000000202,-0.009912301864119195,-0.005200988102236209
0.44999999999999973,2.76000000000002,-0.010156709376334606,-0.005281958729084074
0.44999999999999973,2.74000000000002,-0.010404334213189231,-0.005363900494592844
0.44999999999999973,2.72000000000002,-0.010655239949046037,-0.005446830656546255
0.44999999999999973,2.70000000000002,-0.010909491833489236,-0.005530766875165252
0.44999999999999973,2.68000000000002,-0.011167156846165417,-0.00561572722404631
0.44999999999999973,2.66000000000002,-0.011428303754137514,-0.005701730202365016
0.44999999999999973,2.64000000000002,-0.011693003171626803,-0.005788794746744874
0.44999999999999973,2.62000000000002,-0.01196132762194377,-0.005876940244253656
0.44999999999999973,2.60000000000002,-0.012233351601426997,-0.005966186544993812
0.44999999999999973,2.58000000000002,-0.012509151647381644,-0.006056553976108256
0.44999999999999973,2.56000000000002,-0.0127888064072039,-0.006148063355179867
0.44999999999999973,2.54000000000002,-0.013072396710818689,-0.006240736005106273
0.44999999999999973,2.52000000000002,-0.01336000564714362,-0.006334593768581129
0.44999999999999973,2.50000000000002,-0.013651718641950885,-0.006429659023675066
0.44999999999999973,2.48000000000002,-0.013947623540564526,-0.006525954699881903
0.44999999999999973,2.46000000000002,-0.014247810692925474,-0.006623504294187892
0.44999999999999973,2.44000000000002,-0.01455237304290502,-0.006722331888481536
0.44999999999999973,2.42000000000002,-0.014861406221023462,-0.006822462166935606
0.44999999999999973,2.40000000000002,-0.015175008641527783,-0.006923920434259559
0.44999999999999973,2.38000000000002,-0.015493281603375299,-0.007026732634370589
0.44999999999999973,2.36000000000002,-0.01581632939534487,-0.007130925370270234
0.44999999999999973,2.34000000000002,-0.01614425940661604,-0.007236525923801338
0.44999999999999973,2.32000000000002,-0.016477182241272793,-0.007343562276617893
0.44999999999999973,2.30000000000002,-0.016815211838337007,-0.00745206313178963
0.44999999999999973,2.28000000000002,-0.017158465597048526,-0.007562057936028196
0.44999999999999973,2.2600000000000198,-0.017507064507863056,-0.007673576902895536
0.44999999999999973,2.2400000000000198,-0.01786113328932883,-0.007786651036676251
0.44999999999999973,2.2200000000000197,-0.018220800531042868,-0.007901312156987889
0.44999999999999973,2.2000000000000197,-0.018586198843143133,-0.008017592924553077
0.44999999999999973,2.1800000000000197,-0.018957465013309464,-0.008135526867376987
0.44999999999999973,2.1600000000000197,-0.019334740170105134,-0.00825514840865342
0.44999999999999973,2.1400000000000197,-0.019718169954620515,-0.008376492894528957
0.44999999999999973,2.1200000000000196,-0.02010790469981326,-0.008499596623962671
0.44999999999999973,2.1000000000000196,-0.020504099618955614,-0.008624496878705895
0.44999999999999973,2.0800000000000196,-0.02090691500200568,-0.008751231955052296
0.44999999999999973,2.0600000000000196,-0.021316516422908143,-0.008879841196121466
0.44999999999999973,2.0400000000000196,-0.021733074955472876,-0.009010365025554749
0.44999999999999973,2.0200000000000196,-0.02215676740055515,-0.009142844982442245
0.44999999999999973,2.0000000000000195,-0.022587776524563487,-0.009277323757146627
0.44999999999999973,1.9800000000000195,-0.023026291308999778,-0.0094138452286094
0.44999999999999973,1.9600000000000195,-0.023472507213635765,-0.009552454502989687
0.44999999999999973,1.9400000000000195,-0.023926626451110218,-0.00969319795336537
0.44999999999999973,1.9200000000000195,-0.024388858277662358,-0.00983612326076895
0.4399999999999997,5,0.005232711390967607,0.0011653252161665517
0.4399999999999997,4.98,0.005149299168029357,0.0011355541497548999
0.4399999999999997,4.960000000000001,0.005065249739247985,0.0011055662713730235
0.4399999999999997,4.940000000000001,0.004980555786993992,0.0010753592155600955
0.4399999999999997,4.920000000000002,0.004895209881229091,0.0010449305828326427
0.4399999999999997,4.900000000000002,0.004809204477683283,0.0010142779385123452
0.4399999999999997,4.880000000000003,0.004722531915222738,0.0009833988124777343
0.4399999999999997,4.860000000000003,0.004635184413955842,0.0009522906981663526
0.4399999999999997,4.840000000000003,0.00454715407266622,0.0009209510523464914
0.4399999999999997,4.820000000000004,0.004458432866633083,0.0008893772940472278
0.4399999999999997,4.800000000000004,0.004369012645144015,0.0008575668039701723
0.4399999999999997,4.780000000000005,0.00427888512895445,0.0008255169239996876
0.4399999999999997,4.760000000000005,0.0041880419077698315,0.0007932249562076638
0.4399999999999997,4.7400000000000055,0.004096474437707688,0.0007606881621695649
0.4399999999999997,4.720000000000006,0.00400417403874231,0.0007279037623802581
0.4399999999999997,4.700000000000006,0.0039111318916468865,0.0006948689352774262
0.4399999999999997,4.680000000000007,0.0038173390354816874,0.0006615808164862486
0.4399999999999997,4.660000000000007,0.0037227863647130714,0.0006280364981877395
0.4399999999999997,4.640000000000008,0.003627464626286592,0.0005942330280124808
0.4399999999999997,4.620000000000008,0.003531364416406007,0.0005601674084429742
0.4399999999999997,4.6000000000000085,0.003434476177805491,0.0005258365958099864
0.4399999999999997,4.580000000000009,0.00333679019647944,0.0004912374994609781
0.4399999999999997,4.560000000000009,0.003238296598231186,0.0004563669809265064
0.4399999999999997,4.54000000000001,0.003138985345855232,0.0004212218526128825
0.4399999999999997,4.52000000000001,0.0030388462351826923,0.00038579887755576733
0.4399999999999997,4.500000000000011,0.002937868892225,0.0003500947678310648
0.4399999999999997,4.480000000000011,0.0028360427689471026,0.0003141061837382414
0.4399999999999997,4.4600000000000115,0.002733357140228472,0.00027782973313013673
0.4399999999999997,4.440000000000012,0.0026298010998332027,0.000241261969590012
0.4399999999999997,4.420000000000012,0.0025253635566237775,0.00020439939238116323
0.4399999999999997,4.400000000000013,0.0024200332306306077,0.0001672384444659364
0.4399999999999997,4.380000000000013,0.0023137986490467275,0.00012977551190894443
0.4399999999999997,4.360000000000014,0.0022066481421457,0.00009200692265562416
0.4399999999999997,4.340000000000014,0.002098569838748675,0.00005392894525711733
0.4399999999999997,4.3200000000000145,0.0019895516624616376,0.000015537787572572626
0.4399999999999997,4.300000000000015,0.0018795813267741303,-0.000023170404004874134
0.4399999999999997,4.280000000000015,0.0017686463304470758,-0.0000621995463037095
0.4399999999999997,4.260000000000016,0.0016567339530713366,-0.00010155362040022153
0.4399999999999997,4.240000000000016,0.001543831250126992,-0.00014123667293272635
0.4399999999999997,4.220000000000017,0.00142992504814003,-0.00018125281757476464
0.4399999999999997,4.200000000000017,0.0013150019394319115,-0.0002216062362905627
0.4399999999999997,4.1800000000000175,0.0011990482768945944,-0.0002623011806227177
0.4399999999999997,4.160000000000018,0.0010820501690858646,-0.0003033419736225007
0.4399999999999997,4.140000000000018,0.0009639934739525595,-0.00034473301077923846
0.4399999999999997,4.120000000000019,0.0008448637942126188,-0.00038647876188228816
0.4399999999999997,4.100000000000019,0.0007246464702313996,-0.0004285837723782826
0.4399999999999997,4.08000000000002,0.0006033265754839573,-0.0004710526650745367
0.4399999999999997,4.06000000000002,0.0004808889094909197,-0.0005138901418135222
0.4399999999999997,4.0400000000000205,0.00035731799187543704,-0.0005571009850242059
0.4399999999999997,4.020000000000021,0.0002325980558020626,-0.0006006900596643612
0.4399999999999997,4.000000000000021,0.00010671304146007195,-0.0006446623145695135
0.4399999999999997,3.9800000000000213,-0.000020353410810427735,-0.0006890227847638833
0.4399999999999997,3.9600000000000213,-0.0001486179676072776,-0.0007337765929937012
0.4399999999999997,3.9400000000000213,-0.00027809760951260054,-0.0007789289516799136
0.4399999999999997,3.9200000000000212,-0.0004088096386761521,-0.0008244851648615409
0.4399999999999997,3.9000000000000212,-0.0005407716863567646,-0.0008704506303707366
0.4399999999999997,3.880000000000021,-0.0006740017207167654,-0.0009168308415835602
0.4399999999999997,3.860000000000021,-0.0008085180547310468,-0.0009636313898805371
0.4399999999999997,3.840000000000021,-0.0009443393551572353,-0.0010108579665181194
0.4399999999999997,3.820000000000021,-0.001081484650108328,-0.0010585163649360907
0.4399999999999997,3.800000000000021,-0.0012199733386275189,-0.0011066124830962365
0.4399999999999997,3.780000000000021,-0.0013598251991760435,-0.0011551523257624097
0.4399999999999997,3.760000000000021,-0.0015010603993089262,-0.0012041420069476977
0.4399999999999997,3.740000000000021,-0.001643699505055587,-0.0012535877523160988
0.4399999999999997,3.720000000000021,-0.0017877634908483543,-0.0013034959017560743
0.4399999999999997,3.700000000000021,-0.0019332737497198332,-0.0013538729120416426
0.4399999999999997,3.680000000000021,-0.0020802521035352215,-0.001404725359242076
0.4399999999999997,3.660000000000021,-0.0022287208141156247,-0.0014560599419210785
0.4399999999999997,3.640000000000021,-0.002378702593947954,-0.0015078834834589133
0.4399999999999997,3.620000000000021,-0.0025302206178967656,-0.0015602029353002506
0.4399999999999997,3.600000000000021,-0.00268329853491609,-0.0016130253797412772
0.4399999999999997,3.580000000000021,-0.002837960480148903,-0.0016663580330352548
0.4399999999999997,3.560000000000021,-0.0029942310873937285,-0.001720208248696592
0.4399999999999997,3.540000000000021,-0.0031521355020159483,-0.0017745835203153149
0.4399999999999997,3.520000000000021,-0.0033116993944978363,-0.0018294914852913235
0.4399999999999997,3.500000000000021,-0.0034729489737355054,-0.0018849399281055529
0.4399999999999997,3.480000000000021,-0.0036359110013923102,-0.001940936783783983
0.4399999999999997,3.460000000000021,-0.003800612806659274,-0.0019974901415016483
0.4399999999999997,3.440000000000021,-0.0039670823009515235,-0.0020546082482420305
0.4399999999999997,3.420000000000021,-0.004135347993737239,-0.0021122995128128874
0.4399999999999997,3.400000000000021,-0.004305439008431444,-0.0021705725095806094
0.4399999999999997,3.3800000000000208,-0.0044773850989224704,-0.002229435982541883
0.4399999999999997,3.3600000000000207,-0.004651216666797755,-0.002288898849488713
0.4399999999999997,3.3400000000000207,-0.004826964778611068,-0.002348970206458134
0.4399999999999997,3.3200000000000207,-0.005004661184799912,-0.002409659331656218
0.4399999999999997,3.3000000000000207,-0.00518433833767773,-0.0024709756904977495
0.4399999999999997,3.2800000000000207,-0.005366029411432734,-0.002532928939975254
0.4399999999999997,3.2600000000000207,-0.005549768321953225,-0.002595528933558758
0.4399999999999997,3.2400000000000206,-0.005735589747703489,-0.002658785726048749
0.4399999999999997,3.2200000000000206,-0.00592352915117903,-0.0027227095786734323
0.4399999999999997,3.2000000000000206,-0.006113622800760461,-0.0027873109643763924
0.4399999999999997,3.1800000000000206,-0.006305907794287256,-0.0028526005732711357
0.4399999999999997,3.1600000000000206,-0.0065004220820782345,-0.0029185893179835
0.4399999999999997,3.1400000000000206,-0.006697204491707345,-0.002985288339502512
0.4399999999999997,3.1200000000000205,-0.0068962947537520615,-0.0030527090130200336
0.4399999999999997,3.1000000000000205,-0.0070977335272143045,-0.0031208629541510657
0.4399999999999997,3.0800000000000205,-0.0073015624276834565,-0.003189762024991369
0.4399999999999997,3.0600000000000205,-0.0075078240544841895,-0.0032594183405692256
0.4399999999999997,3.0400000000000205,-0.007716562020471389,-0.0033298442756581614
0.4399999999999997,3.0200000000000204,-0.007927820981999591,-0.0034010524715025452
0.4399999999999997,3.0000000000000204,-0.008141646669689095,-0.0034730558429182795
0.4399999999999997,2.9800000000000204,-0.008358085921662508,-0.0035458675854947164
0.4399999999999997,2.9600000000000204,-0.008577186716048546,-0.0036195011831800794
0.4399999999999997,2.9400000000000204,-0.008798998206606057,-0.003693970416079398
0.4399999999999997,2.9200000000000204,-0.009023570757881419,-0.0037692893683520766
0.4399999999999997,2.9000000000000203,-0.009250955983235717,-0.0038454724363795826
0.4399999999999997,2.8800000000000203,-0.009481206783102138,-0.003922534337472278
0.4399999999999997,2.8600000000000203,-0.009714377385241632,-0.00400049011845395
0.4399999999999997,2.8400000000000203,-0.009950523386332446,-0.0040793551647705095
0.4399999999999997,2.8200000000000203,-0.010189701795051239,-0.004159145209943038
0.4399999999999997,2.8000000000000203,-0.010431971077304742,-0.004239876345052185
0.4399999999999997,2.7800000000000202,-0.010677391202336977,-0.004321565028743438
0.4399999999999997,2.76000000000002,-0.010926023691045266,-0.00440422809746796
0.4399999999999997,2.74000000000002,-0.011177931666586007,-0.004487882776217769
0.4399999999999997,2.72000000000002,-0.01143317990580479,-0.004572546689429302
0.4399999999999997,2.70000000000002,-0.011691834894200299,-0.004658237872127269
0.4399999999999997,2.68000000000002,-0.011953964881274745,-0.004744974781992983
0.4399999999999997,2.66000000000002,-0.012219639940025881,-0.0048327763109441285
0.4399999999999997,2.64000000000002,-0.012488932026680657,-0.004921661798118366
0.4399999999999997,2.62000000000002,-0.012761915045026755,-0.005011651042311015
0.4399999999999997,2.60000000000002,-0.013038664911264352,-0.005102764315667769
0.4399999999999997,2.58000000000002,-0.013319259623095311,-0.005195022377192297
0.4399999999999997,2.56000000000002,-0.013603779330494663,-0.005288446487177703
0.4399999999999997,2.54000000000002,-0.01389230641040488,-0.005383058421581516
0.4399999999999997,2.52000000000002,-0.014184925543172999,-0.0054788804876961805
0.4399999999999997,2.50000000000002,-0.014481723793796964,-0.0055759355395242904
0.4399999999999997,2.48000000000002,-0.01478279069531763,-0.005674246993960894
0.4399999999999997,2.46000000000002,-0.01508821833568477,-0.005773838848183235
0.4399999999999997,2.44000000000002,-0.01539810144964517,-0.005874735696094854
0.4399999999999997,2.42000000000002,-0.01571253751286425,-0.005976962747173367
0.4399999999999997,2.40000000000002,-0.016031626841256627,-0.006080545844651827
0.4399999999999997,2.38000000000002,-0.01635547269394247,-0.006185511484678996
0.4399999999999997,2.36000000000002,-0.0166841813811911,-0.006291886836427951
0.4399999999999997,2.34000000000002,-0.017017862376545623,-0.006399699762449723
0.4399999999999997,2.32000000000002,-0.01735662843423981,-0.006508978840332823
0.4399999999999997,2.30000000000002,-0.017700595711964112,-0.006619753384281932
0.4399999999999997,2.28000000000002,-0.01804988389868918,-0.006732053468141812
0.4399999999999997,2.2600000000000198,-0.018404616348193112,-0.006845909949127184
0.4399999999999997,2.2400000000000198,-0.018764920219301505,-0.006961354491889643
0.4399999999999997,2.2200000000000197,-0.019130926622038462,-0.007078419594130275
0.4399999999999997,2.2000000000000197,-0.019502770770057645,-0.00719713861230694
0.4399999999999997,2.1800000000000197,-0.019880592141162386,-0.007317545789241389
0.4399999999999997,2.1600000000000197,-0.020264534644077733,-0.0074396762816220235
0.4399999999999997,2.1400000000000197,-0.02065474679447083,-0.0075635661891368874
0.4399999999999997,2.1200000000000196,-0.021051381897598725,-0.0076892525845695114
0.4399999999999997,2.1000000000000196,-0.021454598240933362,-0.00781677354469451
0.4399999999999997,2.0800000000000196,-0.021864559295775857,-0.007946168182329454
0.4399999999999997,2.0600000000000196,-0.022281433927559883,-0.00807747667978631
0.4399999999999997,2.0400000000000196,-0.02270539661806282,-0.008210740322911296
0.4399999999999997,2.0200000000000196,-0.02313662769706653,-0.008346001536951829
0.4399999999999997,2.0000000000000195,-0.023575313585748867,-0.008483303923014912
0.4399999999999997,1.9800000000000195,-0.024021647052927628,-0.008622692296291208
0.4399999999999997,1.9600000000000195,-0.024475827482654457,-0.008764212725523239
0.4399999999999997,1.9400000000000195,-0.024938061156785686,-0.008907912573383785
0.4399999999999997,1.9200000000000195,-0.02540856155077091,-0.009053840538680823
0.4299999999999997,5,0.0047117208772034565,0.0021497771817544087
0.4299999999999997,4.98,0.004626893489527722,0.0021193772302925025
0.4299999999999997,4.960000000000001,0.004541417800898739,0.0020887558748144824
0.4299999999999997,4.940000000000001,0.004455286362714752,0.0020579106999672747
0.4299999999999997,4.920000000000002,0.004368491612228474,0.0020268392551105185
0.4299999999999997,4.900000000000002,0.00428102586991254,0.0019955390540866147
0.4299999999999997,4.880000000000003,0.004192881337784933,0.0019640075741166746
0.4299999999999997,4.860000000000003,0.004104050096391134,0.0019322422557346286
0.4299999999999997,4.840000000000003,0.004014524103068446,0.0019002405016250862
0.4299999999999997,4.820000000000004,0.003924295189315732,0.00186799967592121
0.4299999999999997,4.800000000000004,0.0038333550581657323,0.001835517104029162
0.4299999999999997,4.780000000000005,0.0037416952819142634,0.0018027900711660022
0.4299999999999997,4.760000000000005,0.0036493072992617058,0.0017698158222741248
0.4299999999999997,4.7400000000000055,0.0035561824130818757,0.0017365915608268945
0.4299999999999997,4.720000000000006,0.003462311787242713,0.001703114448309874
0.4299999999999997,4.700000000000006,0.003367686444061766,0.0016693816032748166
0.4299999999999997,4.680000000000007,0.003272297261626476,0.0016353901005767592
0.4299999999999997,4.660000000000007,0.0031761349706453178,0.0016011369706274425
0.4299999999999997,4.640000000000008,0.003079190151281408,0.0015666191985106576
0.4299999999999997,4.620000000000008,0.0029814532307174783,0.00153183372301742
0.4299999999999997,4.6000000000000085,0.002882914479423975,0.001496777435962951
0.4299999999999997,4.580000000000009,0.002783564008337575,0.0014614471810249774
0.4299999999999997,4.560000000000009,0.002683391765331733,0.001425839753058114
0.4299999999999997,4.54000000000001,0.0025823875319674313,0.001389951897056374
0.4299999999999997,4.52000000000001,0.0024805409201688186,0.0013537803071644837
0.4299999999999997,4.500000000000011,0.0023778413684176786,0.0013173216257390333
0.4299999999999997,4.480000000000011,0.002274278138235571,0.00128057244227138
0.4299999999999997,4.4600000000000115,0.0021698403108003543,0.001243529292363571
0.4299999999999997,4.440000000000012,0.0020645167825396656,0.0012061886567985014
0.4299999999999997,4.420000000000012,0.0019582962616839106,0.0011685469602770865
0.4299999999999997,4.400000000000013,0.001851167264076694,0.0011306005704143224
0.4299999999999997,4.380000000000013,0.0017431181091171527,0.0010923457965547265
0.4299999999999997,4.360000000000014,0.001634136915612915,0.0010537788886844993
0.4299999999999997,4.340000000000014,0.0015242115974419747,0.0010148960360862047
0.4299999999999997,4.3200000000000145,0.001413329858913669,0.0009756933662753708
0.4299999999999997,4.300000000000015,0.0013014791905759803,0.000936166943748419
0.4299999999999997,4.280000000000015,0.0011886468642915444,0.0008963127685249414
0.4299999999999997,4.260000000000016,0.0010748199285335513,0.0008561267751299867
0.4299999999999997,4.240000000000016,0.0009599852035185111,0.0008156048309307731
0.4299999999999997,4.220000000000017,0.0008441292761121815,0.0007747427350441455
0.4299999999999997,4.200000000000017,0.0007272384946580841,0.0007335362167705667
0.4299999999999997,4.1800000000000175,0.0006092989637576296,0.0006919809340978841
0.4299999999999997,4.160000000000018,0.0004902965386140374,0.000650072472420174
0.4299999999999997,4.140000000000018,0.00037021681976775827,0.0006078063429596631
0.4299999999999997,4.120000000000019,0.0002490451468971488,0.0005651779809534956
0.4299999999999997,4.100000000000019,0.0001267665931886956,0.0005221827446303916
0.4299999999999997,4.08000000000002,3.3659595736218207e-6,0.0004788159128018589
0.4299999999999997,4.06000000000002,-0.00012117223231302484,0.0004350726840474349
0.4299999999999997,4.0400000000000205,-0.00024686374574443967,0.0003909481743247095
0.4299999999999997,4.020000000000021,-0.0003737246360245171,0.00034643741554370167
0.4299999999999997,4.000000000000021,-0.0005017712567692146,0.0003015353536381729
0.4299999999999997,3.9800000000000213,-0.0006310202674701468,0.0002562368468949222
0.4299999999999997,3.9600000000000213,-0.0007614886400128095,0.0002105366637068177
0.4299999999999997,3.9400000000000213,-0.0008931936663786628,0.00016442948116559414
0.4299999999999997,3.9200000000000212,-0.0010261529662218647,0.00011790988247635525
0.4299999999999997,3.9000000000000212,-0.0011603844943286565,0.00007097235532826408
0.4299999999999997,3.880000000000021,-0.0012959065492172076,0.000023611289742056507
0.4299999999999997,3.860000000000021,-0.00143273778049487,-0.000024179024377248524
0.4299999999999997,3.840000000000021,-0.0015708971982616752,-0.0000724043989499823
0.4299999999999997,3.820000000000021,-0.0017104041809107061,-0.00012107075042976784
0.4299999999999997,3.800000000000021,-0.0018512784847416162,-0.000170184102088293
0.4299999999999997,3.780000000000021,-0.0019935402529065887,-0.0002197505860266763
0.4299999999999997,3.760000000000021,-0.0021372100250227474,-0.00026977644601543227
0.4299999999999997,3.740000000000021,-0.002282308746558763,-0.00032026803989566865
0.4299999999999997,3.720000000000021,-0.002428857779506654,-0.00037123184203030624
0.4299999999999997,3.700000000000021,-0.002576878912266877,-0.00042267444627623607
0.4299999999999997,3.680000000000021,-0.0027263943704092294,-0.0004746025683160168
0.4299999999999997,3.660000000000021,-0.002877426827698368,-0.0005270230487039312
0.4299999999999997,3.640000000000021,-0.0030299994174871102,-0.0005799428558159424
0.4299999999999997,3.620000000000021,-0.0031841357442709355,-0.0006333690884904597
0.4299999999999997,3.600000000000021,-0.0033398598954878555,-0.0006873089794675741
0.4299999999999997,3.580000000000021,-0.003497196454671868,-0.0007417698979745348
0.4299999999999997,3.560000000000021,-0.0036561705130001712,-0.0007967593535408539
0.4299999999999997,3.540000000000021,-0.0038168076835975572,-0.0008522849990117154
0.4299999999999997,3.520000000000021,-0.003979134114445744,-0.0009083546336970914
0.4299999999999997,3.500000000000021,-0.0041431765025311046,-0.0009649762071815143
0.4299999999999997,3.480000000000021,-0.004308962108415259,-0.0010221578229794581
0.4299999999999997,3.460000000000021,-0.004476518770841107,-0.0010799077417727732
0.4299999999999997,3.440000000000021,-0.0046458749222882114,-0.0011382343857000918
0.4299999999999997,3.420000000000021,-0.004817059604884631,-0.0011971463417985578
0.4299999999999997,3.400000000000021,-0.004990102486492835,-0.0012566523664965246
0.4299999999999997,3.3800000000000208,-0.005165033877730223,-0.0013167613892697133
0.4299999999999997,3.3600000000000207,-0.005341884749564589,-0.0013774825171559632
0.4299999999999997,3.3400000000000207,-0.005520686751080878,-0.0014388250388276819
0.4299999999999997,3.3200000000000207,-0.005701472227983952,-0.0015007984297088772
0.4299999999999997,3.3000000000000207,-0.005884274242180039,-0.0015634123558431468
0.4299999999999997,3.2800000000000207,-0.0060691265912220654,-0.001626676679007913
0.4299999999999997,3.2600000000000207,-0.006256063828984741,-0.0016906014616825255
0.4299999999999997,3.2400000000000206,-0.006445121286686692,-0.0017551969720305122
0.4299999999999997,3.2200000000000206,-0.0066363350950417975,-0.0018204736888497303
0.4299999999999997,3.2000000000000206,-0.006829742206724504,-0.0018864423071617703
0.4299999999999997,3.1800000000000206,-0.0070253804195798165,-0.0019531137438351005
0.4299999999999997,3.1600000000000206,-0.007223288401031741,-0.0020204991428635355
0.4299999999999997,3.1400000000000206,-0.007423505713379944,-0.00208860988146925
0.4299999999999997,3.1200000000000205,-0.007626072838976546,-0.002157457576159788
0.4299999999999997,3.1000000000000205,-0.007831031207664655,-0.0022270540886295646
0.4299999999999997,3.0800000000000205,-0.008038423224038166,-0.002297411532597486
0.4299999999999997,3.0600000000000205,-0.008248292296583781,-0.002368542279830242
0.4299999999999997,3.0400000000000205,-0.008460682866894761,-0.002440458967567831
0.4299999999999997,3.0200000000000204,-0.008675640441056138,-0.0025131745049076244
0.4299999999999997,3.0000000000000204,-0.008893211620685237,-0.0025867020803181477
0.4299999999999997,2.9800000000000204,-0.009113444136681203,-0.0026610551692072193
0.4299999999999997,2.9600000000000204,-0.009336386883065099,-0.0027362475412624904
0.4299999999999997,2.9400000000000204,-0.009562089952573872,-0.002812293268501187
0.4299999999999997,2.9200000000000204,-0.009790604673139297,-0.0028892067335629795
0.4299999999999997,2.9000000000000203,-0.010021983646355169,-0.002967002637802793
0.4299999999999997,2.8800000000000203,-0.010256280786551872,-0.0030456960103969616
0.4299999999999997,2.8600000000000203,-0.01049355136218759,-0.003125302216834075
0.4299999999999997,2.8400000000000203,-0.010733852037938817,-0.0032058369685309673
0.4299999999999997,2.8200000000000203,-0.010977240919080901,-0.003287316332164128
0.4299999999999997,2.8000000000000203,-0.011223777597371268,-0.0033697567395418043
0.4299999999999997,2.7800000000000202,-0.011473523197950145,-0.003453174997796654
0.4299999999999997,2.76000000000002,-0.011726540429383623,-0.003537588299967861
0.4299999999999997,2.74000000000002,-0.011982893634403823,-0.003623014235693195
0.4299999999999997,2.72000000000002,-0.01224264884345707,-0.0037094708023427264
0.4299999999999997,2.70000000000002,-0.012505873829763887,-0.0037969764168160757
0.4299999999999997,2.68000000000002,-0.012772638166842567,-0.003885549927232168
0.4299999999999997,2.66000000000002,-0.013043013288352851,-0.003975210625313336
0.4299999999999997,2.64000000000002,-0.013317072550056453,-0.00406597825932368
0.4299999999999997,2.62000000000002,-0.013594891294491557,-0.0041578730470020345
0.4299999999999997,2.60000000000002,-0.013876546918146666,-0.004250915689162624
0.4299999999999997,2.58000000000002,-0.014162118941404886,-0.0043451273837619014
0.4299999999999997,2.56000000000002,-0.014451689081264287,-0.0044405298406386545
0.4299999999999997,2.54000000000002,-0.014745341327127492,-0.004537145296202361
0.4299999999999997,2.52000000000002,-0.015043162019639985,-0.0046349965291112155
0.4299999999999997,2.50000000000002,-0.015345239932860445,-0.004734106876333341
0.4299999999999997,2.48000000000002,-0.01565166635992711,-0.004834500249759829
0.4299999999999997,2.46000000000002,-0.01596253520199662,-0.004936201153231193
0.4299999999999997,2.44000000000002,-0.0162779430615765,-0.005039234700351308
0.4299999999999997,2.42000000000002,-0.01659798933927848,-0.0051436266328235
0.4299999999999997,2.40000000000002,-0.016922776334684746,-0.005249403339455741
0.4299999999999997,2.38000000000002,-0.017252409352317227,-0.005356591875716859
0.4299999999999997,2.36000000000002,-0.017586996811223412,-0.005465219984058717
0.4299999999999997,2.34000000000002,-0.01792665036017793,-0.005575316115044193
0.4299999999999997,2.32000000000002,-0.01827148499717863,-0.00568690944884391
0.4299999999999997,2.30000000000002,-0.01862161919526934,-0.005800029917964425
0.4299999999999997,2.28000000000002,-0.01897717503309743,-0.0059147082302050125
0.4299999999999997,2.2600000000000198,-0.019338278331407013,-0.006030975893146481
0.4299999999999997,2.2400000000000198,-0.019705058796489414,-0.0061488652387063775
0.4299999999999997,2.2200000000000197,-0.020077650169250075,-0.006268409448834583
0.4299999999999997,2.2000000000000197,-0.020456190381612872,-0.006389642582684624
0.4299999999999997,2.1800000000000197,-0.02084082171995604,-0.006512599603747213
0.4299999999999997,2.1600000000000197,-0.021231690996558895,-0.006637316408636587
0.4299999999999997,2.1400000000000197,-0.02162894972860696,-0.006763829856400887
0.4299999999999997,2.1200000000000196,-0.022032754325603227,-0.006892177799478844
0.4299999999999997,2.1000000000000196,-0.022443266286257507,-0.0070223991150194925
0.4299999999999997,2.0800000000000196,-0.022860652404269807,-0.007154533737772695
0.4299999999999997,2.0600000000000196,-0.023285084984310433,-0.007288622694055599
0.4299999999999997,2.0400000000000196,-0.023716742068330986,-0.007424708136618607
0.4299999999999997,2.0200000000000196,-0.024155807673214284,-0.007562833380893932
0.4299999999999997,2.0000000000000195,-0.02460247203944324,-0.007703042942803141
0.4299999999999997,1.9800000000000195,-0.025056931893312158,-0.007845382577237797
0.4299999999999997,1.9600000000000195,-0.02551939072101289,-0.00798989931831457
0.4299999999999997,1.9400000000000195,-0.02599005905720021,-0.008136641520919325
0.4299999999999997,1.9200000000000195,-0.026469154788163123,-0.008285658903318005
0.4199999999999997,5,0.004168276157042719,0.0031254333509299626
0.4199999999999997,4.98,0.0040819817446740405,0.003094377991000402
0.4199999999999997,4.960000000000001,0.003995027515722465,0.0030630964570288674
0.4199999999999997,4.940000000000001,0.003907405885818899,0.0030315862815513545
0.4199999999999997,4.920000000000002,0.003819109153934405,0.002999844961404513
0.4199999999999997,4.900000000000002,0.00373012950047488,0.0029678699567252317
0.4199999999999997,4.880000000000003,0.0036404589847522447,0.0029356586907407223
0.4199999999999997,4.860000000000003,0.003550089542646692,0.002903208548867567
0.4199999999999997,4.840000000000003,0.0034590129843493148,0.002870516877856555
0.4199999999999997,4.820000000000004,0.003367220991729053,0.0028375809853925515
0.4199999999999997,4.800000000000004,0.0032747051161464745,0.0028043981391943917
0.4199999999999997,4.780000000000005,0.003181456775388416,0.002770965566208289
0.4199999999999997,4.760000000000005,0.0030874672514027727,0.0027372804521217375
0.4199999999999997,4.7400000000000055,0.002992727687455955,0.002703339940415307
0.4199999999999997,4.720000000000006,0.0028972290855333854,0.0026691411313742447
0.4199999999999997,4.700000000000006,0.0028009623031325067,0.0026346810817902827
0.4199999999999997,4.680000000000007,0.002703918050846632,0.002599956803660014
0.4199999999999997,4.660000000000007,0.0026060868891777797,0.0025649652634528036
0.4199999999999997,4.640000000000008,0.0025074592252290724,0.002529703381563636
0.4199999999999997,4.620000000000008,0.002408025310156468,0.0024941680310524433
0.4199999999999997,4.6000000000000085,0.002307775235538593,0.002458356036812784
0.4199999999999997,4.580000000000009,0.0022066989301586125,0.002422264174926886
0.4199999999999997,4.560000000000009,0.002104786157095364,0.0023858891711976693
0.4199999999999997,4.54000000000001,0.002002026509524188,0.0023492277008864276
0.4199999999999997,4.52000000000001,0.001898409407955836,0.0023122763869938973
0.4199999999999997,4.500000000000011,0.0017939240961314124,0.0022750317997490763
0.4199999999999997,4.480000000000011,0.001688559637611077,0.002237490455488475
0.4199999999999997,4.4600000000000115,0.0015823049118030262,0.0021996488154394783
0.4199999999999997,4.440000000000012,0.001475148610142413,0.0021615032847596
0.4199999999999997,4.420000000000012,0.0013670792324211095,0.002123050211444863
0.4199999999999997,4.400000000000013,0.0012580850820626817,0.0020842858850221163
0.4199999999999997,4.380000000000013,0.0011481542624132788,0.0020452065356638127
0.4199999999999997,4.360000000000014,0.0010372746725488217,0.002005808332820845
0.4199999999999997,4.340000000000014,0.0009254340024081901,0.0019660873840621346
0.4199999999999997,4.3200000000000145,0.0008126197286562523,0.0019260397337292484
0.4199999999999997,4.300000000000015,0.0006988191098317512,0.0018856613618866147
0.4199999999999997,4.280000000000015,0.000584019181914312,0.0018449481827134823
0.4199999999999997,4.260000000000016,0.0004682067528471701,0.0018038960434959284
0.4199999999999997,4.240000000000016,0.00035136839837468644,0.0017625007228720402
0.4199999999999997,4.220000000000017,0.00023349045607023544,0.0017207579299010484
0.4199999999999997,4.200000000000017,0.00011455902052975742,0.0016786633022176645
0.4199999999999997,4.1800000000000175,-5.440061958434696e-6,0.0016362124047755167
0.4199999999999997,4.160000000000018,-0.00012652119954384487,0.0015934007281931638
0.4199999999999997,4.140000000000018,-0.000248699059879676,0.0015502236873665663
0.4199999999999997,4.120000000000019,-0.00037198857617737596,0.00150667661980039
0.4199999999999997,4.100000000000019,-0.0004964049535233091,0.001462754784012553
0.4199999999999997,4.08000000000002,-0.000621963674792345,0.0014184533578375236
0.4199999999999997,4.06000000000002,-0.0007486805069054176,0.0013737674366282732
0.4199999999999997,4.0400000000000205,-0.0008765715077672838,0.001328692031829004
0.4199999999999997,4.020000000000021,-0.001005653032560862,0.001283222068802381
0.4199999999999997,4.000000000000021,-0.001135941740859168,0.0012373523852729218
0.4199999999999997,3.9800000000000213,-0.0012674546036295807,0.0011910777290908142
0.4199999999999997,3.9600000000000213,-0.0014002089106352534,0.0011443927568031559
0.4199999999999997,3.9400000000000213,-0.0015342222779713235,0.0010972920312924128
0.4199999999999997,3.9200000000000212,-0.0016695126553772938,0.0010497700198615623
0.4199999999999997,3.9000000000000212,-0.001806098334747442,0.001001821092020648
0.4199999999999997,3.880000000000021,-0.0019439979577403205,0.0009534395176074156
0.4199999999999997,3.860000000000021,-0.0020832305245801364,0.0009046194644393296
0.4199999999999997,3.840000000000021,-0.0022238154024121688,0.0008553549958110387
0.4199999999999997,3.820000000000021,-0.0023657723343882844,0.0008056400688314924
0.4199999999999997,3.800000000000021,-0.0025091214486387048,0.00075546853123842
0.4199999999999997,3.780000000000021,-0.0026538832676927734,0.0007048341197720132
0.4199999999999997,3.760000000000021,-0.0028000787182627176,0.000653730456846767
0.4199999999999997,3.740000000000021,-0.002947729141023074,0.0006021510486825116
0.4199999999999997,3.720000000000021,-0.0030968563011299684,0.0005500892822372094
0.4199999999999997,3.700000000000021,-0.0032474823984848106,0.0004975384227624141
0.4199999999999997,3.680000000000021,-0.0033996300789770548,0.00044449161088060476
0.4199999999999997,3.660000000000021,-0.003553322445145282,0.000390941859613754
0.4199999999999997,3.640000000000021,-0.003708583068398083,0.000336882051740775
0.4199999999999997,3.620000000000021,-0.0038654360003465057,0.00028230493647585404
0.4199999999999997,3.600000000000021,-0.004023905785346627,0.00022720312658063013
0.4199999999999997,3.580000000000021,-0.0041840174729955324,0.00017156909520179078
0.4199999999999997,3.560000000000021,-0.0043457966313218375,0.00011539517232315999
0.4199999999999997,3.540000000000021,-0.00450926936005305,0.000058673541704162835
0.4199999999999997,3.520000000000021,-0.00467446230450446,1.3962372102833964e-6
0.4199999999999997,3.500000000000021,-0.0048414026699224524,-0.000056444860516396966
0.4199999999999997,3.480000000000021,-0.005010118236089005,-0.00011485802790961452
0.4199999999999997,3.460000000000021,-0.005180637372520025,-0.00017385170227537938
0.4199999999999997,3.440000000000021,-0.005352989054320695,-0.00023343448533136302
0.4199999999999997,3.420000000000021,-0.005527202878129868,-0.00029361514787278054
0.4199999999999997,3.400000000000021,-0.005703309078989359,-0.00035440263271661887
0.4199999999999997,3.3800000000000208,-0.005881338547337513,-0.0004158060601453517
0.4199999999999997,3.3600000000000207,-0.00606132284712033,-0.0004778347313397144
0.4199999999999997,3.3400000000000207,-0.0062432942338648805,-0.0005404981334863786
0.4199999999999997,3.3200000000000207,-0.0064272856737841695,-0.000603805943673319
0.4199999999999997,3.3000000000000207,-0.006613330863363421,-0.0006677680342540848
0.4199999999999997,3.2800000000000207,-0.006801464249674349,-0.0007323944772647251
0.4199999999999997,3.2600000000000207,-0.006991721051026953,-0.0007976955496465932
0.4199999999999997,3.2400000000000206,-0.007184137278865507,-0.0008636817382414452
0.4199999999999997,3.2200000000000206,-0.007378749760120849,-0.0009303637452507396
0.4199999999999997,3.2000000000000206,-0.007575596159932075,-0.0009977524935601695
0.4199999999999997,3.1800000000000206,-0.007774715005968131,-0.0010658591323391767
0.4199999999999997,3.1600000000000206,-0.007976145712876135,-0.0011346950429099445
0.4199999999999997,3.1400000000000206,-0.008179928608055043,-0.0012042718447453915
0.4199999999999997,3.1200000000000205,-0.008386104957667735,-0.0012746014015018944
0.4199999999999997,3.1000000000000205,-0.008594716994429378,-0.0013456958272538844
0.4199999999999997,3.0800000000000205,-0.008805807945759641,-0.001417567493354227
0.4199999999999997,3.0600000000000205,-0.009019422062943809,-0.0014902290346676672
0.4199999999999997,3.0400000000000205,-0.009235604651727304,-0.001563693357065521
0.4199999999999997,3.0200000000000204,-0.009454402103399736,-0.0016379736440422371
0.4199999999999997,3.0000000000000204,-0.00967586192777158,-0.001713083364284905
0.4199999999999997,2.9800000000000204,-0.00990003278642929,-0.0017890362794069914
0.4199999999999997,2.9600000000000204,-0.010126964528045984,-0.0018658464515204087
0.4199999999999997,2.9400000000000204,-0.01035670822420794,-0.001943528251380916
0.4199999999999997,2.9200000000000204,-0.010589316207242672,-0.002022096366858423
0.4199999999999997,2.9000000000000203,-0.01082484210903335,-0.0021015658112583345
0.4199999999999997,2.8800000000000203,-0.011063340901414316,-0.0021819519323540287
0.4199999999999997,2.8600000000000203,-0.011304868937610553,-0.002263270421635044
0.4199999999999997,2.8400000000000203,-0.011549483996344815,-0.002345537323390115
0.4199999999999997,2.8200000000000203,-0.01179724532629481,-0.0024287690447228286
0.4199999999999997,2.8000000000000203,-0.012048213693106914,-0.002512982365537181
0.4199999999999997,2.7800000000000202,-0.012302451427969884,-0.0025981944488852188
0.4199999999999997,2.76000000000002,-0.01256002247790034,-0.002684422851562047
0.4199999999999997,2.74000000000002,-0.012820992458048587,-0.002771685535406382
0.4199999999999997,2.72000000000002,-0.013085428706228999,-0.002860000878450855
0.4199999999999997,2.70000000000002,-0.013353400339234512,-0.002949387686927249
0.4199999999999997,2.68000000000002,-0.013624978311809059,-0.0030398652073038157
0.4199999999999997,2.66000000000002,-0.013900235477322153,-0.00313145313883746
0.4199999999999997,2.64000000000002,-0.01417924665168089,-0.003224171646716345
0.4199999999999997,2.62000000000002,-0.014462088678829404,-0.0033180413754585122
0.4199999999999997,2.60000000000002,-0.014748840500114675,-0.003413083462406683
0.4199999999999997,2.58000000000002,-0.015039583224838848,-0.00350931955279489
0.4199999999999997,2.56000000000002,-0.015334400205389134,-0.003606771813841364
0.4199999999999997,2.54000000000002,-0.015633377114513552,-0.0037054629504780084
0.4199999999999997,2.52000000000002,-0.015936602025587675,-0.0038054162209926468
0.4199999999999997,2.50000000000002,-0.016244165496827383,-0.003906655453511598
0.4199999999999997,2.48000000000002,-0.016556160658958527,-0.004009205062871002
0.4199999999999997,2.46000000000002,-0.016872683306128494,-0.004113090068037117
0.4199999999999997,2.44000000000002,-0.01719383199102438,-0.00421833611040133
0.4199999999999997,2.42000000000002,-0.017519708124075134,-0.004324969472114193
0.4199999999999997,2.40000000000002,-0.017850416076695956,-0.004433017095875669
0.4199999999999997,2.38000000000002,-0.018186063289170634,-0.0045425066046632795
0.4199999999999997,2.36000000000002,-0.01852676038329492,-0.0046534663225848046
0.4199999999999997,2.34000000000002,-0.01887262127954973,-0.004765925295962328
0.4199999999999997,2.32000000000002,-0.019223763320162946,-0.004879913316057416
0.4199999999999997,2.30000000000002,-0.019580307396772606,-0.0049954609415570166
0.4199999999999997,2.28000000000002,-0.019942378084562697,-0.0051125995223249565
0.4199999999999997,2.2600000000000198,-0.020310103781943225,-0.005231361224078301
0.4199999999999997,2.2400000000000198,-0.020683616856982077,-0.005351779053704847
0.4199999999999997,2.2200000000000197,-0.02106305380013771,-0.005473886885558221
0.4199999999999997,2.2000000000000197,-0.021448555383877597,-0.005597719488589212
0.4199999999999997,2.1800000000000197,-0.021840266830635537,-0.005723312554576254
0.4199999999999997,2.1600000000000197,-0.022238337987140977,-0.0058507027271552554
0.4199999999999997,2.1400000000000197,-0.022642923508605424,-0.005979927631836038
0.4199999999999997,2.1200000000000196,-0.023054183049849887,-0.006111025907384887
0.4199999999999997,2.1000000000000196,-0.023472281467065943,-0.006244037237957703
0.4199999999999997,2.0800000000000196,-0.02389738902837253,-0.00637900238643066
0.4199999999999997,2.0600000000000196,-0.02432968163479437,-0.006515963228996259
0.4199999999999997,2.0400000000000196,-0.024769341051848547,-0.0066549627907826064
0.4199999999999997,2.0200000000000196,-0.02521655515296082,-0.006796045282873961
0.4199999999999997,2.0000000000000195,-0.025671518173992568,-0.006939256140504349
0.4199999999999997,1.9800000000000195,-0.02613443098128413,-0.00708464206247518
0.4199999999999997,1.9600000000000195,-0.026605501353124915,-0.007232251052125424
0.4199999999999997,1.9400000000000195,-0.02708494427413518,-0.007382132459611709
0.4199999999999997,1.9200000000000195,-0.02757298224662912,-0.0075343370251913094
0.4099999999999997,5,0.0036010883197120404,0.004090264030523261
0.4099999999999997,4.98,0.0035132721412335956,0.0040585236675573615
0.4099999999999997,4.960000000000001,0.0034247841859553546,0.004026552160940222
0.4099999999999997,4.940000000000001,0.003335616728031439,0.0039943469892849415
0.4099999999999997,4.920000000000002,0.0032457619229128935,0.003961905594688267
0.4099999999999997,4.900000000000002,0.0031552118049933617,0.0039292253819433465
0.4099999999999997,4.880000000000003,0.0030639582854125953,0.003896303717885588
0.4099999999999997,4.860000000000003,0.002971993149474217,0.0038631379308196843
0.4099999999999997,4.840000000000003,0.0028793080543779094,0.0038297253095859185
0.4099999999999997,4.820000000000004,0.002785894526570263,0.003796063103052749
0.4099999999999997,4.800000000000004,0.002691743959182911,0.0037621485193187337
0.4099999999999997,4.780000000000005,0.002596847609760709,0.0037279787248260324
0.4099999999999997,4.760000000000005,0.0025011965967532794,0.003693550843784872
0.4099999999999997,4.7400000000000055,0.002404781897920094,0.0036588619572677714
0.4099999999999997,4.720000000000006,0.0023075943463540588,0.0036239091024348954
0.4099999999999997,4.700000000000006,0.002209624628520509,0.003588689271649209
0.4099999999999997,4.680000000000007,0.0021108632805446354,0.003553199411884117
0.4099999999999997,4.660000000000007,0.002011300685731239,0.003517436423478468
0.4099999999999997,4.640000000000008,0.0019109270715222618,0.00348139715950975
0.4099999999999997,4.620000000000008,0.0018097325056598396,0.0034450784248688977
0.4099999999999997,4.6000000000000085,0.0017077068936849657,0.0034084769753272917
0.4099999999999997,4.580000000000009,0.0016048399750456365,0.0033715895165034454
0.4099999999999997,4.560000000000009,0.0015011213201831246,0.003334412703022052
0.4099999999999997,4.54000000000001,0.0013965403266106057,0.003296943137446287
0.4099999999999997,4.52000000000001,0.001291086215530736,0.0032591773693486786
0.4099999999999997,4.500000000000011,0.0011847480280498196,0.0032211118942255673
0.4099999999999997,4.480000000000011,0.0010775146216444368,0.0031827431524186073
0.4099999999999997,4.4600000000000115,0.0009693746660900319,0.0031440675281302136
0.4099999999999997,4.440000000000012,0.0008603166394015778,0.003105081348183006
0.4099999999999997,4.420000000000012,0.0007503288242757584,0.003065780881024757
0.4099999999999997,4.400000000000013,0.0006393993032255659,0.003026162335458951
0.4099999999999997,4.380000000000013,0.000527515954889039,0.0029862218595182732
0.4099999999999997,4.360000000000014,0.0004146664493096827,0.002945955539285172
0.4099999999999997,4.340000000000014,0.0003008382436889565,0.0029053593976759717
0.4099999999999997,4.3200000000000145,0.00018601857769401625,0.0028644293928244587
0.4099999999999997,4.300000000000015,0.00007019446849025522,0.0028231614174374364
0.4099999999999997,4.280000000000015,-0.00004664729376998243,0.0027815512968455483
0.4099999999999997,4.260000000000016,-0.00016452015094736445,0.0027395947878300006
0.4099999999999997,4.240000000000016,-0.00028343778219298236,0.002697287577434121
0.4099999999999997,4.220000000000017,-0.0004034141093557576,0.0026546252812631663
0.4099999999999997,4.200000000000017,-0.0005244633018227801,0.0026116034422606904
0.4099999999999997,4.1800000000000175,-0.0006465997824360275,0.0025682175287998557
0.4099999999999997,4.160000000000018,-0.0007698382331620918,0.002524462933723326
0.4099999999999997,4.140000000000018,-0.0008941936008278828,0.0024803349721946866
0.4099999999999997,4.120000000000019,-0.0010196811030423279,0.00243582888041358
0.4099999999999997,4.100000000000019,-0.0011463162345673379,0.002390939813946877
0.4099999999999997,4.08000000000002,-0.0012741147734202348,0.0023456628458825846
0.4099999999999997,4.06000000000002,-0.0014030927872629361,0.0022999929651340845
0.4099999999999997,4.0400000000000205,-0.0015332666405335248,0.0022539250749015333
0.4099999999999997,4.020000000000021,-0.0016646530007248955,0.00220745399026151
0.4099999999999997,4.000000000000021,-0.001797268845923248,0.002160574437047827
0.4099999999999997,3.9800000000000213,-0.001931131471609131,0.0021132810491759357
0.4099999999999997,3.9600000000000213,-0.0020662584984635513,0.002065568367330489
0.4099999999999997,3.9400000000000213,-0.002202667879815144,0.002017430836424028
0.4099999999999997,3.9200000000000212,-0.0023403779094796698,0.001968862803779836
0.4099999999999997,3.9000000000000212,-0.0024794072300622053,0.0019198585169514365
0.4099999999999997,3.880000000000021,-0.0026197748409384075,0.0018704121216138944
0.4099999999999997,3.860000000000021,-0.0027615001072850724,0.00182051765910958
0.4099999999999997,3.840000000000021,-0.0029046027683523284,0.001770169064348695
0.4099999999999997,3.820000000000021,-0.0030491029467151175,0.0017193601633385194
0.4099999999999997,3.800000000000021,-0.003195021158136243,0.0016680846708798103
0.4099999999999997,3.780000000000021,-0.0033423783201034776,0.0016163361878187843
0.4099999999999997,3.760000000000021,-0.003491195762739399,0.0015641081988445604
0.4099999999999997,3.740000000000021,-0.003641495238195306,0.0015113940696192263
0.4099999999999997,3.720000000000021,-0.003793298931700377,0.0014581870440282668
0.4099999999999997,3.700000000000021,-0.003946629471921433,0.001404480241768119
0.4099999999999997,3.680000000000021,-0.004101509942363096,0.0013502666550857245
0.4099999999999997,3.660000000000021,-0.004257963892462008,0.0012955391460207633
0.4099999999999997,3.640000000000021,-0.004416015349977508,0.0012402904436306303
0.4099999999999997,3.620000000000021,-0.004575688832304395,0.0011845131404813053
0.4099999999999997,3.600000000000021,-0.004737009359820512,0.0011281996899259392
0.4099999999999997,3.580000000000021,-0.004900002468025223,0.0010713424023846008
0.4099999999999997,3.560000000000021,-0.005064694221515392,0.001013933442527952
0.4099999999999997,3.540000000000021,-0.005231111227296151,0.0009559648253868076
0.4099999999999997,3.520000000000021,-0.005399280648849807,0.0008974284130477267
0.4099999999999997,3.500000000000021,-0.005569230220937687,0.0008383159110520455
0.4099999999999997,3.480000000000021,-0.005740988264726491,0.0007786188645283881
0.4099999999999997,3.460000000000021,-0.005914583702728221,0.0007183286544545017
0.4099999999999997,3.440000000000021,-0.006090046075736788,0.0006574364936333121
0.4099999999999997,3.420000000000021,-0.00626740555833601,0.000595933422748671
0.4099999999999997,3.400000000000021,-0.00644669297660362,0.0005338103060648358
0.4099999999999997,3.3800000000000208,-0.006627939825489027,0.0004710578273174615
0.4099999999999997,3.3600000000000207,-0.006811178286998246,0.00040766648500206726
0.4099999999999997,3.3400000000000207,-0.006996441249031083,0.00034362658820280556
0.4099999999999997,3.3200000000000207,-0.007183762324487167,0.00027892825149124223
0.4099999999999997,3.3000000000000207,-0.007373175871634358,0.0002135613904909739
0.4099999999999997,3.2800000000000207,-0.0075647170146123975,0.00014751571688567666
0.4099999999999997,3.2600000000000207,-0.007758421664626051,0.0000807807329524235
0.4099999999999997,3.2400000000000206,-0.007954326542275477,0.00001334572670746298
0.4099999999999997,3.2200000000000206,-0.008152469200360609,-0.0000548002335441361
0.4099999999999997,3.2000000000000206,-0.008352888047331147,-0.00012366830504666193
0.4099999999999997,3.1800000000000206,-0.00855562237170826,-0.00019326987610304713
0.4099999999999997,3.1600000000000206,-0.008760712367412594,-0.00026361657183991694
0.4099999999999997,3.1400000000000206,-0.008968199159860347,-0.0003347202605916699
0.4099999999999997,3.1200000000000205,-0.0091781248327825,-0.00040659306007492096
0.4099999999999997,3.1000000000000205,-0.009390532456361378,-0.00047924734371265765
0.4099999999999997,3.0800000000000205,-0.009605466116150159,-0.0005526957473950406
0.4099999999999997,3.0600000000000205,-0.00982297094271236,-0.000626951176373786
0.4099999999999997,3.0400000000000205,-0.010043093143244702,-0.0007020268120535994
0.4099999999999997,3.0200000000000204,-0.01026588003276231,-0.0007779361198775245
0.4099999999999997,3.0000000000000204,-0.010491380068311087,-0.0008546928559767103
0.4099999999999997,2.9800000000000204,-0.010719642882802135,-0.0009323110756470909
0.4099999999999997,2.9600000000000204,-0.010950719320685795,-0.0010108051409952468
0.4099999999999997,2.9400000000000204,-0.011184661475344741,-0.0010901897291609314
0.4099999999999997,2.9200000000000204,-0.011421522727149929,-0.001170479840984534
0.4099999999999997,2.9000000000000203,-0.011661357783165387,-0.0012516908095754897
0.4099999999999997,2.8800000000000203,-0.011904222718739407,-0.0013338383093450673
0.4099999999999997,2.8600000000000203,-0.01215017501967965,-0.0014169383655860887
0.4099999999999997,2.8400000000000203,-0.012399273627162755,-0.001501007363690271
0.4099999999999997,2.8200000000000203,-0.012651578983548913,-0.0015860620594757187
0.4099999999999997,2.8000000000000203,-0.012907153080262461,-0.0016721195891259005
0.4099999999999997,2.7800000000000202,-0.013166059507119368,-0.0017591974798797927
0.4099999999999997,2.76000000000002,-0.013428363504266351,-0.0018473136610080796
0.4099999999999997,2.74000000000002,-0.01369413201543626,-0.001936486475039051
0.4099999999999997,2.72000000000002,-0.013963433743520479,-0.0020267346893018123
0.4099999999999997,2.70000000000002,-0.01423633920842037,-0.00211807750804599
0.4099999999999997,2.68000000000002,-0.014512920807158368,-0.0022105345848743366
0.4099999999999997,2.66000000000002,-0.014793252876073148,-0.0023041260355105286
0.4099999999999997,2.64000000000002,-0.015077411755850166,-0.0023988724509842185
0.4099999999999997,2.62000000000002,-0.015365475858908198,-0.0024947949115723123
0.4099999999999997,2.60000000000002,-0.01565752573995422,-0.0025919150005786484
0.4099999999999997,2.58000000000002,-0.01595364416858322,-0.0026902548192161563
0.4099999999999997,2.56000000000002,-0.016253916205753817,-0.0027898370015225684
0.4099999999999997,2.54000000000002,-0.016558429282512603,-0.00289068473024192
0.4099999999999997,2.52000000000002,-0.01686727328301424,-0.0029928217524822637
0.4099999999999997,2.50000000000002,-0.017180540629904265,-0.003096272397082712
0.4099999999999997,2.48000000000002,-0.017498326374231956,-0.003201061591096524
0.4099999999999997,2.46000000000002,-0.01782072828837903,-0.0033072148781491117
0.4099999999999997,2.44000000000002,-0.01814784696349432,-0.0034147584367220235
0.4099999999999997,2.42000000000002,-0.01847978591080269,-0.0035237190990905012
0.4099999999999997,2.40000000000002,-0.018816651667431877,-0.0036341243711803016
0.4099999999999997,2.38000000000002,-0.01915855390651455,-0.0037460024530443295
0.4099999999999997,2.36000000000002,-0.0195056055528553,-0.003859382259596601
0.4099999999999997,2.34000000000002,-0.019857922902334055,-0.003974293442870133
0.4099999999999997,2.32000000000002,-0.020215625748208073,-0.0040907664142107725
0.4099999999999997,2.30000000000002,-0.020578837511610548,-0.00420883236788034
0.4099999999999997,2.28000000000002,-0.020947685378963694,-0.004328523305001695
0.4099999999999997,2.2600000000000198,-0.021322300444599627,-0.004449872058775976
0.4099999999999997,2.2400000000000198,-0.02170281786100181,-0.004572912320148295
0.4099999999999997,2.2200000000000197,-0.022089376994768622,-0.004697678664622812
0.4099999999999997,2.2000000000000197,-0.022482121590748194,-0.004824206579921258
0.4099999999999997,2.1800000000000197,-0.022881199942792987,-0.0049525324946129365
0.4099999999999997,2.1600000000000197,-0.02328676507358124,-0.005082693807855643
0.4099999999999997,2.1400000000000197,-0.02369897492189057,-0.0052147289197798236
0.4099999999999997,2.1200000000000196,-0.02411799253943133,-0.005348677263581798
0.4099999999999997,2.1000000000000196,-0.024543986296669755,-0.005484579337903112
0.4099999999999997,2.0800000000000196,-0.024977130098813857,-0.005622476741315899
0.4099999999999997,2.0600000000000196,-0.025417603611892683,-0.005762412206802819
0.4099999999999997,2.0400000000000196,-0.02586559250025297,-0.005904429638578609
0.4099999999999997,2.0200000000000196,-0.026321288675637315,-0.006048574149539146
0.4099999999999997,2.0000000000000195,-0.026784890557991867,-0.006194892099935432
0.4099999999999997,1.9800000000000195,-0.02725660335009652,-0.006343431137768585
0.4099999999999997,1.9600000000000195,-0.02773663932566384,-0.006494240240231083
0.4099999999999997,1.9400000000000195,-0.028225218131328066,-0.006647369756596272
0.4099999999999997,1.9200000000000195,-0.028722567105378405,-0.0068028714526093825
0.3999999999999997,5,0.0030087729029471067,0.005042071769673619
0.3999999999999997,4.98,0.0029193771208566375,0.005009613423537895
0.3999999999999997,4.960000000000001,0.002829297130581618,0.004976918741203554
0.3999999999999997,4.940000000000001,0.002738525059139724,0.004943985145130146
0.3999999999999997,4.920000000000002,0.0026470529126545617,0.004910810020382687
0.3999999999999997,4.900000000000002,0.0025548725734989082,0.004877390714135313
0.3999999999999997,4.880000000000003,0.0024619757985404355,0.004843724534627631
0.3999999999999997,4.860000000000003,0.0023683542164400734,0.004809808750664997
0.3999999999999997,4.840000000000003,0.0022739993250466984,0.0047756405908689036
0.3999999999999997,4.820000000000004,0.002178902489023118,0.004741217242877188
0.3999999999999997,4.800000000000004,0.002083054937050623,0.004706535852722002
0.3999999999999997,4.780000000000005,0.0019864477593360694,0.004671593523804959
0.3999999999999997,4.760000000000005,0.0018890719048415795,0.004636387316526979
0.3999999999999997,4.7400000000000055,0.0017909181782479323,0.004600914247028798
0.3999999999999997,4.720000000000006,0.0016919772374614243,0.004565171286680127
0.3999999999999997,4.700000000000006,0.0015922395902684006,0.004529155361022325
0.3999999999999997,4.680000000000007,0.0014916955916962748,0.004492863349224684
0.3999999999999997,4.660000000000007,0.0013903354406176395,0.004456292082756844
0.3999999999999997,4.640000000000008,0.0012881491767568953,0.004419438345004176
0.3999999999999997,4.620000000000008,0.0011851266774689055,0.0043822988697101595
0.3999999999999997,4.6000000000000085,0.0010812576544121215,0.0043448703407614215
0.3999999999999997,4.580000000000009,0.0009765316498538319,0.004307149390703705
0.3999999999999997,4.560000000000009,0.0008709380337875859,0.004269132599976259
0.3999999999999997,4.54000000000001,0.0007644659997025306,0.004230816495746014
0.3999999999999997,4.52000000000001,0.0006571045615065051,0.00419219755109515
0.3999999999999997,4.500000000000011,0.0005488425493221268,0.004153272183891107
0.3999999999999997,4.480000000000011,0.00043966860588344166,0.0041140367555453
0.3999999999999997,4.4600000000000115,0.0003295711825845156,0.004074487570038586
0.3999999999999997,4.440000000000012,0.00021853853541432908,0.004034620873002142
0.3999999999999997,4.420000000000012,0.00010655872071224995,0.003994432850086473
0.3999999999999997,4.400000000000013,-6.380408835306162e-6,0.003953919626238273
0.3999999999999997,4.380000000000013,-0.00012029120891959659,0.003913077264262085
0.3999999999999997,4.360000000000014,-0.0002351862476995866,0.0038719017635516113
0.3999999999999997,4.340000000000014,-0.00035107831067760463,0.0038303890589565376
0.3999999999999997,4.3200000000000145,-0.00046798040496259796,0.003788535019348775
0.3999999999999997,4.300000000000015,-0.0005859057648014629,0.0037463354464339436
0.3999999999999997,4.280000000000015,-0.0007048678559010394,0.0037037860733784168
0.3999999999999997,4.260000000000016,-0.0008248803807167104,0.003660882563071427
0.3999999999999997,4.240000000000016,-0.0009459572838270811,0.0036176205073172665
0.3999999999999997,4.220000000000017,-0.0010681127571520478,0.003573995424907035
0.3999999999999997,4.200000000000017,-0.001191361245193923,0.003530002760162446
0.3999999999999997,4.1800000000000175,-0.0013157174510553937,0.0034856378815419364
0.3999999999999997,4.160000000000018,-0.0014411963423266961,0.003440896080090655
0.3999999999999997,4.140000000000018,-0.0015678131564563103,0.0033957725676318305
0.3999999999999997,4.120000000000019,-0.0016955834074498556,0.003350262475235642
0.3999999999999997,4.100000000000019,-0.0018245228918092491,0.003304360851696178
0.3999999999999997,4.08000000000002,-0.0019546476949681615,0.003258062661307296
0.3999999999999997,4.06000000000002,-0.002085974198313692,0.0032113627826657366
0.3999999999999997,4.0400000000000205,-0.0022185190853551773,0.0031642560064825643
0.3999999999999997,4.020000000000021,-0.0023522993493819786,0.0031167370338022263
0.3999999999999997,4.000000000000021,-0.002487332300094443,0.003068800474189233
0.3999999999999997,3.9800000000000213,-0.002623635571352155,0.0030204408434115274
0.3999999999999997,3.9600000000000213,-0.0027612271285595985,0.0029716525618821987
0.3999999999999997,3.9400000000000213,-0.0029001252767101413,0.002922429952478679
0.3999999999999997,3.9200000000000212,-0.0030403486681337783,0.0028727672380282725
0.3999999999999997,3.9000000000000212,-0.003181916310960475,0.002822658539740456
0.3999999999999997,3.880000000000021,-0.0033248475775168166,0.0027720978744753873
0.3999999999999997,3.860000000000021,-0.0034691622131705654,0.0027210791526613674
0.3999999999999997,3.840000000000021,-0.00361488034512264,0.0026695961759513748
0.3999999999999997,3.820000000000021,-0.0037620224918592403,0.00261764263487322
0.3999999999999997,3.800000000000021,-0.003910609572680566,0.0025652121061017358
0.3999999999999997,3.780000000000021,-0.0040606629172320816,0.0025122980502275127
0.3999999999999997,3.760000000000021,-0.004212204275886599,0.0024588938088563883
0.3999999999999997,3.740000000000021,-0.004365255830094332,0.0024049926022097316
0.3999999999999997,3.720000000000021,-0.004519840202911074,0.0023505875261858704
0.3999999999999997,3.700000000000021,-0.004675980470016898,0.002295671549591618
0.3999999999999997,3.680000000000021,-0.004833700171282507,0.0022402375111286836
0.3999999999999997,3.660000000000021,-0.0049930233222687205,0.002184278116780819
0.3999999999999997,3.640000000000021,-0.005153974426312094,0.002127785936283824
0.3999999999999997,3.620000000000021,-0.005316578486962682,0.0020707534002936036
0.3999999999999997,3.600000000000021,-0.005480861020579064,0.0020131727969180894
0.3999999999999997,3.580000000000021,-0.005646848069803579,0.0019550362687203067
0.3999999999999997,3.560000000000021,-0.005814566216888548,0.0018963358089798144
0.3999999999999997,3.540000000000021,-0.00598404259790477,0.0018370632584530852
0.3999999999999997,3.520000000000021,-0.0061553049168679,0.00177721030153658
0.3999999999999997,3.500000000000021,-0.0063283814610814925,0.0017167684628000626
0.3999999999999997,3.480000000000021,-0.006503301116020689,0.0016557291028766671
0.3999999999999997,3.460000000000021,-0.006680093381655699,0.001594083414929795
0.3999999999999997,3.440000000000021,-0.006858788388203903,0.001531822420237
0.3999999999999997,3.420000000000021,-0.007039416913607333,0.0014689369643702474
0.3999999999999997,3.400000000000021,-0.007222010400667999,0.0014054177127293711
0.3999999999999997,3.3800000000000208,-0.007406600974900303,0.001341255146286545
0.3999999999999997,3.3600000000000207,-0.007593221463255889,0.001276439556919494
0.3999999999999997,3.3400000000000207,-0.007781905413437879,0.0012109610430178774
0.3999999999999997,3.3200000000000207,-0.007972687113155357,0.0011448095044773524
0.3999999999999997,3.3000000000000207,-0.008165601611324173,0.0010779746379984759
0.3999999999999997,3.2800000000000207,-0.008360684738531066,0.0010104459317269686
0.3999999999999997,3.2600000000000207,-0.008557973129288608,0.0009422126604848244
0.3999999999999997,3.2400000000000206,-0.008757504244344615,0.0008732638800249479
0.3999999999999997,3.2200000000000206,-0.008959316394102582,0.0008035884216649955
0.3999999999999997,3.2000000000000206,-0.00916344876282197,0.0007331748867463808
0.3999999999999997,3.1800000000000206,-0.009369941433290768,0.0006620116404740875
0.3999999999999997,3.1600000000000206,-0.009578835412811862,0.0005900868062717751
0.3999999999999997,3.1400000000000206,-0.009790172660066057,0.0005173882592524534
0.3999999999999997,3.1200000000000205,-0.010003996112299154,0.000443903620067531
0.3999999999999997,3.1000000000000205,-0.010220349714064093,0.00036962024810499594
0.3999999999999997,3.0800000000000205,-0.010439278446734819,0.0002945252348381111
0.3999999999999997,3.0600000000000205,-0.010660828359410745,0.0002186053969361057
0.3999999999999997,3.0400000000000205,-0.010885046600069804,0.0001418472688653489
0.3999999999999997,3.0200000000000204,-0.011111981448942614,0.0000642370954892224
0.3999999999999997,3.0000000000000204,-0.011341682351995827,-0.00001423917545748804
0.3999999999999997,2.9800000000000204,-0.0115741999564429,-0.00009359590134828955
0.3999999999999997,2.9600000000000204,-0.011809586147309615,-0.00017384775277517334
0.3999999999999997,2.9400000000000204,-0.01204789408491208,-0.0002550097220899786
0.3999999999999997,2.9200000000000204,-0.012289178244412688,-0.0003370971317156052
0.3999999999999997,2.9000000000000203,-0.012533494456262312,-0.0004201256434799988
0.3999999999999997,2.8800000000000203,-0.01278089994845747,-0.00050411126756926
0.3999999999999997,2.8600000000000203,-0.013031453390075307,-0.0005890703720263998
0.3999999999999997,2.8400000000000203,-0.013285214937328612,-0.000675019692698009
0.3999999999999997,2.8200000000000203,-0.013542246279371445,-0.0007619763432599805
0.3999999999999997,2.8000000000000203,-0.013802610688648503,-0.0008499578257483986
0.3999999999999997,2.7800000000000202,-0.014066373070367082,-0.0009389820411885574
0.3999999999999997,2.76000000000002,-0.01433360001630039,-0.001029067300703665
0.3999999999999997,2.74000000000002,-0.014604359858553382,-0.0011202323373476486
0.3999999999999997,2.72000000000002,-0.014878722727022276,-0.001212496317622505
0.3999999999999997,2.70000000000002,-0.01515676060824325,-0.0013058788537115866
0.3999999999999997,2.68000000000002,-0.015438547406937345,-0.0014004000163727465
0.3999999999999997,2.66000000000002,-0.01572415900978351,-0.0014960803478357883
0.3999999999999997,2.64000000000002,-0.016013673351829898,-0.0015929408753024548
0.3999999999999997,2.62000000000002,-0.0163071704855171,-0.0016910031250206847
0.3999999999999997,2.60000000000002,-0.016604732652523477,-0.0017902891365414106
0.3999999999999997,2.58000000000002,-0.016906444358796863,-0.0018908214775668758
0.3999999999999997,2.56000000000002,-0.017212392451729012,-0.0019926232596314056
0.3999999999999997,2.54000000000002,-0.017522666202278433,-0.0020957181535848912
0.3999999999999997,2.52000000000002,-0.017837357388039182,-0.002200130406387224
0.3999999999999997,2.50000000000002,-0.018156560382180095,-0.0023058848578553087
0.3999999999999997,2.48000000000002,-0.018480372244594406,-0.0024130069583031266
0.3999999999999997,2.46000000000002,-0.01880889281748995,-0.0025215227867369794
0.3999999999999997,2.44000000000002,-0.019142224824797816,-0.002631459069475643
0.3999999999999997,2.42000000000002,-0.019480473976204303,-0.00274284319988706
0.3999999999999997,2.40000000000002,-0.019823749075039684,-0.002855703257899106
0.3999999999999997,2.38000000000002,-0.020172162131531637,-0.0029700680314443118
0.3999999999999997,2.36000000000002,-0.020525828480602918,-0.003085967037351839
0.3999999999999997,2.34000000000002,-0.020884866905011897,-0.0032034305438099625
0.3999999999999997,2.32000000000002,-0.02124939976364955,-0.003322489593295369
0.3999999999999997,2.30000000000002,-0.021619553125907548,-0.003443176026376865
0.3999999999999997,2.28000000000002,-0.0219954569121557,-0.0035655225060869655
0.3999999999999997,2.2600000000000198,-0.022377245039787084,-0.003689562543648911
0.3999999999999997,2.2400000000000198,-0.022765055577269,-0.003815330524500289
0.3999999999999997,2.2200000000000197,-0.023159030903570015,-0.00394286173568527
0.3999999999999997,2.2000000000000197,-0.023559317876366954,-0.0040721923937667714
0.3999999999999997,2.1800000000000197,-0.023966068007530678,-0.004203359674310972
0.3999999999999997,2.1600000000000197,-0.0243794376464824,-0.004336401741655241
0.3999999999999997,2.1400000000000197,-0.02479958817235594,-0.0044713577802465675
0.3999999999999997,2.1200000000000196,-0.025226686196326634,-0.0046082680267829496
0.3999999999999997,2.1000000000000196,-0.025660903771559107,-0.0047471738037554445
0.3999999999999997,2.0800000000000196,-0.026102418614939258,-0.004888117553647624
0.3999999999999997,2.0600000000000196,-0.026551414339042997,-0.0050311428748802955
0.3999999999999997,2.0400000000000196,-0.027008080695263004,-0.005176294558494728
0.3999999999999997,2.0200000000000196,-0.027472613828702846,-0.005323618626483548
0.3999999999999997,2.0000000000000195,-0.02794521654656506,-0.005473162371135536
0.3999999999999997,1.9800000000000195,-0.028426098598635055,-0.005624974395787748
0.3999999999999997,1.9600000000000195,-0.028915476973257737,-0.005779104657164226
0.3999999999999997,1.9400000000000195,-0.02941357620697646,-0.00593560450866281
0.3999999999999997,1.9200000000000195,-0.029920628710755723,-0.006094526745643453
0.3899999999999997,5,0.002389841244725849,0.005978466795798047
0.3899999999999997,4.98,0.0022988046899746783,0.005945253750726492
0.3899999999999997,4.960000000000001,0.0022070709961802843,0.005911798927947607
0.3899999999999997,4.940000000000001,0.0021146321373656926,0.00587809969126301
0.3899999999999997,4.920000000000002,0.002021479963471391,0.005844153366503027
0.3899999999999997,4.900000000000002,0.0019276061989646925,0.005809957240355861
0.3899999999999997,4.880000000000003,0.0018330024399884483,0.005775508560053932
0.3899999999999997,4.860000000000003,0.0017376601517927093,0.005740804532252428
0.3899999999999997,4.840000000000003,0.0016415706663404977,0.005705842322625013
0.3899999999999997,4.820000000000004,0.001544725179649532,0.00567061905512058
0.3899999999999997,4.800000000000004,0.0014471147491790233,0.00563513181077149
0.3899999999999997,4.780000000000005,0.001348730290924948,0.0055993776273984275
0.3899999999999997,4.760000000000005,0.0012495625767752925,0.005563353498622831
0.3899999999999997,4.7400000000000055,0.0011496022316664434,0.005527056372895911
0.3899999999999997,4.720000000000006,0.001048839730495207,0.0054904831529507744
0.3899999999999997,4.700000000000006,0.0009472653952070738,0.00545363069474155
0.3899999999999997,4.680000000000007,0.0008448693918711352,0.005416495806484721
0.3899999999999997,4.660000000000007,0.0007416417272648771,0.005379075247995024
0.3899999999999997,4.640000000000008,0.0006375722456545096,0.005341365729659847
0.3899999999999997,4.620000000000008,0.0005326506258775318,0.005303363911475609
0.3899999999999997,4.6000000000000085,0.0004268663773433646,0.005265066402107346
0.3899999999999997,4.580000000000009,0.00032020883711591857,0.005226469757809583
0.3899999999999997,4.560000000000009,0.00021266716609046662,0.0051875704817427315
0.3899999999999997,4.54000000000001,0.00010423034532362036,0.005148365022508792
0.3899999999999997,4.52000000000001,-5.112827528695458e-6,0.005108849773433066
0.3899999999999997,4.500000000000011,-0.00011537374217901334,0.00506902107133661
0.3899999999999997,4.480000000000011,-0.0002265639796353244,0.005028875195422146
0.3899999999999997,4.4600000000000115,-0.00033869531609312777,0.004988408366183958
0.3899999999999997,4.440000000000012,-0.0004517797273161483,0.004947616744378686
0.3899999999999997,4.420000000000012,-0.0005658293925158227,0.004906496429617595
0.3899999999999997,4.400000000000013,-0.000680856698929741,0.004865043459326618
0.3899999999999997,4.380000000000013,-0.0007968742461822963,0.0048232538073740075
0.3899999999999997,4.360000000000014,-0.0009138948509848727,0.004781123382994298
0.3899999999999997,4.340000000000014,-0.0010319315515653381,0.004738648029317009
0.3899999999999997,4.3200000000000145,-0.0011509976127329915,0.004695823522105028
0.3899999999999997,4.300000000000015,-0.0012711065304965722,0.004652645568413896
0.3899999999999997,4.280000000000015,-0.0013922720376551775,0.004609109805224505
0.3899999999999997,4.260000000000016,-0.0015145081081037732,0.00456521179788278
0.3899999999999997,4.240000000000016,-0.0016378289631823048,0.00452094703876855
0.3899999999999997,4.220000000000017,-0.0017622490763648736,0.004476310945887414
0.3899999999999997,4.200000000000017,-0.0018877831792682646,0.00443129886103499
0.3899999999999997,4.1800000000000175,-0.0020144462672064146,0.004385906048573689
0.3899999999999997,4.160000000000018,-0.0021422536053207052,0.004340127693507792
0.3899999999999997,4.140000000000018,-0.0022712207344052493,0.0042939589001953545
0.3899999999999997,4.120000000000019,-0.0024013634772675385,0.004247394690263634
0.3899999999999997,4.100000000000019,-0.0025326979453634234,0.004200430001220595
0.3899999999999997,4.08000000000002,-0.002665240544853572,0.004153059684457967
0.3899999999999997,4.06000000000002,-0.0027990079839139374,0.004105278503544717
0.3899999999999997,4.0400000000000205,-0.002934017279225008,0.0040570811323200305
0.3899999999999997,4.020000000000021,-0.003070285763608482,0.004008462153042694
0.3899999999999997,4.000000000000021,-0.0032078310928539177,0.003959416054340588
0.3899999999999997,3.9800000000000213,-0.003346671253652269,0.003909937229289298
0.3899999999999997,3.9600000000000213,-0.0034868245712273453,0.003860019973276292
0.3899999999999997,3.9400000000000213,-0.0036283097171212328,0.0038096584819150084
0.3899999999999997,3.9200000000000212,-0.0037711457178641644,0.0037588468490290464
0.3899999999999997,3.9000000000000212,-0.00391535196287463,0.0037075790640143367
0.3899999999999997,3.880000000000021,-0.004060948213454154,0.0036558490101642645
0.3899999999999997,3.860000000000021,-0.004207954611859044,0.003603650461800924
0.3899999999999997,3.840000000000021,-0.004356391689967909,0.003550977082087327
0.3899999999999997,3.820000000000021,-0.004506280379226072,0.0034978224205914135
0.3899999999999997,3.800000000000021,-0.004657642020233174,0.0034441799107514017
0.3899999999999997,3.780000000000021,-0.00481049837248919,0.003390042867200396
0.3899999999999997,3.760000000000021,-0.004964871625289746,0.003335404483191931
0.3899999999999997,3.740000000000021,-0.005120784407597389,0.0032802578277222882
0.3899999999999997,3.720000000000021,-0.005278259799563502,0.003224595842960129
0.3899999999999997,3.700000000000021,-0.0054373213436076095,0.003168411341192383
0.3899999999999997,3.680000000000021,-0.005597993055729802,0.0031116970017841424
0.3899999999999997,3.660000000000021,-0.005760299438018274,0.003054445368386789
0.3899999999999997,3.640000000000021,-0.005924265490281364,0.0029966488456761586
0.3899999999999997,3.620000000000021,-0.006089916723260262,0.0029382996960308633
0.3899999999999997,3.600000000000021,-0.006257279171362587,0.002879390036459659
0.3899999999999997,3.580000000000021,-0.0064263794064657875,0.0028199118350324126
0.3899999999999997,3.560000000000021,-0.006597244551273688,0.002759856907534785
0.3899999999999997,3.540000000000021,-0.006769902294289322,0.0026992169137682875
0.3899999999999997,3.520000000000021,-0.006944380903819863,0.0026379833539826383
0.3899999999999997,3.500000000000021,-0.007120709243979659,0.0025761475649211767
0.3899999999999997,3.480000000000021,-0.00729891678964884,0.0025137007162607805
0.3899999999999997,3.460000000000021,-0.007479033643385664,0.0024506338062065015
0.3899999999999997,3.440000000000021,-0.007661090551526885,0.002386937657805746
0.3899999999999997,3.420000000000021,-0.007845118921618845,0.0023226029141988624
0.3899999999999997,3.400000000000021,-0.008031150840613186,0.002257620034927528
0.3899999999999997,3.3800000000000208,-0.008219219092485363,0.002191979290827333
0.3899999999999997,3.3600000000000207,-0.008409357178024587,0.0021256707599440943
0.3899999999999997,3.3400000000000207,-0.00860159933390737,0.0020586843223987204
0.3899999999999997,3.3200000000000207,-0.008795980552974285,0.001991009655897956
0.3899999999999997,3.3000000000000207,-0.008992536605170114,0.001922636230283676
0.3899999999999997,3.2800000000000207,-0.009191304059451488,0.001853553302789691
0.3899999999999997,3.2600000000000207,-0.009392320305712888,0.001783749912538587
0.3899999999999997,3.2400000000000206,-0.009595623577979528,0.0017132148750979258
0.3899999999999997,3.2200000000000206,-0.009801252978313755,0.0016419367767664316
0.3899999999999997,3.2000000000000206,-0.010009248501424945,0.0015699039690698496
0.3899999999999997,3.1800000000000206,-0.010219651060270288,0.001497104562514149
0.3899999999999997,3.1600000000000206,-0.010432502511988528,0.0014235264204527642
0.3899999999999997,3.1400000000000206,-0.010647845686032612,0.0013491571530270948
0.3899999999999997,3.1200000000000205,-0.010865724411496374,0.0012739841102534719
0.3899999999999997,3.1000000000000205,-0.011086183546922476,0.0011979943757372963
0.3899999999999997,3.0800000000000205,-0.011309269010200376,0.0011211747594231242
0.3899999999999997,3.0600000000000205,-0.011535027810040985,0.0010435117906560714
0.3899999999999997,3.0400000000000205,-0.011763508078387223,0.0009649917106922812
0.3899999999999997,3.0200000000000204,-0.011994759103915668,0.000885600465212388
0.3899999999999997,3.0000000000000204,-0.012228831366786295,0.0008053236966734083
0.3899999999999997,2.9800000000000204,-0.012465776574822797,0.0007241467359031268
0.3899999999999997,2.9600000000000204,-0.012705647700606313,0.000642054593934867
0.3899999999999997,2.9400000000000204,-0.012948499020304944,0.0005590319538795472
0.3899999999999997,2.9200000000000204,-0.01319438615386786,0.00047506316130737497
0.3899999999999997,2.9000000000000203,-0.013443366106487437,0.0003901322159568701
0.3899999999999997,2.8800000000000203,-0.013695497311830384,0.0003042227616269766
0.3899999999999997,2.8600000000000203,-0.013950839676554638,0.0002173180770731857
0.3899999999999997,2.8400000000000203,-0.014209454627047303,0.00012940106563117532
0.3899999999999997,2.8200000000000203,-0.01447140515758511,0.000040454245284288204
0.3899999999999997,2.8000000000000203,-0.014736755880142166,-0.00004954026248076698
0.3899999999999997,2.7800000000000202,-0.015005573076376098,-0.00014060074325600302
0.3899999999999997,2.76000000000002,-0.015277924751662338,-0.00023274590122522934
0.3899999999999997,2.74000000000002,-0.015553880691247376,-0.0003259948706866196
0.3899999999999997,2.72000000000002,-0.015833512517932406,-0.0004203672284282447
0.3899999999999997,2.70000000000002,-0.016116893753244814,-0.0005158830060173272
0.3899999999999997,2.68000000000002,-0.016404099879723077,-0.0006125627025995034
0.3899999999999997,2.66000000000002,-0.01669520840658858,-0.0007104272984327208
0.3899999999999997,2.64000000000002,-0.01699029893762298,-0.0008094982684776209
0.3899999999999997,2.62000000000002,-0.017289453242021927,-0.0009097975965855314
0.3899999999999997,2.60000000000002,-0.017592755327665167,-0.0010113477903416733
0.3899999999999997,2.58000000000002,-0.017900291517844745,-0.0011141718959590124
0.3899999999999997,2.56000000000002,-0.018212150531082133,-0.0012182935141633773
0.3899999999999997,2.54000000000002,-0.018528423563971413,-0.0013237368161927443
0.3899999999999997,2.52000000000002,-0.01884920437759503,-0.0014305265606047446
0.3899999999999997,2.50000000000002,-0.01917458938745687,-0.0015386881107526812
0.3899999999999997,2.48000000000002,-0.01950467775762818,-0.001648247452263111
0.3899999999999997,2.46000000000002,-0.019839571498112107,-0.0017592312117678116
0.3899999999999997,2.44000000000002,-0.020179375567074206,-0.0018716666760261406
0.3899999999999997,2.42000000000002,-0.020524197977188068,-0.0019855818114873705
0.3899999999999997,2.40000000000002,-0.020874149906099624,-0.0021010052847915406
0.3899999999999997,2.38000000000002,-0.02122934581293289,-0.002217966483963482
0.3899999999999997,2.36000000000002,-0.0215899035582223,-0.0023364955401602647
0.3899999999999997,2.34000000000002,-0.02195594453048101,-0.0024566233501496226
0.3899999999999997,2.32000000000002,-0.022327593777928863,-0.0025783815999149556
0.3899999999999997,2.30000000000002,-0.022704980145779464,-0.002701802788447975
0.3899999999999997,2.28000000000002,-0.023088236420092202,-0.0028269202531976054
0.3899999999999997,2.2600000000000198,-0.023477499478198063,-0.002953768195209483
0.3899999999999997,2.2400000000000198,-0.023872910445329413,-0.003082381706659726
0.3899999999999997,2.2200000000000197,-0.024274614859520413,-0.0032127967978735072
0.3899999999999997,2.2000000000000197,-0.024682762843033255,-0.0033450504261646127
0.3899999999999997,2.1800000000000197,-0.025097509282019606,-0.003479180525509301
0.3899999999999997,2.1600000000000197,-0.02551901401562343,-0.003615226036675037
0.3899999999999997,2.1400000000000197,-0.025947442032481078,-0.003753226939482138
0.3899999999999997,2.1200000000000196,-0.02638296367703962,-0.0038932242851174165
0.3899999999999997,2.1000000000000196,-0.02682575486699305,-0.004035260230046189
0.3899999999999997,2.0800000000000196,-0.02727599731895295,-0.004179378070994097
0.3899999999999997,2.0600000000000196,-0.027733878787130913,-0.00432562228127456
0.3899999999999997,2.0400000000000196,-0.02819959331221441,-0.004474038548054393
0.3899999999999997,2.0200000000000196,-0.02867334148351567,-0.004624673811111424
0.3899999999999997,2.0000000000000195,-0.029155330713639398,-0.004777576302773243
0.3899999999999997,1.9800000000000195,-0.029645775526651808,-0.004932795589308127
0.3899999999999997,1.9600000000000195,-0.030144897861290383,-0.0050903826135734465
0.3899999999999997,1.9400000000000195,-0.030652927389261477,-0.0052503897392878335
0.3899999999999997,1.9200000000000195,-0.031170101849713503,-0.0054128707964086475
0.37999999999999967,5,0.0017426909224502356,0.006896837931873512
0.37999999999999967,4.98,0.0016499488370942108,0.006862829344540952
0.37999999999999967,4.960000000000001,0.0015564961516998238,0.006828573260401927
0.37999999999999967,4.940000000000001,0.0014623246801917648,0.00679406698213747
0.37999999999999967,4.920000000000002,0.0013674261105581674,0.006759307773089862
0.37999999999999967,4.900000000000002,0.0012717920020395759,0.006724292856960329
0.37999999999999967,4.880000000000003,0.0011754137832863856,0.006689019416813526
0.37999999999999967,4.860000000000003,0.0010782827492825716,0.0066534845944287435
0.37999999999999967,4.840000000000003,0.0009803900589870963,0.006617685489655342
0.37999999999999967,4.820000000000004,0.0008817267325614026,0.0065816191593946
0.37999999999999967,4.800000000000004,0.000782283648771842,0.006545282617084303
0.37999999999999967,4.780000000000005,0.0006820515419846381,0.006508672831603996
0.37999999999999967,4.760000000000005,0.0005810209995867532,0.006471786726871775
0.37999999999999967,4.7400000000000055,0.0004791824589546837,0.006434621180433316
0.37999999999999967,4.720000000000006,0.0003765262042025358,0.006397173023162325
0.37999999999999967,4.700000000000006,0.00027304236345085733,0.006359439038010221
0.37999999999999967,4.680000000000007,0.00016872090567339806,0.006321415959263166
0.37999999999999967,4.660000000000007,0.00006355163717527371,0.00628310047164346
0.37999999999999967,4.640000000000008,-0.000042475801496057175,0.0062444892092098775
0.37999999999999967,4.620000000000008,-0.00014937193877806367,0.006205578754630901
0.37999999999999967,4.6000000000000085,-0.00025714747582399836,0.006166365638007487
0.37999999999999967,4.580000000000009,-0.00036581328990088107,0.006126846335926223
0.37999999999999967,4.560000000000009,-0.00047538043814603656,0.006087017270556119
0.37999999999999967,4.54000000000001,-0.0005858601611453372,0.006046874808393707
0.37999999999999967,4.52000000000001,-0.0006972638867354781,0.006006415259267914
0.37999999999999967,4.500000000000011,-0.0008096032341297133,0.00596563487538114
0.37999999999999967,4.480000000000011,-0.0009228900176520786,0.005924529849893619
0.37999999999999967,4.4600000000000115,-0.0010371362511051307,0.005883096316100164
0.37999999999999967,4.440000000000012,-0.0011523541515613685,0.0058413303459314
0.37999999999999967,4.420000000000012,-0.0012685561444118032,0.005799227949072075
0.37999999999999967,4.400000000000013,-0.0013857548671203884,0.005756785071463877
0.37999999999999967,4.380000000000013,-0.0015039631738628175,0.005713997594145079
0.37999999999999967,4.360000000000014,-0.0016231941406166083,0.005670861332033622
0.37999999999999967,4.340000000000014,-0.0017434610696375722,0.00562737203238102
0.37999999999999967,4.3200000000000145,-0.0018647774940381055,0.005583525373699938
0.37999999999999967,4.300000000000015,-0.0019871571835935182,0.005539316964189973
0.37999999999999967,4.280000000000015,-0.002110614149297045,0.0054947423402791065
0.37999999999999967,4.260000000000016,-0.0022351626486776487,0.005449796965335665
0.37999999999999967,4.240000000000016,-0.002360817191734697,0.005404476228135224
0.37999999999999967,4.220000000000017,-0.0024875925460343534,0.005358775441218516
0.37999999999999967,4.200000000000017,-0.002615503742480687,0.005312689839384543
0.37999999999999967,4.1800000000000175,-0.002744566081659435,0.005266214578238469
0.37999999999999967,4.160000000000018,-0.0028747951391921876,0.005219344732224837
0.37999999999999967,4.140000000000018,-0.003006206772512396,0.005172075293319908
0.37999999999999967,4.120000000000019,-0.0031388171269656397,0.0051244011689779295
0.37999999999999967,4.100000000000019,-0.003272642642478703,0.005076317180585731
0.37999999999999967,4.08000000000002,-0.003407700060091912,0.005027818061606196
0.37999999999999967,4.06000000000002,-0.00354400642916415,0.00497889845556744
0.37999999999999967,4.0400000000000205,-0.003681579114282095,0.004929552914482133
0.37999999999999967,4.020000000000021,-0.003820435802649892,0.004879775896546236
0.37999999999999967,4.000000000000021,-0.0039605945114367614,0.004829561764283494
0.37999999999999967,3.9800000000000213,-0.004102073595821416,0.004778904782752703
0.37999999999999967,3.9600000000000213,-0.00424489175629615,0.0047277991168149375
0.37999999999999967,3.9400000000000213,-0.004389068047851942,0.004676238829686319
0.37999999999999967,3.9200000000000212,-0.004534621887157689,0.004624217880147788
0.37999999999999967,3.9000000000000212,-0.0046815730620546085,0.004571730120751516
0.37999999999999967,3.880000000000021,-0.004829941740226068,0.004518769295097036
0.37999999999999967,3.860000000000021,-0.004979748478021398,0.004465329035741358
0.37999999999999967,3.840000000000021,-0.005131014230208088,0.004411402861573821
0.37999999999999967,3.820000000000021,-0.005283760359472774,0.004356984175241468
0.37999999999999967,3.800000000000021,-0.005438008646368272,0.004302066260792679
0.37999999999999967,3.780000000000021,-0.005593781299692433,0.0042466422809839255
0.37999999999999967,3.760000000000021,-0.005751100966728524,0.004190705274224535
0.37999999999999967,3.740000000000021,-0.0059099907443454155,0.004134248152239367
0.37999999999999967,3.720000000000021,-0.006070474190090719,0.004077263697059241
0.37999999999999967,3.700000000000021,-0.006232575333729458,0.004019744557802796
0.37999999999999967,3.680000000000021,-0.00639631868900848,0.00396168324801674
0.37999999999999967,3.660000000000021,-0.006561729265999901,0.0039030721424721873
0.37999999999999967,3.640000000000021,-0.006728832583432297,0.0038439034737669797
0.37999999999999967,3.620000000000021,-0.0068976546821183215,0.0037841693293435286
0.37999999999999967,3.600000000000021,-0.007068222137689311,0.003723861648133972
0.37999999999999967,3.580000000000021,-0.007240562074840836,0.0036629722165334305
0.37999999999999967,3.560000000000021,-0.00741470218134542,0.00360149266562506
0.37999999999999967,3.540000000000021,-0.007590670722815868,0.003539414467149185
0.37999999999999967,3.520000000000021,-0.007768496557444661,0.0034767289296284178
0.37999999999999967,3.500000000000021,-0.007948209152057469,0.0034134271948381874
0.37999999999999967,3.480000000000021,-0.008129838597794228,0.0033495002335160347
0.37999999999999967,3.460000000000021,-0.00831341562683897,0.003284938841473267
0.37999999999999967,3.440000000000021,-0.008498971629589732,0.0032197336354080758
0.37999999999999967,3.420000000000021,-0.008686538671921585,0.0031538750484264716
0.37999999999999967,3.400000000000021,-0.008876149514038081,0.003087353325976004
0.37999999999999967,3.3800000000000208,-0.009067837628516946,0.0030201585207695752
0.37999999999999967,3.3600000000000207,-0.009261637220363824,0.002952280488429715
0.37999999999999967,3.3400000000000207,-0.009457583246681698,0.00288370888273436
0.37999999999999967,3.3200000000000207,-0.009655711437586319,0.00281443315032983
0.37999999999999967,3.3000000000000207,-0.009856058317306404,0.0027444425259622388
0.37999999999999967,3.2800000000000207,-0.010058661226603573,0.002673726026875878
0.37999999999999967,3.2600000000000207,-0.010263558345350669,0.0026022724477395495
0.37999999999999967,3.2400000000000206,-0.010470788716354613,0.0025300703548669645
0.37999999999999967,3.2200000000000206,-0.010680392269812844,0.0024571080804743767
0.37999999999999967,3.2000000000000206,-0.010892409848029765,0.0023833737169679514
0.37999999999999967,3.1800000000000206,-0.011106883232078188,0.0023088551105059224
0.37999999999999967,3.1600000000000206,-0.011323855168586527,0.0022335398552344315
0.37999999999999967,3.1400000000000206,-0.011543369397561409,0.0021574152862978355
0.37999999999999967,3.1200000000000205,-0.011765470681350514,0.0020804684736459786
0.37999999999999967,3.1000000000000205,-0.0119902048346235,0.002002686214866878
0.37999999999999967,3.0800000000000205,-0.012217618755162847,0.0019240550283826027
0.37999999999999967,3.0600000000000205,-0.012447760455927041,0.001844561145951093
0.37999999999999967,3.0400000000000205,-0.012680679098428951,0.0017641905054195071
0.37999999999999967,3.0200000000000204,-0.012916425026750535,0.0016829287426898681
0.37999999999999967,3.0000000000000204,-0.013155049803379512,0.0016007611841970526
0.37999999999999967,2.9800000000000204,-0.013396606246119077,0.00151767283836228
0.37999999999999967,2.9600000000000204,-0.013641148466127557,0.0014336483870705848
0.37999999999999967,2.9400000000000204,-0.013888731907391686,0.0013486721774152513
0.37999999999999967,2.9200000000000204,-0.014139413388503358,0.0012627282121830674
0.37999999999999967,2.9000000000000203,-0.014393251144330457,0.0011758001409875526
0.37999999999999967,2.8800000000000203,-0.014650304870720474,0.00108787125039915
0.37999999999999967,2.8600000000000203,-0.014910635770317166,0.0009989244542793208
0.37999999999999967,2.8400000000000203,-0.015174306599935995,0.0009089422835331096
0.37999999999999967,2.8200000000000203,-0.01544138171983593,0.0008179068755984967
0.37999999999999967,2.8000000000000203,-0.01571192714528453,0.000725799963545451
0.37999999999999967,2.7800000000000202,-0.015986010599265698,0.0006326028650829457
0.37999999999999967,2.76000000000002,-0.01626370156828128,0.0005382964708339766
0.37999999999999967,2.74000000000002,-0.016545071359309195,0.0004428612324538367
0.37999999999999967,2.72000000000002,-0.01683019315929974,0.0003462771504022383
0.37999999999999967,2.70000000000002,-0.01711914209779395,0.00024852376124152864
0.37999999999999967,2.68000000000002,-0.017411995310484266,0.00014958012432674667
0.37999999999999967,2.66000000000002,-0.01770883200667271,0.0000494248084298779
0.37999999999999967,2.64000000000002,-0.018009733539002634,-0.00005196412205390674
0.37999999999999967,2.62000000000002,-0.01831478347549171,-0.0001546091220564691
0.37999999999999967,2.60000000000002,-0.018624067675214268,-0.000258533180214314
0.37999999999999967,2.58000000000002,-0.018937674366618553,-0.00036375983490542253
0.37999999999999967,2.56000000000002,-0.019255694229145755,-0.00047031318946951124
0.37999999999999967,2.54000000000002,-0.019578220478464553,-0.0005782179292085632
0.37999999999999967,2.52000000000002,-0.019905348954755542,-0.0006874993381355068
0.37999999999999967,2.50000000000002,-0.020237178215283973,-0.0007981833166774976
0.37999999999999967,2.48000000000002,-0.02057380963022379,-0.0009102963997862958
0.37999999999999967,2.46000000000002,-0.020915347483094503,-0.0010238657756874055
0.37999999999999967,2.44000000000002,-0.02126189907520635,-0.0011389193054918492
0.37999999999999967,2.42000000000002,-0.021613574834755463,-0.00125548554279983
0.37999999999999967,2.40000000000002,-0.02197048843018938,-0.0013735937550016855
0.37999999999999967,2.38000000000002,-0.022332756889173647,-0.0014932739443832554
0.37999999999999967,2.36000000000002,-0.022700500722255365,-0.001614556870415067
0.37999999999999967,2.34000000000002,-0.023073844052339892,-0.0017374740726273405
0.37999999999999967,2.32000000000002,-0.02345291474935269,-0.0018620578943204825
0.37999999999999967,2.30000000000002,-0.02383784457171595,-0.001988341507194116
0.37999999999999967,2.28000000000002,-0.0242287693134198,-0.002116358936642228
0.37999999999999967,2.2600000000000198,-0.0246258289583274,-0.0022461450878472756
0.37999999999999967,2.2400000000000198,-0.025029167841115772,-0.0023777357730911776
0.37999999999999967,2.2200000000000197,-0.02543893481623048,-0.00251116773973027
0.37999999999999967,2.2000000000000197,-0.025855283433388082,-0.002646478699037974
0.37999999999999967,2.1800000000000197,-0.026278372122883642,-0.0027837073565649684
0.37999999999999967,2.1600000000000197,-0.02670836438850993,-0.002922893442796861
0.37999999999999967,2.1400000000000197,-0.027145429009474108,-0.0030640777453646954
0.37999999999999967,2.1200000000000196,-0.027589740252932114,-0.0032073021422609925
0.37999999999999967,2.1000000000000196,-0.02804147809574907,-0.003352609635939457
0.37999999999999967,2.0800000000000196,-0.028500828457475477,-0.0035000443890734582
0.37999999999999967,2.0600000000000196,-0.028967983443913273,-0.0036496517609937787
0.37999999999999967,2.0400000000000196,-0.029443141604140122,-0.00380147834554255
0.37999999999999967,2.0200000000000196,-0.029926508198336532,-0.003955572010411072
0.37999999999999967,2.0000000000000195,-0.03041829548029723,-0.004111981937320264
0.37999999999999967,1.9800000000000195,-0.030918722993205798,-0.004270758664320227
0.37999999999999967,1.9600000000000195,-0.03142801788130546,-0.004431954128350235
0.37999999999999967,1.9400000000000195,-0.03194641521610185,-0.004595621710366413
0.37999999999999967,1.9200000000000195,-0.03247415834045587,-0.004761816281136609
0.36999999999999966,5,0.0010655951747517538,0.007794318110024057
0.36999999999999966,4.98,0.0009710789288099918,0.0077594685700027866
0.36999999999999966,4.960000000000001,0.0008758380581395176,0.007724365505042401
0.36999999999999966,4.940000000000001,0.0007798642098848803,0.007689006153182146
0.36999999999999966,4.920000000000002,0.0006831489024903131,0.0076533877125207
0.36999999999999966,4.900000000000002,0.0005856835233338435,0.007617507340432289
0.36999999999999966,4.880000000000003,0.00048745932589907377,0.007581362152617371
0.36999999999999966,4.860000000000003,0.00038846742755359494,0.0075449492227860765
0.36999999999999966,4.840000000000003,0.00028869880666205485,0.007508265581567294
0.36999999999999966,4.820000000000004,0.00018814429993159812,0.007471308215630315
0.36999999999999966,4.800000000000004,0.00008679459956873609,0.007434074067188302
0.36999999999999966,4.780000000000005,-0.00001535974955858073,0.007396560033004165
0.36999999999999966,4.760000000000005,-0.00011832835274774444,0.0073587629635527285
0.36999999999999966,4.7400000000000055,-0.00022212096838112412,0.007320679662155757
0.36999999999999966,4.720000000000006,-0.0003267475116034949,0.0072823068841790795
0.36999999999999966,4.700000000000006,-0.00043221805644513313,0.007243641336093266
0.36999999999999966,4.680000000000007,-0.0005385428399108743,0.007204679674414544
0.36999999999999966,4.660000000000007,-0.0006457322647313427,0.007165418505018786
0.36999999999999966,4.640000000000008,-0.0007537969030816079,0.007125854382119545
0.36999999999999966,4.620000000000008,-0.0008627474997742704,0.0070859838070394116
0.36999999999999966,4.6000000000000085,-0.0009725949760286234,0.00704580322749053
0.36999999999999966,4.580000000000009,-0.0010833504327559746,0.00700530903649868
0.36999999999999966,4.560000000000009,-0.0011950251546975843,0.006964497571301895
0.36999999999999966,4.54000000000001,-0.0013076306138964642,0.006923365112128842
0.36999999999999966,4.52000000000001,-0.001421178473711762,0.006881907881427646
0.36999999999999966,4.500000000000011,-0.0015356805928078959,0.00684012204247373
0.36999999999999966,4.480000000000011,-0.001651149029316788,0.006798003698351925
0.36999999999999966,4.4600000000000115,-0.0017675960449408256,0.006755548890722732
0.36999999999999966,4.440000000000012,-0.0018850341093259867,0.006712753598624374
0.36999999999999966,4.420000000000012,-0.002003475904424192,0.00666961373726821
0.36999999999999966,4.400000000000013,-0.0021229343289891475,0.00662612515666848
0.36999999999999966,4.380000000000013,-0.002243422503475403,0.006582283640715933
0.36999999999999966,4.360000000000014,-0.0023649537742924456,0.006538084905245073
0.36999999999999966,4.340000000000014,-0.0024875417194548527,0.006493524597250631
0.36999999999999966,4.3200000000000145,-0.00261120015262997,0.006448598293112992
0.36999999999999966,4.300000000000015,-0.0027359431291594386,0.006403301497452128
0.36999999999999966,4.280000000000015,-0.0028617849509705515,0.0063576296415212424
0.36999999999999966,4.260000000000016,-0.0029887401718080003,0.006311578081788283
0.36999999999999966,4.240000000000016,-0.0031168236031326384,0.006265142098310458
0.36999999999999966,4.220000000000017,-0.0032460503197483982,0.0062183168933546
0.36999999999999966,4.200000000000017,-0.0033764356654215873,0.00617109758951908
0.36999999999999966,4.1800000000000175,-0.0035079952592375653,0.006123479228493683
0.36999999999999966,4.160000000000018,-0.003640745001640861,0.006075456768947302
0.36999999999999966,4.140000000000018,-0.003774701080699501,0.0060270250851984855
0.36999999999999966,4.120000000000019,-0.003909879978730982,0.0059781789651265835
0.36999999999999966,4.100000000000019,-0.004046298478899254,0.005928913108585794
0.36999999999999966,4.08000000000002,-0.004183973672373927,0.005879222125589667
0.36999999999999966,4.06000000000002,-0.004322922965065737,0.005829100534087903
0.36999999999999966,4.0400000000000205,-0.004463164084765034,0.005778542758290678
0.36999999999999966,4.020000000000021,-0.0046047150893578056,0.005727543126804527
0.36999999999999966,4.000000000000021,-0.004747594373510807,0.005676095870284094
0.36999999999999966,3.9800000000000213,-0.004891820677543037,0.00562419511946638
0.36999999999999966,3.9600000000000213,-0.0050374130945731,0.00557183490300478
0.36999999999999966,3.9400000000000213,-0.005184391079633222,0.005519009145402931
0.36999999999999966,3.9200000000000212,-0.005332774457812363,0.0054657116644644226
0.36999999999999966,3.9000000000000212,-0.005482583433307909,0.005411936169309205
0.36999999999999966,3.880000000000021,-0.005633838598350621,0.0053576762577571685
0.36999999999999966,3.860000000000021,-0.005786560942497008,0.005302925413855509
0.36999999999999966,3.840000000000021,-0.0059407718624945646,0.00524767700575576
0.36999999999999966,3.820000000000021,-0.006096493171884659,0.005191924282560906
0.36999999999999966,3.800000000000021,-0.006253747111368989,0.00513566037223194
0.36999999999999966,3.780000000000021,-0.006412556359064469,0.005078878278589591
0.36999999999999966,3.760000000000021,-0.006572944041614785,0.0050215708784942525
0.36999999999999966,3.740000000000021,-0.006734933744928085,0.0049637309192401705
0.36999999999999966,3.720000000000021,-0.006898549525868976,0.004905351015439041
0.36999999999999966,3.700000000000021,-0.0070638159239305,0.004846423645943253
0.36999999999999966,3.680000000000021,-0.007230757973184986,0.004786941151092829
0.36999999999999966,3.660000000000021,-0.007399401215200794,0.004726895729252122
0.36999999999999966,3.640000000000021,-0.007569771711408143,0.004666279433461033
0.36999999999999966,3.620000000000021,-0.007741896056935609,0.004605084168558149
0.36999999999999966,3.600000000000021,-0.007915801393523028,0.004543301687142391
0.36999999999999966,3.580000000000021,-0.008091515424393052,0.004480923586576684
0.36999999999999966,3.560000000000021,-0.00826906642821801,0.0044179413050594585
0.36999999999999966,3.540000000000021,-0.008448483274322481,0.00435434611788775
0.36999999999999966,3.520000000000021,-0.008629795438263518,0.0042901291339320635
0.36999999999999966,3.500000000000021,-0.008813033017264825,0.0042252812912249305
0.36999999999999966,3.480000000000021,-0.0089982267473354,0.004159793353245941
0.36999999999999966,3.460000000000021,-0.009185408019640282,0.00409365590480984
0.36999999999999966,3.440000000000021,-0.00937460889828028,0.0040268593474979825
0.36999999999999966,3.420000000000021,-0.009565862138284958,0.00395939389550537
0.36999999999999966,3.400000000000021,-0.009759201204141286,0.003891249570844274
0.36999999999999966,3.3800000000000208,-0.009954660289413619,0.0038224161993318934
0.36999999999999966,3.3600000000000207,-0.01015227433601925,0.003752883404832222
0.36999999999999966,3.3400000000000207,-0.010352079055231226,0.003682640605126297
0.36999999999999966,3.3200000000000207,-0.010554110948770054,0.0036116770065846363
0.36999999999999966,3.3000000000000207,-0.010758407330532831,0.003539981598779607
0.36999999999999966,3.2800000000000207,-0.010965006349135959,0.0034675431493616966
0.36999999999999966,3.2600000000000207,-0.011173947011912657,0.0033943501985386343
0.36999999999999966,3.2400000000000206,-0.011385269208256292,0.003320391053220892
0.36999999999999966,3.2200000000000206,-0.011599013735104496,0.00324565378130154
0.36999999999999966,3.2000000000000206,-0.011815222322770925,0.003170126205521373
0.36999999999999966,3.1800000000000206,-0.012033937661295745,0.003093795897507745
0.36999999999999966,3.1600000000000206,-0.012255203428563882,0.00301665017100379
0.36999999999999966,3.1400000000000206,-0.01247906431842839,0.0029386760756612146
0.36999999999999966,3.1200000000000205,-0.012705566070636292,0.002859860390124272
0.36999999999999966,3.1000000000000205,-0.012934755501483234,0.0027801896149292626
0.36999999999999966,3.0800000000000205,-0.01316668053494814,0.002699649965577061
0.36999999999999966,3.0600000000000205,-0.013401390236280652,0.002618227364901138
0.36999999999999966,3.0400000000000205,-0.01363893484527234,0.002535907435481141
0.36999999999999966,3.0200000000000204,-0.013879365812087416,0.0024526754918894333
0.36999999999999966,3.0000000000000204,-0.014122735833087246,0.002368516532495313
0.36999999999999966,2.9800000000000204,-0.014369098889126073,0.002283415231141492
0.36999999999999966,2.9600000000000204,-0.014618510284507393,0.002197355928372821
0.36999999999999966,2.9400000000000204,-0.014871026687326684,0.002110322622872897
0.36999999999999966,2.9200000000000204,-0.015126706172003127,0.0020222989620052867
0.36999999999999966,2.9000000000000203,-0.015385608262476995,0.0019332682325740314
0.36999999999999966,2.8800000000000203,-0.015647793977793322,0.0018432133509352494
0.36999999999999966,2.8600000000000203,-0.015913325878820682,0.001752116853003069
0.36999999999999966,2.8400000000000203,-0.016182268117131065,0.001659960883928016
0.36999999999999966,2.8200000000000203,-0.016454686485520474,0.0015667271873982952
0.36999999999999966,2.8000000000000203,-0.01673064847026856,0.0014723970944823667
0.36999999999999966,2.7800000000000202,-0.017010223306039938,0.0013769515123870507
0.36999999999999966,2.76000000000002,-0.01729348203215219,0.001280370912735862
0.36999999999999966,2.74000000000002,-0.01758049755168714,0.0011826353192263966
0.36999999999999966,2.72000000000002,-0.017871344692252843,0.0010837242952700596
0.36999999999999966,2.70000000000002,-0.018166100269761606,0.0009836169311251003
0.36999999999999966,2.68000000000002,-0.01846484315432546,0.0008822918303779681
0.36999999999999966,2.66000000000002,-0.01876765433883975,0.0007797270963349062
0.36999999999999966,2.64000000000002,-0.01907461701055374,0.0006759003176076694
0.36999999999999966,2.62000000000002,-0.019385816625128158,0.0005707885537069718
0.36999999999999966,2.60000000000002,-0.019701340984032843,0.0004643683194626713
0.36999999999999966,2.58000000000002,-0.02002128031500508,0.0003566155696883358
0.36999999999999966,2.56000000000002,-0.020345727355781357,0.0002475056828400556
0.36999999999999966,2.54000000000002,-0.020674777441111566,0.0001370134443736959
0.36999999999999966,2.52000000000002,-0.021008528593764328,0.00002511302928516479
0.36999999999999966,2.50000000000002,-0.021347081619217445,-0.00008822201561707599
0.36999999999999966,2.48000000000002,-0.02169054020401225,-0.00020301879017995544
0.36999999999999966,2.46000000000002,-0.022039011019004538,-0.000319305059896427
0.36999999999999966,2.44000000000002,-0.02239260382587637,-0.00043710927597739174
0.36999999999999966,2.42000000000002,-0.022751431589537383,-0.0005564605953159094
0.36999999999999966,2.40000000000002,-0.02311561059455098,-0.0006773889016678039
0.36999999999999966,2.38000000000002,-0.023485260566842532,-0.0007999248275839047
0.36999999999999966,2.36000000000002,-0.023860504800715783,-0.0009240997768300424
0.36999999999999966,2.34000000000002,-0.024241470291636234,-0.0010499459474477418
0.36999999999999966,2.32000000000002,-0.024628287874549983,-0.0011774963562367208
0.36999999999999966,2.30000000000002,-0.025021092369127772,-0.0013067848631924603
0.36999999999999966,2.28000000000002,-0.025420022730514375,-0.0014378461975698836
0.36999999999999966,2.2600000000000198,-0.025825222207819982,-0.0015707159842004922
0.36999999999999966,2.2400000000000198,-0.026236838509376494,-0.001705430771123513
0.36999999999999966,2.2200000000000197,-0.02665502397583472,-0.0018420280580196471
0.36999999999999966,2.2000000000000197,-0.027079935760998035,-0.0019805463255072944
0.36999999999999966,2.1800000000000197,-0.027511736021506084,-0.0021210250655809768
0.36999999999999966,2.1600000000000197,-0.02795059211495557,-0.0022635048130466226
0.36999999999999966,2.1400000000000197,-0.028396676807842067,-0.002408027177840444
0.36999999999999966,2.1200000000000196,-0.028850168493050457,-0.0025546348788148543
0.36999999999999966,2.1000000000000196,-0.029311251418041997,-0.0027033717783025105
0.36999999999999966,2.0800000000000196,-0.02978011592397867,-0.002854282917881701
0.36999999999999966,2.0600000000000196,-0.030256958696429213,-0.003007414555668525
0.36999999999999966,2.0400000000000196,-0.030741983028363,-0.003162814204390841
0.36999999999999966,2.0200000000000196,-0.031235399096415137,-0.0033205306712101998
0.36999999999999966,2.0000000000000195,-0.0317374242504776,-0.0034806140981586183
0.36999999999999966,1.9800000000000195,-0.03224828331813486,-0.0036431160048094272
0.36999999999999966,1.9600000000000195,-0.03276820892430489,-0.003808089331585496
0.36999999999999966,1.9400000000000195,-0.03329744182728868,-0.003975588484885006
0.36999999999999966,1.9200000000000195,-0.03383623127167924,-0.004145669383477615
0.35999999999999965,5,0.00035669118191278184,0.008667743399931411
0.35999999999999965,4.98,0.0002603279624020121,0.008632002434739878
0.35999999999999965,4.960000000000001,0.00016322549358918116,0.008596001572079848
0.35999999999999965,4.940000000000001,0.00006537524836708287,0.008559737981999889
0.35999999999999965,4.920000000000002,-0.00003323143176419156,0.008523208793840428
0.35999999999999965,4.900000000000002,-0.0001326033393275021,0.00848641109504038
0.35999999999999965,4.880000000000003,-0.0002327494034405973,0.00844934193053621
0.35999999999999965,4.860000000000003,-0.00033367869232445776,0.00841199830216966
0.35999999999999965,4.840000000000003,-0.0004354004164080246,0.008374377167583776
0.35999999999999965,4.820000000000004,-0.000537923930659082,0.00833647543966913
0.35999999999999965,4.800000000000004,-0.0006412587377969347,0.008298289985690462
0.35999999999999965,4.780000000000005,-0.0007454144907740831,0.008259817626203942
0.35999999999999965,4.760000000000005,-0.0008504009962249756,0.008221055134543326
0.35999999999999965,4.7400000000000055,-0.0009562282174159526,0.008181999235879353
0.35999999999999965,4.720000000000006,-0.0010629062771825466,0.008142646606029752
0.35999999999999965,4.700000000000006,-0.0011704454611494877,0.008102993870857528
0.35999999999999965,4.680000000000007,-0.001278856221426491,0.008063037605233421
0.35999999999999965,4.660000000000007,-0.0013881491791851025,0.008022774331952885
0.35999999999999965,4.640000000000008,-0.0014983351289850097,0.007982200521033309
0.35999999999999965,4.620000000000008,-0.0016094250418229226,0.00794131258839885
0.35999999999999965,4.6000000000000085,-0.0017214300685206118,0.00790010689502305
0.35999999999999965,4.580000000000009,-0.0018343615441636261,0.007858579745925992
0.35999999999999965,4.560000000000009,-0.0019482309911318112,0.007816727388882512
0.35999999999999965,4.54000000000001,-0.0020630501234494307,0.007774546013673708
0.35999999999999965,4.52000000000001,-0.002178830850524586,0.007732031750511348
0.35999999999999965,4.500000000000011,-0.0022955852816199268,0.007689180669348483
0.35999999999999965,4.480000000000011,-0.0024133257294441813,0.007645988778327777
0.35999999999999965,4.4600000000000115,-0.0025320647150130797,0.007602452022855435
0.35999999999999965,4.440000000000012,-0.002651814971630589,0.007558566284142754
0.35999999999999965,4.420000000000012,-0.0027725894498947714,0.007514327378208618
0.35999999999999965,4.400000000000013,-0.0028944013216911646,0.007469731054251014
0.35999999999999965,4.380000000000013,-0.0030172639854757427,0.007424772993725182
0.35999999999999965,4.360000000000014,-0.0031411910708149136,0.007379448808489307
0.35999999999999965,4.340000000000014,-0.0032661964437002604,0.007333754040054125
0.35999999999999965,4.3200000000000145,-0.003392294211402717,0.007287684157563478
0.35999999999999965,4.300000000000015,-0.0035194987278587397,0.007241234556735476
0.35999999999999965,4.280000000000015,-0.0036478245989262333,0.007194400558174413
0.35999999999999965,4.260000000000016,-0.0037772866882600127,0.007147177405972753
0.35999999999999965,4.240000000000016,-0.003907900122642879,0.007099560266146134
0.35999999999999965,4.220000000000017,-0.004039680297952534,0.0070515442247959595
0.35999999999999965,4.200000000000017,-0.0041726428853771395,0.007003124287004045
0.35999999999999965,4.1800000000000175,-0.004306803837159265,0.006954295374513628
0.35999999999999965,4.160000000000018,-0.004442179393206349,0.006905052324547779
0.35999999999999965,4.140000000000018,-0.0045787860875699336,0.006855389887762346
0.35999999999999965,4.120000000000019,-0.004716640755008993,0.006805302726435109
0.35999999999999965,4.100000000000019,-0.004855760537882415,0.006754785412884292
0.35999999999999965,4.08000000000002,-0.0049961628932088855,0.0067038324272996885
0.35999999999999965,4.06000000000002,-0.0051378655999727435,0.006652438155865952
0.35999999999999965,4.0400000000000205,-0.005280886766279308,0.006600596888857849
0.35999999999999965,4.020000000000021,-0.005425244837427316,0.006548302818681886
0.35999999999999965,4.000000000000021,-0.005570958603411693,0.0064955500374105635
0.35999999999999965,3.9800000000000213,-0.005718047207026155,0.006442332535075035
0.35999999999999965,3.9600000000000213,-0.005866530152443322,0.006388644197344501
0.35999999999999965,3.9400000000000213,-0.006016427313375077,0.0063344788030837845
0.35999999999999965,3.9200000000000212,-0.0061677589421377,0.006279830022218949
0.35999999999999965,3.9000000000000212,-0.006320545678650629,0.006224691413425312
0.35999999999999965,3.880000000000021,-0.006474808559333165,0.006169056421507321
0.35999999999999965,3.860000000000021,-0.00663056902731747,0.006112918375098808
0.35999999999999965,3.840000000000021,-0.006787848941714985,0.006056270483945456
0.35999999999999965,3.820000000000021,-0.006946670588006231,0.005999105836381982
0.35999999999999965,3.800000000000021,-0.007107056688485576,0.005941417396521861
0.35999999999999965,3.780000000000021,-0.007269030412691847,0.0058831980017253135
0.35999999999999965,3.760000000000021,-0.007432615388856709,0.005824440359475991
0.35999999999999965,3.740000000000021,-0.0075978357148735725,0.005765137044760574
0.35999999999999965,3.720000000000021,-0.007764715970268478,0.00570528049677891
0.35999999999999965,3.700000000000021,-0.007933281228160952,0.00564486301612948
0.35999999999999965,3.680000000000021,-0.008103557067602928,0.005583876761466294
0.35999999999999965,3.660000000000021,-0.008275569586325126,0.005522313746393934
0.35999999999999965,3.640000000000021,-0.008449345414267374,0.005460165836102308
0.35999999999999965,3.620000000000021,-0.008624911726751741,0.005397424743974803
0.35999999999999965,3.600000000000021,-0.008802296258511257,0.00533408202789136
0.35999999999999965,3.580000000000021,-0.008981527318550724,0.005270129087048131
0.35999999999999965,3.560000000000021,-0.009162633804397403,0.00520555715774234
0.35999999999999965,3.540000000000021,-0.009345645217792065,0.005140357310024338
0.35999999999999965,3.520000000000021,-0.009530591680492211,0.005074520443329733
0.35999999999999965,3.500000000000021,-0.009717503950505298,0.005008037282958108
0.35999999999999965,3.480000000000021,-0.009906413439017075,0.0049408983756182995
0.35999999999999965,3.460000000000021,-0.01009735222754854,0.004873094085216967
0.35999999999999965,3.440000000000021,-0.010290353086144914,0.004804614588465553
0.35999999999999965,3.420000000000021,-0.010485449491607367,0.004735449870687088
0.35999999999999965,3.400000000000021,-0.010682675646590263,0.004665589720764737
0.35999999999999965,3.3800000000000208,-0.010882066499771605,0.004595023726669159
0.35999999999999965,3.3600000000000207,-0.011083657765457267,0.004523741270560572
0.35999999999999965,3.3400000000000207,-0.011287485945306212,0.0044517315236225485
0.35999999999999965,3.3200000000000207,-0.011493588349407946,0.004378983441017531
0.35999999999999965,3.3000000000000207,-0.011702003119276369,0.004305485756539981
0.35999999999999965,3.2800000000000207,-0.011912769250615466,0.004231226977249841
0.35999999999999965,3.2600000000000207,-0.012125926617292653,0.004156195377506375
0.35999999999999965,3.2400000000000206,-0.012341515996739466,0.004080378993686677
0.35999999999999965,3.2200000000000206,-0.01255957909442836,0.004003765617607499
0.35999999999999965,3.2000000000000206,-0.012780158571210058,0.0039263427909798365
0.35999999999999965,3.1800000000000206,-0.013003298070535584,0.003848097798716879
0.35999999999999965,3.1600000000000206,-0.01322904224646998,0.003769017662515625
0.35999999999999965,3.1400000000000206,-0.013457436793060593,0.0036890891342243604
0.35999999999999965,3.1200000000000205,-0.013688528475138198,0.003608298688844186
0.35999999999999965,3.1000000000000205,-0.01392236515894454,0.003526632517314429
0.35999999999999965,3.0800000000000205,-0.014158995845243797,0.0034440765195918183
0.35999999999999965,3.0600000000000205,-0.014398470702368143,0.0033606162966641484
0.35999999999999965,3.0400000000000205,-0.014640841101611447,0.003276237142924132
0.35999999999999965,3.0200000000000204,-0.014886159653019098,0.003190924038238438
0.35999999999999965,3.0000000000000204,-0.01513448024261595,0.003104661639608
0.35999999999999965,2.9800000000000204,-0.015385858071467006,0.003017434272728832
0.35999999999999965,2.9600000000000204,-0.015640349695560586,0.0029292259230696976
0.35999999999999965,2.9400000000000204,-0.015898013067345805,0.002840020226912463
0.35999999999999965,2.9200000000000204,-0.016158907579260702,0.002749800462091029
0.35999999999999965,2.9000000000000203,-0.016423094107937172,0.002658549538338058
0.35999999999999965,2.8800000000000203,-0.016690635060997272,0.0025662499872616262
0.35999999999999965,2.8600000000000203,-0.016961594425141592,0.0024728839522670243
0.35999999999999965,2.8400000000000203,-0.01723603781574605,0.002378433177845099
0.35999999999999965,2.8200000000000203,-0.017514032529253286,0.002282878998917737
0.35999999999999965,2.8000000000000203,-0.017795647596565843,0.0021862023293088215
0.35999999999999965,2.7800000000000202,-0.018080953839223278,0.0020883836505448186
0.35999999999999965,2.76000000000002,-0.018370023927263723,0.001989402999338207
0.35999999999999965,2.74000000000002,-0.018662932439515518,0.001889239955880466
0.35999999999999965,2.72000000000002,-0.018959755926666794,0.001787873630727528
0.35999999999999965,2.70000000000002,-0.019260572975822062,0.0016852826516419728
0.35999999999999965,2.68000000000002,-0.019565464278697632,0.0015814451503275984
0.35999999999999965,2.66000000000002,-0.01987451270169297,0.001476338747967848
0.35999999999999965,2.64000000000002,-0.020187803359443212,0.0013699405411587446
0.35999999999999965,2.62000000000002,-0.02050542369080955,0.0012622270867214298
0.35999999999999965,2.60000000000002,-0.020827463538189803,0.0011531743865196165
0.35999999999999965,2.58000000000002,-0.02115401523019394,0.0010427578712814342
0.35999999999999965,2.56000000000002,-0.021485173667270825,0.0009309523842421785
0.35999999999999965,2.54000000000002,-0.021821036411771483,0.0008177321641794078
0.35999999999999965,2.52000000000002,-0.022161703780488838,0.0007030708278391098
0.35999999999999965,2.50000000000002,-0.02250727894214331,0.0005869413517836791
0.35999999999999965,2.48000000000002,-0.022857868018609246,0.0004693160536550986
0.35999999999999965,2.46000000000002,-0.023213580190344862,0.0003501665728064367
0.35999999999999965,2.44000000000002,-0.02357452780658745,0.0002294638503655272
0.35999999999999965,2.42000000000002,-0.023940826499876187,0.0001071781083644488
0.35999999999999965,2.40000000000002,-0.02431259530613728,-0.000016721171377062638
0.35999999999999965,2.38000000000002,-0.024689956789223144,-0.00014226526950928547
0.35999999999999965,2.36000000000002,-0.025073037171986022,-0.00026948625191408615
0.35999999999999965,2.34000000000002,-0.025461966471911582,-0.0003984169932965548
0.35999999999999965,2.32000000000002,-0.025856878643801214,-0.0005290912015737115
0.35999999999999965,2.30000000000002,-0.026257911728402,-0.0006615434430345679
0.35999999999999965,2.28000000000002,-0.026665208007758696,-0.0007958091685093122
0.35999999999999965,2.2600000000000198,-0.02707891416765,-0.0009319247400574188
0.35999999999999965,2.2400000000000198,-0.02749918146764295,-0.001069927459102435
0.35999999999999965,2.2200000000000197,-0.027926165918658964,-0.001209855594911484
0.35999999999999965,2.2000000000000197,-0.028360028469045725,-0.0013517484145328731
0.35999999999999965,2.1800000000000197,-0.028800935199247736,-0.0014956462134012444
0.35999999999999965,2.1600000000000197,-0.0292490575257539,-0.001641590347135069
0.35999999999999965,2.1400000000000197,-0.02970457241441546,-0.0017896232643649385
0.35999999999999965,2.1200000000000196,-0.030167662604173803,-0.0019397885405924437
0.35999999999999965,2.1000000000000196,-0.030638516841824944,-0.002092130913329361
0.35999999999999965,2.0800000000000196,-0.031117330127363653,-0.002246696318277522
0.35999999999999965,2.0600000000000196,-0.03160430397236087,-0.0024035319265269424
0.35999999999999965,2.0400000000000196,-0.03209964666975224,-0.0025626861836336723
0.35999999999999965,2.0200000000000196,-0.03260357357829414,-0.002724208848945975
0.35999999999999965,2.0000000000000195,-0.03311630742059153,-0.0028881510372234936
0.35999999999999965,1.9800000000000195,-0.03363807859565096,-0.003054565261017217
0.35999999999999965,1.9600000000000195,-0.03416912550786299,-0.0032235054746948683
0.35999999999999965,1.9400000000000195,-0.03470969491308892,-0.0033950271192331183
0.35999999999999965,1.9200000000000195,-0.035260042281316926,-0.0035691871696002554
0.34999999999999964,5,-0.0003860329269733233,0.009513604219123298
0.34999999999999964,4.98,-0.00048432045900346186,0.009476915734983469
0.34999999999999964,4.960000000000001,-0.0005833625042379383,0.009439960597477856
0.34999999999999964,4.940000000000001,-0.0006831677719583793,0.00940273590506388
0.34999999999999964,4.920000000000002,-0.0007837451056189127,0.009365238714133091
0.34999999999999964,4.900000000000002,-0.0008851034858300959,0.009327466038417533
0.34999999999999964,4.880000000000003,-0.000987252032744898,0.009289414848040176
0.34999999999999964,4.860000000000003,-0.0010902000089052814,0.009251082068946398
0.34999999999999964,4.840000000000003,-0.0011939568217643108,0.00921246458169851
0.34999999999999964,4.820000000000004,-0.0012985320270015666,0.00917355922128131
0.34999999999999964,4.800000000000004,-0.0014039353307986981,0.009134362775488639
0.34999999999999964,4.780000000000005,-0.0015101765935615647,0.00909487198485215
0.34999999999999964,4.760000000000005,-0.0016172658323679264,0.009055083541028422
0.34999999999999964,4.7400000000000055,-0.001725213224407178,0.009014994086576605
0.34999999999999964,4.720000000000006,-0.0018340291101563706,0.008974600213469977
0.34999999999999964,4.700000000000006,-0.0019437239965166696,0.008933898462407197
0.34999999999999964,4.680000000000007,-0.0020543085601830184,0.008892885321982
0.34999999999999964,4.660000000000007,-0.0021657936514184618,0.008851557227412543
0.34999999999999964,4.640000000000008,-0.002278190297113802,0.008809910559736268
0.34999999999999964,4.620000000000008,-0.0023915097047192543,0.008767941644754126
0.34999999999999964,4.6000000000000085,-0.002505763265863147,0.008725646751890595
0.34999999999999964,4.580000000000009,-0.0026209625598597724,0.0086830220932567
0.34999999999999964,4.560000000000009,-0.002737119358180587,0.008640063822406396
0.34999999999999964,4.54000000000001,-0.002854245627918482,0.008596768033294204
0.34999999999999964,4.52000000000001,-0.0029723535361725496,0.008553130759226322
0.34999999999999964,4.500000000000011,-0.0030914554538258037,0.008509147971314768
0.34999999999999964,4.480000000000011,-0.003211563960538298,0.008464815577755637
0.34999999999999964,4.4600000000000115,-0.003332691848420933,0.008420129422336678
0.34999999999999964,4.440000000000012,-0.003454852126792066,0.008375085283214075
0.34999999999999964,4.420000000000012,-0.003578058027215768,0.008329678871564002
0.34999999999999964,4.400000000000013,-0.0037023230074571833,0.008283905830307707
0.34999999999999964,4.380000000000013,-0.0038276607570880763,0.00823776173292249
0.34999999999999964,4.360000000000014,-0.003954085201912283,0.008191242081730124
0.34999999999999964,4.340000000000014,-0.0040816105094323004,0.00814434230676724
0.34999999999999964,4.3200000000000145,-0.004210251094086565,0.008097057764348103
0.34999999999999964,4.300000000000015,-0.004340021622248368,0.008049383735172088
0.34999999999999964,4.280000000000015,-0.0044709370183770615,0.008001315423352619
0.34999999999999964,4.260000000000016,-0.0046030124701399965,0.007952847954519754
0.34999999999999964,4.240000000000016,-0.0047362634344477825,0.007903976374293298
0.34999999999999964,4.220000000000017,-0.004870705643686674,0.00785469564676786
0.34999999999999964,4.200000000000017,-0.005006355111313005,0.007805000652670063
0.34999999999999964,4.1800000000000175,-0.005143228138589112,0.007754886187806408
0.34999999999999964,4.160000000000018,-0.005281341321033866,0.007704346961134048
0.34999999999999964,4.140000000000018,-0.005420711554673982,0.007653377593128993
0.34999999999999964,4.120000000000019,-0.00556135604342034,0.007601972613834926
0.34999999999999964,4.100000000000019,-0.005703292305669192,0.0075501264611756436
0.34999999999999964,4.08000000000002,-0.005846538181799098,0.007497833478592904
0.34999999999999964,4.06000000000002,-0.005991111841296552,0.007445087913561375
0.34999999999999964,4.0400000000000205,-0.006137031790644923,0.007391883915276229
0.34999999999999964,4.020000000000021,-0.006284316880865898,0.007338215532635015
0.34999999999999964,4.000000000000021,-0.006432986315803401,0.007284076712100039
0.34999999999999964,3.9800000000000213,-0.006583059660251481,0.007229461295468087
0.34999999999999964,3.9600000000000213,-0.006734556848622517,0.007174363017795102
0.34999999999999964,3.9400000000000213,-0.00688749819329377,0.007118775504798891
0.34999999999999964,3.9200000000000212,-0.007041904394167553,0.007062692270857908
0.34999999999999964,3.9000000000000212,-0.007197796547327143,0.007006106716212079
0.34999999999999964,3.880000000000021,-0.007355196155087625,0.006949012124817938
0.34999999999999964,3.860000000000021,-0.007514125135258685,0.006891401661562883
0.34999999999999964,3.840000000000021,-0.007674605831773977,0.006833268369896035
0.34999999999999964,3.820000000000021,-0.007836661024496903,0.006774605168847765
0.34999999999999964,3.800000000000021,-0.008000313940190996,0.006715404850432084
0.34999999999999964,3.780000000000021,-0.00816558826362291,0.006655660076914989
0.34999999999999964,3.760000000000021,-0.008332508148442252,0.006595363377714155
0.34999999999999964,3.740000000000021,-0.008501098229309154,0.0065345071465984575
0.34999999999999964,3.720000000000021,-0.008671383633360799,0.006473083638655154
0.34999999999999964,3.700000000000021,-0.008843389993160568,0.006411084966822115
0.34999999999999964,3.680000000000021,-0.009017143458693477,0.006348503099161636
0.34999999999999964,3.660000000000021,-0.00919267071114881,0.00628532985512955
0.34999999999999964,3.640000000000021,-0.00936999897602304,0.00622155690244584
0.34999999999999964,3.620000000000021,-0.009549156037038846,0.00615717575351879
0.34999999999999964,3.600000000000021,-0.009730170250751857,0.006092177761736204
0.34999999999999964,3.580000000000021,-0.009913070560880033,0.006026554118131248
0.34999999999999964,3.560000000000021,-0.010097886514064085,0.005960295847284695
0.34999999999999964,3.540000000000021,-0.010284648275244983,0.005893393803482791
0.34999999999999964,3.520000000000021,-0.010473386643788734,0.005825838666785661
0.34999999999999964,3.500000000000021,-0.010664133070516038,0.005757620938963762
0.34999999999999964,3.480000000000021,-0.010856919674778602,0.005688730939332955
0.34999999999999964,3.460000000000021,-0.011051779262124493,0.005619158800085709
0.34999999999999964,3.440000000000021,-0.011248745342926005,0.0055488944623146965
0.34999999999999964,3.420000000000021,-0.011447852151170826,0.00547792767104896
0.34999999999999964,3.400000000000021,-0.011649134663959521,0.005406247970747943
0.34999999999999964,3.3800000000000208,-0.011852628621873052,0.005333844700357283
0.34999999999999964,3.3600000000000207,-0.01205837054973158,0.005260706988438748
0.34999999999999964,3.3400000000000207,-0.01226639777815738,0.005186823747917617
0.34999999999999964,3.3200000000000207,-0.01247674846569262,0.0051121836708680115
0.34999999999999964,3.3000000000000207,-0.012689461622149513,0.005036775223086307
0.34999999999999964,3.2800000000000207,-0.012904577131972118,0.004960586638466432
0.34999999999999964,3.2600000000000207,-0.013122135779001476,0.004883605913434341
0.34999999999999964,3.2400000000000206,-0.01334217927192046,0.004805820800820426
0.34999999999999964,3.2200000000000206,-0.013564750270085819,0.004727218803825012
0.34999999999999964,3.2000000000000206,-0.01378989241129873,0.004647787169846998
0.34999999999999964,3.1800000000000206,-0.014017650339354076,0.004567512883982355
0.34999999999999964,3.1600000000000206,-0.014248069733324903,0.004486382662509392
0.34999999999999964,3.1400000000000206,-0.01448119733753992,0.004404382945646906
0.34999999999999964,3.1200000000000205,-0.014717080992503913,0.00432149989103401
0.34999999999999964,3.1000000000000205,-0.014955769667614593,0.004237719366236813
0.34999999999999964,3.0800000000000205,-0.015197313493563827,0.004153026941284055
0.34999999999999964,3.0600000000000205,-0.015441763797812293,0.004067407880902527
0.34999999999999964,3.0400000000000205,-0.01568917313953547,0.0039808471368277705
0.34999999999999964,3.0200000000000204,-0.01593959534712129,0.003893329339415247
0.34999999999999964,3.0000000000000204,-0.01619308555623617,0.0038048387893200586
0.34999999999999964,2.9800000000000204,-0.016449700249576385,0.0037153594488584865
0.34999999999999964,2.9600000000000204,-0.016709497298173594,0.003624874932956046
0.34999999999999964,2.9400000000000204,-0.016972536003968162,0.003533368500171441
0.34999999999999964,2.9200000000000204,-0.017238877143919088,0.003440823042847971
0.34999999999999964,2.9000000000000203,-0.017508583016304962,0.00334722107762355
0.34999999999999964,2.8800000000000203,-0.017781717487937075,0.003252544735213893
0.34999999999999964,2.8600000000000203,-0.018058346043724693,0.003156775750073823
0.34999999999999964,2.8400000000000203,-0.018338535837866314,0.003059895449441713
0.34999999999999964,2.8200000000000203,-0.018622355747175336,0.0029618847426666345
0.34999999999999964,2.8000000000000203,-0.01890987642633825,0.002862724109389904
0.34999999999999964,2.7800000000000202,-0.019201170365061603,0.002762393587959905
0.34999999999999964,2.76000000000002,-0.019496311947881536,0.002660872763196487
0.34999999999999964,2.74000000000002,-0.019795377515913468,0.0025581407539820855
0.34999999999999964,2.72000000000002,-0.020098445431506382,0.002454176200068693
0.34999999999999964,2.70000000000002,-0.02040559614452838,0.002348957248979232
0.34999999999999964,2.68000000000002,-0.02071691226268156,0.0022424615420304217
0.34999999999999964,2.66000000000002,-0.02103247862297252,0.002134666200217128
0.34999999999999964,2.64000000000002,-0.021352382367497248,0.00202554780940083
0.34999999999999964,2.62000000000002,-0.021676713021606533,0.0019150824052790866
0.34999999999999964,2.60000000000002,-0.022005562575072038,0.0018032454575649393
0.34999999999999964,2.58000000000002,-0.02233902556705981,0.0016900118539046605
0.34999999999999964,2.56000000000002,-0.022677199174330896,0.001575355883200083
0.34999999999999964,2.54000000000002,-0.023020183303210588,0.0014592512181826334
0.34999999999999964,2.52000000000002,-0.023368080685202748,0.0013416708978454123
0.34999999999999964,2.50000000000002,-0.02372099697687686,0.0012225873089886374
0.34999999999999964,2.48000000000002,-0.02407904086393617,0.0011019721668852206
0.34999999999999964,2.46000000000002,-0.024442324169392723,0.0009797964961595629
0.34999999999999964,2.44000000000002,-0.02481096196674847,0.0008560306101396409
0.34999999999999964,2.42000000000002,-0.025185072698207227,0.0007306440899294483
0.34999999999999964,2.40000000000002,-0.025564778297120897,0.0006036057628549807
0.34999999999999964,2.38000000000002,-0.025950204317158117,0.000474883680212361
0.34999999999999964,2.36000000000002,-0.0263414800658818,0.0003444450937871088
0.34999999999999964,2.34000000000002,-0.02673873874492764,0.00021225643232623825
0.34999999999999964,2.32000000000002,-0.027142117596367532,0.00007828327664075041
0.34999999999999964,2.30000000000002,-0.02755175805553016,-0.00005750966577704186
0.34999999999999964,2.28000000000002,-0.027967805910624664,-0.00019515858711614473
0.34999999999999964,2.2600000000000198,-0.02839041147014526,-0.00033470060662844567
0.34999999999999964,2.2400000000000198,-0.0288197297372074,-0.000476173798476906
0.34999999999999964,2.2200000000000197,-0.029255920592431126,-0.0006196172211379303
0.34999999999999964,2.2000000000000197,-0.029699148985295618,-0.0007650709471094322
0.34999999999999964,2.1800000000000197,-0.030149585134479996,-0.0009125760942401209
0.34999999999999964,2.1600000000000197,-0.030607404737180564,-0.0010621748575484063
0.34999999999999964,2.1400000000000197,-0.031072789189048815,-0.0012139105424190597
0.34999999999999964,2.1200000000000196,-0.03154592581432231,-0.00136782759891705
0.34999999999999964,2.1000000000000196,-0.03202700810711277,-0.0015239716569919182
0.34999999999999964,2.0800000000000196,-0.032516235983805444,-0.0016823895629757973
0.34999999999999964,2.0600000000000196,-0.033013816049287936,-0.0018431294173311824
0.34999999999999964,2.0400000000000196,-0.03351996187469174,-0.002006240613305163
0.34999999999999964,2.0200000000000196,-0.034034894289621156,-0.0021717738774754552
0.34999999999999964,2.0000000000000195,-0.03455884168924165,-0.0023397813108887028
0.34999999999999964,1.9800000000000195,-0.03509204035626347,-0.0025103164317009964
0.34999999999999964,1.9600000000000195,-0.03563473479951336,-0.0026834342195219407
0.34999999999999964,1.9400000000000195,-0.03618717811010859,-0.002859191160767348
0.34999999999999964,1.9200000000000195,-0.03674963233526354,-0.003037645295295502
0.33999999999999964,5,-0.001164752495204597,0.010327987079684728
0.33999999999999964,4.98,-0.0012650465829646875,0.010290288728066976
0.33999999999999964,4.960000000000001,-0.0013661111300912023,0.01025231654074682
0.33999999999999964,4.940000000000001,-0.0014679550364193761,0.010214067540010655
0.33999999999999964,4.920000000000002,-0.001570587339316149,0.010175538705228276
0.33999999999999964,4.900000000000002,-0.0016740172162476533,0.01013672697188614
0.33999999999999964,4.880000000000003,-0.001778253987137378,0.010097629230781594
0.33999999999999964,4.860000000000003,-0.0018833071178098971,0.010058242327462608
0.33999999999999964,4.840000000000003,-0.001989186222397409,0.010018563061076999
0.33999999999999964,4.820000000000004,-0.0020959010662825925,0.009978588183678062
0.33999999999999964,4.800000000000004,-0.0022034615692876625,0.009938314399327963
0.33999999999999964,4.780000000000005,-0.0023118778083642396,0.009897738363390807
0.33999999999999964,4.760000000000005,-0.002421160021164812,0.009856856681255848
0.33999999999999964,4.7400000000000055,-0.002531318608911457,0.00981566590785532
0.33999999999999964,4.720000000000006,-0.0026423641400261204,0.009774162546397888
0.33999999999999964,4.700000000000006,-0.00275430735283286,0.009732343047470247
0.33999999999999964,4.680000000000007,-0.002867159159673168,0.009690203808174456
0.33999999999999964,4.660000000000007,-0.0029809306502545886,0.00964774117099261
0.33999999999999964,4.640000000000008,-0.0030956330950060048,0.009604951422999698
0.33999999999999964,4.620000000000008,-0.0032112779490856853,0.009561830794335542
0.33999999999999964,4.6000000000000085,-0.0033278768559070046,0.009518375457618647
0.33999999999999964,4.580000000000009,-0.003445441651198161,0.009474581526534354
0.33999999999999964,4.560000000000009,-0.00356398436691801,0.009430445054927097
0.33999999999999964,4.54000000000001,-0.0036835172353316624,0.009385962035496825
0.33999999999999964,4.52000000000001,-0.0038040526931493257,0.009341128398562468
0.33999999999999964,4.500000000000011,-0.003925603386008324,0.009295940011165155
0.33999999999999964,4.480000000000011,-0.004048182172576676,0.009250392675519411
0.33999999999999964,4.4600000000000115,-0.0041718021291512405,0.009204482127853714
0.33999999999999964,4.440000000000012,-0.0042964765543591615,0.009158204037232706
0.33999999999999964,4.420000000000012,-0.004422218973961221,0.009111554004041619
0.33999999999999964,4.400000000000013,-0.004549043145329669,0.009064527558754212
0.33999999999999964,4.380000000000013,-0.004676963062938219,0.009017120160610195
0.33999999999999964,4.360000000000014,-0.0048059929629965335,0.00896932719607297
0.33999999999999964,4.340000000000014,-0.004936147329052854,0.008921143977380475
0.33999999999999964,4.3200000000000145,-0.005067440897272672,0.008872565741272057
0.33999999999999964,4.300000000000015,-0.005199888661634925,0.008823587647088321
0.33999999999999964,4.280000000000015,-0.005333505880213212,0.008774204775664388
0.33999999999999964,4.260000000000016,-0.005468308080437622,0.00872441212743616
0.33999999999999964,4.240000000000016,-0.005604311065264014,0.008674204620796558
0.33999999999999964,4.220000000000017,-0.005741530919354949,0.008623577090754703
0.33999999999999964,4.200000000000017,-0.005879984015332257,0.00857252428668813
0.33999999999999964,4.1800000000000175,-0.006019687020285255,0.008521040871181274
0.33999999999999964,4.160000000000018,-0.006160656902099594,0.008469121417803718
0.33999999999999964,4.140000000000018,-0.006302910936659251,0.008416760409405834
0.33999999999999964,4.120000000000019,-0.006446466714719414,0.008363952236396924
0.33999999999999964,4.100000000000019,-0.006591342148906228,0.008310691194475143
0.33999999999999964,4.08000000000002,-0.006737555481472631,0.008256971483024816
0.33999999999999964,4.06000000000002,-0.006885125291355713,0.008202787202750764
0.33999999999999964,4.0400000000000205,-0.007034070502585964,0.008148132353857775
0.33999999999999964,4.020000000000021,-0.007184410391877771,0.008093000833866229
0.33999999999999964,4.000000000000021,-0.007336164596866789,0.008037386435357813
0.33999999999999964,3.9800000000000213,-0.007489353124894696,0.007981282843538363
0.33999999999999964,3.9600000000000213,-0.00764399636153718,0.0079246836345893
0.33999999999999964,3.9400000000000213,-0.007800115079296289,0.007867582272621979
0.33999999999999964,3.9200000000000212,-0.007957730447243485,0.007809972107617816
0.33999999999999964,3.9000000000000212,-0.008116864040415022,0.007751846372839016
0.33999999999999964,3.880000000000021,-0.008277537849320775,0.00769319818247937
0.33999999999999964,3.860000000000021,-0.008439774290068668,0.007634020528731661
0.33999999999999964,3.840000000000021,-0.00860359621471974,0.007574306279443467
0.33999999999999964,3.820000000000021,-0.008769026921999974,0.007514048175071335
0.33999999999999964,3.800000000000021,-0.008936090168181008,0.007453238826224166
0.33999999999999964,3.780000000000021,-0.009104810178131324,0.007391870710521692
0.33999999999999964,3.760000000000021,-0.009275211657124423,0.007329936169538032
0.33999999999999964,3.740000000000021,-0.009447319802653866,0.007267427406169542
0.33999999999999964,3.720000000000021,-0.009621160316930999,0.007204336481130773
0.33999999999999964,3.700000000000021,-0.009796759419168516,0.007140655309832308
0.33999999999999964,3.680000000000021,-0.00997414385892758,0.007076375659277941
0.33999999999999964,3.660000000000021,-0.010153340929349608,0.007011489144436112
0.33999999999999964,3.640000000000021,-0.01033437848122848,0.0069459872250822036
0.33999999999999964,3.620000000000021,-0.010517284936901242,0.006879861201810472
0.33999999999999964,3.600000000000021,-0.010702089305239295,0.006813102212670119
0.33999999999999964,3.580000000000021,-0.01088882119687135,0.00674570122951363
0.33999999999999964,3.560000000000021,-0.011077510839509381,0.006677649053791866
0.33999999999999964,3.540000000000021,-0.011268189094237583,0.006608936312852053
0.33999999999999964,3.520000000000021,-0.011460887472073989,0.006539553455680386
0.33999999999999964,3.500000000000021,-0.01165563815119966,0.006469490749024295
0.33999999999999964,3.480000000000021,-0.011852473994600193,0.006398738272702896
0.33999999999999964,3.460000000000021,-0.012051428568116524,0.006327285915279219
0.33999999999999964,3.440000000000021,-0.01225253615967308,0.0062551233697814845
0.33999999999999964,3.420000000000021,-0.0124558317983747,0.006182240128814326
0.33999999999999964,3.400000000000021,-0.012661351274625041,0.006108625479626199
0.33999999999999964,3.3800000000000208,-0.012869131161029576,0.006034268499368833
0.33999999999999964,3.3600000000000207,-0.01307920883362167,0.005959158050073812
0.33999999999999964,3.3400000000000207,-0.01329162249392702,0.005883282773177526
0.33999999999999964,3.3200000000000207,-0.013506411191932965,0.005806631084272096
0.33999999999999964,3.3000000000000207,-0.01372361484958049,0.005729191167658684
0.33999999999999964,3.2800000000000207,-0.013943274285344608,0.005650950970550947
0.33999999999999964,3.2600000000000207,-0.014165431238858158,0.005571898197109262
0.33999999999999964,3.2400000000000206,-0.014390128397632113,0.005492020302666378
0.33999999999999964,3.2200000000000206,-0.014617409423794095,0.005411304487400082
0.33999999999999964,3.2000000000000206,-0.014847318981420774,0.005329737689910526
0.33999999999999964,3.1800000000000206,-0.015079902766059642,0.00524730658068194
0.33999999999999964,3.1600000000000206,-0.015315207534174239,0.0051639975554309565
0.33999999999999964,3.1400000000000206,-0.015553281133988784,0.005079796727827171
0.33999999999999964,3.1200000000000205,-0.015794172537292504,0.004994689922647191
0.33999999999999964,3.1000000000000205,-0.016037931872738893,0.004908662668399302
0.33999999999999964,3.0800000000000205,-0.016284610459691644,0.004821700189244334
0.33999999999999964,3.0600000000000205,-0.016534260844078035,0.004733787397937755
0.33999999999999964,3.0400000000000205,-0.01678693683445772,0.004644908886921099
0.33999999999999964,3.0200000000000204,-0.017042693540541297,0.004555048920696726
0.33999999999999964,3.0000000000000204,-0.01730158741233606,0.004464191426911672
0.33999999999999964,2.9800000000000204,-0.017563676280653296,0.004372319987445861
0.33999999999999964,2.9600000000000204,-0.017829019400040988,0.004279417829623787
0.33999999999999964,2.9400000000000204,-0.01809767749180638,0.004185467816587823
0.33999999999999964,2.9200000000000204,-0.018369712790094386,0.004090452437885133
0.33999999999999964,2.9000000000000203,-0.01864518908862968,0.003994353799030875
0.33999999999999964,2.8800000000000203,-0.01892417179001801,0.003897153611878451
0.33999999999999964,2.8600000000000203,-0.019206727955751117,0.003798833183506732
0.33999999999999964,2.8400000000000203,-0.019492926359754414,0.003699373405444798
0.33999999999999964,2.8200000000000203,-0.01978283754233716,0.0035987547427152045
0.33999999999999964,2.8000000000000203,-0.020076533867222066,0.003496957221588076
0.33999999999999964,2.7800000000000202,-0.02037408958063827,0.0033939604182507306
0.33999999999999964,2.76000000000002,-0.020675580872077548,0.003289743446067847
0.33999999999999964,2.74000000000002,-0.020981085938416237,0.0031842849429566944
0.33999999999999964,2.72000000000002,-0.021290685049553323,0.0030775630580900243
0.33999999999999964,2.70000000000002,-0.021604460617541642,0.0029695554385428613
0.33999999999999964,2.68000000000002,-0.021922497267754706,0.002860239215145194
0.33999999999999964,2.66000000000002,-0.022244881913147576,0.0027495909880007607
0.33999999999999964,2.64000000000002,-0.022571703831823997,0.0026375868117266693
0.33999999999999964,2.62000000000002,-0.022903054747206355,0.0025242021797939815
0.33999999999999964,2.60000000000002,-0.023239028911637823,0.0024094120087913146
0.33999999999999964,2.58000000000002,-0.023579723194019242,0.0022931906221138505
0.33999999999999964,2.56000000000002,-0.023925237169898493,0.0021755117327596704
0.33999999999999964,2.54000000000002,-0.024275673216215515,0.0020563484260372744
0.33999999999999964,2.52000000000002,-0.02463113660999008,0.0019356731414312406
0.33999999999999964,2.50000000000002,-0.02499173563053613,0.0018134576538110878
0.33999999999999964,2.48000000000002,-0.02535758166650811,0.0016896730544907063
0.33999999999999964,2.46000000000002,-0.02572878932752177,0.0015642897310256532
0.33999999999999964,2.44000000000002,-0.02610547656042627,0.0014372773468069294
0.33999999999999964,2.42000000000002,-0.02648776477015738,0.0013086048197976513
0.33999999999999964,2.40000000000002,-0.026875778946909804,0.0011782403006054924
0.33999999999999964,2.38000000000002,-0.02726964779813548,0.0010461511498665033
0.33999999999999964,2.36000000000002,-0.027669503885849378,0.0009123039148834153
0.33999999999999964,2.34000000000002,-0.028075483771904008,0.0007766643054480243
0.33999999999999964,2.32000000000002,-0.028487728167402984,0.0006391971688361857
0.33999999999999964,2.30000000000002,-0.028906382090376867,0.0004998664640648437
0.33999999999999964,2.28000000000002,-0.029331595030408955,0.00035863523529823874
0.33999999999999964,2.2600000000000198,-0.029763521120282008,0.00021546558441962183
0.33999999999999964,2.2400000000000198,-0.030202319315780955,0.00007031864245635655
0.33999999999999964,2.2200000000000197,-0.030648153584122022,-0.00007684545964896719
0.33999999999999964,2.2000000000000197,-0.031101193100474378,-0.00022606762131098523
0.33999999999999964,2.1800000000000197,-0.0315616124542721,-0.0003773898037285478
0.33999999999999964,2.1600000000000197,-0.03202959186534621,-0.0005308550618120661
0.33999999999999964,2.1400000000000197,-0.03250531740968038,-0.0006865075782001712
0.33999999999999964,2.1200000000000196,-0.03298898125659584,-0.0008443926969043253
0.33999999999999964,2.1000000000000196,-0.033480781917325494,-0.0010045569594963333
0.33999999999999964,2.0800000000000196,-0.03398092450536327,-0.0011670481415488793
0.33999999999999964,2.0600000000000196,-0.03448962100984853,-0.0013319152903453896
0.33999999999999964,2.0400000000000196,-0.03500709058245745,-0.0014992087641951396
0.33999999999999964,2.0200000000000196,-0.035533559838220506,-0.0016689802726509023
0.33999999999999964,2.0000000000000195,-0.03606926317198141,-0.001841282917944234
0.33999999999999964,1.9800000000000195,-0.036614443090103345,-0.0020161712378692145
0.33999999999999964,1.9600000000000195,-0.037169350559638215,-0.0021937012501043324
0.33999999999999964,1.9400000000000195,-0.03773424537525416,-0.002373930497408576
0.33999999999999964,1.9200000000000195,-0.038309396544868576,-0.00255691809466288
0.3299999999999996,5,-0.0019818223562138356,0.011106504831680158
0.3299999999999996,4.98,-0.002084210565832358,0.011067727289959375
0.3299999999999996,4.960000000000001,-0.002187385910140396,0.01102866825526682
0.3299999999999996,4.940000000000001,-0.002291357488814274,0.01098932466921048
0.3299999999999996,4.920000000000002,-0.002396134542249553,0.010949693429079836
0.3299999999999996,4.900000000000002,-0.0025017264539605594,0.010909771387229386
0.3299999999999996,4.880000000000003,-0.0026081427538399886,0.010869555350403789
0.3299999999999996,4.860000000000003,-0.002715393120423204,0.010829042078442638
0.3299999999999996,4.840000000000003,-0.0028234873844138046,0.010788228283960198
0.3299999999999996,4.820000000000004,-0.002932435531162806,0.010747110631133074
0.3299999999999996,4.800000000000004,-0.003042247704065237,0.010705685734929062
0.3299999999999996,4.780000000000005,-0.0031529342074331354,0.010663950160215652
0.3299999999999996,4.760000000000005,-0.003264505510067052,0.010621900420834343
0.3299999999999996,4.7400000000000055,-0.0033769722479239745,0.01057953297858516
0.3299999999999996,4.720000000000006,-0.003490345228164476,0.010536844242315588
0.3299999999999996,4.700000000000006,-0.003604635432220459,0.010493830567054496
0.3299999999999996,4.680000000000007,-0.0037198540191484795,0.01045048825271408
0.3299999999999996,4.660000000000007,-0.003836012329654412,0.010406813543445324
0.3299999999999996,4.640000000000008,-0.003953121889732259,0.010362802626101428
0.3299999999999996,4.620000000000008,-0.004071194413980197,0.010318451629677726
0.3299999999999996,4.6000000000000085,-0.004190241810040532,0.010273756623727308
0.3299999999999996,4.580000000000009,-0.004310276182319577,0.010228713617708222
0.3299999999999996,4.560000000000009,-0.004431309836015042,0.010183318559383498
0.3299999999999996,4.54000000000001,-0.0045533552815017735,0.010137567334045458
0.3299999999999996,4.52000000000001,-0.0046764252383747085,0.01009145576286144
0.3299999999999996,4.500000000000011,-0.004800532640025651,0.010044979602203095
0.3299999999999996,4.480000000000011,-0.004925690637893889,0.009998134541805884
0.3299999999999996,4.4600000000000115,-0.005051912606472103,0.009950916203889631
0.3299999999999996,4.440000000000012,-0.0051792121476312855,0.009903320141750716
0.3299999999999996,4.420000000000012,-0.005307603095868277,0.00985534183816536
0.3299999999999996,4.400000000000013,-0.005437099522603581,0.009806976704305803
0.3299999999999996,4.380000000000013,-0.0055677157424842225,0.009758220078268279
0.3299999999999996,4.360000000000014,-0.005699466317131273,0.009709067223568436
0.3299999999999996,4.340000000000014,-0.005832366061631695,0.009659513327535021
0.3299999999999996,4.3200000000000145,-0.005966430049631232,0.009609553500105311
0.3299999999999996,4.300000000000015,-0.006101673618998675,0.009559182771955915
0.3299999999999996,4.280000000000015,-0.00623811237776364,0.009508396093110563
0.3299999999999996,4.260000000000016,-0.006375762209652804,0.009457188331185272
0.3299999999999996,4.240000000000016,-0.006514639280999379,0.009405554269869373
0.3299999999999996,4.220000000000017,-0.006654760046110288,0.009353488607026339
0.3299999999999996,4.200000000000017,-0.006796141254401127,0.009300985953195978
0.3299999999999996,4.1800000000000175,-0.006938799956592862,0.009248040829506629
0.3299999999999996,4.160000000000018,-0.007082753511971976,0.00919464766613394
0.3299999999999996,4.140000000000018,-0.007228019594683914,0.009140800800136836
0.3299999999999996,4.120000000000019,-0.007374616201493713,0.009086494473618825
0.3299999999999996,4.100000000000019,-0.007522561659033958,0.009031722832014186
0.3299999999999996,4.08000000000002,-0.007671874631090973,0.008976479921794456
0.3299999999999996,4.06000000000002,-0.007822574126861935,0.008920759688335916
0.3299999999999996,4.0400000000000205,-0.007974679508432492,0.008864555974083255
0.3299999999999996,4.020000000000021,-0.008128210499221248,0.008807862515948367
0.3299999999999996,4.000000000000021,-0.008283187192730076,0.008750672943682695
0.3299999999999996,3.9800000000000213,-0.008439630060670722,0.008692980776915646
0.3299999999999996,3.9600000000000213,-0.008597559962327958,0.00863477942338281
0.3299999999999996,3.9400000000000213,-0.00875699815347097,0.008576062176124957
0.3299999999999996,3.9200000000000212,-0.008917966296026706,0.008516822211180754
0.3299999999999996,3.9000000000000212,-0.009080486467528966,0.008457052585054671
0.3299999999999996,3.880000000000021,-0.009244581171380238,0.008396746232151114
0.3299999999999996,3.860000000000021,-0.009410273347094296,0.008335895962121156
0.3299999999999996,3.840000000000021,-0.009577586380519747,0.00827449445679014
0.3299999999999996,3.820000000000021,-0.009746544115397965,0.008212534268039695
0.3299999999999996,3.800000000000021,-0.009917170863772357,0.008150007814259612
0.3299999999999996,3.780000000000021,-0.010089491418388339,0.008086907377800462
0.3299999999999996,3.760000000000021,-0.010263531063761704,0.00802322510181229
0.3299999999999996,3.740000000000021,-0.010439315588951854,0.00795895298711069
0.3299999999999996,3.720000000000021,-0.010616871300065944,0.007894082889103593
0.3299999999999996,3.700000000000021,-0.010796225032865054,0.00782860651427447
0.3299999999999996,3.680000000000021,-0.010977404166932188,0.007762515417263249
0.3299999999999996,3.660000000000021,-0.011160436638538971,0.007695800996833665
0.3299999999999996,3.640000000000021,-0.011345350955433185,0.007628454492820881
0.3299999999999996,3.620000000000021,-0.011532176211282788,0.0075604669823604725
0.3299999999999996,3.600000000000021,-0.011720942100589866,0.00749182937589056
0.3299999999999996,3.580000000000021,-0.011911678934776036,0.007422532413684402
0.3299999999999996,3.560000000000021,-0.01210441765760339,0.00735256666176895
0.3299999999999996,3.540000000000021,-0.012299189862079807,0.0072819225076522776
0.3299999999999996,3.520000000000021,-0.01249602780710823,0.007210590156628435
0.3299999999999996,3.500000000000021,-0.01269496443587763,0.007138559627022464
0.3299999999999996,3.480000000000021,-0.012896033392969847,0.007065820746046697
0.3299999999999996,3.460000000000021,-0.013099269043872479,0.006992363145345869
0.3299999999999996,3.440000000000021,-0.013304706494023197,0.006918176256091438
0.3299999999999996,3.420000000000021,-0.013512381608787719,0.0068432493045127996
0.3299999999999996,3.400000000000021,-0.013722331033975375,0.006767571306745837
0.3299999999999996,3.3800000000000208,-0.013934592217152044,0.006691131063928879
0.3299999999999996,3.3600000000000207,-0.014149203429766475,0.006613917156994692
0.3299999999999996,3.3400000000000207,-0.014366203789569838,0.0065359179412324275
0.3299999999999996,3.3200000000000207,-0.014585633284128794,0.006457121540935737
0.3299999999999996,3.3000000000000207,-0.014807532795296015,0.006377515843676462
0.3299999999999996,3.2800000000000207,-0.015031944123917413,0.006297088494596995
0.3299999999999996,3.2600000000000207,-0.015258910015644781,0.006215826890370174
0.3299999999999996,3.2400000000000206,-0.015488474188125349,0.006133718172850498
0.3299999999999996,3.2200000000000206,-0.015720681358080003,0.00605074922315417
0.3299999999999996,3.2000000000000206,-0.015955577270446195,0.005966906654955723
0.3299999999999996,3.1800000000000206,-0.016193208727552925,0.0058821768075593694
0.3299999999999996,3.1600000000000206,-0.01643362361986569,0.005796545739444575
0.3299999999999996,3.1400000000000206,-0.016676870957574134,0.00570999922085709
0.3299999999999996,3.1200000000000205,-0.016923000903621768,0.005622522726607701
0.3299999999999996,3.1000000000000205,-0.01717206480722112,0.0055341014284985
0.3299999999999996,3.0800000000000205,-0.017424115239370278,0.0054447201875737206
0.3299999999999996,3.0600000000000205,-0.017679206028847552,0.005354363546223012
0.3299999999999996,3.0400000000000205,-0.017937392300266204,0.005263015719817049
0.3299999999999996,3.0200000000000204,-0.018198730512608386,0.005170660588508333
0.3299999999999996,3.0000000000000204,-0.018463278500271095,0.0050772816881684
0.3299999999999996,2.9800000000000204,-0.01873109551438438,0.004982862201556887
0.3299999999999996,2.9600000000000204,-0.019002242266691484,0.004887384949108051
0.3299999999999996,2.9400000000000204,-0.019276780974192317,0.00479083237931352
0.3299999999999996,2.9200000000000204,-0.019554775406225286,0.004693186559096771
0.3299999999999996,2.9000000000000203,-0.019836290932558724,0.004594429163181417
0.3299999999999996,2.8800000000000203,-0.020121394573687723,0.004494541464057679
0.3299999999999996,2.8600000000000203,-0.020410155053536924,0.004393504321320532
0.3299999999999996,2.8400000000000203,-0.02070264285272937,0.004291298170099142
0.3299999999999996,2.8200000000000203,-0.020998930265336807,0.0041879030100096665
0.3299999999999996,2.8000000000000203,-0.021299091456922166,0.004083298393045796
0.3299999999999996,2.7800000000000202,-0.02160320252540121,0.003977463411766892
0.3299999999999996,2.76000000000002,-0.021911341563814368,0.003870376686313938
0.3299999999999996,2.74000000000002,-0.022223588725696332,0.003762016351784178
0.3299999999999996,2.72000000000002,-0.022540026293173365,0.0036523600448366417
0.3299999999999996,2.70000000000002,-0.02286073874747381,0.0035413848895086003
0.3299999999999996,2.68000000000002,-0.023185812842651823,0.0034290674836610635
0.3299999999999996,2.66000000000002,-0.02351533768164701,0.0033153838836899596
0.3299999999999996,2.64000000000002,-0.023849404796078735,0.003200309589820094
0.3299999999999996,2.62000000000002,-0.024188108228820553,0.0030838195302533844
0.3299999999999996,2.60000000000002,-0.024531544620352404,0.0029658880449098327
0.3299999999999996,2.58000000000002,-0.024879813297794803,0.0028464888693402737
0.3299999999999996,2.56000000000002,-0.02523301636904246,0.002725595116799165
0.3299999999999996,2.54000000000002,-0.025591258819205535,0.0026031792611525134
0.3299999999999996,2.52000000000002,-0.02595464861266735,0.0024792131180949722
0.3299999999999996,2.50000000000002,-0.02632329679806902,0.0023536678266979083
0.3299999999999996,2.48000000000002,-0.026697317618775238,0.0022265138294988718
0.3299999999999996,2.46000000000002,-0.0270768286271321,0.0020977208525698697
0.3299999999999996,2.44000000000002,-0.027461950804716334,0.0019672578847762107
0.3299999999999996,2.42000000000002,-0.027852808686846767,0.0018350931561017941
0.3299999999999996,2.40000000000002,-0.02824953049309497,0.0017011941157144897
0.3299999999999996,2.38000000000002,-0.028652248263300446,0.0015655274089009137
0.3299999999999996,2.36000000000002,-0.02906109799921041,0.0014280588536388465
0.3299999999999996,2.34000000000002,-0.029476219813677876,0.0012887534158898747
0.3299999999999996,2.32000000000002,-0.02989775808481649,0.0011475751847387404
0.3299999999999996,2.30000000000002,-0.03032586161856061,0.0010044873461492188
0.3299999999999996,2.28000000000002,-0.03076068381794411,0.0008594521562594855
0.3299999999999996,2.2600000000000198,-0.031202382859700287,0.0007124309135231911
0.3299999999999996,2.2400000000000198,-0.03165112188036143,0.0005633839302879029
0.3299999999999996,2.2200000000000197,-0.032107069169477316,0.0004122705028610993
0.3299999999999996,2.2000000000000197,-0.03257039837271344,0.0002590488815803621
0.3299999999999996,2.1800000000000197,-0.03304128870445216,0.0001036762388203652
0.3299999999999996,2.1600000000000197,-0.03351992516996212,-0.00005389136323041138
0.3299999999999996,2.1400000000000197,-0.03400649879887446,-0.0002136990061890956
0.3299999999999996,2.1200000000000196,-0.034501206889220225,-0.00037579295003393673
0.3299999999999996,2.1000000000000196,-0.03500425326408803,-0.0005402206688336596
0.3299999999999996,2.0800000000000196,-0.035515848539440495,-0.0007070308873609599
0.3299999999999996,2.0600000000000196,-0.0360362104066671,-0.0008762736194588699
0.3299999999999996,2.0400000000000196,-0.036565563928236275,-0.0010480002066212777
0.3299999999999996,2.0200000000000196,-0.03710414184785374,-0.001222263358883438
0.3299999999999996,2.0000000000000195,-0.03765218491702114,-0.001399117195856503
0.3299999999999996,1.9800000000000195,-0.03820994223738468,-0.0015786172900514213
0.3299999999999996,1.9600000000000195,-0.03877767162076208,-0.0017608207104292672
0.3299999999999996,1.9400000000000195,-0.039355639967928215,-0.0019457860681368622
0.3299999999999996,1.9200000000000195,-0.03994412366637981,-0.002133573563101342
0.3199999999999996,5,-0.002839794640676139,0.011844212863580568
0.3199999999999996,4.98,-0.0029443703249995164,0.011804279015345184
0.3199999999999996,4.960000000000001,-0.003049750600008375,0.011764055488243004
0.3199999999999996,4.940000000000001,-0.0031559447749651953,0.011723539137749484
0.3199999999999996,4.920000000000002,-0.0032629623030308464,0.011682726773859453
0.3199999999999996,4.900000000000002,-0.003370812784452732,0.011641615160373847
0.3199999999999996,4.880000000000003,-0.0034795059687703148,0.011600201014199285
0.3199999999999996,4.860000000000003,-0.0035890517582082707,0.011558481004126708
0.3199999999999996,4.840000000000003,-0.003699460210425244,0.011516451750429334
0.3199999999999996,4.820000000000004,-0.0038107415417884755,0.011474109823652621
0.3199999999999996,4.800000000000004,-0.003922906130240148,0.011431451743812396
0.3199999999999996,4.780000000000005,-0.004035964518670568,0.011388473979454083
0.3199999999999996,4.760000000000005,-0.004149927418268206,0.011345172946764487
0.3199999999999996,4.7400000000000055,-0.004264805711666783,0.011301545008442687
0.3199999999999996,4.720000000000006,-0.004380610456553301,0.011257586472938896
0.3199999999999996,4.700000000000006,-0.0044973528892532574,0.011213293593220305
0.3199999999999996,4.680000000000007,-0.004615044427955749,0.011168662565913458
0.3199999999999996,4.660000000000007,-0.0047336966770213556,0.011123689530119794
0.3199999999999996,4.640000000000008,-0.004853321430283963,0.011078370566402679
0.3199999999999996,4.620000000000008,-0.004973930674982727,0.01103270169575845
0.3199999999999996,4.6000000000000085,-0.00509553659614724,0.01098667887820845
0.3199999999999996,4.580000000000009,-0.005218151580169484,0.010940298012035707
0.3199999999999996,4.560000000000009,-0.005341788219093864,0.010893554932305084
0.3199999999999996,4.54000000000001,-0.0054664593153065065,0.010846445409662994
0.3199999999999996,4.52000000000001,-0.005592177885424739,0.010798965149437068
0.3199999999999996,4.500000000000011,-0.005718957164841157,0.010751109789830293
0.3199999999999996,4.480000000000011,-0.005846810612869387,0.010702874901155845
0.3199999999999996,4.4600000000000115,-0.005975751916579047,0.010654255984196198
0.3199999999999996,4.440000000000012,-0.006105794996694448,0.010605248468959105
0.3199999999999996,4.420000000000012,-0.006236954011583775,0.010555847713233278
0.3199999999999996,4.400000000000013,-0.006369243363113767,0.010506049001253591
0.3199999999999996,4.380000000000013,-0.006502677701358196,0.010455847542162167
0.3199999999999996,4.360000000000014,-0.006637271930238265,0.01040523846865031
0.3199999999999996,4.340000000000014,-0.006773041212963744,0.01035421683518363
0.3199999999999996,4.3200000000000145,-0.006910000977906482,0.010302777616857023
0.3199999999999996,4.300000000000015,-0.007048166923814312,0.010250915707457342
0.3199999999999996,4.280000000000015,-0.007187555026425556,0.010198625917889476
0.3199999999999996,4.260000000000016,-0.007328181544076877,0.010145902974703691
0.3199999999999996,4.240000000000016,-0.007470063024424355,0.010092741518170315
0.3199999999999996,4.220000000000017,-0.00761321631049777,0.01003913610052544
0.3199999999999996,4.200000000000017,-0.00775765854739642,0.009985081184447062
0.3199999999999996,4.1800000000000175,-0.007903407189370756,0.009930571140917957
0.3199999999999996,4.160000000000018,-0.008050480006301148,0.009875600247452414
0.3199999999999996,4.140000000000018,-0.008198895091351383,0.009820162686214634
0.3199999999999996,4.120000000000019,-0.008348670868033625,0.009764252542117179
0.3199999999999996,4.100000000000019,-0.008499826097627956,0.009707863800469507
0.3199999999999996,4.08000000000002,-0.008652379887535967,0.009650990345374692
0.3199999999999996,4.06000000000002,-0.008806351698546017,0.00959362595725759
0.3199999999999996,4.0400000000000205,-0.008961761353566428,0.0095357643107691
0.3199999999999996,4.020000000000021,-0.0091186290458804,0.009477398972584684
0.3199999999999996,4.000000000000021,-0.009276975347657698,0.009418523399272419
0.3199999999999996,3.9800000000000213,-0.009436821219123894,0.00935913093462773
0.3199999999999996,3.9600000000000213,-0.009598188017533489,0.009299214807552796
0.3199999999999996,3.9400000000000213,-0.009761097506777118,0.009238768129457814
0.3199999999999996,3.9200000000000212,-0.009925571866801059,0.009177783891737887
0.3199999999999996,3.9000000000000212,-0.010091633703880061,0.009116254963222173
0.3199999999999996,3.880000000000021,-0.010259306060774498,0.00905417408759647
0.3199999999999996,3.860000000000021,-0.010428612427034823,0.008991533880516378
0.3199999999999996,3.840000000000021,-0.010599576750305794,0.008928326826885574
0.3199999999999996,3.820000000000021,-0.010772223447110329,0.008864545277966027
0.3199999999999996,3.800000000000021,-0.010946577414758612,0.008800181448620936
0.3199999999999996,3.780000000000021,-0.011122664042555273,0.008735227413912805
0.3199999999999996,3.760000000000021,-0.011300509224884504,0.008669675106507777
0.3199999999999996,3.740000000000021,-0.011480139373005264,0.008603516313052631
0.3199999999999996,3.720000000000021,-0.01166158142828265,0.008536742671093403
0.3199999999999996,3.700000000000021,-0.011844862875519436,0.00846934566584176
0.3199999999999996,3.680000000000021,-0.012030011756642135,0.00840131662646236
0.3199999999999996,3.660000000000021,-0.01221705668504575,0.008332646722850527
0.3199999999999996,3.640000000000021,-0.012406026859887679,0.00826332696182236
0.3199999999999996,3.620000000000021,-0.012596952081075606,0.00819334818349264
0.3199999999999996,3.600000000000021,-0.012789862765002121,0.00812270105725682
0.3199999999999996,3.580000000000021,-0.012984789960551815,0.008051376078210049
0.3199999999999996,3.560000000000021,-0.01318176536517602,0.007979363562721095
0.3199999999999996,3.540000000000021,-0.013380821342279033,0.007906653644688285
0.3199999999999996,3.520000000000021,-0.013581990938570099,0.00783323627104729
0.3199999999999996,3.500000000000021,-0.013785307901973121,0.007759101197379548
0.3199999999999996,3.480000000000021,-0.013990806700622058,0.007684237983521816
0.3199999999999996,3.460000000000021,-0.014198522541692942,0.00760863598901447
0.3199999999999996,3.440000000000021,-0.01440849139169401,0.007532284368172826
0.3199999999999996,3.420000000000021,-0.014620749996454959,0.007455172065411547
0.3199999999999996,3.400000000000021,-0.014835335902673026,0.007377287809976541
0.3199999999999996,3.3800000000000208,-0.0150522874798227,0.00729862011121208
0.3199999999999996,3.3600000000000207,-0.015271643942284654,0.007219157252774014
0.3199999999999996,3.3400000000000207,-0.015493445372870285,0.0071388872875289555
0.3199999999999996,3.3200000000000207,-0.01571773274734673,0.007057798031897225
0.3199999999999996,3.3000000000000207,-0.015944547958359558,0.00697587705989465
0.3199999999999996,3.2800000000000207,-0.016173933842187453,0.0068931116975329
0.3199999999999996,3.2600000000000207,-0.0164059342044668,0.006809489016465373
0.3199999999999996,3.2400000000000206,-0.016640593848307152,0.0067249958277824234
0.3199999999999996,3.2200000000000206,-0.016877958602400475,0.006639618675637152
0.3199999999999996,3.2000000000000206,-0.017118075350268564,0.00655334383059511
0.3199999999999996,3.1800000000000206,-0.017360992061126387,0.006466157282674578
0.3199999999999996,3.1600000000000206,-0.017606757820840223,0.006378044734452519
0.3199999999999996,3.1400000000000206,-0.017855422864826234,0.006288991593862217
0.3199999999999996,3.1200000000000205,-0.01810703861165055,0.006198982966552802
0.3199999999999996,3.1000000000000205,-0.018361657697699325,0.006108003648391341
0.3199999999999996,3.0800000000000205,-0.018619334013519562,0.0060160381175329986
0.3199999999999996,3.0600000000000205,-0.01888012274126579,0.005923070526216046
0.3199999999999996,3.0400000000000205,-0.0191440803932011,0.005829084692576245
0.3199999999999996,3.0200000000000204,-0.019411264851867963,0.0057340640917979135
0.3199999999999996,3.0000000000000204,-0.019681735411811875,0.005637991847290358
0.3199999999999996,2.9800000000000204,-0.019955552822632006,0.005540850721714341
0.3199999999999996,2.9600000000000204,-0.02023277933346697,0.005442623107351337
0.3199999999999996,2.9400000000000204,-0.02051347873968421,0.0053432910164868674
0.3199999999999996,2.9200000000000204,-0.02079771643046537,0.005242836071332524
0.3199999999999996,2.9000000000000203,-0.021085559438974742,0.005141239493922312
0.3199999999999996,2.8800000000000203,-0.02137707649389692,0.005038482095045496
0.3199999999999996,2.8600000000000203,-0.02167233807325115,0.0049345442639883025
0.3199999999999996,2.8400000000000203,-0.021971416459796972,0.004829405956479252
0.3199999999999996,2.8200000000000203,-0.022274385799027328,0.004723046683639098
0.3199999999999996,2.8000000000000203,-0.022581322159205316,0.004615445499658883
0.3199999999999996,2.7800000000000202,-0.022892303593679247,0.004506580989461349
0.3199999999999996,2.76000000000002,-0.023207410205660382,0.00439643125621185
0.3199999999999996,2.74000000000002,-0.023526724215584507,0.004284973907854449
0.3199999999999996,2.72000000000002,-0.023850330031020994,0.0041721860436023245
0.3199999999999996,2.70000000000002,-0.024178314319292724,0.004058044240148773
0.3199999999999996,2.68000000000002,-0.024510766083421783,0.00394252453693647
0.3199999999999996,2.66000000000002,-0.024847776740597332,0.0038256024214999296
0.3199999999999996,2.64000000000002,-0.025189440203918816,0.003707252814112473
0.3199999999999996,2.62000000000002,-0.025535852967928055,0.0035874500518033453
0.3199999999999996,2.60000000000002,-0.02588711419689964,0.0034661678720887407
0.3199999999999996,2.58000000000002,-0.026243325817331575,0.0033433793961449437
0.3199999999999996,2.56000000000002,-0.026604592614098612,0.0032190571112961364
0.3199999999999996,2.54000000000002,-0.02697102233062276,0.0030931728532622924
0.3199999999999996,2.52000000000002,-0.02734272577297579,0.0029656977873623452
0.3199999999999996,2.50000000000002,-0.027719816918901165,0.002836602389711007
0.3199999999999996,2.48000000000002,-0.028102413031356646,0.002705856427184204
0.3199999999999996,2.46000000000002,-0.028490634776053132,0.0025734289372592173
0.3199999999999996,2.44000000000002,-0.028884606345628932,0.002439288206887942
0.3199999999999996,2.42000000000002,-0.029284455587898543,0.002303401751033357
0.3199999999999996,2.40000000000002,-0.02969031414004835,0.002165736289721887
0.3199999999999996,2.38000000000002,-0.03010231756924291,0.002026257725767675
0.3199999999999996,2.36000000000002,-0.03052060551868626,0.0018849311202805523
0.3199999999999996,2.34000000000002,-0.030945321860730315,0.0017417206682526498
0.3199999999999996,2.32000000000002,-0.03137661485679062,0.0015965896731938434
0.3199999999999996,2.30000000000002,-0.031814637324272026,0.0014495005210782286
0.3199999999999996,2.28000000000002,-0.03225954681091921,0.0013004146528687172
0.3199999999999996,2.2600000000000198,-0.03271150577814694,0.0011492925371063556
0.3199999999999996,2.2400000000000198,-0.033170681791670265,0.000996093640767897
0.3199999999999996,2.2200000000000197,-0.03363724772136875,0.0008407763996768763
0.3199999999999996,2.2000000000000197,-0.034111381950816824,0.0006832981879875272
0.3199999999999996,2.1800000000000197,-0.03459326859641777,0.0005236152863370702
0.3199999999999996,2.1600000000000197,-0.03508309773712441,0.0003616828494135971
0.3199999999999996,2.1400000000000197,-0.03558106565479452,0.00019745487220242108
0.3199999999999996,2.1200000000000196,-0.03608737508642755,0.00003088415553008372
0.3199999999999996,2.1000000000000196,-0.0366022354886633,-0.00013807772993426615
0.3199999999999996,2.0800000000000196,-0.03712586331494004,-0.00030948048020172647
0.3199999999999996,2.0600000000000196,-0.0376584823066428,-0.0004833750962252789
0.3199999999999996,2.0400000000000196,-0.038200323798375395,-0.0006598139226524358
0.3199999999999996,2.0200000000000196,-0.038751627038589476,-0.0008388506884079994
0.3199999999999996,2.0000000000000195,-0.03931263952642019,-0.001020540547875301
0.3199999999999996,1.9800000000000195,-0.03988361736577631,-0.0012049401234927662
0.3199999999999996,1.9600000000000195,-0.04046482563686317,-0.0013921075498738306
0.3199999999999996,1.9400000000000195,-0.04105653878751176,-0.0015821025187173696
0.3199999999999996,1.9200000000000195,-0.041659041044808554,-0.0017749863248796016
0.3099999999999996,5,-0.0037414385848299333,0.012535508084959651
0.3099999999999996,4.98,-0.003848301399136261,0.012494332083992667
0.3099999999999996,4.960000000000001,-0.003955987096883208,0.012452857629562226
0.3099999999999996,4.940000000000001,-0.0040645052075227,0.012411081484892788
0.3099999999999996,4.920000000000002,-0.004173865408184924,0.01236900036673487
0.3099999999999996,4.900000000000002,-0.004284077526176833,0.012326610944222827
0.3099999999999996,4.880000000000003,-0.004395151542202462,0.012283909838155267
0.3099999999999996,4.860000000000003,-0.004507097593257782,0.012240893620365567
0.3099999999999996,4.840000000000003,-0.004619925975604582,0.012197558812095666
0.3099999999999996,4.820000000000004,-0.004733647148125651,0.012153901884002727
0.3099999999999996,4.800000000000004,-0.004848271735339044,0.01210991925469905
0.3099999999999996,4.780000000000005,-0.0049638105308659084,0.012065607289777444
0.3099999999999996,4.760000000000005,-0.005080274500549339,0.012020962300964201
0.3099999999999996,4.7400000000000055,-0.005197674786087317,0.011975980545359907
0.3099999999999996,4.720000000000006,-0.0053160227087171,0.011930658223869822
0.3099999999999996,4.700000000000006,-0.0054353297722985194,0.011884991480680035
0.3099999999999996,4.680000000000007,-0.005555607667676937,0.011838976401925314
0.3099999999999996,4.660000000000007,-0.005676868275945302,0.011792609014801295
0.3099999999999996,4.640000000000008,-0.0057991236728520325,0.011745885286144134
0.3099999999999996,4.620000000000008,-0.005922386132080429,0.011698801121544374
0.3099999999999996,4.6000000000000085,-0.006046668129995988,0.011651352364236409
0.3099999999999996,4.580000000000009,-0.006171982349626113,0.011603534793742345
0.3099999999999996,4.560000000000009,-0.006298341684586704,0.011555344124696804
0.3099999999999996,4.54000000000001,-0.00642575924415131,0.011506776005719373
0.3099999999999996,4.52000000000001,-0.006554248356976575,0.011457826017913925
0.3099999999999996,4.500000000000011,-0.006683822576579364,0.0114084896738842
0.3099999999999996,4.480000000000011,-0.0068144956852469836,0.011358762416249522
0.3099999999999996,4.4600000000000115,-0.006946281699338813,0.011308639616133723
0.3099999999999996,4.440000000000012,-0.007079194874367146,0.011258116572078501
0.3099999999999996,4.420000000000012,-0.007213249709735502,0.011207188508484948
0.3099999999999996,4.400000000000013,-0.0073484609541442265,0.01115585057394669
0.3099999999999996,4.380000000000013,-0.007484843611134037,0.011104097840251924
0.3099999999999996,4.360000000000014,-0.0076224129442631,0.011051925300439927
0.3099999999999996,4.340000000000014,-0.0077611844830326165,0.010999327867360992
0.3099999999999996,4.3200000000000145,-0.007901174028516394,0.010946300372206182
0.3099999999999996,4.300000000000015,-0.008042397659603226,0.010892837562647972
0.3099999999999996,4.280000000000015,-0.008184871738551407,0.010838934101379948
0.3099999999999996,4.260000000000016,-0.008328612917799409,0.010784584564305436
0.3099999999999996,4.240000000000016,-0.008473638146193044,0.010729783438936533
0.3099999999999996,4.220000000000017,-0.008619964675569216,0.01067452512214654
0.3099999999999996,4.200000000000017,-0.008767610067599175,0.010618803918981807
0.3099999999999996,4.1800000000000175,-0.008916592200778999,0.010562614040415308
0.3099999999999996,4.160000000000018,-0.009066929277469927,0.010505949601316511
0.3099999999999996,4.140000000000018,-0.009218639831406417,0.0104488046187056
0.3099999999999996,4.120000000000019,-0.009371742735099435,0.010391173009661081
0.3099999999999996,4.100000000000019,-0.009526257207779347,0.01033304858926367
0.3099999999999996,4.08000000000002,-0.009682202823047763,0.010274425068473383
0.3099999999999996,4.06000000000002,-0.009839599517724082,0.010215296051820016
0.3099999999999996,4.0400000000000205,-0.009998467599414763,0.010155655035434129
0.3099999999999996,4.020000000000021,-0.010158827755734331,0.010095495404505675
0.3099999999999996,4.000000000000021,-0.01032070106314559,0.010034810431176447
0.3099999999999996,3.9800000000000213,-0.010484108995929099,0.009973593271950715
0.3099999999999996,3.9600000000000213,-0.010649073435760058,0.009911836965325847
0.3099999999999996,3.9400000000000213,-0.0108156166813492,0.009849534429294482
0.3099999999999996,3.9200000000000212,-0.01098376145833175,0.009786678458713942
0.3099999999999996,3.9000000000000212,-0.011153530929465817,0.009723261722530635
0.3099999999999996,3.880000000000021,-0.011324948705444586,0.009659276761514582
0.3099999999999996,3.860000000000021,-0.011498038855560591,0.009594715984869735
0.3099999999999996,3.840000000000021,-0.011672825918582217,0.009529571667711196
0.3099999999999996,3.820000000000021,-0.011849334914749364,0.009463835948229901
0.3099999999999996,3.800000000000021,-0.012027591357370198,0.009397500824385722
0.3099999999999996,3.780000000000021,-0.012207621264835562,0.0093305581510382
0.3099999999999996,3.760000000000021,-0.012389451173332212,0.009262999636686954
0.3099999999999996,3.740000000000021,-0.012573108149825284,0.009194816840347925
0.3099999999999996,3.720000000000021,-0.012758619805102381,0.009126001168007936
0.3099999999999996,3.700000000000021,-0.012946014307644919,0.00905654386921445
0.3099999999999996,3.680000000000021,-0.01313532039766049,0.008986436033996553
0.3099999999999996,3.660000000000021,-0.013326567401849055,0.008915668588665333
0.3099999999999996,3.640000000000021,-0.013519785247771081,0.008844232292321855
0.3099999999999996,3.620000000000021,-0.013715004480047598,0.008772117733342723
0.3099999999999996,3.600000000000021,-0.013912256275917946,0.008699315325012006
0.3099999999999996,3.580000000000021,-0.01411157246137272,0.008625815301829307
0.3099999999999996,3.560000000000021,-0.01431298552867203,0.0085516077153453
0.3099999999999996,3.540000000000021,-0.014516528653292199,0.008476682429785193
0.3099999999999996,3.520000000000021,-0.01472223571221358,0.008401029117813097
0.3099999999999996,3.500000000000021,-0.014930141302541854,0.008324637256181003
0.3099999999999996,3.480000000000021,-0.015140280760061159,0.008247496120822158
0.3099999999999996,3.460000000000021,-0.015352690180062627,0.00816959478260297
0.3099999999999996,3.440000000000021,-0.01556740643683037,0.008090922101904915
0.3099999999999996,3.420000000000021,-0.01578446720512769,0.008011466724239732
0.3099999999999996,3.400000000000021,-0.016003910981881295,0.007931217074636426
0.3099999999999996,3.3800000000000208,-0.016225777108662645,0.007850161352834284
0.3099999999999996,3.3600000000000207,-0.016450105794778243,0.0077682875273225455
0.3099999999999996,3.3400000000000207,-0.016676938141601764,0.007685583330399967
0.3099999999999996,3.3200000000000207,-0.01690631616687635,0.0076020362521392396
0.3099999999999996,3.3000000000000207,-0.01713828283030335,0.0075176335342929425
0.3099999999999996,3.2800000000000207,-0.017372882060675995,0.007432362164753251
0.3099999999999996,3.2600000000000207,-0.01761015878246074,0.007346208870873588
0.3099999999999996,3.2400000000000206,-0.017850158944245322,0.00725916011341568
0.3099999999999996,3.2200000000000206,-0.018092929548390632,0.007171202079916367
0.3099999999999996,3.2000000000000206,-0.018338518680556123,0.007082320677565118
0.3099999999999996,3.1800000000000206,-0.01858697554182684,0.006992501526775857
0.3099999999999996,3.1600000000000206,-0.01883835048017339,0.006901729953562433
0.3099999999999996,3.1400000000000206,-0.019092695024646996,0.006809990982512559
0.3099999999999996,3.1200000000000205,-0.01935006191984322,0.006717269328989056
0.3099999999999996,3.1000000000000205,-0.019610505161492348,0.0066235493913522694
0.3099999999999996,3.0800000000000205,-0.01987408003408179,0.00652881524294921
0.3099999999999996,3.0600000000000205,-0.02014084314899623,0.006433050623947875
0.3099999999999996,3.0400000000000205,-0.020410852484407622,0.006336238932471053
0.3099999999999996,3.0200000000000204,-0.02068416742707055,0.006238363216200783
0.3099999999999996,3.0000000000000204,-0.020960848814255917,0.006139406163184764
0.3099999999999996,2.9800000000000204,-0.02124095897885834,0.00603935009239116
0.3099999999999996,2.9600000000000204,-0.021524561795027583,0.0059381769443942675
0.3099999999999996,2.9400000000000204,-0.021811722725853466,0.0058358682712727145
0.3099999999999996,2.9200000000000204,-0.02210250887316125,0.005732405226471705
0.3099999999999996,2.9000000000000203,-0.02239698902838645,0.005627768554541349
0.3099999999999996,2.8800000000000203,-0.02269523372592077,0.0055219385798624815
0.3099999999999996,2.8600000000000203,-0.02299731529858057,0.005414895196083215
0.3099999999999996,2.8400000000000203,-0.02330330793487355,0.005306617854160589
0.3099999999999996,2.8200000000000203,-0.023613287738272926,0.005197085550954189
0.3099999999999996,2.8000000000000203,-0.023927332789413263,0.0050862768166292475
0.3099999999999996,2.7800000000000202,-0.02424552321017431,0.004974169702485851
0.3099999999999996,2.76000000000002,-0.02456794123022924,0.00486074176766936
0.3099999999999996,2.74000000000002,-0.024894671256902354,0.004745970066124525
0.3099999999999996,2.72000000000002,-0.025225799946607185,0.004629831132524798
0.3099999999999996,2.70000000000002,-0.025561416280372756,0.004512300968516514
0.3099999999999996,2.68000000000002,-0.02590161164144359,0.004393355027492732
0.3099999999999996,2.66000000000002,-0.026246479896522835,0.004272968200210267
0.3099999999999996,2.64000000000002,-0.026596117480070763,0.004151114798554248
0.3099999999999996,2.62000000000002,-0.02695062348202757,0.004027768539918944
0.3099999999999996,2.60000000000002,-0.027310099739461715,0.003902902530457608
0.3099999999999996,2.58000000000002,-0.027674650931450183,0.003776489248359896
0.3099999999999996,2.56000000000002,-0.028044384678277575,0.003648500525612719
0.3099999999999996,2.54000000000002,-0.02841941164499294,0.0035189075304839224
0.3099999999999996,2.52000000000002,-0.02879984564854703,0.0033876807485235597
0.3099999999999996,2.50000000000002,-0.029185803770137,0.0032547899629641885
0.3099999999999996,2.48000000000002,-0.029577406472470057,0.00312020423541301
0.3099999999999996,2.46000000000002,-0.029974777721088672,0.0029838918846917806
0.3099999999999996,2.44000000000002,-0.030378045112274547,0.0028458204660062256
0.3099999999999996,2.42000000000002,-0.030787340005350244,0.0027059567488382577
0.3099999999999996,2.40000000000002,-0.03120279766134252,0.002564266694567628
0.3099999999999996,2.38000000000002,-0.031624557387815555,0.0024207154330607022
0.3099999999999996,2.36000000000002,-0.03205276268984428,0.0022752672385560335
0.3099999999999996,2.34000000000002,-0.03248756142788621,0.00212788550511505
0.3099999999999996,2.32000000000002,-0.03292910598290421,0.0019785327211497145
0.3099999999999996,2.30000000000002,-0.03337755342836453,0.0018271704424785429
0.3099999999999996,2.28000000000002,-0.03383306571115923,0.0016737592658589429
0.3099999999999996,2.2600000000000198,-0.034295809839608296,0.0015182588005450137
0.3099999999999996,2.2400000000000198,-0.03476595808114141,0.001360627639410611
0.3099999999999996,2.2200000000000197,-0.03524368816874374,0.0012008233293892556
0.3099999999999996,2.2000000000000197,-0.0357291835168468,0.0010388023404215574
0.3099999999999996,2.1800000000000197,-0.03622263344818717,0.0008745200341113007
0.3099999999999996,2.1600000000000197,-0.03672423343070366,0.0007079306308200514
0.3099999999999996,2.1400000000000197,-0.03723418532616049,0.000538987176120373
0.3099999999999996,2.1200000000000196,-0.037752697650667064,0.0003676415063293137
0.3099999999999996,2.1000000000000196,-0.03827998584815638,0.00019384421269533214
0.3099999999999996,2.0800000000000196,-0.03881627257637881,0.000017544604563657362
0.3099999999999996,2.0600000000000196,-0.039361788008614576,-0.0001613093281516917
0.3099999999999996,2.0400000000000196,-0.03991677014852157,-0.00034277095408613567
0.3099999999999996,2.0200000000000196,-0.04048146516217384,-0.0005268950404108685
0.3099999999999996,2.0000000000000195,-0.041056127726181946,-0.0007137377938566704
0.3099999999999996,1.9800000000000195,-0.04164102139353394,-0.0009033569030882788
0.3099999999999996,1.9600000000000195,-0.042236418978659,-0.0010958115821811652
0.3099999999999996,1.9400000000000195,-0.042842602961565765,-0.0012911626151531352
0.3099999999999996,1.9200000000000195,-0.043459865913922736,-0.001489472401633842
0.2999999999999996,5,-0.004689762578103359,0.013174006706794951
0.2999999999999996,4.98,-0.004799019053615296,0.013131492905950809
0.2999999999999996,4.960000000000001,-0.0049091176043252645,0.013088671220615952
0.2999999999999996,4.940000000000001,-0.005020067991214964,0.013045538315309857
0.2999999999999996,4.920000000000002,-0.00513188012664693,0.013002090806761533
0.2999999999999996,4.900000000000002,-0.005244564077227154,0.012958325262662065
0.2999999999999996,4.880000000000003,-0.005358130066556721,0.0129142382011182
0.2999999999999996,4.860000000000003,-0.005472588478683582,0.012869826089351749
0.2999999999999996,4.840000000000003,-0.005587949860869685,0.012825085343243548
0.2999999999999996,4.820000000000004,-0.005704224927209221,0.012780012326064336
0.2999999999999996,4.800000000000004,-0.0058214245615081876,0.012734603347701628
0.2999999999999996,4.780000000000005,-0.0059395598211518415,0.012688854663546606
0.2999999999999996,4.760000000000005,-0.006058641940094285,0.012642762473685641
0.2999999999999996,4.7400000000000055,-0.006178682332582262,0.012596322921666663
0.2999999999999996,4.720000000000006,-0.006299692596966203,0.012549532093503811
0.2999999999999996,4.700000000000006,-0.006421684519042048,0.012502386016785438
0.2999999999999996,4.680000000000007,-0.006544670076171932,0.012454880659260828
0.2999999999999996,4.660000000000007,-0.006668661441116193,0.012407011928201372
0.2999999999999996,4.640000000000008,-0.006793670985786947,0.012358775668769445
0.2999999999999996,4.620000000000008,-0.006919711285704965,0.012310167663129548
0.2999999999999996,4.6000000000000085,-0.007046795123913143,0.01226118362923298
0.2999999999999996,4.580000000000009,-0.007174935495495007,0.012211819219525716
0.2999999999999996,4.560000000000009,-0.007304145611650088,0.012162070019738746
0.2999999999999996,4.54000000000001,-0.007434438904425108,0.012111931547639773
0.2999999999999996,4.52000000000001,-0.007565829031605674,0.012061399251753327
0.2999999999999996,4.500000000000011,-0.0076983298809125186,0.012010468510015006
0.2999999999999996,4.480000000000011,-0.007831955575098845,0.011959134628220111
0.2999999999999996,4.4600000000000115,-0.007966720477129261,0.011907392839050304
0.2999999999999996,4.440000000000012,-0.008102639195064385,0.011855238300171725
0.2999999999999996,4.420000000000012,-0.008239726587239975,0.011802666093152676
0.2999999999999996,4.400000000000013,-0.008377997767930308,0.011749671221830314
0.2999999999999996,4.380000000000013,-0.00851746811262067,0.011696248610692975
0.2999999999999996,4.360000000000014,-0.008658153263763306,0.011642393103471229
0.2999999999999996,4.340000000000014,-0.008800069136508043,0.011588099461426832
0.2999999999999996,4.3200000000000145,-0.008943231924863364,0.011533362361889482
0.2999999999999996,4.300000000000015,-0.009087658107505472,0.011478176396391357
0.2999999999999996,4.280000000000015,-0.009233364454393173,0.011422536068937741
0.2999999999999996,4.260000000000016,-0.009380368032894434,0.011366435794498392
0.2999999999999996,4.240000000000016,-0.009528686214584792,0.011309869896989691
0.2999999999999996,4.220000000000017,-0.009678336681963398,0.011252832607427342
0.2999999999999996,4.200000000000017,-0.00982933743554635,0.011195318062332593
0.2999999999999996,4.1800000000000175,-0.009981706801008973,0.011137320301339765
0.2999999999999996,4.160000000000018,-0.010135463436317174,0.011078833265670704
0.2999999999999996,4.140000000000018,-0.010290626339374543,0.011019850795748395
0.2999999999999996,4.120000000000019,-0.010447214856229722,0.010960366629453017
0.2999999999999996,4.100000000000019,-0.010605248688295005,0.010900374399749613
0.2999999999999996,4.08000000000002,-0.010764747901088785,0.01083986763255193
0.2999999999999996,4.06000000000002,-0.010925732932502489,0.010778839744773408
0.2999999999999996,4.0400000000000205,-0.011088224601459931,0.010717284041526581
0.2999999999999996,4.020000000000021,-0.011252244116717132,0.010655193714215042
0.2999999999999996,4.000000000000021,-0.011417813086260269,0.01059256183802805
0.2999999999999996,3.9800000000000213,-0.011584953526400913,0.010529381369453195
0.2999999999999996,3.9600000000000213,-0.01175368787163417,0.010465645143657193
0.2999999999999996,3.9400000000000213,-0.01192403898471089,0.010401345872074353
0.2999999999999996,3.9200000000000212,-0.012096030166604332,0.010336476139607517
0.2999999999999996,3.9000000000000212,-0.012269685167046069,0.010271028402204466
0.2999999999999996,3.880000000000021,-0.012445028195689385,0.010204994983637979
0.2999999999999996,3.860000000000021,-0.012622083932902714,0.010138368072950862
0.2999999999999996,3.840000000000021,-0.01280087754136642,0.010071139721402736
0.2999999999999996,3.820000000000021,-0.01298143467801273,0.010003301839704923
0.2999999999999996,3.800000000000021,-0.013163781506004736,0.00993484619455461
0.2999999999999996,3.780000000000021,-0.013347944707129718,0.009865764405821903
0.2999999999999996,3.760000000000021,-0.013533951495144914,0.009796047942954897
0.2999999999999996,3.740000000000021,-0.013721829628538785,0.009725688122138042
0.2999999999999996,3.720000000000021,-0.01391160742466507,0.009654676102336404
0.2999999999999996,3.700000000000021,-0.014103313773260986,0.009583002882308407
0.2999999999999996,3.680000000000021,-0.014296978151584924,0.009510659296555313
0.2999999999999996,3.660000000000021,-0.014492630639008451,0.009437636011941475
0.2999999999999996,3.640000000000021,-0.014690301932256837,0.009363923523783568
0.2999999999999996,3.620000000000021,-0.014890023361764251,0.00928951215197746
0.2999999999999996,3.600000000000021,-0.015091826907751326,0.00921439203698049
0.2999999999999996,3.580000000000021,-0.01529574521719709,0.009138553135830473
0.2999999999999996,3.560000000000021,-0.015501811621096885,0.009061985217725076
0.2999999999999996,3.540000000000021,-0.015710060152453166,0.008984677859840147
0.2999999999999996,3.520000000000021,-0.015920525565159917,0.008906620442978566
0.2999999999999996,3.500000000000021,-0.016133243352599178,0.008827802146825506
0.2999999999999996,3.480000000000021,-0.016348249767659646,0.008748211945283413
0.2999999999999996,3.460000000000021,-0.01656558184302985,0.008667838601744526
0.2999999999999996,3.440000000000021,-0.01678527741218206,0.008586670664125044
0.2999999999999996,3.420000000000021,-0.017007375130949933,0.00850469645974783
0.2999999999999996,3.400000000000021,-0.017231914500325088,0.008421904090127857
0.2999999999999996,3.3800000000000208,-0.01745893588895027,0.008338281425665603
0.2999999999999996,3.3600000000000207,-0.017688480557600555,0.00825381609999555
0.2999999999999996,3.3400000000000207,-0.017920590683405173,0.008168495504337209
0.2999999999999996,3.3200000000000207,-0.018155309385787605,0.008082306781921983
0.2999999999999996,3.3000000000000207,-0.018392680752271906,0.007995236821632033
0.2999999999999996,3.2800000000000207,-0.018632749866162965,0.007907272251908001
0.2999999999999996,3.2600000000000207,-0.0188755628346166,0.007818399434650368
0.2999999999999996,3.2400000000000206,-0.019121166817629348,0.00772860445845823
0.2999999999999996,3.2200000000000206,-0.01936961005796673,0.007637873132020245
0.2999999999999996,3.2000000000000206,-0.01962094191276758,0.007546190977141333
0.2999999999999996,3.1800000000000206,-0.01987521288549099,0.007453543221771802
0.2999999999999996,3.1600000000000206,-0.020132474659176273,0.007359914792652633
0.2999999999999996,3.1400000000000206,-0.020392780130965925,0.00726529030751745
0.2999999999999996,3.1200000000000205,-0.020656183448066398,0.007169654067986031
0.2999999999999996,3.1000000000000205,-0.020922740044382344,0.007072990050917841
0.2999999999999996,3.0800000000000205,-0.02119250667891051,0.006975281900695927
0.2999999999999996,3.0600000000000205,-0.021465541475562455,0.006876512920607286
0.2999999999999996,3.0400000000000205,-0.02174190396390034,0.006776666064156112
0.2999999999999996,3.0200000000000204,-0.022021655121974456,0.006675723926209479
0.2999999999999996,3.0000000000000204,-0.022304857420405236,0.006573668733773484
0.2999999999999996,2.9800000000000204,-0.022591574867714907,0.006470482336440795
0.2999999999999996,2.9600000000000204,-0.022881873058497933,0.006366146196681834
0.2999999999999996,2.9400000000000204,-0.02317581922172602,0.006260641379773224
0.2999999999999996,2.9200000000000204,-0.023473482272351284,0.006153948543730553
0.2999999999999996,2.9000000000000203,-0.02377493286370859,0.006046047928070272
0.2999999999999996,2.8800000000000203,-0.024080243442912964,0.005936919343485485
0.2999999999999996,2.8600000000000203,-0.024389488307362983,0.005826542160009149
0.2999999999999996,2.8400000000000203,-0.024702743664173462,0.005714895295708065
0.2999999999999996,2.8200000000000203,-0.02502008769123662,0.005601957204437631
0.2999999999999996,2.8000000000000203,-0.02534160060140108,0.005487705863769711
0.2999999999999996,2.7800000000000202,-0.025667364708487808,0.005372118761788003
0.2999999999999996,2.76000000000002,-0.0259974644960436,0.005255172884520931
0.2999999999999996,2.74000000000002,-0.026331986689203536,0.005136844701974452
0.2999999999999996,2.72000000000002,-0.026671020328500404,0.005017110154343252
0.2999999999999996,2.70000000000002,-0.02701465684763216,0.004895944637532235
0.2999999999999996,2.68000000000002,-0.027362990153899442,0.004773322988608074
0.2999999999999996,2.66000000000002,-0.02771611671157438,0.004649219470111779
0.2999999999999996,2.64000000000002,-0.028074135629050707,0.0045236077546345205
0.2999999999999996,2.62000000000002,-0.028437148749582187,0.004396460908517599
0.2999999999999996,2.60000000000002,-0.02880526074556084,0.004267751374909631
0.2999999999999996,2.58000000000002,-0.029178579216583525,0.00413745095680141
0.2999999999999996,2.56000000000002,-0.02955721479192644,0.004005530799042735
0.2999999999999996,2.54000000000002,-0.029941281237033313,0.003871961369987454
0.2999999999999996,2.52000000000002,-0.030330895564937628,0.0037367124427445126
0.2999999999999996,2.50000000000002,-0.03072617815136138,0.0035997530754258295
0.2999999999999996,2.48000000000002,-0.031127252856239136,0.0034610515913330447
0.2999999999999996,2.46000000000002,-0.03153424714937792,0.0033205755579666617
0.2999999999999996,2.44000000000002,-0.0319472922415691,0.0031782917656616883
0.2999999999999996,2.42000000000002,-0.03236652322213872,0.0030341662058498125
0.2999999999999996,2.40000000000002,-0.03279207920194288,0.002888164047954639
0.2999999999999996,2.38000000000002,-0.033224103462865764,0.00274024961622768
0.2999999999999996,2.36000000000002,-0.033662743613575394,0.0025903863652350506
0.2999999999999996,2.34000000000002,-0.034108151753512846,0.002438536855570994
0.2999999999999996,2.32000000000002,-0.03456048464241583,0.002284662727604622
0.2999999999999996,2.30000000000002,-0.03501990387913806,0.002128724675250354
0.2999999999999996,2.28000000000002,-0.03548657608781507,0.0019706824188261427
0.2999999999999996,2.2600000000000198,-0.03596067311277139,0.0018104946768233501
0.2999999999999996,2.2400000000000198,-0.036442372222511024,0.001648119136982859
0.2999999999999996,2.2200000000000197,-0.036931856323581966,0.0014835124263320038
0.2999999999999996,2.2000000000000197,-0.03742931418367226,0.0013166300809384773
0.2999999999999996,2.1800000000000197,-0.037934940665974214,0.0011474265135611953
0.2999999999999996,2.1600000000000197,-0.03844893697454269,0.0009758549819328406
0.2999999999999996,2.1400000000000197,-0.03897151091151868,0.0008018675544628762
0.2999999999999996,2.1200000000000196,-0.039502877146535005,0.0006254150761294819
0.2999999999999996,2.1000000000000196,-0.04004325749953559,0.0004464471330906383
0.2999999999999996,2.0800000000000196,-0.040592881237465704,0.00026491201597467207
0.2999999999999996,2.0600000000000196,-0.04115198538535017,0.00008075668224270804
0.2999999999999996,2.0400000000000196,-0.04172081505357332,-0.00010607328189393694
0.2999999999999996,2.0200000000000196,-0.04229962378053791,-0.00029563370171419717
0.2999999999999996,2.0000000000000195,-0.0428886738937931,-0.00048798185403301636
0.2999999999999996,1.9800000000000195,-0.04348823688866604,-0.0006831765095109002
0.2999999999999996,1.9600000000000195,-0.04409859382702478,-0.0008812779750054511
0.2999999999999996,1.9400000000000195,-0.04472003575616565,-0.0010823481376094762
0.2999999999999996,1.9200000000000195,-0.04535286414991524,-0.0012864505099034682
0.2899999999999996,5,-0.005688038712276865,0.013752395797182196
0.2899999999999996,4.98,-0.00579980289699216,0.013708437518907692
0.2899999999999996,4.960000000000001,-0.005912429315717666,0.013664161193023619
0.2899999999999996,4.940000000000001,-0.006025927973473968,0.013619563377983448
0.2899999999999996,4.920000000000002,-0.006140309030517344,0.013574640582987747
0.2899999999999996,4.900000000000002,-0.006255582805101856,0.013529389266710379
0.2899999999999996,4.880000000000003,-0.006371759776895473,0.013483805836681208
0.2899999999999996,4.860000000000003,-0.006488850590242349,0.013437886648194772
0.2899999999999996,4.840000000000003,-0.006606866056782804,0.013391628003461636
0.2899999999999996,4.820000000000004,-0.006725817159456533,0.013345026150703099
0.2899999999999996,4.800000000000004,-0.006845715055317616,0.01329807728285622
0.2899999999999996,4.780000000000005,-0.006966571079588629,0.013250777537070435
0.2899999999999996,4.760000000000005,-0.0070883967486672535,0.013203122993236872
0.2899999999999996,4.7400000000000055,-0.007211203764057052,0.013155109673134144
0.2899999999999996,4.720000000000006,-0.007335004016091559,0.013106733539274051
0.2899999999999996,4.700000000000006,-0.00745980958770808,0.01305799049408845
0.2899999999999996,4.680000000000007,-0.0075856327582345335,0.01300887637829061
0.2899999999999996,4.660000000000007,-0.007712486007599639,0.01295938697020968
0.2899999999999996,4.640000000000008,-0.007840382020248284,0.012909517984361851
0.2899999999999996,4.620000000000008,-0.007969333689493586,0.01285926507042658
0.2899999999999996,4.6000000000000085,-0.008099354121821941,0.012808623811846248
0.2899999999999996,4.580000000000009,-0.008230456641079041,0.012757589724563909
0.2899999999999996,4.560000000000009,-0.008362654793415525,0.01270615825604303
0.2899999999999996,4.54000000000001,-0.008495962351342735,0.012654324783638097
0.2899999999999996,4.52000000000001,-0.008630393319108986,0.012602084613359751
0.2899999999999996,4.500000000000011,-0.008765961937159204,0.012549432978630051
0.2899999999999996,4.480000000000011,-0.008902682687275685,0.012496365038630997
0.2899999999999996,4.4600000000000115,-0.009040570297654989,0.012442875877213391
0.2899999999999996,4.440000000000012,-0.009179639748178854,0.012388960501020133
0.2899999999999996,4.420000000000012,-0.009319906275923027,0.012334613838341751
0.2899999999999996,4.400000000000013,-0.009461385380367046,0.012279830737622843
0.2899999999999996,4.380000000000013,-0.009604092829546447,0.012224605965383592
0.2899999999999996,4.360000000000014,-0.009748044665297282,0.012168934205197102
0.2899999999999996,4.340000000000014,-0.009893257209857774,0.012112810055804432
0.2899999999999996,4.3200000000000145,-0.010039747071307316,0.012056228029403412
0.2899999999999996,4.300000000000015,-0.01018753115051911,0.011999182549888507
0.2899999999999996,4.280000000000015,-0.010336626647169257,0.011941667951347872
0.2899999999999996,4.260000000000016,-0.01048705106649549,0.011883678476078172
0.2899999999999996,4.240000000000016,-0.01063882222613859,0.011825208272666518
0.2899999999999996,4.220000000000017,-0.010791958263091088,0.011766251394162453
0.2899999999999996,4.200000000000017,-0.010946477640916708,0.011706801796403085
0.2899999999999996,4.1800000000000175,-0.011102399156960072,0.011646853335542065
0.2899999999999996,4.160000000000018,-0.011259741950089244,0.011586399766514682
0.2899999999999996,4.140000000000018,-0.011418525508427693,0.011525434740607285
0.2899999999999996,4.120000000000019,-0.011578769677360368,0.011463951803540151
0.2899999999999996,4.100000000000019,-0.011740494667490142,0.011401944393080593
0.2899999999999996,4.08000000000002,-0.011903721063377722,0.011339405837207144
0.2899999999999996,4.06000000000002,-0.012068469832273986,0.01127632935129297
0.2899999999999996,4.0400000000000205,-0.012234762332578355,0.011212708036266637
0.2899999999999996,4.020000000000021,-0.012402620323424238,0.011148534875750538
0.2899999999999996,4.000000000000021,-0.01257206597392941,0.01108380273413584
0.2899999999999996,3.9800000000000213,-0.012743121872781017,0.011018504353508776
0.2899999999999996,3.9600000000000213,-0.0129158110383427,0.010952632351472629
0.2899999999999996,3.9400000000000213,-0.013090156928854398,0.010886179218188533
0.2899999999999996,3.9200000000000212,-0.013266183452877528,0.010819137313969718
0.2899999999999996,3.9000000000000212,-0.01344391498050172,0.010751498866448092
0.2899999999999996,3.880000000000021,-0.013623376353578213,0.010683255967408802
0.2899999999999996,3.860000000000021,-0.013804592898327417,0.01061440057016886
0.2899999999999996,3.840000000000021,-0.01398759043654352,0.010544924486604199
0.2899999999999996,3.820000000000021,-0.014172395297591478,0.010474819383776632
0.2899999999999996,3.800000000000021,-0.014359034331296917,0.010404076781122165
0.2899999999999996,3.780000000000021,-0.014547534920686195,0.010332688046982313
0.2899999999999996,3.760000000000021,-0.01473792499518978,0.01026064439540477
0.2899999999999996,3.740000000000021,-0.014930233044499528,0.010187936882681584
0.2899999999999996,3.720000000000021,-0.015124488132327446,0.01011455640395402
0.2899999999999996,3.700000000000021,-0.015320719911037409,0.010040493689281609
0.2899999999999996,3.680000000000021,-0.01551895863685863,0.009965739300440066
0.2899999999999996,3.660000000000021,-0.01571923518482067,0.009890283627056864
0.2899999999999996,3.640000000000021,-0.01592158106504754,0.00981411688220811
0.2899999999999996,3.620000000000021,-0.016126028438570136,0.009737229099137108
0.2899999999999996,3.600000000000021,-0.01633261013483757,0.00965961012690731
0.2899999999999996,3.580000000000021,-0.016541359668614163,0.009581249625895419
0.2899999999999996,3.560000000000021,-0.016752311258282533,0.00950213706395324
0.2899999999999996,3.540000000000021,-0.016965499843725525,0.009422261711796026
0.2899999999999996,3.520000000000021,-0.017180961106279192,0.009341612638398111
0.2899999999999996,3.500000000000021,-0.017398731487619664,0.009260178706456457
0.2899999999999996,3.480000000000021,-0.017618848210488647,0.0091779485673565
0.2899999999999996,3.460000000000021,-0.017841349299600278,0.009094910656640004
0.2899999999999996,3.440000000000021,-0.01806627360327564,0.00901105318858722
0.2899999999999996,3.420000000000021,-0.018293660815614246,0.008926364151347316
0.2899999999999996,3.400000000000021,-0.0185235514998875,0.008840831301229021
0.2899999999999996,3.3800000000000208,-0.018755987111914414,0.008754442157424016
0.2899999999999996,3.3600000000000207,-0.01899101002522298,0.00866718399654473
0.2899999999999996,3.3400000000000207,-0.01922866355612902,0.008579043846399622
0.2899999999999996,3.3200000000000207,-0.019468991989882518,0.008490008480571881
0.2899999999999996,3.3000000000000207,-0.019712040608295733,0.0084000644116103
0.2899999999999996,3.2800000000000207,-0.019957855717113077,0.008309197885530417
0.2899999999999996,3.2600000000000207,-0.02020648467578212,0.008217394874668452
0.2899999999999996,3.2400000000000206,-0.020457975927197516,0.00812464107152737
0.2899999999999996,3.2200000000000206,-0.020712379028131514,0.00803092188151773
0.2899999999999996,3.2000000000000206,-0.02096974468243494,0.007936222416233499
0.2899999999999996,3.1800000000000206,-0.021230124773213767,0.007840527485958107
0.2899999999999996,3.1600000000000206,-0.021493572397916775,0.0077438215925939545
0.2899999999999996,3.1400000000000206,-0.021760141903350405,0.007646088921465885
0.2899999999999996,3.1200000000000205,-0.0220298889230596,0.007547313333975816
0.2899999999999996,3.1000000000000205,-0.022302870415007593,0.007447478359233317
0.2899999999999996,3.0800000000000205,-0.022579144701239312,0.007346567185554723
0.2899999999999996,3.0600000000000205,-0.02285877150852008,0.007244562652234193
0.2899999999999996,3.0400000000000205,-0.023141812011345807,0.007141447240550283
0.2899999999999996,3.0200000000000204,-0.023428328875091123,0.007037203064520436
0.2899999999999996,3.0000000000000204,-0.023718386301869513,0.006931811861810425
0.2899999999999996,2.9800000000000204,-0.024012050077656607,0.0068252549838353355
0.2899999999999996,2.9600000000000204,-0.02430938762142814,0.006717513386092069
0.2899999999999996,2.9400000000000204,-0.024610468035117655,0.006608567617793937
0.2899999999999996,2.9200000000000204,-0.02491536215730395,0.0064983978112961305
0.2899999999999996,2.9000000000000203,-0.025224142616940174,0.006386983671511748
0.2899999999999996,2.8800000000000203,-0.025536883890175187,0.006274304464534474
0.2899999999999996,2.8600000000000203,-0.02585366235949925,0.00616033900613689
0.2899999999999996,2.8400000000000203,-0.026174556374355572,0.006045065650196024
0.2899999999999996,2.8200000000000203,-0.026499646314679274,0.00592846227621948
0.2899999999999996,2.8000000000000203,-0.02682901465696927,0.005810506277018915
0.2899999999999996,2.7800000000000202,-0.027162746041971338,0.005691174545576813
0.2899999999999996,2.76000000000002,-0.02750092734678889,0.0055704434620860305
0.2899999999999996,2.74000000000002,-0.02784364775779073,0.00544828887973098
0.2899999999999996,2.72000000000002,-0.02819099884780732,0.0053246861109396
0.2899999999999996,2.70000000000002,-0.028543074656138583,0.00519960991269278
0.2899999999999996,2.68000000000002,-0.028899971771491013,0.005073034471600513
0.2899999999999996,2.66000000000002,-0.029261789418179536,0.0049449333881827345
0.2899999999999996,2.64000000000002,-0.029628629546360086,0.0048152796613800675
0.2899999999999996,2.62000000000002,-0.030000596925556185,0.004684045671598497
0.2899999999999996,2.60000000000002,-0.030377799241924693,0.004551203164401822
0.2899999999999996,2.58000000000002,-0.030760347200117596,0.004416723232553849
0.2899999999999996,2.56000000000002,-0.031148354628643,0.00428057629828256
0.2899999999999996,2.54000000000002,-0.03154193859051657,0.004142732094781422
0.2899999999999996,2.52000000000002,-0.03194121949751064,0.004003159647105889
0.2899999999999996,2.50000000000002,-0.032346321230501004,0.0038618272525330066
0.2899999999999996,2.48000000000002,-0.03275737126352993,0.003718702460139986
0.2899999999999996,2.46000000000002,-0.033174500794973416,0.00357375205034062
0.2899999999999996,2.44000000000002,-0.033597844882696744,0.0034269420127956
0.2899999999999996,2.42000000000002,-0.03402754258625497,0.003278237524746236
0.2899999999999996,2.40000000000002,-0.034463737114784995,0.0031276029279134893
0.2899999999999996,2.38000000000002,-0.03490657598165872,0.002975001705205916
0.2899999999999996,2.36000000000002,-0.0353562111661502,0.002820396455981585
0.2899999999999996,2.34000000000002,-0.035812799281972216,0.002663748871692311
0.2899999999999996,2.32000000000002,-0.03627650175391886,0.0025050197099399443
0.2899999999999996,2.30000000000002,-0.03674748500202399,0.002344168767812991
0.2899999999999996,2.28000000000002,-0.03722592063486725,0.0021811548546473297
0.2899999999999996,2.2600000000000198,-0.037711985651018284,0.0020159357642918034
0.2899999999999996,2.2400000000000198,-0.03820586265029627,0.0018484682458777446
0.2899999999999996,2.2200000000000197,-0.0387077400549658,0.0016787079741404955
0.2899999999999996,2.2000000000000197,-0.03921781234151766,0.001506609518793972
0.2899999999999996,2.1800000000000197,-0.03973628028235307,0.0013321263131353261
0.2899999999999996,2.1600000000000197,-0.040263351200928735,0.001155210621691119
0.2899999999999996,2.1400000000000197,-0.04079923923736489,0.000975813506589096
0.2899999999999996,2.1200000000000196,-0.04134416562838823,0.000793884794016278
0.2899999999999996,2.1000000000000196,-0.04189835899948792,0.0006093730381826687
0.2899999999999996,2.0800000000000196,-0.04246205567336531,0.00042222548592331377
0.2899999999999996,2.0600000000000196,-0.04303549999183548,0.00023238803923977813
0.2899999999999996,2.0400000000000196,-0.04361894465468819,0.000039805217440722074
0.2899999999999996,2.0200000000000196,-0.044212651076102116,-0.00015557988194097368
0.2899999999999996,2.0000000000000195,-0.04481688975814894,-0.00035382562317412547
0.2899999999999996,1.9800000000000195,-0.04543194068403163,-0.0005549918731312942
0.2899999999999996,1.9600000000000195,-0.04605809373114554,-0.0007591400435215806
0.2899999999999996,1.9400000000000195,-0.0466956491063025,-0.0009663331333951072
0.2899999999999996,1.9200000000000195,-0.04734491780312533,-0.0011766357731210486
0.2799999999999996,5,-0.006739830121227199,0.014262252253697857
0.2799999999999996,4.98,-0.006854224296599227,0.014216730377159745
0.2799999999999996,4.960000000000001,-0.006969501907601252,0.014170879472234055
0.2799999999999996,4.940000000000001,-0.007085673216367441,0.014124695983361593
0.2799999999999996,4.920000000000002,-0.007202748644628271,0.014078176303620321
0.2799999999999996,4.900000000000002,-0.007320738776419911,0.014031316774361757
0.2799999999999996,4.880000000000003,-0.007439654361471633,0.013984113683994423
0.2799999999999996,4.860000000000003,-0.007559506318281613,0.013936563267178459
0.2799999999999996,4.840000000000003,-0.007680305737930956,0.01388866170378758
0.2799999999999996,4.820000000000004,-0.007802063886612744,0.013840405117726787
0.2799999999999996,4.800000000000004,-0.007924792210096883,0.013791789576490424
0.2799999999999996,4.780000000000005,-0.008048502336449232,0.013742811089457546
0.2799999999999996,4.760000000000005,-0.008173206080273695,0.013693465607156799
0.2799999999999996,4.7400000000000055,-0.0082989154461374,0.013643749020364443
0.2799999999999996,4.720000000000006,-0.008425642632667058,0.013593657158586889
0.2799999999999996,4.700000000000006,-0.008553400036077968,0.013543185789154956
0.2799999999999996,4.680000000000007,-0.008682200254611059,0.01349233061628978
0.2799999999999996,4.660000000000007,-0.008812056092443676,0.013441087279418007
0.2799999999999996,4.640000000000008,-0.008942980563749876,0.013389451352399911
0.2799999999999996,4.620000000000008,-0.009074986897579008,0.013337418342161345
0.2799999999999996,4.6000000000000085,-0.0092080885415246,0.013284983687475722
0.2799999999999996,4.580000000000009,-0.009342299166896495,0.013232142757395246
0.2799999999999996,4.560000000000009,-0.009477632673053552,0.013178890850334884
0.2799999999999996,4.54000000000001,-0.009614103192299222,0.013125223192660032
0.2799999999999996,4.52000000000001,-0.009751725094608334,0.013071134936976155
0.2799999999999996,4.500000000000011,-0.009890512992896653,0.013016621161201294
0.2799999999999996,4.480000000000011,-0.0100304817479821,0.012961676866745292
0.2799999999999996,4.4600000000000115,-0.010171646473896592,0.012906296977243992
0.2799999999999996,4.440000000000012,-0.010314022543318762,0.012850476336959377
0.2799999999999996,4.420000000000012,-0.010457625592979618,0.012794209709317276
0.2799999999999996,4.400000000000013,-0.01060247152963886,0.01273749177521255
0.2799999999999996,4.380000000000013,-0.010748576535631998,0.012680317131682772
0.2799999999999996,4.360000000000014,-0.010895957075039962,0.012622680289754343
0.2799999999999996,4.340000000000014,-0.01104462989975806,0.012564575673421854
0.2799999999999996,4.3200000000000145,-0.011194612055716629,0.0125059976172599
0.2799999999999996,4.300000000000015,-0.011345920889647037,0.012446940365169787
0.2799999999999996,4.280000000000015,-0.011498574055431504,0.012387398068270286
0.2799999999999996,4.260000000000016,-0.011652589520860016,0.012327364783121917
0.2799999999999996,4.240000000000016,-0.011807985575028511,0.012266834469946558
0.2799999999999996,4.220000000000017,-0.011964780835257503,0.012205800990579593
0.2799999999999996,4.200000000000017,-0.012122994254292363,0.012144258106394808
0.2799999999999996,4.1800000000000175,-0.01228264512837077,0.012082199476520769
0.2799999999999996,4.160000000000018,-0.012443753104573196,0.012019618655582223
0.2799999999999996,4.140000000000018,-0.01260633818904642,0.011956509091620049
0.2799999999999996,4.120000000000019,-0.012770420755135306,0.011892864123806385
0.2799999999999996,4.100000000000019,-0.012936021551949083,0.011828676980471985
0.2799999999999996,4.08000000000002,-0.01310316171290081,0.011763940776501586
0.2799999999999996,4.06000000000002,-0.013271862764513167,0.011698648511220197
0.2799999999999996,4.0400000000000205,-0.013442146636107856,0.011632793065892818
0.2799999999999996,4.020000000000021,-0.013614035668676538,0.011566367201211902
0.2799999999999996,4.000000000000021,-0.013787552624708297,0.011499363554936456
0.2799999999999996,3.9800000000000213,-0.013962720698441212,0.011431774639163172
0.2799999999999996,3.9600000000000213,-0.014139563525759557,0.011363592837748251
0.2799999999999996,3.9400000000000213,-0.014318105194853003,0.01129481040349161
0.2799999999999996,3.9200000000000212,-0.014498370257197087,0.01122541945550258
0.2799999999999996,3.9000000000000212,-0.014680383738586072,0.011155411976258675
0.2799999999999996,3.880000000000021,-0.01486417115066295,0.011084779808705189
0.2799999999999996,3.860000000000021,-0.015049758502616495,0.011013514653219161
0.2799999999999996,3.840000000000021,-0.015237172313422663,0.010941608064653593
0.2799999999999996,3.820000000000021,-0.015426439624513674,0.010869051448887487
0.2799999999999996,3.800000000000021,-0.015617588012451817,0.010795836060113972
0.2799999999999996,3.780000000000021,-0.015810645602322315,0.01072195299690514
0.2799999999999996,3.760000000000021,-0.01600564108127937,0.010647393199245417
0.2799999999999996,3.740000000000021,-0.016202603712737275,0.010572147444897692
0.2799999999999996,3.720000000000021,-0.016401563351047796,0.010496206345896826
0.2799999999999996,3.700000000000021,-0.016602550455819855,0.010419560344777673
0.2799999999999996,3.680000000000021,-0.01680559610805989,0.010342199710685299
0.2799999999999996,3.660000000000021,-0.017010732025619413,0.010264114535958616
0.2799999999999996,3.640000000000021,-0.01721799057961307,0.010185294731609132
0.2799999999999996,3.620000000000021,-0.01742740481120921,0.010105730023705014
0.2799999999999996,3.600000000000021,-0.0176390084493303,0.01002540994885873
0.2799999999999996,3.580000000000021,-0.01785283592799971,0.009944323850089629
0.2799999999999996,3.560000000000021,-0.018068922405524563,0.009862460872477503
0.2799999999999996,3.540000000000021,-0.018287303782918575,0.00977980995840818
0.2799999999999996,3.520000000000021,-0.01850801672399567,0.009696359843308695
0.2799999999999996,3.500000000000021,-0.01873109867540383,0.009612099050309436
0.2799999999999996,3.480000000000021,-0.018956587887932832,0.009527015886030495
0.2799999999999996,3.460000000000021,-0.019184523437458786,0.009441098434953457
0.2799999999999996,3.440000000000021,-0.019414945248149584,0.009354334554665847
0.2799999999999996,3.420000000000021,-0.019647894114700595,0.00926671187018258
0.2799999999999996,3.400000000000021,-0.019883411726636147,0.009178217768944619
0.2799999999999996,3.3800000000000208,-0.020121540692720367,0.009088839394766207
0.2799999999999996,3.3600000000000207,-0.020362324566221637,0.00899856364235449
0.2799999999999996,3.3400000000000207,-0.02060580787142756,0.008907377151255516
0.2799999999999996,3.3200000000000207,-0.020852036130279507,0.008815266300035651
0.2799999999999996,3.3000000000000207,-0.021101055891080113,0.008722217199519669
0.2799999999999996,3.2800000000000207,-0.021352914756846704,0.008628215686851265
0.2799999999999996,3.2600000000000207,-0.02160766141544649,0.008533247318729533
0.2799999999999996,3.2400000000000206,-0.021865345670617455,0.008437297364529875
0.2799999999999996,3.2200000000000206,-0.022126018473985758,0.0083403507993903
0.2799999999999996,3.2000000000000206,-0.022389731958075417,0.008242392297143856
0.2799999999999996,3.1800000000000206,-0.022656539470606578,0.00814340622264123
0.2799999999999996,3.1600000000000206,-0.02292649561035482,0.008043376624566789
0.2799999999999996,3.1400000000000206,-0.02319965626314436,0.007942287227321288
0.2799999999999996,3.1200000000000205,-0.023476078640466885,0.00784012142304863
0.2799999999999996,3.1000000000000205,-0.023755821318407942,0.007736862263462974
0.2799999999999996,3.0800000000000205,-0.02403894427899613,0.007632492451326113
0.2799999999999996,3.0600000000000205,-0.02432550895179504,0.007526994331700298
0.2799999999999996,3.0400000000000205,-0.02461557825787447,0.007420349882942081
0.2799999999999996,3.0200000000000204,-0.02490921665533266,0.007312540707345112
0.2799999999999996,3.0000000000000204,-0.025206490185929853,0.007203548021861731
0.2799999999999996,2.9800000000000204,-0.02550746652427497,0.007093352648142093
0.2799999999999996,2.9600000000000204,-0.025812215027879018,0.006981935002395814
0.2799999999999996,2.9400000000000204,-0.026120806789802616,0.006869275085267718
0.2799999999999996,2.9200000000000204,-0.026433314692841665,0.006755352470712836
0.2799999999999996,2.9000000000000203,-0.026749813466157565,0.006640146295584987
0.2799999999999996,2.8800000000000203,-0.02707037974370771,0.006523635247728726
0.2799999999999996,2.8600000000000203,-0.02739509212476212,0.006405797554751222
0.2799999999999996,2.8400000000000203,-0.02772403123719777,0.006286610971774638
0.2799999999999996,2.8200000000000203,-0.028057279803137,0.006166052769271901
0.2799999999999996,2.8000000000000203,-0.028394922706790327,0.006044099720129294
0.2799999999999996,2.7800000000000202,-0.028737047065066124,0.005920728086752243
0.2799999999999996,2.76000000000002,-0.02908374230140677,0.005795913607457362
0.2799999999999996,2.74000000000002,-0.02943510022168508,0.005669631482718394
0.2799999999999996,2.72000000000002,-0.02979121509404985,0.00554185636050214
0.2799999999999996,2.70000000000002,-0.030152183731503572,0.005412562322081843
0.2799999999999996,2.68000000000002,-0.03051810557714419,0.005281722866466151
0.2799999999999996,2.66000000000002,-0.030889082794465915,0.005149310894924734
0.2799999999999996,2.64000000000002,-0.03126522035977162,0.005015298694670732
0.2799999999999996,2.62000000000002,-0.03164662615946829,0.004879657922739332
0.2799999999999996,2.60000000000002,-0.032033411090294985,0.0047423595884996325
0.2799999999999996,2.58000000000002,-0.03242568916496173,0.00460337403627966
0.2799999999999996,2.56000000000002,-0.03282357762128642,0.0044626709272396065
0.2799999999999996,2.54000000000002,-0.03322719703632604,0.004320219220517951
0.2799999999999996,2.52000000000002,-0.03363667144507063,0.004175987154474849
0.2799999999999996,2.50000000000002,-0.03405212846455512,0.004029942226360647
0.2799999999999996,2.48000000000002,-0.034473699423132,0.0038820511724026
0.2799999999999996,2.46000000000002,-0.034901519495155714,0.0037322799465502876
0.2799999999999996,2.44000000000002,-0.03533572784194351,0.0035805936989535964
0.2799999999999996,2.42000000000002,-0.035776467758268087,0.0034269567539244525
0.2799999999999996,2.40000000000002,-0.03622388682609817,0.0032713325865203202
0.2799999999999996,2.38000000000002,-0.03667813707466424,0.003113683799565975
0.2799999999999996,2.36000000000002,-0.03713937514775752,0.002953972099080271
0.2799999999999996,2.34000000000002,-0.037607762478538476,0.002792158269387595
0.2799999999999996,2.32000000000002,-0.038083465472415326,0.0026282021472482514
0.2799999999999996,2.30000000000002,-0.038566655698478176,0.002462062595690928
0.2799999999999996,2.28000000000002,-0.03905751008884799,0.0022936974767557017
0.2799999999999996,2.2600000000000198,-0.03955621114831295,0.0021230636233072475
0.2799999999999996,2.2400000000000198,-0.040062947173393086,0.0019501168104564398
0.2799999999999996,2.2200000000000197,-0.04057791248119537,0.0017748117260520044
0.2799999999999996,2.2000000000000197,-0.04110130765000134,0.0015971019401342795
0.2799999999999996,2.1800000000000197,-0.04163333977018287,0.0014169398737158834
0.2799999999999996,2.1600000000000197,-0.042174222708594,0.0012342767668778454
0.2799999999999996,2.1400000000000197,-0.04272417738446916,0.0010490626458478092
0.2799999999999996,2.1200000000000196,-0.04328343205904455,0.0008612462887556405
0.2799999999999996,2.1000000000000196,-0.04385222264038367,0.0006707751916818216
0.2799999999999996,2.0800000000000196,-0.044430793001752615,0.0004775955325840159
0.2799999999999996,2.0600000000000196,-0.04501939531691987,0.000281652135017723
0.2799999999999996,2.0400000000000196,-0.045618290411984605,0.00008288843102524646
0.2799999999999996,2.0200000000000196,-0.04622774813466605,-0.00011875357737215625
0.2799999999999996,2.0000000000000195,-0.046848047743080684,-0.0003233333570035746
0.2799999999999996,1.9800000000000195,-0.04747947831365123,-0.0005309118835548493
0.2799999999999996,1.9600000000000195,-0.04812233917095666,-0.0007415516821049767
0.2799999999999996,1.9400000000000195,-0.04877694033910379,-0.0009553168691132374
0.2799999999999996,1.9200000000000195,-0.04944360301769764,-0.0011722731944952824
0.2699999999999996,5,-0.0078490214269189,0.014693821112022703
0.2699999999999996,4.98,-0.007966176912402778,0.014646602445117658
0.2699999999999996,4.960000000000001,-0.008084238161261583,0.014599042855417473
0.2699999999999996,4.940000000000001,-0.008203215707563983,0.014551138663507032
0.2699999999999996,4.920000000000002,-0.008323120249090588,0.014502886137648108
0.2699999999999996,4.900000000000002,-0.0084439626506297,0.014454281492176972
0.2699999999999996,4.880000000000003,-0.008565753947245774,0.014405320886825418
0.2699999999999996,4.860000000000003,-0.008688505347609152,0.014356000425994084
0.2699999999999996,4.840000000000003,-0.008812228237269012,0.01430631615726187
0.2699999999999996,4.820000000000004,-0.008936934182475665,0.014256264070733913
0.2699999999999996,4.800000000000004,-0.009062634933393168,0.014205840097811478
0.2699999999999996,4.780000000000005,-0.00918934242813231,0.014155040110135905
0.2699999999999996,4.760000000000005,-0.009317068796270788,0.014103859918713962
0.2699999999999996,4.7400000000000055,-0.009445826362783676,0.014052295272564297
0.2699999999999996,4.720000000000006,-0.009575627651955725,0.014000341857702672
0.2699999999999996,4.700000000000006,-0.009706485391515848,0.013947995295804413
0.2699999999999996,4.680000000000007,-0.009838412516499855,0.0138952511432995
0.2699999999999996,4.660000000000007,-0.00997142217401355,0.013842104889995759
0.2699999999999996,4.640000000000008,-0.010105527726964327,0.013788551957774682
0.2699999999999996,4.620000000000008,-0.010240742759008634,0.013734587699556738
0.2699999999999996,4.6000000000000085,-0.01037708107880917,0.013680207397749434
0.2699999999999996,4.580000000000009,-0.010514556724822686,0.013625406262996007
0.2699999999999996,4.560000000000009,-0.010653183970176065,0.013570179433056898
0.2699999999999996,4.54000000000001,-0.010792977327339422,0.013514521970965292
0.2699999999999996,4.52000000000001,-0.010933951553470593,0.013458428864085492
0.2699999999999996,4.500000000000011,-0.01107612165518016,0.013401895022419395
0.2699999999999996,4.480000000000011,-0.011219502894308791,0.013344915277132587
0.2699999999999996,4.4600000000000115,-0.011364110792931145,0.013287484379077978
0.2699999999999996,4.440000000000012,-0.01150996113921642,0.013229596997167567
0.2699999999999996,4.420000000000012,-0.011657069992921355,0.01317124771709028
0.2699999999999996,4.400000000000013,-0.011805453691527688,0.013112431039288289
0.2699999999999996,4.380000000000013,-0.011955128855889095,0.013053141377488878
0.2699999999999996,4.360000000000014,-0.012106112396746594,0.012993373057135708
0.2699999999999996,4.340000000000014,-0.012258421520700457,0.012933120313403615
0.2699999999999996,4.3200000000000145,-0.012412073737149129,0.01287237728965153
0.2699999999999996,4.300000000000015,-0.012567086864535521,0.012811138035363982
0.2699999999999996,4.280000000000015,-0.012723479037396299,0.012749396504449855
0.2699999999999996,4.260000000000016,-0.012881268713495316,0.012687146553506903
0.2699999999999996,4.240000000000016,-0.013040474680710951,0.012624381939562106
0.2699999999999996,4.220000000000017,-0.013201116064783185,0.012561096318134457
0.2699999999999996,4.200000000000017,-0.013363212336691402,0.01249728324144097
0.2699999999999996,4.1800000000000175,-0.013526783320522885,0.012432936155926791
0.2699999999999996,4.160000000000018,-0.013691849201642667,0.012368048400563561
0.2699999999999996,4.140000000000018,-0.013858430534772849,0.012302613204249246
0.2699999999999996,4.120000000000019,-0.014026548252403518,0.012236623683865133
0.2699999999999996,4.100000000000019,-0.014196223673753403,0.012170072841809786
0.2699999999999996,4.08000000000002,-0.014367478513500034,0.012102953563623696
0.2699999999999996,4.06000000000002,-0.014540334891153552,0.012035258615835372
0.2699999999999996,4.0400000000000205,-0.014714815340231818,0.011966980643292165
0.2699999999999996,4.020000000000021,-0.014890942818226848,0.01189811216651292
0.2699999999999996,4.000000000000021,-0.015068740716531352,0.011828645579317051
0.2699999999999996,3.9800000000000213,-0.015248232870779251,0.01175857314610991
0.2699999999999996,3.9600000000000213,-0.015429443571104196,0.011687886999108277
0.2699999999999996,3.9400000000000213,-0.015612397573591345,0.011616579135696838
0.2699999999999996,3.9200000000000212,-0.01579712011073734,0.011544641415273046
0.2699999999999996,3.9000000000000212,-0.015983636903650355,0.011472065556747152
0.2699999999999996,3.880000000000021,-0.01617197417340224,0.011398843135051531
0.2699999999999996,3.860000000000021,-0.016362158653471563,0.011324965578578532
0.2699999999999996,3.840000000000021,-0.016554217602168225,0.011250424165541477
0.2699999999999996,3.820000000000021,-0.016748178815523145,0.011175210021132434
0.2699999999999996,3.800000000000021,-0.01694407064076974,0.011099314113992356
0.2699999999999996,3.780000000000021,-0.017141921989777355,0.011022727252663858
0.2699999999999996,3.760000000000021,-0.01734176235334467,0.01094544008261733
0.2699999999999996,3.740000000000021,-0.017543621815660257,0.010867443082229908
0.2699999999999996,3.720000000000021,-0.01774753106915197,0.010788726559024242
0.2699999999999996,3.700000000000021,-0.017953521430229026,0.010709280646442096
0.2699999999999996,3.680000000000021,-0.018161624854650695,0.010629095299495128
0.2699999999999996,3.660000000000021,-0.01837187395450949,0.010548160290903247
0.2699999999999996,3.640000000000021,-0.018584302014325753,0.010466465207198516
0.2699999999999996,3.620000000000021,-0.018798943009460743,0.01038399944441138
0.2699999999999996,3.600000000000021,-0.019015831623015022,0.010300752203856942
0.2699999999999996,3.580000000000021,-0.01923500326507674,0.010216712487557109
0.2699999999999996,3.560000000000021,-0.019456494091218357,0.010131869094021154
0.2699999999999996,3.540000000000021,-0.019680341022816204,0.010046210613441367
0.2699999999999996,3.520000000000021,-0.019906581766905074,0.00995972542295541
0.2699999999999996,3.500000000000021,-0.02013525483709798,0.00987240168175707
0.2699999999999996,3.480000000000021,-0.02036639957539716,0.00978422732611435
0.2699999999999996,3.460000000000021,-0.020600056174537782,0.009695190064196307
0.2699999999999996,3.440000000000021,-0.0208362657008925,0.009605277370880315
0.2699999999999996,3.420000000000021,-0.02107507011837177,0.009514476482122877
0.2699999999999996,3.400000000000021,-0.021316512312680842,0.009422774389538799
0.2699999999999996,3.3800000000000208,-0.02156063611739511,0.009330157834837347
0.2699999999999996,3.3600000000000207,-0.02180748633934653,0.009236613303361785
0.2699999999999996,3.3400000000000207,-0.02205710878638529,0.009142127018852836
0.2699999999999996,3.3200000000000207,-0.022309550294811072,0.009046684936451069
0.2699999999999996,3.3000000000000207,-0.022564858758865974,0.008950272736951037
0.2699999999999996,3.2800000000000207,-0.02282308316019195,0.008852875819720298
0.2699999999999996,3.2600000000000207,-0.0230842735990881,0.00875447929640048
0.2699999999999996,3.2400000000000206,-0.023348481326173832,0.008655067983745539
0.2699999999999996,3.2200000000000206,-0.023615758775828576,0.008554626396485743
0.2699999999999996,3.2000000000000206,-0.02388615960011848,0.008453138740034907
0.2699999999999996,3.1800000000000206,-0.024159738704555324,0.008350588903077966
0.2699999999999996,3.1600000000000206,-0.024436552284344562,0.00824696044980637
0.2699999999999996,3.1400000000000206,-0.024716657862667052,0.00814223661167636
0.2699999999999996,3.1200000000000205,-0.02500011432974189,0.008036400279693295
0.2699999999999996,3.1000000000000205,-0.02528698198376941,0.007929433995623847
0.2699999999999996,3.0800000000000205,-0.025577322572712387,0.007821319943626476
0.2699999999999996,3.0600000000000205,-0.02587119933834784,0.007712039941007748
0.2699999999999996,3.0400000000000205,-0.02616867706121102,0.007601575429533089
0.2699999999999996,3.0200000000000204,-0.026469822107471043,0.007489907465530424
0.2699999999999996,3.0000000000000204,-0.026774702477830106,0.007377016710617419
0.2699999999999996,2.9800000000000204,-0.027083387857606788,0.007262883421540106
0.2699999999999996,2.9600000000000204,-0.027395949669025928,0.007147487439732592
0.2699999999999996,2.9400000000000204,-0.02771246112550928,0.0070308081813983125
0.2699999999999996,2.9200000000000204,-0.02803299728781935,0.006912824625829494
0.2699999999999996,2.9000000000000203,-0.028357635122566085,0.006793515304912234
0.2699999999999996,2.8800000000000203,-0.028686453562432247,0.00667285829136538
0.2699999999999996,2.8600000000000203,-0.029019533569348208,0.006550831186986114
0.2699999999999996,2.8400000000000203,-0.029356958199751863,0.006427411110231776
0.2699999999999996,2.8200000000000203,-0.02969881267207058,0.006302574684165507
0.2699999999999996,2.8000000000000203,-0.030045184437617767,0.006176298023266372
0.2699999999999996,2.7800000000000202,-0.030396163253307556,0.006048556720176682
0.2699999999999996,2.76000000000002,-0.030751841258181853,0.005919325832079019
0.2699999999999996,2.74000000000002,-0.031112313052216164,0.005788579866743249
0.2699999999999996,2.72000000000002,-0.031477675778426445,0.0056562927679321695
0.2699999999999996,2.70000000000002,-0.03184802920878653,0.00552243790063453
0.2699999999999996,2.68000000000002,-0.03222347583280895,0.005386988035568585
0.2699999999999996,2.66000000000002,-0.03260412095034725,0.005249915333696634
0.2699999999999996,2.64000000000002,-0.032990072768066425,0.005111191329735002
0.2699999999999996,2.62000000000002,-0.03338144249933439,0.004970786915378833
0.2699999999999996,2.60000000000002,-0.033778344469256344,0.004828672322456179
0.2699999999999996,2.58000000000002,-0.03418089622312514,0.0046848171049406265
0.2699999999999996,2.56000000000002,-0.03458921864012902,0.004539190120881852
0.2699999999999996,2.54000000000002,-0.03500343605110512,0.0043917595133741855
0.2699999999999996,2.52000000000002,-0.03542367636228684,0.004242492691660674
0.2699999999999996,2.50000000000002,-0.03585007118349647,0.0040913563109883505
0.2699999999999996,2.48000000000002,-0.0362827559619845,0.0039383162523037585
0.2699999999999996,2.46000000000002,-0.03672187012265628,0.003783337601113511
0.2699999999999996,2.44000000000002,-0.037167557213920406,0.0036263846257888616
0.2699999999999996,2.42000000000002,-0.03761996505976732,0.0034674207557508357
0.2699999999999996,2.40000000000002,-0.038079245919035914,0.003306408557924967
0.2699999999999996,2.38000000000002,-0.03854555665176855,0.003143309713573045
0.2699999999999996,2.36000000000002,-0.039019058892582656,0.002978084994308433
0.2699999999999996,2.34000000000002,-0.03949991923214288,0.002810694236456107
0.2699999999999996,2.32000000000002,-0.039988309407104676,0.002641096316290739
0.2699999999999996,2.30000000000002,-0.04048440649833822,0.0024692491232189695
0.2699999999999996,2.28000000000002,-0.04098839313881851,0.0022951095328318377
0.2699999999999996,2.2600000000000198,-0.0415004577304329,0.002118633379376761
0.2699999999999996,2.2400000000000198,-0.0420207946716078,0.0019397754270482899
0.2699999999999996,2.2200000000000197,-0.04254960459544253,0.001758489340744268
0.2699999999999996,2.2000000000000197,-0.043087094619041075,0.0015747276560029444
0.2699999999999996,2.1800000000000197,-0.043633478604878276,0.001388441748414626
0.2699999999999996,2.1600000000000197,-0.04418897743476044,0.0011995818017330878
0.2699999999999996,2.1400000000000197,-0.04475381929708841,0.0010080967756960352
0.2699999999999996,2.1200000000000196,-0.04532823998781477,0.0008139343728038734
0.2699999999999996,2.1000000000000196,-0.04591248322688644,0.0006170410043205114
0.2699999999999996,2.0800000000000196,-0.046506800989957645,0.0004173617555475115
0.2699999999999996,2.0600000000000196,-0.047111453856476124,0.00021484035025437498
0.2699999999999996,2.0400000000000196,-0.04772671137591146,9.419114586420307e-6
0.2699999999999996,2.0200000000000196,-0.04835285245172008,-0.0001989610603393005
0.2699999999999996,2.0000000000000195,-0.04899016574598777,-0.00041036075619932215
0.2699999999999996,1.9800000000000195,-0.04963895010386467,-0.0006248420656628367
0.2699999999999996,1.9600000000000195,-0.05029951500082383,-0.0008424686319822156
0.2699999999999996,1.9400000000000195,-0.050972181012527734,-0.0010633056886636683
0.2699999999999996,1.9200000000000195,-0.05165728031042005,-0.0012874201003112151
0.25999999999999956,5,-0.009019852631769978,0.015035742874544046
0.25999999999999956,4.98,-0.009139910689677793,0.014986678276239281
0.25999999999999956,4.960000000000001,-0.00926089805811506,0.014937259837670663
0.25999999999999956,4.940000000000001,-0.00938282555862631,0.014887483745697684
0.25999999999999956,4.920000000000002,-0.009505704181357821,0.014837346132896306
0.25999999999999956,4.900000000000002,-0.009629545088019366,0.014786843076259118
0.25999999999999956,4.880000000000003,-0.009754359615777058,0.014735970596316095
0.25999999999999956,4.860000000000003,-0.00988015928010507,0.014684724656016477
0.25999999999999956,4.840000000000003,-0.010006955778624243,0.01463310115993931
0.25999999999999956,4.820000000000004,-0.010134760994931082,0.01458109595300985
0.25999999999999956,4.800000000000004,-0.010263587001731522,0.014528704819626953
0.25999999999999956,4.780000000000005,-0.010393446065052348,0.014475923482211231
0.25999999999999956,4.760000000000005,-0.010524350648004116,0.014422747600527752
0.25999999999999956,4.7400000000000055,-0.01065631341468161,0.014369172770291844
0.25999999999999956,4.720000000000006,-0.01078934723442808,0.014315194522080937
0.25999999999999956,4.700000000000006,-0.010923465185788014,0.014260808319833007
0.25999999999999956,4.680000000000007,-0.011058680560592067,0.014206009560239471
0.25999999999999956,4.660000000000007,-0.01119500686900952,0.014150793570879922
0.25999999999999956,4.640000000000008,-0.01133245784330951,0.01409515560934399
0.25999999999999956,4.620000000000008,-0.01147104744281072,0.014039090861786903
0.25999999999999956,4.6000000000000085,-0.011610789858519719,0.01398259444146728
0.25999999999999956,4.580000000000009,-0.01175169951777831,0.013925661387615182
0.25999999999999956,4.560000000000009,-0.011893791089666763,0.013868286663918886
0.25999999999999956,4.54000000000001,-0.012037079489466935,0.013810465157036683
0.25999999999999956,4.52000000000001,-0.01218157988431037,0.013752191675366052
0.25999999999999956,4.500000000000011,-0.012327307698241051,0.013693460947292475
0.25999999999999956,4.480000000000011,-0.012474278617832766,0.013634267619730828
0.25999999999999956,4.4600000000000115,-0.01262250859773921,0.013574606256742783
0.25999999999999956,4.440000000000012,-0.012772013866304333,0.013514471337670697
0.25999999999999956,4.420000000000012,-0.012922810931632042,0.013453857255829968
0.25999999999999956,4.400000000000013,-0.01307491658774455,0.01339275831642843
0.25999999999999956,4.380000000000013,-0.013228347920228128,0.013331168735363413
0.25999999999999956,4.360000000000014,-0.013383122313177063,0.013269082636917048
0.25999999999999956,4.340000000000014,-0.013539257455662429,0.013206494052414183
0.25999999999999956,4.3200000000000145,-0.013696771347962681,0.013143396918255279
0.25999999999999956,4.300000000000015,-0.013855682308884185,0.013079785074041145
0.25999999999999956,4.280000000000015,-0.01401600898275595,0.01301565226059137
0.25999999999999956,4.260000000000016,-0.014177770346528454,0.012950992118039135
0.25999999999999956,4.240000000000016,-0.014340985717274627,0.012885798183864948
0.25999999999999956,4.220000000000017,-0.014505674759915845,0.012820063890862363
0.25999999999999956,4.200000000000017,-0.014671857495016613,0.012753782564934174
0.25999999999999956,4.1800000000000175,-0.014839554306777449,0.012686947423054526
0.25999999999999956,4.160000000000018,-0.015008785951258864,0.012619551570912553
0.25999999999999956,4.140000000000018,-0.015179573565310469,0.012551588000959638
0.25999999999999956,4.120000000000019,-0.015351938674665121,0.012483049589746525
0.25999999999999956,4.100000000000019,-0.015525903203454632,0.012413929095706412
0.25999999999999956,4.08000000000002,-0.015701489483246775,0.012344219156955938
0.25999999999999956,4.06000000000002,-0.015878720262387562,0.012273912288305905
0.25999999999999956,4.0400000000000205,-0.016057618716078137,0.012203000879471265
0.25999999999999956,4.020000000000021,-0.016238208455995638,0.012131477191585222
0.25999999999999956,4.000000000000021,-0.016420513541061228,0.01205933335531606
0.25999999999999956,3.9800000000000213,-0.016604558487739784,0.011986561367519175
0.25999999999999956,3.9600000000000213,-0.016790368281001132,0.011913153089160383
0.25999999999999956,3.9400000000000213,-0.016977968385594053,0.011839100241555654
0.25999999999999956,3.9200000000000212,-0.01716738475754128,0.011764394404197742
0.25999999999999956,3.9000000000000212,-0.0173586438561093,0.011689027011379138
0.25999999999999956,3.880000000000021,-0.017551772655864897,0.011612989349234416
0.25999999999999956,3.860000000000021,-0.017746798659449784,0.011536272552549617
0.25999999999999956,3.840000000000021,-0.017943749910515006,0.011458867601382872
0.25999999999999956,3.820000000000021,-0.018142655006664784,0.011380765317945633
0.25999999999999956,3.800000000000021,-0.01834354311378894,0.011301956363163779
0.25999999999999956,3.780000000000021,-0.018546443979860702,0.011222431233177819
0.25999999999999956,3.760000000000021,-0.01875138794952442,0.011142180255597059
0.25999999999999956,3.740000000000021,-0.018958405978952653,0.011061193586097015
0.25999999999999956,3.720000000000021,-0.019167529651811694,0.010979461204469021
0.25999999999999956,3.700000000000021,-0.01937879119443599,0.01089697291087599
0.25999999999999956,3.680000000000021,-0.019592223492933773,0.010813718321672938
0.25999999999999956,3.660000000000021,-0.019807860109572185,0.010729686865774454
0.25999999999999956,3.640000000000021,-0.020025735300606314,0.010644867779908945
0.25999999999999956,3.620000000000021,-0.020245884033949717,0.010559250104826765
0.25999999999999956,3.600000000000021,-0.020468342007907578,0.010472822680868833
0.25999999999999956,3.580000000000021,-0.020693145670101727,0.010385574142972046
0.25999999999999956,3.560000000000021,-0.02092033223739481,0.010297492916722613
0.25999999999999956,3.540000000000021,-0.02114993971615381,0.010208567213219819
0.25999999999999956,3.520000000000021,-0.02138200692300235,0.010118785024135143
0.25999999999999956,3.500000000000021,-0.02161657350684522,0.010028134117086765
0.25999999999999956,3.480000000000021,-0.021853679970971873,0.00993660203017821
0.25999999999999956,3.460000000000021,-0.022093367696245765,0.009844176066858973
0.25999999999999956,3.440000000000021,-0.02233567896488097,0.009750843290548365
0.25999999999999956,3.420000000000021,-0.022580656985028747,0.009656590518943464
0.25999999999999956,3.400000000000021,-0.02282834591594559,0.00956140431850084
0.25999999999999956,3.3800000000000208,-0.023078790894909215,0.009465270998492759
0.25999999999999956,3.3600000000000207,-0.023332038063588016,0.009368176605021213
0.25999999999999956,3.3400000000000207,-0.02358813459653538,0.009270106914755764
0.25999999999999956,3.3200000000000207,-0.023847128729727468,0.009171047428612938
0.25999999999999956,3.3000000000000207,-0.02410906979093281,0.009070983365366894
0.25999999999999956,3.2800000000000207,-0.02437400823044049,0.008969899654788074
0.25999999999999956,3.2600000000000207,-0.02464199565293615,0.008867780930983116
0.25999999999999956,3.2400000000000206,-0.02491308485099207,0.008764611524968685
0.25999999999999956,3.2200000000000206,-0.025187329838801273,0.008660375457820599
0.25999999999999956,3.2000000000000206,-0.02546478588798317,0.008555056432861759
0.25999999999999956,3.1800000000000206,-0.02574550956387768,0.0084486378282293
0.25999999999999956,3.1600000000000206,-0.026029558764085123,0.008341102688832994
0.25999999999999956,3.1400000000000206,-0.02631699275694461,0.008232433718353568
0.25999999999999956,3.1200000000000205,-0.026607872222861307,0.008122613270831719
0.25999999999999956,3.1000000000000205,-0.0269022592960238,0.008011623342160865
0.25999999999999956,3.0800000000000205,-0.027200217608268046,0.007899445561278876
0.25999999999999956,3.0600000000000205,-0.0275018123342307,0.0077860611811395725
0.25999999999999956,3.0400000000000205,-0.027807110237959107,0.007671451069182381
0.25999999999999956,3.0200000000000204,-0.028116179721723217,0.007555595698241484
0.25999999999999956,3.0000000000000204,-0.028429090876314338,0.0074384751361440404
0.25999999999999956,2.9800000000000204,-0.0287459155328987,0.007320069036005586
0.25999999999999956,2.9600000000000204,-0.02906672731768409,0.007200356625579475
0.25999999999999956,2.9400000000000204,-0.029391601707698035,0.007079316696716659
0.25999999999999956,2.9200000000000204,-0.029720616088958415,0.006956927594193765
0.25999999999999956,2.9000000000000203,-0.030053849817133202,0.006833167204590165
0.25999999999999956,2.8800000000000203,-0.03039138428030727,0.006708012944483657
0.25999999999999956,2.8600000000000203,-0.030733302963918147,0.006581441748481631
0.25999999999999956,2.8400000000000203,-0.03107969151860611,0.006453430056983442
0.25999999999999956,2.8200000000000203,-0.0314306378302808,0.0063239538034687015
0.25999999999999956,2.8000000000000203,-0.031786232093463616,0.006192988401414065
0.25999999999999956,2.7800000000000202,-0.03214656688680356,0.006060508730938649
0.25999999999999956,2.76000000000002,-0.032511737252216275,0.005926489124939177
0.25999999999999956,2.74000000000002,-0.03288184077651649,0.005790903355048477
0.25999999999999956,2.72000000000002,-0.03325697767731088,0.005653724616693875
0.25999999999999956,2.70000000000002,-0.03363725089105022,0.005514925514686506
0.25999999999999956,2.68000000000002,-0.03402276616564438,0.005374478047020501
0.25999999999999956,2.66000000000002,-0.03441363215643395,0.005232353589576438
0.25999999999999956,2.64000000000002,-0.03480996052644365,0.00508852287948014
0.25999999999999956,2.62000000000002,-0.035211866049888546,0.0049429559981477855
0.25999999999999956,2.60000000000002,-0.03561946672116476,0.004795622354632392
0.25999999999999956,2.58000000000002,-0.03603288386749437,0.004646490667037151
0.25999999999999956,2.56000000000002,-0.03645224226696348,0.004495528944693211
0.25999999999999956,2.54000000000002,-0.03687767027072411,0.0043427044691949634
0.25999999999999956,2.52000000000002,-0.037309299931536685,0.004187983775061285
0.25999999999999956,2.50000000000002,-0.037747267136423596,0.0040313326299101365
0.25999999999999956,2.48000000000002,-0.038191711746715915,0.003872716013859044
0.25999999999999956,2.46000000000002,-0.03864277774249968,0.003712098098734004
0.25999999999999956,2.44000000000002,-0.039100613374889015,0.003549442226279037
0.25999999999999956,2.42000000000002,-0.03956537132367658,0.0033847108858362646
0.25999999999999956,2.40000000000002,-0.040037208863198795,0.00321786569179415
0.25999999999999956,2.38000000000002,-0.04051628803452986,0.0030488673600330835
0.25999999999999956,2.36000000000002,-0.04100277582637673,0.002877675683875161
0.25999999999999956,2.34000000000002,-0.04149684436348146,0.0027042495092852448
0.25999999999999956,2.32000000000002,-0.041998671103722934,0.0025285467094468134
0.25999999999999956,2.30000000000002,-0.04250843904499224,0.002350524158894085
0.25999999999999956,2.28000000000002,-0.04302633694053086,0.002170137706759237
0.25999999999999956,2.2600000000000198,-0.04355255952518844,0.0019873421491209096
0.25999999999999956,2.2400000000000198,-0.04408730775148923,0.0018020912011083023
0.25999999999999956,2.2200000000000197,-0.04463078903808346,0.0016143374681798217
0.25999999999999956,2.2000000000000197,-0.0451832175288843,0.0014240324163735524
0.25999999999999956,2.1800000000000197,-0.045744814364926625,0.0012311263421530064
0.25999999999999956,2.1600000000000197,-0.046315807969609796,0.0010355683417189558
0.25999999999999956,2.1400000000000197,-0.04689643434784714,0.0008373062790649321
0.25999999999999956,2.1200000000000196,-0.04748693739982173,0.0006362867537193507
0.25999999999999956,2.1000000000000196,-0.04808756924972146,0.00043245506805255143
0.25999999999999956,2.0800000000000196,-0.0486985905917896,0.00022575519315500697
0.25999999999999956,2.0600000000000196,-0.0493202710528067,0.000016129734656117334
0.25999999999999956,2.0400000000000196,-0.0499528895736984,-0.00019648010230756408
0.25999999999999956,2.0200000000000196,-0.05059673480998958,-0.0004121345486460329
0.25999999999999956,2.0000000000000195,-0.051252105552861,-0.00063089530764536
0.25999999999999956,1.9800000000000195,-0.05191931117233876,-0.0008528255916883214
0.25999999999999956,1.9600000000000195,-0.05259867208326498,-0.0010779901595261206
0.25999999999999956,1.9400000000000195,-0.05329052023557153,-0.00130645535415317
0.25999999999999956,1.9200000000000195,-0.05399519963097507,-0.0015382891406639232
0.24999999999999956,5,-0.01025695681739142,0.015274716641121129
0.24999999999999956,4.98,-0.010380069674854803,0.01522363885237344
0.24999999999999956,4.960000000000001,-0.0105041367127906,0.015172193159309705
0.24999999999999956,4.940000000000001,-0.010629169057618546,0.015120375603746156
0.24999999999999956,4.920000000000002,-0.010755178009261358,0.01506818217071361
0.24999999999999956,4.900000000000002,-0.010882175044573415,0.015015608788069262
0.24999999999999956,4.880000000000003,-0.011010171820567537,0.014962651325048176
0.24999999999999956,4.860000000000003,-0.011139180178381357,0.014909305591466124
0.24999999999999956,4.840000000000003,-0.011269212146440014,0.014855567336168482
0.24999999999999956,4.820000000000004,-0.011400279944669743,0.014801432246824855
0.24999999999999956,4.800000000000004,-0.011532395987902117,0.014746895947953281
0.24999999999999956,4.780000000000005,-0.011665572890021346,0.014691954000155862
0.24999999999999956,4.760000000000005,-0.011799823467903172,0.014636601898967719
0.24999999999999956,4.7400000000000055,-0.011935160745281396,0.014580835073778692
0.24999999999999956,4.720000000000006,-0.012071597957453366,0.014524648886327443
0.24999999999999956,4.700000000000006,-0.012209148555013354,0.014468038629589737
0.24999999999999956,4.680000000000007,-0.012347826208587381,0.014410999526600285
0.24999999999999956,4.660000000000007,-0.012487644813377653,0.014353526729154124
0.24999999999999956,4.640000000000008,-0.01262861849344742,0.014295615316501198
0.24999999999999956,4.620000000000008,-0.012770761606857053,0.014237260293603407
0.24999999999999956,4.6000000000000085,-0.012914088750165248,0.014178456590558044
0.24999999999999956,4.580000000000009,-0.013058614763676583,0.014119199060352645
0.24999999999999956,4.560000000000009,-0.013204354736466466,0.014059482478090052
0.24999999999999956,4.54000000000001,-0.013351324011530101,0.01399930153902712
0.24999999999999956,4.52000000000001,-0.013499538190956334,0.013938650857290985
0.24999999999999956,4.500000000000011,-0.01364901314205726,0.013877524964378635
0.24999999999999956,4.480000000000011,-0.013799765002279467,0.013815918307554076
0.24999999999999956,4.4600000000000115,-0.013951810185402438,0.013753825248064913
0.24999999999999956,4.440000000000012,-0.014105165387221723,0.013691240059855135
0.24999999999999956,4.420000000000012,-0.01425984759195726,0.01362815692754344
0.24999999999999956,4.400000000000013,-0.014415874078180275,0.013564569944756986
0.24999999999999956,4.380000000000013,-0.014573262425252472,0.013500473112686998
0.24999999999999956,4.360000000000014,-0.014732030520115904,0.013435860337865688
0.24999999999999956,4.340000000000014,-0.014892196563818242,0.013370725430596503
0.24999999999999956,4.3200000000000145,-0.015053779078371674,0.013305062103012771
0.24999999999999956,4.300000000000015,-0.015216796914209003,0.01323886396697184
0.24999999999999956,4.280000000000015,-0.015381269256928294,0.01317212453249926
0.24999999999999956,4.260000000000016,-0.015547215635396617,0.013104837205306322
0.24999999999999956,4.240000000000016,-0.015714655928814714,0.013036995285029468
0.24999999999999956,4.220000000000017,-0.01588361037511981,0.012968591962884565
0.24999999999999956,4.200000000000017,-0.01605409957878791,0.012899620319961905
0.24999999999999956,4.1800000000000175,-0.016226144519368976,0.01283007332437204
0.24999999999999956,4.160000000000018,-0.016399766559731743,0.01275994382937258
0.24999999999999956,4.140000000000018,-0.016574987455063788,0.012689224571110741
0.24999999999999956,4.120000000000019,-0.016751829362164718,0.012617908166115618
0.24999999999999956,4.100000000000019,-0.01693031484807833,0.012545987108672746
0.24999999999999956,4.08000000000002,-0.017110466900166817,0.012473453768622432
0.24999999999999956,4.06000000000002,-0.017292308935684866,0.012400300388869037
0.24999999999999956,4.0400000000000205,-0.017475864811922363,0.012326519082536659
0.24999999999999956,4.020000000000021,-0.017661158836561122,0.012252101830195653
0.24999999999999956,4.000000000000021,-0.017848215778318584,0.012177040477641926
0.24999999999999956,3.9800000000000213,-0.018037060877965316,0.012101326732504455
0.24999999999999956,3.9600000000000213,-0.018227719859507285,0.01202495216173717
0.24999999999999956,3.9400000000000213,-0.018420218941769328,0.011947908188531912
0.24999999999999956,3.9200000000000212,-0.018614584850438418,0.011870186089293765
0.24999999999999956,3.9000000000000212,-0.018810844830324802,0.011791776990666556
0.24999999999999956,3.880000000000021,-0.01900902665790545,0.011712671866276239
0.24999999999999956,3.860000000000021,-0.0192091586542689,0.011632861533450223
0.24999999999999956,3.840000000000021,-0.019411269698996644,0.011552336649992804
0.24999999999999956,3.820000000000021,-0.019615389243094687,0.01147108771071226
0.24999999999999956,3.800000000000021,-0.019821547323901248,0.011389105043809218
0.24999999999999956,3.780000000000021,-0.02002977457956978,0.01130637880749498
0.24999999999999956,3.760000000000021,-0.0202401022636556,0.01122289898637141
0.24999999999999956,3.740000000000021,-0.020452562261475994,0.011138655387311243
0.24999999999999956,3.720000000000021,-0.020667187105174623,0.011053637635957264
0.24999999999999956,3.700000000000021,-0.02088400999087872,0.010967835172523921
0.24999999999999956,3.680000000000021,-0.021103064795297624,0.01088123724794299
0.24999999999999956,3.660000000000021,-0.0213243860932714,0.01079383291937519
0.24999999999999956,3.640000000000021,-0.021548009175949165,0.010705611046304818
0.24999999999999956,3.620000000000021,-0.021773970069303913,0.01061656028592062
0.24999999999999956,3.600000000000021,-0.022002305553165402,0.010526669088748499
0.24999999999999956,3.580000000000021,-0.02223305318125423,0.010435925693890485
0.24999999999999956,3.560000000000021,-0.022466251301325575,0.010344318124471591
0.24999999999999956,3.540000000000021,-0.02270193907636413,0.010251834182522903
0.24999999999999956,3.520000000000021,-0.02294015650620562,0.010158461444362346
0.24999999999999956,3.500000000000021,-0.0231809444501848,0.010064187255146712
0.24999999999999956,3.480000000000021,-0.02342434464992765,0.009968998723718717
0.24999999999999956,3.460000000000021,-0.023670399753391004,0.009872882717385553
0.24999999999999956,3.440000000000021,-0.02391915333954445,0.009775825856028757
0.24999999999999956,3.420000000000021,-0.024170649943893084,0.009677814506885013
0.24999999999999956,3.400000000000021,-0.0244249350845245,0.009578834778291953
0.24999999999999956,3.3800000000000208,-0.024682055289707357,0.009478872513972544
0.24999999999999956,3.3600000000000207,-0.024942058125322568,0.009377913286684712
0.24999999999999956,3.3400000000000207,-0.02520499222457638,0.009275942392230424
0.24999999999999956,3.3200000000000207,-0.025470907317599236,0.00917294484257945
0.24999999999999956,3.3000000000000207,-0.025739854262467554,0.009068905359361404
0.24999999999999956,3.2800000000000207,-0.026011885077311322,0.00896380836724018
0.24999999999999956,3.2600000000000207,-0.0262870529734114,0.008857637986617213
0.24999999999999956,3.2400000000000206,-0.02656541238973921,0.008750378026560174
0.24999999999999956,3.2200000000000206,-0.02684701902791432,0.008642011977256517
0.24999999999999956,3.2000000000000206,-0.027131929889416415,0.008532523002622649
0.24999999999999956,3.1800000000000206,-0.02742020331336164,0.0084218939322743
0.24999999999999956,3.1600000000000206,-0.02771189901558747,0.008310107253540401
0.24999999999999956,3.1400000000000206,-0.028007078129981804,0.008197145103323334
0.24999999999999956,3.1200000000000205,-0.028305803249837072,0.008082989259445596
0.24999999999999956,3.1000000000000205,-0.028608138472254692,0.007967621132050517
0.24999999999999956,3.0800000000000205,-0.028914149442771438,0.007851021754730639
0.24999999999999956,3.0600000000000205,-0.02922390340268509,0.007733171774936584
0.24999999999999956,3.0400000000000205,-0.029537469237280855,0.007614051445026582
0.24999999999999956,3.0200000000000204,-0.029854917526378866,0.007493640612067639
0.24999999999999956,3.0000000000000204,-0.03017632059656513,0.007371918708205496
0.24999999999999956,2.9800000000000204,-0.03050175257493604,0.00724886474027725
0.24999999999999956,2.9600000000000204,-0.030831289445761273,0.00712445727899132
0.24999999999999956,2.9400000000000204,-0.031165009108431792,0.006998674448623753
0.24999999999999956,2.9200000000000204,-0.03150299143790622,0.006871493915137118
0.24999999999999956,2.9000000000000203,-0.0318453183473469,0.006742892875338344
0.24999999999999956,2.8800000000000203,-0.03219207385373832,0.006612848044873193
0.24999999999999956,2.8600000000000203,-0.03254334414462226,0.006481335645852862
0.24999999999999956,2.8400000000000203,-0.03289921764923771,0.006348331394754873
0.24999999999999956,2.8200000000000203,-0.033259785110961976,0.006213810489425237
0.24999999999999956,2.8000000000000203,-0.033625139663017764,0.006077747595839518
0.24999999999999956,2.7800000000000202,-0.03399537690772335,0.0059401168346764205
0.24999999999999956,2.76000000000002,-0.03437059499800443,0.005800891767424626
0.24999999999999956,2.74000000000002,-0.03475089472264347,0.005660045381893769
0.24999999999999956,2.72000000000002,-0.03513637959500009,0.0055175500776320765
0.24999999999999956,2.70000000000002,-0.035527155944822156,0.0053733776507810214
0.24999999999999956,2.68000000000002,-0.035923333014754144,0.0052274992783742785
0.24999999999999956,2.66000000000002,-0.03632502305932819,0.005079885502794937
0.24999999999999956,2.64000000000002,-0.03673234144946054,0.004930506214507704
0.24999999999999956,2.62000000000002,-0.03714540678056178,0.004779330636269369
0.24999999999999956,2.60000000000002,-0.03756434098497273,0.004626327304753389
0.24999999999999956,2.58000000000002,-0.037989269449795984,0.004471464053309809
0.24999999999999956,2.56000000000002,-0.038420321138960226,0.004314707993526408
0.24999999999999956,2.54000000000002,-0.038857628720900345,0.004156025496277138
0.24999999999999956,2.52000000000002,-0.03930132870182663,0.0039953821725252775
0.24999999999999956,2.50000000000002,-0.03975156156420704,0.0038327428533235786
0.24999999999999956,2.48000000000002,-0.04020847191157263,0.003668071569536399
0.24999999999999956,2.46000000000002,-0.04067220861994961,0.0035013315308582565
0.24999999999999956,2.44000000000002,-0.04114292499533604,0.0033324851041800913
0.24999999999999956,2.42000000000002,-0.04162077893831635,0.0031614937916519814
0.24999999999999956,2.40000000000002,-0.04210593311645864,0.002988318208147267
0.24999999999999956,2.38000000000002,-0.042598555143959216,0.0028129180576920015
0.24999999999999956,2.36000000000002,-0.043098817769388835,0.0026352521099268916
0.24999999999999956,2.34000000000002,-0.04360689907246323,0.0024552781754193544
0.24999999999999956,2.32000000000002,-0.04412298266923223,0.0022729530810087217
0.24999999999999956,2.30000000000002,-0.04464725792700285,0.0020882326437007288
0.24999999999999956,2.28000000000002,-0.04517992018954679,0.0019010716445182225
0.24999999999999956,2.2600000000000198,-0.04572117101214179,0.0017114238018253874
0.24999999999999956,2.2400000000000198,-0.0462712184084426,0.001519241743530686
0.24999999999999956,2.2200000000000197,-0.04683027710846169,0.0013244769790143052
0.24999999999999956,2.2000000000000197,-0.04739856882921148,0.001127079870264766
0.24999999999999956,2.1800000000000197,-0.04797632255869716,0.0009269996027346239
0.24999999999999956,2.1600000000000197,-0.04856377485241875,0.0007241841548877859
0.24999999999999956,2.1400000000000197,-0.049161170146190175,0.0005185802680307966
0.24999999999999956,2.1200000000000196,-0.04976876108292862,0.00031013341472244105
0.24999999999999956,2.1000000000000196,-0.05038680885615293,0.00009878776736045591
0.24999999999999956,2.0800000000000196,-0.051015583570860695,-0.00011551383447276631
0.24999999999999956,2.0600000000000196,-0.05165536462202835,-0.00033282991661125194
0.24999999999999956,2.0400000000000196,-0.052306441092938374,-0.0005532204039462446
0.24999999999999956,2.0200000000000196,-0.052969112173365085,-0.000776746653849858
0.24999999999999956,2.0000000000000195,-0.05364368759950089,-0.0010034714905314962
0.24999999999999956,1.9800000000000195,-0.05433048811687712,-0.0012334592397728744
0.24999999999999956,1.9600000000000195,-0.05502984596693856,-0.0014667757634626993
0.24999999999999956,1.9400000000000195,-0.05574210540015895,-0.0017034884948915474
0.24999999999999956,1.9200000000000195,-0.05646762321527744,-0.0019436664737284004
0.23999999999999955,5,-0.01156540202386821,0.015395082043277872
0.23999999999999955,4.98,-0.01169173402897509,0.015341803179902861
0.23999999999999955,4.960000000000001,-0.011819046523548923,0.015288141061142069
0.23999999999999955,4.940000000000001,-0.011947350957653757,0.01523409157051206
0.23999999999999955,4.920000000000002,-0.012076658960326135,0.015179650532986366
0.23999999999999955,4.900000000000002,-0.012206982342826,0.015124813713786184
0.23999999999999955,4.880000000000003,-0.01233833310222817,0.015069576817538961
0.23999999999999955,4.860000000000003,-0.012470723425392925,0.015013935487119268
0.23999999999999955,4.840000000000003,-0.012604165692399525,0.014957885302440799
0.23999999999999955,4.820000000000004,-0.012738672480413424,0.014901421779349729
0.23999999999999955,4.800000000000004,-0.012874256567658355,0.014844540368669418
0.23999999999999955,4.780000000000005,-0.01301093093775636,0.0147872364548641
0.23999999999999955,4.760000000000005,-0.013148708783315831,0.014729505354821967
0.23999999999999955,4.7400000000000055,-0.013287603510634724,0.014671342316787378
0.23999999999999955,4.720000000000006,-0.013427628743528089,0.014612742518906693
0.23999999999999955,4.700000000000006,-0.01356879832838375,0.014553701067975246
0.23999999999999955,4.680000000000007,-0.013711126338212623,0.014494212998256789
0.23999999999999955,4.660000000000007,-0.01385462707751436,0.014434273270363368
0.23999999999999955,4.640000000000008,-0.013999315087097883,0.014373876769186347
0.23999999999999955,4.620000000000008,-0.014145205148685875,0.014313018303192655
0.23999999999999955,4.6000000000000085,-0.014292312290287493,0.014251692602761018
0.23999999999999955,4.580000000000009,-0.01444065179111103,0.014189894318600085
0.23999999999999955,4.560000000000009,-0.014590239186957123,0.014127618020419008
0.23999999999999955,4.54000000000001,-0.014741090275483948,0.014064858195467926
0.23999999999999955,4.52000000000001,-0.014893221121833066,0.014001609246770956
0.23999999999999955,4.500000000000011,-0.015046648064279302,0.013937865491652227
0.23999999999999955,4.480000000000011,-0.015201387720162204,0.013873621160104654
0.23999999999999955,4.4600000000000115,-0.015357456991521778,0.013808870393236
0.23999999999999955,4.440000000000012,-0.015514873071672125,0.01374360724139452
0.23999999999999955,4.420000000000012,-0.01567365345115597,0.013677825662479423
0.23999999999999955,4.400000000000013,-0.01583381592433977,0.013611519520306578
0.23999999999999955,4.380000000000013,-0.015995378595963675,0.013544682582479609
0.23999999999999955,4.360000000000014,-0.016158359887990026,0.01347730851909407
0.23999999999999955,4.340000000000014,-0.016322778546603627,0.013409390900075938
0.23999999999999955,4.3200000000000145,-0.016488653648949008,0.013340923193874588
0.23999999999999955,4.300000000000015,-0.01665600461131185,0.013271898765256987
0.23999999999999955,4.280000000000015,-0.01682485119574883,0.013202310873091677
0.23999999999999955,4.260000000000016,-0.01699521351857955,0.013132152668692804
0.23999999999999955,4.240000000000016,-0.017167112057485282,0.013061417193195576
0.23999999999999955,4.220000000000017,-0.017340567660721375,0.012990097375727774
0.23999999999999955,4.200000000000017,-0.017515601554553034,0.012918186031155618
0.23999999999999955,4.1800000000000175,-0.01769223535251476,0.012845675857535183
0.23999999999999955,4.160000000000018,-0.017870491063721426,0.012772559434157907
0.23999999999999955,4.140000000000018,-0.01805039110237027,0.01269882921877978
0.23999999999999955,4.120000000000019,-0.018231958297048406,0.012624477545560397
0.23999999999999955,4.100000000000019,-0.0184152159000482,0.012549496622163231
0.23999999999999955,4.08000000000002,-0.01860018759753089,0.01247387852752263
0.23999999999999955,4.06000000000002,-0.01878689751943304,0.012397615208955534
0.23999999999999955,4.0400000000000205,-0.01897537025006757,0.01232069847984292
0.23999999999999955,4.020000000000021,-0.01916563083876425,0.012243120016245106
0.23999999999999955,4.000000000000021,-0.019357704810880887,0.012164871354891221
0.23999999999999955,3.9800000000000213,-0.019551618179356144,0.012085943889583041
0.23999999999999955,3.9600000000000213,-0.019747397455953376,0.012006328868620311
0.23999999999999955,3.9400000000000213,-0.019945069663594127,0.011926017391678402
0.23999999999999955,3.9200000000000212,-0.020144662348661233,0.011845000406601289
0.23999999999999955,3.9000000000000212,-0.020346203593686905,0.011763268706517338
0.23999999999999955,3.880000000000021,-0.020549722030300636,0.011680812926251657
0.23999999999999955,3.860000000000021,-0.02075524685284528,0.011597623539064073
0.23999999999999955,3.840000000000021,-0.020962807832367328,0.011513690853409371
0.23999999999999955,3.820000000000021,-0.021172435330405002,0.011429005009174702
0.23999999999999955,3.800000000000021,-0.021384160314183248,0.01134355597438675
0.23999999999999955,3.780000000000021,-0.021598014371562932,0.01125733354121096
0.23999999999999955,3.760000000000021,-0.021814029726525328,0.01117032732235871
0.23999999999999955,3.740000000000021,-0.022032239255341736,0.011082526747172833
0.23999999999999955,3.720000000000021,-0.022252676503284753,0.01099392105769767
0.23999999999999955,3.700000000000021,-0.022475375701342122,0.010904499304664923
0.23999999999999955,3.680000000000021,-0.022700371783903675,0.010814250342881915
0.23999999999999955,3.660000000000021,-0.0229277004072063,0.010723162827851972
0.23999999999999955,3.640000000000021,-0.023157397967501474,0.010631225210400531
0.23999999999999955,3.620000000000021,-0.023389501620636195,0.010538425732826262
0.23999999999999955,3.600000000000021,-0.023624049301835762,0.010444752424004389
0.23999999999999955,3.580000000000021,-0.02386107974619047,0.010350193094874144
0.23999999999999955,3.560000000000021,-0.02410063250995244,0.010254735333243059
0.23999999999999955,3.540000000000021,-0.024342747991954655,0.010158366499153157
0.23999999999999955,3.520000000000021,-0.02458746745644207,0.0100610737196428
0.23999999999999955,3.500000000000021,-0.024834833056259532,0.009962843883321852
0.23999999999999955,3.480000000000021,-0.025084887856820046,0.009863663635304866
0.23999999999999955,3.460000000000021,-0.025337675860663315,0.009763519371652082
0.23999999999999955,3.440000000000021,-0.0255932420332953,0.009662397233339672
0.23999999999999955,3.420000000000021,-0.02585163232944675,0.009560283100854244
0.23999999999999955,3.400000000000021,-0.026112893720402677,0.009457162588210416
0.23999999999999955,3.3800000000000208,-0.026377074222029537,0.009353021036497407
0.23999999999999955,3.3600000000000207,-0.026644222924156975,0.009247843507909005
0.23999999999999955,3.3400000000000207,-0.02691439002045519,0.009141614779103496
0.23999999999999955,3.3200000000000207,-0.027187626839526663,0.009034319334816632
0.23999999999999955,3.3000000000000207,-0.02746398587721706,0.008925941360748271
0.23999999999999955,3.2800000000000207,-0.027743520829779166,0.008816464736963209
0.23999999999999955,3.2600000000000207,-0.028026286628250983,0.008705873030148662
0.23999999999999955,3.2400000000000206,-0.028312339474193027,0.0085941494869817
0.23999999999999955,3.2200000000000206,-0.028601736875988368,0.008481277025954439
0.23999999999999955,3.2000000000000206,-0.028894537687802688,0.008367238229991806
0.23999999999999955,3.1800000000000206,-0.029190802148108284,0.008252015338242994
0.23999999999999955,3.1600000000000206,-0.02949059192107236,0.008135590238040447
0.23999999999999955,3.1400000000000206,-0.029793970138625715,0.008017944456522472
0.23999999999999955,3.1200000000000205,-0.030101001444223008,0.007899059151827634
0.23999999999999955,3.1000000000000205,-0.030411752038206057,0.007778915104400007
0.23999999999999955,3.0800000000000205,-0.030726289724739786,0.007657492707766167
0.23999999999999955,3.0600000000000205,-0.031044683960520257,0.007534771959179912
0.23999999999999955,3.0400000000000205,-0.03136700590522321,0.007410732450022897
0.23999999999999955,3.0200000000000204,-0.03169332847366239,0.007285353356074831
0.23999999999999955,3.0000000000000204,-0.0320237263902063,0.007158613427015261
0.23999999999999955,2.9800000000000204,-0.032358276244951995,0.007030490976474041
0.23999999999999955,2.9600000000000204,-0.03269705655196729,0.006900963870848487
0.23999999999999955,2.9400000000000204,-0.03304014780988557,0.00677000951854817
0.23999999999999955,2.9200000000000204,-0.033387632564794066,0.006637604858803603
0.23999999999999955,2.9000000000000203,-0.03373959547522177,0.006503726349693609
0.23999999999999955,2.8800000000000203,-0.0340961233800577,0.006368349956515584
0.23999999999999955,2.8600000000000203,-0.03445730536881908,0.0062314511394785665
0.23999999999999955,2.8400000000000203,-0.03482323285441752,0.006093004840998548
0.23999999999999955,2.8200000000000203,-0.03519399964937466,0.005952985472743602
0.23999999999999955,2.8000000000000203,-0.03556970204440125,0.005811366902564707
0.23999999999999955,2.7800000000000202,-0.03595043889063063,0.005668122440493306
0.23999999999999955,2.76000000000002,-0.03633631168437999,0.005523224825112624
0.23999999999999955,2.74000000000002,-0.03672742465623875,0.005376646208711297
0.23999999999999955,2.72000000000002,-0.03712388486290126,0.0052283581428317905
0.23999999999999955,2.70000000000002,-0.0375258022832073,0.005078331562859542
0.23999999999999955,2.68000000000002,-0.03793328991779363,0.004926536772471207
0.23999999999999955,2.66000000000002,-0.0383464638934623,0.004772943427722429
0.23999999999999955,2.64000000000002,-0.03876544357055126,0.004617520520235591
0.23999999999999955,2.62000000000002,-0.03919035165637765,0.004460236360662506
0.23999999999999955,2.60000000000002,-0.03962131432215815,0.0043010585610081115
0.23999999999999955,2.58000000000002,-0.04005846132554177,0.004139954017093231
0.23999999999999955,2.56000000000002,-0.0405019261379794,0.003976888890034391
0.23999999999999955,2.54000000000002,-0.040951846077593945,0.003811828587593158
0.23999999999999955,2.52000000000002,-0.04140836244822645,0.003644737744922577
0.23999999999999955,2.50000000000002,-0.04187162068348546,0.003475580204607448
0.23999999999999955,2.48000000000002,-0.04234177049806312,0.00330431899666378
0.23999999999999955,2.46000000000002,-0.0428189660451974,0.003130916317636817
0.23999999999999955,2.44000000000002,-0.04330336608102138,0.002955333509328667
0.23999999999999955,2.42000000000002,-0.04379513413635043,0.0027775310367933737
0.23999999999999955,2.40000000000002,-0.044294438696346035,0.002597468466259051
0.23999999999999955,2.38000000000002,-0.04480145338793504,0.0024151044419935264
0.23999999999999955,2.36000000000002,-0.04531635717565706,0.002230396662933648
0.23999999999999955,2.34000000000002,-0.04583933456705937,0.0020433018586825807
0.23999999999999955,2.32000000000002,-0.04637057582666902,0.0018537757649255138
0.23999999999999955,2.30000000000002,-0.046910277200796754,0.0016617730982969314
0.23999999999999955,2.28000000000002,-0.047458641151848724,0.0014672475307191124
0.23999999999999955,2.2600000000000198,-0.048015876604580815,0.0012701516633574217
0.23999999999999955,2.2400000000000198,-0.04858219920348282,0.0010704369996504953
0.23999999999999955,2.2200000000000197,-0.04915783158222098,0.0008680539179571345
0.23999999999999955,2.2000000000000197,-0.049743003646693706,0.0006629516441593736
0.23999999999999955,2.1800000000000197,-0.05033795287124279,0.00045507822275696677
0.23999999999999955,2.1600000000000197,-0.05094292460939661,0.0002443804885132045
0.23999999999999955,2.1400000000000197,-0.05155817242002311,0.0000308040369213225
0.23999999999999955,2.1200000000000196,-0.0521839584093481,-0.00018570680548900612
0.23999999999999955,2.1000000000000196,-0.05282055359038866,-0.0004052090114141649
0.23999999999999955,2.0800000000000196,-0.053468238259758855,-0.0006277608833097567
0.23999999999999955,2.0600000000000196,-0.054127302394409035,-0.0008534220842324053
0.23999999999999955,2.0400000000000196,-0.05479804606807485,-0.0010822536692115386
0.23999999999999955,2.0200000000000196,-0.05548077988873917,-0.0013143181165024276
0.23999999999999955,2.0000000000000195,-0.056175825459486704,-0.0015496793594129976
0.23999999999999955,1.9800000000000195,-0.05688351586291894,-0.0017884028180977507
0.23999999999999955,1.9600000000000195,-0.05760419617106148,-0.002030555431291728
0.23999999999999955,1.9400000000000195,-0.058338223982486496,-0.002276205687911804
0.23999999999999955,1.9200000000000195,-0.059085969987531656,-0.0025254236586665924
0.22999999999999954,5,-0.012950737680393485,0.0153782980522971
0.22999999999999954,4.98,-0.013080466616911675,0.015322606705862024
0.22999999999999954,4.960000000000001,-0.013211203920802906,0.015266515305859863
0.22999999999999954,4.940000000000001,-0.013342961386881609,0.015210019563228983
0.22999999999999954,4.920000000000002,-0.013475750994114025,0.015153115127936295
0.22999999999999954,4.900000000000002,-0.013609584909962669,0.015095797588023832
0.22999999999999954,4.880000000000003,-0.013744475493395795,0.015038062468270004
0.22999999999999954,4.860000000000003,-0.013880435299211277,0.014979905229375867
0.22999999999999954,4.840000000000003,-0.014017477081683334,0.014921321266798689
0.22999999999999954,4.820000000000004,-0.014155613798521951,0.014862305909247371
0.22999999999999954,4.800000000000004,-0.014294858614975127,0.014802854417917954
0.22999999999999954,4.780000000000005,-0.014435224908014122,0.014742961984900632
0.22999999999999954,4.760000000000005,-0.014576726270592782,0.01468262373229693
0.22999999999999954,4.7400000000000055,-0.014719376516020467,0.01462183471076918
0.22999999999999954,4.720000000000006,-0.014863189682465614,0.014560589898106949
0.22999999999999954,4.700000000000006,-0.015008180037549418,0.014498884198230297
0.22999999999999954,4.680000000000007,-0.015154362082785285,0.014436712439515186
0.22999999999999954,4.660000000000007,-0.015301750558961937,0.014374069373626657
0.22999999999999954,4.640000000000008,-0.015450360450538717,0.014310949673984302
0.22999999999999954,4.620000000000008,-0.015600206990830024,0.014247347934513342
0.22999999999999954,4.6000000000000085,-0.015751305667439,0.014183258667867862
0.22999999999999954,4.580000000000009,-0.01590367222729614,0.014118676304247776
0.22999999999999954,4.560000000000009,-0.016057322682351903,0.014053595189558024
0.22999999999999954,4.54000000000001,-0.016212273314652168,0.013988009584046855
0.22999999999999954,4.52000000000001,-0.016368540682898412,0.013921913660659396
0.22999999999999954,4.500000000000011,-0.016526141627654256,0.013855301503387048
0.22999999999999954,4.480000000000011,-0.01668509327733927,0.013788167105399415
0.22999999999999954,4.4600000000000115,-0.016845413055006853,0.01372050436776252
0.22999999999999954,4.440000000000012,-0.017007118684097836,0.013652307097252805
0.22999999999999954,4.420000000000012,-0.0171702281952216,0.013583569004778778
0.22999999999999954,4.400000000000013,-0.017334759932725693,0.013514283703465801
0.22999999999999954,4.380000000000013,-0.01750073256164063,0.0134444447069334
0.22999999999999954,4.360000000000014,-0.017668165074496266,0.01337404542703758
0.22999999999999954,4.340000000000014,-0.01783707679890309,0.013303079172320983
0.22999999999999954,4.3200000000000145,-0.01800748740454914,0.013231539145794016
0.22999999999999954,4.300000000000015,-0.018179416910983088,0.013159418442818335
0.22999999999999954,4.280000000000015,-0.018352885695561608,0.013086710049084474
0.22999999999999954,4.260000000000016,-0.018527914501057414,0.013013406838616903
0.22999999999999954,4.240000000000016,-0.01870452444453352,0.012939501571256284
0.22999999999999954,4.220000000000017,-0.018882737024714095,0.01286498689068262
0.22999999999999954,4.200000000000017,-0.01906257413227685,0.012789855322022925
0.22999999999999954,4.1800000000000175,-0.019244058056979714,0.012714099269391085
0.22999999999999954,4.160000000000018,-0.019427211498157782,0.012637711013659417
0.22999999999999954,4.140000000000018,-0.019612057573410918,0.01256068270983203
0.22999999999999954,4.120000000000019,-0.019798619828758624,0.01248300638483027
0.22999999999999954,4.100000000000019,-0.01998692224824333,0.012404673934363092
0.22999999999999954,4.08000000000002,-0.020176989264095703,0.012325677120696127
0.22999999999999954,4.06000000000002,-0.0203688457675748,0.01224600756994794
0.22999999999999954,4.0400000000000205,-0.020562517119603736,0.01216565676919866
0.22999999999999954,4.020000000000021,-0.020758029161769727,0.012084616063544593
0.22999999999999954,4.000000000000021,-0.020955408227910026,0.012002876653380859
0.22999999999999954,3.9800000000000213,-0.021154681155801644,0.011920429591434564
0.22999999999999954,3.9600000000000213,-0.021355875299244348,0.011837265779542739
0.22999999999999954,3.9400000000000213,-0.021559018540395835,0.011753375965581944
0.22999999999999954,3.9200000000000212,-0.021764139302936705,0.011668750740549391
0.22999999999999954,3.9000000000000212,-0.02197126656469067,0.011583380534724852
0.22999999999999954,3.880000000000021,-0.022180429871835113,0.011497255615016012
0.22999999999999954,3.860000000000021,-0.022391659352095424,0.011410366080862822
0.22999999999999954,3.840000000000021,-0.022604985729789806,0.011322701861164935
0.22999999999999954,3.820000000000021,-0.02282044034033197,0.01123425271048432
0.22999999999999954,3.800000000000021,-0.023038055145433993,0.011145008205358756
0.22999999999999954,3.780000000000021,-0.023257862748847617,0.011054957740576066
0.22999999999999954,3.760000000000021,-0.023479896412560194,0.010964090525201864
0.22999999999999954,3.740000000000021,-0.023704190073581953,0.010872395578788573
0.22999999999999954,3.720000000000021,-0.023930778360656185,0.010779861726927187
0.22999999999999954,3.700000000000021,-0.024159696612453728,0.010686477597507904
0.22999999999999954,3.680000000000021,-0.024390980895821916,0.010592231616211409
0.22999999999999954,3.660000000000021,-0.0246246680239305,0.010497112002078895
0.22999999999999954,3.640000000000021,-0.024860795576416836,0.010401106763020737
0.22999999999999954,3.620000000000021,-0.025099401918869238,0.01030420369134169
0.22999999999999954,3.600000000000021,-0.025340526223719857,0.010206390358942906
0.22999999999999954,3.580000000000021,-0.025584208491474764,0.010107654112333261
0.22999999999999954,3.560000000000021,-0.025830489572243834,0.010007982067731024
0.22999999999999954,3.540000000000021,-0.026079411189311126,0.009907361106074083
0.22999999999999954,3.520000000000021,-0.026331015961213126,0.00980577786777731
0.22999999999999954,3.500000000000021,-0.026585347427152826,0.009703218746934902
0.22999999999999954,3.480000000000021,-0.026842450070863617,0.009599669886594095
0.22999999999999954,3.460000000000021,-0.027102369346913437,0.009495117172307568
0.22999999999999954,3.440000000000021,-0.02736515170702387,0.009389546226854159
0.22999999999999954,3.420000000000021,-0.027630844627591238,0.009282942404114494
0.22999999999999954,3.400000000000021,-0.027899496637892134,0.009175290782902107
0.22999999999999954,3.3800000000000208,-0.028171157349482633,0.009066576160918875
0.22999999999999954,3.3600000000000207,-0.028445877486131792,0.008956783048031797
0.22999999999999954,3.3400000000000207,-0.028723708915705942,0.008845895659955666
0.22999999999999954,3.3200000000000207,-0.029004704681738373,0.008733897911219396
0.22999999999999954,3.3000000000000207,-0.029288919037461413,0.008620773408659473
0.22999999999999954,3.2800000000000207,-0.02957640747995874,0.008506505443714119
0.22999999999999954,3.2600000000000207,-0.029867226786121415,0.008391076985573002
0.22999999999999954,3.2400000000000206,-0.03016143504951543,0.0082744706733597
0.22999999999999954,3.2200000000000206,-0.030459091718729424,0.008156668808710424
0.22999999999999954,3.2000000000000206,-0.030760257636952695,0.008037653347704204
0.22999999999999954,3.1800000000000206,-0.031064995082858322,0.00791740589255898
0.22999999999999954,3.1600000000000206,-0.03137336781308307,0.00779590768377883
0.22999999999999954,3.1400000000000206,-0.03168544110647133,0.007673139591107422
0.22999999999999954,3.1200000000000205,-0.03200128180915787,0.007549082105089089
0.22999999999999954,3.1000000000000205,-0.032320958381879546,0.007423715327810538
0.22999999999999954,3.0800000000000205,-0.03264454094883812,0.00729701896373142
0.22999999999999954,3.0600000000000205,-0.03297210134852627,0.007168972310325362
0.22999999999999954,3.0400000000000205,-0.033303713185868764,0.007039554247942149
0.22999999999999954,3.0200000000000204,-0.033639451886810244,0.006908743230300126
0.22999999999999954,3.0000000000000204,-0.033979394754886094,0.0067765172736293025
0.22999999999999954,2.9800000000000204,-0.034323621029521675,0.006642853946713254
0.22999999999999954,2.9600000000000204,-0.034672211946649795,0.006507730359447947
0.22999999999999954,2.9400000000000204,-0.03502525080244457,0.006371123152183189
0.22999999999999954,2.9200000000000204,-0.03538282301775097,0.006233008483872373
0.22999999999999954,2.9000000000000203,-0.03574501620650623,0.006093362020791859
0.22999999999999954,2.8800000000000203,-0.03611192024632359,0.005952158924029838
0.22999999999999954,2.8600000000000203,-0.03648362735151242,0.005809373837434156
0.22999999999999954,2.8400000000000203,-0.03686023214901817,0.005664980874755192
0.22999999999999954,2.8200000000000203,-0.03724183175800033,0.005518953606759032
0.22999999999999954,2.8000000000000203,-0.03762852587128604,0.005371265047571544
0.22999999999999954,2.7800000000000202,-0.03802041684139707,0.00522188764108604
0.22999999999999954,2.76000000000002,-0.03841760976899243,0.005070793247107597
0.22999999999999954,2.74000000000002,-0.038820212595166395,0.00491795312630855
0.22999999999999954,2.72000000000002,-0.03922833619801083,0.004763337925925655
0.22999999999999954,2.70000000000002,-0.039642094492073746,0.004606917664152679
0.22999999999999954,2.68000000000002,-0.0400616045327295,0.004448661714816032
0.22999999999999954,2.66000000000002,-0.040486986624629906,0.004288538790886351
0.22999999999999954,2.64000000000002,-0.04091836443423784,0.004126516928632737
0.22999999999999954,2.62000000000002,-0.04135586510764297,0.003962563470041397
0.22999999999999954,2.60000000000002,-0.041799619393023645,0.0037966450461959372
0.22999999999999954,2.58000000000002,-0.04224976176816628,0.0036287275588965245
0.22999999999999954,2.56000000000002,-0.04270643057369491,0.0034587761630240493
0.22999999999999954,2.54000000000002,-0.04316976815162589,0.003286755247617665
0.22999999999999954,2.52000000000002,-0.0436399209906786,0.0031126284167383167
0.22999999999999954,2.50000000000002,-0.0441170398765062,0.002936358469945284
0.22999999999999954,2.48000000000002,-0.04460128004997338,0.002757907382488489
0.22999999999999954,2.46000000000002,-0.04509280137147447,0.0025772362844480173
0.22999999999999954,2.44000000000002,-0.045591768492728224,0.0023943054399704084
0.22999999999999954,2.42000000000002,-0.046098351036645405,0.0022090742259548435
0.22999999999999954,2.40000000000002,-0.04661272378419822,0.00202150110956989
0.22999999999999954,2.38000000000002,-0.04713506687129806,0.0018315436264705193
0.22999999999999954,2.36000000000002,-0.04766556599322043,0.0016391583574410541
0.22999999999999954,2.34000000000002,-0.048204412618997154,0.0014443009050661565
0.22999999999999954,2.32000000000002,-0.048751804216051214,0.0012469258700543457
0.22999999999999954,2.30000000000002,-0.04930794448455893,0.0010469868265761129
0.22999999999999954,2.28000000000002,-0.04987304360320309,0.0008444362978497003
0.22999999999999954,2.2600000000000198,-0.05044731848658375,0.0006392257304279076
0.22999999999999954,2.2400000000000198,-0.051030993054526214,0.00043130546873777764
0.22999999999999954,2.2200000000000197,-0.051624298514601374,0.00022062472899438135
0.22999999999999954,2.2000000000000197,-0.05222747365831543,7.13157247374252e-6
0.22999999999999954,2.1800000000000197,-0.05284076517099093,-0.0002092271214548247
0.22999999999999954,2.1600000000000197,-0.053464427957775625,-0.0004285056823850192
0.22999999999999954,2.1400000000000197,-0.054098725485408936,-0.0006507596766145984
0.22999999999999954,2.1200000000000196,-0.05474393013999576,-0.0008760459350773755
0.22999999999999954,2.1000000000000196,-0.05540032360460165,-0.001104422581647585
0.22999999999999954,2.0800000000000196,-0.056068197254019764,-0.0013359490611357452
0.22999999999999954,2.0600000000000196,-0.05674785257052808,-0.0015706861678795314
0.22999999999999954,2.0400000000000196,-0.057439601580871885,-0.001808696074618206
0.22999999999999954,2.0200000000000196,-0.0581437673155434,-0.0020500423607065915
0.22999999999999954,2.0000000000000195,-0.05886068429193908,-0.0022947900406164456
0.22999999999999954,1.9800000000000195,-0.05959069902307351,-0.0025430055923399836
0.22999999999999954,1.9600000000000195,-0.06033417055308925,-0.0027947569853906257
0.22999999999999954,1.9400000000000195,-0.061091471020389324,-0.003050113708232355
0.22999999999999954,1.9200000000000195,-0.06186298625272077,-0.003309146795750187
0.21999999999999953,5,-0.01441904593891154,0.015202290300900784
0.21999999999999953,4.98,-0.014552364523806108,0.015143948189144494
0.21999999999999953,4.960000000000001,-0.01468672107002654,0.015085187596103939
0.21999999999999953,4.940000000000001,-0.014822127739531473,0.01502600404379079
0.21999999999999953,4.920000000000002,-0.01495859688513586,0.014966392990765211
0.21999999999999953,4.900000000000002,-0.015096141053715376,0.014906349830912685
0.21999999999999953,4.880000000000003,-0.015234772990622427,0.014845869892708119
0.21999999999999953,4.860000000000003,-0.015374505643059823,0.014784948437331982
0.21999999999999953,4.840000000000003,-0.015515352164529072,0.0147235806583649
0.21999999999999953,4.820000000000004,-0.01565732591866626,0.014661761679913173
0.21999999999999953,4.800000000000004,-0.015800440483583693,0.014599486555618348
0.21999999999999953,4.780000000000005,-0.01594470965628568,0.014536750267424957
0.21999999999999953,4.760000000000005,-0.016090147456918995,0.01447354772425927
0.21999999999999953,4.7400000000000055,-0.016236768133229423,0.014409873760672931
0.21999999999999953,4.720000000000006,-0.016384586165473426,0.014345723135547498
0.21999999999999953,4.700000000000006,-0.016533616270842065,0.01428109053058231
0.21999999999999953,4.680000000000007,-0.01668387340875869,0.014215970549262522
0.21999999999999953,4.660000000000007,-0.01683537278530453,0.014150357714933953
0.21999999999999953,4.640000000000008,-0.01698812985889144,0.014084246469734274
0.21999999999999953,4.620000000000008,-0.017142160345161035,0.014017631173020885
0.21999999999999953,4.6000000000000085,-0.01729748022234532,0.013950506099504666
0.21999999999999953,4.580000000000009,-0.017454105737042244,0.013882865438239855
0.21999999999999953,4.560000000000009,-0.01761205340945308,0.013814703290532663
0.21999999999999953,4.54000000000001,-0.01777134003969993,0.013746013668742185
0.21999999999999953,4.52000000000001,-0.017931982713115698,0.01367679049433776
0.21999999999999953,4.500000000000011,-0.01809399880702258,0.013607027596033754
0.21999999999999953,4.480000000000011,-0.01825740599631286,0.013536718708687417
0.21999999999999953,4.4600000000000115,-0.018422222260382537,0.013465857470841145
0.21999999999999953,4.440000000000012,-0.018588465889355116,0.013394437423317307
0.21999999999999953,4.420000000000012,-0.018756155491009528,0.013322452007113565
0.21999999999999953,4.400000000000013,-0.01892530999766654,0.013249894561660452
0.21999999999999953,4.380000000000013,-0.01909594867312558,0.013176758322869256
0.21999999999999953,4.360000000000014,-0.019268091120127114,0.013103036421085026
0.21999999999999953,4.340000000000014,-0.019441757287808416,0.013028721879167302
0.21999999999999953,4.3200000000000145,-0.019616967479344573,0.012953807610149151
0.21999999999999953,4.300000000000015,-0.01979374235965174,0.012878286415500803
0.21999999999999953,4.280000000000015,-0.019972102963880557,0.012802150982542601
0.21999999999999953,4.260000000000016,-0.020152070705278614,0.012725393882687293
0.21999999999999953,4.240000000000016,-0.020333667384172895,0.012648007568826392
0.21999999999999953,4.220000000000017,-0.020516915196139542,0.012569984372888879
0.21999999999999953,4.200000000000017,-0.020701836741719448,0.012491316503956587
0.21999999999999953,4.1800000000000175,-0.02088845503498523,0.012411996045436406
0.21999999999999953,4.160000000000018,-0.021076793513566,0.012332014952622365
0.21999999999999953,4.140000000000018,-0.021266876048063467,0.012251365050292201
0.21999999999999953,4.120000000000019,-0.021458726952372807,0.01217003802999371
0.21999999999999953,4.100000000000019,-0.021652370993672235,0.012088025447397975
0.21999999999999953,4.08000000000002,-0.02184783340325796,0.012005318719519958
0.21999999999999953,4.06000000000002,-0.022045139887492626,0.011921909121994118
0.21999999999999953,4.0400000000000205,-0.022244316638735218,0.011837787786273259
0.21999999999999953,4.020000000000021,-0.022445390347179336,0.011752945696481276
0.21999999999999953,4.000000000000021,-0.02264838821262011,0.011667373686733248
0.21999999999999953,3.9800000000000213,-0.02285333795640819,0.011581062437752448
0.21999999999999953,3.9600000000000213,-0.023060267834334573,0.011494002473863896
0.21999999999999953,3.9400000000000213,-0.023269206649439142,0.011406184159809457
0.21999999999999953,3.9200000000000212,-0.023480183765136955,0.011317597697459714
0.21999999999999953,3.9000000000000212,-0.023693229119157132,0.011228233122336367
0.21999999999999953,3.880000000000021,-0.023908373237410557,0.011138080300106323
0.21999999999999953,3.860000000000021,-0.02412564724856109,0.011047128923439876
0.21999999999999953,3.840000000000021,-0.02434508289885709,0.010955368507920032
0.21999999999999953,3.820000000000021,-0.024566712567812732,0.010862788388515301
0.21999999999999953,3.800000000000021,-0.024790569283555806,0.010769377715679429
0.21999999999999953,3.780000000000021,-0.025016686739476903,0.01067512545170804
0.21999999999999953,3.760000000000021,-0.02524509931097921,0.01058002036650385
0.21999999999999953,3.740000000000021,-0.025475842072589523,0.010484051033548186
0.21999999999999953,3.720000000000021,-0.025708950816094978,0.010387205825719892
0.21999999999999953,3.700000000000021,-0.02594446206863253,0.010289472911060069
0.21999999999999953,3.680000000000021,-0.02618241311174717,0.0101908402481658
0.21999999999999953,3.660000000000021,-0.026422842001017622,0.010091295581897003
0.21999999999999953,3.640000000000021,-0.026665787586054774,0.009990826438706248
0.21999999999999953,3.620000000000021,-0.02691128953142065,0.009889420121737755
0.21999999999999953,3.600000000000021,-0.02715938833789935,0.009787063706273587
0.21999999999999953,3.580000000000021,-0.027410125364669302,0.009683744034433672
0.21999999999999953,3.560000000000021,-0.027663542852215853,0.00957944771022129
0.21999999999999953,3.540000000000021,-0.027919683945615777,0.009474161094262362
0.21999999999999953,3.520000000000021,-0.02817859271908618,0.00936787029846077
0.21999999999999953,3.500000000000021,-0.0284403142009634,0.009260561180479542
0.21999999999999953,3.480000000000021,-0.028704894399539816,0.009152219338166373
0.21999999999999953,3.460000000000021,-0.028972380329918192,0.009042830103512686
0.21999999999999953,3.440000000000021,-0.029242820041511776,0.00893237853698696
0.21999999999999953,3.420000000000021,-0.02951626264643524,0.00882084942143821
0.21999999999999953,3.400000000000021,-0.02979275834951518,0.008708227255631085
0.21999999999999953,3.3800000000000208,-0.030072358478102742,0.008594496248049057
0.21999999999999953,3.3600000000000207,-0.03035511551393464,0.008479640310234599
0.21999999999999953,3.3400000000000207,-0.030641083125502996,0.008363643050233072
0.21999999999999953,3.3200000000000207,-0.030930316201819096,0.008246487765062817
0.21999999999999953,3.3000000000000207,-0.031222870886979278,0.008128157434769204
0.21999999999999953,3.2800000000000207,-0.031518804616540164,0.008008634713861991
0.21999999999999953,3.2600000000000207,-0.03181817615431795,0.007887901924771776
0.21999999999999953,3.2400000000000206,-0.0321210456309185,0.0077659410498320675
0.21999999999999953,3.2200000000000206,-0.03242747458398278,0.007642733723467576
0.21999999999999953,3.2000000000000206,-0.032737525999118625,0.0075182612241231905
0.21999999999999953,3.1800000000000206,-0.033051264352532035,0.007392504466109784
0.21999999999999953,3.1600000000000206,-0.03336875565552737,0.00726544399086488
0.21999999999999953,3.1400000000000206,-0.03369006749992011,0.007137059958614026
0.21999999999999953,3.1200000000000205,-0.03401526910593304,0.007007332139167547
0.21999999999999953,3.1000000000000205,-0.03434443137080641,0.00687623990277679
0.21999999999999953,3.0800000000000205,-0.03467762692025765,0.006743762210951576
0.21999999999999953,3.0600000000000205,-0.03501493016084101,0.006609877606560788
0.21999999999999953,3.0400000000000205,-0.03535641733483783,0.006474564203999236
0.21999999999999953,3.0200000000000204,-0.03570216657705097,0.00633779967915285
0.21999999999999953,3.0000000000000204,-0.03605225797348596,0.006199561258803651
0.21999999999999953,2.9800000000000204,-0.036406773622687905,0.006059825710195171
0.21999999999999953,2.9600000000000204,-0.03676579769865608,0.005918569329722838
0.21999999999999953,2.9400000000000204,-0.03712941651689232,0.005775767931961801
0.21999999999999953,2.9200000000000204,-0.03749771860268214,0.005631396837961114
0.21999999999999953,2.9000000000000203,-0.037870794761657285,0.0054854308635558235
0.21999999999999953,2.8800000000000203,-0.038248738153713255,0.0053378443070632164
0.21999999999999953,2.8600000000000203,-0.038631644369103574,0.005188610936733548
0.21999999999999953,2.8400000000000203,-0.039019611508194066,0.005037703978449437
0.21999999999999953,2.8200000000000203,-0.03941274026357824,0.004885096102038692
0.21999999999999953,2.8000000000000203,-0.0398111340063335,0.004730759408014595
0.21999999999999953,2.7800000000000202,-0.040214898874785444,0.004574665413999118
0.21999999999999953,2.76000000000002,-0.040624143867627575,0.00441678504045602
0.21999999999999953,2.74000000000002,-0.04103898094027553,0.004257088596101979
0.21999999999999953,2.72000000000002,-0.04145952510503399,0.0040955457631233205
0.21999999999999953,2.70000000000002,-0.04188589453605756,0.003932125581987814
0.21999999999999953,2.68000000000002,-0.042318210677703964,0.0037667964357654404
0.21999999999999953,2.66000000000002,-0.042756598358164616,0.0035995260342630425
0.21999999999999953,2.64000000000002,-0.0432011859070604,0.003430281397636209
0.21999999999999953,2.62000000000002,-0.04365210527889884,0.003259028839351294
0.21999999999999953,2.60000000000002,-0.0441094921805499,0.003085733949549585
0.21999999999999953,2.58000000000002,-0.044573486205298586,0.0029103615768165947
0.21999999999999953,2.56000000000002,-0.04504423097183087,0.0027328758107301888
0.21999999999999953,2.54000000000002,-0.04552187426941737,0.002553239963343827
0.21999999999999953,2.52000000000002,-0.046006568209562365,0.00237141655005655
0.21999999999999953,2.50000000000002,-0.046498469383950386,0.00218736727075404
0.21999999999999953,2.48000000000002,-0.046997739029576505,0.0020010529900590865
0.21999999999999953,2.46000000000002,-0.04750454320102736,0.0018124337169116433
0.21999999999999953,2.44000000000002,-0.04801905295049445,0.0016214685847151314
0.21999999999999953,2.42000000000002,-0.04854144451580638,0.001428115829659321
0.21999999999999953,2.40000000000002,-0.049071899516830865,0.0012323327700261566
0.21999999999999953,2.38000000000002,-0.04961060516102067,0.0010340757839193684
0.21999999999999953,2.36000000000002,-0.05015775445825334,0.0008333002873872342
0.21999999999999953,2.34000000000002,-0.05071354644557283,0.0006299607118054884
0.21999999999999953,2.32000000000002,-0.05127818642215322,0.0004240104808582029
0.21999999999999953,2.30000000000002,-0.0518518861958461,0.00021540198720811088
0.21999999999999953,2.28000000000002,-0.05243486434008644,4.086568819658409e-6
0.21999999999999953,2.2600000000000198,-0.053027346465049,-0.00020998551504343432
0.21999999999999953,2.2400000000000198,-0.05362956549910774,-0.00042686510830818036
0.21999999999999953,2.2200000000000197,-0.054241761986047576,-0.0006466041825083924
0.21999999999999953,2.2000000000000197,-0.054864184395784846,-0.0008692558620160828
0.21999999999999953,2.1800000000000197,-0.055497089450033024,-0.001094874448732186
0.21999999999999953,2.1600000000000197,-0.056140742464368634,-0.001323515447946455
0.21999999999999953,2.1400000000000197,-0.05679541770713448,-0.0015552355934425862
0.21999999999999953,2.1200000000000196,-0.057461398776101506,-0.0017900928730625806
0.21999999999999953,2.1000000000000196,-0.05813897899423644,-0.0020281465544446653
0.21999999999999953,2.0800000000000196,-0.058828461825472744,-0.0022694572104943467
0.21999999999999953,2.0600000000000196,-0.05953016131194898,-0.002514086744762914
0.21999999999999953,2.0400000000000196,-0.060244402532818805,-0.0027620984167754433
0.21999999999999953,2.0200000000000196,-0.060971522088196534,-0.00301355686670543
0.21999999999999953,2.0000000000000195,-0.06171186860712976,-0.0032685281402720784
0.21999999999999953,1.9800000000000195,-0.06246580328332976,-0.0035270797123404946
0.21999999999999953,1.9600000000000195,-0.06323370043821283,-0.0037892805104361577
0.21999999999999953,1.9400000000000195,-0.06401594811503773,-0.004055200937169238
0.21999999999999953,1.9200000000000195,-0.06481294870468833,-0.004324912891724937
0.20999999999999952,5,-0.01597699819984953,0.014840630198911381
0.20999999999999952,4.98,-0.01611411579764757,0.014779368301674214
0.20999999999999952,4.960000000000001,-0.016252302832572126,0.014717667657177422
0.20999999999999952,4.940000000000001,-0.01639157185943538,0.014655523580196797
0.20999999999999952,4.920000000000002,-0.01653193563013429,0.01459293131928835
0.20999999999999952,4.900000000000002,-0.01667340709767035,0.01452988605559577
0.20999999999999952,4.880000000000003,-0.016815999420113973,0.01446638290185187
0.20999999999999952,4.860000000000003,-0.016959725964529673,0.01440241690093605
0.20999999999999952,4.840000000000003,-0.01710460031119757,0.014337983024790276
0.20999999999999952,4.820000000000004,-0.017250636258105766,0.014273076173097391
0.20999999999999952,4.800000000000004,-0.017397847824919106,0.014207691172156093
0.20999999999999952,4.780000000000005,-0.017546249257850678,0.014141822773255971
0.20999999999999952,4.760000000000005,-0.017695855033922653,0.014075465651700314
0.20999999999999952,4.7400000000000055,-0.01784667986581549,0.014008614405102822
0.20999999999999952,4.720000000000006,-0.01799873870674963,0.01394126355228592
0.20999999999999952,4.700000000000006,-0.018152046755254513,0.013873407531658975
0.20999999999999952,4.680000000000007,-0.01830661946026193,0.013805040699895507
0.20999999999999952,4.660000000000007,-0.0184624725263862,0.013736157330280788
0.20999999999999952,4.640000000000008,-0.01861962191902696,0.013666751611416374
0.20999999999999952,4.620000000000008,-0.0187780838701102,0.013596817645398107
0.20999999999999952,4.6000000000000085,-0.018937874883202338,0.013526349446555237
0.20999999999999952,4.580000000000009,-0.01909901173967891,0.013455340939518584
0.20999999999999952,4.560000000000009,-0.019261511504485938,0.0133837859577772
0.20999999999999952,4.54000000000001,-0.019425391531765143,0.013311678241933966
0.20999999999999952,4.52000000000001,-0.019590669471537103,0.013239011437923554
0.20999999999999952,4.500000000000011,-0.019757363275658295,0.013165779095303448
0.20999999999999952,4.480000000000011,-0.0199254912044539,0.013091974665481464
0.20999999999999952,4.4600000000000115,-0.020095071833383733,0.013017591499761401
0.20999999999999952,4.440000000000012,-0.020266124059671476,0.012942622847477936
0.20999999999999952,4.420000000000012,-0.020438667109525452,0.012867061854367062
0.20999999999999952,4.400000000000013,-0.020612720545259033,0.012790901560040452
0.20999999999999952,4.380000000000013,-0.020788304272450923,0.012714134896431098
0.20999999999999952,4.360000000000014,-0.020965438547887683,0.012636754685704854
0.20999999999999952,4.340000000000014,-0.021144143986993942,0.012558753637839051
0.20999999999999952,4.3200000000000145,-0.021324441571876313,0.012480124348786266
0.20999999999999952,4.300000000000015,-0.021506352659677052,0.012400859298169427
0.20999999999999952,4.280000000000015,-0.0216898989907396,0.012320950846991544
0.20999999999999952,4.260000000000016,-0.02187510269726028,0.012240391235323375
0.20999999999999952,4.240000000000016,-0.022061986312513715,0.012159172580190891
0.20999999999999952,4.220000000000017,-0.02225057277936985,0.012077286872896414
0.20999999999999952,4.200000000000017,-0.02244088546010667,0.01199472597644885
0.20999999999999952,4.1800000000000175,-0.022632948145728686,0.011911481623509197
0.20999999999999952,4.160000000000018,-0.0228267850660874,0.011827545413500423
0.20999999999999952,4.140000000000018,-0.023022420899865868,0.011742908809930092
0.20999999999999952,4.120000000000019,-0.02321988078487249,0.011657563137749904
0.20999999999999952,4.100000000000019,-0.02341919032924628,0.0115714995808128
0.20999999999999952,4.08000000000002,-0.02362037562186995,0.011484709178799679
0.20999999999999952,4.06000000000002,-0.023823463244129702,0.011397182824344293
0.20999999999999952,4.0400000000000205,-0.024028480281360017,0.011308911260153556
0.20999999999999952,4.020000000000021,-0.02423545433489016,0.011219885076122413
0.20999999999999952,4.000000000000021,-0.024444413534547807,0.01113009470581458
0.20999999999999952,3.9800000000000213,-0.02465538655087863,0.011039530423893502
0.20999999999999952,3.9600000000000213,-0.024868402608672353,0.01094818234214874
0.20999999999999952,3.9400000000000213,-0.02508349150013964,0.010856040407041745
0.20999999999999952,3.9200000000000212,-0.025300683598783923,0.010763094395426609
0.20999999999999952,3.9000000000000212,-0.025520009873684933,0.010669333911720272
0.20999999999999952,3.880000000000021,-0.025741501903996183,0.010574748384051535
0.20999999999999952,3.860000000000021,-0.025965191894189207,0.010479327060748195
0.20999999999999952,3.840000000000021,-0.026191112689383168,0.010383059006302008
0.20999999999999952,3.820000000000021,-0.026419297791579564,0.01028593309787592
0.20999999999999952,3.800000000000021,-0.026649781375796797,0.01018793802134299
0.20999999999999952,3.780000000000021,-0.02688259830740817,0.010089062267060495
0.20999999999999952,3.760000000000021,-0.02711778415936701,0.009989294126106996
0.20999999999999952,3.740000000000021,-0.027355375230185466,0.009888621685472863
0.20999999999999952,3.720000000000021,-0.02759540856282722,0.00978703282447924
0.20999999999999952,3.700000000000021,-0.027837921963308938,0.009684515209845267
0.20999999999999952,3.680000000000021,-0.02808295402099872,0.009581056291377704
0.20999999999999952,3.660000000000021,-0.028330544128486963,0.009476643297303262
0.20999999999999952,3.640000000000021,-0.02858073250287703,0.009371263229406068
0.20999999999999952,3.620000000000021,-0.028833560207139473,0.009264902858170504
0.20999999999999952,3.600000000000021,-0.029089069172731154,0.009157548718198967
0.20999999999999952,3.580000000000021,-0.02934730222226569,0.009049187102240328
0.20999999999999952,3.560000000000021,-0.02960830309370379,0.008939804057051692
0.20999999999999952,3.540000000000021,-0.029872116464464277,0.008829385376948912
0.20999999999999952,3.520000000000021,-0.03013878797699523,0.008717916599054167
0.20999999999999952,3.500000000000021,-0.03040836426466559,0.008605382997255679
0.20999999999999952,3.480000000000021,-0.030680892979055775,0.008491769576674406
0.20999999999999952,3.460000000000021,-0.030956422817574034,0.008377061067610693
0.20999999999999952,3.440000000000021,-0.031235003552271916,0.008261241919374825
0.20999999999999952,3.420000000000021,-0.031516686059726864,0.008144296294272744
0.20999999999999952,3.400000000000021,-0.03180152235155682,0.008026208061040693
0.20999999999999952,3.3800000000000208,-0.032089565606348805,0.007906960788363483
0.20999999999999952,3.3600000000000207,-0.032380870202341275,0.007786537738168023
0.20999999999999952,3.3400000000000207,-0.032675491751456516,0.007664921858805483
0.20999999999999952,3.3200000000000207,-0.032973487134345086,0.007542095777836124
0.20999999999999952,3.3000000000000207,-0.03327491453655701,0.007418041794863495
0.20999999999999952,3.2800000000000207,-0.03357983348633536,0.007292741874231359
0.20999999999999952,3.2600000000000207,-0.03388830489326245,0.007166177637326715
0.20999999999999952,3.2400000000000206,-0.03420039108834598,0.00703833035460566
0.20999999999999952,3.2200000000000206,-0.03451615586585067,0.00690918093792145
0.20999999999999952,3.2000000000000206,-0.03483566452613955,0.006778709932213203
0.20999999999999952,3.1800000000000206,-0.03515898392028305,0.006646897506834559
0.20999999999999952,3.1600000000000206,-0.03548618249642197,0.006513723447413494
0.20999999999999952,3.1400000000000206,-0.03581733034732007,0.0063791671465525945
0.20999999999999952,3.1200000000000205,-0.03615249925989633,0.006243207595126532
0.20999999999999952,3.1000000000000205,-0.03649176276667848,0.006105823372647076
0.20999999999999952,3.0800000000000205,-0.036835196199027025,0.005966992638011103
0.20999999999999952,3.0600000000000205,-0.03718287674206759,0.0058266931197327315
0.20999999999999952,3.0400000000000205,-0.03753488349220166,0.0056849021056069576
0.20999999999999952,3.0200000000000204,-0.03789129751579968,0.0055415964328009715
0.20999999999999952,3.0000000000000204,-0.0382522019114292,0.0053967524771077885
0.20999999999999952,2.9800000000000204,-0.0386176818731952,0.005250346142277762
0.20999999999999952,2.9600000000000204,-0.038987824757038575,0.005102352848861388
0.20999999999999952,2.9400000000000204,-0.03936272014948904,0.004952747522900314
0.20999999999999952,2.9200000000000204,-0.03974245993912655,0.0048015045842604714
0.20999999999999952,2.9000000000000203,-0.04012713839049303,0.004648597934869797
0.20999999999999952,2.8800000000000203,-0.040516852221153636,0.004494000946286644
0.20999999999999952,2.8600000000000203,-0.040911700681736454,0.004337686447294792
0.20999999999999952,2.8400000000000203,-0.04131178563883266,0.004179626711115936
0.20999999999999952,2.8200000000000203,-0.041717211661444015,0.004019793442162847
0.20999999999999952,2.8000000000000203,-0.04212808611083946,0.0038581577628053476
0.20999999999999952,2.7800000000000202,-0.04254451923389316,0.003694690199337762
0.20999999999999952,2.76000000000002,-0.04296662426011309,0.0035293606680913414
0.20999999999999952,2.74000000000002,-0.04339451750282651,0.003362138460552541
0.20999999999999952,2.72000000000002,-0.04382831846423411,0.0031929922293116864
0.20999999999999952,2.70000000000002,-0.04426814994482147,0.0030218899722677245
0.20999999999999952,2.68000000000002,-0.04471413815752581,0.00284879901745648
0.20999999999999952,2.66000000000002,-0.045166412846278176,0.0026736860071518917
0.20999999999999952,2.64000000000002,-0.045625107409638946,0.002496516881548956
0.20999999999999952,2.62000000000002,-0.04609035902971142,0.0023172568624511003
0.20999999999999952,2.60000000000002,-0.046562308806558816,0.0021358704361287006
0.20999999999999952,2.58000000000002,-0.04704110189797886,0.0019523213360804759
0.20999999999999952,2.56000000000002,-0.047526887665641074,0.0017665725254395956
0.20999999999999952,2.54000000000002,-0.048019819827494134,0.0015785861788814928
0.20999999999999952,2.52000000000002,-0.048520056616608256,0.001388323664200183
0.20999999999999952,2.50000000000002,-0.049027760947208406,0.0011957455235312095
0.20999999999999952,2.48000000000002,-0.04954310058765276,0.0010008114545121821
0.20999999999999952,2.46000000000002,-0.05006624834160791,0.0008034802901387313
0.20999999999999952,2.44000000000002,-0.05059738223682805,0.0006037099796500286
0.20999999999999952,2.42000000000002,-0.05113668572268262,0.00040145756792800413
0.20999999999999952,2.40000000000002,-0.051684347876732734,0.00019667917502712295
0.20999999999999952,2.38000000000002,-0.05224056362027418,-0.000010670024629066965
0.20999999999999952,2.36000000000002,-0.0528055339444712,-0.00022063582347065219
0.20999999999999952,2.34000000000002,-0.053379466146141225,-0.0004332650021639309
0.20999999999999952,2.32000000000002,-0.053962574075337326,-0.0006486053514462575
0.20999999999999952,2.30000000000002,-0.05455507839416532,-0.0008667056941831647
0.20999999999999952,2.28000000000002,-0.05515720684735135,-0.0010876159073282682
0.20999999999999952,2.2600000000000198,-0.055769194546788664,-0.0013113869445939424
0.20999999999999952,2.2400000000000198,-0.05639128426889224,-0.0015380708591155381
0.20999999999999952,2.2200000000000197,-0.05702372676641344,-0.0017677208259146704
0.20999999999999952,2.2000000000000197,-0.05766678109579963,-0.002000391164840548
0.20999999999999952,2.1800000000000197,-0.05832071496043961,-0.002236137363484131
0.20999999999999952,2.1600000000000197,-0.058985805070579475,-0.0024750160999027077
0.20999999999999952,2.1400000000000197,-0.05966233752151413,-0.0027170852654984784
0.20999999999999952,2.1200000000000196,-0.060350608190608696,-0.0029624039872284125
0.20999999999999952,2.1000000000000196,-0.061050923154582534,-0.0032110326504665235
0.20999999999999952,2.0800000000000196,-0.061763599127663424,-0.003463032920507314
0.20999999999999952,2.0600000000000196,-0.0624889639223114,-0.0037184677645648867
0.20999999999999952,2.0400000000000196,-0.0632273569340728,-0.003977401472645345
0.20999999999999952,2.0200000000000196,-0.06397912965151578,-0.004239899677747863
0.20999999999999952,2.0000000000000195,-0.06474464619257714,-0.004506029375851348
0.20999999999999952,1.9800000000000195,-0.06552428387007204,-0.004775858944149183
0.20999999999999952,1.9600000000000195,-0.06631843378633014,-0.0050494581587434
0.20999999999999952,1.9400000000000195,-0.06712750146075937,-0.005326898210809172
0.20999999999999952,1.9200000000000195,-0.06795190749081426,-0.005608251720993367
0.1999999999999995,5,-0.017631917011660538,0.014261498309762987
0.1999999999999995,4.98,-0.017773061603427037,0.014197012424264605
0.1999999999999995,4.960000000000001,-0.01791530917879901,0.01413206544853789
0.1999999999999995,4.940000000000001,-0.01805867271342871,0.01406665246931793
0.1999999999999995,4.920000000000002,-0.018203165387226664,0.014000768504439445
0.1999999999999995,4.900000000000002,-0.01834880058826637,0.01393440850097688
0.1999999999999995,4.880000000000003,-0.018495591917176535,0.013867567334598485
0.1999999999999995,4.860000000000003,-0.01864355319096725,0.0138002398078962
0.1999999999999995,4.840000000000003,-0.018792698447737868,0.01373242064950092
0.1999999999999995,4.820000000000004,-0.018943041950933392,0.013664104512311245
0.1999999999999995,4.800000000000004,-0.01909459819384694,0.013595285972505491
0.1999999999999995,4.780000000000005,-0.01924738190434525,0.01352595952809875
0.1999999999999995,4.760000000000005,-0.019401408049648114,0.013456119597460226
0.1999999999999995,4.7400000000000055,-0.019556691841111484,0.013385760517940916
0.1999999999999995,4.720000000000006,-0.019713248739251173,0.013314876544588267
0.1999999999999995,4.700000000000006,-0.019871094458879163,0.01324346184828408
0.1999999999999995,4.680000000000007,-0.02003024497449874,0.013171510514659146
0.1999999999999995,4.660000000000007,-0.02019071652527307,0.013099016542155478
0.1999999999999995,4.640000000000008,-0.020352525621047883,0.0130259738408455
0.1999999999999995,4.620000000000008,-0.02051568904762628,0.01295237623051515
0.1999999999999995,4.6000000000000085,-0.02068022387269275,0.012878217439125275
0.1999999999999995,4.580000000000009,-0.02084614745171026,0.012803491101023773
0.1999999999999995,4.560000000000009,-0.021013477434122692,0.012728190755511945
0.1999999999999995,4.54000000000001,-0.021182231769374397,0.01265230984477446
0.1999999999999995,4.52000000000001,-0.02135242871356728,0.012575841712224992
0.1999999999999995,4.500000000000011,-0.021524086835800496,0.012498779600784826
0.1999999999999995,4.480000000000011,-0.021697225025112142,0.012421116650679312
0.1999999999999995,4.4600000000000115,-0.021871862497142108,0.012342845897939159
0.1999999999999995,4.440000000000012,-0.02204801880151481,0.012263960272146004
0.1999999999999995,4.420000000000012,-0.022225713828828857,0.01218445259440678
0.1999999999999995,4.400000000000013,-0.022404967818380583,0.012104315575716534
0.1999999999999995,4.380000000000013,-0.022585801365526417,0.012023541814373179
0.1999999999999995,4.360000000000014,-0.02276823542981935,0.01194212379414425
0.1999999999999995,4.340000000000014,-0.022952291343034878,0.011860053881913385
0.1999999999999995,4.3200000000000145,-0.02313799081720338,0.011777324325617566
0.1999999999999995,4.300000000000015,-0.023325355953591757,0.011693927251939351
0.1999999999999995,4.280000000000015,-0.023514409250854185,0.01160985466375744
0.1999999999999995,4.260000000000016,-0.023705173614542555,0.011525098438049136
0.1999999999999995,4.240000000000016,-0.023897672366133625,0.011439650323373893
0.1999999999999995,4.220000000000017,-0.024091929252257713,0.011353501937125518
0.1999999999999995,4.200000000000017,-0.024287968454830305,0.011266644763512662
0.1999999999999995,4.1800000000000175,-0.024485814600659184,0.011179070150451886
0.1999999999999995,4.160000000000018,-0.024685492772306937,0.011090769307018064
0.1999999999999995,4.140000000000018,-0.024887028517772417,0.011001733300877226
0.1999999999999995,4.120000000000019,-0.025090447862237547,0.010911953055537521
0.1999999999999995,4.100000000000019,-0.025295777318511032,0.010821419347124363
0.1999999999999995,4.08000000000002,-0.025503043899101414,0.010730122801870884
0.1999999999999995,4.06000000000002,-0.025712275127635173,0.010638053892955288
0.1999999999999995,4.0400000000000205,-0.025923499050957203,0.010545202937268433
0.1999999999999995,4.020000000000021,-0.02613674425184366,0.010451560092769277
0.1999999999999995,4.000000000000021,-0.026352039861852833,0.010357115354764967
0.1999999999999995,3.9800000000000213,-0.026569415574188286,0.01026185855288667
0.1999999999999995,3.9600000000000213,-0.02678890165777223,0.010165779347844808
0.1999999999999995,3.9400000000000213,-0.027010528970766463,0.010068867227613243
0.1999999999999995,3.9200000000000212,-0.02723432897525795,0.009971111504508204
0.1999999999999995,3.9000000000000212,-0.027460333752124696,0.009872501310942153
0.1999999999999995,3.880000000000021,-0.027688576015970332,0.009773025596279905
0.1999999999999995,3.860000000000021,-0.027919089131229577,0.009672673122749609
0.1999999999999995,3.840000000000021,-0.028151907128054755,0.009571432461750821
0.1999999999999995,3.820000000000021,-0.02838706471907039,0.009469291989815248
0.1999999999999995,3.800000000000021,-0.028624597316551162,0.009366239884591508
0.1999999999999995,3.780000000000021,-0.028864541050186883,0.009262264120820443
0.1999999999999995,3.760000000000021,-0.02910693278523357,0.009157352465826163
0.1999999999999995,3.740000000000021,-0.02935181014115475,0.00905149247565755
0.1999999999999995,3.720000000000021,-0.029599211511201366,0.008944671489961531
0.1999999999999995,3.700000000000021,-0.029849176082266757,0.008836876628070825
0.1999999999999995,3.680000000000021,-0.03010174385538693,0.008728094784039686
0.1999999999999995,3.660000000000021,-0.030356955667260654,0.008618312622042795
0.1999999999999995,3.640000000000021,-0.03061485321161528,0.00850751657106627
0.1999999999999995,3.620000000000021,-0.030875479062295354,0.008395692820521092
0.1999999999999995,3.600000000000021,-0.03113887669623479,0.00828282731469318
0.1999999999999995,3.580000000000021,-0.031405090517586984,0.008168905747521146
0.1999999999999995,3.560000000000021,-0.031674165882483986,0.008053913557485434
0.1999999999999995,3.540000000000021,-0.03194614912471532,0.007937835921695951
0.1999999999999995,3.520000000000021,-0.03222108758219374,0.007820657750740673
0.1999999999999995,3.500000000000021,-0.032499029623833824,0.0077023636823052855
0.1999999999999995,3.480000000000021,-0.03278002467824892,0.007582938075799798
0.1999999999999995,3.460000000000021,-0.033064123262633784,0.007462365006059429
0.1999999999999995,3.440000000000021,-0.033351377012681024,0.007340628256828241
0.1999999999999995,3.420000000000021,-0.03364183871397728,0.007217711315192596
0.1999999999999995,3.400000000000021,-0.03393556233380513,0.007093597363987014
0.1999999999999995,3.3800000000000208,-0.03423260305432933,0.00696826927606909
0.1999999999999995,3.3600000000000207,-0.03453301730708447,0.006841709606754065
0.1999999999999995,3.3400000000000207,-0.03483686280845752,0.006713900587291681
0.1999999999999995,3.3200000000000207,-0.0351441985959303,0.006584824117322585
0.1999999999999995,3.3000000000000207,-0.035455085066581446,0.006454461757741198
0.1999999999999995,3.2800000000000207,-0.03576958401596024,0.006322794722882719
0.1999999999999995,3.2600000000000207,-0.03608775867879181,0.006189803873041355
0.1999999999999995,3.2400000000000206,-0.03640967377094312,0.0060554697064033255
0.1999999999999995,3.2200000000000206,-0.03673539553300325,0.005919772350839736
0.1999999999999995,3.2000000000000206,-0.03706499177540512,0.005782691555685962
0.1999999999999995,3.1800000000000206,-0.03739853192472757,0.005644206683278086
0.1999999999999995,3.1600000000000206,-0.03773608707233013,0.005504296699964814
0.1999999999999995,3.1400000000000206,-0.03807773002418824,0.0053629401673217225
0.1999999999999995,3.1200000000000205,-0.038423535352820594,0.0052201152328962
0.1999999999999995,3.1000000000000205,-0.038773579450893256,0.005075799620850405
0.1999999999999995,3.0800000000000205,-0.03912794058719944,0.004929970622254198
0.1999999999999995,3.0600000000000205,-0.03948669896411179,0.004782605085237035
0.1999999999999995,3.0400000000000205,-0.03984993677739889,0.004633679404843216
0.1999999999999995,3.0200000000000204,-0.04021773827875513,0.004483169512776816
0.1999999999999995,3.0000000000000204,-0.04059018983960685,0.004331050866606845
0.1999999999999995,2.9800000000000204,-0.04096738001865942,0.004177298439033333
0.1999999999999995,2.9600000000000204,-0.041349399630659464,0.0040218867067775
0.1999999999999995,2.9400000000000204,-0.041736341818912885,0.0038647896389563327
0.1999999999999995,2.9200000000000204,-0.042128302129600274,0.0037059806856283017
0.1999999999999995,2.9000000000000203,-0.042525378589972365,0.0035454327658871604
0.1999999999999995,2.8800000000000203,-0.04292767178883895,0.0033831182554348582
0.1999999999999995,2.8600000000000203,-0.04333528496023878,0.0032190089742114014
0.1999999999999995,2.8400000000000203,-0.04374832407083768,0.0030530761734319095
0.1999999999999995,2.8200000000000203,-0.04416689791047909,0.0028852905226370573
0.1999999999999995,2.8000000000000203,-0.0445911181864906,0.002715622096414405
0.1999999999999995,2.7800000000000202,-0.045021099621286205,0.0025440403601472983
0.1999999999999995,2.76000000000002,-0.04545696005490879,0.002370514156838005
0.1999999999999995,2.74000000000002,-0.04589882055052884,0.002195011691886392
0.1999999999999995,2.72000000000002,-0.046346805505344105,0.0020175005191218377
0.1999999999999995,2.70000000000002,-0.046801042765281325,0.0018379475256114636
0.1999999999999995,2.68000000000002,-0.04726166374462849,0.001656318916327601
0.1999999999999995,2.66000000000002,-0.047728803551120816,0.0014725801986059384
0.1999999999999995,2.64000000000002,-0.04820260111552864,0.001286696166343082
0.1999999999999995,2.62000000000002,-0.048683199327077285,0.0010986308835322922
0.1999999999999995,2.60000000000002,-0.04917074517510418,0.0009083476680189495
0.1999999999999995,2.58000000000002,-0.04966538989566398,0.0007158090743555889
0.1999999999999995,2.56000000000002,-0.05016728912550787,0.000520976876729834
0.1999999999999995,2.54000000000002,-0.05067660306224166,0.00032381205152897524
0.1999999999999995,2.52000000000002,-0.05119349663133832,0.0001242747595245619
0.1999999999999995,2.50000000000002,-0.05171813966111289,-0.00007767567247599083
0.1999999999999995,2.48000000000002,-0.052250707064877625,-0.0002820807696041344
0.1999999999999995,2.46000000000002,-0.05279137903111579,-0.0004889829278089111
0.1999999999999995,2.44000000000002,-0.05334034122294254,-0.0006984254328551986
0.1999999999999995,2.42000000000002,-0.05389778498583451,-0.0009104524795137681
0.1999999999999995,2.40000000000002,-0.054463907565208,-0.0011251091907259758
0.1999999999999995,2.38000000000002,-0.05503891233366328,-0.001342441637561198
0.1999999999999995,2.36000000000002,-0.05562300902920378,-0.0015624968591055333
0.1999999999999995,2.34000000000002,-0.056216414004093065,-0.0017853228818939249
0.1999999999999995,2.32000000000002,-0.0568193504856801,-0.0020109687409261973
0.1999999999999995,2.30000000000002,-0.057432048849115354,-0.0022394844992103813
0.1999999999999995,2.28000000000002,-0.058054746903548504,-0.0024709212684517964
0.1999999999999995,2.2600000000000198,-0.05868769019185244,-0.002705331229342002
0.1999999999999995,2.2400000000000198,-0.05933113230441181,-0.002942767651837347
0.1999999999999995,2.2200000000000197,-0.05998533520865137,-0.0031832849154322246
0.1999999999999995,2.2000000000000197,-0.060650569594665374,-0.003426938529360962
0.1999999999999995,2.1800000000000197,-0.06132711523764392,-0.003673785152501746
0.1999999999999995,2.1600000000000197,-0.0620152613781996,-0.003923882612932805
0.1999999999999995,2.1400000000000197,-0.06271530712237652,-0.004177289927187772
0.1999999999999995,2.1200000000000196,-0.06342756186101395,-0.004434067319332602
0.1999999999999995,2.1000000000000196,-0.06415234571097503,-0.004694276239027753
0.1999999999999995,2.0800000000000196,-0.06488998997884679,-0.004957979378906074
0.1999999999999995,2.0600000000000196,-0.06564083764837622,-0.005225240691866612
0.1999999999999995,2.0400000000000196,-0.06640524389350137,-0.005496125406511135
0.1999999999999995,2.0200000000000196,-0.06718357661808216,-0.005770700041966184
0.1999999999999995,2.0000000000000195,-0.06797621702437169,-0.006049032421286793
0.1999999999999995,1.9800000000000195,-0.06878356021117069,-0.006331191683492721
0.1999999999999995,1.9600000000000195,-0.06960601580488104,-0.006617248293798311
0.1999999999999995,1.9400000000000195,-0.07044400862403306,-0.006907274051880935
0.1999999999999995,1.9200000000000195,-0.07129797938012439,-0.007201342098161076
0.1899999999999995,5,-0.01939184333201243,0.0134263706270294
0.1899999999999995,4.98,-0.01953726378585103,0.013358316280051463
0.1899999999999995,4.960000000000001,-0.01968382305593833,0.013289776149074332
0.1899999999999995,4.940000000000001,-0.0198315345701469,0.013220745069722234
0.1899999999999995,4.920000000000002,-0.01998041196832823,0.013151217805203563
0.1899999999999995,4.900000000000002,-0.020130469106225603,0.013081189044827163
0.1899999999999995,4.880000000000003,-0.020281720060088264,0.013010653402777114
0.1899999999999995,4.860000000000003,-0.02043417913075279,0.012939605417076564
0.1899999999999995,4.840000000000003,-0.02058786084838878,0.012868039547851831
0.1899999999999995,4.820000000000004,-0.02074277997702219,0.012795950176233566
0.1899999999999995,4.800000000000004,-0.020898951519132642,0.012723331602900373
0.1899999999999995,4.780000000000005,-0.02105639072075289,0.012650178046604614
0.1899999999999995,4.760000000000005,-0.021215113076183994,0.01257648364283899
0.1899999999999995,4.7400000000000055,-0.021375134333250785,0.012502242442148453
0.1899999999999995,4.720000000000006,-0.02153647049818496,0.01242744840882816
0.1899999999999995,4.700000000000006,-0.021699137841441177,0.01235209541929104
0.1899999999999995,4.680000000000007,-0.02186315290278432,0.01227617726055312
0.1899999999999995,4.660000000000007,-0.022028532496933442,0.012199687628461218
0.1899999999999995,4.640000000000008,-0.022195293719455302,0.012122620126220701
0.1899999999999995,4.620000000000008,-0.02236345395246833,0.012044968262635986
0.1899999999999995,4.6000000000000085,-0.022533030870827458,0.011966725450441085
0.1899999999999995,4.580000000000009,-0.02270404244813338,0.011887885004497986
0.1899999999999995,4.560000000000009,-0.022876506963239212,0.011808440140067322
0.1899999999999995,4.54000000000001,-0.023050443006609838,0.011728383970895956
0.1899999999999995,4.52000000000001,-0.023225869487017225,0.011647709507429382
0.1899999999999995,4.500000000000011,-0.023402805638668582,0.011566409654926432
0.1899999999999995,4.480000000000011,-0.023581271027490185,0.011484477211380961
0.1899999999999995,4.4600000000000115,-0.023761285559260627,0.011401904865698406
0.1899999999999995,4.440000000000012,-0.023942869486278464,0.011318685195506092
0.1899999999999995,4.420000000000012,-0.024126043415219643,0.011234810665161077
0.1899999999999995,4.400000000000013,-0.02431082831498866,0.011150273623749277
0.1899999999999995,4.380000000000013,-0.02449724552445,0.011065066302489216
0.1899999999999995,4.360000000000014,-0.024685316760897552,0.010979180813226033
0.1899999999999995,4.340000000000014,-0.02487506412826347,0.010892609145360804
0.1899999999999995,4.3200000000000145,-0.02506651012588044,0.01080534316418133
0.1899999999999995,4.300000000000015,-0.025259677657297745,0.01071737460812519
0.1899999999999995,4.280000000000015,-0.025454590039244555,0.010628695086408041
0.1899999999999995,4.260000000000016,-0.025651271011472937,0.010539296076849336
0.1899999999999995,4.240000000000016,-0.025849744745714876,0.010449168922851748
0.1899999999999995,4.220000000000017,-0.026050035856006237,0.0103583048312728
0.1899999999999995,4.200000000000017,-0.026252169408738882,0.010266694869440152
0.1899999999999995,4.1800000000000175,-0.02645617093304136,0.0101743299626266
0.1899999999999995,4.160000000000018,-0.026662066431328856,0.010081200891361247
0.1899999999999995,4.140000000000018,-0.026869882390803037,0.009987298288337214
0.1899999999999995,4.120000000000019,-0.027079645794172068,0.009892612635784117
0.1899999999999995,4.100000000000019,-0.027291384131887288,0.009797134262303414
0.1899999999999995,4.08000000000002,-0.027505125413563133,0.009700853340172878
0.1899999999999995,4.06000000000002,-0.02772089818052919,0.009603759881605417
0.1899999999999995,4.0400000000000205,-0.027938731518722466,0.009505843736493769
0.1899999999999995,4.020000000000021,-0.028158655071358313,0.009407094588392203
0.1899999999999995,4.000000000000021,-0.0283806990523525,0.009307501951595742
0.1899999999999995,3.9800000000000213,-0.02860489426047222,0.009207055167567653
0.1899999999999995,3.9600000000000213,-0.0288312720930718,0.009105743401813388
0.1899999999999995,3.9400000000000213,-0.029059864560936913,0.009003555639782694
0.1899999999999995,3.9200000000000212,-0.02929070430332774,0.008900480683721068
0.1899999999999995,3.9000000000000212,-0.02952382460339038,0.008796507148829819
0.1899999999999995,3.880000000000021,-0.029759259403976453,0.008691623459303525
0.1899999999999995,3.860000000000021,-0.02999704332440438,0.008585817844671592
0.1899999999999995,3.840000000000021,-0.030237211676900543,0.008479078335628512
0.1899999999999995,3.820000000000021,-0.030479800484437842,0.008371392760115434
0.1899999999999995,3.800000000000021,-0.030724846498293733,0.008262748739099789
0.1899999999999995,3.780000000000021,-0.030972387216842947,0.0081531336822767
0.1899999999999995,3.760000000000021,-0.031222460904400267,0.008042534783781932
0.1899999999999995,3.740000000000021,-0.031475106610753645,0.00793093901744557
0.1899999999999995,3.720000000000021,-0.031730364192002106,0.007818333132804584
0.1899999999999995,3.700000000000021,-0.03198827433037494,0.007704703649780837
0.1899999999999995,3.680000000000021,-0.03224887855683656,0.007590036854376925
0.1899999999999995,3.660000000000021,-0.03251221927247491,0.007474318793318974
0.1899999999999995,3.640000000000021,-0.032778339771752374,0.0073575352695049445
0.1899999999999995,3.620000000000021,-0.033047284266067935,0.007239671836508865
0.1899999999999995,3.600000000000021,-0.03331909790807169,0.0071207137935155596
0.1899999999999995,3.580000000000021,-0.033593826816745054,0.007000646179740125
0.1899999999999995,3.560000000000021,-0.03387151810340931,0.006879453769249075
0.1899999999999995,3.540000000000021,-0.03415221989857591,0.006757121064686428
0.1899999999999995,3.520000000000021,-0.034435981379411604,0.0066336322923087054
0.1899999999999995,3.500000000000021,-0.034722852798542994,0.006508971395442112
0.1899999999999995,3.480000000000021,-0.03501288551330421,0.006383122028531141
0.1899999999999995,3.460000000000021,-0.03530613201624923,0.006256067551086736
0.1899999999999995,3.440000000000021,-0.03560264596672577,0.006127791021206572
0.1899999999999995,3.420000000000021,-0.03590248222344447,0.005998275189166624
0.1899999999999995,3.400000000000021,-0.036205696877892955,0.00586750249045398
0.1899999999999995,3.3800000000000208,-0.036512347289110694,0.005735455039366566
0.1899999999999995,3.3600000000000207,-0.03682249211985173,0.005602114621705484
0.1899999999999995,3.3400000000000207,-0.03713619137357658,0.00546746268763082
0.1899999999999995,3.3200000000000207,-0.03745350643275397,0.005331480344479639
0.1899999999999995,3.3000000000000207,-0.03777450009875439,0.005194148349181263
0.1899999999999995,3.2800000000000207,-0.03809923663300064,0.005055447100426921
0.1899999999999995,3.2600000000000207,-0.03842778179954185,0.0049153566309810826
0.1899999999999995,3.2400000000000206,-0.03876020290896671,0.004773856599544948
0.1899999999999995,3.2200000000000206,-0.03909656886402828,0.004630926282475904
0.1899999999999995,3.2000000000000206,-0.03943695020716041,0.004486544565402192
0.1899999999999995,3.1800000000000206,-0.0397814191689986,0.004340689934421486
0.1899999999999995,3.1600000000000206,-0.040130049719134114,0.004193340467375253
0.1899999999999995,3.1400000000000206,-0.040482917619070455,0.004044473824676376
0.1899999999999995,3.1200000000000205,-0.04084010047576203,0.0038940672401189397
0.1899999999999995,3.1000000000000205,-0.041201677798813355,0.0037420975113954744
0.1899999999999995,3.0800000000000205,-0.04156773105850598,0.0035885409901688092
0.1899999999999995,3.0600000000000205,-0.041938343746473365,0.003433373572238815
0.1899999999999995,3.0400000000000205,-0.042313601438676435,0.0032765706874113253
0.1899999999999995,3.0200000000000204,-0.042693591860505024,0.003118107289092585
0.1899999999999995,3.0000000000000204,-0.04307840495450063,0.0029579578433034243
0.1899999999999995,2.9800000000000204,-0.04346813295086982,0.002796096318284702
0.1899999999999995,2.9600000000000204,-0.04386287043967805,0.0026324961729564805
0.1899999999999995,2.9400000000000204,-0.04426271444739751,0.002467130345419885
0.1899999999999995,2.9200000000000204,-0.04466776451479791,0.0022999712419077695
0.1899999999999995,2.9000000000000203,-0.04507812277936807,0.0021309907240814954
0.1899999999999995,2.8800000000000203,-0.045493894059538895,0.0019601600973190234
0.1899999999999995,2.8600000000000203,-0.045915185943074574,0.001787450098195302
0.1899999999999995,2.8400000000000203,-0.04634210887893171,0.0016128308816196063
0.1899999999999995,2.8200000000000203,-0.04677477627237145,0.0014362720078774094
0.1899999999999995,2.8000000000000203,-0.04721330458421998,0.0012577424296034909
0.1899999999999995,2.7800000000000202,-0.04765781343397929,0.0010772104778868086
0.1899999999999995,2.76000000000002,-0.04810842570713891,0.0008946438485724073
0.1899999999999995,2.74000000000002,-0.048565267666776324,0.0007100095882607016
0.1899999999999995,2.72000000000002,-0.04902846907013238,0.0005232740798811336
0.1899999999999995,2.70000000000002,-0.049498163289455804,0.00033440302800917185
0.1899999999999995,2.68000000000002,-0.04997448743815165,0.00014336144392908257
0.1899999999999995,2.66000000000002,-0.05045758250230789,-0.00004988636953986991
0.1899999999999995,2.64000000000002,-0.05094759347762963,-0.0002453768334979567
0.1899999999999995,2.62000000000002,-0.05144466951214452,-0.00044314710865617224
0.1899999999999995,2.60000000000002,-0.05194896405519818,-0.0006432351116969423
0.1899999999999995,2.58000000000002,-0.05246063501255774,-0.0008456795307989484
0.1899999999999995,2.56000000000002,-0.05297984490873668,-0.0010505198429235016
0.1899999999999995,2.54000000000002,-0.053506761055806776,-0.0012577963300583472
0.1899999999999995,2.52000000000002,-0.054041555729754595,-0.0014675500963936827
0.1899999999999995,2.50000000000002,-0.05458440635534443,-0.001679823085434351
0.1899999999999995,2.48000000000002,-0.05513549569813341,-0.0018946580972555027
0.1899999999999995,2.46000000000002,-0.05569501206578336,-0.0021120988064484425
0.1899999999999995,2.44000000000002,-0.05626314951840962,-0.0023321897792973733
0.1899999999999995,2.42000000000002,-0.05684010808820454,-0.0025549764921309337
0.1899999999999995,2.40000000000002,-0.057426094009218526,-0.0027805053490186984
0.1899999999999995,2.38000000000002,-0.058021319958117316,-0.0030088236998737083
0.1899999999999995,2.36000000000002,-0.058626005305606285,-0.003239979858613684
0.1899999999999995,2.34000000000002,-0.059240376379803006,-0.003474023121089548
0.1899999999999995,2.32000000000002,-0.059864666742125316,-0.003711003783457817
0.1899999999999995,2.30000000000002,-0.06049911747619792,-0.003950973159915563
0.1899999999999995,2.28000000000002,-0.061143977490468064,-0.004193983600830772
0.1899999999999995,2.2600000000000198,-0.06179950383565787,-0.00444008851019842
0.1899999999999995,2.2400000000000198,-0.062465962037277986,-0.004689342363260268
0.1899999999999995,2.2200000000000197,-0.06314362644471123,-0.004941800723388706
0.1899999999999995,2.2000000000000197,-0.06383278059730674,-0.005197520258929486
0.1899999999999995,2.1800000000000197,-0.06453371760864995,-0.005456558759721786
0.1899999999999995,2.1600000000000197,-0.06524674057006438,-0.005718975152059574
0.1899999999999995,2.1400000000000197,-0.0659721629746374,-0.005984829514041154
0.1899999999999995,2.1200000000000196,-0.06671030916208825,-0.006254183089597895
0.1899999999999995,2.1000000000000196,-0.0674615147872582,-0.006527098301692014
0.1899999999999995,2.0800000000000196,-0.06822612731245431,-0.006803638763966606
0.1899999999999995,2.0600000000000196,-0.06900450652471822,-0.007083869291960823
0.1899999999999995,2.0400000000000196,-0.06979702508113639,-0.007367855912066457
0.1899999999999995,2.0200000000000196,-0.07060406908217917,-0.0076556658693813055
0.1899999999999995,2.0000000000000195,-0.07142603867595618,-0.007947367633385799
0.1899999999999995,1.9800000000000195,-0.07226334869439074,-0.00824303090133894
0.1899999999999995,1.9600000000000195,-0.07311642932418752,-0.008542726600180725
0.1899999999999995,1.9400000000000195,-0.07398572681389878,-0.008846526884564776
0.1899999999999995,1.9200000000000195,-0.07487170421998957,-0.009154505132514278
0.1799999999999995,5,-0.02126560882203104,0.01228834904555337
0.1799999999999995,4.98,-0.021415577522378867,0.012216335710226761
0.1799999999999995,4.960000000000001,-0.021566723404976264,0.012143809232546987
0.1799999999999995,4.940000000000001,-0.02171906038517921,0.012070764170597909
0.1799999999999995,4.920000000000002,-0.02187260259837514,0.011997195006147557
0.1799999999999995,4.900000000000002,-0.02202736440467407,0.011923096143690734
0.1799999999999995,4.880000000000003,-0.02218336039302822,0.01184846190869324
0.1799999999999995,4.860000000000003,-0.02234060538591884,0.011773286546675452
0.1799999999999995,4.840000000000003,-0.02249911444418351,0.011697564221176904
0.1799999999999995,4.820000000000004,-0.02265890287169891,0.011621289013164202
0.1799999999999995,4.800000000000004,-0.02281998622020159,0.011544454918899221
0.1799999999999995,4.780000000000005,-0.022982380294680353,0.011467055848869435
0.1799999999999995,4.760000000000005,-0.0231461011580681,0.011389085625837014
0.1799999999999995,4.7400000000000055,-0.023311165136884894,0.011310537983679335
0.1799999999999995,4.720000000000006,-0.02347758882659132,0.011231406565845217
0.1799999999999995,4.700000000000006,-0.023645389097036625,0.011151684923357191
0.1799999999999995,4.680000000000007,-0.023814583098142106,0.01107136651353978
0.1799999999999995,4.660000000000007,-0.023985188265974424,0.010990444698167623
0.1799999999999995,4.640000000000008,-0.024157222328526913,0.010908912741702387
0.1799999999999995,4.620000000000008,-0.024330703311649507,0.010826763809649781
0.1799999999999995,4.6000000000000085,-0.02450564954600143,0.010743990966802473
0.1799999999999995,4.580000000000009,-0.02468207967273261,0.010660587175419615
0.1799999999999995,4.560000000000009,-0.024860012650585926,0.010576545293021038
0.1799999999999995,4.54000000000001,-0.02503946776247045,0.010491858071106391
0.1799999999999995,4.52000000000001,-0.02522046462250841,0.010406518152491107
0.1799999999999995,4.500000000000011,-0.02540302318321641,0.010320518070088408
0.1799999999999995,4.480000000000011,-0.025587163742644237,0.010233850244117028
0.1799999999999995,4.4600000000000115,-0.025772906951901518,0.010146506980680564
0.1799999999999995,4.440000000000012,-0.025960273823209163,0.010058480469276626
0.1799999999999995,4.420000000000012,-0.02614928573748562,0.009969762780658295
0.1799999999999995,4.400000000000013,-0.026339964452364015,0.009880345864690027
0.1799999999999995,4.380000000000013,-0.026532332110950296,0.009790221548256234
0.1799999999999995,4.360000000000014,-0.026726411249909553,0.009699381532676188
0.1799999999999995,4.340000000000014,-0.026922224808566875,0.009607817391383965
0.1799999999999995,4.3200000000000145,-0.027119796137955197,0.009515520567744518
0.1799999999999995,4.300000000000015,-0.027319149009794767,0.009422482372338128
0.1799999999999995,4.280000000000015,-0.02752030762625355,0.009328693980705599
0.1799999999999995,4.260000000000016,-0.02772329662958508,0.009234146430373992
0.1799999999999995,4.240000000000016,-0.02792814111235721,0.009138830618745916
0.1799999999999995,4.220000000000017,-0.02813486662755911,0.009042737300092044
0.1799999999999995,4.200000000000017,-0.028343499199239668,0.008945857082668346
0.1799999999999995,4.1800000000000175,-0.02855406533360179,0.008848180426396499
0.1799999999999995,4.160000000000018,-0.028766592029828106,0.008749697639470217
0.1799999999999995,4.140000000000018,-0.028981106792206827,0.008650398875801255
0.1799999999999995,4.120000000000019,-0.02919763764117521,0.008550274131844941
0.1799999999999995,4.100000000000019,-0.029416213126100824,0.008449313243475032
0.1799999999999995,4.08000000000002,-0.029636862337615113,0.008347505883147074
0.1799999999999995,4.06000000000002,-0.02985961492049456,0.008244841556312471
0.1799999999999995,4.0400000000000205,-0.030084501086666278,0.008141309598343846
0.1799999999999995,4.020000000000021,-0.030311551629388853,0.008036899171301959
0.1799999999999995,4.000000000000021,-0.030540797936628575,0.007931599260129568
0.1799999999999995,3.9800000000000213,-0.030772272005995683,0.007825398669572652
0.1799999999999995,3.9600000000000213,-0.03100600645915919,0.007718286020291509
0.1799999999999995,3.9400000000000213,-0.0312420345576834,0.007610249745472504
0.1799999999999995,3.9200000000000212,-0.031480390218000504,0.007501278086720298
0.1799999999999995,3.9000000000000212,-0.03172110802838756,0.007391359090449412
0.1799999999999995,3.880000000000021,-0.03196422326506557,0.007280480604103801
0.1799999999999995,3.860000000000021,-0.032209771909790345,0.007168630271644966
0.1799999999999995,3.840000000000021,-0.0324577906671538,0.007055795530105047
0.1799999999999995,3.820000000000021,-0.03270831698312786,0.0069419636047597065
0.1799999999999995,3.800000000000021,-0.03296138906383681,0.006827121505424947
0.1799999999999995,3.780000000000021,-0.033217045894535835,0.006711256021337028
0.1799999999999995,3.760000000000021,-0.033475327260103896,0.006594353717478671
0.1799999999999995,3.740000000000021,-0.0337362737651599,0.006476400929285281
0.1799999999999995,3.720000000000021,-0.03399992685560459,0.006357383758327659
0.1799999999999995,3.700000000000021,-0.03426632884008684,0.006237288067383731
0.1799999999999995,3.680000000000021,-0.034535522912921814,0.006116099475457354
0.1799999999999995,3.660000000000021,-0.034807553177215886,0.005993803352743937
0.1799999999999995,3.640000000000021,-0.03508246466878263,0.005870384815605645
0.1799999999999995,3.620000000000021,-0.03536030338088089,0.005745828721142696
0.1799999999999995,3.600000000000021,-0.03564111628992671,0.005620119661691014
0.1799999999999995,3.580000000000021,-0.03592495138173147,0.005493241959695236
0.1799999999999995,3.560000000000021,-0.03621185767851728,0.005365179661471098
0.1799999999999995,3.540000000000021,-0.036501885267484116,0.005235916531849891
0.1799999999999995,3.520000000000021,-0.03679508532941832,0.005105436048206607
0.1799999999999995,3.500000000000021,-0.037091510168774156,0.00497372139412177
0.1799999999999995,3.480000000000021,-0.03739121324465821,0.004840755453367707
0.1799999999999995,3.460000000000021,-0.03769424920270539,0.004706520803704331
0.1799999999999995,3.440000000000021,-0.038000673908309676,0.004570999709902844
0.1799999999999995,3.420000000000021,-0.03831054448051836,0.004434174117660339
0.1799999999999995,3.400000000000021,-0.038623919327546156,0.004296025646367274
0.1799999999999995,3.3800000000000208,-0.03894085818315467,0.004156535582283308
0.1799999999999995,3.3600000000000207,-0.03926142214437213,0.00401568487144021
0.1799999999999995,3.3400000000000207,-0.03958567371058827,0.0038734541124003374
0.1799999999999995,3.3200000000000207,-0.03991367682397258,0.003729823548573666
0.1799999999999995,3.3000000000000207,-0.04024549691103019,0.0035847730606105577
0.1799999999999995,3.2800000000000207,-0.04058120092607079,0.0034382821589376833
0.1799999999999995,3.2600000000000207,-0.04092085739578416,0.0032903299753174117
0.1799999999999995,3.2400000000000206,-0.04126453646579749,0.003140895254953563
0.1799999999999995,3.2200000000000206,-0.04161230994824171,0.0029899563478988176
0.1799999999999995,3.2000000000000206,-0.041964251371724735,0.0028374912007175512
0.1799999999999995,3.1800000000000206,-0.04232043603268107,0.0026834773475315765
0.1799999999999995,3.1600000000000206,-0.04268094104875121,0.002527891901340562
0.1799999999999995,3.1400000000000206,-0.043045845413891635,0.0023707115445537885
0.1799999999999995,3.1200000000000205,-0.043415230055663286,0.002211912519719167
0.1799999999999995,3.1000000000000205,-0.04378917789469816,0.002051470620145629
0.1799999999999995,3.0800000000000205,-0.04416777390598087,0.0018893611799333347
0.1799999999999995,3.0600000000000205,-0.04455110518324698,0.0017255590638767387
0.1799999999999995,3.0400000000000205,-0.04493926100429395,0.0015600386576437725
0.1799999999999995,3.0200000000000204,-0.045332332900451244,0.001392773856787946
0.1799999999999995,3.0000000000000204,-0.045730414727738,0.001223738056499321
0.1799999999999995,2.9800000000000204,-0.04613360274049931,0.0010529041407492511
0.1799999999999995,2.9600000000000204,-0.0465419956687468,0.0008802444707147264
0.1799999999999995,2.9400000000000204,-0.04695569479763825,0.0007057308738083051
0.1799999999999995,2.9200000000000204,-0.04737480405034514,0.0005293346319724685
0.1799999999999995,2.9000000000000203,-0.04779943007459085,0.0003510264699936247
0.1799999999999995,2.8800000000000203,-0.04822968233174065,0.00017077654305966417
0.1799999999999995,2.8600000000000203,-0.04866567318988153,-0.00001144557515721234
0.1799999999999995,2.8400000000000203,-0.049107518020844884,-0.00019567090535523024
0.1799999999999995,2.8200000000000203,-0.04955533530075004,-0.0003819310750094382
0.1799999999999995,2.8000000000000203,-0.050009246714271205,-0.000570258331812179
0.1799999999999995,2.7800000000000202,-0.0504693772640812,-0.0007606855567212217
0.1799999999999995,2.76000000000002,-0.05093585538398887,-0.0009532462775726919
0.1799999999999995,2.74000000000002,-0.051408813056845394,-0.0011479746824851478
0.1799999999999995,2.72000000000002,-0.05188838593741696,-0.0013449056344299604
0.1799999999999995,2.70000000000002,-0.052374713480465684,-0.001544074684826785
0.1799999999999995,2.68000000000002,-0.05286793907424412,-0.001745518088431569
0.1799999999999995,2.66000000000002,-0.0533682101789469,-0.001949272817456521
0.1799999999999995,2.64000000000002,-0.053875678472151606,-0.0021553765770560007
0.1799999999999995,2.62000000000002,-0.054390499999359174,-0.0023638678197634017
0.1799999999999995,2.60000000000002,-0.0549128353318816,-0.002574785761143006
0.1799999999999995,2.58000000000002,-0.05544284973108176,-0.0027881703948118876
0.1799999999999995,2.56000000000002,-0.0559807133195263,-0.0030040625084014616
0.1799999999999995,2.54000000000002,-0.05652660126075153,-0.003222503698958386
0.1799999999999995,2.52000000000002,-0.05708069394551844,-0.0034435363889507853
0.1799999999999995,2.50000000000002,-0.057643177187378616,-0.0036672038419960362
0.1799999999999995,2.48000000000002,-0.0582142424267898,-0.0038935501793053023
0.1799999999999995,2.46000000000002,-0.05879408694388982,-0.004122620395230009
0.1799999999999995,2.44000000000002,-0.059382914081987544,-0.004354460373735047
0.1799999999999995,2.42000000000002,-0.059980933480171264,-0.00458911690430297
0.1799999999999995,2.40000000000002,-0.06058836131729595,-0.004826637698141789
0.1799999999999995,2.38000000000002,-0.061205420567285104,-0.005067071404127363
0.1799999999999995,2.36000000000002,-0.06183234126596637,-0.005310467624286219
0.1799999999999995,2.34000000000002,-0.062469360790887406,-0.005556876930013804
0.1799999999999995,2.32000000000002,-0.06311672415421721,-0.0058063508770681855
0.1799999999999995,2.30000000000002,-0.06377468430947242,-0.00605894202075348
0.1799999999999995,2.28000000000002,-0.06444350247355815,-0.006314703930707681
0.1799999999999995,2.2600000000000198,-0.06512344846355657,-0.006573691205154331
0.1799999999999995,2.2400000000000198,-0.06581480105090387,-0.006835959484373738
0.1799999999999995,2.2200000000000197,-0.06651784833230208,-0.0071015654643390505
0.1799999999999995,2.2000000000000197,-0.06723288811924011,-0.007370566908503656
0.1799999999999995,2.1800000000000197,-0.06796022834713225,-0.00764302265948259
0.1799999999999995,2.1600000000000197,-0.06870018750482379,-0.007918992649761643
0.1799999999999995,2.1400000000000197,-0.06945309508571922,-0.008198537910648479
0.1799999999999995,2.1200000000000196,-0.07021929206270944,-0.00848172058075658
0.1799999999999995,2.1000000000000196,-0.0709991313863573,-0.008768603912524625
0.1799999999999995,2.0800000000000196,-0.0717929785101627,-0.009059252276903615
0.1799999999999995,2.0600000000000196,-0.07260121194223369,-0.009353731167006225
0.1799999999999995,2.0400000000000196,-0.07342422382679775,-0.009652107198928422
0.1799999999999995,2.0200000000000196,-0.07426242055611208,-0.009954448110418922
0.1799999999999995,2.0000000000000195,-0.07511622341522312,-0.010260822757262783
0.1799999999999995,1.9800000000000195,-0.07598606926171028,-0.010571301106356651
0.1799999999999995,1.9600000000000195,-0.07687241124181496,-0.010885954225720945
0.1799999999999995,1.9400000000000195,-0.07777571954647097,-0.011204854271067266
0.1799999999999995,1.9200000000000195,-0.07869648220867091,-0.011528074468182936
0.16999999999999948,5,-0.023262912346088294,0.010790036279788681
0.16999999999999948,4.98,-0.023417728250793014,0.010713620867519619
0.16999999999999948,4.960000000000001,-0.02357376252221688,0.010636661929610328
0.16999999999999948,4.940000000000001,-0.023731029602700644,0.010559153716569791
0.16999999999999948,4.920000000000002,-0.02388954416373329,0.010481090398605647
0.16999999999999948,4.900000000000002,-0.024049321110765888,0.01040246606446682
0.16999999999999948,4.880000000000003,-0.024210375587230343,0.010323274719958052
0.16999999999999948,4.860000000000003,-0.02437272298005889,0.010243510286309238
0.16999999999999948,4.840000000000003,-0.024536378924187703,0.010163166599086997
0.16999999999999948,4.820000000000004,-0.02470135930747814,0.010082237406403308
0.16999999999999948,4.800000000000004,-0.024867680276303542,0.010000716367711139
0.16999999999999948,4.780000000000005,-0.025035358240513957,0.009918597051770471
0.16999999999999948,4.760000000000005,-0.025204409878466016,0.009835872935380519
0.16999999999999948,4.7400000000000055,-0.025374852143402096,0.009752537401900865
0.16999999999999948,4.720000000000006,-0.0255467022685513,0.009668583739308165
0.16999999999999948,4.700000000000006,-0.025719977772813277,0.009584005138522048
0.16999999999999948,4.680000000000007,-0.025894696467168524,0.009498794691985113
0.16999999999999948,4.660000000000007,-0.026070876460493685,0.009412945391544345
0.16999999999999948,4.640000000000008,-0.026248536165787918,0.00932645012691688
0.16999999999999948,4.620000000000008,-0.02642769430686688,0.009239301683666407
0.16999999999999948,4.6000000000000085,-0.026608369924459162,0.009151492741657302
0.16999999999999948,4.580000000000009,-0.026790582383436286,0.009063015872653644
0.16999999999999948,4.560000000000009,-0.02697435137944464,0.008973863538817378
0.16999999999999948,4.54000000000001,-0.02715969694606584,0.008884028090554781
0.16999999999999948,4.52000000000001,-0.02734663946212627,0.00879350176447008
0.16999999999999948,4.500000000000011,-0.027535199659059963,0.008702276681053597
0.16999999999999948,4.480000000000011,-0.02772539862873367,0.008610344843239748
0.16999999999999948,4.4600000000000115,-0.02791725783113319,0.008517698133535423
0.16999999999999948,4.440000000000012,-0.0281107991025932,0.008424328312315682
0.16999999999999948,4.420000000000012,-0.02830604466393446,0.008330227015000705
0.16999999999999948,4.400000000000013,-0.028503017128991157,0.008235385750544333
0.16999999999999948,4.380000000000013,-0.02870173951334106,0.008139795898303909
0.16999999999999948,4.360000000000014,-0.02890223524350006,0.00804344870628429
0.16999999999999948,4.340000000000014,-0.029104528165583753,0.007946335288012946
0.16999999999999948,4.3200000000000145,-0.029308642555276484,0.007848446620653343
0.16999999999999948,4.300000000000015,-0.029514603127255252,0.007749773542161487
0.16999999999999948,4.280000000000015,-0.029722435045183897,0.007650306748594245
0.16999999999999948,4.260000000000016,-0.029932163932086715,0.0075500367916984355
0.16999999999999948,4.240000000000016,-0.030143815880742317,0.007448954075848349
0.16999999999999948,4.220000000000017,-0.03035741746439264,0.0073470488554779195
0.16999999999999948,4.200000000000017,-0.030572995748251855,0.007244311232216638
0.16999999999999948,4.1800000000000175,-0.030790578300271175,0.007140731151846713
0.16999999999999948,4.160000000000018,-0.031010193203647222,0.007036298401412136
0.16999999999999948,4.140000000000018,-0.03123186906834384,0.006931002606253817
0.16999999999999948,4.120000000000019,-0.031455635043414684,0.006824833226695193
0.16999999999999948,4.100000000000019,-0.031681520830387645,0.006717779555056536
0.16999999999999948,4.08000000000002,-0.031909556695681435,0.006609830712285894
0.16999999999999948,4.06000000000002,-0.03213977348457461,0.006500975644573567
0.16999999999999948,4.0400000000000205,-0.03237220263493016,0.006391203120254374
0.16999999999999948,4.020000000000021,-0.03260687619141481,0.00628050172588257
0.16999999999999948,4.000000000000021,-0.03284382682030228,0.006168859863074458
0.16999999999999948,3.9800000000000213,-0.03308308782464345,0.006056265744778369
0.16999999999999948,3.9600000000000213,-0.03332469315963081,0.005942707391316943
0.16999999999999948,3.9400000000000213,-0.03356867744886557,0.005828172626875046
0.16999999999999948,3.9200000000000212,-0.03381507600062875,0.00571264907563019
0.16999999999999948,3.9000000000000212,-0.03406392482527534,0.005596124157601301
0.16999999999999948,3.880000000000021,-0.034315260652202,0.005478585084610993
0.16999999999999948,3.860000000000021,-0.03456912094831918,0.005360018856298207
0.16999999999999948,3.840000000000021,-0.03482554393645204,0.005240412255783783
0.16999999999999948,3.820000000000021,-0.03508456861438447,0.005119751845239981
0.16999999999999948,3.800000000000021,-0.03534623477478199,0.004998023961545788
0.16999999999999948,3.780000000000021,-0.03561058302537635,0.0048752147119298025
0.16999999999999948,3.760000000000021,-0.03587765481006831,0.00475130996900755
0.16999999999999948,3.740000000000021,-0.03614749243032279,0.004626295366118582
0.16999999999999948,3.720000000000021,-0.036420139067520944,0.004500156292720672
0.16999999999999948,3.700000000000021,-0.03669563880607618,0.00437287788907148
0.16999999999999948,3.680000000000021,-0.036974036656846794,0.004244445041476141
0.16999999999999948,3.660000000000021,-0.03725537858181001,0.004114842376856137
0.16999999999999948,3.640000000000021,-0.0375397115193402,0.00398405425765444
0.16999999999999948,3.620000000000021,-0.037827083409865375,0.0038520647760842686
0.16999999999999948,3.600000000000021,-0.03811754322301422,0.003718857749014093
0.16999999999999948,3.580000000000021,-0.03841114098531166,0.0035844167119353926
0.16999999999999948,3.560000000000021,-0.03870792780871412,0.0034487249134185875
0.16999999999999948,3.540000000000021,-0.03900795592027419,0.003311765308847185
0.16999999999999948,3.520000000000021,-0.0393112786925972,0.0031735205548042295
0.16999999999999948,3.500000000000021,-0.03961795067520565,0.003033973002355944
0.16999999999999948,3.480000000000021,-0.039928027627463086,0.002893104691095716
0.16999999999999948,3.460000000000021,-0.04024156655204059,0.0027508973424893307
0.16999999999999948,3.440000000000021,-0.0405586257295062,0.002607332353295848
0.16999999999999948,3.420000000000021,-0.04087926475475486,0.002462390788725788
0.16999999999999948,3.400000000000021,-0.041203544573653966,0.0023160533754026102
0.16999999999999948,3.3800000000000208,-0.041531527521896656,0.002168300494578515
0.16999999999999948,3.3600000000000207,-0.041863277364552975,0.0020191121744773943
0.16999999999999948,3.3400000000000207,-0.04219885933733212,0.0018684680832815603
0.16999999999999948,3.3200000000000207,-0.042538340188866194,0.0017163475212470386
0.16999999999999948,3.3000000000000207,-0.042881788225038506,0.0015627294130538469
0.16999999999999948,3.2800000000000207,-0.043229273354352685,0.0014075922999803106
0.16999999999999948,3.2600000000000207,-0.0435808671352719,0.0012509143315852372
0.16999999999999948,3.2400000000000206,-0.04393664282495218,0.0010926732576704568
0.16999999999999948,3.2200000000000206,-0.04429667542983867,0.0009328464197441225
0.16999999999999948,3.2000000000000206,-0.04466104175800745,0.0007714107423358024
0.16999999999999948,3.1800000000000206,-0.045029820473853024,0.0006083427242747075
0.16999999999999948,3.1600000000000206,-0.04540309215372838,0.0004436184295161516
0.16999999999999948,3.1400000000000206,-0.04578093934457832,0.000277213478095395
0.16999999999999948,3.1200000000000205,-0.04616344662450852,0.00010910303670630742
0.16999999999999948,3.1000000000000205,-0.04655070066523449,-0.00006073819088607546
0.16999999999999948,3.0800000000000205,-0.04694279029715921,-0.0002323359737762265
0.16999999999999948,3.0600000000000205,-0.04733980657692896,-0.0004057165636114357
0.16999999999999948,3.0400000000000205,-0.04774184285720814,-0.0005809067050330241
0.16999999999999948,3.0200000000000204,-0.04814899485942387,-0.0007579336460346725
0.16999999999999948,3.0000000000000204,-0.04856136074899181,-0.000936825148608475
0.16999999999999948,2.9800000000000204,-0.04897904121393041,-0.0011176094991929147
0.16999999999999948,2.9600000000000204,-0.049402139545470194,-0.0013003155202099825
0.16999999999999948,2.9400000000000204,-0.04983076172329616,-0.001484972580973895
0.16999999999999948,2.9200000000000204,-0.05026501650264663,-0.0016716106091064498
0.16999999999999948,2.9000000000000203,-0.05070501550554281,-0.0018602601023911271
0.16999999999999948,2.8800000000000203,-0.05115087331592631,-0.002050952140318432
0.16999999999999948,2.8600000000000203,-0.0516027075777903,-0.002243718396392924
0.16999999999999948,2.8400000000000203,-0.05206063909768612,-0.0024385911502833035
0.16999999999999948,2.8200000000000203,-0.05252479195131049,-0.002635603300180256
0.16999999999999948,2.8000000000000203,-0.0529952935946345,-0.0028347883757514417
0.16999999999999948,2.7800000000000202,-0.05347227497902611,-0.0030361805502572836
0.16999999999999948,2.76000000000002,-0.053955870671288375,-0.0032398146547091278
0.16999999999999948,2.74000000000002,-0.05444621897935998,-0.0034457261898397373
0.16999999999999948,2.72000000000002,-0.05494346208194517,-0.003653951340370082
0.16999999999999948,2.70000000000002,-0.05544774616466561,-0.00386452698823557
0.16999999999999948,2.68000000000002,-0.055959221561327786,-0.004077490726115157
0.16999999999999948,2.66000000000002,-0.0564780429016256,-0.004292880871456732
0.16999999999999948,2.64000000000002,-0.05700436926465743,-0.004510736480354008
0.16999999999999948,2.62000000000002,-0.057538364339582426,-0.0047310973616991325
0.16999999999999948,2.60000000000002,-0.058080196592576634,-0.004954004091107855
0.16999999999999948,2.58000000000002,-0.05863003944192054,-0.005179498025508829
0.16999999999999948,2.56000000000002,-0.059188071439778174,-0.005407621317022798
0.16999999999999948,2.54000000000002,-0.059754476462765264,-0.005638416927664758
0.16999999999999948,2.52000000000002,-0.06032944391091356,-0.005871928643223966
0.16999999999999948,2.50000000000002,-0.06091316891474243,-0.006108201087989845
0.16999999999999948,2.48000000000002,-0.061505852553172306,-0.006347279738695061
0.16999999999999948,2.46000000000002,-0.06210770207956924,-0.006589210938574237
0.16999999999999948,2.44000000000002,-0.06271893115971779,-0.0068340419116057205
0.16999999999999948,2.42000000000002,-0.06333976011962651,-0.007081820776113454
0.16999999999999948,2.40000000000002,-0.06397041620536681,-0.007332596558243004
0.16999999999999948,2.38000000000002,-0.06461113385512166,-0.007586419205248024
0.16999999999999948,2.36000000000002,-0.06526215498353953,-0.007843339598410382
0.16999999999999948,2.34000000000002,-0.06592372928014367,-0.008103409565506758
0.16999999999999948,2.32000000000002,-0.06659611452150757,-0.008366681892663125
0.16999999999999948,2.30000000000002,-0.06727957689917025,-0.008633210335568103
0.16999999999999948,2.28000000000002,-0.06797439136229064,-0.008903049630324011
0.16999999999999948,2.2600000000000198,-0.06868084197815724,-0.00917625550327339
0.16999999999999948,2.2400000000000198,-0.06939922230982479,-0.009452884679882527
0.16999999999999948,2.2200000000000197,-0.07012983581253443,-0.009732994892577645
0.16999999999999948,2.2000000000000197,-0.07087299625011106,-0.010016644887797715
0.16999999999999948,2.1800000000000197,-0.07162902813220265,-0.010303894431093502
0.16999999999999948,2.1600000000000197,-0.0723982671734254,-0.010594804311469502
0.16999999999999948,2.1400000000000197,-0.07318106077668697,-0.010889436343355069
0.16999999999999948,2.1200000000000196,-0.07397776854022906,-0.011187853367425005
0.16999999999999948,2.1000000000000196,-0.07478876279225294,-0.011490119248641628
0.16999999999999948,2.0800000000000196,-0.07561442915244676,-0.01179629887287054
0.16999999999999948,2.0600000000000196,-0.07645516712359372,-0.0121064581397103
0.16999999999999948,2.0400000000000196,-0.07731139071454518,-0.012420663953895295
0.16999999999999948,2.0200000000000196,-0.07818352909627224,-0.012738984212327782
0.16999999999999948,2.0000000000000195,-0.07907202729347076,-0.013061487788522015
0.16999999999999948,1.9800000000000195,-0.0799773469137911,-0.013388244512491362
0.16999999999999948,1.9600000000000195,-0.08089996691672366,-0.013719325146551498
0.16999999999999948,1.9400000000000195,-0.0818403844249939,-0.014054801356831112
0.16999999999999948,1.9200000000000195,-0.0827991155813862,-0.014394745678802126
0.15999999999999948,5,-0.02539439907161603,0.008860831468181618
0.15999999999999948,4.98,-0.02555439128079303,0.008779511104643728
0.15999999999999948,4.960000000000001,-0.025715646190203396,0.008697613393206696
0.15999999999999948,4.940000000000001,-0.025878178814057094,0.008615132242514804
0.15999999999999948,4.920000000000002,-0.02604200440560823,0.008532061476831249
0.15999999999999948,4.900000000000002,-0.026207138462015438,0.008448394834232598
0.15999999999999948,4.880000000000003,-0.026373596728934922,0.00836412596547055
0.15999999999999948,4.860000000000003,-0.02654139520588543,0.008279248431890707
0.15999999999999948,4.840000000000003,-0.026710550151048056,0.008193755704443723
0.15999999999999948,4.820000000000004,-0.02688107808697804,0.008107641162189178
0.15999999999999948,4.800000000000004,-0.02705299580527877,0.008020898089990375
0.15999999999999948,4.780000000000005,-0.027226320372844205,0.007933519677759425
0.15999999999999948,4.760000000000005,-0.027401069137196563,0.007845499018115404
0.15999999999999948,4.7400000000000055,-0.027577259732066668,0.007756829105102364
0.15999999999999948,4.720000000000006,-0.027754910083770276,0.007667502832376355
0.15999999999999948,4.700000000000006,-0.027934038417023535,0.00757751299112891
0.15999999999999948,4.680000000000007,-0.028114663261008255,0.007486852268805468
0.15999999999999948,4.660000000000007,-0.028296803456202384,0.007395513246903546
0.15999999999999948,4.640000000000008,-0.028480478160620715,0.007303488399129893
0.15999999999999948,4.620000000000008,-0.028665706856570328,0.007210770089596724
0.15999999999999948,4.6000000000000085,-0.028852509357800815,0.007117350571070033
0.15999999999999948,4.580000000000009,-0.029040905816066435,0.007023221982259201
0.15999999999999948,4.560000000000009,-0.0292309167288882,0.006928376346541906
0.15999999999999948,4.54000000000001,-0.029422562946690944,0.006832805569637446
0.15999999999999948,4.52000000000001,-0.029615865680527036,0.0067365014373422785
0.15999999999999948,4.500000000000011,-0.02981084650982426,0.006639455613397766
0.15999999999999948,4.480000000000011,-0.030007527390569323,0.006541659637535807
0.15999999999999948,4.4600000000000115,-0.030205930663518246,0.006443104922861209
0.15999999999999948,4.440000000000012,-0.030406079062506433,0.006343782753792077
0.15999999999999948,4.420000000000012,-0.0306079957231924,0.006243684283606159
0.15999999999999948,4.400000000000013,-0.030811704192149004,0.006142800532110776
0.15999999999999948,4.380000000000013,-0.031017228435768995,0.006041122383018377
0.15999999999999948,4.360000000000014,-0.03122459284992791,0.005938640581801963
0.15999999999999948,4.340000000000014,-0.03143382226927772,0.005835345732519856
0.15999999999999948,4.3200000000000145,-0.031644941977484145,0.005731228295862367
0.15999999999999948,4.300000000000015,-0.0318579777173212,0.005626278586256306
0.15999999999999948,4.280000000000015,-0.032072955701067496,0.0055204867687118075
0.15999999999999948,4.260000000000016,-0.032289902621347635,0.005413842856666629
0.15999999999999948,4.240000000000016,-0.03250884566205639,0.00530633670894104
0.15999999999999948,4.220000000000017,-0.032729812509868866,0.005197958026579241
0.15999999999999948,4.200000000000017,-0.032952831365703955,0.005088696349976588
0.15999999999999948,4.1800000000000175,-0.03317793095700079,0.004978541056265884
0.15999999999999948,4.160000000000018,-0.033405140549673216,0.004867481355583882
0.15999999999999948,4.140000000000018,-0.03363448996129422,0.004755506288381048
0.15999999999999948,4.120000000000019,-0.033866009573545214,0.004642604721882909
0.15999999999999948,4.100000000000019,-0.0340997303461903,0.004528765346949862
0.15999999999999948,4.08000000000002,-0.03433568383035327,0.004413976674679715
0.15999999999999948,4.06000000000002,-0.034573902183146,0.004298227032970489
0.15999999999999948,4.0400000000000205,-0.034814418181964575,0.004181504562766385
0.15999999999999948,4.020000000000021,-0.035057265239782205,0.00406379721497914
0.15999999999999948,4.000000000000021,-0.035302477420277464,0.003945092746169054
0.15999999999999948,3.9800000000000213,-0.03555008945392935,0.003825378715150138
0.15999999999999948,3.9600000000000213,-0.03580013675461778,0.003704642479265688
0.15999999999999948,3.9400000000000213,-0.036052655436075706,0.003582871189980394
0.15999999999999948,3.9200000000000212,-0.03630768232955052,0.003460051789425711
0.15999999999999948,3.9000000000000212,-0.03656525500161896,0.0033361710059316985
0.15999999999999948,3.880000000000021,-0.036825411772482164,0.003211215349715371
0.15999999999999948,3.860000000000021,-0.037088191735141184,0.0030851711092047575
0.15999999999999948,3.840000000000021,-0.03735363477495614,0.0029580243459891437
0.15999999999999948,3.820000000000021,-0.037621781589707706,0.0028297608905907268
0.15999999999999948,3.800000000000021,-0.037892673710151,0.002700366338029836
0.15999999999999948,3.780000000000021,-0.03816635352187326,0.002569826042874729
0.15999999999999948,3.760000000000021,-0.03844286428739818,0.002438125114940959
0.15999999999999948,3.740000000000021,-0.03872225016811749,0.0023052484136201618
0.15999999999999948,3.720000000000021,-0.0390045562487617,0.0021711805436353954
0.15999999999999948,3.700000000000021,-0.039289828561230124,0.0020359058495523705
0.15999999999999948,3.680000000000021,-0.03957811410927913,0.0018994084106944281
0.15999999999999948,3.660000000000021,-0.03986946089475935,0.0017616720356335158
0.15999999999999948,3.640000000000021,-0.04016391794398499,0.0016226802571243093
0.15999999999999948,3.620000000000021,-0.040461535335050994,0.0014824163260311954
0.15999999999999948,3.600000000000021,-0.04076236422640089,0.0013408632059941916
0.15999999999999948,3.580000000000021,-0.04106645688604732,0.0011980035676202897
0.15999999999999948,3.560000000000021,-0.04137386672152173,0.0010538197822087814
0.15999999999999948,3.540000000000021,-0.04168464831140796,0.0009082939161034059
0.15999999999999948,3.520000000000021,-0.041998857437289705,0.0007614077240948383
0.15999999999999948,3.500000000000021,-0.042316551117228485,0.0006131426436090937
0.15999999999999948,3.480000000000021,-0.04263778764006962,0.0004634797875282537
0.15999999999999948,3.460000000000021,-0.04296262660087699,0.00031239993800376287
0.15999999999999948,3.440000000000021,-0.04329112893796005,0.0001598835397823295
0.15999999999999948,3.420000000000021,-0.04362335697073819,5.9106930710567385e-6
0.15999999999999948,3.400000000000021,-0.04395937443871066,-0.00014953885345652188
0.15999999999999948,3.3800000000000208,-0.044299246542642015,-0.0003064857098351026
0.15999999999999948,3.3600000000000207,-0.04464303998619666,-0.0004649508522272805
0.15999999999999948,3.3400000000000207,-0.04499082301954752,-0.000624955630396308
0.15999999999999948,3.3200000000000207,-0.045342665484290265,-0.0007865217752959508
0.15999999999999948,3.3000000000000207,-0.04569863886025191,-0.0009496714070894308
0.15999999999999948,3.2800000000000207,-0.04605881631329801,-0.0011144270429551267
0.15999999999999948,3.2600000000000207,-0.046423272745758734,-0.0012808116053351776
0.15999999999999948,3.2400000000000206,-0.04679208484768748,-0.0014488484303084859
0.15999999999999948,3.2200000000000206,-0.047165331150559806,-0.0016185612760532264
0.15999999999999948,3.2000000000000206,-0.04754309208282109,-0.001789974331453184
0.15999999999999948,3.1800000000000206,-0.047925450027441086,-0.001963112225015138
0.15999999999999948,3.1600000000000206,-0.04831248938123603,-0.0021380000337748936
0.15999999999999948,3.1400000000000206,-0.04870429661694689,-0.0023146632927636412
0.15999999999999948,3.1200000000000205,-0.049100960347075874,-0.002493128003893008
0.15999999999999948,3.1000000000000205,-0.04950257139047293,-0.0026734206461804105
0.15999999999999948,3.0800000000000205,-0.04990922284116282,-0.002855568184689808
0.15999999999999948,3.0600000000000205,-0.050321010139854454,-0.003039598081103656
0.15999999999999948,3.0400000000000205,-0.05073803114809779,-0.0032255383035562912
0.15999999999999948,3.0200000000000204,-0.0511603862256233,-0.003413417336650751
0.15999999999999948,3.0000000000000204,-0.0515881783099578,-0.003603264192302308
0.15999999999999948,2.9800000000000204,-0.05202151299948153,-0.0037951084202382315
0.15999999999999948,2.9600000000000204,-0.05246049864014125,-0.003988980118582508
0.15999999999999948,2.9400000000000204,-0.052905246414534,-0.004184909945235127
0.15999999999999948,2.9200000000000204,-0.05335587043561503,-0.0043829291284211425
0.15999999999999948,2.9000000000000203,-0.05381248784299091,-0.0045830694786625215
0.15999999999999948,2.8800000000000203,-0.05427521890401597,-0.004785363399845685
0.15999999999999948,2.8600000000000203,-0.054744187118328305,-0.004989843900853372
0.15999999999999948,2.8400000000000203,-0.05521951932704897,-0.005196544607502768
0.15999999999999948,2.8200000000000203,-0.055701345825483556,-0.005405499774590872
0.15999999999999948,2.8000000000000203,-0.05618980048178723,-0.005616744297344073
0.15999999999999948,2.7800000000000202,-0.05668502085948069,-0.005830313724529176
0.15999999999999948,2.76000000000002,-0.05718714834528297,-0.006046244269989731
0.15999999999999948,2.74000000000002,-0.05769632828236809,-0.006264572825423698
0.15999999999999948,2.72000000000002,-0.05821271010911279,-0.006485336973010597
0.15999999999999948,2.70000000000002,-0.05873644750371565,-0.00670857499774935
0.15999999999999948,2.68000000000002,-0.05926769853497696,-0.006934325899987935
0.15999999999999948,2.66000000000002,-0.05980662581954392,-0.007162629408739761
0.15999999999999948,2.64000000000002,-0.06035339668565472,-0.007393525993893313
0.15999999999999948,2.62000000000002,-0.06090818334440197,-0.007627056878887269
0.15999999999999948,2.60000000000002,-0.06147116306809494,-0.007863264053833592
0.15999999999999948,2.58000000000002,-0.06204251837657858,-0.008102190287860286
0.15999999999999948,2.56000000000002,-0.06262243723198786,-0.008343879141619368
0.15999999999999948,2.54000000000002,-0.06321111324165944,-0.00858837497991738
0.15999999999999948,2.52000000000002,-0.06380874587074521,-0.008835722984032734
0.15999999999999948,2.50000000000002,-0.06441554066400988,-0.00908596916330695
0.15999999999999948,2.48000000000002,-0.06503170947754003,-0.009339160367720504
0.15999999999999948,2.46000000000002,-0.06565747072199818,-0.009595344298714018
0.15999999999999948,2.44000000000002,-0.06629304961574575,-0.009854569520886064
0.15999999999999948,2.42000000000002,-0.06693867845061245,-0.010116885472127857
0.15999999999999948,2.40000000000002,-0.06759459687008618,-0.010382342474556189
0.15999999999999948,2.38000000000002,-0.06826105216019282,-0.01065099174365556
0.15999999999999948,2.36000000000002,-0.06893829955422096,-0.010922885397583987
0.15999999999999948,2.34000000000002,-0.06962660255253328,-0.011198076464978605
0.15999999999999948,2.32000000000002,-0.07032623325685125,-0.011476618893198398
0.15999999999999948,2.30000000000002,-0.07103747272197086,-0.01175856755389891
0.15999999999999948,2.28000000000002,-0.07176061132336156,-0.012043978248944001
0.15999999999999948,2.2600000000000198,-0.07249594914352045,-0.012332907714537565
0.15999999999999948,2.2400000000000198,-0.07324379637794078,-0.012625413623739132
0.15999999999999948,2.2200000000000197,-0.07400447376023639,-0.0129215545881112
0.15999999999999948,2.2000000000000197,-0.07477831300936537,-0.013221390157188928
0.15999999999999948,2.1800000000000197,-0.07556565729977777,-0.013524980816032539
0.15999999999999948,2.1600000000000197,-0.07636686175488551,-0.013832387981062955
0.15999999999999948,2.1400000000000197,-0.07718229396628144,-0.014143673993426531
0.15999999999999948,2.1200000000000196,-0.0780123345399377,-0.014458902109542177
0.15999999999999948,2.1000000000000196,-0.07885737767102094,-0.014778136489158598
0.15999999999999948,2.0800000000000196,-0.07971783174866523,-0.015101442180038255
0.15999999999999948,2.0600000000000196,-0.08059411999307695,-0.015428885099418851
0.15999999999999948,2.0400000000000196,-0.08148668112670276,-0.015760532011273615
0.15999999999999948,2.0200000000000196,-0.08239597008165139,-0.016096450500023424
0.15999999999999948,2.0000000000000195,-0.08332245874534006,-0.01643670893843037
0.15999999999999948,1.9800000000000195,-0.08426663674701397,-0.01678137645212377
0.15999999999999948,1.9600000000000195,-0.08522901228780333,-0.017130522876754622
0.15999999999999948,1.9400000000000195,-0.08621011301701662,-0.017484218710331165
0.15999999999999948,1.9200000000000195,-0.08721048695699478,-0.017842535057987382
0.14999999999999947,5,-0.027671739364990545,0.006413498503670513
0.14999999999999947,4.98,-0.027837271303696717,0.006326702648885046
0.14999999999999947,4.960000000000001,-0.02800411381072262,0.006239291707785394
0.14999999999999947,4.940000000000001,-0.028172282523349947,0.006151259208739383
0.14999999999999947,4.920000000000002,-0.028341793328367244,0.006062598590338364
0.14999999999999947,4.900000000000002,-0.02851266236784243,0.005973303200368124
0.14999999999999947,4.880000000000003,-0.028684906043592306,0.005883366293866044
0.14999999999999947,4.860000000000003,-0.02885854102279587,0.00579278103164288
0.14999999999999947,4.840000000000003,-0.02903358424328423,0.005701540478872669
0.14999999999999947,4.820000000000004,-0.02921005291892377,0.005609637603138068
0.14999999999999947,4.800000000000004,-0.02938796454569687,0.00551706527285159
0.14999999999999947,4.780000000000005,-0.029567336906726433,0.005423816255769126
0.14999999999999947,4.760000000000005,-0.029748188079086982,0.005329883216995124
0.14999999999999947,4.7400000000000055,-0.029930536439336665,0.005235258717166874
0.14999999999999947,4.720000000000006,-0.030114400669859744,0.005139935210935323
0.14999999999999947,4.700000000000006,-0.030299799765344658,0.0050439050448901415
0.14999999999999947,4.680000000000007,-0.03048675303925841,0.004947160455561178
0.14999999999999947,4.660000000000007,-0.030675280130490486,0.004849693567777105
0.14999999999999947,4.640000000000008,-0.030865401010481974,0.0047514963925514575
0.14999999999999947,4.620000000000008,-0.031057135990000564,0.0046525608249665396
0.14999999999999947,4.6000000000000085,-0.03125050572664705,0.004552878642393121
0.14999999999999947,4.580000000000009,-0.031445531232162774,0.00445244150223309
0.14999999999999947,4.560000000000009,-0.03164223387989128,0.004351240939650891
0.14999999999999947,4.54000000000001,-0.03184063541284683,0.004249268365621228
0.14999999999999947,4.52000000000001,-0.03204075795173239,0.004146515064779657
0.14999999999999947,4.500000000000011,-0.03224262400296407,0.004042972192834338
0.14999999999999947,4.480000000000011,-0.03244625646712145,0.003938630774309032
0.14999999999999947,4.4600000000000115,-0.032651678648075035,0.0038334817007041055
0.14999999999999947,4.440000000000012,-0.03285891426124417,0.0037275157273005677
0.14999999999999947,4.420000000000012,-0.03306798744323852,0.0036207234712056224
0.14999999999999947,4.400000000000013,-0.03327892276084621,0.003513095408760992
0.14999999999999947,4.380000000000013,-0.0334917452210582,0.0034046218728022437
0.14999999999999947,4.360000000000014,-0.03370648028053802,0.003295293050245257
0.14999999999999947,4.340000000000014,-0.033923153856208546,0.003185098979333806
0.14999999999999947,4.3200000000000145,-0.03414179233552801,0.003074029546910481
0.14999999999999947,4.300000000000015,-0.034362422586954953,0.002962074485527516
0.14999999999999947,4.280000000000015,-0.03458507197129904,0.0028492233707634596
0.14999999999999947,4.260000000000016,-0.034809768353013304,0.0027354656183100623
0.14999999999999947,4.240000000000016,-0.03503654011152143,0.0026207904808021043
0.14999999999999947,4.220000000000017,-0.03526541615373915,0.0025051870450232133
0.14999999999999947,4.200000000000017,-0.03549642592578598,0.0023886442288174915
0.14999999999999947,4.1800000000000175,-0.03572959942590331,0.0022711507774822275
0.14999999999999947,4.160000000000018,-0.035964967217542075,0.0021526952612974937
0.14999999999999947,4.140000000000018,-0.0362025604423811,0.0020332660715433604
0.14999999999999947,4.120000000000019,-0.036442410834571386,0.0019128514175960204
0.14999999999999947,4.100000000000019,-0.03668455073440463,0.0017914393231800718
0.14999999999999947,4.08000000000002,-0.0369290131030137,0.0016690176228748854
0.14999999999999947,4.06000000000002,-0.037175831537615035,0.0015455739590025663
0.14999999999999947,4.0400000000000205,-0.03742504028648704,0.0014210957772504973
0.14999999999999947,4.020000000000021,-0.037676674265053514,0.0012955703233920035
0.14999999999999947,4.000000000000021,-0.037930769072121014,0.001168984639467463
0.14999999999999947,3.9800000000000213,-0.038187361006798703,0.001041325559575007
0.14999999999999947,3.9600000000000213,-0.038446487085618014,0.000912579706263128
0.14999999999999947,3.9400000000000213,-0.03870818506033784,0.0007827334860933816
0.14999999999999947,3.9200000000000212,-0.038972493436550834,0.0006517730858741078
0.14999999999999947,3.9000000000000212,-0.039239451492196716,0.0005196844679504764
0.14999999999999947,3.880000000000021,-0.03950909929747368,0.00038645336642470496
0.14999999999999947,3.860000000000021,-0.03978147773432757,0.00025206528221341507
0.14999999999999947,3.840000000000021,-0.04005662851752868,0.00011650547867968208
0.14999999999999947,3.820000000000021,-0.04033459421587442,-0.000020241022698597178
0.14999999999999947,3.800000000000021,-0.040615418274384744,-0.0001581894474837059
0.14999999999999947,3.780000000000021,-0.04089914503605847,-0.00029735527296390757
0.14999999999999947,3.760000000000021,-0.041185819766337214,-0.00043775423277732026
0.14999999999999947,3.740000000000021,-0.04147548867644747,-0.0005794023223337219
0.14999999999999947,3.720000000000021,-0.04176819894855675,-0.0007223158038328764
0.14999999999999947,3.700000000000021,-0.0420639987611787,-0.000866511211380705
0.14999999999999947,3.680000000000021,-0.042362937315602124,-0.0010120053565977269
0.14999999999999947,3.660000000000021,-0.042665064863249336,-0.0011588153338886603
0.14999999999999947,3.640000000000021,-0.04297043273395361,-0.0013069585259044836
0.14999999999999947,3.620000000000021,-0.04327909336471157,-0.001456452609734163
0.14999999999999947,3.600000000000021,-0.04359110032984811,-0.0016073155622358531
0.14999999999999947,3.580000000000021,-0.043906508371820516,-0.0017595656661652526
0.14999999999999947,3.560000000000021,-0.04422537343365633,-0.0019132215164120031
0.14999999999999947,3.540000000000021,-0.04454775269124549,-0.002068302025885413
0.14999999999999947,3.520000000000021,-0.04487370458821024,-0.002224826432024457
0.14999999999999947,3.500000000000021,-0.04520328887069357,-0.0023828143034384797
0.14999999999999947,3.480000000000021,-0.04553656662425208,-0.0025422855458240162
0.14999999999999947,3.460000000000021,-0.04587360031076231,-0.002703260409939706
0.14999999999999947,3.440000000000021,-0.046214453808450635,-0.002865759496953918
0.14999999999999947,3.420000000000021,-0.04655919245138491,-0.003029803766495226
0.14999999999999947,3.400000000000021,-0.04690788307121066,-0.0031954145436830644
0.14999999999999947,3.3800000000000208,-0.04726059404067517,-0.0033626135258776613
0.14999999999999947,3.3600000000000207,-0.047617395318036465,-0.0035314227906955986
0.14999999999999947,3.3400000000000207,-0.04797835849277929,-0.003701864803408561
0.14999999999999947,3.3200000000000207,-0.04834355683415226,-0.003873962424448818
0.14999999999999947,3.3000000000000207,-0.04871306534003797,-0.004047738917689475
0.14999999999999947,3.2800000000000207,-0.04908696078840282,-0.004223217957991854
0.14999999999999947,3.2600000000000207,-0.04946532179023896,-0.004400423639991463
0.14999999999999947,3.2400000000000206,-0.04984822884463398,-0.004579380485856072
0.14999999999999947,3.2200000000000206,-0.05023576439540643,-0.004760113454037901
0.14999999999999947,3.2000000000000206,-0.05062801289058727,-0.004942647947957596
0.14999999999999947,3.1800000000000206,-0.051025060842975825,-0.0051270098247716694
0.14999999999999947,3.1600000000000206,-0.051426996893833905,-0.00531322540434595
0.14999999999999947,3.1400000000000206,-0.0518339118786313,-0.0055013214780444825
0.14999999999999947,3.1200000000000205,-0.05224589889510395,-0.005691325318676055
0.14999999999999947,3.1000000000000205,-0.05266305337400309,-0.005883264689328094
0.14999999999999947,3.0800000000000205,-0.053085473152513385,-0.006077167853037246
0.14999999999999947,3.0600000000000205,-0.05351325855016837,-0.006273063582792348
0.14999999999999947,3.0400000000000205,-0.05394651244836805,-0.006470981171059514
0.14999999999999947,3.0200000000000204,-0.054385340371972485,-0.006670950439999032
0.14999999999999947,3.0000000000000204,-0.054829850574668895,-0.006873001751708269
0.14999999999999947,2.9800000000000204,-0.05528015412779965,-0.00707716601827324
0.14999999999999947,2.9600000000000204,-0.05573636501199447,-0.007283474712437399
0.14999999999999947,2.9400000000000204,-0.05619860021298117,-0.007491959877893251
0.14999999999999947,2.9200000000000204,-0.05666697982090313,-0.007702654140452641
0.14999999999999947,2.9000000000000203,-0.05714162713372457,-0.007915590718133303
0.14999999999999947,2.8800000000000203,-0.05762266876478936,-0.008130803432740169
0.14999999999999947,2.8600000000000203,-0.05811023475427272,-0.008348326720660132
0.14999999999999947,2.8400000000000203,-0.05860445868603963,-0.008568195643682656
0.14999999999999947,2.8200000000000203,-0.05910547780840275,-0.008790445900587252
0.14999999999999947,2.8000000000000203,-0.059613433160383866,-0.009015113838004934
0.14999999999999947,2.7800000000000202,-0.060128469702609905,-0.009242236462343956
0.14999999999999947,2.76000000000002,-0.06065073645464666,-0.009471851450112867
0.14999999999999947,2.74000000000002,-0.06118038663709531,-0.009703997160075334
0.14999999999999947,2.72000000000002,-0.061717577820130605,-0.009938712644303752
0.14999999999999947,2.70000000000002,-0.062262472078509906,-0.010176037659483328
0.14999999999999947,2.68000000000002,-0.06281523615245854,-0.010416012678151385
0.14999999999999947,2.66000000000002,-0.06337604161672936,-0.010658678899772789
0.14999999999999947,2.64000000000002,-0.06394506505577849,-0.010904078262098188
0.14999999999999947,2.62000000000002,-0.0645224882471428,-0.011152253451648969
0.14999999999999947,2.60000000000002,-0.06510849835296785,-0.011403247914822938
0.14999999999999947,2.58000000000002,-0.06570328811978073,-0.011657105868210019
0.14999999999999947,2.56000000000002,-0.0663070560872496,-0.011913872308915496
0.14999999999999947,2.54000000000002,-0.06692000680600017,-0.012173593024341511
0.14999999999999947,2.52000000000002,-0.06754235106605853,-0.012436314601964156
0.14999999999999947,2.50000000000002,-0.06817430613483183,-0.012702084438294181
0.14999999999999947,2.48000000000002,-0.06881609600652219,-0.012970950747654558
0.14999999999999947,2.46000000000002,-0.06946795166275546,-0.013242962570126263
0.14999999999999947,2.44000000000002,-0.0701301113454205,-0.01351816977914494
0.14999999999999947,2.42000000000002,-0.07080282084228426,-0.013796623088216775
0.14999999999999947,2.40000000000002,-0.0714863337863813,-0.014078374056475246
0.14999999999999947,2.38000000000002,-0.07218091196898158,-0.014363475094244238
0.14999999999999947,2.36000000000002,-0.07288682566785254,-0.014651979466636253
0.14999999999999947,2.34000000000002,-0.07360435399168783,-0.014943941296274924
0.14999999999999947,2.32000000000002,-0.07433378524059274,-0.015239415565225428
0.14999999999999947,2.30000000000002,-0.07507541728469393,-0.015538458114846995
0.14999999999999947,2.28000000000002,-0.07582955796107016,-0.015841125644397196
0.14999999999999947,2.2600000000000198,-0.07659652549090382,-0.01614747570771874
0.14999999999999947,2.2400000000000198,-0.077376648916901,-0.016457566708363458
0.14999999999999947,2.2200000000000197,-0.07817026856264753,-0.016771457891904942
0.14999999999999947,2.2000000000000197,-0.07897773651642792,-0.017089209336603326
0.14999999999999947,2.1800000000000197,-0.07979941713821703,-0.01741088194114506
0.14999999999999947,2.1600000000000197,-0.08063568759396648,-0.017736537409398928
0.14999999999999947,2.1400000000000197,-0.08148693841731318,-0.018066238231932017
0.14999999999999947,2.1200000000000196,-0.08235357409995511,-0.018400047664896085
0.14999999999999947,2.1000000000000196,-0.08323601371498784,-0.018738029703520287
0.14999999999999947,2.0800000000000196,-0.0841346915709197,-0.019080249053188503
0.14999999999999947,2.0600000000000196,-0.08505005790296008,-0.019426771094476672
0.14999999999999947,2.0400000000000196,-0.08598257959994982,-0.019777661844044253
0.14999999999999947,2.0200000000000196,-0.086932740971924,-0.020132987909459346
0.14999999999999947,2.0000000000000195,-0.08790104455911174,-0.020492816438448247
0.14999999999999947,1.9800000000000195,-0.08888801198606511,-0.02085721506067101
0.14999999999999947,1.9600000000000195,-0.08989418486253013,-0.021226251823591197
0.14999999999999947,1.9400000000000195,-0.09092012573641159,-0.021599995118638263
0.14999999999999947,1.9200000000000195,-0.09196641909857452,-0.021978513600469998
0.13999999999999946,5,-0.0301077028525347,0.0033398418016782616
0.13999999999999946,4.98,-0.030279177189363037,0.0032469238236776665
0.13999999999999946,4.960000000000001,-0.030452013949629007,0.0031533485537648676
0.13999999999999946,4.940000000000001,-0.030626229451915267,0.0030591090950866096
0.13999999999999946,4.920000000000002,-0.030801840276403605,0.0029641984557448597
0.13999999999999946,4.900000000000002,-0.03097886327081896,0.0028686095472809092
0.13999999999999946,4.880000000000003,-0.031157315554934926,0.0027723351829203047
0.13999999999999946,4.860000000000003,-0.03133721452693549,0.0026753680759209336
0.13999999999999946,4.840000000000003,-0.031518577868404174,0.0025777008379780364
0.13999999999999946,4.820000000000004,-0.03170142355073291,0.0024793259774416043
0.13999999999999946,4.800000000000004,-0.03188576984046004,0.002380235897616295
0.13999999999999946,4.780000000000005,-0.03207163530597168,0.0022804228948035687
0.13999999999999946,4.760000000000005,-0.03225903882351684,0.002179879156527731
0.13999999999999946,4.7400000000000055,-0.03244799958325838,0.0020785967597636845
0.13999999999999946,4.720000000000006,-0.032638537096309865,0.001976567668854066
0.13999999999999946,4.700000000000006,-0.032830671201519314,0.0018737837338966556
0.13999999999999946,4.680000000000007,-0.03302442207188461,0.0017702366882547116
0.13999999999999946,4.660000000000007,-0.033219810221995605,0.0016659181468272888
0.13999999999999946,4.640000000000008,-0.0334168565152448,0.0015608196041189681
0.13999999999999946,4.620000000000008,-0.033615582171272335,0.0014549324318207657
0.13999999999999946,4.6000000000000085,-0.03381600877351289,0.0013482478767900957
0.13999999999999946,4.580000000000009,-0.03401815827707515,0.0012407570589988148
0.13999999999999946,4.560000000000009,-0.03422205301693457,0.0011324509691425788
0.13999999999999946,4.54000000000001,-0.03442771571587877,0.0010233204660636819
0.13999999999999946,4.52000000000001,-0.034635169493186305,0.0009133562751781343
0.13999999999999946,4.500000000000011,-0.034844437873242,0.0008025489854333046
0.13999999999999946,4.480000000000011,-0.03505554479451457,0.0006908890470148643
0.13999999999999946,4.4600000000000115,-0.035268514618562216,0.0005783667690922589
0.13999999999999946,4.440000000000012,-0.035483372139741315,0.0004649723172202025
0.13999999999999946,4.420000000000012,-0.0357001425943426,0.0003506957103312086
0.13999999999999946,4.400000000000013,-0.0359188516709297,0.00023552681884188298
0.13999999999999946,4.380000000000013,-0.036139525520385955,0.00011945536148960656
0.13999999999999946,4.360000000000014,-0.03636219076639613,2.470902566635222e-6
0.13999999999999946,4.340000000000014,-0.03658687451599837,-0.0001154371506034979
0.13999999999999946,4.3200000000000145,-0.03681360437076913,-0.00023427955073600237
0.13999999999999946,4.300000000000015,-0.03704240843822522,-0.0003540672135791123
0.13999999999999946,4.280000000000015,-0.037273315343207256,-0.0004748112204327748
0.13999999999999946,4.260000000000016,-0.037506354240180326,-0.0005965228216890384
0.13999999999999946,4.240000000000016,-0.03774155482527565,-0.0007192134396736688
0.13999999999999946,4.220000000000017,-0.037978947348934054,-0.0008428946720023048
0.13999999999999946,4.200000000000017,-0.03821856262901713,-0.0009675782945573752
0.13999999999999946,4.1800000000000175,-0.03846043206423663,-0.0010932762648273586
0.13999999999999946,4.160000000000018,-0.03870458764770095,-0.0012200007254524088
0.13999999999999946,4.140000000000018,-0.03895106198118552,-0.0013477640076398623
0.13999999999999946,4.120000000000019,-0.03919988828976827,-0.0014765786342629261
0.13999999999999946,4.100000000000019,-0.039451100436214616,-0.0016064573241442864
0.13999999999999946,4.08000000000002,-0.039704732937340025,-0.001737412995012455
0.13999999999999946,4.06000000000002,-0.03996082097909573,-0.0018694587676437446
0.13999999999999946,4.0400000000000205,-0.040219400433155306,-0.002002607969566153
0.13999999999999946,4.020000000000021,-0.04048050787334459,-0.0021368741389645035
0.13999999999999946,4.000000000000021,-0.04074418059389563,-0.00227227102840577
0.13999999999999946,3.9800000000000213,-0.041010456625863695,-0.002408812609460298
0.13999999999999946,3.9600000000000213,-0.04127937475641368,-0.0025465130761364307
0.13999999999999946,3.9400000000000213,-0.041550974547457833,-0.002685386849539839
0.13999999999999946,3.9200000000000212,-0.04182529635502935,-0.0028254485820884967
0.13999999999999946,3.9000000000000212,-0.04210238134927578,-0.0029667131619076637
0.13999999999999946,3.880000000000021,-0.042382271535149944,-0.003109195717153901
0.13999999999999946,3.860000000000021,-0.04266500977361025,-0.0032529116208948883
0.13999999999999946,3.840000000000021,-0.04295063980362199,-0.0033978764955872043
0.13999999999999946,3.820000000000021,-0.043239206264678816,-0.0035441062176675975
0.13999999999999946,3.800000000000021,-0.04353075472017775,-0.0036916169230055695
0.13999999999999946,3.780000000000021,-0.043825331681134574,-0.0038404250111294114
0.13999999999999946,3.760000000000021,-0.044122984631423404,-0.003990547150897125
0.13999999999999946,3.740000000000021,-0.04442376205302684,-0.0041420002852780025
0.13999999999999946,3.720000000000021,-0.04472771345231079,-0.00429480163693044
0.13999999999999946,3.700000000000021,-0.04503488938761371,-0.00444896871316261
0.13999999999999946,3.680000000000021,-0.04534534149667261,-0.004604519312098945
0.13999999999999946,3.660000000000021,-0.04565912252621391,-0.004761471527689437
0.13999999999999946,3.640000000000021,-0.045976286361451985,-0.004919843755722214
0.13999999999999946,3.620000000000021,-0.04629688805730259,-0.005079654699296832
0.13999999999999946,3.600000000000021,-0.04662098386975505,-0.005240923375360279
0.13999999999999946,3.580000000000021,-0.04694863128945335,-0.005403669120407087
0.13999999999999946,3.560000000000021,-0.047279889075117314,-0.005567911596598085
0.13999999999999946,3.540000000000021,-0.04761481728884736,-0.005733670798355045
0.13999999999999946,3.520000000000021,-0.04795347733282271,-0.005900967058583784
0.13999999999999946,3.500000000000021,-0.04829593198626677,-0.006069821055300295
0.13999999999999946,3.480000000000021,-0.04864224544468791,-0.006240253818260377
0.13999999999999946,3.460000000000021,-0.048992483359707927,-0.00641228673583729
0.13999999999999946,3.440000000000021,-0.04934671288059954,-0.0065859415621921935
0.13999999999999946,3.420000000000021,-0.049705002697633366,-0.006761240423601433
0.13999999999999946,3.400000000000021,-0.050067423085566484,-0.006938205826579134
0.13999999999999946,3.3800000000000208,-0.05043404595043757,-0.0071168606648422394
0.13999999999999946,3.3600000000000207,-0.05080494487675247,-0.007297228226329212
0.13999999999999946,3.3400000000000207,-0.051180195176520435,-0.00747933220170865
0.13999999999999946,3.3200000000000207,-0.05155987394057206,-0.007663196691231659
0.13999999999999946,3.3000000000000207,-0.051944060090957145,-0.007848846213147687
0.13999999999999946,3.2800000000000207,-0.052332834435867864,-0.008036305711716735
0.13999999999999946,3.2600000000000207,-0.052726279726045044,-0.0082256005649165
0.13999999999999946,3.2400000000000206,-0.05312448071333675,-0.008416756593329383
0.13999999999999946,3.2200000000000206,-0.05352752421168901,-0.008609800067922203
0.13999999999999946,3.2000000000000206,-0.053935499160240596,-0.00880475771895875
0.13999999999999946,3.1800000000000206,-0.05434849668805743,-0.009001656744989789
0.13999999999999946,3.1600000000000206,-0.054766610182531504,-0.009200524820739825
0.13999999999999946,3.1400000000000206,-0.055189935359274835,-0.009401390106899415
0.13999999999999946,3.1200000000000205,-0.05561857033498584,-0.009604281258702357
0.13999999999999946,3.1000000000000205,-0.05605261570328963,-0.00980922743552226
0.13999999999999946,3.0800000000000205,-0.0564921746127663,-0.010016258309644505
0.13999999999999946,3.0600000000000205,-0.05693735284925029,-0.010225404075897462
0.13999999999999946,3.0400000000000205,-0.057388258919428295,-0.010436695461434234
0.13999999999999946,3.0200000000000204,-0.057845004139626795,-0.010650163735092526
0.13999999999999946,3.0000000000000204,-0.05830770272639984,-0.010865840717032782
0.13999999999999946,2.9800000000000204,-0.0587764718917943,-0.01108375878858836
0.13999999999999946,2.9600000000000204,-0.05925143194213567,-0.011303950902360277
0.13999999999999946,2.9400000000000204,-0.0597327063795729,-0.011526450591967774
0.13999999999999946,2.9200000000000204,-0.06022042201009991,-0.011751291981944759
0.13999999999999946,2.9000000000000203,-0.060714709053035915,-0.0119785097982891
0.13999999999999946,2.8800000000000203,-0.06121570125730242,-0.0122081393777633
0.13999999999999946,2.8600000000000203,-0.06172353602081999,-0.012440216678888623
0.13999999999999946,2.8400000000000203,-0.06223835451594006,-0.01267477829135756
0.13999999999999946,2.8200000000000203,-0.06276030181920939,-0.012911861446479322
0.13999999999999946,2.8000000000000203,-0.06328952704671696,-0.01315150402728854
0.13999999999999946,2.7800000000000202,-0.0638261834956999,-0.013393744578272304
0.13999999999999946,2.76000000000002,-0.06437042879078997,-0.013638622315659127
0.13999999999999946,2.74000000000002,-0.06492242503817633,-0.01388617713681526
0.13999999999999946,2.72000000000002,-0.06548233898462424,-0.014136449630414799
0.13999999999999946,2.70000000000002,-0.06605034218429348,-0.014389481085607142
0.13999999999999946,2.68000000000002,-0.06662661117276217,-0.014645313501378696
0.13999999999999946,2.66000000000002,-0.06721132764822611,-0.014903989595635325
0.13999999999999946,2.64000000000002,-0.06780467866039118,-0.015165552814345007
0.13999999999999946,2.62000000000002,-0.06840685680870741,-0.015430047339458644
0.13999999999999946,2.60000000000002,-0.06901806044832412,-0.015697518097144928
0.13999999999999946,2.58000000000002,-0.06963849390578361,-0.01596801076560103
0.13999999999999946,2.56000000000002,-0.07026836770395103,-0.016241571782270314
0.13999999999999946,2.54000000000002,-0.07090789879824146,-0.016518248349643574
0.13999999999999946,2.52000000000002,-0.07155731082197375,-0.016798088442611714
0.13999999999999946,2.50000000000002,-0.07221683434418741,-0.017081140812257506
0.13999999999999946,2.48000000000002,-0.07288670713919906,-0.017367454991159437
0.13999999999999946,2.46000000000002,-0.07356717446831751,-0.01765708129653523
0.13999999999999946,2.44000000000002,-0.07425848937492874,-0.017950070833097784
0.13999999999999946,2.42000000000002,-0.07496091299397048,-0.01824647549409142
0.13999999999999946,2.40000000000002,-0.07567471487531444,-0.01854634796193369
0.13999999999999946,2.38000000000002,-0.07640017332353971,-0.018849741706406492
0.13999999999999946,2.36000000000002,-0.07713757575321761,-0.019156710982857844
0.13999999999999946,2.34000000000002,-0.07788721906238151,-0.01946731082697825
0.13999999999999946,2.32000000000002,-0.07864941002324596,-0.01978159704945151
0.13999999999999946,2.30000000000002,-0.0794244656936501,-0.02009962622712913
0.13999999999999946,2.28000000000002,-0.08021271384739964,-0.020421455693022658
0.13999999999999946,2.2600000000000198,-0.08101449342743716,-0.020747143522966888
0.13999999999999946,2.2400000000000198,-0.08183015502083257,-0.02107674852078658
0.13999999999999946,2.2200000000000197,-0.08266006135894642,-0.021410330199488598
0.13999999999999946,2.2000000000000197,-0.08350458784267632,-0.02174794875905134
0.13999999999999946,2.1800000000000197,-0.084364123094696,-0.02208966506201665
0.13999999999999946,2.1600000000000197,-0.08523906954090152,-0.022435540603742324
0.13999999999999946,2.1400000000000197,-0.08612984402154866,-0.022785637479524126
0.13999999999999946,2.1200000000000196,-0.08703687843635652,-0.02314001834577558
0.13999999999999946,2.1000000000000196,-0.0879606204216293,-0.02349874637796459
0.13999999999999946,2.0800000000000196,-0.08890153406549764,-0.023861885220972316
0.13999999999999946,2.0600000000000196,-0.0898601006612576,-0.0242294989350995
0.13999999999999946,2.0400000000000196,-0.09083681950172029,-0.02460165193405722
0.13999999999999946,2.0200000000000196,-0.09183220871703471,-0.024978408917127576
0.13999999999999946,2.0000000000000195,-0.0928468061591824,-0.02535983479176543
0.13999999999999946,1.9800000000000195,-0.09388117033579818,-0.025745994588959938
0.13999999999999946,1.9600000000000195,-0.0949358813962857,-0.026136953368641185
0.13999999999999946,1.9400000000000195,-0.09601154217346997,-0.026532776114822743
0.13999999999999946,1.9200000000000195,-0.0971087792855515,-0.02693352761921091
0.12999999999999945,5,-0.03271622021705323,-0.0004946709392552422
0.12999999999999945,4.98,-0.03289408466375124,-0.0005944426375596168
0.12999999999999945,4.960000000000001,-0.033073367909788924,-0.0006949189444568626
0.12999999999999945,4.940000000000001,-0.03325408702265776,-0.0007961072332891977
0.12999999999999945,4.920000000000002,-0.03343625934478197,-0.0008980149789926672
0.12999999999999945,4.900000000000002,-0.03361990249938093,-0.0010006497588710972
0.12999999999999945,4.880000000000003,-0.033805034395943,-0.0011040192552788652
0.12999999999999945,4.860000000000003,-0.03399167323626834,-0.0012081312565431768
0.12999999999999945,4.840000000000003,-0.034179837520534884,-0.0013129936592988778
0.12999999999999945,4.820000000000004,-0.03436954605299272,-0.0014186144700351067
0.12999999999999945,4.800000000000004,-0.034560817948772755,-0.0015250018071337745
0.12999999999999945,4.780000000000005,-0.034753672640071544,-0.001632163902510031
0.12999999999999945,4.760000000000005,-0.03494812988270596,-0.001740109104004517
0.12999999999999945,4.7400000000000055,-0.035144209763197765,-0.0018488458766584004
0.12999999999999945,4.720000000000006,-0.035341932705080334,-0.0019583828056815855
0.12999999999999945,4.700000000000006,-0.03554131947694261,-0.0020687285976583314
0.12999999999999945,4.680000000000007,-0.03574239119877478,-0.002179892082901591
0.12999999999999945,4.660000000000007,-0.03594516935013475,-0.002291882217864194
0.12999999999999945,4.640000000000008,-0.036149675777622264,-0.002404708086894247
0.12999999999999945,4.620000000000008,-0.036355932702496783,-0.0025183789048203453
0.12999999999999945,4.6000000000000085,-0.03656396272939488,-0.002632904018919413
0.12999999999999945,4.580000000000009,-0.036773788853757275,-0.0027482929113806787
0.12999999999999945,4.560000000000009,-0.036985434471040225,-0.0028645552018186637
0.12999999999999945,4.54000000000001,-0.037198923385080664,-0.0029817006493681464
0.12999999999999945,4.52000000000001,-0.03741427981736964,-0.0030997391551992604
0.12999999999999945,4.500000000000011,-0.037631528415919754,-0.00321868076510334
0.12999999999999945,4.480000000000011,-0.03785069426464187,-0.003338535672242751
0.12999999999999945,4.4600000000000115,-0.03807180289354428,-0.0034593142192093917
0.12999999999999945,4.440000000000012,-0.03829488028822643,-0.003581026901407977
0.12999999999999945,4.420000000000012,-0.038519952900430664,-0.0037036843688371957
0.12999999999999945,4.400000000000013,-0.03874704765789598,-0.003827297429766341
0.12999999999999945,4.380000000000013,-0.03897619197608253,-0.003951877053008868
0.12999999999999945,4.360000000000014,-0.03920741376842076,-0.004077434371078492
0.12999999999999945,4.340000000000014,-0.039440741458174236,-0.004203980682970107
0.12999999999999945,4.3200000000000145,-0.03967620399012981,-0.004331527456794909
0.12999999999999945,4.300000000000015,-0.039913830842160034,-0.004460086333623409
0.12999999999999945,4.280000000000015,-0.04015365203803658,-0.004589669129985097
0.12999999999999945,4.260000000000016,-0.040395698159887375,-0.004720287841387505
0.12999999999999945,4.240000000000016,-0.0406400003614511,-0.004851954645198137
0.12999999999999945,4.220000000000017,-0.04088659038121559,-0.004984681904299835
0.12999999999999945,4.200000000000017,-0.04113550055646296,-0.005118482170103744
0.12999999999999945,4.1800000000000175,-0.04138676383740789,-0.005253368186472179
0.12999999999999945,4.160000000000018,-0.04164041380156161,-0.005389352892765792
0.12999999999999945,4.140000000000018,-0.04189648466915102,-0.005526449427552045
0.12999999999999945,4.120000000000019,-0.04215501131796071,-0.00566467113262023
0.12999999999999945,4.100000000000019,-0.04241602930003483,-0.005804031555991018
0.12999999999999945,4.08000000000002,-0.04267957485736074,-0.005944544456337103
0.12999999999999945,4.06000000000002,-0.042945684939006586,-0.006086223806756608
0.12999999999999945,4.0400000000000205,-0.04321439721831449,-0.006229083798312489
0.12999999999999945,4.020000000000021,-0.04348575011080113,-0.006373138844620603
0.12999999999999945,4.000000000000021,-0.043759782792742286,-0.006518403585567933
0.12999999999999945,3.9800000000000213,-0.044036535219603976,-0.006664892891770011
0.12999999999999945,3.9600000000000213,-0.0443160481460037,-0.006812621868824531
0.12999999999999945,3.9400000000000213,-0.044598363145612704,-0.006961605861250865
0.12999999999999945,3.9200000000000212,-0.04488352263164298,-0.007111860457578455
0.12999999999999945,3.9000000000000212,-0.045171569878375575,-0.007263401494598365
0.12999999999999945,3.880000000000021,-0.0454625490432511,-0.00741624506185562
0.12999999999999945,3.860000000000021,-0.04575650518910772,-0.007570407506727411
0.12999999999999945,3.840000000000021,-0.04605348430796022,-0.007725905438827618
0.12999999999999945,3.820000000000021,-0.04635353334465579,-0.00788275573531061
0.12999999999999945,3.800000000000021,-0.046656700221963804,-0.00804097554548721
0.12999999999999945,3.780000000000021,-0.046963033866148515,-0.008200582296464004
0.12999999999999945,3.760000000000021,-0.04727258423305408,-0.008361593697859715
0.12999999999999945,3.740000000000021,-0.047585402335868096,-0.008524027747284182
0.12999999999999945,3.720000000000021,-0.0479015402728178,-0.008687902735911378
0.12999999999999945,3.700000000000021,-0.048221051256361225,-0.008853237253675816
0.12999999999999945,3.680000000000021,-0.048543989642915786,-0.00902005019520763
0.12999999999999945,3.660000000000021,-0.04887041096403612,-0.009188360765453152
0.12999999999999945,3.640000000000021,-0.04920037195828453,-0.009358188485399516
0.12999999999999945,3.620000000000021,-0.04953393060386446,-0.009529553198217328
0.12999999999999945,3.600000000000021,-0.04987114615320902,-0.009702475075129058
0.12999999999999945,3.580000000000021,-0.05021207916769196,-0.009876974621744333
0.12999999999999945,3.560000000000021,-0.0505567915541709,-0.010053072684230266
0.12999999999999945,3.540000000000021,-0.050905346602250996,-0.010230790456033229
0.12999999999999945,3.520000000000021,-0.05125780902387504,-0.0104101494835174
0.12999999999999945,3.500000000000021,-0.051614244992589396,-0.010591171673905567
0.12999999999999945,3.480000000000021,-0.05197472218545533,-0.010773879300707827
0.12999999999999945,3.460000000000021,-0.052339309825808394,-0.010958295011691654
0.12999999999999945,3.440000000000021,-0.05270807872796107,-0.011144441834968495
0.12999999999999945,3.420000000000021,-0.05308110134273404,-0.011332343186705007
0.12999999999999945,3.400000000000021,-0.05345845180531287,-0.011522022878103777
0.12999999999999945,3.3800000000000208,-0.05384020598398412,-0.011713505122694173
0.12999999999999945,3.3600000000000207,-0.054226441531617695,-0.011906814544048822
0.12999999999999945,3.3400000000000207,-0.05461723793809551,-0.012101976182704727
0.12999999999999945,3.3200000000000207,-0.05501267658485903,-0.012299015504644448
0.12999999999999945,3.3000000000000207,-0.055412840801604205,-0.012497958408793114
0.12999999999999945,3.2800000000000207,-0.05581781592469745,-0.01269883123449031
0.12999999999999945,3.2600000000000207,-0.0562276893579614,-0.012901660770363463
0.12999999999999945,3.2400000000000206,-0.05664255063595512,-0.013106474261279977
0.12999999999999945,3.2200000000000206,-0.057062491488383195,-0.01331329941806235
0.12999999999999945,3.2000000000000206,-0.05748760590852952,-0.013522164424475208
0.12999999999999945,3.1800000000000206,-0.057917990222942944,-0.013733097946539735
0.12999999999999945,3.1600000000000206,-0.058353743164444125,-0.013946129140486374
0.12999999999999945,3.1400000000000206,-0.05879496594749786,-0.01416128766162423
0.12999999999999945,3.1200000000000205,-0.059241762346390406,-0.014378603673202484
0.12999999999999945,3.1000000000000205,-0.05969423877700007,-0.01459810785494206
0.12999999999999945,3.0800000000000205,-0.06015250438067644,-0.014819831411784598
0.12999999999999945,3.0600000000000205,-0.060616671112443614,-0.01504380608321107
0.12999999999999945,3.0400000000000205,-0.061086853831683156,-0.015270064151707959
0.12999999999999945,3.0200000000000204,-0.06156317039683865,-0.0154986384521891
0.12999999999999945,3.0000000000000204,-0.062045741764046924,-0.015729562380678658
0.12999999999999945,2.9800000000000204,-0.06253469208885795,-0.015962869903769602
0.12999999999999945,2.9600000000000204,-0.06303014883288394,-0.01619859556728878
0.12999999999999945,2.9400000000000204,-0.06353224287417622,-0.016436774505537155
0.12999999999999945,2.9200000000000204,-0.06404110862211983,-0.016677442450339974
0.12999999999999945,2.9000000000000203,-0.06455688413736069,-0.016920635739971795
0.12999999999999945,2.8800000000000203,-0.06507971125577852,-0.017166391328070074
0.12999999999999945,2.8600000000000203,-0.0656097357184903,-0.017414746792587782
0.12999999999999945,2.8400000000000203,-0.06614710730682896,-0.01766574034418858
0.12999999999999945,2.8200000000000203,-0.06669197998244648,-0.017919410835446098
0.12999999999999945,2.8000000000000203,-0.06724451203422788,-0.018175797768748142
0.12999999999999945,2.7800000000000202,-0.0678048662306792,-0.018434941304615413
0.12999999999999945,2.76000000000002,-0.06837320997899474,-0.018696882269813975
0.12999999999999945,2.74000000000002,-0.06894971549083359,-0.01896166216531503
0.12999999999999945,2.72000000000002,-0.06953455995563411,-0.019229323173005464
0.12999999999999945,2.70000000000002,-0.07012792572053701,-0.019499908163838536
0.12999999999999945,2.68000000000002,-0.07073000047912661,-0.01977346070357161
0.12999999999999945,2.66000000000002,-0.07134097746797102,-0.020050025059354326
0.12999999999999945,2.64000000000002,-0.07196105567191231,-0.020329646205315632
0.12999999999999945,2.62000000000002,-0.07259044003805608,-0.02061236982814152
0.12999999999999945,2.60000000000002,-0.0732293417001616,-0.02089824233092099
0.12999999999999945,2.58000000000002,-0.07387797821272943,-0.0211873108374456
0.12999999999999945,2.56000000000002,-0.07453657379558465,-0.021479623194683467
0.12999999999999945,2.54000000000002,-0.07520535958979838,-0.02177522797527945
0.12999999999999945,2.52000000000002,-0.07588457392535006,-0.02207417447845464
0.12999999999999945,2.50000000000002,-0.07657446260158099,-0.022376512730203413
0.12999999999999945,2.48000000000002,-0.07727527917981936,-0.022682293481616794
0.12999999999999945,2.46000000000002,-0.07798728529082892,-0.02299156820687237
0.12999999999999945,2.44000000000002,-0.07871075095618364,-0.023304389098841166
0.12999999999999945,2.42000000000002,-0.07944595492526288,-0.02362080906385522
0.12999999999999945,2.40000000000002,-0.08019318502843892,-0.023940881713798615
0.12999999999999945,2.38000000000002,-0.08095273854686996,-0.02426466135736291
0.12999999999999945,2.36000000000002,-0.08172492260147401,-0.02459220298801612
0.12999999999999945,2.34000000000002,-0.0825100545596856,-0.024923562270875305
0.12999999999999945,2.32000000000002,-0.08330846246334087,-0.025258795525404845
0.12999999999999945,2.30000000000002,-0.08412048547731363,-0.025597959707360618
0.12999999999999945,2.28000000000002,-0.08494647436150343,-0.025941112385581014
0.12999999999999945,2.2600000000000198,-0.08578679196587793,-0.026288311716740703
0.12999999999999945,2.2400000000000198,-0.08664181375056476,-0.026639616416601175
0.12999999999999945,2.2200000000000197,-0.08751192833411835,-0.026995085726053122
0.12999999999999945,2.2000000000000197,-0.08839753806899713,-0.027354779373649118
0.12999999999999945,2.1800000000000197,-0.08929905964727393,-0.027718757533657795
0.12999999999999945,2.1600000000000197,-0.09021692473816048,-0.028087080777986953
0.12999999999999945,2.1400000000000197,-0.09115158066001486,-0.028459810023421017
0.12999999999999945,2.1200000000000196,-0.09210349108725531,-0.028837006471578053
0.12999999999999945,2.1000000000000196,-0.09307313679610338,-0.029218731543451858
0.12999999999999945,2.0800000000000196,-0.09406101645003623,-0.029605046805662498
0.12999999999999945,2.0600000000000196,-0.09506764742929583,-0.02999601388861703
0.12999999999999945,2.0400000000000196,-0.09609356670466068,-0.030391694397044443
0.12999999999999945,2.0200000000000196,-0.097139331760886,-0.03079214980976574
0.12999999999999945,2.0000000000000195,-0.09820552157101835,-0.031197441370092782
0.12999999999999945,1.9800000000000195,-0.09929273762635574,-0.031607629964434364
0.12999999999999945,1.9600000000000195,-0.10040160502411966,-0.032022775988822465
0.12999999999999945,1.9400000000000195,-0.10153277361768134,-0.03244293920260355
0.12999999999999945,1.9200000000000195,-0.10268691923360121,-0.032868178566481804
0.11999999999999945,5,-0.03551242102332598,-0.005257442530759077
0.11999999999999945,4.98,-0.03569717518206526,-0.005364893964053596
0.11999999999999945,4.960000000000001,-0.03588340967146742,-0.005473103198851081
0.11999999999999945,4.940000000000001,-0.03607114238581439,-0.005582078145966035
0.11999999999999945,4.920000000000002,-0.03626039150979566,-0.005691826823887913
0.11999999999999945,4.900000000000002,-0.03645117552363403,-0.005802357361280375
0.11999999999999945,4.880000000000003,-0.03664351320980158,-0.005913677998028305
0.11999999999999945,4.860000000000003,-0.03683742365853583,-0.00602579708819484
0.11999999999999945,4.840000000000003,-0.037032926274732675,-0.006138723100797883
0.11999999999999945,4.820000000000004,-0.037230040784301796,-0.006252464622215043
0.11999999999999945,4.800000000000004,-0.037428787240806206,-0.006367030358478354
0.11999999999999945,4.780000000000005,-0.037629186032179254,-0.006482429136658779
0.11999999999999945,4.760000000000005,-0.03783125788801414,-0.0065986699074002675
0.11999999999999945,4.7400000000000055,-0.03803502388652233,-0.006715761746860893
0.11999999999999945,4.720000000000006,-0.03824050546188696,-0.006833713858701268
0.11999999999999945,4.700000000000006,-0.03844772441196765,-0.0069525355764897545
0.11999999999999945,4.680000000000007,-0.03865670290619298,-0.007072236365663925
0.11999999999999945,4.660000000000007,-0.038867463492903986,-0.007192825826103061
0.11999999999999945,4.640000000000008,-0.03908002910831408,-0.007314313693959906
0.11999999999999945,4.620000000000008,-0.039294423084112885,-0.007436709844755959
0.11999999999999945,4.6000000000000085,-0.03951066915672678,-0.007560024294834267
0.11999999999999945,4.580000000000009,-0.03972879147559462,-0.007684267204578293
0.11999999999999945,4.560000000000009,-0.03994881461257543,-0.00780944888046417
0.11999999999999945,4.54000000000001,-0.040170763570928955,-0.007935579777794854
0.11999999999999945,4.52000000000001,-0.04039466379501068,-0.008062670503193453
0.11999999999999945,4.500000000000011,-0.04062054118019028,-0.00819073181711201
0.11999999999999945,4.480000000000011,-0.04084842208257579,-0.008319774636821209
0.11999999999999945,4.4600000000000115,-0.041078333329381794,-0.00844981003903822
0.11999999999999945,4.440000000000012,-0.04131030222981961,-0.008580849262421142
0.11999999999999945,4.420000000000012,-0.04154435658562733,-0.008712903710920442
0.11999999999999945,4.400000000000013,-0.041780524702411795,-0.008845984956212166
0.11999999999999945,4.380000000000013,-0.042018835401026536,-0.008980104741076647
0.11999999999999945,4.360000000000014,-0.042259318029403845,-0.009115274981977672
0.11999999999999945,4.340000000000014,-0.042502002474745726,-0.009251507772520234
0.11999999999999945,4.3200000000000145,-0.04274691917589295,-0.009388815386391747
0.11999999999999945,4.300000000000015,-0.04299409913606836,-0.009527210280542486
0.11999999999999945,4.280000000000015,-0.04324357393613916,-0.00966670509857126
0.11999999999999945,4.260000000000016,-0.0434953757481073,-0.009807312673930535
0.11999999999999945,4.240000000000016,-0.04374953734901038,-0.009949046033461806
0.11999999999999945,4.220000000000017,-0.04400609213516983,-0.010091918400647965
0.11999999999999945,4.200000000000017,-0.04426507413700715,-0.010235943199308609
0.11999999999999945,4.1800000000000175,-0.04452651803412021,-0.010381134057167979
0.11999999999999945,4.160000000000018,-0.04479045917069015,-0.010527504809467122
0.11999999999999945,4.140000000000018,-0.045056933571932634,-0.01067506950259832
0.11999999999999945,4.120000000000019,-0.04532597795993784,-0.010823842398228957
0.11999999999999945,4.100000000000019,-0.04559762977134875,-0.010973837976773237
0.11999999999999945,4.08000000000002,-0.04587192717419615,-0.011125070941812643
0.11999999999999945,4.06000000000002,-0.046148909086231364,-0.011277556223761712
0.11999999999999945,4.0400000000000205,-0.0464286151934052,-0.011431308983986116
0.11999999999999945,4.020000000000021,-0.046711085968605764,-0.011586344619336608
0.11999999999999945,4.000000000000021,-0.04699636269181911,-0.011742678766080386
0.11999999999999945,3.9800000000000213,-0.047284487469884215,-0.011900327304254027
0.11999999999999945,3.9600000000000213,-0.047575503257558105,-0.012059306362526057
0.11999999999999945,3.9400000000000213,-0.047869453878938054,-0.012219632322178042
0.11999999999999945,3.9200000000000212,-0.04816638404940657,-0.012381321822055188
0.11999999999999945,3.9000000000000212,-0.04846633939867907,-0.012544391763142454
0.11999999999999945,3.880000000000021,-0.04876936649428222,-0.012708859313340426
0.11999999999999945,3.860000000000021,-0.049075512865479703,-0.012874741912431542
0.11999999999999945,3.840000000000021,-0.049384827028497384,-0.013042057276971275
0.11999999999999945,3.820000000000021,-0.0496973585123727,-0.013210823405316957
0.11999999999999945,3.800000000000021,-0.05001315788528118,-0.013381058583018558
0.11999999999999945,3.780000000000021,-0.05033227678207368,-0.013552781387693336
0.11999999999999945,3.760000000000021,-0.050654767932380836,-0.013726010694627366
0.11999999999999945,3.740000000000021,-0.050980685190335,-0.013900765682145058
0.11999999999999945,3.720000000000021,-0.051310083564006514,-0.014077065837192398
0.11999999999999945,3.700000000000021,-0.05164301924693322,-0.01425493096086819
0.11999999999999945,3.680000000000021,-0.05197954965000742,-0.01443438117441087
0.11999999999999945,3.660000000000021,-0.05231973343489106,-0.014615436924605183
0.11999999999999945,3.640000000000021,-0.052663630548072146,-0.014798118990047047
0.11999999999999945,3.620000000000021,-0.05301130225620369,-0.014982448487405903
0.11999999999999945,3.600000000000021,-0.0533628111826698,-0.015168446876858227
0.11999999999999945,3.580000000000021,-0.05371822134568194,-0.015356135969098073
0.11999999999999945,3.560000000000021,-0.054077598196702575,-0.01554553793113142
0.11999999999999945,3.540000000000021,-0.054441008661304725,-0.015736675293066577
0.11999999999999945,3.520000000000021,-0.0548085211808015,-0.015929570954449176
0.11999999999999945,3.500000000000021,-0.055180205755196485,-0.01612424819116312
0.11999999999999945,3.480000000000021,-0.0555561339880417,-0.016320730661958646
0.11999999999999945,3.460000000000021,-0.05593637913233472,-0.016519042415388846
0.11999999999999945,3.440000000000021,-0.05632101613870744,-0.016719207896880167
0.11999999999999945,3.420000000000021,-0.056710121704392616,-0.016921251955565042
0.11999999999999945,3.400000000000021,-0.05710377432478358,-0.017125199851636214
0.11999999999999945,3.3800000000000208,-0.05750205434610729,-0.017331077263734278
0.11999999999999945,3.3600000000000207,-0.05790504402044902,-0.017538910295748777
0.11999999999999945,3.3400000000000207,-0.058312827562671,-0.017748725484982297
0.11999999999999945,3.3200000000000207,-0.058725491209000724,-0.017960549809038773
0.11999999999999945,3.3000000000000207,-0.05914312327807793,-0.0181744106939441
0.11999999999999945,3.2800000000000207,-0.05956581423455484,-0.01839033602145751
0.11999999999999945,3.2600000000000207,-0.05999365675417519,-0.018608354137068905
0.11999999999999945,3.2400000000000206,-0.06042674579166929,-0.018828493857680567
0.11999999999999945,3.2200000000000206,-0.06086517865143055,-0.019050784479861957
0.11999999999999945,3.2000000000000206,-0.06130905506066271,-0.019275255787346367
0.11999999999999945,3.1800000000000206,-0.06175847724484736,-0.019501938059206705
0.11999999999999945,3.1600000000000206,-0.062213550006509646,-0.019730862078429307
0.11999999999999945,3.1400000000000206,-0.06267438080725309,-0.019962059139046754
0.11999999999999945,3.1200000000000205,-0.06314107985162203,-0.02019556105534255
0.11999999999999945,3.1000000000000205,-0.06361376017623013,-0.02043140016907121
0.11999999999999945,3.0800000000000205,-0.06409253774016589,-0.020669609358328123
0.11999999999999945,3.0600000000000205,-0.06457753152061682,-0.02091022204533119
0.11999999999999945,3.0400000000000205,-0.06506886361117009,-0.02115327220460278
0.11999999999999945,3.0200000000000204,-0.06556665932459549,-0.021398794371052576
0.11999999999999945,3.0000000000000204,-0.06607104729927102,-0.021646823648209176
0.11999999999999945,2.9800000000000204,-0.06658215961034458,-0.0218973957159444
0.11999999999999945,2.9600000000000204,-0.0671001318845234,-0.022150546838450733
0.11999999999999945,2.9400000000000204,-0.06762510342063575,-0.022406313872064848
0.11999999999999945,2.9200000000000204,-0.06815721731416446,-0.02266473427287269
0.11999999999999945,2.9000000000000203,-0.06869662058715958,-0.022925846104181802
0.11999999999999945,2.8800000000000203,-0.0692434643239545,-0.023189688043601386
0.11999999999999945,2.8600000000000203,-0.06979790381145523,-0.023456299390429203
0.11999999999999945,2.8400000000000203,-0.07036009868633623,-0.023725720072204193
0.11999999999999945,2.8200000000000203,-0.0709302130880236,-0.023997990651399792
0.11999999999999945,2.8000000000000203,-0.07150841581810141,-0.02427315233115998
0.11999999999999945,2.7800000000000202,-0.07209488050628728,-0.024551246961615786
0.11999999999999945,2.76000000000002,-0.07268978578405572,-0.024832317044992003
0.11999999999999945,2.74000000000002,-0.07329331546542292,-0.02511640574035881
0.11999999999999945,2.72000000000002,-0.07390565873546562,-0.025403556868276
0.11999999999999945,2.70000000000002,-0.07452701034741109,-0.025693814914086177
0.11999999999999945,2.68000000000002,-0.07515757082832442,-0.02598722503142147
0.11999999999999945,2.66000000000002,-0.07579754669358071,-0.02628383304439777
0.11999999999999945,2.64000000000002,-0.07644715067127147,-0.026583685448872685
0.11999999999999945,2.62000000000002,-0.07710660193690086,-0.026886829413650448
0.11999999999999945,2.60000000000002,-0.07777612635790179,-0.02719331277945633
0.11999999999999945,2.58000000000002,-0.07845595675035279,-0.027503184057816876
0.11999999999999945,2.56000000000002,-0.0791463331466807,-0.027816492428339598
0.11999999999999945,2.54000000000002,-0.07984750307589752,-0.02813328773464685
0.11999999999999945,2.52000000000002,-0.0805597218574225,-0.02845362047896705
0.11999999999999945,2.50000000000002,-0.08128325290802263,-0.028777541815017682
0.11999999999999945,2.48000000000002,-0.08201836806372068,-0.02910510353925761
0.11999999999999945,2.46000000000002,-0.08276534791639989,-0.02943635808024332
0.11999999999999945,2.44000000000002,-0.08352448216786812,-0.02977135848564419
0.11999999999999945,2.42000000000002,-0.08429606999934648,-0.030110158407359505
0.11999999999999945,2.40000000000002,-0.0850804204600798,-0.030452812083879288
0.11999999999999945,2.38000000000002,-0.08587785287478361,-0.030799374319836786
0.11999999999999945,2.36000000000002,-0.08668869727116141,-0.03114990046315899
0.11999999999999945,2.34000000000002,-0.08751329482833207,-0.03150444637805236
0.11999999999999945,2.32000000000002,-0.08835199834827795,-0.03186306841519776
0.11999999999999945,2.30000000000002,-0.0892051727510641,-0.03222582337821533
0.11999999999999945,2.28000000000002,-0.0900731955947366,-0.0325927684850435
0.11999999999999945,2.2600000000000198,-0.0909564576225187,-0.032963961325690586
0.11999999999999945,2.2400000000000198,-0.09185536333785985,-0.03333945981439499
0.11999999999999945,2.2200000000000197,-0.09277033160945677,-0.0337193221371222
0.11999999999999945,2.2000000000000197,-0.09370179630821626,-0.034103606692269056
0.11999999999999945,2.1800000000000197,-0.0946502069778796,-0.03449237202547069
0.11999999999999945,2.1600000000000197,-0.09561602954083939,-0.034885676757763356
0.11999999999999945,2.1400000000000197,-0.0965997470426521,-0.035283579505404394
0.11999999999999945,2.1200000000000196,-0.09760186043589436,-0.03568613879229848
0.11999999999999945,2.1000000000000196,-0.09862288940772485,-0.036093412952887774
0.11999999999999945,2.0800000000000196,-0.099663373251781,-0.036505460025648556
0.11999999999999945,2.0600000000000196,-0.10072387178933082,-0.03692233763600558
0.11999999999999945,2.0400000000000196,-0.1018049663408872,-0.03734410286784698
0.11999999999999945,2.0200000000000196,-0.10290726075277853,-0.03777081212219535
0.11999999999999945,2.0000000000000195,-0.10403138248231569,-0.03820252096295457
0.11999999999999945,1.9800000000000195,-0.10517798374352863,-0.038639283947735054
0.11999999999999945,1.9600000000000195,-0.10634774272006882,-0.03908115444220929
0.11999999999999945,1.9400000000000195,-0.10754136484750754,-0.03952818441833493
0.11999999999999945,1.9200000000000195,-0.10875958417046956,-0.03998042423239341
0.10999999999999946,5,-0.038512629283564324,-0.011156378430352117
0.10999999999999946,4.98,-0.03870483272570489,-0.01127244102841449
0.10999999999999946,4.960000000000001,-0.038898583942755804,-0.011389321440920946
0.10999999999999946,4.940000000000001,-0.03909390174801485,-0.011507028187583285
0.10999999999999946,4.920000000000002,-0.039290805261570014,-0.011625569903915861
0.10999999999999946,4.900000000000002,-0.03948931391623904,-0.011744955343323149
0.10999999999999946,4.880000000000003,-0.03968944746459016,-0.011865193378728114
0.10999999999999946,4.860000000000003,-0.03989122598497863,-0.011986293005157078
0.10999999999999946,4.840000000000003,-0.040094669888546035,-0.012108263341013004
0.10999999999999946,4.820000000000004,-0.04029979992619873,-0.01223111363072224
0.10999999999999946,4.800000000000004,-0.04050663719565798,-0.01235485324652319
0.10999999999999946,4.780000000000005,-0.04071520314878191,-0.01247949169064691
0.10999999999999946,4.760000000000005,-0.04092551959892146,-0.012605038597626114
0.10999999999999946,4.7400000000000055,-0.041137608728504096,-0.012731503736409668
0.10999999999999946,4.720000000000006,-0.041351493097475,-0.012858897012570009
0.10999999999999946,4.700000000000006,-0.04156719565055952,-0.01298722847082312
0.10999999999999946,4.680000000000007,-0.04178473972599463,-0.013116508297032786
0.10999999999999946,4.660000000000007,-0.04200414906395604,-0.013246746820892802
0.10999999999999946,4.640000000000008,-0.042225447815027656,-0.013377954518251793
0.10999999999999946,4.620000000000008,-0.04244866054954242,-0.013510142013730922
0.10999999999999946,4.6000000000000085,-0.04267381226637465,-0.01364332008293892
0.10999999999999946,4.580000000000009,-0.04290092840254119,-0.013777499655347233
0.10999999999999946,4.560000000000009,-0.043130034842548876,-0.013912691816936384
0.10999999999999946,4.54000000000001,-0.043361157928982735,-0.014048907812507151
0.10999999999999946,4.52000000000001,-0.0435943244717914,-0.014186159048910463
0.10999999999999946,4.500000000000011,-0.04382956175945202,-0.014324457097409662
0.10999999999999946,4.480000000000011,-0.04406689756925576,-0.014463813696802857
0.10999999999999946,4.4600000000000115,-0.04430636017864703,-0.014604240756224157
0.10999999999999946,4.440000000000012,-0.04454797837617553,-0.014745750357965354
0.10999999999999946,4.420000000000012,-0.044791781473449574,-0.01488835476060868
0.10999999999999946,4.400000000000013,-0.04503779931690112,-0.015032066402043492
0.10999999999999946,4.380000000000013,-0.04528606230024927,-0.015176897902699799
0.10999999999999946,4.360000000000014,-0.04553660137660652,-0.015322862068561774
0.10999999999999946,4.340000000000014,-0.04578944807220637,-0.015469971894410461
0.10999999999999946,4.3200000000000145,-0.04604463449906336,-0.015618240567207342
0.10999999999999946,4.300000000000015,-0.04630219336908209,-0.015767681469482722
0.10999999999999946,4.280000000000015,-0.046562158007828175,-0.015918308182645224
0.10999999999999946,4.260000000000016,-0.04682456236927499,-0.016070134490611565
0.10999999999999946,4.240000000000016,-0.04708944105060148,-0.016223174383171612
0.10999999999999946,4.220000000000017,-0.047356829307491265,-0.016377442059721477
0.10999999999999946,4.200000000000017,-0.047626763069773266,-0.016532951933101663
0.10999999999999946,4.1800000000000175,-0.04789927895807659,-0.016689718633116052
0.10999999999999946,4.160000000000018,-0.048174414299944374,-0.016847757010514636
0.10999999999999946,4.140000000000018,-0.0484522071472698,-0.017007082140738233
0.10999999999999946,4.120000000000019,-0.04873269629414359,-0.017167709328178446
0.10999999999999946,4.100000000000019,-0.049015921294883885,-0.017329654109845827
0.10999999999999946,4.08000000000002,-0.049301922482554494,-0.017492932260000385
0.10999999999999946,4.06000000000002,-0.0495907409886754,-0.017657559793736524
0.10999999999999946,4.0400000000000205,-0.049882418762808585,-0.01782355297190827
0.10999999999999946,4.020000000000021,-0.05017699859309444,-0.01799092830494886
0.10999999999999946,4.000000000000021,-0.05047452412748907,-0.0181597025575772
0.10999999999999946,3.9800000000000213,-0.05077503989505992,-0.01832989275348816
0.10999999999999946,3.9600000000000213,-0.05107859132888795,-0.018501516179310618
0.10999999999999946,3.9400000000000213,-0.05138522478874458,-0.01867459039021488
0.10999999999999946,3.9200000000000212,-0.051694987585136076,-0.01884913321386497
0.10999999999999946,3.9000000000000212,-0.052007928003600615,-0.019025162755780915
0.10999999999999946,3.880000000000021,-0.05232409533017249,-0.019202697404008928
0.10999999999999946,3.860000000000021,-0.05264353987734476,-0.019381755834143755
0.10999999999999946,3.840000000000021,-0.05296631301102224,-0.019562357014791004
0.10999999999999946,3.820000000000021,-0.05329246717803165,-0.01974452021236031
0.10999999999999946,3.800000000000021,-0.053622055935110324,-0.019928264996567274
0.10999999999999946,3.780000000000021,-0.05395513397817543,-0.02011361124564079
0.10999999999999946,3.760000000000021,-0.054291757172859535,-0.02030057915215769
0.10999999999999946,3.740000000000021,-0.054631982586144434,-0.020489189228068277
0.10999999999999946,3.720000000000021,-0.0549758685184374,-0.02067946231084522
0.10999999999999946,3.700000000000021,-0.05532347453756019,-0.020871419569073794
0.10999999999999946,3.680000000000021,-0.05567486151313367,-0.021065082507942562
0.10999999999999946,3.660000000000021,-0.056030091652349005,-0.021260472975675793
0.10999999999999946,3.640000000000021,-0.05638922853723259,-0.0214576131693993
0.10999999999999946,3.620000000000021,-0.056752337162404784,-0.021656525640973423
0.10999999999999946,3.600000000000021,-0.05711948397494303,-0.021857233303564663
0.10999999999999946,3.580000000000021,-0.05749073691506908,-0.022059759437623408
0.10999999999999946,3.560000000000021,-0.05786616545807703,-0.02226412769756235
0.10999999999999946,3.540000000000021,-0.05824584065856195,-0.022470362117905207
0.10999999999999946,3.520000000000021,-0.05862983519507476,-0.02267848711984631
0.10999999999999946,3.500000000000021,-0.05901822341667634,-0.022888527518527962
0.10999999999999946,3.480000000000021,-0.05941108139196409,-0.0231005085286817
0.10999999999999946,3.460000000000021,-0.0598084869584961,-0.023314455772155712
0.10999999999999946,3.440000000000021,-0.06021051977425076,-0.02353039528474679
0.10999999999999946,3.420000000000021,-0.0606172613720912,-0.02374835352283175
0.10999999999999946,3.400000000000021,-0.061028795214492726,-0.02396835737061831
0.10999999999999946,3.3800000000000208,-0.06144520675128755,-0.02419043414706383
0.10999999999999946,3.3600000000000207,-0.06186658347900544,-0.024414611613277487
0.10999999999999946,3.3400000000000207,-0.06229301500284473,-0.02464091797932328
0.10999999999999946,3.3200000000000207,-0.06272459310002541,-0.024869381911902383
0.10999999999999946,3.3000000000000207,-0.06316141178675155,-0.02510003254122639
0.10999999999999946,3.2800000000000207,-0.06360356738612181,-0.025332899468823916
0.10999999999999946,3.2600000000000207,-0.06405115859984489,-0.025568012774491194
0.10999999999999946,3.2400000000000206,-0.06450428658196403,-0.025805403023747175
0.10999999999999946,3.2200000000000206,-0.06496305501525654,-0.026045101275518776
0.10999999999999946,3.2000000000000206,-0.0654275701909552,-0.026287139089203798
0.10999999999999946,3.1800000000000206,-0.06589794109132807,-0.02653154853233816
0.10999999999999946,3.1600000000000206,-0.06637427947498467,-0.026778362187717425
0.10999999999999946,3.1400000000000206,-0.06685669996606419,-0.027027613161166877
0.10999999999999946,3.1200000000000205,-0.0673453201467454,-0.02727933508808339
0.10999999999999946,3.1000000000000205,-0.06784026065267153,-0.02753356214158581
0.10999999999999946,3.0800000000000205,-0.06834164527337594,-0.027790329038912626
0.10999999999999946,3.0600000000000205,-0.06884960105511244,-0.028049671049072106
0.10999999999999946,3.0400000000000205,-0.06936425840935175,-0.028311623999178616
0.10999999999999946,3.0200000000000204,-0.06988575122411993,-0.02857622428180269
0.10999999999999946,3.0000000000000204,-0.07041421698114,-0.028843508861197437
0.10999999999999946,2.9800000000000204,-0.0709497968762597,-0.029113515279859184
0.10999999999999946,2.9600000000000204,-0.07149263594639899,-0.029386281664861943
0.10999999999999946,2.9400000000000204,-0.07204288320027169,-0.02966184673347306
0.10999999999999946,2.9200000000000204,-0.07260069175530534,-0.029940249799316407
0.10999999999999946,2.9000000000000203,-0.07316621897971842,-0.03022153077710038
0.10999999999999946,2.8800000000000203,-0.07373962664137639,-0.03050573018799775
0.10999999999999946,2.8600000000000203,-0.07432108106152932,-0.03079288916407444
0.10999999999999946,2.8400000000000203,-0.07491075327633137,-0.031083049452438394
0.10999999999999946,2.8200000000000203,-0.07550881920468733,-0.031376253418537586
0.10999999999999946,2.8000000000000203,-0.07611545982305357,-0.03167254404952563
0.10999999999999946,2.7800000000000202,-0.0767308613482887,-0.0319719649565085
0.10999999999999946,2.76000000000002,-0.0773552154280201,-0.032274560376107625
0.10999999999999946,2.74000000000002,-0.07798871933960319,-0.03258037517158738
0.10999999999999946,2.72000000000002,-0.07863157619773213,-0.032889454832603415
0.10999999999999946,2.70000000000002,-0.07928399517117846,-0.03320184547461985
0.10999999999999946,2.68000000000002,-0.07994619170933476,-0.033517593837140425
0.10999999999999946,2.66000000000002,-0.08061838777874784,-0.033836747280184015
0.10999999999999946,2.64000000000002,-0.08130081211080728,-0.03415935378052383
0.10999999999999946,2.62000000000002,-0.08199370045984827,-0.034485461925963634
0.10999999999999946,2.60000000000002,-0.0826972958742715,-0.034815120908260055
0.10999999999999946,2.58000000000002,-0.0834118489790728,-0.03514838051449508
0.10999999999999946,2.56000000000002,-0.08413761827228447,-0.03548529111681967
0.10999999999999946,2.54000000000002,-0.08487487043495834,-0.03582590365967672
0.10999999999999946,2.52000000000002,-0.08562388065602228,-0.036170269645939765
0.10999999999999946,2.50000000000002,-0.08638493297207547,-0.036518441120202055
0.10999999999999946,2.48000000000002,-0.0871583206243558,-0.03687047064908083
0.10999999999999946,2.46000000000002,-0.08794434643208363,-0.0372264112999731
0.10999999999999946,2.44000000000002,-0.08874332318427271,-0.03758631661600536
0.10999999999999946,2.42000000000002,-0.08955557405098062,-0.03795024058819536
0.10999999999999946,2.40000000000002,-0.09038143301442969,-0.038318237623732765
0.10999999999999946,2.38000000000002,-0.09122124532175992,-0.03869036251125668
0.10999999999999946,2.36000000000002,-0.09207536796061618,-0.03906667038111105
0.10999999999999946,2.34000000000002,-0.09294417015833367,-0.03944721666177693
0.10999999999999946,2.32000000000002,-0.09382803390697836,-0.0398320570312046
0.10999999999999946,2.30000000000002,-0.09472735451456799,-0.04022124736303537
0.10999999999999946,2.28000000000002,-0.09564254118573505,-0.040614843666963774
0.10999999999999946,2.2600000000000198,-0.0965740176315037,-0.04101290202305241
0.10999999999999946,2.2400000000000198,-0.09752222271175151,-0.04141547850920291
0.10999999999999946,2.2200000000000197,-0.09848761111156928,-0.041822629121234356
0.10999999999999946,2.2000000000000197,-0.09947065405280217,-0.042234409685454166
0.10999999999999946,2.1800000000000197,-0.10047184004455312,-0.04265087576225547
0.10999999999999946,2.1600000000000197,-0.10149167567404581,-0.04307208254014361
0.10999999999999946,2.1400000000000197,-0.10253068643982313,-0.04349808472055042
0.10999999999999946,2.1200000000000196,-0.10358941763166847,-0.04392893639060312
0.10999999999999946,2.1000000000000196,-0.1046684352581965,-0.04436469088473141
0.10999999999999946,2.0800000000000196,-0.10576832702661486,-0.044805400633036285
0.10999999999999946,2.0600000000000196,-0.10688970337689357,-0.045251116995585136
0.10999999999999946,2.0400000000000196,-0.1080331985748057,-0.04570189008186443
0.10999999999999946,2.0200000000000196,-0.10919947186680175,-0.04615776855318235
0.10999999999999946,2.0000000000000195,-0.11038920870149914,-0.046618799407769085
0.10999999999999946,1.9800000000000195,-0.11160312202072023,-0.047085027746047906
0.10999999999999946,1.9600000000000195,-0.11284195362720392,-0.04755649651520215
0.10999999999999946,1.9400000000000195,-0.11410647563074458,-0.04803324623056773
0.10999999999999946,1.9200000000000195,-0.11539749198104825,-0.048515314672907706
