0.001,0.001,-0.009047824256869133
0.001,0.501,-0.009049016899211353
0.001,1.001,-0.00904978545122358
0.001,1.501,-0.009050136090812694
0.001,2.001,-0.009050074924745435
0.001,2.501,-0.009049607990695001
0.001,3.001,-0.009048741259176183
0.001,3.501,-0.009047480635374137
0.001,4.0009999999999994,-0.009045831960871513
0.001,4.5009999999999994,-0.009043801015278614
0.001,5.0009999999999994,-0.009041393517770927
0.001,5.5009999999999994,-0.009038615128538334
0.001,6.0009999999999994,-0.009035471450150016
0.001,6.5009999999999994,-0.009031968028838877
0.001,7.0009999999999994,-0.009028110355709254
0.001,7.5009999999999994,-0.009023903867871526
0.001,8.001,-0.009019353949507041
0.001,8.501,-0.009014465932866584
0.001,9.001,-0.009009245099205723
0.001,9.501,-0.009003696679659898
0.001,10.001,-0.008997825856062434
0.001,10.501,-0.008991637761708146
0.001,11.001,-0.008985137482065196
0.001,11.501,-0.008978330055438181
0.001,12.001,-0.008971220473584613
0.001,12.501,-0.008963813682287429
0.001,13.001,-0.008956114581885931
0.001,13.501,-0.008948128027767262
0.001,14.001,-0.008939858830820883
0.001,14.501,-0.008931311757857881
0.001,15.001,-0.008922491531997376
0.001,15.501,-0.008913402833021906
0.001,16.000999999999998,-0.008904050297703683
0.001,16.500999999999998,-0.008894438520103654
0.001,17.000999999999998,-0.008884572051844968
0.001,17.500999999999998,-0.008874455402362747
0.001,18.000999999999998,-0.008864093039131687
0.001,18.500999999999998,-0.008853489387873083
0.001,19.000999999999998,-0.008842648832742904
0.001,19.500999999999998,-0.008831575716502128
0.001,20.000999999999998,-0.008820274340671175
0.001,20.500999999999998,-0.008808748965669305
0.001,21.000999999999998,-0.008797003810940713
0.001,21.500999999999998,-0.008785043055068241
0.001,22.000999999999998,-0.00877287083587619
0.001,22.500999999999998,-0.008760491250523151
0.001,23.000999999999998,-0.008747908355586037
0.001,23.500999999999998,-0.008735126167136462
0.001,24.000999999999998,-0.008722148660810364
0.001,24.500999999999998,-0.008708979771871824
0.001,25.000999999999998,-0.008695623395272075
0.001,25.500999999999998,-0.008682083385704606
0.001,26.000999999999998,-0.00866836355765697
0.001,26.500999999999998,-0.008654467685460401
0.001,27.000999999999998,-0.008640399503337687
0.001,27.500999999999998,-0.008626162705450318
0.001,28.000999999999998,-0.008611760945945197
0.001,28.500999999999998,-0.008597197839001975
0.001,29.000999999999998,-0.008582476958881199
0.001,29.500999999999998,-0.008567601839974202
0.001,30.000999999999998,-0.008552575976854842
0.001,30.500999999999998,-0.008537402824334126
0.001,31.000999999999998,-0.008522085797517565
0.001,31.500999999999998,-0.008506628271866122
0.001,32.001,-0.00849103358326104
0.001,32.501,-0.00847530502807281
0.001,33.001,-0.008459445863234662
0.001,33.501,-0.008443459306320924
0.001,34.001,-0.008427348535630581
0.001,34.501,-0.008411116690276062
0.001,35.001,-0.008394766870277608
0.001,35.501,-0.008378302136663678
0.001,36.001,-0.008361725511576906
0.001,36.501,-0.008345039978386577
0.001,37.001,-0.008328248481807061
0.001,37.501,-0.008311353928022677
0.001,38.001,-0.008294359184819064
0.001,38.501,-0.008277267081720949
0.001,39.001,-0.00826008041013644
0.001,39.501,-0.008242801923508047
0.006,0.001,-0.04353758608378151
0.006,0.501,-0.04415680189473349
0.006,1.001,-0.04480169577909547
0.006,1.501,-0.045474824483596084
0.006,2.001,-0.04617913315137693
0.006,2.501,-0.04691803887388515
0.006,3.001,-0.047695538156881385
0.006,3.501,-0.04851634708360697
0.006,4.0009999999999994,-0.04938608699824764
0.006,4.5009999999999994,-0.05031153486317454
0.006,5.0009999999999994,-0.05130096764724599
0.006,5.5009999999999994,-0.05236464708938118
0.006,6.0009999999999994,-0.053515520531174005
0.006,6.5009999999999994,-0.05477026646354073
0.006,7.0009999999999994,-0.05615091397148561
0.006,7.5009999999999994,-0.057687468234189465
0.006,8.001,-0.059422416044221694
0.006,8.501,-0.06141904275176897
0.006,9.001,-0.06377835804346993
0.006,9.501,-0.06667865382803896
0.006,10.001,-0.07049025524338691
0.006,10.501,-0.07627721746624085
0.006,11.001,-0.09133465247716117
0.006,11.501,-0.08703638246056752
0.006,12.001,-0.08313195708041701
0.006,12.501,-0.0795716422152913
0.006,13.001,-0.0763136203559492
0.006,13.501,-0.07332248785680308
0.006,14.001,-0.07056808037587421
0.006,14.501,-0.06802454607550898
0.006,15.001,-0.06566960787248018
0.006,15.501,-0.06348397137127255
0.006,16.000999999999998,-0.061450846097290776
0.006,16.500999999999998,-0.05955555560148704
0.006,17.000999999999998,-0.05778521783347822
0.006,17.500999999999998,-0.056128481490765145
0.006,18.000999999999998,-0.054575307272118165
0.006,18.500999999999998,-0.053116785391075935
0.006,19.000999999999998,-0.05174498255152016
0.006,19.500999999999998,-0.050452813002112025
0.006,20.000999999999998,-0.04923392937897626
0.006,20.500999999999998,-0.04808262989576901
0.006,21.000999999999998,-0.046993779105638345
0.006,21.500999999999998,-0.045962739983906396
0.006,22.000999999999998,-0.04498531549598263
0.006,22.500999999999998,-0.04405769814647638
0.006,23.000999999999998,-0.043176426271215006
0.006,23.500999999999998,-0.04233834604805144
0.006,24.000999999999998,-0.04154057837581051
0.006,24.500999999999998,-0.040780489911893494
0.006,25.000999999999998,-0.04005566767446761
0.006,25.500999999999998,-0.03936389670992109
0.006,26.000999999999998,-0.03870314040438602
0.006,26.500999999999998,-0.03807152308279751
0.006,27.000999999999998,-0.0374673145926928
0.006,27.500999999999998,-0.03688891661476089
0.006,28.000999999999998,-0.03633485047966276
0.006,28.500999999999998,-0.0358037463021323
0.006,29.000999999999998,-0.035294333269903715
0.006,29.500999999999998,-0.03480543094743799
0.006,30.000999999999998,-0.03433594147342643
0.006,30.500999999999998,-0.03388484254721804
0.006,31.000999999999998,-0.03345118111309163
0.006,31.500999999999998,-0.03303406766307835
0.006,32.001,-0.0326326710891348
0.006,32.501,-0.032246214024147166
0.006,33.001,-0.031873968618721105
0.006,33.501,-0.03151525270716647
0.006,34.001,-0.031169426321673986
0.006,34.501,-0.030835888518526658
0.006,35.001,-0.030514074484402902
0.006,35.501,-0.03020345289449473
0.006,36.001,-0.029903523497374587
0.006,36.501,-0.029613814904338606
0.006,37.001,-0.02933388256341738
0.006,37.501,-0.029063306900394784
0.006,38.001,-0.028801691611076527
0.006,38.501,-0.028548662090716964
0.006,39.001,-0.02830386398799165
0.006,39.501,-0.02806696187220172
0.011,0.001,-0.07315296434251659
0.011,0.501,-0.07512432202296632
0.011,1.001,-0.07728256105867454
0.011,1.501,-0.07966639293017914
0.011,2.001,-0.08232781380691048
0.011,2.501,-0.08533903503523897
0.011,3.001,-0.08880468669509968
0.011,3.501,-0.09288507288876505
0.011,4.0009999999999994,-0.0978454898340125
0.011,4.5009999999999994,-0.10417831409090413
0.011,5.0009999999999994,-0.11299118256563653
0.011,5.5009999999999994,-0.12808846578477912
0.011,6.0009999999999994,-0.15427652186709556
0.011,6.5009999999999994,-0.14021206087958957
0.011,7.0009999999999994,-0.1283514501973917
0.011,7.5009999999999994,-0.11823142763811348
0.011,8.001,-0.10950836779392809
0.011,8.501,-0.10192226792415088
0.011,9.001,-0.09527295230621016
0.011,9.501,-0.0894039301078832
0.011,10.001,-0.08419118880783846
0.011,10.501,-0.07953525299374918
0.011,11.001,-0.07535545323619572
0.011,11.501,-0.07158572150813272
0.011,12.001,-0.06817146048017356
0.011,12.501,-0.06506718085164293
0.011,13.001,-0.062234696301186034
0.011,13.501,-0.0596417288832702
0.011,14.001,-0.05726082036656811
0.011,14.501,-0.05506847427399964
0.011,15.001,-0.05304447375785471
0.011,15.501,-0.05117133482565753
0.011,16.000999999999998,-0.04943386471624554
0.011,16.500999999999998,-0.04781880266687172
0.011,17.000999999999998,-0.04631452575664602
0.011,17.500999999999998,-0.04491080653652018
0.011,18.000999999999998,-0.04359861216035162
0.011,18.500999999999998,-0.042369936994536846
0.011,19.000999999999998,-0.04121766240279207
0.011,19.500999999999998,-0.040135438719105715
0.011,20.000999999999998,-0.03911758543761267
0.011,20.500999999999998,-0.03815900643748322
0.011,21.000999999999998,-0.03725511767844502
0.011,21.500999999999998,-0.036401785288804674
0.011,22.000999999999998,-0.03559527235300368
0.011,22.500999999999998,-0.03483219301263874
0.011,23.000999999999998,-0.0341094727407232
0.011,23.500999999999998,-0.03342431384695852
0.011,24.000999999999998,-0.032774165432019754
0.011,24.500999999999998,-0.03215669713916394
0.011,25.000999999999998,-0.031569776157908944
0.011,25.500999999999998,-0.031011447021864313
0.011,26.000999999999998,-0.030479913814740786
0.011,26.500999999999998,-0.02997352445807601
0.011,27.000999999999998,-0.029490756803631567
0.011,27.500999999999998,-0.02903020629459336
0.011,28.000999999999998,-0.028590574994149808
0.011,28.500999999999998,-0.028170661808923525
0.011,29.000999999999998,-0.027769353759064544
0.011,29.500999999999998,-0.027385618167363023
0.011,30.000999999999998,-0.027018495657148988
0.011,30.500999999999998,-0.02666709386353815
0.011,31.000999999999998,-0.026330581775183482
0.011,31.500999999999998,-0.026008184634459888
0.011,32.001,-0.025699179333231466
0.011,32.501,-0.025402890249271108
0.011,33.001,-0.025118685475220764
0.011,33.501,-0.024845973397863923
0.011,34.001,-0.024584199590571808
0.011,34.501,-0.024332843986197058
0.011,35.001,-0.024091418301520097
0.011,35.501,-0.023859463687691648
0.011,36.001,-0.02363654858402589
0.011,36.501,-0.023422266755041096
0.011,37.001,-0.02321623549287663
0.011,37.501,-0.023018093969167125
0.011,38.001,-0.02282750172217582
0.011,38.501,-0.022644137266500722
0.011,39.001,-0.02246769681400393
0.011,39.501,-0.02229789309579292
0.016,0.001,-0.10041107887365962
0.016,0.501,-0.10433408666319631
0.016,1.001,-0.10884112840024159
0.016,1.501,-0.1141264792633253
0.016,2.001,-0.12050025824110068
0.016,2.501,-0.12850573104035462
0.016,3.001,-0.1392427400155956
0.016,3.501,-0.15561631271586762
0.016,4.0009999999999994,-0.19551308212517318
0.016,4.5009999999999994,-0.19713037603554942
0.016,5.0009999999999994,-0.1730040663543993
0.016,5.5009999999999994,-0.15369488199047276
0.016,6.0009999999999994,-0.13793687240838529
0.016,6.5009999999999994,-0.12486637782505897
0.016,7.0009999999999994,-0.11387502078916789
0.016,7.5009999999999994,-0.10452253034480624
0.016,8.001,-0.09648286084453664
0.016,8.501,-0.08950969617685078
0.016,9.001,-0.08341368536985588
0.016,9.501,-0.07804701842296538
0.016,10.001,-0.07329273054624696
0.016,10.501,-0.06905713145762907
0.016,11.001,-0.06526434763154543
0.016,11.501,-0.061852322559902806
0.016,12.001,-0.058769841685253246
0.016,12.501,-0.05597428948612415
0.016,13.001,-0.05342993763716454
0.016,13.501,-0.05110662372192737
0.016,14.001,-0.04897872080037267
0.016,14.501,-0.04702432610972117
0.016,15.001,-0.04522461663999656
0.016,15.501,-0.043563333054567686
0.016,16.000999999999998,-0.04202636323553925
0.016,16.500999999999998,-0.04060140382689375
0.016,17.000999999999998,-0.03927768333431092
0.016,17.500999999999998,-0.03804573417172519
0.016,18.000999999999998,-0.03689720390242729
0.016,18.500999999999998,-0.03582469807361253
0.016,19.000999999999998,-0.03482164867629275
0.016,19.500999999999998,-0.03388220351220762
0.016,20.000999999999998,-0.03300113271298753
0.016,20.500999999999998,-0.03217374940517768
0.016,21.000999999999998,-0.03139584209984335
0.016,21.500999999999998,-0.030663616845885644
0.016,22.000999999999998,-0.02997364755070244
0.016,22.500999999999998,-0.029322833162055358
0.016,23.000999999999998,-0.028708360637374825
0.016,23.500999999999998,-0.0281276728137552
0.016,24.000999999999998,-0.02757844044315836
0.016,24.500999999999998,-0.02705853778028322
0.016,25.000999999999998,-0.026566021210925026
0.016,25.500999999999998,-0.026099110490947465
0.016,26.000999999999998,-0.02565617223375276
0.016,26.500999999999998,-0.025235705340154516
0.016,27.000999999999998,-0.024836328111047884
0.016,27.500999999999998,-0.024456766821987157
0.016,28.000999999999998,-0.02409584557115287
0.016,28.500999999999998,-0.0237524772393285
0.016,29.000999999999998,-0.02342565542335321
0.016,29.500999999999998,-0.023114447223794313
0.016,30.000999999999998,-0.022817986783909887
0.016,30.500999999999998,-0.02253546949083218
0.016,31.000999999999998,-0.022266146761709543
0.016,31.500999999999998,-0.02200932134762057
0.016,32.001,-0.02176434309670778
0.016,32.501,-0.02153060512538337
0.016,33.001,-0.0213075403528334
0.016,33.501,-0.021094618359544688
0.016,34.001,-0.020891342535329895
0.016,34.501,-0.020697247486445868
0.016,35.001,-0.02051189667497464
0.016,35.501,-0.020334880266746923
0.016,36.001,-0.020165813166803666
0.016,36.501,-0.020004333223758816
0.016,37.001,-0.0198500995865016
0.016,37.501,-0.019702791198497438
0.016,38.001,-0.019562105416544486
0.016,38.501,-0.019427756742249145
0.016,39.001,-0.01929947565572626
0.016,39.501,-0.01917700754212262
0.021,0.001,-0.126081056985232
0.021,0.501,-0.13249349090293577
0.021,1.001,-0.14022639337170004
0.021,1.501,-0.14991842011704878
0.021,2.001,-0.16282316145587616
0.021,2.501,-0.18203375202936486
0.021,3.001,-0.22112361156987587
0.021,3.501,-0.2501559961409966
0.021,4.0009999999999994,-0.21131470893144386
0.021,4.5009999999999994,-0.18193637002791213
0.021,5.0009999999999994,-0.15904039738478482
0.021,5.5009999999999994,-0.140764449019746
0.021,6.0009999999999994,-0.1258880689915559
0.021,6.5009999999999994,-0.1135798878696282
0.021,7.0009999999999994,-0.10325512126503478
0.021,7.5009999999999994,-0.09449116297746672
0.021,8.001,-0.08697547235652178
0.021,8.501,-0.08047224599163408
0.021,9.001,-0.07480044619133548
0.021,9.501,-0.06981892876929845
0.021,10.001,-0.06541613995794954
0.021,10.501,-0.06150283048885273
0.021,11.001,-0.058006807951312356
0.021,11.501,-0.05486909447587882
0.021,12.001,-0.05204107126575014
0.021,12.501,-0.049482327697561834
0.021,13.001,-0.047159021094286185
0.021,13.501,-0.04504261176166098
0.021,14.001,-0.043108877284871505
0.021,14.501,-0.04133713706903347
0.021,15.001,-0.039709636869368105
0.021,15.501,-0.03821105628371228
0.021,16.000999999999998,-0.036828111624942844
0.021,16.500999999999998,-0.035549233416223444
0.021,17.000999999999998,-0.03436430273931963
0.021,17.500999999999998,-0.03326443434843241
0.021,18.000999999999998,-0.032241797207098404
0.021,18.500999999999998,-0.03128946517081488
0.021,19.000999999999998,-0.03040129210493589
0.021,19.500999999999998,-0.029571806925811968
0.021,20.000999999999998,-0.028796124976733957
0.021,20.500999999999998,-0.02806987286710065
0.021,21.000999999999998,-0.027389124463434104
0.021,21.500999999999998,-0.02675034616143607
0.021,22.000999999999998,-0.026150349916894616
0.021,22.500999999999998,-0.025586252790682926
0.021,23.000999999999998,-0.025055441985111025
0.021,23.500999999999998,-0.024555544527478698
0.021,24.000999999999998,-0.024084400901059174
0.021,24.500999999999998,-0.023640042041027806
0.021,25.000999999999998,-0.023220669208546783
0.021,25.500999999999998,-0.02282463633465481
0.021,26.000999999999998,-0.022450434490161503
0.021,26.500999999999998,-0.022096678191079192
0.021,27.000999999999998,-0.021762093293372663
0.021,27.500999999999998,-0.02144550626763387
0.021,28.000999999999998,-0.021145834675061426
0.021,28.500999999999998,-0.020862078691924368
0.021,29.000999999999998,-0.020593313551381522
0.021,29.500999999999998,-0.020338682789835923
0.021,30.000999999999998,-0.020097392200497347
0.021,30.500999999999998,-0.0198687044099721
0.021,31.000999999999998,-0.01965193400489345
0.021,31.500999999999998,-0.019446443145159375
0.021,32.001,-0.019251637608517877
0.021,32.501,-0.019066963218253897
0.021,33.001,-0.018891902611765987
0.021,33.501,-0.018725972313019604
0.021,34.001,-0.018568720076358472
0.021,34.501,-0.018419722473047673
0.021,35.001,-0.018278582695301065
0.021,35.501,-0.018144928555482165
0.021,36.001,-0.018018410660730736
0.021,36.501,-0.017898700745501
0.021,37.001,-0.017785490146458555
0.021,37.501,-0.017678488405893304
0.021,38.001,-0.017577421991316025
0.021,38.501,-0.0174820331202309
0.021,39.001,-0.017392078680243374
0.021,39.501,-0.017307329235694165
0.026000000000000002,0.001,-0.1505497770863031
0.026000000000000002,0.501,-0.15995346184301393
0.026000000000000002,1.001,-0.17187042196204702
0.026000000000000002,1.501,-0.1879901690238638
0.026000000000000002,2.001,-0.21264449239780867
0.026000000000000002,2.501,-0.2673696729391217
0.026000000000000002,3.001,-0.28679764000059427
0.026000000000000002,3.501,-0.23537644773194982
0.026000000000000002,4.0009999999999994,-0.1980534164297822
0.026000000000000002,4.5009999999999994,-0.169895167151547
0.026000000000000002,5.0009999999999994,-0.14800386749994468
0.026000000000000002,5.5009999999999994,-0.1305714841112361
0.026000000000000002,6.0009999999999994,-0.11641477530957113
0.026000000000000002,6.5009999999999994,-0.10472878108368104
0.026000000000000002,7.0009999999999994,-0.09494801036701281
0.026000000000000002,7.5009999999999994,-0.08666430029539755
0.026000000000000002,8.001,-0.07957615080930228
0.026000000000000002,8.501,-0.07345635162011324
0.026000000000000002,9.001,-0.06813065940248343
0.026000000000000002,9.501,-0.0634633771366308
0.026000000000000002,10.001,-0.05934737224154783
0.026000000000000002,10.501,-0.055697023595709765
0.026000000000000002,11.001,-0.05244314574103874
0.026000000000000002,11.501,-0.049529275308036
0.026000000000000002,12.001,-0.04690891334697755
0.026000000000000002,12.501,-0.04454344966636569
0.026000000000000002,13.001,-0.042400581155774004
0.026000000000000002,13.501,-0.040453092867943644
0.026000000000000002,14.001,-0.038677908879251884
0.026000000000000002,14.501,-0.03705534612471131
0.026000000000000002,15.001,-0.035568522592999204
0.026000000000000002,15.501,-0.03420288408290096
0.026000000000000002,16.000999999999998,-0.032945822869219515
0.026000000000000002,16.500999999999998,-0.03178636823254095
0.026000000000000002,17.000999999999998,-0.030714933632050634
0.026000000000000002,17.500999999999998,-0.029723108861008186
0.026000000000000002,18.000999999999998,-0.02880348817743289
0.026000000000000002,18.500999999999998,-0.027949527397360716
0.026000000000000002,19.000999999999998,-0.02715542445083046
0.026000000000000002,19.500999999999998,-0.026416019057252042
0.026000000000000002,20.000999999999998,-0.025726708067652586
0.026000000000000002,20.500999999999998,-0.02508337371241802
0.026000000000000002,21.000999999999998,-0.024482322532975512
0.026000000000000002,21.500999999999998,-0.023920233200217775
0.026000000000000002,22.000999999999998,-0.02339411175809466
0.026000000000000002,22.500999999999998,-0.02290125309777597
0.026000000000000002,23.000999999999998,-0.022439207681337413
0.026000000000000002,23.500999999999998,-0.022005752705625936
0.026000000000000002,24.000999999999998,-0.02159886703571259
0.026000000000000002,24.500999999999998,-0.021216709349995977
0.026000000000000002,25.000999999999998,-0.02085759903091549
0.026000000000000002,25.500999999999998,-0.020519999410501377
0.026000000000000002,26.000999999999998,-0.020202503041922747
0.026000000000000002,26.500999999999998,-0.019903818719332667
0.026000000000000002,27.000999999999998,-0.019622760010723106
0.026000000000000002,27.500999999999998,-0.019358235103783566
0.026000000000000002,28.000999999999998,-0.01910923779423228
0.026000000000000002,28.500999999999998,-0.018874839470782077
0.026000000000000002,29.000999999999998,-0.018654181971663693
0.026000000000000002,29.500999999999998,-0.018446471205140834
0.026000000000000002,30.000999999999998,-0.018250971441261116
0.026000000000000002,30.500999999999998,-0.018067000194656367
0.026000000000000002,31.000999999999998,-0.017893923628896503
0.026000000000000002,31.500999999999998,-0.017731152422024818
0.026000000000000002,32.001,-0.01757813804070408
0.026000000000000002,32.501,-0.01743436937709926
0.026000000000000002,33.001,-0.01729936970837074
0.026000000000000002,33.501,-0.01717269394361494
0.026000000000000002,34.001,-0.017053926127370618
0.026000000000000002,34.501,-0.016942677172515765
0.026000000000000002,35.001,-0.016838582798599747
0.026000000000000002,35.501,-0.01674130165445022
0.026000000000000002,36.001,-0.01665051360633133
0.026000000000000002,36.501,-0.016565918175060028
0.026000000000000002,37.001,-0.016487233107342084
0.026000000000000002,37.501,-0.016414193068227077
0.026000000000000002,38.001,-0.01634654844300649
0.026000000000000002,38.501,-0.0162840642381427
0.026000000000000002,39.001,-0.016226519071922643
0.026000000000000002,39.501,-0.016173704246509657
0.031000000000000003,0.001,-0.17405158769202905
0.031000000000000003,0.501,-0.18692573925890893
0.031000000000000003,1.001,-0.20410179991449198
0.031000000000000003,1.501,-0.229531732359698
0.031000000000000003,2.001,-0.2782921503097014
0.031000000000000003,2.501,-0.34529384488747683
0.031000000000000003,3.001,-0.27290266096774163
0.031000000000000003,3.501,-0.22313568205114953
0.031000000000000003,4.0009999999999994,-0.1871005495741256
0.031000000000000003,4.5009999999999994,-0.15997702548146578
0.031000000000000003,5.0009999999999994,-0.13893758031562978
0.031000000000000003,5.5009999999999994,-0.12222031382974544
0.031000000000000003,6.0009999999999994,-0.10867359186770273
0.031000000000000003,6.5009999999999994,-0.09751488173837392
0.031000000000000003,7.0009999999999994,-0.08819507426540088
0.031000000000000003,7.5009999999999994,-0.0803182686611516
0.031000000000000003,8.001,-0.07359233680580116
0.031000000000000003,8.501,-0.06779736181052043
0.031000000000000003,9.001,-0.06276486630310141
0.031000000000000003,9.501,-0.05836377534101257
0.031000000000000003,10.001,-0.054490707377650126
0.031000000000000003,10.501,-0.05106311911717213
0.031000000000000003,11.001,-0.04801437565236481
0.031000000000000003,11.501,-0.045290146209777095
0.031000000000000003,12.001,-0.042845729519736905
0.031000000000000003,12.501,-0.04064404203137122
0.031000000000000003,13.001,-0.038654085940007535
0.031000000000000003,13.501,-0.03684976935537264
0.031000000000000003,14.001,-0.03520898819687343
0.031000000000000003,14.501,-0.03371290489133636
0.031000000000000003,15.001,-0.03234537665118528
0.031000000000000003,15.501,-0.031092498577901806
0.031000000000000003,16.000999999999998,-0.0299422357289526
0.031000000000000003,16.500999999999998,-0.02888412470669094
0.031000000000000003,17.000999999999998,-0.02790903001452929
0.031000000000000003,17.500999999999998,-0.02700894388263715
0.031000000000000003,18.000999999999998,-0.026176820840130684
0.031000000000000003,18.500999999999998,-0.025406440245815835
0.031000000000000003,19.000999999999998,-0.024692291456423057
0.031000000000000003,19.500999999999998,-0.024029477432162053
0.031000000000000003,20.000999999999998,-0.023413633442470407
0.031000000000000003,20.500999999999998,-0.02284085820409391
0.031000000000000003,21.000999999999998,-0.022307655306177294
0.031000000000000003,21.500999999999998,-0.021810883187626823
0.031000000000000003,22.000999999999998,-0.021347712256607677
0.031000000000000003,22.500999999999998,-0.02091558800014279
0.031000000000000003,23.000999999999998,-0.020512199138138933
0.031000000000000003,23.500999999999998,-0.020135450042028158
0.031000000000000003,24.000999999999998,-0.0197834367721846
0.031000000000000003,24.500999999999998,-0.01945442619701179
0.031000000000000003,25.000999999999998,-0.019146837745250042
0.031000000000000003,25.500999999999998,-0.018859227415650243
0.031000000000000003,26.000999999999998,-0.018590273727860502
0.031000000000000003,26.500999999999998,-0.018338765347655023
0.031000000000000003,27.000999999999998,-0.018103590160487047
0.031000000000000003,27.500999999999998,-0.0178837256013229
0.031000000000000003,28.000999999999998,-0.017678230077085084
0.031000000000000003,28.500999999999998,-0.017486235341785963
0.031000000000000003,29.000999999999998,-0.01730693970440998
0.031000000000000003,29.500999999999998,-0.017139601966428584
0.031000000000000003,30.000999999999998,-0.016983536000074215
0.031000000000000003,30.500999999999998,-0.016838105890567803
0.031000000000000003,31.000999999999998,-0.016702721575766955
0.031000000000000003,31.500999999999998,-0.016576834925455676
0.031000000000000003,32.001,-0.016459936209987952
0.031000000000000003,32.501,-0.016351550914415907
0.031000000000000003,33.001,-0.016251236859750516
0.031000000000000003,33.501,-0.01615858159775685
0.031000000000000003,34.001,-0.01607320004978828
0.031000000000000003,34.501,-0.01599473236371924
0.031000000000000003,35.001,-0.01592284196611066
0.031000000000000003,35.501,-0.015857213789426748
0.031000000000000003,36.001,-0.015797552656447496
0.031000000000000003,36.501,-0.015743581806060204
0.031000000000000003,37.001,-0.0156950415463885
0.031000000000000003,37.501,-0.015651688022781426
0.031000000000000003,38.001,-0.015613292089545561
0.031000000000000003,38.501,-0.015579638275512914
0.031000000000000003,39.001,-0.01555052383459072
0.031000000000000003,39.501,-0.015525757873375588
0.036000000000000004,0.001,-0.19674399269520887
0.036000000000000004,0.501,-0.21355343639962404
0.036000000000000004,1.001,-0.23722122135052087
0.036000000000000004,1.501,-0.27639893865314774
0.036000000000000004,2.001,-0.442069149233269
0.036000000000000004,2.501,-0.3315215795946018
0.036000000000000004,3.001,-0.26105945872684294
0.036000000000000004,3.501,-0.2127320409964588
0.036000000000000004,4.0009999999999994,-0.17781739208753097
0.036000000000000004,4.5009999999999994,-0.15159387278699055
0.036000000000000004,5.0009999999999994,-0.131295211609613
0.036000000000000004,5.5009999999999994,-0.11519970027776862
0.036000000000000004,6.0009999999999994,-0.10218323773805342
0.036000000000000004,6.5009999999999994,-0.09148282486376147
0.036000000000000004,7.0009999999999994,-0.08256361869348401
0.036000000000000004,7.5009999999999994,-0.07504039547612636
0.036000000000000004,8.001,-0.06862918651561248
0.036000000000000004,8.501,-0.06311642391342587
0.036000000000000004,9.001,-0.05833864900313965
0.036000000000000004,9.501,-0.05416880942641503
0.036000000000000004,10.001,-0.05050678776802324
0.036000000000000004,10.501,-0.047272718732057406
0.036000000000000004,11.001,-0.04440218638326858
0.036000000000000004,11.501,-0.04184271509825761
0.036000000000000004,12.001,-0.03955116724748904
0.036000000000000004,12.501,-0.03749178703088933
0.036000000000000004,13.001,-0.035634711782069305
0.036000000000000004,13.501,-0.033954826165371786
0.036000000000000004,14.001,-0.032430871088343236
0.036000000000000004,14.501,-0.031044744041947063
0.036000000000000004,15.001,-0.02978094485935897
0.036000000000000004,15.501,-0.02862613304701515
0.036000000000000004,16.000999999999998,-0.027568771514228464
0.036000000000000004,16.500999999999998,-0.02659883778598473
0.036000000000000004,17.000999999999998,-0.02570758835009472
0.036000000000000004,17.500999999999998,-0.024887365156744345
0.036000000000000004,18.000999999999998,-0.024131435795040183
0.036000000000000004,18.500999999999998,-0.023433860754258018
0.036000000000000004,19.000999999999998,-0.022789382604374152
0.036000000000000004,19.500999999999998,-0.022193333020355865
0.036000000000000004,20.000999999999998,-0.02164155441351716
0.036000000000000004,20.500999999999998,-0.02113033358349186
0.036000000000000004,21.000999999999998,-0.020656345311848345
0.036000000000000004,21.500999999999998,-0.020216604216977244
0.036000000000000004,22.000999999999998,-0.019808423504880546
0.036000000000000004,22.500999999999998,-0.019429379500869058
0.036000000000000004,23.000999999999998,-0.019077281047280834
0.036000000000000004,23.500999999999998,-0.018750143013102905
0.036000000000000004,24.000999999999998,-0.01844616329119727
0.036000000000000004,24.500999999999998,-0.018163702764150032
0.036000000000000004,25.000999999999998,-0.0179012678055998
0.036000000000000004,25.500999999999998,-0.017657494954171828
0.036000000000000004,26.000999999999998,-0.017431137454896918
0.036000000000000004,26.500999999999998,-0.017221053410670803
0.036000000000000004,27.000999999999998,-0.0170261953257958
0.036000000000000004,27.500999999999998,-0.01684560085649063
0.036000000000000004,28.000999999999998,-0.016678384610658615
0.036000000000000004,28.500999999999998,-0.01652373086215227
0.036000000000000004,29.000999999999998,-0.016380887064047497
0.036000000000000004,29.500999999999998,-0.016249158061693438
0.036000000000000004,30.000999999999998,-0.016127900920030504
0.036000000000000004,30.500999999999998,-0.01601652029131871
0.036000000000000004,31.000999999999998,-0.01591446425931542
0.036000000000000004,31.500999999999998,-0.01582122060438127
0.036000000000000004,32.001,-0.01573631344120905
0.036000000000000004,32.501,-0.01565930018705243
0.036000000000000004,33.001,-0.015589768823643282
0.036000000000000004,33.501,-0.015527335420560437
0.036000000000000004,34.001,-0.015471641891761884
0.036000000000000004,34.501,-0.015422353960408922
0.036000000000000004,35.001,-0.01537915931006996
0.036000000000000004,35.501,-0.015341765902968176
0.036000000000000004,36.001,-0.015309900448175966
0.036000000000000004,36.501,-0.01528330700461241
0.036000000000000004,37.001,-0.015261745705410605
0.036000000000000004,37.501,-0.015244991591715653
0.036000000000000004,38.001,-0.015232833545287906
0.036000000000000004,38.501,-0.015225073310437653
0.036000000000000004,39.001,-0.015221524596834679
0.036000000000000004,39.501,-0.015222012255630572
0.041,0.001,-0.2187402295011559
0.041,0.501,-0.23994105662646906
0.041,1.001,-0.27154299693040346
0.041,1.501,-0.3321431742632303
0.041,2.001,-0.42764298876704593
0.041,2.501,-0.3195280852273547
0.041,3.001,-0.2507760593383155
0.041,3.501,-0.20372442572456623
0.041,4.0009999999999994,-0.16980252002617152
0.041,4.5009999999999994,-0.14437620746497729
0.041,5.0009999999999994,-0.12473357391732698
0.041,5.5009999999999994,-0.10918857046991008
0.041,6.0009999999999994,-0.09664152077470298
0.041,6.5009999999999994,-0.08634675165125344
0.041,7.0009999999999994,-0.07778207236486297
0.041,7.5009999999999994,-0.070571727052618
0.041,8.001,-0.0644389815014032
0.041,8.501,-0.059175896403713124
0.041,9.001,-0.054623461813957955
0.041,9.501,-0.05065819069199317
0.041,10.001,-0.047182858378872844
0.041,10.501,-0.04411997263015861
0.041,11.001,-0.041407083594785773
0.041,11.501,-0.038993359204822414
0.041,12.001,-0.03683704698617671
0.041,12.501,-0.03490356721654851
0.041,13.001,-0.033164062603071406
0.041,13.501,-0.03159428265036126
0.041,14.001,-0.030173716525473675
0.041,14.501,-0.028884912584167262
0.041,15.001,-0.027712939625158854
0.041,15.501,-0.02664495683213603
0.041,16.000999999999998,-0.025669867840161287
0.041,16.500999999999998,-0.024778040477666304
0.041,17.000999999999998,-0.023961078195154976
0.041,17.500999999999998,-0.02321163247868316
0.041,18.000999999999998,-0.02252324799229906
0.041,18.500999999999998,-0.02189023403061966
0.041,19.000999999999998,-0.02130755725412377
0.041,19.500999999999998,-0.020770751742143198
0.041,20.000999999999998,-0.020275843215900785
0.041,20.500999999999998,-0.019819284917312507
0.041,21.000999999999998,-0.019397903123396593
0.041,21.500999999999998,-0.019008850664108498
0.041,22.000999999999998,-0.01864956711791263
0.041,22.500999999999998,-0.01831774460292332
0.041,23.000999999999998,-0.018011298276014207
0.041,23.500999999999998,-0.01772834080855079
0.041,24.000999999999998,-0.01746716023353432
0.041,24.500999999999998,-0.017226200661235272
0.041,25.000999999999998,-0.017004045443739676
0.041,25.500999999999998,-0.016799402437029796
0.041,26.000999999999998,-0.016611091065261256
0.041,26.500999999999998,-0.01643803093813532
0.041,27.000999999999998,-0.016279231810554597
0.041,27.500999999999998,-0.016133784705585855
0.041,28.000999999999998,-0.016000854048299984
0.041,28.500999999999998,-0.015879670680294222
0.041,29.000999999999998,-0.01576952564336247
0.041,29.500999999999998,-0.01566976463650902
0.041,30.000999999999998,-0.01557978306378869
0.041,30.500999999999998,-0.015499021601719953
0.041,31.000999999999998,-0.01542696222459187
0.041,31.500999999999998,-0.01536312463414187
0.041,32.001,-0.015307063047056008
0.041,32.501,-0.01525836329971355
0.041,33.001,-0.015216640234730884
0.041,33.501,-0.015181535338272621
0.041,34.001,-0.01515271460091066
0.041,34.501,-0.015129866578106997
0.041,35.001,-0.01511270062925307
0.041,35.501,-0.015100945316678487
0.041,36.001,-0.01509434694820315
0.041,36.501,-0.015092668248687307
0.041,37.001,-0.015095687147682946
0.041,37.501,-0.015103195671727465
0.041,38.001,-0.015114998931085318
0.041,38.501,-0.015130914191853513
0.041,39.001,-0.015150770025323005
0.041,39.501,-0.015174405527348889
0.046,0.001,-0.24012567168805657
0.046,0.501,-0.26616946651707674
0.046,1.001,-0.30742970192197466
0.046,1.501,-0.40608238673326813
0.046,2.001,-0.4148645526264512
0.046,2.501,-0.3089367384326108
0.046,3.001,-0.24172168126310273
0.046,3.501,-0.19581633716761443
0.046,4.0009999999999994,-0.16278616874312662
0.046,4.5009999999999994,-0.1380757745851519
0.046,5.0009999999999994,-0.11902214246055079
0.046,5.5009999999999994,-0.10397129950078698
0.046,6.0009999999999994,-0.09184553672685979
0.046,6.5009999999999994,-0.08191476172257815
0.046,7.0009999999999994,-0.07366816011514889
0.046,7.5009999999999994,-0.06673848812184846
0.046,8.001,-0.06085551488806624
0.046,8.501,-0.0558163602720797
0.046,9.001,-0.05146601253053917
0.046,9.501,-0.04768418852820512
0.046,10.001,-0.044376262845008854
0.046,10.501,-0.04146687527888641
0.046,11.001,-0.03889534220533551
0.046,11.501,-0.03661230789379676
0.046,12.001,-0.03457726397810307
0.046,12.501,-0.03275668695811425
0.046,13.001,-0.031122622374781275
0.046,13.501,-0.029651596299754494
0.046,14.001,-0.02832376973037757
0.046,14.501,-0.02712227536041041
0.046,15.001,-0.026032692760680307
0.046,15.501,-0.02504262965432056
0.046,16.000999999999998,-0.024141385272026722
0.046,16.500999999999998,-0.023319677758070447
0.046,17.000999999999998,-0.022569421961815946
0.046,17.500999999999998,-0.02188354716456819
0.046,18.000999999999998,-0.02125584668334786
0.046,18.500999999999998,-0.02068085308871023
0.046,19.000999999999998,-0.02015373413324313
0.046,19.500999999999998,-0.019670205525053663
0.046,20.000999999999998,-0.01922645747862671
0.046,20.500999999999998,-0.018819092593635022
0.046,21.000999999999998,-0.018445073094405687
0.046,21.500999999999998,-0.018101675841169108
0.046,22.000999999999998,-0.01778645382306068
0.046,22.500999999999998,-0.01749720308020685
0.046,23.000999999999998,-0.017231934191812945
0.046,23.500999999999998,-0.016988847619369935
0.046,24.000999999999998,-0.01676631231691663
0.046,24.500999999999998,-0.016562847119866865
0.046,25.000999999999998,-0.016377104505010703
0.046,25.500999999999998,-0.01620785638064165
0.046,26.000999999999998,-0.016053981620255557
0.046,26.500999999999998,-0.015914455098221432
0.046,27.000999999999998,-0.015788338023026517
0.046,27.500999999999998,-0.015674769394632148
0.046,28.000999999999998,-0.015572958438258622
0.046,28.500999999999998,-0.015482177888500877
0.046,29.000999999999998,-0.015401758015792182
0.046,29.500999999999998,-0.015331081302493332
0.046,30.000999999999998,-0.015269577688772934
0.046,30.500999999999998,-0.015216720319367931
0.046,31.000999999999998,-0.015172021731591316
0.046,31.500999999999998,-0.015135030432860432
0.046,32.001,-0.015105327822775093
0.046,32.501,-0.015082525420555382
0.046,33.001,-0.0150662623636202
0.046,33.501,-0.015056203147357304
0.046,34.001,-0.015052035579825644
0.046,34.501,-0.015053468928317694
0.046,35.001,-0.015060232237471181
0.046,35.501,-0.015072072801019345
0.046,36.001,-0.015088754771352433
0.046,36.501,-0.01511005789288808
0.046,37.001,-0.01513577634683106
0.046,37.501,-0.015165717696297973
0.046,38.001,-0.01519970192200093
0.046,38.501,-0.015237560539754252
0.046,39.001,-0.015279135792012032
0.046,39.501,-0.01532427990647341
0.051,0.001,-0.2609670044680933
0.051,0.501,-0.29230421974805265
0.051,1.001,-0.34533337374485984
0.051,1.501,-0.5870323497884858
0.051,2.001,-0.4034215877725746
0.051,2.501,-0.2994813392879669
0.051,3.001,-0.2336625855930344
0.051,3.501,-0.18879831148068668
0.051,4.0009999999999994,-0.15657780406765137
0.051,4.5009999999999994,-0.13251726959951934
0.051,5.0009999999999994,-0.11399816570807875
0.051,5.5009999999999994,-0.09939568454494208
0.051,6.0009999999999994,-0.08765208825691331
0.051,6.5009999999999994,-0.07805144751628221
0.051,7.0009999999999994,-0.0700932879118939
0.051,7.5009999999999994,-0.0634181013514423
0.051,8.001,-0.057761566475368266
0.051,8.501,-0.052925399800922146
0.051,9.001,-0.048758221871858194
0.051,9.501,-0.04514265992403256
0.051,10.001,-0.04198644939374545
0.051,10.501,-0.03921616638986918
0.051,11.001,-0.03677273120845512
0.051,11.501,-0.034608128661283225
0.051,12.001,-0.03268297995128746
0.051,12.501,-0.03096472047376258
0.051,13.001,-0.029426215340504935
0.051,13.501,-0.02804469551407096
0.051,14.001,-0.02680093176522315
0.051,14.501,-0.02567858711113355
0.051,15.001,-0.024663704648054605
0.051,15.501,-0.023744299122036225
0.051,16.000999999999998,-0.02291002872195782
0.051,16.500999999999998,-0.02215192944692334
0.051,17.000999999999998,-0.02146219867689761
0.051,17.500999999999998,-0.020834017725216494
0.051,18.000999999999998,-0.020261405493959966
0.051,18.500999999999998,-0.019739097111018185
0.051,19.000999999999998,-0.019262442758202727
0.051,19.500999999999998,-0.01882732291497142
0.051,20.000999999999998,-0.018430077022862153
0.051,20.500999999999998,-0.018067443180149537
0.051,21.000999999999998,-0.01773650694745279
0.051,21.500999999999998,-0.017434657714761506
0.051,22.000999999999998,-0.01715955137224494
0.051,22.500999999999998,-0.016909078258974926
0.051,23.000999999999998,-0.01668133554874565
0.051,23.500999999999998,-0.01647460338069593
0.051,24.000999999999998,-0.0162873241622468
0.051,24.500999999999998,-0.016118084568969265
0.051,25.000999999999998,-0.015965599845058104
0.051,25.500999999999998,-0.015828700072745172
0.051,26.000999999999998,-0.015706318132077755
0.051,26.500999999999998,-0.01559747911626732
0.051,27.000999999999998,-0.015501291004042982
0.051,27.500999999999998,-0.015416936420548408
0.051,28.000999999999998,-0.015343665343410286
0.051,28.500999999999998,-0.015280788631603648
0.051,29.000999999999998,-0.015227672272353263
0.051,29.500999999999998,-0.015183732256147327
0.051,30.000999999999998,-0.015148430002466701
0.051,30.500999999999998,-0.015121268269442587
0.051,31.000999999999998,-0.015101787489670386
0.051,31.500999999999998,-0.0150895624820832
0.051,32.001,-0.015084199496345652
0.051,32.501,-0.015085333551839948
0.051,33.001,-0.015092626038137418
0.051,33.501,-0.01510576254799153
0.051,34.001,-0.01512445091746222
0.051,34.501,-0.015148419450876058
0.051,35.001,-0.015177415310998796
0.051,35.501,-0.015211203057119635
0.051,36.001,-0.015249563315773273
0.051,36.501,-0.01529229157058028
0.051,37.001,-0.015339197059228135
0.051,37.501,-0.01539010176696233
0.051,38.001,-0.015444839507131929
0.051,38.501,-0.015503255080375072
0.051,39.001,-0.015565203504937671
0.051,39.501,-0.015630549311422017
0.055999999999999994,0.001,-0.2813177642260673
0.055999999999999994,0.501,-0.3184005728926614
0.055999999999999994,1.001,-0.38585745033476976
0.055999999999999994,1.501,-0.573855099113413
0.055999999999999994,2.001,-0.39308468224963916
0.055999999999999994,2.501,-0.2909663616024687
0.055999999999999994,3.001,-0.22642713030617734
0.055999999999999994,3.501,-0.18251656710460062
0.055999999999999994,4.0009999999999994,-0.15103757142242025
0.055999999999999994,4.5009999999999994,-0.12757204219442145
0.055999999999999994,5.0009999999999994,-0.10954222803461248
0.055999999999999994,5.5009999999999994,-0.09535006982948754
0.055999999999999994,6.0009999999999994,-0.08395614392554222
0.055999999999999994,6.5009999999999994,-0.07465750741739688
0.055999999999999994,7.0009999999999994,-0.06696316567389424
0.055999999999999994,7.5009999999999994,-0.06052070193296053
0.055999999999999994,8.001,-0.055071211472080585
0.055999999999999994,8.501,-0.050420623636629976
0.055999999999999994,9.001,-0.046420887596557533
0.055999999999999994,9.501,-0.04295729737204919
0.055999999999999994,10.001,-0.03993975144168186
0.055999999999999994,10.501,-0.03729659980846976
0.055999999999999994,11.001,-0.03497023201228693
0.055999999999999994,11.501,-0.03291386073174397
0.055999999999999994,12.001,-0.03108914170335786
0.055999999999999994,12.501,-0.029464388465970485
0.055999999999999994,13.001,-0.02801321662108789
0.055999999999999994,13.501,-0.02671350255620851
0.055999999999999994,14.001,-0.025546575331862872
0.055999999999999994,14.501,-0.024496583478622384
0.055999999999999994,15.001,-0.02354999442426127
0.055999999999999994,15.501,-0.02269519549881474
0.055999999999999994,16.000999999999998,-0.021922173459158423
0.055999999999999994,16.500999999999998,-0.021222255234754253
0.055999999999999994,17.000999999999998,-0.020587896793083878
0.055999999999999994,17.500999999999998,-0.02001251011315347
0.055999999999999994,18.000999999999998,-0.019490320552505824
0.055999999999999994,18.500999999999998,-0.019016248616465288
0.055999999999999994,19.000999999999998,-0.018585811442284383
0.055999999999999994,19.500999999999998,-0.01819504030548521
0.055999999999999994,20.000999999999998,-0.01784041122013539
0.055999999999999994,20.500999999999998,-0.01751878629657873
0.055999999999999994,21.000999999999998,-0.017227363981359094
0.055999999999999994,21.500999999999998,-0.016963636665860204
0.055999999999999994,22.000999999999998,-0.016725354435706483
0.055999999999999994,22.500999999999998,-0.01651049395961121
0.055999999999999994,23.000999999999998,-0.016317231697260612
0.055999999999999994,23.500999999999998,-0.016143920750966004
0.055999999999999994,24.000999999999998,-0.015989070802872034
0.055999999999999994,24.500999999999998,-0.015851330674337093
0.055999999999999994,25.000999999999998,-0.015729473121306483
0.055999999999999994,25.500999999999998,-0.015622381542601593
0.055999999999999994,26.000999999999998,-0.015529038329862487
0.055999999999999994,26.500999999999998,-0.015448514630583707
0.055999999999999994,27.000999999999998,-0.015379961331018169
0.055999999999999994,27.500999999999998,-0.015322601095070353
0.055999999999999994,28.000999999999998,-0.015275721319756767
0.055999999999999994,28.500999999999998,-0.015238667888265552
0.055999999999999994,29.000999999999998,-0.01521083961881041
0.055999999999999994,29.500999999999998,-0.015191683321915152
0.055999999999999994,30.000999999999998,-0.015180689390966173
0.055999999999999994,30.500999999999998,-0.015177387861191126
0.055999999999999994,31.000999999999998,-0.015181344880996941
0.055999999999999994,31.500999999999998,-0.01519215954706219
0.055999999999999994,32.001,-0.015209461060956726
0.055999999999999994,32.501,-0.015232906170518437
0.055999999999999994,33.001,-0.01526217686389629
0.055999999999999994,33.501,-0.015296978288200556
0.055999999999999994,34.001,-0.01533703686816827
0.055999999999999994,34.501,-0.015382098603257024
0.055999999999999994,35.001,-0.015431927524175444
0.055999999999999994,35.501,-0.015486304292112313
0.055999999999999994,36.001,-0.015545024925892204
0.055999999999999994,36.501,-0.015607899643987727
0.055999999999999994,37.001,-0.015674751809813696
0.055999999999999994,37.501,-0.01574541697003331
0.055999999999999994,38.001,-0.01581974197674698
0.055999999999999994,38.501,-0.015897584185442314
0.055999999999999994,39.001,-0.015978810721462282
0.055999999999999994,39.501,-0.01606329780852908
0.06099999999999999,0.001,-0.30122188296263913
0.06099999999999999,0.501,-0.3445067086140648
0.06099999999999999,1.001,-0.42986533844413227
0.06099999999999999,1.501,-0.5618273275830631
0.06099999999999999,2.001,-0.38368004140608486
0.06099999999999999,2.501,-0.2832437178473429
0.06099999999999999,3.001,-0.21988534679311228
0.06099999999999999,3.501,-0.17685468409817606
0.06099999999999999,4.0009999999999994,-0.14605961516696392
0.06099999999999999,4.5009999999999994,-0.12314273530752648
0.06099999999999999,5.0009999999999994,-0.10556397667372758
0.06099999999999999,5.5009999999999994,-0.09174998798143548
0.06099999999999999,6.0009999999999994,-0.080678260303757
0.06099999999999999,6.5009999999999994,-0.07165784335302595
0.06099999999999999,7.0009999999999994,-0.06420649579716055
0.06099999999999999,7.5009999999999994,-0.05797834801603978
0.06099999999999999,8.001,-0.05271949569836099
0.06099999999999999,8.501,-0.04823975687648717
0.06099999999999999,9.001,-0.044394152915506656
0.06099999999999999,9.501,-0.04107043892517577
0.06099999999999999,10.001,-0.038180509388491594
0.06099999999999999,10.501,-0.03565435105854836
0.06099999999999999,11.001,-0.03343570900156821
0.06099999999999999,11.501,-0.03147892862526652
0.06099999999999999,12.001,-0.029746619958493856
0.06099999999999999,12.501,-0.028207906504317537
0.06099999999999999,13.001,-0.02683709602996826
0.06099999999999999,13.501,-0.025612660143316285
0.06099999999999999,14.001,-0.024516442730604604
0.06099999999999999,14.501,-0.02353304000715705
0.06099999999999999,15.001,-0.02264931064602147
0.06099999999999999,15.501,-0.02185398549021529
0.06099999999999999,16.000999999999998,-0.021137354212525584
0.06099999999999999,16.500999999999998,-0.020491011947312517
0.06099999999999999,17.000999999999998,-0.019907653041807194
0.06099999999999999,17.500999999999998,-0.019380902108943443
0.06099999999999999,18.000999999999998,-0.01890517481898403
0.06099999999999999,18.500999999999998,-0.018475562558582487
0.06099999999999999,19.000999999999998,-0.01808773636532965
0.06099999999999999,19.500999999999998,-0.01773786652143844
0.06099999999999999,20.000999999999998,-0.017422554939824732
0.06099999999999999,20.500999999999998,-0.017138778055953915
0.06099999999999999,21.000999999999998,-0.01688383839081359
0.06099999999999999,21.500999999999998,-0.016655323304809337
0.06099999999999999,22.000999999999998,-0.01645106974202416
0.06099999999999999,22.500999999999998,-0.016269133986188157
0.06099999999999999,23.000999999999998,-0.016107765626776554
0.06099999999999999,23.500999999999998,-0.015965385075685287
0.06099999999999999,24.000999999999998,-0.01584056408943702
0.06099999999999999,24.500999999999998,-0.0157320088446165
0.06099999999999999,25.000999999999998,-0.015638545189709002
0.06099999999999999,25.500999999999998,-0.015559105758196308
0.06099999999999999,26.000999999999998,-0.01549271867839036
0.06099999999999999,26.500999999999998,-0.015438497657197582
0.06099999999999999,27.000999999999998,-0.015395633249517867
0.06099999999999999,27.500999999999998,-0.015363385153624828
0.06099999999999999,28.000999999999998,-0.015341075396750024
0.06099999999999999,28.500999999999998,-0.01532808229504861
0.06099999999999999,29.000999999999998,-0.015323835088863218
0.06099999999999999,29.500999999999998,-0.015327809168291445
0.06099999999999999,30.000999999999998,-0.01533952181594896
0.06099999999999999,30.500999999999998,-0.015358528403887677
0.06099999999999999,31.000999999999998,-0.015384418990169735
0.06099999999999999,31.500999999999998,-0.015416815267873946
0.06099999999999999,32.001,-0.015455367825516122
0.06099999999999999,32.501,-0.015499753683181898
0.06099999999999999,33.001,-0.01554967407322199
0.06099999999999999,33.501,-0.015604852438282163
0.06099999999999999,34.001,-0.01566503262281753
0.06099999999999999,34.501,-0.01572997723715571
0.06099999999999999,35.001,-0.015799466175703776
0.06099999999999999,35.501,-0.015873295273080876
0.06099999999999999,36.001,-0.015951275083867046
0.06099999999999999,36.501,-0.016033229773316768
0.06099999999999999,37.001,-0.016118996107835203
0.06099999999999999,37.501,-0.01620842253528313
0.06099999999999999,38.001,-0.01630136834628146
0.06099999999999999,38.501,-0.0163977029086708
0.06099999999999999,39.001,-0.016497304968124425
0.06099999999999999,39.501,-0.016600062008681193
0.06599999999999999,0.001,-0.3207160625492763
0.06599999999999999,0.501,-0.3706659236884795
0.06599999999999999,1.001,-0.4786974441579447
0.06599999999999999,1.501,-0.5507829881513742
0.06599999999999999,2.001,-0.3750726667348771
0.06599999999999999,2.501,-0.2761984050125267
0.06599999999999999,3.001,-0.21393632474389448
0.06599999999999999,3.501,-0.17172228967340936
0.06599999999999999,4.0009999999999994,-0.14156177853109042
0.06599999999999999,4.5009999999999994,-0.11915380131626675
0.06599999999999999,5.0009999999999994,-0.10199331081821675
0.06599999999999999,5.5009999999999994,-0.08852991469307747
0.06599999999999999,6.0009999999999994,-0.07775681954419404
0.06599999999999999,6.5009999999999994,-0.0689942161458979
0.06599999999999999,7.0009999999999994,-0.06176799398899219
0.06599999999999999,7.5009999999999994,-0.05573836432847788
0.06599999999999999,8.001,-0.050656066647627646
0.06599999999999999,8.501,-0.046334529953927804
0.06599999999999999,9.001,-0.042631628113159625
0.06599999999999999,9.501,-0.039437401102573336
0.06599999999999999,10.001,-0.03666559630913369
0.06599999999999999,10.501,-0.034247719748313005
0.06599999999999999,11.001,-0.03212877459627851
0.06599999999999999,11.501,-0.030264157491808875
0.06599999999999999,12.001,-0.028617364020526687
0.06599999999999999,12.501,-0.027158269248020256
0.06599999999999999,13.001,-0.02586182314884148
0.06599999999999999,13.501,-0.024707049548872734
0.06599999999999999,14.001,-0.023676269932401753
0.06599999999999999,14.501,-0.022754495799766995
0.06599999999999999,15.001,-0.021928948732446468
0.06599999999999999,15.501,-0.02118867818955814
0.06599999999999999,16.000999999999998,-0.020524254792036234
0.06599999999999999,16.500999999999998,-0.019927522418780083
0.06599999999999999,17.000999999999998,-0.019391396493523567
0.06599999999999999,17.500999999999998,-0.018909698824329167
0.06599999999999999,18.000999999999998,-0.01847702157397557
0.06599999999999999,18.500999999999998,-0.018088614601250923
0.06599999999999999,19.000999999999998,-0.017740291669775036
0.06599999999999999,19.500999999999998,-0.01742835197891494
0.06599999999999999,20.000999999999998,-0.017149514207179247
0.06599999999999999,20.500999999999998,-0.016900860827747548
0.06599999999999999,21.000999999999998,-0.01667979089921216
0.06599999999999999,21.500999999999998,-0.016483979882228078
0.06599999999999999,22.000999999999998,-0.01631134530694109
0.06599999999999999,22.500999999999998,-0.016160017333583125
0.06599999999999999,23.000999999999998,-0.016028313422132935
0.06599999999999999,23.500999999999998,-0.015914716466079656
0.06599999999999999,24.000999999999998,-0.015817855857467034
0.06599999999999999,24.500999999999998,-0.01573649104120326
0.06599999999999999,25.000999999999998,-0.015669497190491516
0.06599999999999999,25.500999999999998,-0.015615852695599963
0.06599999999999999,26.000999999999998,-0.015574628207707976
0.06599999999999999,26.500999999999998,-0.01554497702036492
0.06599999999999999,27.000999999999998,-0.01552612660483569
0.06599999999999999,27.500999999999998,-0.015517371143606486
0.06599999999999999,28.000999999999998,-0.01551806492965481
0.06599999999999999,28.500999999999998,-0.015527616518579597
0.06599999999999999,29.000999999999998,-0.015545483537037615
0.06599999999999999,29.500999999999998,-0.015571168064687058
0.06599999999999999,30.000999999999998,-0.015604212518442712
0.06599999999999999,30.500999999999998,-0.015644195977668605
0.06599999999999999,31.000999999999998,-0.01569073089726948
0.06599999999999999,31.500999999999998,-0.01574346016273858
0.06599999999999999,32.001,-0.01580205444726599
0.06599999999999999,32.501,-0.015866209836199
0.06599999999999999,33.001,-0.01593564568857877
0.06599999999999999,33.501,-0.01601010270929991
0.06599999999999999,34.001,-0.01608934120872849
0.06599999999999999,34.501,-0.016173139529455705
0.06599999999999999,35.001,-0.0162612926223206
0.06599999999999999,35.501,-0.016353610755973455
0.06599999999999999,36.001,-0.01644991834610149
0.06599999999999999,36.501,-0.016550052892054162
0.06599999999999999,37.001,-0.016653864010015014
0.06599999999999999,37.501,-0.016761212553101024
0.06599999999999999,38.001,-0.016871969809844234
0.06599999999999999,38.501,-0.016986016773465118
0.06599999999999999,39.001,-0.017103243475172017
0.06599999999999999,39.501,-0.017223548375462555
0.071,0.001,-0.33983142531600713
0.071,0.501,-0.39691819040947424
0.071,1.001,-0.5346778043747972
0.071,1.501,-0.5405903513253019
0.071,2.001,-0.3671554867710282
0.071,2.501,-0.26973923111903525
0.071,3.001,-0.20850006345444622
0.071,3.501,-0.16704775075790423
0.071,4.0009999999999994,-0.13747895228472978
0.071,4.5009999999999994,-0.11554537865151163
0.071,5.0009999999999994,-0.09877469345867967
0.071,5.5009999999999994,-0.08563794634972548
0.071,6.0009999999999994,-0.07514301933113127
0.071,6.5009999999999994,-0.06662050566253751
0.071,7.0009999999999994,-0.05960388578408578
0.071,7.5009999999999994,-0.05375904744457509
0.071,8.001,-0.0488410646460255
0.071,8.501,-0.04466673653183037
0.071,9.001,-0.04109659894836949
0.071,9.501,-0.038022823923454324
0.071,10.001,-0.035360887656515266
0.071,10.501,-0.033043713546643205
0.071,11.001,-0.031017478407767307
0.071,11.501,-0.029238559442314002
0.071,12.001,-0.027671278193020815
0.071,12.501,-0.026286210649869274
0.071,13.001,-0.025058905678582006
0.071,13.501,-0.023968902039111326
0.071,14.001,-0.02299896653759828
0.071,14.501,-0.02213449786994759
0.071,15.001,-0.021363055959961977
0.071,15.501,-0.020673987299933517
0.071,16.000999999999998,-0.020058124416240095
0.071,16.500999999999998,-0.019507543064181107
0.071,17.000999999999998,-0.01901536474669336
0.071,17.500999999999998,-0.018575595086758996
0.071,18.000999999999998,-0.01818299076340242
0.071,18.500999999999998,-0.017832949355244328
0.071,19.000999999999998,-0.017521417670912517
0.071,19.500999999999998,-0.01724481508706091
0.071,20.000999999999998,-0.016999969137694894
0.071,20.500999999999998,-0.01678406115766412
0.071,21.000999999999998,-0.01659458021859586
0.071,21.500999999999998,-0.016429283936797184
0.071,22.000999999999998,-0.01628616500173391
0.071,22.500999999999998,-0.016163422487102688
0.071,23.000999999999998,-0.01605943717670901
0.071,23.500999999999998,-0.015972750273802398
0.071,24.000999999999998,-0.015902044972449014
0.071,24.500999999999998,-0.01584613045852605
0.071,25.000999999999998,-0.015803927980295056
0.071,25.500999999999998,-0.015774458687638195
0.071,26.000999999999998,-0.015756832987537953
0.071,26.500999999999998,-0.015750241203316293
0.071,27.000999999999998,-0.01575394535817551
0.071,27.500999999999998,-0.01576727193097633
0.071,28.000999999999998,-0.015789605455011617
0.071,28.500999999999998,-0.015820382849595263
0.071,29.000999999999998,-0.015859088390273467
0.071,29.500999999999998,-0.01590524923690758
0.071,30.000999999999998,-0.015958431450215124
0.071,30.500999999999998,-0.016018236436955914
0.071,31.000999999999998,-0.016084297772083953
0.071,31.500999999999998,-0.016156278353117746
0.071,32.001,-0.016233867847887582
0.071,32.501,-0.016316780401873735
0.071,33.001,-0.016404752575677438
0.071,33.501,-0.016497541486899744
0.071,34.001,-0.016594923133901734
0.071,34.501,-0.016696690881695602
0.071,35.001,-0.016802654092612453
0.071,35.501,-0.01691263688646838
0.071,36.001,-0.01702647701676189
0.071,36.501,-0.01714402485100376
0.071,37.001,-0.017265142444656868
0.071,37.501,-0.017389702699360705
0.071,38.001,-0.017517588597169155
0.071,38.501,-0.017648692503448887
0.071,39.001,-0.01778291553190076
0.071,39.501,-0.01792016696587732
0.076,0.001,-0.358594697373971
0.076,0.501,-0.42330132611767274
0.076,1.001,-0.6026045847288165
0.076,1.501,-0.5311430547839968
0.076,2.001,-0.35984206935492535
0.076,2.501,-0.2637925983409464
0.076,3.001,-0.2035120098372205
0.076,3.501,-0.16277327660139754
0.076,4.0009999999999994,-0.13375861767656977
0.076,4.5009999999999994,-0.1122691890489675
0.076,5.0009999999999994,-0.09586334071723313
0.076,5.5009999999999994,-0.08303223484222902
0.076,6.0009999999999994,-0.0727975172863687
0.076,6.5009999999999994,-0.06449953654022324
0.076,7.0009999999999994,-0.057678890887106204
0.076,7.5009999999999994,-0.05200679020902213
0.076,8.001,-0.047242372014600555
0.076,8.501,-0.04320559454593069
0.076,9.001,-0.03975948868924792
0.076,9.501,-0.03679822462208755
0.076,10.001,-0.03423889862754504
0.076,10.501,-0.03201576222413799
0.076,11.001,-0.030076091852159773
0.076,11.501,-0.02837718336275659
0.076,12.001,-0.02688413203889374
0.076,12.501,-0.0255681704304628
0.076,13.001,-0.024405408345607345
0.076,13.501,-0.023375866815193214
0.076,14.001,-0.022462729692003802
0.076,14.501,-0.021651758260882906
0.076,15.001,-0.02093082926866143
0.076,15.501,-0.02028956733557344
0.076,16.000999999999998,-0.01971905021418635
0.076,16.500999999999998,-0.019211570762570823
0.076,17.000999999999998,-0.018760443428777134
0.076,17.500999999999998,-0.018359845933861398
0.076,18.000999999999998,-0.018004688986768325
0.076,18.500999999999998,-0.017690508472498784
0.076,19.000999999999998,-0.017413375770366363
0.076,19.500999999999998,-0.017169822785141578
0.076,20.000999999999998,-0.016956778984761764
0.076,20.500999999999998,-0.016771518287958448
0.076,21.000999999999998,-0.016611614073071233
0.076,21.500999999999998,-0.016474900914601413
0.076,22.000999999999998,-0.016359441918355075
0.076,22.500999999999998,-0.01626350073559664
0.076,23.000999999999998,-0.01618551750371069
0.076,23.500999999999998,-0.016124088094779082
0.076,24.000999999999998,-0.016077946161347795
0.076,24.500999999999998,-0.016045947555956248
0.076,25.000999999999998,-0.016027056771981192
0.076,25.500999999999998,-0.016020335111316064
0.076,26.000999999999998,-0.016024930331936214
0.076,26.500999999999998,-0.016040067567538376
0.076,27.000999999999998,-0.016065041343794044
0.076,27.500999999999998,-0.016099208542583315
0.076,28.000999999999998,-0.016141982187925237
0.076,28.500999999999998,-0.01619282594597799
0.076,29.000999999999998,-0.016251249247127023
0.076,29.500999999999998,-0.016316802951330846
0.076,30.000999999999998,-0.01638907548898583
0.076,30.500999999999998,-0.01646768941895531
0.076,31.000999999999998,-0.016552298353362218
0.076,31.500999999999998,-0.016642584205520422
0.076,32.001,-0.016738254723149208
0.076,32.501,-0.016839041273953213
0.076,33.001,-0.016944696854881584
0.076,33.501,-0.017054994300018604
0.076,34.001,-0.01716972466518664
0.076,34.501,-0.017288695770048608
0.076,35.001,-0.01741173088083563
0.076,35.501,-0.017538667518852115
0.076,36.001,-0.017669356381676896
0.076,36.501,-0.017803660365508428
0.076,37.001,-0.017941453678443645
0.076,37.501,-0.018082621035651128
0.076,38.001,-0.018227056928421692
0.076,38.501,-0.018374664959980476
0.076,39.001,-0.018525357241736158
0.076,39.501,-0.01867905384433788
0.081,0.001,-0.37702907920111595
0.081,0.501,-0.44985191348444403
0.081,1.001,-0.6966117551482891
0.081,1.501,-0.5223539115129323
0.081,2.001,-0.35306158080228445
0.081,2.501,-0.25829820354367594
0.081,3.001,-0.19891928158122266
0.081,3.501,-0.15885153281229675
0.081,4.0009999999999994,-0.130357765313725
0.081,4.5009999999999994,-0.10928570171627947
0.081,5.0009999999999994,-0.09322258821648778
0.081,5.5009999999999994,-0.08067852387176501
0.081,6.0009999999999994,-0.07068811236462426
0.081,6.5009999999999994,-0.06260088509893261
0.081,7.0009999999999994,-0.05596413988146435
0.081,7.5009999999999994,-0.050454095410802716
0.081,8.001,-0.045833713086187514
0.081,8.501,-0.04192592366375965
0.081,9.001,-0.038596105475284706
0.081,9.501,-0.035740308467108364
0.081,10.001,-0.03327715288138708
0.081,10.501,-0.031142139441136293
0.081,11.001,-0.029283578783661307
0.081,11.501,-0.027659630674287575
0.081,12.001,-0.0262361179758779
0.081,12.501,-0.024984890580303967
0.081,13.001,-0.023882585692412348
0.081,13.501,-0.0229096777413135
0.081,14.001,-0.022049742633219502
0.081,14.501,-0.021288882492196223
0.081,15.001,-0.020615271868029965
0.081,15.501,-0.02001879680009601
0.081,16.000999999999998,-0.019490765526558478
0.081,16.500999999999998,-0.019023674952691822
0.081,17.000999999999998,-0.01861102086591679
0.081,17.500999999999998,-0.018247142732958715
0.081,18.000999999999998,-0.017927096028580072
0.081,18.500999999999998,-0.017646546629025886
0.081,19.000999999999998,-0.01740168299993103
0.081,19.500999999999998,-0.01718914281986786
0.081,20.000999999999998,-0.01700595138024156
0.081,20.500999999999998,-0.016849469642985684
0.081,21.000999999999998,-0.01671735025837466
0.081,21.500999999999998,-0.01660750017492635
0.081,22.000999999999998,-0.01651804873317922
0.081,22.500999999999998,-0.016447320341073032
0.081,23.000999999999998,-0.016393810992812143
0.081,23.500999999999998,-0.01635616802462491
0.081,24.000999999999998,-0.016333172606743156
0.081,24.500999999999998,-0.016323724556639427
0.081,25.000999999999998,-0.016326829128215314
0.081,25.500999999999998,-0.016341585488514433
0.081,26.000999999999998,-0.01636717664016251
0.081,26.500999999999998,-0.01640286058611288
0.081,27.000999999999998,-0.016447962564999478
0.081,27.500999999999998,-0.016501868211694012
0.081,28.000999999999998,-0.016564017519563046
0.081,28.500999999999998,-0.016633899499203676
0.081,29.000999999999998,-0.01671104744375603
0.081,29.500999999999998,-0.016795034723770107
0.081,30.000999999999998,-0.016885471045465443
0.081,30.500999999999998,-0.016981999115400402
0.081,31.000999999999998,-0.01708429166235966
0.081,31.500999999999998,-0.017192048773887796
0.081,32.001,-0.01730499551054497
0.081,32.501,-0.017422879765789115
0.081,33.001,-0.017545470343523294
0.081,33.501,-0.017672555228903583
0.081,34.001,-0.017803940031061512
0.081,34.501,-0.01793944657903993
0.081,35.001,-0.018078911654521038
0.081,35.501,-0.018222185846911203
0.081,36.001,-0.018369132518067093
0.081,36.501,-0.01851962686544375
0.081,37.001,-0.018673555073756322
0.081,37.501,-0.018830813546386847
0.081,38.001,-0.01899130820877073
0.081,38.501,-0.01915495387687577
0.081,39.001,-0.01932167368465857
0.081,39.501,-0.0194913985650668
0.08600000000000001,0.001,-0.39515490046327845
0.08600000000000001,0.501,-0.47660606299094105
0.08600000000000001,1.001,-0.8780358571506932
0.08600000000000001,1.501,-0.5141505110486226
0.08600000000000001,2.001,-0.3467552054247843
0.08600000000000001,2.501,-0.25320598485689433
0.08600000000000001,3.001,-0.1946779852664177
0.08600000000000001,3.501,-0.15524323735054973
0.08600000000000001,4.0009999999999994,-0.12724070786744157
0.08600000000000001,4.5009999999999994,-0.10656212041001298
0.08600000000000001,5.0009999999999994,-0.09082202189584998
0.08600000000000001,5.5009999999999994,-0.07854840056582528
0.08600000000000001,6.0009999999999994,-0.06878809960561401
0.08600000000000001,6.5009999999999994,-0.06089932331359413
0.08600000000000001,7.0009999999999994,-0.054435696246175835
0.08600000000000001,7.5009999999999994,-0.0490781667224021
0.08600000000000001,8.001,-0.044593306515637296
0.08600000000000001,8.501,-0.04080685263829581
0.08600000000000001,9.001,-0.03758639935520108
0.08600000000000001,9.501,-0.034829770901335065
0.08600000000000001,10.001,-0.032457025830139846
0.08600000000000001,10.501,-0.03040484375647773
0.08600000000000001,11.001,-0.028622511218518554
0.08600000000000001,11.501,-0.027069003129264455
0.08600000000000001,12.001,-0.02571082880498754
0.08600000000000001,12.501,-0.024520420539022036
0.08600000000000001,13.001,-0.023474913046578436
0.08600000000000001,13.501,-0.022555208432575927
0.08600000000000001,14.001,-0.021745252391028952
0.08600000000000001,14.501,-0.021031468509784892
0.08600000000000001,15.001,-0.020402312198508812
0.08600000000000001,15.501,-0.019847916032265767
0.08600000000000001,16.000999999999998,-0.019359805605349948
0.08600000000000001,16.500999999999998,-0.018930670242480692
0.08600000000000001,17.000999999999998,-0.0185541767348696
0.08600000000000001,17.500999999999998,-0.018224817076481596
0.08600000000000001,18.000999999999998,-0.017937783259605336
0.08600000000000001,18.500999999999998,-0.017688863749473538
0.08600000000000001,19.000999999999998,-0.017474357436547933
0.08600000000000001,19.500999999999998,-0.017291001762767946
0.08600000000000001,20.000999999999998,-0.017135912406871734
0.08600000000000001,20.500999999999998,-0.017006532446211642
0.08600000000000001,21.000999999999998,-0.016900589326689364
0.08600000000000001,21.500999999999998,-0.016816058296782094
0.08600000000000001,22.000999999999998,-0.016751131217205145
0.08600000000000001,22.500999999999998,-0.01670418986027854
0.08600000000000001,23.000999999999998,-0.016673782974452662
0.08600000000000001,23.500999999999998,-0.016658606518734735
0.08600000000000001,24.000999999999998,-0.016657486575834157
0.08600000000000001,24.500999999999998,-0.016669364537046143
0.08600000000000001,25.000999999999998,-0.016693284220311633
0.08600000000000001,25.500999999999998,-0.01672838063874238
0.08600000000000001,26.000999999999998,-0.01677387018267089
0.08600000000000001,26.500999999999998,-0.01682904201595354
0.08600000000000001,27.000999999999998,-0.01689325051837638
0.08600000000000001,27.500999999999998,-0.0169659086318132
0.08600000000000001,28.000999999999998,-0.017046481989254594
0.08600000000000001,28.500999999999998,-0.01713448372375768
0.08600000000000001,29.000999999999998,-0.017229469869380364
0.08600000000000001,29.500999999999998,-0.017331035278787522
0.08600000000000001,30.000999999999998,-0.017438809992853313
0.08600000000000001,30.500999999999998,-0.017552456006578083
0.08600000000000001,31.000999999999998,-0.01767166438326953
0.08600000000000001,31.500999999999998,-0.017796152675412277
0.08600000000000001,32.001,-0.017925662616187416
0.08600000000000001,32.501,-0.018059958050321297
0.08600000000000001,33.001,-0.018198823076992533
0.08600000000000001,33.501,-0.018342060381004933
0.08600000000000001,34.001,-0.018489489731424925
0.08600000000000001,34.501,-0.018640946629467768
0.08600000000000001,35.001,-0.018796281089649952
0.08600000000000001,35.501,-0.01895535654016322
0.08600000000000001,36.001,-0.019118048830108834
0.08600000000000001,36.501,-0.01928424533269498
0.08600000000000001,37.001,-0.01945384413477856
0.08600000000000001,37.501,-0.019626753304252644
0.08600000000000001,38.001,-0.01980289022775766
0.08600000000000001,38.501,-0.0199821810120561
0.08600000000000001,39.001,-0.020164559943167876
0.08600000000000001,39.501,-0.020349968998029745
0.09100000000000001,0.001,-0.41299012204850305
0.09100000000000001,0.501,-0.5036000796674918
0.09100000000000001,1.001,-0.8670736296410803
0.09100000000000001,1.501,-0.5064720220855206
0.09100000000000001,2.001,-0.34087354333557307
0.09100000000000001,2.501,-0.24847390285306825
0.09100000000000001,3.001,-0.19075126779697327
0.09100000000000001,3.501,-0.15191541408348733
0.09100000000000001,4.0009999999999994,-0.12437749125806644
0.09100000000000001,4.5009999999999994,-0.10407092144932
0.09100000000000001,5.0009999999999994,-0.08863612057142403
0.09100000000000001,5.5009999999999994,-0.07661802589762486
0.09100000000000001,6.0009999999999994,-0.0670750755642783
0.09100000000000001,6.5009999999999994,-0.05937368913268289
0.09100000000000001,7.0009999999999994,-0.05307348343383037
0.09100000000000001,7.5009999999999994,-0.0478598859018273
0.09100000000000001,8.001,-0.04350288711331855
0.09100000000000001,8.501,-0.039830881170555166
0.09100000000000001,9.001,-0.03671356028065065
0.09100000000000001,9.501,-0.03405042833380261
0.09100000000000001,10.001,-0.031762905355509005
0.09100000000000001,10.501,-0.02978878677215359
0.09100000000000001,11.001,-0.028078282723686582
0.09100000000000001,11.501,-0.0265911395216471
0.09100000000000001,12.001,-0.02529451604111349
0.09100000000000001,12.501,-0.024161395632253363
0.09100000000000001,13.001,-0.023169383710567315
0.09100000000000001,13.501,-0.022299786982550446
0.09100000000000001,14.001,-0.02153690095727167
0.09100000000000001,14.501,-0.020867453306769146
0.09100000000000001,15.001,-0.02028016510345134
0.09100000000000001,15.501,-0.01976540210901883
0.09100000000000001,16.000999999999998,-0.019314895498758592
0.09100000000000001,16.500999999999998,-0.018921516589318524
0.09100000000000001,17.000999999999998,-0.01857909390786802
0.09100000000000001,17.500999999999998,-0.018282263710472743
0.09100000000000001,18.000999999999998,-0.018026347112653246
0.09100000000000001,18.500999999999998,-0.017807248533882658
0.09100000000000001,19.000999999999998,-0.017621371319842982
0.09100000000000001,19.500999999999998,-0.017465547290944815
0.09100000000000001,20.000999999999998,-0.017336977644250823
0.09100000000000001,20.500999999999998,-0.01723318316029334
0.09100000000000001,21.000999999999998,-0.017151962074149103
0.09100000000000001,21.500999999999998,-0.017091354289478375
0.09100000000000001,22.000999999999998,-0.017049610865771073
0.09100000000000001,22.500999999999998,-0.01702516790834084
0.09100000000000001,23.000999999999998,-0.01701662414937533
0.09100000000000001,23.500999999999998,-0.017022721635509205
0.09100000000000001,24.000999999999998,-0.01704232903972206
0.09100000000000001,24.500999999999998,-0.0170744271981442
0.09100000000000001,25.000999999999998,-0.017118096539587888
0.09100000000000001,25.500999999999998,-0.017172506130506145
0.09100000000000001,26.000999999999998,-0.017236904103037385
0.09100000000000001,26.500999999999998,-0.01731060927079437
0.09100000000000001,27.000999999999998,-0.017393003767605903
0.09100000000000001,27.500999999999998,-0.0174835265697503
0.09100000000000001,28.000999999999998,-0.01758166778328748
0.09100000000000001,28.500999999999998,-0.01768696359568795
0.09100000000000001,29.000999999999998,-0.01779899180568728
0.09100000000000001,29.500999999999998,-0.017917367857671486
0.09100000000000001,30.000999999999998,-0.018041741317330315
0.09100000000000001,30.500999999999998,-0.01817179273413161
0.09100000000000001,31.000999999999998,-0.01830723084364326
0.09100000000000001,31.500999999999998,-0.01844779006908585
0.09100000000000001,32.001,-0.018593228286907605
0.09100000000000001,32.501,-0.018743324825805867
0.09100000000000001,33.001,-0.018897878672582833
0.09100000000000001,33.501,-0.019056706861623387
0.09100000000000001,34.001,-0.01921964302771965
0.09100000000000001,34.501,-0.019386536104491245
0.09100000000000001,35.001,-0.01955724915284053
0.09100000000000001,35.501,-0.019731658305777708
0.09100000000000001,36.001,-0.019909651817596616
0.09100000000000001,36.501,-0.020091129206819325
0.09100000000000001,37.001,-0.020276000483577715
0.09100000000000001,37.501,-0.020464185453196927
0.09100000000000001,38.001,-0.02065561308870481
0.09100000000000001,38.501,-0.02085022096583484
0.09100000000000001,39.001,-0.021047954754836916
0.09100000000000001,39.501,-0.021248767764061115
0.09600000000000002,0.001,-0.43055072744031897
0.09600000000000002,0.501,-0.5308710791026838
0.09600000000000002,1.001,-0.8567487626171152
0.09600000000000002,1.501,-0.49926682135721345
0.09600000000000002,2.001,-0.33537468101115764
0.09600000000000002,2.501,-0.2440662956021685
0.09600000000000002,3.001,-0.18710787200445614
0.09600000000000002,3.501,-0.14884009837610862
0.09600000000000002,4.0009999999999994,-0.1217427172131822
0.09600000000000002,4.5009999999999994,-0.10178877038450714
0.09600000000000002,5.0009999999999994,-0.08664325017899738
0.09600000000000002,5.5009999999999994,-0.07486719412025819
0.09600000000000002,6.0009999999999994,-0.0655300534012064
0.09600000000000002,6.5009999999999994,-0.058006049713238764
0.09600000000000002,7.0009999999999994,-0.05186049021793934
0.09600000000000002,7.5009999999999994,-0.04678305532849841
0.09600000000000002,8.001,-0.04254698149382995
0.09600000000000002,8.501,-0.03898318525601379
0.09600000000000002,9.001,-0.03596335025799387
0.09600000000000002,9.501,-0.03338857462394737
0.09600000000000002,10.001,-0.03118157049315795
0.09600000000000002,10.501,-0.029281192165349287
0.09600000000000002,11.001,-0.02763852617613677
0.09600000000000002,11.501,-0.0262140507473224
0.09600000000000002,12.001,-0.024975541011925326
0.09600000000000002,12.501,-0.023896503085900148
0.09600000000000002,13.001,-0.022954988887237793
0.09600000000000002,13.501,-0.02213268889851598
0.09600000000000002,14.001,-0.02141423041809378
0.09600000000000002,14.501,-0.02078662951735566
0.09600000000000002,15.001,-0.02023885921684892
0.09600000000000002,15.501,-0.019761506418762204
0.09600000000000002,16.000999999999998,-0.019346497254248182
0.09600000000000002,16.500999999999998,-0.018986875623555943
0.09600000000000002,17.000999999999998,-0.01867662342868477
0.09600000000000002,17.500999999999998,-0.018410513732208166
0.09600000000000002,18.000999999999998,-0.0181839901038513
0.09600000000000002,18.500999999999998,-0.017993066934444496
0.09600000000000002,19.000999999999998,-0.01783424664298388
0.09600000000000002,19.500999999999998,-0.017704450574861873
0.09600000000000002,20.000999999999998,-0.017600961058320555
0.09600000000000002,20.500999999999998,-0.0175213726029515
0.09600000000000002,21.000999999999998,-0.017463550625946136
0.09600000000000002,21.500999999999998,-0.017425596406377405
0.09600000000000002,22.000999999999998,-0.0174058172155116
0.09600000000000002,22.500999999999998,-0.017402700767375108
0.09600000000000002,23.000999999999998,-0.01741489329008878
0.09600000000000002,23.500999999999998,-0.017441180643610013
0.09600000000000002,24.000999999999998,-0.01748047201022298
0.09600000000000002,24.500999999999998,-0.017531785765528662
0.09600000000000002,25.000999999999998,-0.017594237203818183
0.09600000000000002,25.500999999999998,-0.017667027845661647
0.09600000000000002,26.000999999999998,-0.017749436099745577
0.09600000000000002,26.500999999999998,-0.017840809087339315
0.09600000000000002,27.000999999999998,-0.017940555467798214
0.09600000000000002,27.500999999999998,-0.01804813912837825
0.09600000000000002,28.000999999999998,-0.01816307362233947
0.09600000000000002,28.500999999999998,-0.01828491725657317
0.09600000000000002,29.000999999999998,-0.018413268744457388
0.09600000000000002,29.500999999999998,-0.018547763351782487
0.09600000000000002,30.000999999999998,-0.018688069473829887
0.09600000000000002,30.500999999999998,-0.018833885590330543
0.09600000000000002,31.000999999999998,-0.01898493755236072
0.09600000000000002,31.500999999999998,-0.019140976161464922
0.09600000000000002,32.001,-0.019301775006599114
0.09600000000000002,32.501,-0.019467128529027246
0.09600000000000002,33.001,-0.01963685028918734
0.09600000000000002,33.501,-0.019810771412880155
0.09600000000000002,34.001,-0.019988739197003703
0.09600000000000002,34.501,-0.02017061585753964
0.09600000000000002,35.001,-0.02035627740463486
0.09600000000000002,35.501,-0.020545612631484626
0.09600000000000002,36.001,-0.020738522205338554
0.09600000000000002,36.501,-0.020934917850353563
0.09600000000000002,37.001,-0.0211347216132512
0.09600000000000002,37.501,-0.02133786520380862
0.09600000000000002,38.001,-0.021544289403158067
0.09600000000000002,38.501,-0.021753943533697532
0.09600000000000002,39.001,-0.021966784985151616
0.09600000000000002,39.501,-0.022182778791965202
0.10100000000000002,0.001,-0.44785103234057805
0.10100000000000002,0.501,-0.5584575880876906
0.10100000000000002,1.001,-0.8470019500998285
0.10100000000000002,1.501,-0.49249070400294437
0.10100000000000002,2.001,-0.3302227352394735
0.10100000000000002,2.501,-0.2399526374848514
0.10100000000000002,3.001,-0.18372104692486552
0.10100000000000002,3.501,-0.14599336064345925
0.10100000000000002,4.0009999999999994,-0.11931465515613629
0.10100000000000002,4.5009999999999994,-0.0996957049577203
0.10100000000000002,5.0009999999999994,-0.08482490531749715
0.10100000000000002,5.5009999999999994,-0.07327862354017037
0.10100000000000002,6.0009999999999994,-0.06413679568474745
0.10100000000000002,6.5009999999999994,-0.056781070578409504
0.10100000000000002,7.0009999999999994,-0.05078217165010068
0.10100000000000002,7.5009999999999994,-0.04583382704146574
0.10100000000000002,8.001,-0.04171236211723357
0.10100000000000002,8.501,-0.03825109364976394
0.10100000000000002,9.001,-0.0353236000531019
0.10100000000000002,9.501,-0.03283249615856795
0.10100000000000002,10.001,-0.030701723271624452
0.10100000000000002,10.501,-0.028871142890430926
0.10100000000000002,11.001,-0.027292675104268124
0.10100000000000002,11.501,-0.025927494207939578
0.10100000000000002,12.001,-0.02474396137084396
0.10100000000000002,12.501,-0.02371607980008819
0.10100000000000002,13.001,-0.022822325956599734
0.10100000000000002,13.501,-0.022044755200271313
0.10100000000000002,14.001,-0.021368310261146467
0.10100000000000002,14.501,-0.020780281377148165
0.10100000000000002,15.001,-0.020269881072561467
0.10100000000000002,15.501,-0.0198279064602242
0.10100000000000002,16.000999999999998,-0.01944646898735327
0.10100000000000002,16.500999999999998,-0.01911877660272826
0.10100000000000002,17.000999999999998,-0.01883895699895645
0.10100000000000002,17.500999999999998,-0.01860191328321929
0.10100000000000002,18.000999999999998,-0.018403205431938637
0.10100000000000002,18.500999999999998,-0.01823895238308894
0.10100000000000002,19.000999999999998,-0.018105750750811826
0.10100000000000002,19.500999999999998,-0.018000607007551184
0.10100000000000002,20.000999999999998,-0.017920880638747763
0.10100000000000002,20.500999999999998,-0.01786423628467828
0.10100000000000002,21.000999999999998,-0.017828603280217233
0.10100000000000002,21.500999999999998,-0.017812141313320318
0.10100000000000002,22.000999999999998,-0.017813211167130062
0.10100000000000002,22.500999999999998,-0.01783034970389949
0.10100000000000002,23.000999999999998,-0.017862248402853144
0.10100000000000002,23.500999999999998,-0.01790773488731727
0.10100000000000002,24.000999999999998,-0.01796575697556979
0.10100000000000002,24.500999999999998,-0.01803536886999671
0.10100000000000002,25.000999999999998,-0.01811571916419731
0.10100000000000002,25.500999999999998,-0.01820604040076739
0.10100000000000002,26.000999999999998,-0.018305639955940603
0.10100000000000002,26.500999999999998,-0.01841389206302791
0.10100000000000002,27.000999999999998,-0.01853023081609342
0.10100000000000002,27.500999999999998,-0.018654144019759948
0.10100000000000002,28.000999999999998,-0.018785167771367114
0.10100000000000002,28.500999999999998,-0.0189228816786689
0.10100000000000002,29.000999999999998,-0.01906690463045893
0.10100000000000002,29.500999999999998,-0.01921689104943785
0.10100000000000002,30.000999999999998,-0.01937252756668614
0.10100000000000002,30.500999999999998,-0.01953353006559146
0.10100000000000002,31.000999999999998,-0.01969964105027614
0.10100000000000002,31.500999999999998,-0.019870627299680078
0.10100000000000002,32.001,-0.020046277773663676
0.10100000000000002,32.501,-0.02022640174194324
0.10100000000000002,33.001,-0.020410827110484798
0.10100000000000002,33.501,-0.020599398923249634
0.10100000000000002,34.001,-0.020791978020007304
0.10100000000000002,34.501,-0.02098843983335775
0.10100000000000002,35.001,-0.021188673310211077
0.10100000000000002,35.501,-0.021392579944793953
0.10100000000000002,36.001,-0.021600072911840143
0.10100000000000002,36.501,-0.021811076290000724
0.10100000000000002,37.001,-0.022025524366721824
0.10100000000000002,37.501,-0.022243361016890752
0.10100000000000002,38.001,-0.022464539148485604
0.10100000000000002,38.501,-0.022689020209279327
0.10100000000000002,39.001,-0.0229167737493771
0.10100000000000002,39.501,-0.023147777035006242
0.10600000000000002,0.001,-0.4649039328355096
0.10600000000000002,0.501,-0.5864001604446151
0.10600000000000002,1.001,-0.8377819864825233
0.10600000000000002,1.501,-0.4861055115252294
0.10600000000000002,2.001,-0.32538673698433895
0.10600000000000002,2.501,-0.23610658789029704
0.10600000000000002,3.001,-0.18056771269001132
0.10600000000000002,3.501,-0.14335455813797043
0.10600000000000002,4.0009999999999994,-0.11707456175637497
0.10600000000000002,4.5009999999999994,-0.0977745091716831
0.10600000000000002,5.0009999999999994,-0.0831651282546146
0.10600000000000002,5.5009999999999994,-0.07183741328458726
0.10600000000000002,6.0009999999999994,-0.06288130339570892
0.10600000000000002,6.5009999999999994,-0.055685532507284224
0.10600000000000002,7.0009999999999994,-0.049825990340096785
0.10600000000000002,7.5009999999999994,-0.045000265557215535
0.10600000000000002,8.001,-0.04098762928340689
0.10600000000000002,8.501,-0.03762368705903529
0.10600000000000002,9.001,-0.03478382390655409
0.10600000000000002,9.501,-0.03237210065721651
0.10600000000000002,10.001,-0.030313630372819228
0.10600000000000002,10.501,-0.028549234621545752
0.10600000000000002,11.001,-0.027031627974045985
0.10600000000000002,11.501,-0.025722648114515065
0.10600000000000002,12.001,-0.024591214686932678
0.10600000000000002,12.501,-0.023611804574818165
0.10600000000000002,13.001,-0.02276329875569702
0.10600000000000002,13.501,-0.022028100232136624
0.10600000000000002,14.001,-0.021391452249044512
0.10600000000000002,14.501,-0.020840906232175924
0.10600000000000002,15.001,-0.02036590286221676
0.10600000000000002,15.501,-0.01995743949696522
0.10600000000000002,16.000999999999998,-0.019607804110934435
0.10600000000000002,16.500999999999998,-0.01931036092062636
0.10600000000000002,17.000999999999998,-0.019059376496106475
0.10600000000000002,17.500999999999998,-0.01884987782649726
0.10600000000000002,18.000999999999998,-0.018677535784341205
0.10600000000000002,18.500999999999998,-0.01853856891323638
0.10600000000000002,19.000999999999998,-0.018429663579594864
0.10600000000000002,19.500999999999998,-0.018347907378715056
0.10600000000000002,20.000999999999998,-0.018290733336427126
0.10600000000000002,20.500999999999998,-0.018255872950237947
0.10600000000000002,21.000999999999998,-0.01824131650465323
0.10600000000000002,21.500999999999998,-0.01824527940105259
0.10600000000000002,22.000999999999998,-0.018266173483126577
0.10600000000000002,22.500999999999998,-0.018302582529396823
0.10600000000000002,23.000999999999998,-0.01835324123600697
0.10600000000000002,23.500999999999998,-0.018417017134352426
0.10600000000000002,24.000999999999998,-0.018492894985743746
0.10600000000000002,24.500999999999998,-0.018579963274194998
0.10600000000000002,25.000999999999998,-0.01867740248248472
0.10600000000000002,25.500999999999998,-0.018784474888877446
0.10600000000000002,26.000999999999998,-0.018900515664654106
0.10600000000000002,26.500999999999998,-0.019024925087773568
0.10600000000000002,27.000999999999998,-0.01915716171700997
0.10600000000000002,27.500999999999998,-0.019296736394946383
0.10600000000000002,28.000999999999998,-0.019443206968200392
0.10600000000000002,28.500999999999998,-0.019596173629929145
0.10600000000000002,29.000999999999998,-0.01975527480361272
0.10600000000000002,29.500999999999998,-0.01992018349883975
0.10600000000000002,30.000999999999998,-0.020090604079683265
0.10600000000000002,30.500999999999998,-0.020266269394593344
0.10600000000000002,31.000999999999998,-0.020446938223799487
0.10600000000000002,31.500999999999998,-0.02063239300621216
0.10600000000000002,32.001,-0.020822437812929362
0.10600000000000002,32.501,-0.021016896538821345
0.10600000000000002,33.001,-0.021215611287404606
0.10600000000000002,33.501,-0.021418440927432034
0.10600000000000002,34.001,-0.021625259802389364
0.10600000000000002,34.501,-0.021835956576475232
0.10600000000000002,35.001,-0.022050433202709205
0.10600000000000002,35.501,-0.02226860400060158
0.10600000000000002,36.001,-0.022490394832381924
0.10600000000000002,36.501,-0.022715742368138593
0.10600000000000002,37.001,-0.022944593431414327
0.10600000000000002,37.501,-0.023176904417848004
0.10600000000000002,38.001,-0.02341264078036897
0.10600000000000002,38.501,-0.023651776575265147
0.10600000000000002,39.001,-0.0238942940641673
0.10600000000000002,39.501,-0.02414018336763222
0.11100000000000003,0.001,-0.4817211066373006
0.11100000000000003,0.501,-0.614742037280266
0.11100000000000003,1.001,-0.8290443386753078
0.11100000000000003,1.501,-0.480078065092249
0.11100000000000003,2.001,-0.320839763767207
0.11100000000000003,2.501,-0.2325052518271929
0.11100000000000003,3.001,-0.17762781152775686
0.11100000000000003,3.501,-0.14090575354630688
0.11100000000000003,4.0009999999999994,-0.11500615223804651
0.11100000000000003,4.5009999999999994,-0.09601022700625023
0.11100000000000003,5.0009999999999994,-0.0816500575973357
0.11100000000000003,5.5009999999999994,-0.07053062134421462
0.11100000000000003,6.0009999999999994,-0.061751419044520126
0.11100000000000003,6.5009999999999994,-0.054707956340919836
0.11100000000000003,7.0009999999999994,-0.048981060232108645
0.11100000000000003,7.5009999999999994,-0.04427200839709398
0.11100000000000003,8.001,-0.040362886573994686
0.11100000000000003,8.501,-0.03709148696076063
0.11100000000000003,9.001,-0.03433492042353631
0.11100000000000003,9.501,-0.031998629020192196
0.11100000000000003,10.001,-0.030008844977419805
0.11100000000000003,10.501,-0.028307306760825206
0.11100000000000003,11.001,-0.026847487629989467
0.11100000000000003,11.501,-0.025591858718684454
0.11100000000000003,12.001,-0.024509872897713295
0.11100000000000003,12.501,-0.023576459278372333
0.11100000000000003,13.001,-0.02277088501031148
0.11100000000000003,13.501,-0.022075884951870406
0.11100000000000003,14.001,-0.021476989199418192
0.11100000000000003,14.501,-0.02096199847885207
0.11100000000000003,15.001,-0.02052057123431256
0.11100000000000003,15.501,-0.020143895941646374
0.11100000000000003,16.000999999999998,-0.019824429054279356
0.11100000000000003,16.500999999999998,-0.019555683931847853
0.11100000000000003,17.000999999999998,-0.01933205969260192
0.11100000000000003,17.500999999999998,-0.019148701566347993
0.11100000000000003,18.000999999999998,-0.01900138627842307
0.11100000000000003,18.500999999999998,-0.018886427456633277
0.11100000000000003,19.000999999999998,-0.01880059715570439
0.11100000000000003,19.500999999999998,-0.01874106043240617
0.11100000000000003,20.000999999999998,-0.018705320547215666
0.11100000000000003,20.500999999999998,-0.018691172864481617
0.11100000000000003,21.000999999999998,-0.01869666590860101
0.11100000000000003,21.500999999999998,-0.01872006833528541
0.11100000000000003,22.000999999999998,-0.018759840814321367
0.11100000000000003,22.500999999999998,-0.018814612008068554
0.11100000000000003,23.000999999999998,-0.018883157979468143
0.11100000000000003,23.500999999999998,-0.018964384482947894
0.11100000000000003,24.000999999999998,-0.019057311687816048
0.11100000000000003,24.500999999999998,-0.019161060961458483
0.11100000000000003,25.000999999999998,-0.01927484340274296
0.11100000000000003,25.500999999999998,-0.01939794986746893
0.11100000000000003,26.000999999999998,-0.01952974226980924
0.11100000000000003,26.500999999999998,-0.019669645978299698
0.11100000000000003,27.000999999999998,-0.019817143153493824
0.11100000000000003,27.500999999999998,-0.01997176689805344
0.11100000000000003,28.000999999999998,-0.020133096109703534
0.11100000000000003,28.500999999999998,-0.020300750943883943
0.11100000000000003,29.000999999999998,-0.020474388806640972
0.11100000000000003,29.500999999999998,-0.020653700809834398
0.11100000000000003,30.000999999999998,-0.02083840863042399
0.11100000000000003,30.500999999999998,-0.021028261723801185
0.11100000000000003,31.000999999999998,-0.021223034848068357
0.11100000000000003,31.500999999999998,-0.02142252586206355
0.11100000000000003,32.001,-0.021626553764954853
0.11100000000000003,32.501,-0.021834956949517207
0.11100000000000003,33.001,-0.022047591644878115
0.11100000000000003,33.501,-0.022264330527679357
0.11100000000000003,34.001,-0.022485061483314583
0.11100000000000003,34.501,-0.0227096865012534
0.11100000000000003,35.001,-0.022938120690492787
0.11100000000000003,35.501,-0.02317029140293949
0.11100000000000003,36.001,-0.023406137454067548
0.11100000000000003,36.501,-0.023645608431530962
0.11100000000000003,37.001,-0.023888664083592675
0.11100000000000003,37.501,-0.02413527378026353
0.11100000000000003,38.001,-0.024385416040956544
0.11100000000000003,38.501,-0.024639078123274635
0.11100000000000003,39.001,-0.02489625566827238
0.11100000000000003,39.501,-0.025156952398174524
0.11600000000000003,0.001,-0.49831317799479513
0.11600000000000003,0.501,-0.6435298825563189
0.11600000000000003,1.001,-0.8207500218068137
0.11600000000000003,1.501,-0.47437932574291536
0.11600000000000003,2.001,-0.31655825669991555
0.11600000000000003,2.501,-0.22912859797014315
0.11600000000000003,3.001,-0.17488379701199017
0.11600000000000003,3.501,-0.13863125748692162
0.11600000000000003,4.0009999999999994,-0.11309518439893693
0.11600000000000003,4.5009999999999994,-0.09438977984152087
0.11600000000000003,5.0009999999999994,-0.08026757324715053
0.11600000000000003,5.5009999999999994,-0.06934693266339703
0.11600000000000003,6.0009999999999994,-0.06073651451081151
0.11600000000000003,6.5009999999999994,-0.05383830790437563
0.11600000000000003,7.0009999999999994,-0.04823786646763498
0.11600000000000003,7.5009999999999994,-0.043639999143204614
0.11600000000000003,8.001,-0.03982948565452158
0.11600000000000003,8.501,-0.03664621093773173
0.11600000000000003,9.001,-0.033968937417476155
0.11600000000000003,9.501,-0.03170442880201413
0.11600000000000003,10.001,-0.02977998811149621
0.11600000000000003,10.501,-0.02813823100079843
0.11600000000000003,11.001,-0.026733356498383
0.11600000000000003,11.501,-0.025528441650646952
0.11600000000000003,12.001,-0.024493449333921585
0.11600000000000003,12.501,-0.023603741160371363
0.11600000000000003,13.001,-0.02283895358008546
0.11600000000000003,13.501,-0.022182138788018446
0.11600000000000003,14.001,-0.021619101166174912
0.11600000000000003,14.501,-0.021137879808258472
0.11600000000000003,15.001,-0.02072834136464595
0.11600000000000003,15.501,-0.020381857036815713
0.11600000000000003,16.000999999999998,-0.020091044357080146
0.11600000000000003,16.500999999999998,-0.01984955927830062
0.11600000000000003,17.000999999999998,-0.0196519276489951
0.11600000000000003,17.500999999999998,-0.019493407755090633
0.11600000000000003,18.000999999999998,-0.019369877540697272
0.11600000000000003,18.500999999999998,-0.019277741564478965
0.11600000000000003,19.000999999999998,-0.019213853837565846
0.11600000000000003,19.500999999999998,-0.019175453517302085
0.11600000000000003,20.000999999999998,-0.019160111065814195
0.11600000000000003,20.500999999999998,-0.019165682972196667
0.11600000000000003,21.000999999999998,-0.01919027351768167
0.11600000000000003,21.500999999999998,-0.019232202360768245
0.11600000000000003,22.000999999999998,-0.01928997695344704
0.11600000000000003,22.500999999999998,-0.01936226898494965
0.11600000000000003,23.000999999999998,-0.019447894196914915
0.11600000000000003,23.500999999999998,-0.019545795031807867
0.11600000000000003,24.000999999999998,-0.0196550256712619
0.11600000000000003,24.500999999999998,-0.019774739097614003
0.11600000000000003,25.000999999999998,-0.019904175874069986
0.11600000000000003,25.500999999999998,-0.020042654389604446
0.11600000000000003,26.000999999999998,-0.020189562356171982
0.11600000000000003,26.500999999999998,-0.020344349379889097
0.11600000000000003,27.000999999999998,-0.020506520455961304
0.11600000000000003,27.500999999999998,-0.020675630260414343
0.11600000000000003,28.000999999999998,-0.02085127813103336
0.11600000000000003,28.500999999999998,-0.02103310364604845
0.11600000000000003,29.000999999999998,-0.021220782722604567
0.11600000000000003,29.500999999999998,-0.021414024168381472
0.11600000000000003,30.000999999999998,-0.021612566629269407
0.11600000000000003,30.500999999999998,-0.02181617588406412
0.11600000000000003,31.000999999999998,-0.02202464244396696
0.11600000000000003,31.500999999999998,-0.022237779420473495
0.11600000000000003,32.001,-0.022455420630171436
0.11600000000000003,32.501,-0.022677418909188764
0.11600000000000003,33.001,-0.02290364461364573
0.11600000000000003,33.501,-0.023133984285568825
0.11600000000000003,34.001,-0.02336833946639924
0.11600000000000003,34.501,-0.023606625642540097
0.11600000000000003,35.001,-0.023848771309385654
0.11600000000000003,35.501,-0.024094717142019086
0.11600000000000003,36.001,-0.0243444152622817
0.11600000000000003,36.501,-0.024597828593241763
0.11600000000000003,37.001,-0.02485493029326285
0.11600000000000003,37.501,-0.025115703262896194
0.11600000000000003,38.001,-0.025380139718736767
0.11600000000000003,38.501,-0.02564824082919592
0.11600000000000003,39.001,-0.02592001640787163
0.11600000000000003,39.501,-0.026195484660859664
0.12100000000000004,0.001,-0.514689854120172
0.12100000000000004,0.501,-0.6728146294649483
0.12100000000000004,1.001,-0.8128647038334567
0.12100000000000004,1.501,-0.4689837256737312
0.12100000000000004,2.001,-0.312521476725058
0.12100000000000004,2.501,-0.22595899538243225
0.12100000000000004,3.001,-0.1723202275155385
0.12100000000000004,3.501,-0.13651726438601408
0.12100000000000004,4.0009999999999994,-0.11132912756621499
0.12100000000000004,4.5009999999999994,-0.09290166202577287
0.12100000000000004,5.0009999999999994,-0.07900701390152934
0.12100000000000004,5.5009999999999994,-0.06827639507169289
0.12100000000000004,6.0009999999999994,-0.05982724270770898
0.12100000000000004,6.5009999999999994,-0.05306776327888452
0.12100000000000004,7.0009999999999994,-0.04758804255933881
0.12100000000000004,7.5009999999999994,-0.04309627512136466
0.12100000000000004,8.001,-0.03937982331385957
0.12100000000000004,8.501,-0.036280578108868214
0.12100000000000004,9.001,-0.033678884913294654
0.12100000000000004,9.501,-0.031482774088481894
0.12100000000000004,10.001,-0.029620574794569754
0.12100000000000004,10.501,-0.0280357432197718
0.12100000000000004,11.001,-0.02668317377192425
0.12100000000000004,11.501,-0.0255265239899415
0.12100000000000004,12.001,-0.024536245319588576
0.12100000000000004,12.501,-0.023688113663701785
0.12100000000000004,13.001,-0.02296211919851439
0.12100000000000004,13.501,-0.022341618053186105
0.12100000000000004,14.001,-0.02181267729636653
0.12100000000000004,14.501,-0.02136356429878561
0.12100000000000004,15.001,-0.020984345096018035
0.12100000000000004,15.501,-0.020666565869777512
0.12100000000000004,16.000999999999998,-0.02040299840239533
0.12100000000000004,16.500999999999998,-0.020187435196331226
0.12100000000000004,17.000999999999998,-0.020014523462987002
0.12100000000000004,17.500999999999998,-0.019879629762260695
0.12100000000000004,18.000999999999998,-0.019778728983723605
0.12100000000000004,18.500999999999998,-0.019708312787974372
0.12100000000000004,19.000999999999998,-0.019665313703389035
0.12100000000000004,19.500999999999998,-0.019647041891991228
0.12100000000000004,20.000999999999998,-0.019651132225185906
0.12100000000000004,20.500999999999998,-0.019675499793870982
0.12100000000000004,21.000999999999998,-0.01971830235325022
0.12100000000000004,21.500999999999998,-0.019777908496478393
0.12100000000000004,22.000999999999998,-0.019852870582397937
0.12100000000000004,22.500999999999998,-0.019941901625479444
0.12100000000000004,23.000999999999998,-0.020043855501556688
0.12100000000000004,23.500999999999998,-0.020157709939295818
0.12100000000000004,24.000999999999998,-0.02028255186085505
0.12100000000000004,24.500999999999998,-0.02041756471071687
0.12100000000000004,25.000999999999998,-0.020562017472954976
0.12100000000000004,25.500999999999998,-0.02071525512713427
0.12100000000000004,26.000999999999998,-0.020876690333905885
0.12100000000000004,26.500999999999998,-0.021045796174931325
0.12100000000000004,27.000999999999998,-0.021222099799467938
0.12100000000000004,27.500999999999998,-0.021405176852867892
0.12100000000000004,28.000999999999998,-0.021594646581297214
0.12100000000000004,28.500999999999998,-0.02179016752285865
0.12100000000000004,29.000999999999998,-0.021991433708588484
0.12100000000000004,29.500999999999998,-0.022198171307946962
0.12100000000000004,30.000999999999998,-0.02241013566280904
0.12100000000000004,30.500999999999998,-0.02262710866188585
0.12100000000000004,31.000999999999998,-0.022848896414221928
0.12100000000000004,31.500999999999998,-0.023075327186119366
0.12100000000000004,32.001,-0.023306249570691384
0.12100000000000004,32.501,-0.023541530863407573
0.12100000000000004,33.001,-0.023781055620542706
0.12100000000000004,33.501,-0.024024724380503144
0.12100000000000004,34.001,-0.024272452530636368
0.12100000000000004,34.501,-0.024524169304411605
0.12100000000000004,35.001,-0.02477981689582981
0.12100000000000004,35.501,-0.02503934967964947
0.12100000000000004,36.001,-0.02530273352750951
0.12100000000000004,36.501,-0.025569945211358504
0.12100000000000004,37.001,-0.025840971886754573
0.12100000000000004,37.501,-0.02611581064963424
0.12100000000000004,38.001,-0.026394468161068572
0.12100000000000004,38.501,-0.026676960335344297
0.12100000000000004,39.001,-0.026963312087458564
0.12100000000000004,39.501,-0.027253557136793026
0.12600000000000003,0.001,-0.530860039028401
0.12600000000000003,0.501,-0.7026524811259528
0.12600000000000003,1.001,-0.8053579850523338
0.12600000000000003,1.501,-0.4638686302293573
0.12600000000000003,2.001,-0.3087110671959231
0.12600000000000003,2.501,-0.22298084088461306
0.12600000000000003,3.001,-0.16992343924577608
0.12600000000000003,3.501,-0.13455155966227067
0.12600000000000003,4.0009999999999994,-0.10969689640862457
0.12600000000000003,4.5009999999999994,-0.09153569610851293
0.12600000000000003,5.0009999999999994,-0.07785894994141322
0.12600000000000003,5.5009999999999994,-0.06731020700552195
0.12600000000000003,6.0009999999999994,-0.05901533796627183
0.12600000000000003,6.5009999999999994,-0.052388520138638414
0.12600000000000003,7.0009999999999994,-0.04702419130673589
0.12600000000000003,7.5009999999999994,-0.042633796774767564
0.12600000000000003,8.001,-0.03900717836808028
0.12600000000000003,8.501,-0.03598815278594017
0.12600000000000003,9.001,-0.03345858489872182
0.12600000000000003,9.501,-0.03132772077981469
0.12600000000000003,10.001,-0.02952487436937752
0.12600000000000003,10.501,-0.02799430843671491
0.12600000000000003,11.001,-0.02669158462105123
0.12600000000000003,11.501,-0.025580917408730322
0.12600000000000003,12.001,-0.02463322696007962
0.12600000000000003,12.501,-0.02382468660179292
0.12600000000000003,13.001,-0.023135625811047694
0.12600000000000003,13.501,-0.022549692237887276
0.12600000000000003,14.001,-0.02205320489491891
0.12600000000000003,14.501,-0.021634650084460055
0.12600000000000003,15.001,-0.021284285058268935
0.12600000000000003,15.501,-0.020993823805964706
0.12600000000000003,16.000999999999998,-0.020756186036929483
0.12600000000000003,16.500999999999998,-0.020565295208058
0.12600000000000003,17.000999999999998,-0.02041591492536994
0.12600000000000003,17.500999999999998,-0.020303515597121014
0.12600000000000003,18.000999999999998,-0.02022416510467244
0.12600000000000003,18.500999999999998,-0.020174438669186796
0.12600000000000003,19.000999999999998,-0.020151344156673065
0.12600000000000003,19.500999999999998,-0.020152259872969758
0.12600000000000003,20.000999999999998,-0.020174882519890608
0.12600000000000003,20.500999999999998,-0.02021718346174802
0.12600000000000003,21.000999999999998,-0.020277371822687334
0.12600000000000003,21.500999999999998,-0.020353863225443757
0.12600000000000003,22.000999999999998,-0.02044525321033372
0.12600000000000003,22.500999999999998,-0.02055029455380869
0.12600000000000003,23.000999999999998,-0.020667877849482853
0.12600000000000003,23.500999999999998,-0.02079701482934951
0.12600000000000003,24.000999999999998,-0.020936823995157963
0.12600000000000003,24.500999999999998,-0.021086518204424528
0.12600000000000003,25.000999999999998,-0.02124539391597232
0.12600000000000003,25.500999999999998,-0.021412821849133658
0.12600000000000003,26.000999999999998,-0.021588238851023015
0.12600000000000003,26.500999999999998,-0.021771140799384584
0.12600000000000003,27.000999999999998,-0.021961076395796596
0.12600000000000003,27.500999999999998,-0.02215764172660694
0.12600000000000003,28.000999999999998,-0.022360475487734094
0.12600000000000003,28.500999999999998,-0.02256925478510753
0.12600000000000003,29.000999999999998,-0.022783691435602993
0.12600000000000003,29.500999999999998,-0.023003528704306282
0.12600000000000003,30.000999999999998,-0.023228538423179013
0.12600000000000003,30.500999999999998,-0.023458518443999994
0.12600000000000003,31.000999999999998,-0.023693290385070752
0.12600000000000003,31.500999999999998,-0.023932697636780666
0.12600000000000003,32.001,-0.02417660359591858
0.12600000000000003,32.501,-0.024424890102700568
0.12600000000000003,33.001,-0.02467745605799108
0.12600000000000003,33.501,-0.024934216201210863
0.12600000000000003,34.001,-0.02519510003202128
0.12600000000000003,34.501,-0.0254600508611279
0.12600000000000003,35.001,-0.025729024977503324
0.12600000000000003,35.501,-0.026001990921032298
0.12600000000000003,36.001,-0.02627892885108188
0.12600000000000003,36.501,-0.02655983000280819
0.12600000000000003,37.001,-0.02684469622418691
0.12600000000000003,37.501,-0.027133539587784646
0.12600000000000003,38.001,-0.027426382072226883
0.12600000000000003,38.501,-0.0277232553091598
0.12600000000000003,39.001,-0.02802420039227821
0.12600000000000003,39.501,-0.02832926774570347
0.13100000000000003,0.001,-0.5468319292792453
0.13100000000000003,0.501,-0.7331061216191692
0.13100000000000003,1.001,-0.7982028128657584
0.13100000000000003,1.501,-0.45901390095270006
0.13100000000000003,2.001,-0.3051106986680565
0.13100000000000003,2.501,-0.22018025649414522
0.13100000000000003,3.001,-0.16768128079302447
0.13100000000000003,3.501,-0.1327232820239812
0.13100000000000003,4.0009999999999994,-0.10818863486982747
0.13100000000000003,4.5009999999999994,-0.09028283417895333
0.13100000000000003,5.0009999999999994,-0.0768149991141553
0.13100000000000003,5.5009999999999994,-0.06644054524377362
0.13100000000000003,6.0009999999999994,-0.05829345405932143
0.13100000000000003,6.5009999999999994,-0.0517936446729524
0.13100000000000003,7.0009999999999994,-0.04653973950068739
0.13100000000000003,7.5009999999999994,-0.04224630923997047
0.13100000000000003,8.001,-0.038705579354083405
0.13100000000000003,8.501,-0.03576321765323341
0.13100000000000003,9.001,-0.03330254945513321
0.13100000000000003,9.501,-0.031233989215399563
0.13100000000000003,10.001,-0.029487797226299774
0.13100000000000003,10.501,-0.028009011292893293
0.13100000000000003,11.001,-0.02675383413322284
0.13100000000000003,11.501,-0.02568701530508373
0.13100000000000003,12.001,-0.024779925236032424
0.13100000000000003,12.501,-0.02400911900559268
0.13100000000000003,13.001,-0.02335525198951583
0.13100000000000003,13.501,-0.022802251825791015
0.13100000000000003,14.001,-0.02233667949048177
0.13100000000000003,14.501,-0.021947231535477035
0.13100000000000003,15.001,-0.02162434884006715
0.13100000000000003,15.501,-0.021359906539550704
0.13100000000000003,16.000999999999998,-0.02114696639772784
0.13100000000000003,16.500999999999998,-0.020979577630004742
0.13100000000000003,17.000999999999998,-0.02085261562410254
0.13100000000000003,17.500999999999998,-0.020761650528503775
0.13100000000000003,18.000999999999998,-0.020702839547373994
0.13100000000000003,18.500999999999998,-0.020672838177239382
0.13100000000000003,19.000999999999998,-0.020668726673427076
0.13100000000000003,19.500999999999998,-0.020687948834257088
0.13100000000000003,20.000999999999998,-0.02072826080351914
0.13100000000000003,20.500999999999998,-0.02078768806419061
0.13100000000000003,21.000999999999998,-0.0208644891631684
0.13100000000000003,21.500999999999998,-0.02095712499346318
0.13100000000000003,22.000999999999998,-0.021064232685704037
0.13100000000000003,22.500999999999998,-0.02118460333906505
0.13100000000000003,23.000999999999998,-0.021317162963482593
0.13100000000000003,23.500999999999998,-0.02146095611835551
0.13100000000000003,24.000999999999998,-0.02161513182397449
0.13100000000000003,24.500999999999998,-0.02177893139542627
0.13100000000000003,25.000999999999998,-0.02195167790833072
0.13100000000000003,25.500999999999998,-0.022132767054330663
0.13100000000000003,26.000999999999998,-0.022321659183967835
0.13100000000000003,26.500999999999998,-0.022517872367206843
0.13100000000000003,27.000999999999998,-0.022720976328760148
0.13100000000000003,27.500999999999998,-0.022930587137631058
0.13100000000000003,28.000999999999998,-0.023146362548777714
0.13100000000000003,28.500999999999998,-0.02336799791020875
0.13100000000000003,29.000999999999998,-0.023595222561712714
0.13100000000000003,29.500999999999998,-0.02382779666223101
0.13100000000000003,30.000999999999998,-0.024065508391989315
0.13100000000000003,30.500999999999998,-0.024308171483187695
0.13100000000000003,31.000999999999998,-0.02455562303955781
0.13100000000000003,31.500999999999998,-0.024807721610630617
0.13100000000000003,32.001,-0.025064345491269055
0.13100000000000003,32.501,-0.025325391221055787
0.13100000000000003,33.001,-0.025590772261579825
0.13100000000000003,33.501,-0.025860417832645987
0.13100000000000003,34.001,-0.02613427189099943
0.13100000000000003,34.501,-0.026412292237389084
0.13100000000000003,35.001,-0.026694449739733603
0.13100000000000003,35.501,-0.02698072766185085
0.13100000000000003,36.001,-0.027271121088710448
0.13100000000000003,36.501,-0.027565636440481982
0.13100000000000003,37.001,-0.027864291068838178
0.13100000000000003,37.501,-0.028167112930021148
0.13100000000000003,38.001,-0.02847414033014474
0.13100000000000003,38.501,-0.028785421739078568
0.13100000000000003,39.001,-0.029101015670076294
0.13100000000000003,39.501,-0.02942099062307498
0.13600000000000004,0.001,-0.562613095081362
0.13600000000000004,0.501,-0.7642462121521383
0.13600000000000004,1.001,-0.7913750022867913
0.13600000000000004,1.501,-0.45440153763452995
0.13600000000000004,2.001,-0.30170577794923686
0.13600000000000004,2.501,-0.21754484162826593
0.13600000000000004,3.001,-0.16558289574885016
0.13600000000000004,3.501,-0.13102272883039046
0.13600000000000004,4.0009999999999994,-0.10679553926251309
0.13600000000000004,4.5009999999999994,-0.08913499522478752
0.13600000000000004,5.0009999999999994,-0.07586767564824703
0.13600000000000004,5.5009999999999994,-0.06566042390002574
0.13600000000000004,6.0009999999999994,-0.057655031624954056
0.13600000000000004,6.5009999999999994,-0.05127694630190731
0.13600000000000004,7.0009999999999994,-0.04612881901647972
0.13600000000000004,7.5009999999999994,-0.04192822907091093
0.13600000000000004,8.001,-0.03846969626669783
0.13600000000000004,8.501,-0.0356006700000952
0.13600000000000004,9.001,-0.03320588104718336
0.13600000000000004,9.501,-0.031196868145760948
0.13600000000000004,10.001,-0.029504802134573866
0.13600000000000004,10.501,-0.028075466461648664
0.13600000000000004,11.001,-0.026865680555766547
0.13600000000000004,11.501,-0.025840708662821617
0.13600000000000004,12.001,-0.024972354288942997
0.13600000000000004,12.501,-0.02423753966474744
0.13600000000000004,13.001,-0.023617233576795647
0.13600000000000004,13.501,-0.023095632905303143
0.13600000000000004,14.001,-0.02265953129081004
0.13600000000000004,14.501,-0.022297827445970628
0.13600000000000004,15.001,-0.022001138807908112
0.13600000000000004,15.501,-0.02176149545151243
0.13600000000000004,16.000999999999998,-0.02157209572509064
0.13600000000000004,16.500999999999998,-0.021427109763693983
0.13600000000000004,17.000999999999998,-0.021321520441672202
0.13600000000000004,17.500999999999998,-0.021250993823629667
0.13600000000000004,18.000999999999998,-0.021211773022291124
0.13600000000000004,18.500999999999998,-0.021200590753638934
0.13600000000000004,19.000999999999998,-0.021214596921109205
0.13600000000000004,19.500999999999998,-0.02125129835187669
0.13600000000000004,20.000999999999998,-0.02130850841397236
0.13600000000000004,20.500999999999998,-0.021384304710042785
0.13600000000000004,21.000999999999998,-0.021476993406144916
0.13600000000000004,21.500999999999998,-0.021585079037262665
0.13600000000000004,22.000999999999998,-0.021707238853950026
0.13600000000000004,22.500999999999998,-0.021842300950585862
0.13600000000000004,23.000999999999998,-0.021989225555740708
0.13600000000000004,23.500999999999998,-0.0221470889770458
0.13600000000000004,24.000999999999998,-0.022315069782849667
0.13600000000000004,24.500999999999998,-0.022492436875491684
0.13600000000000004,25.000999999999998,-0.022678539169851387
0.13600000000000004,25.500999999999998,-0.02287279663873925
0.13600000000000004,26.000999999999998,-0.023074692525877995
0.13600000000000004,26.500999999999998,-0.023283766559396242
0.13600000000000004,27.000999999999998,-0.02349960902527954
0.13600000000000004,27.500999999999998,-0.02372185558216855
0.13600000000000004,28.000999999999998,-0.023950182717123562
0.13600000000000004,28.500999999999998,-0.024184303757158736
0.13600000000000004,29.000999999999998,-0.02442396536405244
0.13600000000000004,29.500999999999998,-0.024668944450596753
0.13600000000000004,30.000999999999998,-0.024919045465420182
0.13600000000000004,30.500999999999998,-0.025174098001089766
0.13600000000000004,31.000999999999998,-0.025433954686621053
0.13600000000000004,31.500999999999998,-0.02569848933097381
0.13600000000000004,32.001,-0.025967595288768342
0.13600000000000004,32.501,-0.026241184023431716
0.13600000000000004,33.001,-0.026519183846402748
0.13600000000000004,33.501,-0.026801538813969426
0.13600000000000004,34.001,-0.02708820776585785
0.13600000000000004,34.501,-0.027379163491908956
0.13600000000000004,35.001,-0.027674392015110853
0.13600000000000004,35.501,-0.027973891980952716
0.13600000000000004,36.001,-0.02827767414456938
0.13600000000000004,36.501,-0.02858576094847838
0.13600000000000004,37.001,-0.02889818618491457
0.13600000000000004,37.501,-0.029214994737851746
0.13600000000000004,38.001,-0.029536242400802576
0.13600000000000004,38.501,-0.029861995767410315
0.13600000000000004,39.001,-0.030192332192725043
0.13600000000000004,39.501,-0.030527339823890016
0.14100000000000004,0.001,-0.5782105494534977
0.14100000000000004,0.501,-0.7961532752525722
0.14100000000000004,1.001,-0.7848528399492247
0.14100000000000004,1.501,-0.45001538274197794
0.14100000000000004,2.001,-0.2984832078828383
0.14100000000000004,2.501,-0.21506346853906577
0.14100000000000004,3.001,-0.1636185432688952
0.14100000000000004,3.501,-0.1294411954432732
0.14100000000000004,4.0009999999999994,-0.10550971226917365
0.14100000000000004,4.5009999999999994,-0.08808493091683522
0.14100000000000004,5.0009999999999994,-0.07501026574919131
0.14100000000000004,5.5009999999999994,-0.06496357807772038
0.14100000000000004,6.0009999999999994,-0.05709418878624688
0.14100000000000004,6.5009999999999994,-0.050832874319468604
0.14100000000000004,7.0009999999999994,-0.04578616872471152
0.14100000000000004,7.5009999999999994,-0.041674550800860966
0.14100000000000004,8.001,-0.03829475126129554
0.14100000000000004,8.501,-0.03549593613658596
0.14100000000000004,9.001,-0.0331641902893737
0.14100000000000004,9.501,-0.031212135540468304
0.14100000000000004,10.001,-0.029571819824638156
0.14100000000000004,10.501,-0.02818974477331737
0.14100000000000004,11.001,-0.027023323760560422
0.14100000000000004,11.501,-0.026038316677465742
0.14100000000000004,12.001,-0.025206944050394295
0.14100000000000004,12.501,-0.02450648161953975
0.14100000000000004,13.001,-0.023918199915794885
0.14100000000000004,13.501,-0.023426555022768636
0.14100000000000004,14.001,-0.023018564558465876
0.14100000000000004,14.501,-0.022683321840169787
0.14100000000000004,15.001,-0.022411614259135813
0.14100000000000004,15.501,-0.022195621033371957
0.14100000000000004,16.000999999999998,-0.022028671987445306
0.14100000000000004,16.500999999999998,-0.021905053657879134
0.14100000000000004,17.000999999999998,-0.021819852396095085
0.14100000000000004,17.500999999999998,-0.021768826613898923
0.14100000000000004,18.000999999999998,-0.02174830214726555
0.14100000000000004,18.500999999999998,-0.021755086081860803
0.14100000000000004,19.000999999999998,-0.021786395414291886
0.14100000000000004,19.500999999999998,-0.02183979770587291
0.14100000000000004,20.000999999999998,-0.021913161484850417
0.14100000000000004,20.500999999999998,-0.02200461461491304
0.14100000000000004,21.000999999999998,-0.022112509206325515
0.14100000000000004,21.500999999999998,-0.02223539192606394
0.14100000000000004,22.000999999999998,-0.022371978783453234
0.14100000000000004,22.500999999999998,-0.022521133641798335
0.14100000000000004,23.000999999999998,-0.02268184984482162
0.14100000000000004,23.500999999999998,-0.02285323445724559
0.14100000000000004,24.000999999999998,-0.02303449470762515
0.14100000000000004,24.500999999999998,-0.02322492629316427
0.14100000000000004,25.000999999999998,-0.023423903264325738
0.14100000000000004,25.500999999999998,-0.023630869254322284
0.14100000000000004,26.000999999999998,-0.023845329857245787
0.14100000000000004,26.500999999999998,-0.024066845990330727
0.14100000000000004,27.000999999999998,-0.024295028102012686
0.14100000000000004,27.500999999999998,-0.02452953110909067
0.14100000000000004,28.000999999999998,-0.02477004996427288
0.14100000000000004,28.500999999999998,-0.025016315770363944
0.14100000000000004,29.000999999999998,-0.025268092369877076
0.14100000000000004,29.500999999999998,-0.025525173349361205
0.14100000000000004,30.000999999999998,-0.025787379406577993
0.14100000000000004,30.500999999999998,-0.026054556036137766
0.14100000000000004,31.000999999999998,-0.02632657149553179
0.14100000000000004,31.500999999999998,-0.026603315018883786
0.14100000000000004,32.001,-0.026884695250338292
0.14100000000000004,32.501,-0.027170638872933733
0.14100000000000004,33.001,-0.027461089412193225
0.14100000000000004,33.501,-0.027756006196586344
0.14100000000000004,34.001,-0.028055363459540728
0.14100000000000004,34.501,-0.028359149569897622
0.14100000000000004,35.001,-0.028667366379632596
0.14100000000000004,35.501,-0.028980028679375755
0.14100000000000004,36.001,-0.02929716375378128
0.14100000000000004,36.501,-0.02961881103015985
0.14100000000000004,37.001,-0.029945021815025126
0.14100000000000004,37.501,-0.03027585911433879
0.14100000000000004,38.001,-0.030611397534294302
0.14100000000000004,38.501,-0.030951723260479076
0.14100000000000004,39.001,-0.03129693411421145
0.14100000000000004,39.501,-0.0316471396857907
0.14600000000000005,0.001,-0.5936308075634149
0.14600000000000005,0.501,-0.8289201122507515
0.14600000000000005,1.001,-0.7786167546749193
0.14600000000000005,1.501,-0.4458408755602201
0.14600000000000005,2.001,-0.29543118755888537
0.14600000000000005,2.501,-0.2127261121952941
0.14600000000000005,3.001,-0.16177944886646853
0.14600000000000005,3.501,-0.1279708416564499
0.14600000000000005,4.0009999999999994,-0.10432404156231674
0.14600000000000005,4.5009999999999994,-0.0871261140352578
0.14600000000000005,5.0009999999999994,-0.0742367241067608
0.14600000000000005,5.5009999999999994,-0.06434436716691291
0.14600000000000005,6.0009999999999994,-0.05660563024317607
0.14600000000000005,6.5009999999999994,-0.05045643199737918
0.14600000000000005,7.0009999999999994,-0.045507052978316614
0.14600000000000005,7.5009999999999994,-0.04148076929937522
0.14600000000000005,8.001,-0.038176444455917447
0.14600000000000005,8.501,-0.03544490028492933
0.14600000000000005,9.001,-0.03317352762548226
0.14600000000000005,9.501,-0.03127599279792802
0.14600000000000005,10.001,-0.029685189506179384
0.14600000000000005,10.501,-0.028348311848581942
0.14600000000000005,11.001,-0.027223345823919352
0.14600000000000005,11.501,-0.026276529134113463
0.14600000000000005,12.001,-0.02548048428643959
0.14600000000000005,12.501,-0.02481282775479289
0.14600000000000005,13.001,-0.024255120888297767
0.14600000000000005,13.501,-0.023792069572353303
0.14600000000000005,14.001,-0.02341090726707462
0.14600000000000005,14.501,-0.023100914818415468
0.14600000000000005,15.001,-0.022853043388147407
0.14600000000000005,15.501,-0.022659615910195635
0.14600000000000005,16.000999999999998,-0.022514088903216718
0.14600000000000005,16.500999999999998,-0.022410861076199523
0.14600000000000005,17.000999999999998,-0.02234511850557068
0.14600000000000005,17.500999999999998,-0.022312708611609722
0.14600000000000005,18.000999999999998,-0.022310036974806435
0.14600000000000005,18.500999999999998,-0.022333982386813403
0.14600000000000005,19.000999999999998,-0.022381826550693845
0.14600000000000005,19.500999999999998,-0.02245119561983175
0.14600000000000005,20.000999999999998,-0.022540011357674604
0.14600000000000005,20.500999999999998,-0.022646450157390446
0.14600000000000005,21.000999999999998,-0.022768908515080177
0.14600000000000005,21.500999999999998,-0.02290597382710624
0.14600000000000005,22.000999999999998,-0.023056399599703112
0.14600000000000005,22.500999999999998,-0.023219084331022224
0.14600000000000005,23.000999999999998,-0.023393053462446085
0.14600000000000005,23.500999999999998,-0.02357744390521521
0.14600000000000005,24.000999999999998,-0.023771490736094938
0.14600000000000005,24.500999999999998,-0.023974515726555352
0.14600000000000005,25.000999999999998,-0.02418591742727957
0.14600000000000005,25.500999999999998,-0.02440516257650157
0.14600000000000005,26.000999999999998,-0.024631778638834922
0.14600000000000005,26.500999999999998,-0.02486534731258746
0.14600000000000005,27.000999999999998,-0.025105498869371426
0.14600000000000005,27.500999999999998,-0.02535190721117994
0.14600000000000005,28.000999999999998,-0.025604285547831125
0.14600000000000005,28.500999999999998,-0.025862382612456866
0.14600000000000005,29.000999999999998,-0.026125979345070667
0.14600000000000005,29.500999999999998,-0.026394885984613453
0.14600000000000005,30.000999999999998,-0.02666893951860782
0.14600000000000005,30.500999999999998,-0.026948001446920507
0.14600000000000005,31.000999999999998,-0.027231955822391962
0.14600000000000005,31.500999999999998,-0.027520707536402646
0.14600000000000005,32.001,-0.02781418082199664
0.14600000000000005,32.501,-0.028112317951073145
0.14600000000000005,33.001,-0.02841507810551117
0.14600000000000005,33.501,-0.028722436404997907
0.14600000000000005,34.001,-0.029034383076850655
0.14600000000000005,34.501,-0.029350922755335743
0.14600000000000005,35.001,-0.029672073899929152
0.14600000000000005,35.501,-0.02999786832369803
0.14600000000000005,36.001,-0.030328350824526656
0.14600000000000005,36.501,-0.030663578913322262
0.14600000000000005,37.001,-0.031003622634620753
0.14600000000000005,37.501,-0.03134856447621838
0.14600000000000005,38.001,-0.031698499365592575
0.14600000000000005,38.501,-0.032053534751971556
0.14600000000000005,39.001,-0.032413790773990245
0.14600000000000005,39.501,-0.03277940051395183
0.15100000000000005,0.001,-0.6088799379287302
0.15100000000000005,0.501,-0.8626549643434901
0.15100000000000005,1.001,-0.7726490415465191
0.15100000000000005,1.501,-0.4418648462937313
0.15100000000000005,2.001,-0.2925390450174154
0.15100000000000005,2.501,-0.21052370784668892
0.15100000000000005,3.001,-0.1600576794983133
0.15100000000000005,3.501,-0.12660457988214083
0.15100000000000005,4.0009999999999994,-0.10323209820455162
0.15100000000000005,4.5009999999999994,-0.08625264508520578
0.15100000000000005,5.0009999999999994,-0.07354158728086416
0.15100000000000005,5.5009999999999994,-0.06379769391817389
0.15100000000000005,6.0009999999999994,-0.05618457120144976
0.15100000000000005,6.5009999999999994,-0.050143104712711384
0.15100000000000005,7.0009999999999994,-0.04528719341195859
0.15100000000000005,7.5009999999999994,-0.04134281481354455
0.15100000000000005,8.001,-0.038110891858519215
0.15100000000000005,8.501,-0.03544384509460802
0.15100000000000005,9.001,-0.033230326179033785
0.15100000000000005,9.501,-0.031385009715387366
0.15100000000000005,10.001,-0.029841605771581167
0.15100000000000005,10.501,-0.028547976773703923
0.15100000000000005,11.001,-0.027462661332206068
0.15100000000000005,11.501,-0.02655235821896562
0.15100000000000005,12.001,-0.025790077804875845
0.15100000000000005,12.501,-0.025153765304870145
0.15100000000000005,13.001,-0.024625262630052755
0.15100000000000005,13.501,-0.024189516642526943
0.15100000000000005,14.001,-0.023833969008257266
0.15100000000000005,14.501,-0.023548081460332836
0.15100000000000005,15.001,-0.023322963127494864
0.15100000000000005,15.501,-0.0231510755664993
0.15100000000000005,16.000999999999998,-0.023025997502976597
0.15100000000000005,16.500999999999998,-0.022942235851071663
0.15100000000000005,17.000999999999998,-0.02289507289322419
0.15100000000000005,17.500999999999998,-0.022880441927877585
0.15100000000000005,18.000999999999998,-0.02289482548840227
0.15100000000000005,18.500999999999998,-0.022935171577347535
0.15100000000000005,19.000999999999998,-0.022998824370040045
0.15100000000000005,19.500999999999998,-0.02308346660835453
0.15100000000000005,20.000999999999998,-0.02318707149216037
0.15100000000000005,20.500999999999998,-0.023307862328051154
0.15100000000000005,21.000999999999998,-0.02344427854570879
0.15100000000000005,21.500999999999998,-0.023594946966164883
0.15100000000000005,22.000999999999998,-0.02375865742139031
0.15100000000000005,22.500999999999998,-0.023934341994698863
0.15100000000000005,23.000999999999998,-0.024121057286552908
0.15100000000000005,23.500999999999998,-0.0243179692182937
0.15100000000000005,24.000999999999998,-0.0245243399729608
0.15100000000000005,24.500999999999998,-0.024739516742252318
0.15100000000000005,25.000999999999998,-0.024962922005329298
0.15100000000000005,25.500999999999998,-0.025194045111258074
0.15100000000000005,26.000999999999998,-0.025432434974578574
0.15100000000000005,26.500999999999998,-0.025677693724414072
0.15100000000000005,27.000999999999998,-0.025929471173023258
0.15100000000000005,27.500999999999998,-0.02618745999078003
0.15100000000000005,28.000999999999998,-0.02645139149206477
0.15100000000000005,28.500999999999998,-0.02672103195113893
0.15100000000000005,29.000999999999998,-0.026996179379264976
0.15100000000000005,29.500999999999998,-0.027276660704572
0.15100000000000005,30.000999999999998,-0.027562329304782238
0.15100000000000005,30.500999999999998,-0.02785306285020244
0.15100000000000005,31.000999999999998,-0.02814876142055718
0.15100000000000005,31.500999999999998,-0.028449345864511227
0.15100000000000005,32.001,-0.028754756375220986
0.15100000000000005,32.501,-0.029064951259121494
0.15100000000000005,33.001,-0.029379905878492853
0.15100000000000005,33.501,-0.02969961175123976
0.15100000000000005,34.001,-0.030024075793846645
0.15100000000000005,34.501,-0.030353319695695297
0.15100000000000005,35.001,-0.030687379414897926
0.15100000000000005,35.501,-0.031026304787568522
0.15100000000000005,36.001,-0.031370159244051135
0.15100000000000005,36.501,-0.03171901962709456
0.15100000000000005,37.001,-0.032072976108326434
0.15100000000000005,37.501,-0.03243213220068172
0.15100000000000005,38.001,-0.032796604865688486
0.15100000000000005,38.501,-0.033166524715749
0.15100000000000005,39.001,-0.03354203631279608
0.15100000000000005,39.501,-0.033923298565971864
0.15600000000000006,0.001,-0.6239636068287511
0.15600000000000006,0.501,-0.8974857296081032
0.15600000000000006,1.001,-0.7669336293353549
0.15600000000000006,1.501,-0.4380753425428056
0.15600000000000006,2.001,-0.28979709627427314
0.15600000000000006,2.501,-0.2084480310120635
0.15600000000000006,3.001,-0.15844603832605342
0.15600000000000006,3.501,-0.1253359809580024
0.15600000000000006,4.0009999999999994,-0.1022280510669768
0.15600000000000006,4.5009999999999994,-0.08545917364169593
0.15600000000000006,5.0009999999999994,-0.0729199007542278
0.15600000000000006,5.5009999999999994,-0.06331893629061239
0.15600000000000006,6.0009999999999994,-0.055826673313425876
0.15600000000000006,6.5009999999999994,-0.049888799428400375
0.15600000000000006,7.0009999999999994,-0.04512271151795136
0.15600000000000006,7.5009999999999994,-0.04125699827677429
0.15600000000000006,8.001,-0.03809457310856773
0.15600000000000006,8.501,-0.03548940156540703
0.15600000000000006,9.001,-0.03333135364492468
0.15600000000000006,9.501,-0.0315360781671621
0.15600000000000006,10.001,-0.030038073903856696
0.15600000000000006,10.501,-0.028785848901855655
0.15600000000000006,11.001,-0.027738475557328487
0.15600000000000006,11.501,-0.026863097964047414
0.15600000000000006,12.001,-0.02613310107629241
0.15600000000000006,12.501,-0.02552674756838575
0.15600000000000006,13.001,-0.025026150265248674
0.15600000000000006,13.501,-0.024616488703942577
0.15600000000000006,14.001,-0.02428540557307339
0.15600000000000006,14.501,-0.024022537245683886
0.15600000000000006,15.001,-0.02381914535896079
0.15600000000000006,15.501,-0.023667825302728034
0.15600000000000006,16.000999999999998,-0.023562273790370868
0.15600000000000006,16.500999999999998,-0.023497102211521598
0.15600000000000006,17.000999999999998,-0.023467685747340226
0.15600000000000006,17.500999999999998,-0.023470040633484505
0.15600000000000006,18.000999999999998,-0.023500723734630843
0.15600000000000006,18.500999999999998,-0.02355674992246594
0.15600000000000006,19.000999999999998,-0.023635523749177968
0.15600000000000006,19.500999999999998,-0.023734782667679512
0.15600000000000006,20.000999999999998,-0.023852549630562478
0.15600000000000006,20.500999999999998,-0.023987093347220337
0.15600000000000006,21.000999999999998,-0.02413689482566156
0.15600000000000006,21.500999999999998,-0.024300619096506278
0.15600000000000006,22.000999999999998,-0.024477091229506302
0.15600000000000006,22.500999999999998,-0.024665275921087363
0.15600000000000006,23.000999999999998,-0.024864260065011048
0.15600000000000006,23.500999999999998,-0.025073237824942862
0.15600000000000006,24.000999999999998,-0.02529149781335271
0.15600000000000006,24.500999999999998,-0.02551841205024468
0.15600000000000006,25.000999999999998,-0.025753426431170484
0.15600000000000006,25.500999999999998,-0.025996052479531125
0.15600000000000006,26.000999999999998,-0.026245860195391574
0.15600000000000006,26.500999999999998,-0.026502471843579276
0.15600000000000006,27.000999999999998,-0.02676555654900795
0.15600000000000006,27.500999999999998,-0.027034825587984312
0.15600000000000006,28.000999999999998,-0.02731002828153422
0.15600000000000006,28.500999999999998,-0.027590948411189288
0.15600000000000006,29.000999999999998,-0.027877401089714524
0.15600000000000006,29.500999999999998,-0.028169230029371863
0.15600000000000006,30.000999999999998,-0.02846630515882207
0.15600000000000006,30.500999999999998,-0.028768520546981747
0.15600000000000006,31.000999999999998,-0.029075792598255268
0.15600000000000006,31.500999999999998,-0.02938805848878287
0.15600000000000006,32.001,-0.02970527481780625
0.15600000000000006,32.501,-0.030027416452098075
0.15600000000000006,33.001,-0.03035447554472575
0.15600000000000006,33.501,-0.030686460712318515
0.15600000000000006,34.001,-0.031023396357546973
0.15600000000000006,34.501,-0.03136532212577796
0.15600000000000006,35.001,-0.031712292486874454
0.15600000000000006,35.501,-0.032064376434934296
0.15600000000000006,36.001,-0.03242165730043012
0.15600000000000006,36.501,-0.03278423267076729
0.15600000000000006,37.001,-0.033152214416752986
0.15600000000000006,37.501,-0.03352572882389537
0.15600000000000006,38.001,-0.03390491682885799
0.15600000000000006,38.501,-0.034289934362817
0.15600000000000006,39.001,-0.0346809528049265
0.15600000000000006,39.501,-0.03507815955063599
0.16100000000000006,0.001,-0.6388871170165966
0.16100000000000006,0.501,-0.9335657130451432
0.16100000000000006,1.001,-0.7614558833197531
0.16100000000000006,1.501,-0.43446148220458103
0.16100000000000006,2.001,-0.2871965258288195
0.16100000000000006,2.501,-0.206491595765802
0.16100000000000006,3.001,-0.15693797553211086
0.16100000000000006,3.501,-0.12415919433066053
0.16100000000000006,4.0009999999999994,-0.10130659431570535
0.16100000000000006,4.5009999999999994,-0.08474083171011282
0.16100000000000006,5.0009999999999994,-0.07236715713325569
0.16100000000000006,5.5009999999999994,-0.06290388971921622
0.16100000000000006,6.0009999999999994,-0.055527990416189305
0.16100000000000006,6.5009999999999994,-0.04968979343282026
0.16100000000000006,7.0009999999999994,-0.045010080010593465
0.16100000000000006,7.5009999999999994,-0.04121996499041944
0.16100000000000006,8.001,-0.03812428722152081
0.16100000000000006,8.501,-0.03557850664155732
0.16100000000000006,9.001,-0.033473671552701444
0.16100000000000006,9.501,-0.03172637288271274
0.16100000000000006,10.001,-0.030271872036456093
0.16100000000000006,10.501,-0.029059301279053536
0.16100000000000006,11.001,-0.028048249047678095
0.16100000000000006,11.501,-0.02720628991413636
0.16100000000000006,12.001,-0.026507170898190435
0.16100000000000006,12.501,-0.025929461499405927
0.16100000000000006,13.001,-0.02545553636209841
0.16100000000000006,13.501,-0.02507079987310161
0.16100000000000006,14.001,-0.02476308897300386
0.16100000000000006,14.501,-0.024522208786719263
0.16100000000000006,15.001,-0.02433956831554296
0.16100000000000006,15.501,-0.02420789226884512
0.16100000000000006,16.000999999999998,-0.024120991372546974
0.16100000000000006,16.500999999999998,-0.024073577978586863
0.16100000000000006,17.000999999999998,-0.024061117052453992
0.16100000000000006,17.500999999999998,-0.02407970499867952
0.16100000000000006,18.000999999999998,-0.0241259705467538
0.16100000000000006,18.500999999999998,-0.024196993235651068
0.16100000000000006,19.000999999999998,-0.024290236025754114
0.16100000000000006,19.500999999999998,-0.024403489318840996
0.16100000000000006,20.000999999999998,-0.02453482424182468
0.16100000000000006,20.500999999999998,-0.02468255349287965
0.16100000000000006,21.000999999999998,-0.024845198392113313
0.16100000000000006,21.500999999999998,-0.025021461047091263
0.16100000000000006,22.000999999999998,-0.0252102007541024
0.16100000000000006,22.500999999999998,-0.02541041392239913
0.16100000000000006,23.000999999999998,-0.025621216940773663
0.16100000000000006,23.500999999999998,-0.0258418315113288
0.16100000000000006,24.000999999999998,-0.026071572059969482
0.16100000000000006,24.500999999999998,-0.026309834901418215
0.16100000000000006,25.000999999999998,-0.026556088891856403
0.16100000000000006,25.500999999999998,-0.02680986734731146
0.16100000000000006,26.000999999999998,-0.02707076104267834
0.16100000000000006,26.500999999999998,-0.02733841213644434
0.16100000000000006,27.000999999999998,-0.027612508891052073
0.16100000000000006,27.500999999999998,-0.02789278107939425
0.16100000000000006,28.000999999999998,-0.02817899598500638
0.16100000000000006,28.500999999999998,-0.028470954917751812
0.16100000000000006,29.000999999999998,-0.028768490178692027
0.16100000000000006,29.500999999999998,-0.02907146241782904
0.16100000000000006,30.000999999999998,-0.029379758336829372
0.16100000000000006,30.500999999999998,-0.029693288695965943
0.16100000000000006,31.000999999999998,-0.030011986590577175
0.16100000000000006,31.500999999999998,-0.030335805967508844
0.16100000000000006,32.001,-0.03066472035645388
0.16100000000000006,32.501,-0.030998721794925105
0.16100000000000006,33.001,-0.03133781992893646
0.16100000000000006,33.501,-0.03168204127437261
0.16100000000000006,34.001,-0.032031428626605636
0.16100000000000006,34.501,-0.032386040608209536
0.16100000000000006,35.001,-0.032745951346699
0.16100000000000006,35.501,-0.033111250276115
0.16100000000000006,36.001,-0.033482042058051484
0.16100000000000006,36.501,-0.03385844661938813
0.16100000000000006,37.001,-0.0342405993056201
0.16100000000000006,37.501,-0.03462865115027416
0.16100000000000006,38.001,-0.035022769262516545
0.16100000000000006,38.501,-0.03542313733673278
0.16100000000000006,39.001,-0.03582995628961431
0.16100000000000006,39.501,-0.036243445032184705
0.16600000000000006,0.001,-0.6536554416176509
0.16600000000000006,0.501,-0.971081661253861
0.16600000000000006,1.001,-0.7562024371911775
0.16600000000000006,1.501,-0.4310133280901981
0.16600000000000006,2.001,-0.2847292848240244
0.16600000000000006,2.501,-0.20464756805929896
0.16600000000000006,3.001,-0.15552751232568243
0.16600000000000006,3.501,-0.12306888004977128
0.16600000000000006,4.0009999999999994,-0.10046288563326454
0.16600000000000006,4.5009999999999994,-0.08409317695629656
0.16600000000000006,5.0009999999999994,-0.07187924350535688
0.16600000000000006,5.5009999999999994,-0.06254871793948204
0.16600000000000006,6.0009999999999994,-0.0552849223154534
0.16600000000000006,6.5009999999999994,-0.04954269068282562
0.16600000000000006,7.0009999999999994,-0.04494608140708333
0.16600000000000006,7.5009999999999994,-0.041228655180398616
0.16600000000000006,8.001,-0.0381971149041587
0.16600000000000006,8.501,-0.03570836710399477
0.16600000000000006,9.001,-0.033654600581805694
0.16600000000000006,9.501,-0.0319533180532635
0.16600000000000006,10.001,-0.030540518937782535
0.16600000000000006,10.501,-0.029365939507987632
0.16600000000000006,11.001,-0.02838966748502514
0.16600000000000006,11.501,-0.027579693900808628
0.16600000000000006,12.001,-0.026910116018973793
0.16600000000000006,12.501,-0.026359800121572075
0.16600000000000006,13.001,-0.025911374083620875
0.16600000000000006,13.501,-0.025550459751767146
0.16600000000000006,14.001,-0.02526508192468263
0.16600000000000006,14.501,-0.025045208919020373
0.16600000000000006,15.001,-0.02488239224279829
0.16600000000000006,15.501,-0.024769481663719783
0.16600000000000006,16.000999999999998,-0.024700398167919274
0.16600000000000006,16.500999999999998,-0.024669951754264535
0.16600000000000006,17.000999999999998,-0.02467369423448671
0.16600000000000006,17.500999999999998,-0.02470779957146601
0.16600000000000006,18.000999999999998,-0.024768966034886146
0.16600000000000006,18.500999999999998,-0.024854335757231324
0.16600000000000006,19.000999999999998,-0.024961428254523965
0.16600000000000006,19.500999999999998,-0.025088085220959427
0.16600000000000006,20.000999999999998,-0.02523242447607075
0.16600000000000006,20.500999999999998,-0.025392801381645284
0.16600000000000006,21.000999999999998,-0.02556777638570236
0.16600000000000006,21.500999999999998,-0.02575608761624363
0.16600000000000006,22.000999999999998,-0.025956627655888628
0.16600000000000006,22.500999999999998,-0.026168423793092307
0.16600000000000006,23.000999999999998,-0.02639062117634425
0.16600000000000006,23.500999999999998,-0.026622468402100828
0.16600000000000006,24.000999999999998,-0.026863305150924704
0.16600000000000006,24.500999999999998,-0.027112551553811225
0.16600000000000006,25.000999999999998,-0.027369699025358456
0.16600000000000006,25.500999999999998,-0.027634302344924384
0.16600000000000006,26.000999999999998,-0.027905972803263013
0.16600000000000006,26.500999999999998,-0.028184372261953937
0.16600000000000006,27.000999999999998,-0.028469207997510265
0.16600000000000006,27.500999999999998,-0.02876022822236929
0.16600000000000006,28.000999999999998,-0.029057218191842676
0.16600000000000006,28.500999999999998,-0.02935999682016486
0.16600000000000006,29.000999999999998,-0.029668413740544696
0.16600000000000006,29.500999999999998,-0.029982346754012183
0.16600000000000006,30.000999999999998,-0.03030169962018897
0.16600000000000006,30.500999999999998,-0.030626400150174787
0.16600000000000006,31.000999999999998,-0.030956398567757146
0.16600000000000006,31.500999999999998,-0.03129166611029302
0.16600000000000006,32.001,-0.03163219384503942
0.16600000000000006,32.501,-0.0319779916805418
0.16600000000000006,33.001,-0.03232908755603855
0.16600000000000006,33.501,-0.03268552679478249
0.16600000000000006,34.001,-0.033047371609805976
0.16600000000000006,34.501,-0.03341470075301921
0.16600000000000006,35.001,-0.033787609300688165
0.16600000000000006,35.501,-0.034166208570352526
0.16600000000000006,36.001,-0.034550626166136036
0.16600000000000006,36.501,-0.03494100615125231
0.16600000000000006,37.001,-0.03533750934831244
0.16600000000000006,37.501,-0.03574031376988669
0.16600000000000006,38.001,-0.03614961518366767
0.16600000000000006,38.501,-0.036565627818585446
0.16600000000000006,39.001,-0.03698858522039524
0.16600000000000006,39.501,-0.03741874126763066
0.17100000000000007,0.001,-0.6682732539400729
0.17100000000000007,0.501,-1.0102653085581894
0.17100000000000007,1.001,-0.7511610490218927
0.17100000000000007,1.501,-0.42772178050354387
0.17100000000000007,2.001,-0.282388003805465
0.17100000000000007,2.501,-0.20290969147548335
0.17100000000000007,3.001,-0.15420917585524974
0.17100000000000007,3.501,-0.12206015052712546
0.17100000000000007,4.0009999999999994,-0.0996924933150384
0.17100000000000007,4.5009999999999994,-0.0835121440957295
0.17100000000000007,5.0009999999999994,-0.07145239636534705
0.17100000000000007,5.5009999999999994,-0.06224991088537435
0.17100000000000007,6.0009999999999994,-0.05509417521963987
0.17100000000000007,6.5009999999999994,-0.049444384430983784
0.17100000000000007,7.0009999999999994,-0.04492777257254882
0.17100000000000007,7.5009999999999994,-0.041280270235309474
0.17100000000000007,8.001,-0.038310386299804294
0.17100000000000007,8.501,-0.03587642866687883
0.17100000000000007,9.001,-0.03387169087743509
0.17100000000000007,9.501,-0.032214558754198555
0.17100000000000007,10.001,-0.030841746442856394
0.17100000000000007,10.501,-0.029703575104438468
0.17100000000000007,11.001,-0.028760615891760564
0.17100000000000007,11.501,-0.027981263035423126
0.17100000000000007,12.001,-0.027339952859056604
0.17100000000000007,12.501,-0.02681583892605182
0.17100000000000007,13.001,-0.026391794216579972
0.17100000000000007,13.501,-0.026053651045701967
0.17100000000000007,14.001,-0.02578961602128949
0.17100000000000007,14.501,-0.025589815391924425
0.17100000000000007,15.001,-0.025445938577747504
0.17100000000000007,15.501,-0.025350956374671538
0.17100000000000007,16.000999999999998,-0.025298896480902312
0.17100000000000007,16.500999999999998,-0.025284663408096167
0.17100000000000007,17.000999999999998,-0.0253038930377322
0.17100000000000007,17.500999999999998,-0.02535283442522981
0.17100000000000007,18.000999999999998,-0.025428253186009935
0.17100000000000007,18.500999999999998,-0.025527352089885685
0.17100000000000007,19.000999999999998,-0.025647705462679596
0.17100000000000007,19.500999999999998,-0.025787204731842095
0.17100000000000007,20.000999999999998,-0.025944013016931576
0.17100000000000007,20.500999999999998,-0.026116527100205338
0.17100000000000007,21.000999999999998,-0.026303345449300485
0.17100000000000007,21.500999999999998,-0.026503241226755424
0.17100000000000007,22.000999999999998,-0.026715139427391725
0.17100000000000007,22.500999999999998,-0.02693809744746105
0.17100000000000007,23.000999999999998,-0.02717128851879249
0.17100000000000007,23.500999999999998,-0.02741398754440576
0.17100000000000007,24.000999999999998,-0.027665558954874214
0.17100000000000007,24.500999999999998,-0.02792544627148061
0.17100000000000007,25.000999999999998,-0.02819316311628146
0.17100000000000007,25.500999999999998,-0.028468285453172225
0.17100000000000007,26.000999999999998,-0.028750444879989383
0.17100000000000007,26.500999999999998,-0.02903932282116274
0.17100000000000007,27.000999999999998,-0.029334645494722374
0.17100000000000007,27.500999999999998,-0.029636179547552793
0.17100000000000007,28.000999999999998,-0.02994372826946829
0.17100000000000007,28.500999999999998,-0.03025712831059435
0.17100000000000007,29.000999999999998,-0.030576246838179784
0.17100000000000007,29.500999999999998,-0.03090097907875196
0.17100000000000007,30.000999999999998,-0.03123124619979581
0.17100000000000007,30.500999999999998,-0.031566993492139275
0.17100000000000007,31.000999999999998,-0.031908188820213484
0.17100000000000007,31.500999999999998,-0.032254821312478886
0.17100000000000007,32.001,-0.03260690026873597
0.17100000000000007,32.501,-0.03296445426489121
0.17100000000000007,33.001,-0.033327530439131656
0.17100000000000007,33.501,-0.03369619394645686
0.17100000000000007,34.001,-0.03407052757121966
0.17100000000000007,34.501,-0.03445063148977978
0.17100000000000007,35.001,-0.03483662317765604
0.17100000000000007,35.501,-0.035228637457718585
0.17100000000000007,36.001,-0.03562682668803974
0.17100000000000007,36.501,-0.03603136109008098
0.17100000000000007,37.001,-0.03644242921996755
0.17100000000000007,37.501,-0.0368602385877492
0.17100000000000007,38.001,-0.03728501643182649
0.17100000000000007,38.501,-0.037717010658167294
0.17100000000000007,39.001,-0.03815649095665806
0.17100000000000007,39.501,-0.03860375010994885
0.17600000000000007,0.001,-0.6827449537956144
0.17600000000000007,0.501,-1.0514105214386449
0.17600000000000007,1.001,-0.7463204772562577
0.17600000000000007,1.501,-0.4245784847656715
0.17600000000000007,2.001,-0.28016591762671317
0.17600000000000007,2.501,-0.20127222332678651
0.17600000000000007,3.001,-0.1529779431937781
0.17600000000000007,3.501,-0.12112852041827574
0.17600000000000007,4.0009999999999994,-0.09899135074739165
0.17600000000000007,4.5009999999999994,-0.0829940030684791
0.17600000000000007,5.0009999999999994,-0.07108316283649435
0.17600000000000007,5.5009999999999994,-0.06200424846929986
0.17600000000000007,6.0009999999999994,-0.05495272770376091
0.17600000000000007,6.5009999999999994,-0.04939202507799523
0.17600000000000007,7.0009999999999994,-0.044952454223862875
0.17600000000000007,7.5009999999999994,-0.0413722436681067
0.17600000000000007,8.001,-0.038461653247698374
0.17600000000000007,8.501,-0.03608034940046599
0.17600000000000007,9.001,-0.03412269652327699
0.17600000000000007,9.501,-0.03250793637049204
0.17600000000000007,10.001,-0.031173475747661633
0.17600000000000007,10.501,-0.030070202587750644
0.17600000000000007,11.001,-0.029159156453809107
0.17600000000000007,11.501,-0.028409122208407384
0.17600000000000007,12.001,-0.027794864636877303
0.17600000000000007,12.501,-0.02729581558010331
0.17600000000000007,13.001,-0.026895085423084893
0.17600000000000007,13.501,-0.026578710323811948
0.17600000000000007,14.001,-0.02633507296722392
0.17600000000000007,14.501,-0.026154452549743468
0.17600000000000007,15.001,-0.02602867205030998
0.17600000000000007,15.501,-0.0259508194751165
0.17600000000000007,16.000999999999998,-0.025915025873822092
0.17600000000000007,16.500999999999998,-0.02591628730322476
0.17600000000000007,17.000999999999998,-0.025950321086563602
0.17600000000000007,17.500999999999998,-0.026013449039047256
0.17600000000000007,18.000999999999998,-0.026102502047143677
0.17600000000000007,18.500999999999998,-0.026214741670104347
0.17600000000000007,19.000999999999998,-0.026347795396092583
0.17600000000000007,19.500999999999998,-0.026499602916453896
0.17600000000000007,20.000999999999998,-0.026668371340572455
0.17600000000000007,20.500999999999998,-0.026852537704022468
0.17600000000000007,21.000999999999998,-0.027050737456246254
0.17600000000000007,21.500999999999998,-0.027261777874177932
0.17600000000000007,22.000999999999998,-0.027484615552450367
0.17600000000000007,22.500999999999998,-0.027718337282063812
0.17600000000000007,23.000999999999998,-0.02796214375738205
0.17600000000000007,23.500999999999998,-0.02821533565348386
0.17600000000000007,24.000999999999998,-0.028477301697826377
0.17600000000000007,24.500999999999998,-0.028747508426225726
0.17600000000000007,25.000999999999998,-0.02902549136663568
0.17600000000000007,25.500999999999998,-0.029310847437708017
0.17600000000000007,26.000999999999998,-0.029603228384655556
0.17600000000000007,26.500999999999998,-0.029902335104093777
0.17600000000000007,27.000999999999998,-0.030207912733560698
0.17600000000000007,27.500999999999998,-0.0305197464012764
0.17600000000000007,28.000999999999998,-0.03083765754821744
0.17600000000000007,28.500999999999998,-0.03116150074833572
0.17600000000000007,29.000999999999998,-0.031491160964287196
0.17600000000000007,29.500999999999998,-0.03182655118573516
0.17600000000000007,30.000999999999998,-0.032167610405490675
0.17600000000000007,30.500999999999998,-0.03251430189572378
0.17600000000000007,31.000999999999998,-0.03286661175243262
0.17600000000000007,31.500999999999998,-0.03322454768148662
0.17600000000000007,32.001,-0.03358813800399808
0.17600000000000007,32.501,-0.033957430862669086
0.17600000000000007,33.001,-0.034332493614195464
0.17600000000000007,33.501,-0.034713412395890146
0.17600000000000007,34.001,-0.035100291857487045
0.17600000000000007,34.501,-0.03549325505167106
0.17600000000000007,35.001,-0.03589244347932455
0.17600000000000007,35.501,-0.03629801728782617
0.17600000000000007,36.001,-0.03671015562305997
0.17600000000000007,36.501,-0.037129057138128155
0.17600000000000007,37.001,-0.03755494066418739
0.17600000000000007,37.501,-0.03798804605139056
0.17600000000000007,38.001,-0.038428635190681286
0.17600000000000007,38.501,-0.03887699323026185
0.17600000000000007,39.001,-0.03933343000397045
0.17600000000000007,39.501,-0.039798281692731426
0.18100000000000008,0.001,-0.6970746908269206
0.18100000000000008,0.501,-1.0948997691010693
0.18100000000000008,1.001,-0.7416703734595784
0.18100000000000008,1.501,-0.4215757512456667
0.18100000000000008,2.001,-0.2780568005177255
0.18100000000000008,2.501,-0.1997298794067898
0.18100000000000008,3.001,-0.15182919291382954
0.18100000000000008,3.501,-0.12026986329866604
0.18100000000000008,4.0009999999999994,-0.09835571706015514
0.18100000000000008,4.5009999999999994,-0.0825353228896578
0.18100000000000008,5.0009999999999994,-0.07076836715599172
0.18100000000000008,5.5009999999999994,-0.06180876928112333
0.18100000000000008,6.0009999999999994,-0.0548578012975367
0.18100000000000008,6.5009999999999994,-0.04938299239438132
0.18100000000000008,7.0009999999999994,-0.04501764457974099
0.18100000000000008,7.5009999999999994,-0.041502216027186414
0.18100000000000008,8.001,-0.03864866531649974
0.18100000000000008,8.501,-0.036317976770932646
0.18100000000000008,9.001,-0.034405553489332025
0.18100000000000008,9.501,-0.032831467368467177
0.18100000000000008,10.001,-0.03153379693235177
0.18100000000000008,10.501,-0.03046397969249641
0.18100000000000008,11.001,-0.029583509365642233
0.18100000000000008,11.501,-0.02886154951909862
0.18100000000000008,12.001,-0.028273183340610603
0.18100000000000008,12.501,-0.02779811240240962
0.18100000000000008,13.001,-0.02741967718534341
0.18100000000000008,13.501,-0.027124111401592092
0.18100000000000008,14.001,-0.02689996837252416
0.18100000000000008,14.501,-0.026737675512058814
0.18100000000000008,15.001,-0.026629185226667615
0.18100000000000008,15.501,-0.02656769911021259
0.18100000000000008,16.000999999999998,-0.02654744837583081
0.18100000000000008,16.500999999999998,-0.026563517811149615
0.18100000000000008,17.000999999999998,-0.026611703690002445
0.18100000000000008,17.500999999999998,-0.026688398377303538
0.18100000000000008,18.000999999999998,-0.026790496066366458
0.18100000000000008,18.500999999999998,-0.026915315357997904
0.18100000000000008,19.000999999999998,-0.027060535346198955
0.18100000000000008,19.500999999999998,-0.027224142600012338
0.18100000000000008,20.000999999999998,-0.027404386984881263
0.18100000000000008,20.500999999999998,-0.027599744693199535
0.18100000000000008,21.000999999999998,-0.02780888718410754
0.18100000000000008,21.500999999999998,-0.028030654990286327
0.18100000000000008,22.000999999999998,-0.02826403555173662
0.18100000000000008,22.500999999999998,-0.02850814439615673
0.18100000000000008,23.000999999999998,-0.028762209112246882
0.18100000000000008,23.500999999999998,-0.029025555663367727
0.18100000000000008,24.000999999999998,-0.029297596670067788
0.18100000000000008,24.500999999999998,-0.02957782135534669
0.18100000000000008,25.000999999999998,-0.029865786899424686
0.18100000000000008,25.500999999999998,-0.030161110993829586
0.18100000000000008,26.000999999999998,-0.03046346541976624
0.18100000000000008,26.500999999999998,-0.03077257050457497
0.18100000000000008,27.000999999999998,-0.031088190333849363
0.18100000000000008,27.500999999999998,-0.031410128616450025
0.18100000000000008,28.000999999999998,-0.03173822511597892
0.18100000000000008,28.500999999999998,-0.03207235257591762
0.18100000000000008,29.000999999999998,-0.03241241407705756
0.18100000000000008,29.500999999999998,-0.032758340775475396
0.18100000000000008,30.000999999999998,-0.033110089977456306
0.18100000000000008,30.500999999999998,-0.03346764351471011
0.18100000000000008,31.000999999999998,-0.03383100638917052
0.18100000000000008,31.500999999999998,-0.03420020566181485
0.18100000000000008,32.001,-0.03457528956441339
0.18100000000000008,32.501,-0.03495632681707174
0.18100000000000008,33.001,-0.03534340613794568
0.18100000000000008,33.501,-0.03573663593469955
0.18100000000000008,34.001,-0.03613614417021528
0.18100000000000008,34.501,-0.03654207839782127
0.18100000000000008,35.001,-0.03695460596395959
0.18100000000000008,35.501,-0.03737391437881946
0.18100000000000008,36.001,-0.03780021185809666
0.18100000000000008,36.501,-0.03823372804175015
0.18100000000000008,37.001,-0.038674714898506234
0.18100000000000008,37.501,-0.039123447827972405
0.18100000000000008,38.001,-0.03958022697565194
0.18100000000000008,38.501,-0.04004537878001917
0.18100000000000008,39.001,-0.04051925777521602
0.18100000000000008,39.501,-0.041002248678037444
0.18600000000000008,0.001,-0.7112663852551532
0.18600000000000008,0.501,-1.1412469854624092
0.18600000000000008,1.001,-0.7372011891655997
0.18600000000000008,1.501,-0.4187064859124493
0.18600000000000008,2.001,-0.27605490970191787
0.18600000000000008,2.501,-0.1982777860203378
0.18600000000000008,3.001,-0.15075866304588728
0.18600000000000008,3.501,-0.11948037405360779
0.18600000000000008,4.0009999999999994,-0.09778214297107657
0.18600000000000008,4.5009999999999994,-0.08213294027207632
0.18600000000000008,5.0009999999999994,-0.07050508158669155
0.18600000000000008,5.5009999999999994,-0.06166074342280215
0.18600000000000008,6.0009999999999994,-0.054806834961056976
0.18600000000000008,6.5009999999999994,-0.04941487141516923
0.18600000000000008,7.0009999999999994,-0.04512105649620815
0.18600000000000008,7.5009999999999994,-0.04166801312717607
0.18600000000000008,8.001,-0.0388693490100081
0.18600000000000008,8.501,-0.03658732772016207
0.18600000000000008,9.001,-0.03471836050033779
0.18600000000000008,9.501,-0.03318332487981342
0.18600000000000008,10.001,-0.03192095119787047
0.18600000000000008,10.501,-0.030883210202964223
0.18600000000000008,11.001,-0.030032036214741258
0.18600000000000008,11.501,-0.029336960168010476
0.18600000000000008,12.001,-0.02877337409088522
0.18600000000000008,12.501,-0.028321241163008614
0.18600000000000008,13.001,-0.027964125013065475
0.18600000000000008,13.501,-0.027688450929282918
0.18600000000000008,14.001,-0.027482937697673647
0.18600000000000008,14.501,-0.027338156453348382
0.18600000000000008,15.001,-0.027246185103874443
0.18600000000000008,15.501,-0.02720033538836579
0.18600000000000008,16.000999999999998,-0.02719493565477374
0.18600000000000008,16.500999999999998,-0.027225156748783882
0.18600000000000008,17.000999999999998,-0.02728687153002378
0.18600000000000008,17.500999999999998,-0.02737654081639035
0.18600000000000008,18.000999999999998,-0.027491120246044
0.18600000000000008,18.500999999999998,-0.027627983806061573
0.18600000000000008,19.000999999999998,-0.027784860724123214
0.18600000000000008,19.500999999999998,-0.02795978313800783
0.18600000000000008,20.000999999999998,-0.028151042506594476
0.18600000000000008,20.500999999999998,-0.028357153148524196
0.18600000000000008,21.000999999999998,-0.028576821622014664
0.18600000000000008,21.500999999999998,-0.02880892091459178
0.18600000000000008,22.000999999999998,-0.02905246861180974
0.18600000000000008,22.500999999999998,-0.029306608372105553
0.18600000000000008,23.000999999999998,-0.029570594160396847
0.18600000000000008,23.500999999999998,-0.02984377679311379
0.18600000000000008,24.000999999999998,-0.030125592427631256
0.18600000000000008,24.500999999999998,-0.030415552693728504
0.18600000000000008,25.000999999999998,-0.030713236217078395
0.18600000000000008,25.500999999999998,-0.031018281327344625
0.18600000000000008,26.000999999999998,-0.031330379778261946
0.18600000000000008,26.500999999999998,-0.03164927133560957
0.18600000000000008,27.000999999999998,-0.03197473911251784
0.18600000000000008,27.500999999999998,-0.0323066055510057
0.18600000000000008,28.000999999999998,-0.0326447289648302
0.18600000000000008,28.500999999999998,-0.0329890005722464
0.18600000000000008,29.000999999999998,-0.03333934195860378
0.18600000000000008,29.500999999999998,-0.03369570291827681
0.18600000000000008,30.000999999999998,-0.03405805963353851
0.18600000000000008,30.500999999999998,-0.034426413154912884
0.18600000000000008,31.000999999999998,-0.03480078815350332
0.18600000000000008,31.500999999999998,-0.035181231920976365
0.18600000000000008,32.001,-0.03556781359740852
0.18600000000000008,32.501,-0.035960623611251887
0.18600000000000008,33.001,-0.03635977331929886
0.18600000000000008,33.501,-0.036765394837871807
0.18600000000000008,34.001,-0.03717764105958039
0.18600000000000008,34.501,-0.037596685852982675
0.18600000000000008,35.001,-0.03802272444540818
0.18600000000000008,35.501,-0.03845597399215436
0.18600000000000008,36.001,-0.03889667433829795
0.18600000000000008,36.501,-0.039345088982576173
0.18600000000000008,37.001,-0.03980150625626272
0.18600000000000008,37.501,-0.04026624073379739
0.18600000000000008,38.001,-0.04073963489624051
0.18600000000000008,38.501,-0.041222061073555735
0.18600000000000008,39.001,-0.04171392369743761
0.18600000000000008,39.501,-0.042215661903109894
0.1910000000000001,0.001,-0.7253237463949678
0.1910000000000001,0.501,-1.1911712322723211
0.1910000000000001,1.001,-0.7329040946450278
0.1910000000000001,1.501,-0.4159641297814799
0.1910000000000001,2.001,-0.2741549362400067
0.1910000000000001,2.501,-0.19691143816607382
0.1910000000000001,3.001,-0.14976241443194266
0.1910000000000001,3.501,-0.11875653609738582
0.1910000000000001,4.0009999999999994,-0.09726744101804263
0.1910000000000001,4.5009999999999994,-0.08178393228164482
0.1910000000000001,5.0009999999999994,-0.0702906010690331
0.1910000000000001,5.5009999999999994,-0.06155764883742573
0.1910000000000001,6.0009999999999994,-0.05479746284506026
0.1910000000000001,6.5009999999999994,-0.04948543143775955
0.1910000000000001,7.0009999999999994,-0.045260577546580416
0.1910000000000001,7.5009999999999994,-0.04186762708414313
0.1910000000000001,8.001,-0.03912178965258595
0.1910000000000001,8.501,-0.03688657131338857
0.1910000000000001,9.001,-0.03505936237110907
0.1910000000000001,9.501,-0.033561822660901026
0.1910000000000001,10.001,-0.03233331539428391
0.1910000000000001,10.501,-0.031326329002750064
0.1910000000000001,11.001,-0.030503225510648838
0.1910000000000001,11.501,-0.02983389242854491
0.1910000000000001,12.001,-0.029294021522567187
0.1910000000000001,12.501,-0.028863829846121278
0.1910000000000001,13.001,-0.028527097561376932
0.1910000000000001,13.501,-0.028270435841540896
0.1910000000000001,14.001,-0.028082724013978322
0.1910000000000001,14.501,-0.027954672655006507
0.1910000000000001,15.001,-0.027878481436194175
0.1910000000000001,15.501,-0.02784756896608294
0.1910000000000001,16.000999999999998,-0.027856357846106752
0.1910000000000001,16.500999999999998,-0.02790010243818762
0.1910000000000001,17.000999999999998,-0.027974749939917956
0.1910000000000001,17.500999999999998,-0.028076827630471642
0.1910000000000001,18.000999999999998,-0.028203350825621306
0.1910000000000001,18.500999999999998,-0.02835174732940108
0.1910000000000001,19.000999999999998,-0.02851979510943689
0.1910000000000001,19.500999999999998,-0.028705570635240762
0.1910000000000001,20.000999999999998,-0.028907405862932736
0.1910000000000001,20.500999999999998,-0.02912385226855918
0.1910000000000001,21.000999999999998,-0.029353650656555895
0.1910000000000001,21.500999999999998,-0.029595705722843854
0.1910000000000001,22.000999999999998,-0.029849064550458278
0.1910000000000001,22.500999999999998,-0.030112898372193806
0.1910000000000001,23.000999999999998,-0.030386487058993036
0.1910000000000001,23.500999999999998,-0.03066920589190819
0.1910000000000001,24.000999999999998,-0.030960514254937607
0.1910000000000001,24.500999999999998,-0.03125994595005757
0.1910000000000001,25.000999999999998,-0.0315671008876109
0.1910000000000001,25.500999999999998,-0.03188163794736021
0.1910000000000001,26.000999999999998,-0.03220326883995407
0.1910000000000001,26.500999999999998,-0.03253175282681296
0.1910000000000001,27.000999999999998,-0.03286689217973346
0.1910000000000001,27.500999999999998,-0.03320852828078635
0.1910000000000001,28.000999999999998,-0.03355653827913163
0.1910000000000001,28.500999999999998,-0.0339108322347712
0.1910000000000001,29.000999999999998,-0.034271350690526024
0.1910000000000001,29.500999999999998,-0.03463806262304125
0.1910000000000001,30.000999999999998,-0.03501096373171513
0.1910000000000001,30.500999999999998,-0.03539007503138514
0.1910000000000001,31.000999999999998,-0.03577544172060046
0.1910000000000001,31.500999999999998,-0.03616713230254391
0.1910000000000001,32.001,-0.036565237940295925
0.1910000000000001,32.501,-0.03696987203229496
0.1910000000000001,33.001,-0.037381169997630324
0.1910000000000001,33.501,-0.03779928926434697
0.1910000000000001,34.001,-0.038224409457300344
0.1910000000000001,34.501,-0.03865673278538527
0.1910000000000001,35.001,-0.03909648463125622
0.1910000000000001,35.501,-0.039543914350030816
0.1910000000000001,36.001,-0.03999929628704946
0.1910000000000001,36.501,-0.040462931028600616
0.1910000000000001,37.001,-0.04093514690379161
0.1910000000000001,37.501,-0.041416301760518595
0.1910000000000001,38.001,-0.04190678504397016
0.1910000000000001,38.501,-0.042407020212458214
0.1910000000000001,39.001,-0.0429174675328377
0.1910000000000001,39.501,-0.043438627306654716
0.1960000000000001,0.001,-0.7392502892293232
0.1960000000000001,0.501,-1.2457334385645278
0.1960000000000001,1.001,-0.7287709078013112
0.1960000000000001,1.501,-0.413342605917163
0.1960000000000001,2.001,-0.27235196201197315
0.1960000000000001,2.501,-0.19562666294414205
0.1960000000000001,3.001,-0.14883679866082802
0.1960000000000001,3.501,-0.11809509269306273
0.1960000000000001,4.0009999999999994,-0.09680865951695117
0.1960000000000001,4.5009999999999994,-0.08148559241677014
0.1960000000000001,5.0009999999999994,-0.07012242104838151
0.1960000000000001,5.5009999999999994,-0.06149715060482418
0.1960000000000001,6.0009999999999994,-0.05482749483952985
0.1960000000000001,6.5009999999999994,-0.049592607653953416
0.1960000000000001,7.0009999999999994,-0.04543425260079091
0.1960000000000001,7.5009999999999994,-0.042099199731124776
0.1960000000000001,8.001,-0.03940421554893357
0.1960000000000001,8.501,-0.037214013566170226
0.1960000000000001,9.001,-0.035426935435449614
0.1960000000000001,9.501,-0.03396540106782123
0.1960000000000001,10.001,-0.03276938849381757
0.1960000000000001,10.501,-0.031791889003958546
0.1960000000000001,11.001,-0.030995680033731703
0.1960000000000001,11.501,-0.030350995383069998
0.1960000000000001,12.001,-0.029833817879588734
0.1960000000000001,12.501,-0.02942461107830835
0.1960000000000001,13.001,-0.02910736536954768
0.1960000000000001,13.501,-0.028868872386290392
0.1960000000000001,14.001,-0.028698167304087918
0.1960000000000001,14.501,-0.028586096060821714
0.1960000000000001,15.001,-0.028524976530336976
0.1960000000000001,15.501,-0.028508331069115423
0.1960000000000001,16.000999999999998,-0.02853067378727228
0.1960000000000001,16.500999999999998,-0.02858734014254935
0.1960000000000001,17.000999999999998,-0.028674349531192495
0.1960000000000001,17.500999999999998,-0.028788293799451303
0.1960000000000001,18.000999999999998,-0.02892624626156179
0.1960000000000001,18.500999999999998,-0.02908568704922622
0.1960000000000001,19.000999999999998,-0.029264441549405565
0.1960000000000001,19.500999999999998,-0.0294606293935802
0.1960000000000001,20.000999999999998,-0.0296726220011497
0.1960000000000001,20.500999999999998,-0.02989900709472592
0.1960000000000001,21.000999999999998,-0.0301385589265779
0.1960000000000001,21.500999999999998,-0.030390213206137526
0.1960000000000001,22.000999999999998,-0.03065304591507779
0.1960000000000001,22.500999999999998,-0.03092625535159449
0.1960000000000001,23.000999999999998,-0.031209146868579958
0.1960000000000001,23.500999999999998,-0.031501119868543724
0.1960000000000001,24.000999999999998,-0.03180165669681891
0.1960000000000001,24.500999999999998,-0.032110313137998774
0.1960000000000001,25.000999999999998,-0.0324267102718655
0.1960000000000001,25.500999999999998,-0.03275052748681448
0.1960000000000001,26.000999999999998,-0.033081496482877726
0.1960000000000001,26.500999999999998,-0.0334193961244357
0.1960000000000001,27.000999999999998,-0.03376404802578588
0.1960000000000001,27.500999999999998,-0.034115312771846235
0.1960000000000001,28.000999999999998,-0.03447308669218258
0.1960000000000001,28.500999999999998,-0.03483729911986743
0.1960000000000001,29.000999999999998,-0.03520791007787165
0.1960000000000001,29.500999999999998,-0.035584908345187016
0.1960000000000001,30.000999999999998,-0.035968309862966966
0.1960000000000001,30.500999999999998,-0.03635815644794056
0.1960000000000001,31.000999999999998,-0.03675451478641022
0.1960000000000001,31.500999999999998,-0.03715747568746604
0.1960000000000001,32.001,-0.03756715357880908
0.1960000000000001,32.501,-0.037983686232893124
0.1960000000000001,33.001,-0.03840723471509086
0.1960000000000001,33.501,-0.038837983549381165
0.1960000000000001,34.001,-0.0392761411007311
0.1960000000000001,34.501,-0.0397219401770184
0.1960000000000001,35.001,-0.040175638857091335
0.1960000000000001,35.501,-0.04063752155551877
0.1960000000000001,36.001,-0.041107900338833915
0.1960000000000001,36.501,-0.04158711651277672
0.1960000000000001,37.001,-0.04207554250530779
0.1960000000000001,37.501,-0.04257358407621948
0.1960000000000001,38.001,-0.043081682891178114
0.1960000000000001,38.501,-0.043600319506298314
0.1960000000000001,39.001,-0.04413001681917657
0.1960000000000001,39.501,-0.04467134405413057
0.2010000000000001,0.001,-0.753049349291778
0.2010000000000001,0.501,-1.3066181127530008
0.2010000000000001,1.001,-0.7247940317082362
0.2010000000000001,1.501,-0.4108362728819799
0.2010000000000001,2.001,-0.27064142193575563
0.2010000000000001,2.501,-0.1944195874213573
0.2010000000000001,3.001,-0.14797842991184032
0.2010000000000001,3.501,-0.11749302176996683
0.2010000000000001,4.0009999999999994,-0.09640305969717251
0.2010000000000001,4.5009999999999994,-0.08123540960787565
0.2010000000000001,5.0009999999999994,-0.06999821801033508
0.2010000000000001,5.5009999999999994,-0.06147708276690504
0.2010000000000001,6.0009999999999994,-0.05489489949988882
0.2010000000000001,6.5009999999999994,-0.04973448502801703
0.2010000000000001,7.0009999999999994,-0.04564026853570072
0.2010000000000001,7.5009999999999994,-0.04236100806305543
0.2010000000000001,8.001,-0.03971498408283117
0.2010000000000001,8.501,-0.037568084129227935
0.2010000000000001,9.001,-0.035819574759736135
0.2010000000000001,9.501,-0.03439261474966762
0.2010000000000001,10.001,-0.03322777972153018
0.2010000000000001,10.501,-0.032278549678492155
0.2010000000000001,11.001,-0.03150810573489583
0.2010000000000001,11.501,-0.030887018162711742
0.2010000000000001,12.001,-0.030391552569706853
0.2010000000000001,12.501,-0.030002411975823692
0.2010000000000001,13.001,-0.029703790980926195
0.2010000000000001,13.501,-0.02948265649924872
0.2010000000000001,14.001,-0.02932819507487698
0.2010000000000001,14.501,-0.029231384113498057
0.2010000000000001,15.001,-0.029184656292251546
0.2010000000000001,15.501,-0.02918163473732162
0.2010000000000001,16.000999999999998,-0.02921692244947472
0.2010000000000001,16.500999999999998,-0.029285933674643667
0.2010000000000001,17.000999999999998,-0.029384757969298653
0.2010000000000001,17.500999999999998,-0.029510049943298762
0.2010000000000001,18.000999999999998,-0.029658939312264664
0.2010000000000001,18.500999999999998,-0.029828957120948935
0.2010000000000001,19.000999999999998,-0.030017974923408672
0.2010000000000001,19.500999999999998,-0.030224154406339437
0.2010000000000001,20.000999999999998,-0.03044590547694702
0.2010000000000001,20.500999999999998,-0.030681851248272274
0.2010000000000001,21.000999999999998,-0.030930798673602863
0.2010000000000001,21.500999999999998,-0.031191713830037156
0.2010000000000001,22.000999999999998,-0.03146370104610488
0.2010000000000001,22.500999999999998,-0.03174598522203721
0.2010000000000001,23.000999999999998,-0.032037896813214395
0.2010000000000001,23.500999999999998,-0.03233885904453958
0.2010000000000001,24.000999999999998,-0.03264837700144846
0.2010000000000001,24.500999999999998,-0.03296602830604063
0.2010000000000001,25.000999999999998,-0.03329145513766422
0.2010000000000001,25.500999999999998,-0.03362435739861554
0.2010000000000001,26.000999999999998,-0.03396448685940207
0.2010000000000001,26.500999999999998,-0.03431164214574552
0.2010000000000001,27.000999999999998,-0.034665664452378564
0.2010000000000001,27.500999999999998,-0.03502643388764532
0.2010000000000001,28.000999999999998,-0.03539386636871737
0.2010000000000001,28.500999999999998,-0.0357679110004718
0.2010000000000001,29.000999999999998,-0.0361485478822425
0.2010000000000001,29.500999999999998,-0.03653578629613193
0.2010000000000001,30.000999999999998,-0.03692966323869365
0.2010000000000001,30.500999999999998,-0.03733024226481387
0.2010000000000001,31.000999999999998,-0.03773761261876511
0.2010000000000001,31.500999999999998,-0.03815188863286293
0.2010000000000001,32.001,-0.03857320937907399
0.2010000000000001,32.501,-0.03900173856345974
0.2010000000000001,33.001,-0.039437664657608194
0.2010000000000001,33.501,-0.03988120126531613
0.2010000000000001,34.001,-0.04033258772687996
0.2010000000000001,34.501,-0.040792089967506585
0.2010000000000001,35.001,-0.041260001600713865
0.2010000000000001,35.501,-0.041736645302279975
0.2010000000000001,36.001,-0.042222374475446085
0.2010000000000001,36.501,-0.04271757523386343
0.2010000000000001,37.001,-0.04322266873540509
0.2010000000000001,37.501,-0.043738113907649756
0.2010000000000001,38.001,-0.04426441061490964
0.2010000000000001,38.501,-0.04480210332748348
0.2010000000000001,39.001,-0.04535178536681135
0.2010000000000001,39.501,-0.04591410381601875
0.2060000000000001,0.001,-0.7667240960669591
0.2060000000000001,0.501,-1.3768080051523517
0.2060000000000001,1.001,-0.7209663995528954
0.2060000000000001,1.501,-0.40843988370941253
0.2060000000000001,2.001,-0.26901907067251624
0.2060000000000001,2.501,-0.19328661031499858
0.2060000000000001,3.001,-0.14718416014625402
0.2060000000000001,3.501,-0.11694751373714635
0.2060000000000001,4.0009999999999994,-0.09604809555861385
0.2060000000000001,4.5009999999999994,-0.08103104971785843
0.2060000000000001,5.0009999999999994,-0.06991583233513005
0.2060000000000001,5.5009999999999994,-0.061495432319326776
0.2060000000000001,6.0009999999999994,-0.05499778900915221
0.2060000000000001,6.5009999999999994,-0.0499092840979459
0.2060000000000001,7.0009999999999994,-0.04587694077000275
0.2060000000000001,7.5009999999999994,-0.042651451419232184
0.2060000000000001,8.001,-0.0400525694759077
0.2060000000000001,8.501,-0.03794732456381829
0.2060000000000001,9.001,-0.03623588288430922
0.2060000000000001,9.501,-0.034842121812687976
0.2060000000000001,10.001,-0.03370719810490526
0.2060000000000001,10.501,-0.032785066960650124
0.2060000000000001,11.001,-0.032039301962793566
0.2060000000000001,11.501,-0.03144080047415686
0.2060000000000001,12.001,-0.03096610296873329
0.2060000000000001,12.501,-0.03059614520653408
0.2060000000000001,13.001,-0.030315320244881802
0.2060000000000001,13.501,-0.030110765330004424
0.2060000000000001,14.001,-0.029971814093317478
0.2060000000000001,14.501,-0.02988957168733647
0.2060000000000001,15.001,-0.029856582344798162
0.2060000000000001,15.501,-0.0298665671165588
0.2060000000000001,16.000999999999998,-0.029914215393935836
0.2060000000000001,16.500999999999998,-0.029995018008405122
0.2060000000000001,17.000999999999998,-0.03010513273221318
0.2060000000000001,17.500999999999998,-0.030241275219976955
0.2060000000000001,18.000999999999998,-0.03040063006826388
0.2060000000000001,18.500999999999998,-0.030580777890116838
0.2060000000000001,19.000999999999998,-0.03077963521854537
0.2060000000000001,19.500999999999998,-0.030995404747940353
0.2060000000000001,20.000999999999998,-0.03122653395299224
0.2060000000000001,20.500999999999998,-0.03147168053280488
0.2060000000000001,21.000999999999998,-0.03172968344388944
0.2060000000000001,21.500999999999998,-0.031999538532010575
0.2060000000000001,22.000999999999998,-0.03228037796596946
0.2060000000000001,22.500999999999998,-0.03257145282872245
0.2060000000000001,23.000999999999998,-0.032872118342064036
0.2060000000000001,23.500999999999998,-0.03318182129742529
0.2060000000000001,24.000999999999998,-0.03350008934257634
0.2060000000000001,24.500999999999998,-0.03382652183622303
0.2060000000000001,25.000999999999998,-0.03416078203284239
0.2060000000000001,25.500999999999998,-0.03450259040107521
0.2060000000000001,26.000999999999998,-0.034851718912452555
0.2060000000000001,26.500999999999998,-0.035207986164740336
0.2060000000000001,27.000999999999998,-0.03557125322686756
0.2060000000000001,27.500999999999998,-0.03594142011122514
0.2060000000000001,28.000999999999998,-0.03631842279483211
0.2060000000000001,28.500999999999998,-0.03670223072403932
0.2060000000000001,29.000999999999998,-0.037092844748587386
0.2060000000000001,29.500999999999998,-0.037490295440330584
0.2060000000000001,30.000999999999998,-0.037894641760106734
0.2060000000000001,30.500999999999998,-0.038305970043341936
0.2060000000000001,31.000999999999998,-0.03872439328125633
0.2060000000000001,31.500999999999998,-0.03915005068015108
0.2060000000000001,32.001,-0.039583107486420216
0.2060000000000001,32.501,-0.040023755069716074
0.2060000000000001,33.001,-0.04047221126133267
0.2060000000000001,33.501,-0.04092872094939353
0.2060000000000001,34.001,-0.04139355693704342
0.2060000000000001,34.501,-0.041867021074635836
0.2060000000000001,35.001,-0.042349445682036344
0.2060000000000001,35.501,-0.04284119528279387
0.2060000000000001,36.001,-0.043342668678241235
0.2060000000000001,36.501,-0.04385430139679946
0.2060000000000001,37.001,-0.044376568562139375
0.2060000000000001,37.501,-0.0449099882337353
0.2060000000000001,38.001,-0.04545512528511881
0.2060000000000001,38.501,-0.046012595899346115
0.2060000000000001,39.001,-0.04658307277848396
0.2060000000000001,39.501,-0.04716729118513502
0.2110000000000001,0.001,-0.7802775450891509
0.2110000000000001,0.501,-1.4626432679585666
0.2110000000000001,1.001,-0.7172814259498611
0.2110000000000001,1.501,-0.406148549628738
0.2110000000000001,2.001,-0.26748095319118786
0.2110000000000001,2.501,-0.19222437696104036
0.2110000000000001,3.001,-0.14645105717818796
0.2110000000000001,3.501,-0.11645595187331703
0.2110000000000001,4.0009999999999994,-0.0957413960691852
0.2110000000000001,4.5009999999999994,-0.08087033919305366
0.2110000000000001,5.0009999999999994,-0.06987325314608553
0.2110000000000001,5.5009999999999994,-0.061550325065761816
0.2110000000000001,6.0009999999999994,-0.05513440589047794
0.2110000000000001,6.5009999999999994,-0.05011534843010529
0.2110000000000001,7.0009999999999994,-0.04614270136765815
0.2110000000000001,7.5009999999999994,-0.04296904015939915
0.2110000000000001,8.001,-0.0404155519733457
0.2110000000000001,8.501,-0.03835037798422872
0.2110000000000001,9.001,-0.036674559878015656
0.2110000000000001,9.501,-0.03531267424859394
0.2110000000000001,10.001,-0.03420644324291072
0.2110000000000001,10.501,-0.03331028432822368
0.2110000000000001,11.001,-0.03258815283182234
0.2110000000000001,11.501,-0.03201126423240716
0.2110000000000001,12.001,-0.03155642629842352
0.2110000000000001,12.501,-0.031204801095458395
0.2110000000000001,13.001,-0.03094097463434202
0.2110000000000001,13.501,-0.030752249757484994
0.2110000000000001,14.001,-0.030628103087175132
0.2110000000000001,14.501,-0.030559763962641928
0.2110000000000001,15.001,-0.03053988506540206
0.2110000000000001,15.501,-0.030562282650030477
0.2110000000000001,16.000999999999998,-0.030621730108197805
0.2110000000000001,16.500999999999998,-0.030713792752175825
0.2110000000000001,17.000999999999998,-0.030834694713260037
0.2110000000000001,17.500999999999998,-0.030981211051050346
0.2110000000000001,18.000999999999998,-0.031150579794358757
0.2110000000000001,18.500999999999998,-0.03134042984526968
0.2110000000000001,19.000999999999998,-0.03154872158785956
0.2110000000000001,19.500999999999998,-0.03177369773253806
0.2110000000000001,20.000999999999998,-0.03201384245333839
0.2110000000000001,20.500999999999998,-0.03226784728023938
0.2110000000000001,21.000999999999998,-0.032534582521963465
0.2110000000000001,21.500999999999998,-0.03281307323888156
0.2110000000000001,22.000999999999998,-0.03310247897709638
0.2110000000000001,22.500999999999998,-0.03340207662576451
0.2110000000000001,23.000999999999998,-0.03371124587945082
0.2110000000000001,23.500999999999998,-0.034029456882792054
0.2110000000000001,24.000999999999998,-0.03435625971125918
0.2110000000000001,24.500999999999998,-0.03469127540346566
0.2110000000000001,25.000999999999998,-0.03503418831036461
0.2110000000000001,25.500999999999998,-0.035384739567275524
0.2110000000000001,26.000999999999998,-0.03574272152788094
0.2110000000000001,26.500999999999998,-0.036107973026587505
0.2110000000000001,27.000999999999998,-0.036480375358180876
0.2110000000000001,27.500999999999998,-0.03685984888239538
0.2110000000000001,28.000999999999998,-0.03724635017665814
0.2110000000000001,28.500999999999998,-0.03763986967340466
0.2110000000000001,29.000999999999998,-0.038040429729512874
0.2110000000000001,29.500999999999998,-0.038448083084944115
0.2110000000000001,30.000999999999998,-0.03886291167592707
0.2110000000000001,30.500999999999998,-0.039285025775263584
0.2110000000000001,31.000999999999998,-0.03971456343877013
0.2110000000000001,31.500999999999998,-0.040151690242732026
0.2110000000000001,32.001,-0.04059659930267142
0.2110000000000001,32.501,-0.04104951156888896
0.2110000000000001,33.001,-0.041510676399306286
0.2110000000000001,33.501,-0.04198037241520238
0.2110000000000001,34.001,-0.04245890865070827
0.2110000000000001,34.501,-0.04294662601252504
0.2110000000000001,35.001,-0.04344389907245816
0.2110000000000001,35.501,-0.04395113822220185
0.2110000000000001,36.001,-0.04446879222762673
0.2110000000000001,36.501,-0.04499735122888722
0.2110000000000001,37.001,-0.0455373502433625
0.2110000000000001,37.501,-0.04608937324118833
0.2110000000000001,38.001,-0.046654057878540184
0.2110000000000001,38.501,-0.047232100992583445
0.2110000000000001,39.001,-0.047824264985078524
0.2110000000000001,39.501,-0.048431385250253874
0.2160000000000001,0.001,-0.7937125688933692
0.2160000000000001,0.501,-1.584174499243911
0.2160000000000001,1.001,-0.7137329637576598
0.2160000000000001,1.501,-0.4039577078932359
0.2160000000000001,2.001,-0.26602337866531245
0.2160000000000001,2.501,-0.191229757118109
0.2160000000000001,3.001,-0.14577638523125885
0.2160000000000001,3.501,-0.1160158949409889
0.2160000000000001,4.0009999999999994,-0.09548074938250492
0.2160000000000001,4.5009999999999994,-0.08075125057042107
0.2160000000000001,5.0009999999999994,-0.06986860487911643
0.2160000000000001,5.5009999999999994,-0.06164001307968825
0.2160000000000001,6.0009999999999994,-0.05530311123033983
0.2160000000000001,6.5009999999999994,-0.05035113350069437
0.2160000000000001,7.0009999999999994,-0.0464360884948698
0.2160000000000001,7.5009999999999994,-0.04331238562866896
0.2160000000000001,8.001,-0.040802608260818024
0.2160000000000001,8.501,-0.038775979879856176
0.2160000000000001,9.001,-0.037134394525712544
0.2160000000000001,9.501,-0.03580310945351867
0.2160000000000001,10.001,-0.03472439712709657
0.2160000000000001,10.501,-0.033853124900244835
0.2160000000000001,11.001,-0.03315361957420626
0.2160000000000001,11.501,-0.03259740614752753
0.2160000000000001,12.001,-0.032161552430458866
0.2160000000000001,12.501,-0.03182744063045342
0.2160000000000001,13.001,-0.03157984443927883
0.2160000000000001,13.501,-0.0314062277587356
0.2160000000000001,14.001,-0.03129620627778834
0.2160000000000001,14.501,-0.031241130112271448
0.2160000000000001,15.001,-0.031233757417060505
0.2160000000000001,15.501,-0.03126799704526359
0.2160000000000001,16.000999999999998,-0.03133870410130178
0.2160000000000001,16.500999999999998,-0.031441516364958726
0.2160000000000001,17.000999999999998,-0.031572722551889726
0.2160000000000001,17.500999999999998,-0.031729155560955624
0.2160000000000001,18.000999999999998,-0.03190810547180639
0.2160000000000001,18.500999999999998,-0.032107248257912724
0.2160000000000001,19.000999999999998,-0.03232458708333315
0.2160000000000001,19.500999999999998,-0.03255840373563308
0.2160000000000001,20.000999999999998,-0.0328072182695786
0.2160000000000001,20.500999999999998,-0.033069755337726776
0.2160000000000001,21.000999999999998,-0.033344915994829284
0.2160000000000001,21.500999999999998,-0.03363175400511008
0.2160000000000001,22.000999999999998,-0.03392945587129808
0.2160000000000001,22.500999999999998,-0.03423732395398722
0.2160000000000001,23.000999999999998,-0.03455476216858376
0.2160000000000001,23.500999999999998,-0.034881263841740735
0.2160000000000001,24.000999999999998,-0.03521640138503718
0.2160000000000001,24.500999999999998,-0.035559817504746384
0.2160000000000001,25.000999999999998,-0.03591121771602239
0.2160000000000001,25.500999999999998,-0.036270363970082334
0.2160000000000001,26.000999999999998,-0.036637069235881836
0.2160000000000001,26.500999999999998,-0.037011192904848465
0.2160000000000001,27.000999999999998,-0.03739263690960715
0.2160000000000001,27.500999999999998,-0.03778134246623768
0.2160000000000001,28.000999999999998,-0.03817728736517824
0.2160000000000001,28.500999999999998,-0.03858048374902681
0.2160000000000001,29.000999999999998,-0.03899097632666975
0.2160000000000001,29.500999999999998,-0.039408840982784174
0.2160000000000001,30.000999999999998,-0.039834183750135595
0.2160000000000001,30.500999999999998,-0.04026714011950073
0.2160000000000001,31.000999999999998,-0.04070787466871537
0.2160000000000001,31.500999999999998,-0.04115658099849666
0.2160000000000001,32.001,-0.04161348196847699
0.2160000000000001,32.501,-0.04207883023251029
0.2160000000000001,33.001,-0.042552909077918054
0.2160000000000001,33.501,-0.043036033579113404
0.2160000000000001,34.001,-0.04352855208214183
0.2160000000000001,34.501,-0.04403084804331681
0.2160000000000001,35.001,-0.044543342252527804
0.2160000000000001,35.501,-0.04506649548020884
0.2160000000000001,36.001,-0.04560081159672358
0.2160000000000001,36.501,-0.046146841224407535
0.2160000000000001,37.001,-0.046705185996226764
0.2160000000000001,37.501,-0.04727650351157907
0.2160000000000001,38.001,-0.04786151309996163
0.2160000000000001,38.501,-0.048461002528118385
0.2160000000000001,39.001,-0.049075835817197114
0.2160000000000001,39.501,-0.04970696237517354
0.2210000000000001,0.001,-0.8070319069518316
0.2210000000000001,0.501,-1.7835122878821998
0.2210000000000001,1.001,-0.7103152656642993
0.2210000000000001,1.501,-0.4018630931645898
0.2210000000000001,2.001,-0.26464289725754475
0.2210000000000001,2.501,-0.19029982522860212
0.2210000000000001,3.001,-0.1451575876490226
0.2210000000000001,3.501,-0.11562506172758236
0.2210000000000001,4.0009999999999994,-0.09526408880579997
0.2210000000000001,4.5009999999999994,-0.0806718895927325
0.2210000000000001,5.0009999999999994,-0.06990013534308587
0.2210000000000001,5.5009999999999994,-0.061762863558596115
0.2210000000000001,6.0009999999999994,-0.05550237421011921
0.2210000000000001,6.5009999999999994,-0.05061519681298012
0.2210000000000001,7.0009999999999994,-0.0467557370493005
0.2210000000000001,7.5009999999999994,-0.043680191238601215
0.2210000000000001,8.001,-0.041212502947649846
0.2210000000000001,8.501,-0.03922294995873535
0.2210000000000001,9.001,-0.03761425649680897
0.2210000000000001,9.501,-0.036312342691331344
0.2210000000000001,10.001,-0.03526001687357844
0.2210000000000001,10.501,-0.03441258441494745
0.2210000000000001,11.001,-0.033734733744056326
0.2210000000000001,11.501,-0.033198291137287284
0.2210000000000001,12.001,-0.032780577492138224
0.2210000000000001,12.501,-0.032463189247116636
0.2210000000000001,13.001,-0.032231082718428214
0.2210000000000001,13.501,-0.03207187851631069
0.2210000000000001,14.001,-0.03197532763306446
0.2210000000000001,14.501,-0.031932897691108575
0.2210000000000001,15.001,-0.03193744946599565
0.2210000000000001,15.501,-0.03198298191236745
0.2210000000000001,16.000999999999998,-0.032064429655726236
0.2210000000000001,16.500999999999998,-0.03217750101568298
0.2210000000000001,17.000999999999998,-0.032318547594429606
0.2210000000000001,17.500999999999998,-0.03248445863385993
0.2210000000000001,18.000999999999998,-0.03267257494633051
0.2210000000000001,18.500999999999998,-0.03288061841709415
0.2210000000000001,19.000999999999998,-0.03310663397280243
0.2210000000000001,19.500999999999998,-0.03334894158941257
0.2210000000000001,20.000999999999998,-0.033606096430997295
0.2210000000000001,20.500999999999998,-0.03387685560927496
0.2210000000000001,21.000999999999998,-0.03416015036198372
0.2210000000000001,21.500999999999998,-0.03445506268837019
0.2210000000000001,22.000999999999998,-0.0347608056683229
0.2210000000000001,22.500999999999998,-0.03507670684008727
0.2210000000000001,23.000999999999998,-0.03540219412920234
0.2210000000000001,23.500999999999998,-0.03573678391510729
0.2210000000000001,24.000999999999998,-0.03608007089707798
0.2210000000000001,24.500999999999998,-0.03643171948173089
0.2210000000000001,25.000999999999998,-0.036791456463385344
0.2210000000000001,25.500999999999998,-0.0371590648085142
0.2210000000000001,26.000999999999998,-0.03753437838817387
0.2210000000000001,26.500999999999998,-0.03791727752919072
0.2210000000000001,27.000999999999998,-0.038307685277123665
0.2210000000000001,27.500999999999998,-0.03870556428254747
0.2210000000000001,28.000999999999998,-0.039110914237754604
0.2210000000000001,28.500999999999998,-0.039523769804127876
0.2210000000000001,29.000999999999998,-0.039944198981672514
0.2210000000000001,29.500999999999998,-0.040372301881947396
0.2210000000000001,30.000999999999998,-0.04080820987415853
0.2210000000000001,30.500999999999998,-0.04125208508182765
0.2210000000000001,31.000999999999998,-0.04170412021440939
0.2210000000000001,31.500999999999998,-0.04216453872474872
0.2210000000000001,32.001,-0.042633595289525615
0.2210000000000001,32.501,-0.043111576616030954
0.2210000000000001,33.001,-0.04359880258492828
0.2210000000000001,33.501,-0.04409562774529505
0.2210000000000001,34.001,-0.04460244318541193
0.2210000000000001,34.501,-0.04511967881072293
0.2210000000000001,35.001,-0.04564780606941954
0.2210000000000001,35.501,-0.046187341176539554
0.2210000000000001,36.001,-0.046738848899758885
0.2210000000000001,36.501,-0.04730294698470624
0.2210000000000001,37.001,-0.04788031131532361
0.2210000000000001,37.501,-0.048471681926408244
0.2210000000000001,38.001,-0.049077870012096736
0.2210000000000001,38.501,-0.04969976610719097
0.2210000000000001,39.001,-0.05033834965979912
0.2210000000000001,39.501,-0.050994700266384835
0.22600000000000012,0.001,-0.8202381747106595
0.22600000000000012,0.501,-1.7768448108605233
0.22600000000000012,1.001,-0.7070229499205016
0.22600000000000012,1.501,-0.39986071198985884
0.22600000000000012,2.001,-0.26333627941513416
0.22600000000000012,2.501,-0.1894318428162524
0.22600000000000012,3.001,-0.14459227147795667
0.22600000000000012,3.501,-0.11528131726179633
0.22600000000000012,4.0009999999999994,-0.09508948028926115
0.22600000000000012,4.5009999999999994,-0.08063048372153142
0.22600000000000012,5.0009999999999994,-0.06996620507601597
0.22600000000000012,5.5009999999999994,-0.06191734888843873
0.22600000000000012,6.0009999999999994,-0.05573076277486902
0.22600000000000012,6.5009999999999994,-0.05090618908852093
0.22600000000000012,7.0009999999999994,-0.04710037030802582
0.22600000000000012,7.5009999999999994,-0.044071244518227665
0.22600000000000012,8.001,-0.041644080976497994
0.22600000000000012,8.501,-0.03969018487863207
0.22600000000000012,9.001,-0.03811308936622257
0.22600000000000012,9.501,-0.03683936037745281
0.22600000000000012,10.001,-0.03581232824642008
0.22600000000000012,10.501,-0.0349877249724408
0.22600000000000012,11.001,-0.034330591161581936
0.22600000000000012,11.501,-0.033813046457259174
0.22600000000000012,12.001,-0.033412658168491066
0.22600000000000012,12.501,-0.033111231290545565
0.22600000000000012,13.001,-0.03289389990961862
0.22600000000000012,13.501,-0.032748437167203236
0.22600000000000012,14.001,-0.03266472574601101
0.22600000000000012,14.501,-0.03263434763603677
0.22600000000000012,15.001,-0.032650263495648854
0.22600000000000012,15.501,-0.03270655998527561
0.22600000000000012,16.000999999999998,-0.032798249149681644
0.22600000000000012,16.500999999999998,-0.03292110800086956
0.22600000000000012,17.000999999999998,-0.03307154940190415
0.22600000000000012,17.500999999999998,-0.03324651750683019
0.22600000000000012,18.000999999999998,-0.03344340260220949
0.22600000000000012,18.500999999999998,-0.03365997138032688
0.22600000000000012,19.000999999999998,-0.0338943095639401
0.22600000000000012,19.500999999999998,-0.03414477447631262
0.22600000000000012,20.000999999999998,-0.03440995566449993
0.22600000000000012,20.500999999999998,-0.03468864207908756
0.22600000000000012,21.000999999999998,-0.0349797946194445
0.22600000000000012,21.500999999999998,-0.03528252309178091
0.22600000000000012,22.000999999999998,-0.03559606681402027
0.22600000000000012,22.500999999999998,-0.03591977824868214
0.22600000000000012,23.000999999999998,-0.03625310916168521
0.22600000000000012,23.500999999999998,-0.036595598898016356
0.22600000000000012,24.000999999999998,-0.036946864439791206
0.22600000000000012,24.500999999999998,-0.037306591972306576
0.22600000000000012,25.000999999999998,-0.03767452973235558
0.22600000000000012,25.500999999999998,-0.03805048195270106
0.22600000000000012,26.000999999999998,-0.03843430374904352
0.22600000000000012,26.500999999999998,-0.038825896822536836
0.22600000000000012,27.000999999999998,-0.03922520587304657
0.22600000000000012,27.500999999999998,-0.03963221563682127
0.22600000000000012,28.000999999999998,-0.04004694847779902
0.22600000000000012,28.500999999999998,-0.04046946247497832
0.22600000000000012,29.000999999999998,-0.040899849959636074
0.22600000000000012,29.500999999999998,-0.041338236466069794
0.22600000000000012,30.000999999999998,-0.04178478006830813
0.22600000000000012,30.500999999999998,-0.042239671083163934
0.22600000000000012,31.000999999999998,-0.042703132127350274
0.22600000000000012,31.500999999999998,-0.04317541852335947
0.22600000000000012,32.001,-0.04365681905565481
0.22600000000000012,32.501,-0.04414765708563241
0.22600000000000012,33.001,-0.04464829204102743
0.22600000000000012,33.501,-0.0451591213031591
0.22600000000000012,34.001,-0.04568058252395803
0.22600000000000012,34.501,-0.046213156414345175
0.22600000000000012,35.001,-0.04675737005665517
0.22600000000000012,35.501,-0.04731380080684863
0.22600000000000012,36.001,-0.047883080867818936
0.22600000000000012,36.501,-0.04846590263387472
0.22600000000000012,37.001,-0.04906302492943234
0.22600000000000012,37.501,-0.049675280293235535
0.22600000000000012,38.001,-0.05030358349467064
0.22600000000000012,38.501,-0.05094894151301464
0.22600000000000012,39.001,-0.05161246526657705
0.22600000000000012,39.501,-0.052295383450453495
0.23100000000000012,0.001,-0.8333338718264088
0.23100000000000012,0.501,-1.7703788228750044
0.23100000000000012,1.001,-0.7038509696920756
0.23100000000000012,1.501,-0.3979468199766404
0.23100000000000012,2.001,-0.2621004973559694
0.23100000000000012,2.501,-0.18862324274739123
0.23100000000000012,3.001,-0.14407819368380279
0.23100000000000012,3.501,-0.11498266049114744
0.23100000000000012,4.0009999999999994,-0.09495511124235734
0.23100000000000012,4.5009999999999994,-0.08062537186910199
0.23100000000000012,5.0009999999999994,-0.07006527783136798
0.23100000000000012,5.5009999999999994,-0.06210203776344035
0.23100000000000012,6.0009999999999994,-0.05598693529367141
0.23100000000000012,6.5009999999999994,-0.051222846394837734
0.23100000000000012,7.0009999999999994,-0.047468792463710885
0.23100000000000012,7.5009999999999994,-0.044484410010730994
0.23100000000000012,8.001,-0.04209626084077875
0.23100000000000012,8.501,-0.04017665175189963
0.23100000000000012,9.001,-0.0386299043784219
0.23100000000000012,9.501,-0.03738321407791957
0.23100000000000012,10.001,-0.036380419870846156
0.23100000000000012,10.501,-0.03557766944392919
0.23100000000000012,11.001,-0.03494034650241841
0.23100000000000012,11.501,-0.03444085645623472
0.23100000000000012,12.001,-0.03405700661134696
0.23100000000000012,12.501,-0.03377080506697509
0.23100000000000012,13.001,-0.03356755901404842
0.23100000000000012,13.501,-0.0334351901108334
0.23100000000000012,14.001,-0.03336370925836081
0.23100000000000012,14.501,-0.03334480979788517
0.23100000000000012,15.001,-0.03337154964029179
0.23100000000000012,15.501,-0.03343810085095203
0.23100000000000012,16.000999999999998,-0.033539550876359195
0.23100000000000012,16.500999999999998,-0.03367174364883006
0.23100000000000012,17.000999999999998,-0.03383115173450438
0.23100000000000012,17.500999999999998,-0.034014772830272454
0.23100000000000012,18.000999999999998,-0.03422004549472186
0.23100000000000012,18.500999999999998,-0.034444780174387804
0.23100000000000012,19.000999999999998,-0.03468710247004142
0.23100000000000012,19.500999999999998,-0.03494540625668591
0.23100000000000012,20.000999999999998,-0.035218314781308456
0.23100000000000012,20.500999999999998,-0.035504648254663936
0.23100000000000012,21.000999999999998,-0.035803396756854386
0.23100000000000012,21.500999999999998,-0.036113697512822236
0.23100000000000012,22.000999999999998,-0.036434815779096234
0.23100000000000012,22.500999999999998,-0.0367661287291357
0.23100000000000012,23.000999999999998,-0.037107111840376475
0.23100000000000012,23.500999999999998,-0.03745732737836582
0.23100000000000012,24.000999999999998,-0.037816414647344615
0.23100000000000012,24.500999999999998,-0.038184081736240445
0.23100000000000012,25.000999999999998,-0.03856009853733351
0.23100000000000012,25.500999999999998,-0.03894429085419965
0.23100000000000012,26.000999999999998,-0.039336535447764054
0.23100000000000012,26.500999999999998,-0.03973675589588896
0.23100000000000012,27.000999999999998,-0.040144919163970075
0.23100000000000012,27.500999999999998,-0.04056103280248128
0.23100000000000012,28.000999999999998,-0.04098514270299021
0.23100000000000012,28.500999999999998,-0.04141733135746491
0.23100000000000012,29.000999999999998,-0.04185771657720818
0.23100000000000012,29.500999999999998,-0.04230645063785439
0.23100000000000012,30.000999999999998,-0.04276371982593486
0.23100000000000012,30.500999999999998,-0.04322974437081746
0.23100000000000012,31.000999999999998,-0.0437047787536438
0.23100000000000012,31.500999999999998,-0.044189112392466055
0.23100000000000012,32.001,-0.04468307071036092
0.23100000000000012,32.501,-0.0451870166011221
0.23100000000000012,33.001,-0.045701352315459215
0.23100000000000012,33.501,-0.04622652179975549
0.23100000000000012,34.001,-0.04676301352969293
0.23100000000000012,34.501,-0.04731136389283375
0.23100000000000012,35.001,-0.04787216118805227
0.23100000000000012,35.501,-0.04844605032612774
0.23100000000000012,36.001,-0.049033738335627984
0.23100000000000012,36.501,-0.049636000802404365
0.23100000000000012,37.001,-0.05025368940087647
0.23100000000000012,37.501,-0.05088774071248652
0.23100000000000012,38.001,-0.05153918657350113
0.23100000000000012,38.501,-0.05220916625371412
0.23100000000000012,39.001,-0.05289894084364558
0.23100000000000012,39.501,-0.0536099103260827
0.23600000000000013,0.001,-0.8463213896890877
0.23600000000000013,0.501,-1.7641064502143262
0.23600000000000013,1.001,-0.7007945855800626
0.23600000000000013,1.501,-0.396117901329684
0.23600000000000013,2.001,-0.2609327084716425
0.23600000000000013,2.501,-0.1878716151230468
0.23600000000000013,3.001,-0.14361324879709209
0.23600000000000013,3.501,-0.11472721323794899
0.23600000000000013,4.0009999999999994,-0.09485928051108533
0.23600000000000013,4.5009999999999994,-0.080654995196882
0.23600000000000013,5.0009999999999994,-0.07019591205290715
0.23600000000000013,5.5009999999999994,-0.06231558722907796
0.23600000000000013,6.0009999999999994,-0.0562696330873491
0.23600000000000013,6.5009999999999994,-0.051563983092171195
0.23600000000000013,7.0009999999999994,-0.04785988193766319
0.23600000000000013,7.5009999999999994,-0.04491862290972655
0.23600000000000013,8.001,-0.04256802850852071
0.23600000000000013,8.501,-0.04068138232700583
0.23600000000000013,9.001,-0.039163774861282405
0.23600000000000013,9.501,-0.03794301513387732
0.23600000000000013,10.001,-0.03696343804965411
0.23600000000000013,10.501,-0.036181596463742846
0.23600000000000013,11.001,-0.03556320845099642
0.23600000000000013,11.501,-0.03508095787834262
0.23600000000000013,12.001,-0.034712885879033484
0.23600000000000013,12.501,-0.034441198411100715
0.23600000000000013,13.001,-0.034251371282310775
0.23600000000000013,13.501,-0.03413147080574078
0.23600000000000013,14.001,-0.03407163276068294
0.23600000000000013,14.501,-0.03406365893837973
0.23600000000000013,15.001,-0.0341007019728342
0.23600000000000013,15.501,-0.03417701712259761
0.23600000000000013,16.000999999999998,-0.034287765297541184
0.23600000000000013,16.500999999999998,-0.034428855649111315
0.23600000000000013,17.000999999999998,-0.03459681895266604
0.23600000000000013,17.500999999999998,-0.03478870513678075
0.23600000000000013,18.000999999999998,-0.03500199988321569
0.23600000000000013,18.500999999999998,-0.035234556389334905
0.23600000000000013,19.000999999999998,-0.03548453926197886
0.23600000000000013,19.500999999999998,-0.035750378175927564
0.23600000000000013,20.000999999999998,-0.036030729436713996
0.23600000000000013,20.500999999999998,-0.0363244439768525
0.23600000000000013,21.000999999999998,-0.036630540615717744
0.23600000000000013,21.500999999999998,-0.036948183647841845
0.23600000000000013,22.000999999999998,-0.037276664008165546
0.23600000000000013,22.500999999999998,-0.037615383407634616
0.23600000000000013,23.000999999999998,-0.03796384094737289
0.23600000000000013,23.500999999999998,-0.0383216218112119
0.23600000000000013,24.000999999999998,-0.03868838770975772
0.23600000000000013,24.500999999999998,-0.0390638688083262
0.23600000000000013,25.000999999999998,-0.039447856919025984
0.23600000000000013,25.500999999999998,-0.03984019977635444
0.23600000000000013,26.000999999999998,-0.040240796247724
0.23600000000000013,26.500999999999998,-0.040649592356807936
0.23600000000000013,27.000999999999998,-0.04106657801960069
0.23600000000000013,27.500999999999998,-0.04149178441156728
0.23600000000000013,28.000999999999998,-0.04192528189991636
0.23600000000000013,28.500999999999998,-0.04236717848846662
0.23600000000000013,29.000999999999998,-0.04281761873429879
0.23600000000000013,29.500999999999998,-0.043276783105776644
0.23600000000000013,30.000999999999998,-0.04374488776095361
0.23600000000000013,30.500999999999998,-0.044222184734160244
0.23600000000000013,31.000999999999998,-0.04470896252698168
0.23600000000000013,31.500999999999998,-0.04520554710814648
0.23600000000000013,32.001,-0.045712303335349556
0.23600000000000013,32.501,-0.04622963682098684
0.23600000000000013,33.001,-0.046757996273521306
0.23600000000000013,33.501,-0.04729787635707483
0.23600000000000013,34.001,-0.04784982112428328
0.23600000000000013,34.501,-0.04841442809197008
0.23600000000000013,35.001,-0.04899235304643839
0.23600000000000013,35.501,-0.04958431568595908
0.23600000000000013,36.001,-0.05019110623338483
0.23600000000000013,36.501,-0.05081359318311076
0.23600000000000013,37.001,-0.05145273238560517
0.23600000000000013,37.501,-0.052109577721826145
0.23600000000000013,38.001,-0.05278529368218777
0.23600000000000013,38.501,-0.0534811702446823
0.23600000000000013,39.001,-0.05419864055018003
0.23600000000000013,39.501,-0.05493930200804984
0.24100000000000013,0.001,-0.859203018307275
0.24100000000000013,0.501,-1.7580202874955262
0.24100000000000013,1.001,-0.6978493409218777
0.24100000000000013,1.501,-0.3943706504604254
0.24100000000000013,2.001,-0.2598302404131516
0.24100000000000013,2.501,-0.18717469460238215
0.24100000000000013,3.001,-0.14319545781294338
0.24100000000000013,3.501,-0.11451321027720188
0.24100000000000013,4.0009999999999994,-0.09480038937394888
0.24100000000000013,4.5009999999999994,-0.08071788884962969
0.24100000000000013,5.0009999999999994,-0.07035675321695468
0.24100000000000013,5.5009999999999994,-0.06255673553502947
0.24100000000000013,6.0009999999999994,-0.05657767371713235
0.24100000000000013,6.5009999999999994,-0.05192848549880669
0.24100000000000013,7.0009999999999994,-0.04827258537438714
0.24100000000000013,7.5009999999999994,-0.04537288334432693
0.24100000000000013,8.001,-0.04305843196586748
0.24100000000000013,8.501,-0.04120346776358039
0.24100000000000013,9.001,-0.03971383120988864
0.24100000000000013,9.501,-0.03851792983461934
0.24100000000000013,10.001,-0.03756058210863432
0.24100000000000013,10.501,-0.03679873593247701
0.24100000000000013,11.001,-0.036198435348548344
0.24100000000000013,11.501,-0.03573263564458347
0.24100000000000013,12.001,-0.035379605841382056
0.24100000000000013,12.501,-0.03512174470558237
0.24100000000000013,13.001,-0.03494469234035487
0.24100000000000013,13.501,-0.03483665599477241
0.24100000000000013,14.001,-0.034787893110257456
0.24100000000000013,14.501,-0.03479031113477803
0.24100000000000013,15.001,-0.034837154990827124
0.24100000000000013,15.501,-0.03492276100210538
0.24100000000000013,16.000999999999998,-0.03504236167801636
0.24100000000000013,16.500999999999998,-0.03519192975474708
0.24100000000000013,17.000999999999998,-0.03536805278338269
0.24100000000000013,17.500999999999998,-0.035567831668039555
0.24100000000000013,18.000999999999998,-0.03578879811540686
0.24100000000000013,18.500999999999998,-0.03602884711727033
0.24100000000000013,19.000999999999998,-0.036286181458735314
0.24100000000000013,19.500999999999998,-0.03655926590430577
0.24100000000000013,20.000999999999998,-0.036846789216946015
0.24100000000000013,20.500999999999998,-0.03714763255169991
0.24100000000000013,21.000999999999998,-0.03746084306436232
0.24100000000000013,21.500999999999998,-0.03778561180845193
0.24100000000000013,22.000999999999998,-0.0381212551760991
0.24100000000000013,22.500999999999998,-0.038467199282193214
0.24100000000000013,23.000999999999998,-0.03882296680508421
0.24100000000000013,23.500999999999998,-0.03918816588799407
0.24100000000000013,24.000999999999998,-0.03956248077812349
0.24100000000000013,24.500999999999998,-0.03994566393917364
0.24100000000000013,25.000999999999998,-0.04033752942063199
0.24100000000000013,25.500999999999998,-0.04073794730600882
0.24100000000000013,26.000999999999998,-0.04114683909413003
0.24100000000000013,26.500999999999998,-0.041564173893964204
0.24100000000000013,27.000999999999998,-0.04198996533546498
0.24100000000000013,27.500999999999998,-0.04242426911744361
0.24100000000000013,28.000999999999998,-0.0428671811292574
0.24100000000000013,28.500999999999998,-0.04331883609674521
0.24100000000000013,29.000999999999998,-0.04377940671482895
0.24100000000000013,29.500999999999998,-0.04424910323995224
0.24100000000000013,30.000999999999998,-0.044728173525440666
0.24100000000000013,30.500999999999998,-0.04521690349222952
0.24100000000000013,31.000999999999998,-0.045715618036565174
0.24100000000000013,31.500999999999998,-0.04622468238552262
0.24100000000000013,32.001,-0.04674450392082109
0.24100000000000013,32.501,-0.04727553450181235
0.24100000000000013,33.001,-0.04781827333001701
0.24100000000000013,33.501,-0.04837327041068109
0.24100000000000013,34.001,-0.04894113068204005
0.24100000000000013,34.501,-0.049522518900988514
0.24100000000000013,35.001,-0.05011816539552564
0.24100000000000013,35.501,-0.0507288728207558
0.24100000000000013,36.001,-0.051355524087805825
0.24100000000000013,36.501,-0.051999091675636516
0.24100000000000013,37.001,-0.052660648586863444
0.24100000000000013,37.501,-0.053341381273691285
0.24100000000000013,38.001,-0.05404260494346843
0.24100000000000013,38.501,-0.054765781761361335
0.24100000000000013,39.001,-0.055512542608923215
0.24100000000000013,39.501,-0.05628471324398403
0.24600000000000014,0.001,-0.8719809526215655
0.24600000000000014,0.501,-1.752113360871753
0.24600000000000014,1.001,-0.6950110395408364
0.24600000000000014,1.501,-0.392701955421329
0.24600000000000014,2.001,-0.25879057765773694
0.24600000000000014,2.501,-0.18653034898596382
0.24600000000000014,3.001,-0.1428229581947525
0.24600000000000014,3.501,-0.11433899040181489
0.24600000000000014,4.0009999999999994,-0.09477693343443133
0.24600000000000014,4.5009999999999994,-0.08081267451302113
0.24600000000000014,5.0009999999999994,-0.07054652693787578
0.24600000000000014,5.5009999999999994,-0.06282429570078497
0.24600000000000014,6.0009999999999994,-0.05690994494283415
0.24600000000000014,6.5009999999999994,-0.05231530618859288
0.24600000000000014,7.0009999999999994,-0.048705912235700394
0.24600000000000014,7.5009999999999994,-0.04584625123494997
0.24600000000000014,8.001,-0.043566576305673066
0.24600000000000014,8.501,-0.041742053929557335
0.24600000000000014,9.001,-0.04027925637165942
0.24600000000000014,9.501,-0.03910717507310296
0.24600000000000014,10.001,-0.038171100207276695
0.24600000000000014,10.501,-0.03742836496965575
0.24600000000000014,11.001,-0.036845331276128365
0.24600000000000014,11.501,-0.036395219055972886
0.24600000000000014,12.001,-0.03605651949391349
0.24600000000000014,12.501,-0.03581181929817065
0.24600000000000014,13.001,-0.03564691870229849
0.24600000000000014,13.501,-0.03555016230704337
0.24600000000000014,14.001,-0.03551192611628008
0.24600000000000014,14.501,-0.035524220542964245
0.24600000000000014,15.001,-0.03558038045258262
0.24600000000000014,15.501,-0.03567482118476236
0.24600000000000014,16.000999999999998,-0.035802845054804924
0.24600000000000014,16.500999999999998,-0.035960486812293364
0.24600000000000014,17.000999999999998,-0.03614438940764124
0.24600000000000014,17.500999999999998,-0.03635170351653656
0.24600000000000014,18.000999999999998,-0.03658000582050125
0.24600000000000014,18.500999999999998,-0.03682723219423778
0.24600000000000014,19.000999999999998,-0.03709162281566335
0.24600000000000014,19.500999999999998,-0.03737167686937751
0.24600000000000014,20.000999999999998,-0.0376661150137341
0.24600000000000014,20.500999999999998,-0.03797384816533607
0.24600000000000014,21.000999999999998,-0.03829395145150766
0.24600000000000014,21.500999999999998,-0.03862564241232467
0.24600000000000014,22.000999999999998,-0.03896826271477355
0.24600000000000014,22.500999999999998,-0.039321262784264045
0.24600000000000014,23.000999999999998,-0.0396841888718137
0.24600000000000014,23.500999999999998,-0.04005667216539777
0.24600000000000014,24.000999999999998,-0.04043841962628164
0.24600000000000014,24.500999999999998,-0.040829206289469615
0.24600000000000014,25.000999999999998,-0.04122886881474332
0.24600000000000014,25.500999999999998,-0.04163730011340555
0.24600000000000014,26.000999999999998,-0.042054444907620836
0.24600000000000014,26.500999999999998,-0.04248029610558987
0.24600000000000014,27.000999999999998,-0.04291489189781515
0.24600000000000014,27.500999999999998,-0.04335831349834587
0.24600000000000014,28.000999999999998,-0.04381068347084717
0.24600000000000014,28.500999999999998,-0.044272164593235526
0.24600000000000014,29.000999999999998,-0.04474295922696238
0.24600000000000014,29.500999999999998,-0.045223309168252845
0.24600000000000014,30.000999999999998,-0.045713495969086006
0.24600000000000014,30.500999999999998,-0.04621384172582411
0.24600000000000014,31.000999999999998,-0.046724710343459944
0.24600000000000014,31.500999999999998,-0.04724650929385104
0.24600000000000014,32.001,-0.0477796918973684
0.24600000000000014,32.501,-0.0483247601695655
0.24600000000000014,33.001,-0.04888226828819841
0.24600000000000014,33.501,-0.049452826751824865
0.24600000000000014,34.001,-0.050037107319939586
0.24600000000000014,34.501,-0.05063584884709183
0.24600000000000014,35.001,-0.05124986415078701
0.24600000000000014,35.501,-0.05188004808669803
0.24600000000000014,36.001,-0.052527387046731475
0.24600000000000014,36.501,-0.05319297014840961
0.24600000000000014,37.001,-0.05387800245129144
0.24600000000000014,37.501,-0.05458382062252515
0.24600000000000014,38.001,-0.05531191158554864
0.24600000000000014,38.501,-0.05606393483249031
0.24600000000000014,39.001,-0.05684174927462067
0.24600000000000014,39.501,-0.05764744576436484
0.2510000000000001,0.001,-0.8846572983044575
0.2510000000000001,0.501,-1.7463790948098528
0.2510000000000001,1.001,-0.6922757256571253
0.2510000000000001,1.501,-0.3911088829510443
0.2510000000000001,2.001,-0.2578113493830193
0.2510000000000001,2.501,-0.18593656891092358
0.2510000000000001,3.001,-0.14249399485210984
0.2510000000000001,3.501,-0.11420298835913822
0.2510000000000001,4.0009999999999994,-0.09478749530454719
0.2510000000000001,4.5009999999999994,-0.08093805369781792
0.2510000000000001,5.0009999999999994,-0.07076403274698845
0.2510000000000001,5.5009999999999994,-0.06311714971003529
0.2510000000000001,6.0009999999999994,-0.05726539927169974
0.2510000000000001,6.5009999999999994,-0.05272345884618182
0.2510000000000001,7.0009999999999994,-0.04915892992375592
0.2510000000000001,7.5009999999999994,-0.046337841652595746
0.2510000000000001,8.001,-0.04409161929691566
0.2510000000000001,8.501,-0.04229633715881898
0.2510000000000001,9.001,-0.040859281773653
0.2510000000000001,9.501,-0.03971001442699833
0.2510000000000001,10.001,-0.03879428555982353
0.2510000000000001,10.501,-0.038069804262823116
0.2510000000000001,11.001,-0.0375032425212523
0.2510000000000001,11.501,-0.03706807836847141
0.2510000000000001,12.001,-0.03674301963284032
0.2510000000000001,12.501,-0.03651083626945377
0.2510000000000001,13.001,-0.0363574846243422
0.2510000000000001,13.501,-0.03627144319210625
0.2510000000000001,14.001,-0.03624320354894108
0.2510000000000001,14.501,-0.03626487647659325
0.2510000000000001,15.001,-0.03632988452197153
0.2510000000000001,15.501,-0.03643272006568847
0.2510000000000001,16.000999999999998,-0.03656875350156891
0.2510000000000001,16.500999999999998,-0.03673408008085365
0.2510000000000001,17.000999999999998,-0.0369253968309879
0.2510000000000001,17.500999999999998,-0.03713990304484881
0.2510000000000001,18.000999999999998,-0.03737521937461709
0.2510000000000001,18.500999999999998,-0.037629321709418656
0.2510000000000001,19.000999999999998,-0.037900486875293134
0.2510000000000001,19.500999999999998,-0.03818724784643848
0.2510000000000001,20.000999999999998,-0.03848835665261334
0.2510000000000001,20.500999999999998,-0.03880275354852647
0.2510000000000001,21.000999999999998,-0.03912954130563464
0.2510000000000001,21.500999999999998,-0.039467963716118146
0.2510000000000001,22.000999999999998,-0.03981738757846652
0.2510000000000001,22.500999999999998,-0.0401772875757087
0.2510000000000001,23.000999999999998,-0.04054723356959362
0.2510000000000001,23.500999999999998,-0.04092687992355357
0.2510000000000001,24.000999999999998,-0.04131595653911053
0.2510000000000001,24.500999999999998,-0.04171426134833496
0.2510000000000001,25.000999999999998,-0.042121654052028515
0.2510000000000001,25.500999999999998,-0.042538050931779356
0.2510000000000001,26.000999999999998,-0.04296342059572778
0.2510000000000001,26.500999999999998,-0.043397780544210375
0.2510000000000001,27.000999999999998,-0.04384119446354975
0.2510000000000001,27.500999999999998,-0.044293770175039944
0.2510000000000001,28.000999999999998,-0.04475565818237381
0.2510000000000001,28.500999999999998,-0.04522705077499168
0.2510000000000001,29.000999999999998,-0.045708181657621944
0.2510000000000001,29.500999999999998,-0.046199326088077225
0.2510000000000001,30.000999999999998,-0.046700801516588224
0.2510000000000001,30.500999999999998,-0.04721296873097838
0.2510000000000001,31.000999999999998,-0.0477362335231994
0.2510000000000001,31.500999999999998,-0.0482710489045628
0.2510000000000001,32.001,-0.048817917909849136
0.2510000000000001,32.501,-0.04937739704486847
0.2510000000000001,33.001,-0.04995010044858832
0.2510000000000001,33.501,-0.05053670486035293
0.2510000000000001,34.001,-0.051137955505945604
0.2510000000000001,34.501,-0.05175467304443393
0.2510000000000001,35.001,-0.05238776175244845
0.2510000000000001,35.501,-0.053038219165749995
0.2510000000000001,36.001,-0.05370714745234195
0.2510000000000001,36.501,-0.05439576686053409
0.2510000000000001,37.001,-0.05510543167417417
0.2510000000000001,37.501,-0.05583764922240844
0.2510000000000001,38.001,-0.05659410264217312
0.2510000000000001,38.501,-0.057376678291249185
0.2510000000000001,39.001,-0.058187498976885924
0.2510000000000001,39.501,-0.0590289645267397
0.2560000000000001,0.001,-0.8972340770978604
0.2560000000000001,0.501,-1.740811282027983
0.2560000000000001,1.001,-0.6896396657118744
0.2560000000000001,1.501,-0.3895886649451498
0.2560000000000001,2.001,-0.25689031849805655
0.2560000000000001,2.501,-0.1853914585300392
0.2560000000000001,3.001,-0.142206911980721
0.2560000000000001,3.501,-0.11410372755838877
0.2560000000000001,4.0009999999999994,-0.09483073798828351
0.2560000000000001,4.5009999999999994,-0.08109280166681862
0.2560000000000001,5.0009999999999994,-0.07100813846720315
0.2560000000000001,5.5009999999999994,-0.06343424326126784
0.2560000000000001,6.0009999999999994,-0.05764304902973366
0.2560000000000001,6.5009999999999994,-0.05315201361558207
0.2560000000000001,7.0009999999999994,-0.049630759371869546
0.2560000000000001,7.5009999999999994,-0.04684682062340921
0.2560000000000001,8.001,-0.04463276737934821
0.2560000000000001,8.501,-0.042865560416098625
0.2560000000000001,9.001,-0.041453183640891636
0.2560000000000001,9.501,-0.04032575461603255
0.2560000000000001,10.001,-0.039429473019175695
0.2560000000000001,10.501,-0.038722414767168756
0.2560000000000001,11.001,-0.038171554383729246
0.2560000000000001,11.501,-0.037750621696629946
0.2560000000000001,12.001,-0.03743853584907335
0.2560000000000001,12.501,-0.03721824551057368
0.2560000000000001,13.001,-0.037075859260237376
0.2560000000000001,13.501,-0.03699998614780267
0.2560000000000001,14.001,-0.03698123043481442
0.2560000000000001,14.501,-0.03701180076561891
0.2560000000000001,15.001,-0.037085205186099895
0.2560000000000001,15.501,-0.03719601121301626
0.2560000000000001,16.000999999999998,-0.03733965565397253
0.2560000000000001,16.500999999999998,-0.03751229280657959
0.2560000000000001,17.000999999999998,-0.03771067250439132
0.2560000000000001,17.500999999999998,-0.037932041550323786
0.2560000000000001,18.000999999999998,-0.03817406360695834
0.2560000000000001,18.500999999999998,-0.038434753750667794
0.2560000000000001,19.000999999999998,-0.03871242475029802
0.2560000000000001,19.500999999999998,-0.03900564277716271
0.2560000000000001,20.000999999999998,-0.03931319074565533
0.2560000000000001,20.500999999999998,-0.039634037862081
0.2560000000000001,21.000999999999998,-0.039967314251820915
0.2560000000000001,21.500999999999998,-0.04031228976266077
0.2560000000000001,22.000999999999998,-0.040668356220487964
0.2560000000000001,22.500999999999998,-0.04103501255414654
0.2560000000000001,23.000999999999998,-0.04141185231772236
0.2560000000000001,23.500999999999998,-0.04179855322743726
0.2560000000000001,24.000999999999998,-0.04219486840169656
0.2560000000000001,24.500999999999998,-0.042600619050436134
0.2560000000000001,25.000999999999998,-0.043015688406744274
0.2560000000000001,25.500999999999998,-0.04344001673207496
0.2560000000000001,26.000999999999998,-0.04387359725800621
0.2560000000000001,26.500999999999998,-0.04431647295386509
0.2560000000000001,27.000999999999998,-0.044768734031770556
0.2560000000000001,27.500999999999998,-0.045230516119635536
0.2560000000000001,28.000999999999998,-0.04570199904919042
0.2560000000000001,28.500999999999998,-0.04618340622074697
0.2560000000000001,29.000999999999998,-0.04667500451977307
0.2560000000000001,29.500999999999998,-0.047177104772858004
0.2560000000000001,30.000999999999998,-0.047690062742760955
0.2560000000000001,30.500999999999998,-0.04821428067439136
0.2560000000000001,31.000999999999998,-0.048750209416198925
0.2560000000000001,31.500999999999998,-0.04929835115502356
0.2560000000000001,32.001,-0.04985926281752918
0.2560000000000001,32.501,-0.05043356020851513
0.2560000000000001,33.001,-0.051021922976456954
0.2560000000000001,33.501,-0.05162510052051094
0.2560000000000001,34.001,-0.05224391898213439
0.2560000000000001,34.501,-0.05287928949999891
0.2560000000000001,35.001,-0.05353221795105743
0.2560000000000001,35.501,-0.05420381645619801
0.2560000000000001,36.001,-0.05489531699956057
0.2560000000000001,36.501,-0.055608087601285536
0.2560000000000001,37.001,-0.05634365160110636
0.2560000000000001,37.501,-0.05710371076431049
0.2560000000000001,38.001,-0.05789017312568632
0.2560000000000001,38.501,-0.05870518676032131
0.2560000000000001,39.001,-0.05955118104032481
0.2560000000000001,39.501,-0.060430917444493255
0.2610000000000001,0.001,-0.909713231733416
0.2610000000000001,0.501,-1.735404056237531
0.2610000000000001,1.001,-0.6870993318888174
0.2610000000000001,1.501,-0.38813868619176745
0.2610000000000001,2.001,-0.25602537170076906
0.2610000000000001,2.501,-0.1848932270636375
0.2610000000000001,3.001,-0.1419601456669881
0.2610000000000001,3.501,-0.11403981346187553
0.2610000000000001,4.0009999999999994,-0.09490539888580984
0.2610000000000001,4.5009999999999994,-0.08127576193189456
0.2610000000000001,5.0009999999999994,-0.07127777511599426
0.2610000000000001,5.5009999999999994,-0.06377458101161987
0.2610000000000001,6.0009999999999994,-0.05804196189635234
0.2610000000000001,6.5009999999999994,-0.05360009288614771
0.2610000000000001,7.0009999999999994,-0.050120571050151164
0.2610000000000001,7.5009999999999994,-0.04737240132805682
0.2610000000000001,8.001,-0.04518927203517047
0.2610000000000001,8.501,-0.043449009822946305
0.2610000000000001,9.001,-0.04206027966135498
0.2610000000000001,9.501,-0.040953742292919024
0.2610000000000001,10.001,-0.040076035982456806
0.2610000000000001,10.501,-0.03938559471587564
0.2610000000000001,11.001,-0.038849688282155834
0.2610000000000001,11.501,-0.038442292208598114
0.2610000000000001,12.001,-0.0381425318049743
0.2610000000000001,12.501,-0.03793353007567957
0.2610000000000001,13.001,-0.037801544084021935
0.2610000000000001,13.501,-0.037735310208403455
0.2610000000000001,14.001,-0.03772554260599097
0.2610000000000001,14.501,-0.03776454536242976
0.2610000000000001,15.001,-0.03784590991481476
0.2610000000000001,15.501,-0.03796427707746493
0.2610000000000001,16.000999999999998,-0.03811514846630695
0.2610000000000001,16.500999999999998,-0.03829473602359584
0.2610000000000001,17.000999999999998,-0.03849984116694671
0.2610000000000001,17.500999999999998,-0.038727757147266284
0.2610000000000001,18.000999999999998,-0.03897618971938618
0.2610000000000001,18.500999999999998,-0.03924319235956433
0.2610000000000001,19.000999999999998,-0.03952711311228846
0.2610000000000001,19.500999999999998,-0.03982655079057527
0.2610000000000001,20.000999999999998,-0.04014031874322095
0.2610000000000001,20.500999999999998,-0.04046741477814869
0.2610000000000001,21.000999999999998,-0.040806996121501585
0.2610000000000001,21.500999999999998,-0.04115835851826513
0.2610000000000001,22.000999999999998,-0.04152091875730299
0.2610000000000001,22.500999999999998,-0.04189420004332568
0.2610000000000001,23.000999999999998,-0.042277819749012055
0.2610000000000001,23.500999999999998,-0.04267147916884277
0.2610000000000001,24.000999999999998,-0.043074954967114915
0.2610000000000001,24.500999999999998,-0.043488092069922865
0.2610000000000001,25.000999999999998,-0.043910797797498416
0.2610000000000001,25.500999999999998,-0.04434303707156183
0.2610000000000001,26.000999999999998,-0.04478482856395458
0.2610000000000001,26.500999999999998,-0.04523624167929717
0.2610000000000001,27.000999999999998,-0.04569739428681704
0.2610000000000001,27.500999999999998,-0.04616845113578124
0.2610000000000001,28.000999999999998,-0.04664962290589195
0.2610000000000001,28.500999999999998,-0.04714116585919569
0.2610000000000001,29.000999999999998,-0.047643382074105935
0.2610000000000001,29.500999999999998,-0.0481566202555241
0.2610000000000001,30.000999999999998,-0.04868127712827028
0.2610000000000001,30.500999999999998,-0.04921779943458032
0.2610000000000001,31.000999999999998,-0.049766686570795166
0.2610000000000001,31.500999999999998,-0.0503284939141388
0.2610000000000001,32.001,-0.050903836908300866
0.2610000000000001,32.501,-0.05149339599719972
0.2610000000000001,33.001,-0.05209792252078501
0.2610000000000001,33.501,-0.05271824571626693
0.2610000000000001,34.001,-0.05335528100435644
0.2610000000000001,34.501,-0.054010039785025235
0.2610000000000001,35.001,-0.05468364102374948
0.2610000000000001,35.501,-0.055377324980913786
0.2610000000000001,36.001,-0.05609246952909354
0.2610000000000001,36.501,-0.05683060962228421
0.2610000000000001,37.001,-0.057593460637535884
0.2610000000000001,37.501,-0.058382946516552126
0.2610000000000001,38.001,-0.059201233912162275
0.2610000000000001,38.501,-0.06005077392044573
0.2610000000000001,39.001,-0.06093435349516918
0.2610000000000001,39.501,-0.06185515935901613
0.2660000000000001,0.001,-0.9220966304755895
0.2660000000000001,0.501,-1.730151867379631
0.2660000000000001,1.001,-0.6846513871458466
0.2660000000000001,1.501,-0.3867564732321068
0.2660000000000001,2.001,-0.25521451044814064
0.2660000000000001,2.501,-0.18444018112766838
0.2660000000000001,3.001,-0.14175221717250863
0.2660000000000001,3.501,-0.1140099275842035
0.2660000000000001,4.0009999999999994,-0.09501028434960335
0.2660000000000001,4.5009999999999994,-0.08148584125785896
0.2660000000000001,5.0009999999999994,-0.0715719322780573
0.2660000000000001,5.5009999999999994,-0.06413722225921653
0.2660000000000001,6.0009999999999994,-0.05846125685089257
0.2660000000000001,6.5009999999999994,-0.054066867467399575
0.2660000000000001,7.0009999999999994,-0.05062758133982535
0.2660000000000001,7.5009999999999994,-0.04791384065201779
0.2660000000000001,8.001,-0.04576042649578407
0.2660000000000001,8.501,-0.04404601150458322
0.2660000000000001,9.001,-0.04267992595904174
0.2660000000000001,9.501,-0.04159336113073134
0.2660000000000001,10.001,-0.04073338358240705
0.2660000000000001,10.501,-0.04005877690657171
0.2660000000000001,11.001,-0.03953709912755726
0.2660000000000001,11.501,-0.03914256558001477
0.2660000000000001,12.001,-0.03885450276232494
0.2660000000000001,12.501,-0.03865620377847177
0.2660000000000001,13.001,-0.03853407055020118
0.2660000000000001,13.501,-0.03847696366398502
0.2660000000000001,14.001,-0.03847570447464249
0.2660000000000001,14.501,-0.03852269016795973
0.2660000000000001,15.001,-0.03861159353506138
0.2660000000000001,15.501,-0.03873712691193497
0.2660000000000001,16.000999999999998,-0.03889485517358684
0.2660000000000001,16.500999999999998,-0.03908104655609511
0.2660000000000001,17.000999999999998,-0.039292552885695636
0.2660000000000001,17.500999999999998,-0.039526712842402584
0.2660000000000001,18.000999999999998,-0.039781273395636405
0.2660000000000001,18.500999999999998,-0.0400543256726669
0.2660000000000001,19.000999999999998,-0.04034425236355587
0.2660000000000001,19.500999999999998,-0.04064968440389893
0.2660000000000001,20.000999999999998,-0.04096946516267591
0.2660000000000001,20.500999999999998,-0.04130262073572152
0.2660000000000001,21.000999999999998,-0.04164833523384462
0.2660000000000001,21.500999999999998,-0.04200593017921317
0.2660000000000001,22.000999999999998,-0.04237484729953593
0.2660000000000001,22.500999999999998,-0.042754634148234764
0.2660000000000001,23.000999999999998,-0.04314493208879938
0.2660000000000001,23.500999999999998,-0.043545466269294106
0.2660000000000001,24.000999999999998,-0.04395603728349596
0.2660000000000001,24.500999999999998,-0.04437651427218573
0.2660000000000001,25.000999999999998,-0.044806829264561976
0.2660000000000001,25.500999999999998,-0.04524697259794902
0.2660000000000001,26.000999999999998,-0.0456969892856437
0.2660000000000001,26.500999999999998,-0.04615697622935495
0.2660000000000001,27.000999999999998,-0.04662708019536488
0.2660000000000001,27.500999999999998,-0.04710749649319673
0.2660000000000001,28.000999999999998,-0.0475984683130082
0.2660000000000001,28.500999999999998,-0.04810028669380116
0.2660000000000001,29.000999999999998,-0.048613291109425666
0.2660000000000001,29.500999999999998,-0.04913787067383931
0.2660000000000001,30.000999999999998,-0.04967446598165911
0.2660000000000001,30.500999999999998,-0.050223571615309257
0.2660000000000001,31.000999999999998,-0.0507857393665823
0.2660000000000001,31.500999999999998,-0.051361582238917014
0.2660000000000001,32.001,-0.05195177931794543
0.2660000000000001,32.501,-0.05255708162288286
0.2660000000000001,33.001,-0.05317831908138536
0.2660000000000001,33.501,-0.053816408807202426
0.2660000000000001,34.001,-0.05447236490541497
0.2660000000000001,34.501,-0.05514731008709296
0.2660000000000001,35.001,-0.05584248944757178
0.2660000000000001,35.501,-0.056559286855385124
0.2660000000000001,36.001,-0.05729924451921492
0.2660000000000001,36.501,-0.05806408645782707
0.2660000000000001,37.001,-0.058855746806659955
0.2660000000000001,37.501,-0.05967640417419208
0.2660000000000001,38.001,-0.06052852363992718
0.2660000000000001,38.501,-0.061414908505631124
0.2660000000000001,39.001,-0.06233876463474581
0.2660000000000001,39.501,-0.06330378123646305
0.27100000000000013,0.001,-0.9343860713230214
0.27100000000000013,0.501,-1.7250494590858463
0.27100000000000013,1.001,-0.6822926715926985
0.27100000000000013,1.501,-0.3854396842238251
0.27100000000000013,2.001,-0.25445584274001976
0.27100000000000013,2.501,-0.1840307177535663
0.27100000000000013,3.001,-0.14158172682454567
0.27100000000000013,3.501,-0.11401282203330951
0.27100000000000013,4.0009999999999994,-0.09514426473240994
0.27100000000000013,4.5009999999999994,-0.08172200511796898
0.27100000000000013,5.0009999999999994,-0.07188965389648147
0.27100000000000013,5.5009999999999994,-0.06452127701620146
0.27100000000000013,6.0009999999999994,-0.058900100486069445
0.27100000000000013,6.5009999999999994,-0.054551553110264966
0.27100000000000013,7.0009999999999994,-0.05115104923602151
0.27100000000000013,7.5009999999999994,-0.048470436048487955
0.27100000000000013,8.001,-0.046345562747047805
0.27100000000000013,8.501,-0.044655928722596466
0.27100000000000013,9.001,-0.04331151434144951
0.27100000000000013,9.501,-0.04224402917432021
0.27100000000000013,10.001,-0.041400958133357965
0.27100000000000013,10.501,-0.040741426233687386
0.27100000000000013,11.001,-0.04023327293495588
0.27100000000000013,11.501,-0.039850947678448045
0.27100000000000013,12.001,-0.03957397333401562
0.27100000000000013,12.501,-0.03938580900611319
0.27100000000000013,13.001,-0.03927299796538216
0.27100000000000013,13.501,-0.03922452198573101
0.27100000000000013,14.001,-0.039231307008325236
0.27100000000000013,14.501,-0.03928584105368427
0.27100000000000013,15.001,-0.039381876296559426
0.27100000000000013,15.501,-0.03951419487813029
0.27100000000000013,16.000999999999998,-0.03967842343662341
0.27100000000000013,16.500999999999998,-0.0398708851995971
0.27100000000000013,17.000999999999998,-0.04008848127100098
0.27100000000000013,17.500999999999998,-0.040328594782495134
0.27100000000000013,18.000999999999998,-0.04058901307947161
0.27100000000000013,18.500999999999998,-0.04086786422865867
0.27100000000000013,19.000999999999998,-0.04116356497183432
0.27100000000000013,19.500999999999998,-0.04147477788369795
0.27100000000000013,20.000999999999998,-0.04180037597483761
0.27100000000000013,20.500999999999998,-0.04213941335146098
0.27100000000000013,21.000999999999998,-0.042491100830171005
0.27100000000000013,21.500999999999998,-0.042854785629157385
0.27100000000000013,22.000999999999998,-0.043229934431904316
0.27100000000000013,22.500999999999998,-0.04361611925730523
0.27100000000000013,23.000999999999998,-0.04401300567934657
0.27100000000000013,23.500999999999998,-0.044420343026808064
0.27100000000000013,24.000999999999998,-0.044837956263567756
0.27100000000000013,24.500999999999998,-0.04526573930689477
0.27100000000000013,25.000999999999998,-0.04570364958746617
0.27100000000000013,25.500999999999998,-0.046151703693022655
0.27100000000000013,26.000999999999998,-0.04660997396936356
0.27100000000000013,26.500999999999998,-0.04707858597921743
0.27100000000000013,27.000999999999998,-0.04755771674252529
0.27100000000000013,27.500999999999998,-0.04804759370182608
0.27100000000000013,28.000999999999998,-0.04854849437448984
0.27100000000000013,28.500999999999998,-0.049060746670248095
0.27100000000000013,29.000999999999998,-0.04958472986840046
0.27100000000000013,29.500999999999998,-0.05012087626489146
0.27100000000000013,30.000999999999998,-0.05066967351569226
0.27100000000000013,30.500999999999998,-0.05123166772029279
0.27100000000000013,31.000999999999998,-0.05180746730827761
0.27100000000000013,31.500999999999998,-0.05239774781380896
0.27100000000000013,32.001,-0.05300325764835255
0.27100000000000013,32.501,-0.053624825012473676
0.27100000000000013,33.001,-0.05426336612460085
0.27100000000000013,33.501,-0.05491989499045764
0.27100000000000013,34.001,-0.05559553499419688
0.27100000000000013,34.501,-0.05629153266491709
0.27100000000000013,35.001,-0.05700927406532712
0.27100000000000013,35.501,-0.05775030436988165
0.27100000000000013,36.001,-0.05851635135754375
0.27100000000000013,36.501,-0.059309353753219246
0.27100000000000013,37.001,-0.06013149563152689
0.27100000000000013,37.501,-0.060985248475375425
0.27100000000000013,38.001,-0.06187342300157905
0.27100000000000013,38.501,-0.06279923358877051
0.27100000000000013,39.001,-0.06376637916374642
0.27100000000000013,39.501,-0.06477914586738255
0.27600000000000013,0.001,-0.9465832858996713
0.27600000000000013,0.501,-1.7200918481264627
0.27600000000000013,1.001,-0.6800201900713824
0.27600000000000013,1.501,-0.3841860997003054
0.27600000000000013,2.001,-0.2537475756297546
0.27600000000000013,2.501,-0.18366331802608482
0.27600000000000013,3.001,-0.14144734844777257
0.27600000000000013,3.501,-0.11404731453544317
0.27600000000000013,4.0009999999999994,-0.0953062698744799
0.27600000000000013,4.5009999999999994,-0.08198327355277624
0.27600000000000013,5.0009999999999994,-0.07223003443767023
0.27600000000000013,5.5009999999999994,-0.0649259024306578
0.27600000000000013,6.0009999999999994,-0.05935770364911071
0.27600000000000013,6.5009999999999994,-0.055053407337643884
0.27600000000000013,7.0009999999999994,-0.05169027334383908
0.27600000000000013,7.5009999999999994,-0.04904152268039439
0.27600000000000013,8.001,-0.04694404880103116
0.27600000000000013,8.501,-0.04527815926282054
0.27600000000000013,9.001,-0.043954469792032366
0.27600000000000013,9.501,-0.04290519642743816
0.27600000000000013,10.001,-0.04207823280446003
0.27600000000000013,10.501,-0.041433037440317344
0.27600000000000013,11.001,-0.04093772464730938
0.27600000000000013,11.501,-0.04056697245362259
0.27600000000000013,12.001,-0.040300495435411726
0.27600000000000013,12.501,-0.040121914727148655
0.27600000000000013,13.001,-0.040017911548624635
0.27600000000000013,13.501,-0.03997758593501403
0.27600000000000013,14.001,-0.03999196588444881
0.27600000000000013,14.501,-0.04005362805844491
0.27600000000000013,15.001,-0.04015640210823894
0.27600000000000013,15.501,-0.040295138320110245
0.27600000000000013,16.000999999999998,-0.040465523650425536
0.27600000000000013,16.500999999999998,-0.04066393506213575
0.27600000000000013,17.000999999999998,-0.040887321848646865
0.27600000000000013,17.500999999999998,-0.041133110655657376
0.27600000000000013,18.000999999999998,-0.04139912840367242
0.27600000000000013,18.500999999999998,-0.04168353942364375
0.27600000000000013,19.000999999999998,-0.041984793950664775
0.27600000000000013,19.500999999999998,-0.04230158575023022
0.27600000000000013,20.000999999999998,-0.042632817131375
0.27600000000000013,20.500999999999998,-0.04297756996934503
0.27600000000000013,21.000999999999998,-0.043335081645217835
0.27600000000000013,21.500999999999998,-0.04370472503150742
0.27600000000000013,22.000999999999998,-0.04408599182641519
0.27600000000000013,22.500999999999998,-0.044478478676287694
0.27600000000000013,23.000999999999998,-0.044881875634477535
0.27600000000000013,23.500999999999998,-0.04529595659160346
0.27600000000000013,24.000999999999998,-0.04572057138201845
0.27600000000000013,24.500999999999998,-0.04615563932791054
0.27600000000000013,25.000999999999998,-0.04660114402873302
0.27600000000000013,25.500999999999998,-0.047057129241901835
0.27600000000000013,26.000999999999998,-0.04752369573265276
0.27600000000000013,26.500999999999998,-0.048000998998089656
0.27600000000000013,27.000999999999998,-0.04848924779389123
0.27600000000000013,27.500999999999998,-0.048988703412901
0.27600000000000013,28.000999999999998,-0.04949967968366148
0.27600000000000013,28.500999999999998,-0.050022543674667
0.27600000000000013,29.000999999999998,-0.0505577171073266
0.27600000000000013,29.500999999999998,-0.05110567849805012
0.27600000000000013,30.000999999999998,-0.05166696606817206
0.27600000000000013,30.500999999999998,-0.05224218148036545
0.27600000000000013,31.000999999999998,-0.05283199448265552
0.27600000000000013,31.500999999999998,-0.05343714856713936
0.27600000000000013,32.001,-0.05405846778136855
0.27600000000000013,32.501,-0.0546968648676843
0.27600000000000013,33.001,-0.055353350951737455
0.27600000000000013,33.501,-0.05602904705879684
0.27600000000000013,34.001,-0.05672519780899832
0.27600000000000013,34.501,-0.057443187735511915
0.27600000000000013,35.001,-0.05818456078969758
0.27600000000000013,35.501,-0.05895104375441461
0.27600000000000013,36.001,-0.05974457449439189
0.27600000000000013,36.501,-0.06056733625048554
0.27600000000000013,37.001,-0.06142179956091935
0.27600000000000013,37.501,-0.06231077390854688
0.27600000000000013,38.001,-0.06323747191048285
0.27600000000000013,38.501,-0.06420558987854193
0.27600000000000013,39.001,-0.06521941003033783
0.27600000000000013,39.501,-0.06628393174954951
0.28100000000000014,0.001,-0.9586899430638712
0.28100000000000014,0.501,-1.7152743056385138
0.28100000000000014,1.001,-0.6778311008135585
0.28100000000000014,1.501,-0.3829936141320774
0.28100000000000014,2.001,-0.2530880083855241
0.28100000000000014,2.501,-0.1833365412743233
0.28100000000000014,3.001,-0.14134782428052556
0.28100000000000014,3.501,-0.11411228389332778
0.28100000000000014,4.0009999999999994,-0.09549528498396521
0.28100000000000014,4.5009999999999994,-0.08226871738996969
0.28100000000000014,5.0009999999999994,-0.07259221539075494
0.28100000000000014,5.5009999999999994,-0.06535029952075411
0.28100000000000014,6.0009999999999994,-0.05983331837611375
0.28100000000000014,6.5009999999999994,-0.05557172655176712
0.28100000000000014,7.0009999999999994,-0.05224458913684366
0.28100000000000014,7.5009999999999994,-0.04962647081215188
0.28100000000000014,8.001,-0.04755528620621155
0.28100000000000014,8.501,-0.04591213305153216
0.28100000000000014,9.001,-0.04460824818182467
0.28100000000000014,9.501,-0.0435763426507339
0.28100000000000014,10.001,-0.04276470949620348
0.28100000000000014,10.501,-0.04213313306643358
0.28100000000000014,11.001,-0.04164999614941697
0.28100000000000014,11.501,-0.04129020001171094
0.28100000000000014,12.001,-0.041033646414326996
0.28100000000000014,12.501,-0.04086411467294856
0.28100000000000014,13.001,-0.04076842066059204
0.28100000000000014,13.501,-0.040735779836856806
0.28100000000000014,14.001,-0.04075731980499106
0.28100000000000014,14.501,-0.04082570374164907
0.28100000000000014,15.001,-0.040934836927416396
0.28100000000000014,15.501,-0.041079636187163995
0.28100000000000014,16.000999999999998,-0.04125584739870651
0.28100000000000014,16.500999999999998,-0.04145990004852187
0.28100000000000014,17.000999999999998,-0.04168879057216188
0.28100000000000014,17.500999999999998,-0.041939988230198115
0.28100000000000014,18.000999999999998,-0.04221135875402898
0.28100000000000014,18.500999999999998,-0.04250110209904485
0.28100000000000014,19.000999999999998,-0.04280770147011205
0.28100000000000014,19.500999999999998,-0.043129881410031844
0.28100000000000014,20.000999999999998,-0.04346657321845092
0.28100000000000014,20.500999999999998,-0.04381688633470658
0.28100000000000014,21.000999999999998,-0.044180084601043806
0.28100000000000014,21.500999999999998,-0.044555566542850984
0.28100000000000014,22.000999999999998,-0.0449428489751115
0.28100000000000014,22.500999999999998,-0.04534155338032557
0.28100000000000014,23.000999999999998,-0.04575139461119679
0.28100000000000014,23.500999999999998,-0.046172171557720736
0.28100000000000014,24.000999999999998,-0.04660375948786427
0.28100000000000014,24.500999999999998,-0.047046103827478813
0.28100000000000014,25.000999999999998,-0.047499215191369626
0.28100000000000014,25.500999999999998,-0.04796316551578782
0.28100000000000014,26.000999999999998,-0.04843808517483098
0.28100000000000014,26.500999999999998,-0.04892416099075676
0.28100000000000014,27.000999999999998,-0.04942163507222118
0.28100000000000014,27.500999999999998,-0.0499308044359355
0.28100000000000014,28.000999999999998,-0.05045202138704922
0.28100000000000014,28.500999999999998,-0.05098569465249889
0.28100000000000014,29.000999999999998,-0.05153229128034602
0.28100000000000014,29.500999999999998,-0.052092339337527244
0.28100000000000014,30.000999999999998,-0.052666431459238265
0.28100000000000014,30.500999999999998,-0.0532552293262846
0.28100000000000014,31.000999999999998,-0.053859469173227245
0.28100000000000014,31.500999999999998,-0.054479968461307954
0.28100000000000014,32.001,-0.05511763388763784
0.28100000000000014,32.501,-0.05577347094805716
0.28100000000000014,33.001,-0.05644859532823907
0.28100000000000014,33.501,-0.057144246469722076
0.28100000000000014,34.001,-0.05786180374964819
0.28100000000000014,34.501,-0.05860280583196682
0.28100000000000014,35.001,-0.059368973903304055
0.28100000000000014,35.501,-0.06016223971206424
0.28100000000000014,36.001,-0.060984779603800846
0.28100000000000014,36.501,-0.061839056117154
0.28100000000000014,37.001,-0.06272786921329075
0.28100000000000014,37.501,-0.06365441991824232
0.28100000000000014,38.001,-0.06462239015336285
0.28100000000000014,38.501,-0.06563604395567546
0.28100000000000014,39.001,-0.0667003573698346
0.28100000000000014,39.501,-0.06782118738572324
0.28600000000000014,0.001,-0.9707076522603844
0.28600000000000014,0.501,-1.7105923399509821
0.28600000000000014,1.001,-0.675722705064191
0.28600000000000014,1.501,-0.38186022820788723
0.28600000000000014,2.001,-0.25247552623539526
0.28600000000000014,2.501,-0.18304901975899424
0.28600000000000014,3.001,-0.14128196032565715
0.28600000000000014,3.501,-0.11420666583284056
0.28600000000000014,4.0009999999999994,-0.09571034686994048
0.28600000000000014,4.5009999999999994,-0.08257745478797184
0.28600000000000014,5.0009999999999994,-0.07297538206696882
0.28600000000000014,5.5009999999999994,-0.06579371018887875
0.28600000000000014,6.0009999999999994,-0.06032623508934029
0.28600000000000014,6.5009999999999994,-0.05610584338975111
0.28600000000000014,7.0009999999999994,-0.052813366450857324
0.28600000000000014,7.5009999999999994,-0.0502246834253314
0.28600000000000014,8.001,-0.048178707771446685
0.28600000000000014,8.501,-0.046557309976330175
0.28600000000000014,9.001,-0.045272334177545184
0.28600000000000014,9.501,-0.04425697534877486
0.28600000000000014,10.001,-0.043459916899175055
0.28600000000000014,10.501,-0.04284126157310737
0.28600000000000014,11.001,-0.04236965445209899
0.28600000000000014,11.501,-0.04202021485461439
0.28600000000000014,12.001,-0.04177302734107863
0.28600000000000014,12.501,-0.041612025674686456
0.28600000000000014,13.001,-0.04152415718398933
0.28600000000000014,13.501,-0.04149875000072814
0.28600000000000014,14.001,-0.04152702895484253
0.28600000000000014,14.501,-0.041601741676631776
0.28600000000000014,15.001,-0.0417168672858774
0.28600000000000014,15.501,-0.041867387590537083
0.28600000000000014,16.000999999999998,-0.04204910603937033
0.28600000000000014,16.500999999999998,-0.04225850347288432
0.28600000000000014,17.000999999999998,-0.042492622460871946
0.28600000000000014,17.500999999999998,-0.042748974016805566
0.28600000000000014,18.000999999999998,-0.043025461954409316
0.28600000000000014,18.500999999999998,-0.043320321248462565
0.28600000000000014,19.000999999999998,-0.04363206758445104
0.28600000000000014,19.500999999999998,-0.04395945590360002
0.28600000000000014,20.000999999999998,-0.04430144622371052
0.28600000000000014,20.500999999999998,-0.04465717537997482
0.28600000000000014,21.000999999999998,-0.04502593361112972
0.28600000000000014,21.500999999999998,-0.04540714513516929
0.28600000000000014,22.000999999999998,-0.0458003520303367
0.28600000000000014,22.500999999999998,-0.046205200872398905
0.28600000000000014,23.000999999999998,-0.046621431686659345
0.28600000000000014,23.500999999999998,-0.04704886885913121
0.28600000000000014,24.000999999999998,-0.04748741372060164
0.28600000000000014,24.500999999999998,-0.04793703857368809
0.28600000000000014,25.000999999999998,-0.04839778197931975
0.28600000000000014,25.500999999999998,-0.048869745157614185
0.28600000000000014,26.000999999999998,-0.04935308939068034
0.28600000000000014,26.500999999999998,-0.04984803434290122
0.28600000000000014,27.000999999999998,-0.050354857238949655
0.28600000000000014,27.500999999999998,-0.05087389286217716
0.28600000000000014,28.000999999999998,-0.051405534357009466
0.28600000000000014,28.500999999999998,-0.05195023483940381
0.28600000000000014,29.000999999999998,-0.052508509840110566
0.28600000000000014,29.500999999999998,-0.05308094062728891
0.28600000000000014,30.000999999999998,-0.05366817847888098
0.28600000000000014,30.500999999999998,-0.05427095000216138
0.28600000000000014,31.000999999999998,-0.054890063629342435
0.28600000000000014,31.500999999999998,-0.055526417455698786
0.28600000000000014,32.001,-0.05618100863245191
0.28600000000000014,32.501,-0.05685494458340292
0.28600000000000014,33.001,-0.05754945638567627
0.28600000000000014,33.501,-0.058265914745865045
0.28600000000000014,34.001,-0.05900584912014899
0.28600000000000014,34.501,-0.059770970679923624
0.28600000000000014,35.001,-0.06056320002632944
0.28600000000000014,35.501,-0.06138470082649915
0.28600000000000014,36.001,-0.062237920908358724
0.28600000000000014,36.501,-0.06312564284894512
0.28600000000000014,37.001,-0.0640510467822053
0.28600000000000014,37.501,-0.06501778912501041
0.28600000000000014,38.001,-0.06603010231166805
0.28600000000000014,38.501,-0.06709292265304345
0.28600000000000014,39.001,-0.06821205644311876
0.28600000000000014,39.501,-0.06939439899504347
0.29100000000000015,0.001,-0.9826379666379584
0.29100000000000015,0.501,-1.7060416808459875
0.29100000000000015,1.001,-0.6736924375739229
0.29100000000000015,1.501,-0.38078404176269154
0.29100000000000015,2.001,-0.2519085946371037
0.29100000000000015,2.501,-0.18279945380571166
0.29100000000000015,3.001,-0.14124862209197564
0.29100000000000015,3.501,-0.1143294491988697
0.29100000000000015,4.0009999999999994,-0.09595054049231327
0.29100000000000015,4.5009999999999994,-0.08290864807046142
0.29100000000000015,5.0009999999999994,-0.07337876066857124
0.29100000000000015,5.5009999999999994,-0.06625541448735309
0.29100000000000015,6.0009999999999994,-0.060835780030761344
0.29100000000000015,6.5009999999999994,-0.05665512430214126
0.29100000000000015,7.0009999999999994,-0.05339600718914978
0.29100000000000015,7.5009999999999994,-0.050835594035486514
0.29100000000000015,8.001,-0.04881377548199487
0.29100000000000015,8.501,-0.047213177890885284
0.29100000000000015,9.001,-0.04594623932619432
0.29100000000000015,9.501,-0.04494662792686516
0.29100000000000015,10.001,-0.044163408716498945
0.29100000000000015,10.501,-0.04355699562481527
0.29100000000000015,11.001,-0.04309629002931503
0.29100000000000015,11.501,-0.042756624267419135
0.29100000000000015,12.001,-0.04251826144231577
0.29100000000000015,12.501,-0.04236528613999657
0.29100000000000015,13.001,-0.042284774039877356
0.29100000000000015,13.501,-0.042266163273657016
0.29100000000000015,14.001,-0.04230077358915239
0.29100000000000015,14.501,-0.04238143506990631
0.29100000000000015,15.001,-0.04250219893893392
0.29100000000000015,15.501,-0.04265811048039411
0.29100000000000015,16.000999999999998,-0.042845029407660676
0.29100000000000015,16.500999999999998,-0.04305948678645767
0.29100000000000015,17.000999999999998,-0.04329857035092984
0.29100000000000015,17.500999999999998,-0.04355983204156656
0.29100000000000015,18.000999999999998,-0.04384121306066249
0.29100000000000015,18.500999999999998,-0.04414098283148005
0.29100000000000015,19.000999999999998,-0.044457689065028685
0.29100000000000015,19.500999999999998,-0.044790116756601106
0.29100000000000015,20.000999999999998,-0.045137254405257295
0.29100000000000015,20.500999999999998,-0.04549826611098097
0.29100000000000015,21.000999999999998,-0.0458724684837213
0.29100000000000015,21.500999999999998,-0.0462593115160859
0.29100000000000015,22.000999999999998,-0.0466583627419431
0.29100000000000015,22.500999999999998,-0.04706929413774267
0.29100000000000015,23.000999999999998,-0.04749187133028578
0.29100000000000015,23.500999999999998,-0.047925944760298225
0.29100000000000015,24.000999999999998,-0.048371442520288924
0.29100000000000015,24.500999999999998,-0.04882836464152391
0.29100000000000015,25.000999999999998,-0.049296778651402556
0.29100000000000015,25.500999999999998,-0.04977681626133596
0.29100000000000015,26.000999999999998,-0.050268671078237605
0.29100000000000015,26.500999999999998,-0.050772597261394284
0.29100000000000015,27.000999999999998,-0.051288909072026656
0.29100000000000015,27.500999999999998,-0.05181798128635641
0.29100000000000015,28.000999999999998,-0.05236025046540136
0.29100000000000015,28.500999999999998,-0.05291621709696606
0.29100000000000015,29.000999999999998,-0.053486448648287166
0.29100000000000015,29.500999999999998,-0.05407158359253263
0.29100000000000015,30.000999999999998,-0.05467233649994485
0.29100000000000015,30.500999999999998,-0.055289504316218846
0.29100000000000015,31.000999999999998,-0.05592397398832084
0.29100000000000015,31.500999999999998,-0.056576731643491106
0.29100000000000015,32.001,-0.057248873583335615
0.29100000000000015,32.501,-0.05794161942527269
0.29100000000000015,33.001,-0.058656327813010424
0.29100000000000015,33.501,-0.05939451523276137
0.29100000000000015,34.001,-0.06015787862168445
0.29100000000000015,34.501,-0.06094832265234843
0.29100000000000015,35.001,-0.06176799283999093
0.29100000000000015,35.501,-0.06261931597413814
0.29100000000000015,36.001,-0.06350504986092534
0.29100000000000015,36.501,-0.06442834503393718
0.29100000000000015,37.001,-0.06539282203514463
0.29100000000000015,37.501,-0.06640266921522867
0.29100000000000015,38.001,-0.06746276796088746
0.29100000000000015,38.501,-0.068578855157214
0.29100000000000015,39.001,-0.06975773708124164
0.29100000000000015,39.501,-0.07100757571995997
0.29600000000000015,0.001,-0.9944823859525251
0.29600000000000015,0.501,-1.701618265113503
0.29600000000000015,1.001,-0.6717378578739038
0.29600000000000015,1.501,-0.3797632472883078
0.29600000000000015,2.001,-0.25138575402035174
0.29600000000000015,2.501,-0.182586607339934
0.29600000000000015,3.001,-0.1412467306874191
0.29600000000000015,3.501,-0.11447967246556956
0.29600000000000015,4.0009999999999994,-0.09621499579704924
0.29600000000000015,4.5009999999999994,-0.0832615008228314
0.29600000000000015,5.0009999999999994,-0.07380161560043308
0.29600000000000015,5.5009999999999994,-0.06673472811062808
0.29600000000000015,6.0009999999999994,-0.06136131290827679
0.29600000000000015,6.5009999999999994,-0.05721896733218834
0.29600000000000015,7.0009999999999994,-0.05399194321791384
0.29600000000000015,7.5009999999999994,-0.05145866469004834
0.29600000000000015,8.001,-0.049459978588384135
0.29600000000000015,8.501,-0.04787925078517659
0.29600000000000015,9.001,-0.04662950029848806
0.29600000000000015,9.501,-0.04564485800067014
0.29600000000000015,10.001,-0.04487476203357649
0.29600000000000015,10.501,-0.044279930514003606
0.29600000000000015,11.001,-0.04382951529289739
0.29600000000000015,11.501,-0.04349905683918968
0.29600000000000015,12.001,-0.04326899266422081
0.29600000000000015,12.501,-0.04312355465532155
0.29600000000000015,13.001,-0.04304994382624974
0.29600000000000015,13.501,-0.04303770571241427
0.29600000000000015,14.001,-0.04307825273675166
0.29600000000000015,14.501,-0.043164495493702756
0.29600000000000015,15.001,-0.04329055562515115
0.29600000000000015,15.501,-0.04345154043099675
0.29600000000000015,16.000999999999998,-0.04364336462522707
0.29600000000000015,16.500999999999998,-0.04386260840912011
0.29600000000000015,17.000999999999998,-0.04410640374806776
0.29600000000000015,17.500999999999998,-0.044372342718807765
0.29600000000000015,18.000999999999998,-0.04465840325255189
0.29600000000000015,18.500999999999998,-0.04496288868382934
0.29600000000000015,19.000999999999998,-0.045284378327923425
0.29600000000000015,19.500999999999998,-0.04562168692441685
0.29600000000000015,20.000999999999998,-0.045973831252610134
0.29600000000000015,20.500999999999998,-0.046340002583990236
0.29600000000000015,21.000999999999998,-0.04671954391475177
0.29600000000000015,21.500999999999998,-0.047111931137663154
0.29600000000000015,22.000999999999998,-0.04751675748212112
0.29600000000000015,22.500999999999998,-0.04793372068508424
0.29600000000000015,23.000999999999998,-0.048362612462023565
0.29600000000000015,23.500999999999998,-0.048803309932365035
0.29600000000000015,24.000999999999998,-0.04925576872289801
0.29600000000000015,24.500999999999998,-0.04972001752903197
0.29600000000000015,25.000999999999998,-0.05019615396042795
0.29600000000000015,25.500999999999998,-0.050684341536744434
0.29600000000000015,26.000999999999998,-0.0511848077328026
0.29600000000000015,26.500999999999998,-0.0516978430019177
0.29600000000000015,27.000999999999998,-0.05222380073273215
0.29600000000000015,27.500999999999998,-0.05276309811972839
0.29600000000000015,28.000999999999998,-0.053316217951731845
0.29600000000000015,28.500999999999998,-0.05388371134715842
0.29600000000000015,29.000999999999998,-0.054466201490554846
0.29600000000000015,29.500999999999998,-0.055064388453282265
0.29600000000000015,30.000999999999998,-0.05567905521336752
0.29600000000000015,30.500999999999998,-0.05631107502721671
0.29600000000000015,31.000999999999998,-0.05696142035110813
0.29600000000000015,31.500999999999998,-0.057631173565821855
0.29600000000000015,32.001,-0.05832153982691869
0.29600000000000015,32.501,-0.05903386245072816
0.29600000000000015,33.001,-0.059769641358459455
0.29600000000000015,33.501,-0.060530555246800455
0.29600000000000015,34.001,-0.06131848834525991
0.29600000000000015,34.501,-0.062135562875812456
0.29600000000000015,35.001,-0.06298417867424425
0.29600000000000015,35.501,-0.06386706190160628
0.29600000000000015,36.001,-0.06478732542264717
0.29600000000000015,36.501,-0.06574854433779269
0.29600000000000015,37.001,-0.0667548514516773
0.29600000000000015,37.501,-0.06781105934084052
0.29600000000000015,38.001,-0.06892281846038033
0.29600000000000015,38.501,-0.07009682491947394
0.29600000000000015,39.001,-0.07134109802680715
0.29600000000000015,39.501,-0.07266535796580847
0.30100000000000016,0.001,-1.0062423592741432
0.30100000000000016,0.501,-1.6973182232735688
0.30100000000000016,1.001,-0.6698566422567409
0.30100000000000016,1.501,-0.3787961239697918
0.30100000000000016,2.001,-0.2509056149554782
0.30100000000000016,2.501,-0.18240930378428938
0.30100000000000016,3.001,-0.14127525922951972
0.30100000000000016,3.501,-0.1146564205302388
0.30100000000000016,4.0009999999999994,-0.09650288480877074
0.30100000000000016,4.5009999999999994,-0.08363525522491047
0.30100000000000016,5.0009999999999994,-0.0742432470005029
0.30100000000000016,5.5009999999999994,-0.06723100009175673
0.30100000000000016,6.0009999999999994,-0.06190222473374006
0.30100000000000016,6.5009999999999994,-0.057796800076151705
0.30100000000000016,7.0009999999999994,-0.05460063443334139
0.30100000000000016,7.5009999999999994,-0.05209338412949069
0.30100000000000016,8.001,-0.050116831851147375
0.30100000000000016,8.501,-0.048555067104948446
0.30100000000000016,9.001,-0.04732167727551245
0.30100000000000016,9.501,-0.0463512458436101
0.30100000000000016,10.001,-0.045593575820635134
0.30100000000000016,10.501,-0.045009682713905236
0.30100000000000016,11.001,-0.04456896319135356
0.30100000000000016,11.501,-0.04424716110396785
0.30100000000000016,12.001,-0.04402488435233777
0.30100000000000016,12.501,-0.04388650870157024
0.30100000000000016,13.001,-0.04381935756682913
0.30100000000000016,13.501,-0.043813081363038485
0.30100000000000016,14.001,-0.04385918300823649
0.30100000000000016,14.501,-0.043950651720648784
0.30100000000000016,15.001,-0.04408167792586549
0.30100000000000016,15.501,-0.04424742952347166
0.30100000000000016,16.000999999999998,-0.0444438750047083
0.30100000000000016,16.500999999999998,-0.04466764265452026
0.30100000000000016,17.000999999999998,-0.04491590777211757
0.30100000000000016,17.500999999999998,-0.045186301814001434
0.30100000000000016,18.000999999999998,-0.04547683881416689
0.30100000000000016,18.500999999999998,-0.04578585551454409
0.30100000000000016,19.000999999999998,-0.04611196244720965
0.30100000000000016,19.500999999999998,-0.04645400382100828
0.30100000000000016,20.000999999999998,-0.04681102453078988
0.30100000000000016,20.500999999999998,-0.047182242964776855
0.30100000000000016,21.000999999999998,-0.04756702856181908
0.30100000000000016,21.500999999999998,-0.04796488328536368
0.30100000000000016,22.000999999999998,-0.048375426349622504
0.30100000000000016,22.500999999999998,-0.04879838166661888
0.30100000000000016,23.000999999999998,-0.049233567588822004
0.30100000000000016,23.500999999999998,-0.04968088860717825
0.30100000000000016,24.000999999999998,-0.050140328733301744
0.30100000000000016,24.500999999999998,-0.05061194635111755
0.30100000000000016,25.000999999999998,-0.05109587037019224
0.30100000000000016,25.500999999999998,-0.05159229755270407
0.30100000000000016,26.000999999999998,-0.052101490920273004
0.30100000000000016,26.500999999999998,-0.052623779177275704
0.30100000000000016,27.000999999999998,-0.053159557115121506
0.30100000000000016,27.500999999999998,-0.05370928698842577
0.30100000000000016,28.000999999999998,-0.05427350088024438
0.30100000000000016,28.500999999999998,-0.05485280410062208
0.30100000000000016,29.000999999999998,-0.055447879691902374
0.30100000000000016,29.500999999999998,-0.05605949414689886
0.30100000000000016,30.000999999999998,-0.05668850448378608
0.30100000000000016,30.500999999999998,-0.057335866866474315
0.30100000000000016,31.000999999999998,-0.05800264701385852
0.30100000000000016,31.500999999999998,-0.058690032709113577
0.30100000000000016,32.001,-0.05939934880565466
0.30100000000000016,32.501,-0.06013207523567284
0.30100000000000016,33.001,-0.06088986866875506
0.30100000000000016,33.501,-0.0616745886538384
0.30100000000000016,34.001,-0.06248832932434949
0.30100000000000016,34.501,-0.06333345807783702
0.30100000000000016,35.001,-0.06421266309262903
0.30100000000000016,35.501,-0.06512901216663577
0.30100000000000016,36.001,-0.06608602623493806
0.30100000000000016,36.501,-0.06708777216193597
0.30100000000000016,37.001,-0.06813898119585926
0.30100000000000016,37.501,-0.0692452021138733
0.30100000000000016,38.001,-0.07041300205763987
0.30100000000000016,38.501,-0.07165023417193142
0.30100000000000016,39.001,-0.07296640081240321
0.30100000000000016,39.501,-0.07437315678375139
0.30600000000000016,0.001,-1.017919287514021
0.30600000000000016,0.501,-1.693137867353929
0.30600000000000016,1.001,-0.6680465763957548
0.30600000000000016,1.501,-0.3778810321970605
0.30600000000000016,2.001,-0.25046685370746935
0.30600000000000016,2.501,-0.1822664222833877
0.30600000000000016,3.001,-0.14133322954263042
0.30600000000000016,3.501,-0.1148588217634978
0.30600000000000016,4.0009999999999994,-0.09681341895592468
0.30600000000000016,4.5009999999999994,-0.08402918959717205
0.30600000000000016,5.0009999999999994,-0.07470298846803827
0.30600000000000016,5.5009999999999994,-0.06774361068342408
0.30600000000000016,6.0009999999999994,-0.062457935834276675
0.30600000000000016,6.5009999999999994,-0.05838807780714892
0.30600000000000016,7.0009999999999994,-0.055221566983723894
0.30600000000000016,7.5009999999999994,-0.052739266095996995
0.30600000000000016,8.001,-0.05078387392635432
0.30600000000000016,8.501,-0.049240188205948596
0.30600000000000016,9.001,-0.04802235246473948
0.30600000000000016,9.501,-0.04706539295869783
0.30600000000000016,10.001,-0.04631946955522323
0.30600000000000016,10.501,-0.04574588854719579
0.30600000000000016,11.001,-0.04531428592072132
0.30600000000000016,11.501,-0.045000604290334256
0.30600000000000016,12.001,-0.04478561803673389
0.30600000000000016,12.501,-0.04465384347211078
0.30600000000000016,13.001,-0.044592723559415764
0.30600000000000016,13.501,-0.04459201113731458
0.30600000000000016,14.001,-0.04464329749857993
0.30600000000000016,14.501,-0.044739648650718576
0.30600000000000016,15.001,-0.04487532221485273
0.30600000000000016,15.501,-0.045045545316742874
0.30600000000000016,16.000999999999998,-0.045246339040633986
0.30600000000000016,16.500999999999998,-0.045474378739778276
0.30600000000000016,17.000999999999998,-0.045726882184488275
0.30600000000000016,17.500999999999998,-0.04600151948811146
0.30600000000000016,18.000999999999998,-0.04629634019435013
0.30600000000000016,18.500999999999998,-0.04660971398181289
0.30600000000000016,19.000999999999998,-0.04694028224569104
0.30600000000000016,19.500999999999998,-0.04728691842411718
0.30600000000000016,20.000999999999998,-0.04764869539970563
0.30600000000000016,20.500999999999998,-0.04802485866204941
0.30600000000000016,21.000999999999998,-0.04841480419166294
0.30600000000000016,21.500999999999998,-0.04881806023976412
0.30600000000000016,22.000999999999998,-0.04923427234609098
0.30600000000000016,22.500999999999998,-0.049663191069570796
0.30600000000000016,23.000999999999998,-0.0501046620123046
0.30600000000000016,23.500999999999998,-0.050558617802274906
0.30600000000000016,24.000999999999998,-0.05102507176916352
0.30600000000000016,24.500999999999998,-0.05150411310440099
0.30600000000000016,25.000999999999998,-0.051995903343941406
0.30600000000000016,25.500999999999998,-0.052500674052579174
0.30600000000000016,26.000999999999998,-0.05301872562378984
0.30600000000000016,26.500999999999998,-0.05355042714063403
0.30600000000000016,27.000999999999998,-0.054096217272646976
0.30600000000000016,27.500999999999998,-0.0546566062120513
0.30600000000000016,28.000999999999998,-0.05523217868136779
0.30600000000000016,28.500999999999998,-0.055823598074803166
0.30600000000000016,29.000999999999998,-0.05643161182910245
0.30600000000000016,29.500999999999998,-0.05705705815749839
0.30600000000000016,30.000999999999998,-0.05770087432499493
0.30600000000000016,30.500999999999998,-0.05836410669702358
0.30600000000000016,31.000999999999998,-0.05904792285979844
0.30600000000000016,31.500999999999998,-0.05975362619385958
0.30600000000000016,32.001,-0.06048267338823447
0.30600000000000016,32.501,-0.06123669551947964
0.30600000000000016,33.001,-0.06201752349885354
0.30600000000000016,33.501,-0.06282721892796153
0.30600000000000016,34.001,-0.06366811172113689
0.30600000000000016,34.501,-0.06454284628465817
0.30600000000000016,35.001,-0.06545443863737767
0.30600000000000016,35.501,-0.06640634768747332
0.30600000000000016,36.001,-0.06740256505729571
0.30600000000000016,36.501,-0.06844772954605009
0.30600000000000016,37.001,-0.06954727481391959
0.30600000000000016,37.501,-0.07070762260967858
0.30600000000000016,38.001,-0.0719364395959245
0.30600000000000016,38.501,-0.0732429848399731
0.30600000000000016,39.001,-0.07463858962320205
0.30600000000000016,39.501,-0.07613733559847607
0.31100000000000017,0.001,-1.0295145257862897
0.31100000000000017,0.501,-1.689073679623611
0.31100000000000017,1.001,-0.6663055485422595
0.31100000000000017,1.501,-0.3770164085068048
0.31100000000000017,2.001,-0.2500682081388887
0.31100000000000017,2.501,-0.182156894225163
0.31100000000000017,3.001,-0.14141970911475138
0.31100000000000017,3.501,-0.11508604529148804
0.31100000000000017,4.0009999999999994,-0.09714584660647504
0.31100000000000017,4.5009999999999994,-0.08444261614018429
0.31100000000000017,5.0009999999999994,-0.07518020497084249
0.31100000000000017,5.5009999999999994,-0.06827196940602363
0.31100000000000017,6.0009999999999994,-0.06302789402044234
0.31100000000000017,6.5009999999999994,-0.05899228174701832
0.31100000000000017,7.0009999999999994,-0.05585425163184332
0.31100000000000017,7.5009999999999994,-0.05339584777560201
0.31100000000000017,8.001,-0.05146066587854781
0.31100000000000017,8.501,-0.04993419693013443
0.31100000000000017,9.001,-0.04873112873309199
0.31100000000000017,9.501,-0.04778692076296223
0.31100000000000017,10.001,-0.04705208195322886
0.31100000000000017,10.501,-0.04648820295944321
0.31100000000000017,11.001,-0.04606515373679916
0.31100000000000017,11.501,-0.045759071169182076
0.31100000000000017,12.001,-0.045550892312453115
0.31100000000000017,12.501,-0.04542527078334617
0.31100000000000017,13.001,-0.045369766314298524
0.31100000000000017,13.501,-0.04537423177697017
0.31100000000000017,14.001,-0.045430344775275626
0.31100000000000017,14.501,-0.04553124632167279
0.31100000000000017,15.001,-0.045671259689581564
0.31100000000000017,15.501,-0.045845669898273614
0.31100000000000017,16.000999999999998,-0.04605054947846236
0.31100000000000017,16.500999999999998,-0.046282619871771374
0.31100000000000017,17.000999999999998,-0.04653914049076542
0.31100000000000017,17.500999999999998,-0.04681781941570391
0.31100000000000017,18.000999999999998,-0.047116741139633586
0.31100000000000017,18.500999999999998,-0.04743430784016484
0.31100000000000017,19.000999999999998,-0.04776919145588604
0.31100000000000017,19.500999999999998,-0.04812029444972263
0.31100000000000017,20.000999999999998,-0.04848671760188492
0.31100000000000017,20.500999999999998,-0.04886773352840174
0.31100000000000017,21.000999999999998,-0.0492627648944425
0.31100000000000017,21.500999999999998,-0.049671366504441844
0.31100000000000017,22.000999999999998,-0.05009321061804934
0.31100000000000017,22.500999999999998,-0.0505280749730097
0.31100000000000017,23.000999999999998,-0.05097583310143152
0.31100000000000017,23.500999999999998,-0.05143644661074996
0.31100000000000017,24.000999999999998,-0.05190995916978298
0.31100000000000017,24.500999999999998,-0.05239649199732706
0.31100000000000017,25.000999999999998,-0.052896240698657865
0.31100000000000017,25.500999999999998,-0.05340947333639845
0.31100000000000017,26.000999999999998,-0.05393652965845686
0.31100000000000017,26.500999999999998,-0.05447782143870808
0.31100000000000017,27.000999999999998,-0.055033833917302905
0.31100000000000017,27.500999999999998,-0.05560512835826648
0.31100000000000017,28.000999999999998,-0.056192345773804143
0.31100000000000017,28.500999999999998,-0.05679621189892115
0.31100000000000017,29.000999999999998,-0.05741754353825247
0.31100000000000017,29.500999999999998,-0.05805725645140229
0.31100000000000017,30.000999999999998,-0.05871637499607636
0.31100000000000017,30.500999999999998,-0.05939604381305147
0.31100000000000017,31.000999999999998,-0.06009754191778599
0.31100000000000017,31.500999999999998,-0.060822299665861
0.31100000000000017,32.001,-0.06157191919118773
0.31100000000000017,32.501,-0.062348199087731815
0.31100000000000017,33.001,-0.06315316433243312
0.31100000000000017,33.501,-0.06398910275054162
0.31100000000000017,34.001,-0.06485860973585013
0.31100000000000017,34.501,-0.06576464350299431
0.31100000000000017,35.001,-0.06671059393546643
0.31100000000000017,35.501,-0.06770036920514264
0.31100000000000017,36.001,-0.06873850593810767
0.31100000000000017,36.501,-0.06983031104243309
0.31100000000000017,37.001,-0.07098204680970768
0.31100000000000017,37.501,-0.07220117624061663
0.31100000000000017,38.001,-0.07349669390113503
0.31100000000000017,38.501,-0.07487958106600469
0.31100000000000017,39.001,-0.07636344625269467
0.31100000000000017,39.501,-0.07796545075158999
0.31600000000000017,0.001,-1.0410293856178434
0.31600000000000017,0.501,-1.6851223021935402
0.31600000000000017,1.001,-0.6646315432471426
0.31600000000000017,1.501,-0.3762007609146761
0.31600000000000017,2.001,-0.24970847392921894
0.31600000000000017,2.501,-0.1820797000310922
0.31600000000000017,3.001,-0.14153380828976192
0.31600000000000017,3.501,-0.11533729848845228
0.31600000000000017,4.0009999999999994,-0.09749945079447817
0.31600000000000017,4.5009999999999994,-0.08487487884926964
0.31600000000000017,5.0009999999999994,-0.07567429091479053
0.31600000000000017,5.5009999999999994,-0.06881551324717622
0.31600000000000017,6.0009999999999994,-0.06361157289655867
0.31600000000000017,6.5009999999999994,-0.059608917472352765
0.31600000000000017,7.0009999999999994,-0.056498222244534824
0.31600000000000017,7.5009999999999994,-0.05406268836131543
0.31600000000000017,8.001,-0.052146789809159516
0.31600000000000017,8.501,-0.05063669629241417
0.31600000000000017,9.001,-0.049447628346091704
0.31600000000000017,9.501,-0.04851546937391349
0.31600000000000017,10.001,-0.047791069798250825
0.31600000000000017,10.501,-0.04723629838753579
0.31600000000000017,11.001,-0.04682125385924457
0.31600000000000017,11.501,-0.04652226299050212
0.31600000000000017,12.001,-0.04632042180633156
0.31600000000000017,12.501,-0.04620051806919496
0.31600000000000017,13.001,-0.046150225574290674
0.31600000000000017,13.501,-0.046159494897378875
0.31600000000000017,14.001,-0.04622008794401143
0.31600000000000017,14.501,-0.046325218995183395
0.31600000000000017,15.001,-0.046469275476431836
0.31600000000000017,15.501,-0.04664759900716142
0.31600000000000017,16.000999999999998,-0.04685631245447715
0.31600000000000017,16.500999999999998,-0.04709218240287813
0.31600000000000017,17.000999999999998,-0.04735250911147475
0.31600000000000017,17.500999999999998,-0.04763503797000905
0.31600000000000017,18.000999999999998,-0.04793788789299825
0.31600000000000017,18.500999999999998,-0.048259493152438826
0.31600000000000017,19.000999999999998,-0.04859855594484058
0.31600000000000017,19.500999999999998,-0.0489540075894495
0.31600000000000017,20.000999999999998,-0.049324976712366915
0.31600000000000017,20.500999999999998,-0.04971076312272478
0.31600000000000017,21.000999999999998,-0.05011081635885896
0.31600000000000017,21.500999999999998,-0.050524718094192816
0.31600000000000017,22.000999999999998,-0.050952167758807364
0.31600000000000017,22.500999999999998,-0.051392970864299226
0.31600000000000017,23.000999999999998,-0.05184702962464217
0.31600000000000017,23.500999999999998,-0.05231433555061292
0.31600000000000017,24.000999999999998,-0.05279496376463793
0.31600000000000017,24.500999999999998,-0.053289068840410084
0.31600000000000017,25.000999999999998,-0.05379688202021517
0.31600000000000017,25.500999999999998,-0.05431870970497884
0.31600000000000017,26.000999999999998,-0.05485493314957583
0.31600000000000017,26.500999999999998,-0.05540600933061883
0.31600000000000017,27.000999999999998,-0.055972472987349746
0.31600000000000017,27.500999999999998,-0.05655493986986838
0.31600000000000017,28.000999999999998,-0.057154111264329024
0.31600000000000017,28.500999999999998,-0.05777077990360066
0.31600000000000017,29.000999999999998,-0.05840583741624065
0.31600000000000017,29.500999999999998,-0.059060283518879896
0.31600000000000017,30.000999999999998,-0.05973523722038995
0.31600000000000017,30.500999999999998,-0.06043195038449168
0.31600000000000017,31.000999999999998,-0.06115182409618905
0.31600000000000017,31.500999999999998,-0.061896428403875284
0.31600000000000017,32.001,-0.0626675261732768
0.31600000000000017,32.501,-0.06346710200575723
0.31600000000000017,33.001,-0.06429739746206292
0.31600000000000017,33.501,-0.06516095422245852
0.31600000000000017,34.001,-0.06606066734803594
0.31600000000000017,34.501,-0.06699985154931881
0.31600000000000017,35.001,-0.06798232441339681
0.31600000000000017,35.501,-0.06901251203845485
0.31600000000000017,36.001,-0.07009558470914806
0.31600000000000017,36.501,-0.07123763349604179
0.31600000000000017,37.001,-0.07244590360273495
0.31600000000000017,37.501,-0.07372910797921932
0.31600000000000017,38.001,-0.07509785703656352
0.31600000000000017,38.501,-0.07656526063115668
0.31600000000000017,39.001,-0.07814779326403992
0.31600000000000017,39.501,-0.07986657541045399
0.3210000000000002,0.001,-1.0524651370182585
0.3210000000000002,0.501,-1.6812805274051033
0.3210000000000002,1.001,-0.6630226355587852
0.3210000000000002,1.501,-0.37543266460202107
0.3210000000000002,2.001,-0.24938650108164717
0.3210000000000002,2.501,-0.18203386619065012
0.3210000000000002,3.001,-0.141674677673459
0.3210000000000002,3.501,-0.11561182466038664
0.3210000000000002,4.0009999999999994,-0.09787354712001309
0.3210000000000002,4.5009999999999994,-0.08532535158826615
0.3210000000000002,5.0009999999999994,-0.07618466836072393
0.3210000000000002,5.5009999999999994,-0.06937370499875638
0.3210000000000002,6.0009999999999994,-0.06420847030015175
0.3210000000000002,6.5009999999999994,-0.060237513442357976
0.3210000000000002,7.0009999999999994,-0.05715303439770433
0.3210000000000002,7.5009999999999994,-0.054739367726088145
0.3210000000000002,8.001,-0.05284184758976266
0.3210000000000002,8.501,-0.05134730826774138
0.3210000000000002,9.001,-0.050171491803309
0.3210000000000002,9.501,-0.049250696488632804
0.3210000000000002,10.001,-0.048536106860244094
0.3210000000000002,10.501,-0.04798986371431535
0.3210000000000002,11.001,-0.04758228945906169
0.3210000000000002,11.501,-0.047289896500954415
0.3210000000000002,12.001,-0.047093936222196986
0.3210000000000002,12.501,-0.04697932745173518
0.3210000000000002,13.001,-0.04693385540886319
0.3210000000000002,13.501,-0.04694756610343633
0.3210000000000002,14.001,-0.0470123037847297
0.3210000000000002,14.501,-0.04712135431168362
0.3210000000000002,15.001,-0.04726916780308481
0.3210000000000002,15.501,-0.04745114122296279
0.3210000000000002,16.000999999999998,-0.04766344670006492
0.3210000000000002,16.500999999999998,-0.047902895049847974
0.3210000000000002,17.000999999999998,-0.048166826614797854
0.3210000000000002,17.500999999999998,-0.048453023468854634
0.3210000000000002,18.000999999999998,-0.048759638452501995
0.3210000000000002,18.500999999999998,-0.0490851375607039
0.3210000000000002,19.000999999999998,-0.049428252997045216
0.3210000000000002,19.500999999999998,-0.04978794480531973
0.3210000000000002,20.000999999999998,-0.0501633694452547
0.3210000000000002,20.500999999999998,-0.05055385402867457
0.3210000000000002,21.000999999999998,-0.050958875202826784
0.3210000000000002,21.500999999999998,-0.05137804187837941
0.3210000000000002,22.000999999999998,-0.05181108116519147
0.3210000000000002,22.500999999999998,-0.052257827010180974
0.3210000000000002,23.000999999999998,-0.05271821113658957
0.3210000000000002,23.500999999999998,-0.05319225596885993
0.3210000000000002,24.000999999999998,-0.05368006929696619
0.3210000000000002,24.500999999999998,-0.05418184049209737
0.3210000000000002,25.000999999999998,-0.05469783813503873
0.3210000000000002,25.500999999999998,-0.05522840896184149
0.3210000000000002,26.000999999999998,-0.05577397807046061
0.3210000000000002,26.500999999999998,-0.05633505036876128
0.3210000000000002,27.000999999999998,-0.056912213280331324
0.3210000000000002,27.500999999999998,-0.057506140761547975
0.3210000000000002,28.000999999999998,-0.0581175987231174
0.3210000000000002,28.500999999999998,-0.05874745199382809
0.3210000000000002,29.000999999999998,-0.059396673015952535
0.3210000000000002,29.500999999999998,-0.060066352523575665
0.3210000000000002,30.000999999999998,-0.06075771253100518
0.3210000000000002,30.500999999999998,-0.061472122053434435
0.3210000000000002,31.000999999999998,-0.062211116103115416
0.3210000000000002,31.500999999999998,-0.06297641866095723
0.3210000000000002,32.001,-0.06376997052900399
0.3210000000000002,32.501,-0.06459396324247377
0.3210000000000002,33.001,-0.06545088058807606
0.3210000000000002,33.501,-0.06634354977773141
0.3210000000000002,34.001,-0.06727520502231817
0.3210000000000002,34.501,-0.06824956722736261
0.3210000000000002,35.001,-0.06927094492806393
0.3210000000000002,35.501,-0.07034436360882691
0.3210000000000002,36.001,-0.07147573355623799
0.3210000000000002,36.501,-0.07267207093949768
0.3210000000000002,37.001,-0.07394179385450256
0.3210000000000002,37.501,-0.07529512627309178
0.3210000000000002,38.001,-0.07674466121370374
0.3210000000000002,38.501,-0.0783061656355111
0.3210000000000002,39.001,-0.07999976463143557
0.3210000000000002,39.501,-0.08185174437372905
0.3260000000000002,0.001,-1.0638230104206934
0.3260000000000002,0.501,-1.6775452889356297
0.3260000000000002,1.001,-0.661476985654377
0.3260000000000002,1.501,-0.3747107579251804
0.3260000000000002,2.001,-0.2491011906913364
0.3260000000000002,2.501,-0.18201846251795445
0.3260000000000002,3.001,-0.1418415057340961
0.3260000000000002,3.501,-0.11590890090249725
0.3260000000000002,4.0009999999999994,-0.0982674818067891
0.3260000000000002,4.5009999999999994,-0.08579343630800759
0.3260000000000002,5.0009999999999994,-0.07671078537538334
0.3260000000000002,5.5009999999999994,-0.06994603171898883
0.3260000000000002,6.0009999999999994,-0.06481810685879524
0.3260000000000002,6.5009999999999994,-0.06087761963749434
0.3260000000000002,7.0009999999999994,-0.05781826408634473
0.3260000000000002,7.5009999999999994,-0.05542548519565721
0.3260000000000002,8.001,-0.053545459690648486
0.3260000000000002,8.501,-0.0520656726694502
0.3260000000000002,9.001,-0.05090237676136763
0.3260000000000002,9.501,-0.04999227634707677
0.3260000000000002,10.001,-0.049286882895331424
0.3260000000000002,10.501,-0.048748603301585924
0.3260000000000002,11.001,-0.048347978721900164
0.3260000000000002,11.501,-0.04806170303488985
0.3260000000000002,12.001,-0.04787117945733722
0.3260000000000002,12.501,-0.04776145488109167
0.3260000000000002,13.001,-0.04772042337564908
0.3260000000000002,13.501,-0.04773822417106891
0.3260000000000002,14.001,-0.04780678195170043
0.3260000000000002,14.501,-0.04791945250771918
0.3260000000000002,15.001,-0.04807074723201421
0.3260000000000002,15.501,-0.048256117214312264
0.3260000000000002,16.000999999999998,-0.048471782804572906
0.3260000000000002,16.500999999999998,-0.04871459817012434
0.3260000000000002,17.000999999999998,-0.04898194300569926
0.3260000000000002,17.500999999999998,-0.049271635476044344
0.3260000000000002,18.000999999999998,-0.04958186188446467
0.3260000000000002,18.500999999999998,-0.04991111961091562
0.3260000000000002,19.000999999999998,-0.05025817065035134
0.3260000000000002,19.500999999999998,-0.05062200367683516
0.3260000000000002,20.000999999999998,-0.051001803012009794
0.3260000000000002,20.500999999999998,-0.05139692322437678
0.3260000000000002,21.000999999999998,-0.05180686835495828
0.3260000000000002,21.500999999999998,-0.05223127497477191
0.3260000000000002,22.000999999999998,-0.05266989844455246
0.3260000000000002,22.500999999999998,-0.053122601878044795
0.3260000000000002,23.000999999999998,-0.05358934741511488
0.3260000000000002,23.500999999999998,-0.0540701894960207
0.3260000000000002,24.000999999999998,-0.0545652698982694
0.3260000000000002,24.500999999999998,-0.05507481435626597
0.3260000000000002,25.000999999999998,-0.055599130634449795
0.3260000000000002,25.500999999999998,-0.056138607969286006
0.3260000000000002,26.000999999999998,-0.05669371783643563
0.3260000000000002,26.500999999999998,-0.05726501603859659
0.3260000000000002,27.000999999999998,-0.0578531461486891
0.3260000000000002,27.500999999999998,-0.05845884438414923
0.3260000000000002,28.000999999999998,-0.05908294603312149
0.3260000000000002,28.500999999999998,-0.059726393604700063
0.3260000000000002,29.000999999999998,-0.060390246935972336
0.3260000000000002,29.500999999999998,-0.06107569556217628
0.3260000000000002,30.000999999999998,-0.061784073747652206
0.3260000000000002,30.500999999999998,-0.06251687869098783
0.3260000000000002,31.000999999999998,-0.06327579256671487
0.3260000000000002,31.500999999999998,-0.06406270926055313
0.3260000000000002,32.001,-0.06487976691299946
0.3260000000000002,32.501,-0.06572938773212822
0.3260000000000002,33.001,-0.06661432700734714
0.3260000000000002,33.501,-0.06753773390551113
0.3260000000000002,34.001,-0.06850322754048441
0.3260000000000002,34.501,-0.06951499310132084
0.3260000000000002,35.001,-0.07057790469706325
0.3260000000000002,35.501,-0.07169768433808801
0.3260000000000002,36.001,-0.07288111063253111
0.3260000000000002,36.501,-0.0741362971844328
0.3260000000000002,37.001,-0.0754730708137819
0.3260000000000002,37.501,-0.07690349621962601
0.3260000000000002,38.001,-0.07844262148866911
0.3260000000000002,38.501,-0.08010956745724167
0.3260000000000002,39.001,-0.08192917286848309
0.3260000000000002,39.501,-0.08393457883433009
0.3310000000000002,0.001,-1.0751041985036716
0.3310000000000002,0.501,-1.6739136535573138
0.3310000000000002,1.001,-0.6599928338662349
0.3310000000000002,1.501,-0.37403373871871587
0.3310000000000002,2.001,-0.24885149195196074
0.3310000000000002,2.501,-0.1820325996108346
0.3310000000000002,3.001,-0.14203351658010577
0.3310000000000002,3.501,-0.11622783611498838
0.3310000000000002,4.0009999999999994,-0.09868062990339166
0.3310000000000002,4.5009999999999994,-0.08627856139662211
0.3310000000000002,5.0009999999999994,-0.07725211450442526
0.3310000000000002,5.5009999999999994,-0.07053200330844803
0.3310000000000002,6.0009999999999994,-0.06544002465388465
0.3310000000000002,6.5009999999999994,-0.061528806299015915
0.3310000000000002,7.0009999999999994,-0.058493506530165607
0.3310000000000002,7.5009999999999994,-0.0561206584123455
0.3310000000000002,8.001,-0.05425726409620933
0.3310000000000002,8.501,-0.052791446110672324
0.3310000000000002,9.001,-0.05163995703667523
0.3310000000000002,9.501,-0.05073989877205788
0.3310000000000002,10.001,-0.050043102719513635
0.3310000000000002,10.501,-0.04951223609448338
0.3310000000000002,11.001,-0.04911805398038141
0.3310000000000002,11.501,-0.048837427672249356
0.3310000000000002,12.001,-0.04865190878385975
0.3310000000000002,12.501,-0.04854666933838113
0.3310000000000002,13.001,-0.04850970974329945
0.3310000000000002,13.501,-0.048531260288512915
0.3310000000000002,14.001,-0.04860332423189616
0.3310000000000002,14.501,-0.0487193256902422
0.3310000000000002,15.001,-0.048873835949653055
0.3310000000000002,15.501,-0.049062359042038026
0.3310000000000002,16.000999999999998,-0.04928116253156918
0.3310000000000002,16.500999999999998,-0.049527143090558584
0.3310000000000002,17.000999999999998,-0.04979771906650741
0.3310000000000002,17.500999999999998,-0.05009074415332357
0.3310000000000002,18.000999999999998,-0.05040443768645127
0.3310000000000002,18.500999999999998,-0.05073732812665429
0.3310000000000002,19.000999999999998,-0.051088207080317645
0.3310000000000002,19.500999999999998,-0.05145609179591347
0.3310000000000002,20.000999999999998,-0.051840194527098135
0.3310000000000002,20.500999999999998,-0.05223989749906138
0.3310000000000002,21.000999999999998,-0.05265473248264427
0.3310000000000002,21.500999999999998,-0.05308436418974234
0.3310000000000002,22.000999999999998,-0.05352857686799602
0.3310000000000002,22.500999999999998,-0.053987263603422445
0.3310000000000002,23.000999999999998,-0.05446041794459748
0.3310000000000002,23.500999999999998,-0.054948127547411504
0.3310000000000002,24.000999999999998,-0.05545056961008653
0.3310000000000002,24.500999999999998,-0.05596800792784109
0.3310000000000002,25.000999999999998,-0.05650079144834395
0.3310000000000002,25.500999999999998,-0.0570493542554763
0.3310000000000002,26.000999999999998,-0.05761421695212502
0.3310000000000002,26.500999999999998,-0.0581959894548013
0.3310000000000002,27.000999999999998,-0.05879537525583528
0.3310000000000002,27.500999999999998,-0.05941317725486636
0.3310000000000002,28.000999999999998,-0.060050305312699975
0.3310000000000002,28.500999999999998,-0.06070778574022456
0.3310000000000002,29.000999999999998,-0.06138677300651069
0.3310000000000002,29.500999999999998,-0.06208856403808986
0.3310000000000002,30.000999999999998,-0.06281461559185275
0.3310000000000002,30.500999999999998,-0.06356656532537595
0.3310000000000002,31.000999999999998,-0.06434625737228468
0.3310000000000002,31.500999999999998,-0.06515577347274354
0.3310000000000002,32.001,-0.06599747103344429
0.3310000000000002,32.501,-0.06687402993109977
0.3310000000000002,33.001,-0.06778851047787235
0.3310000000000002,33.501,-0.06874442581032288
0.3310000000000002,34.001,-0.06974583315822974
0.3310000000000002,34.501,-0.07079745017135725
0.3310000000000002,35.001,-0.07190480500958571
0.3310000000000002,35.501,-0.0730744326877456
0.3310000000000002,36.001,-0.07431413596708215
0.3310000000000002,36.501,-0.07563333819950155
0.3310000000000002,37.001,-0.07704357026446029
0.3310000000000002,37.501,-0.0785591583389464
0.3310000000000002,38.001,-0.08019822187011312
0.3310000000000002,38.501,-0.08198416824669473
0.3310000000000002,39.001,-0.08394801747881406
0.3310000000000002,39.501,-0.08613218718427053
0.3360000000000002,0.001,-1.0863098579027415
0.3360000000000002,0.501,-1.6703828134925174
0.3360000000000002,1.001,-0.6585684960685417
0.3360000000000002,1.501,-0.3734003608668709
0.3360000000000002,2.001,-0.24863639937965393
0.3360000000000002,2.501,-0.1820754264946044
0.3360000000000002,3.001,-0.1422499678994943
0.3360000000000002,3.501,-0.11656796916330059
0.3360000000000002,4.0009999999999994,-0.09911239361556434
0.3360000000000002,4.5009999999999994,-0.08678018015008337
0.3360000000000002,5.0009999999999994,-0.07780815135680814
0.3360000000000002,5.5009999999999994,-0.07113115118996667
0.3360000000000002,6.0009999999999994,-0.0660737859819471
0.3360000000000002,6.5009999999999994,-0.0621906627605327
0.3360000000000002,7.0009999999999994,-0.05917837506642845
0.3360000000000002,7.5009999999999994,-0.05682452228181366
0.3360000000000002,8.001,-0.05497691529948445
0.3360000000000002,8.501,-0.05352430104152252
0.3360000000000002,9.001,-0.052383921680856274
0.3360000000000002,9.501,-0.05149326827914828
0.3360000000000002,10.001,-0.05080448534977255
0.3360000000000002,10.501,-0.050280494790912435
0.3360000000000002,11.001,-0.04989226090936416
0.3360000000000002,11.501,-0.049616828457443966
0.3360000000000002,12.001,-0.04943589408922644
0.3360000000000002,12.501,-0.04933475209615848
0.3360000000000002,13.001,-0.04930150677029468
0.3360000000000002,13.501,-0.04932647735211482
0.3360000000000002,14.001,-0.049401743856558655
0.3360000000000002,14.501,-0.049520797162857635
0.3360000000000002,15.001,-0.04967826710636163
0.3360000000000002,15.501,-0.0498697095120191
0.3360000000000002,16.000999999999998,-0.05009143818386347
0.3360000000000002,16.500999999999998,-0.050340391483972916
0.3360000000000002,17.000999999999998,-0.05061402574450547
0.3360000000000002,17.500999999999998,-0.05091022965858998
0.3360000000000002,18.000999999999998,-0.05122725519579394
0.3360000000000002,18.500999999999998,-0.051563661627766134
0.3360000000000002,19.000999999999998,-0.05191827002889412
0.3360000000000002,19.500999999999998,-0.05229012620566599
0.3360000000000002,20.000999999999998,-0.05267847045705458
0.3360000000000002,20.500999999999998,-0.05308271291276819
0.3360000000000002,21.000999999999998,-0.05350241346294585
0.3360000000000002,21.500999999999998,-0.053937265501109936
0.3360000000000002,22.000999999999998,-0.054387082866215714
0.3360000000000002,22.500999999999998,-0.054851789500162035
0.3360000000000002,23.000999999999998,-0.05533141144222795
0.3360000000000002,23.500999999999998,-0.05582607086775326
0.3360000000000002,24.000999999999998,-0.05633598194981414
0.3360000000000002,24.500999999999998,-0.056861448383448025
0.3360000000000002,25.000999999999998,-0.05740286246528171
0.3360000000000002,25.500999999999998,-0.057960705669827514
0.3360000000000002,26.000999999999998,-0.05853555070959254
0.3360000000000002,26.500999999999998,-0.05912806511168494
0.3360000000000002,27.000999999999998,-0.05973901639106409
0.3360000000000002,27.500999999999998,-0.06036927895238635
0.3360000000000002,28.000999999999998,-0.06101984291137459
0.3360000000000002,28.500999999999998,-0.061691825096238606
0.3360000000000002,29.000999999999998,-0.06238648257428048
0.3360000000000002,29.500999999999998,-0.06310522915420745
0.3360000000000002,30.000999999999998,-0.063849655448636
0.3360000000000002,30.500999999999998,-0.0646215532544809
0.3360000000000002,31.000999999999998,-0.06542294523636183
0.3360000000000002,31.500999999999998,-0.06625612120107209
0.3360000000000002,32.001,-0.06712368266022693
0.3360000000000002,32.501,-0.06802859793845098
0.3360000000000002,33.001,-0.06897427086294411
0.3360000000000002,33.501,-0.06996462716881441
0.3360000000000002,34.001,-0.07100422433068138
0.3360000000000002,34.501,-0.07209839283346364
0.3360000000000002,35.001,-0.07325342032604977
0.3360000000000002,35.501,-0.07447679532706658
0.3360000000000002,36.001,-0.07577753530856139
0.3360000000000002,36.501,-0.07716663707094426
0.3360000000000002,37.001,-0.07865770898917136
0.3360000000000002,37.501,-0.08026788188815849
0.3360000000000002,38.001,-0.08201916180298559
0.3360000000000002,38.501,-0.08394051275404632
0.3360000000000002,39.001,-0.08607120617870603
0.3360000000000002,39.501,-0.08846650434833486
0.3410000000000002,0.001,-1.09744111082022
0.3410000000000002,0.501,-1.6669500793141383
0.3410000000000002,1.001,-0.6572023593935203
0.3410000000000002,1.501,-0.37280943112013243
0.3410000000000002,2.001,-0.2484549502356063
0.3410000000000002,2.501,-0.182146128434595
0.3410000000000002,3.001,-0.1424901490469352
0.3410000000000002,3.501,-0.11692866717032026
0.3410000000000002,4.0009999999999994,-0.09956220075820117
0.3410000000000002,4.5009999999999994,-0.0872977693526153
0.3410000000000002,5.0009999999999994,-0.07837841329090642
0.3410000000000002,5.5009999999999994,-0.07174302708345169
0.3410000000000002,6.0009999999999994,-0.06671897220503753
0.3410000000000002,6.5009999999999994,-0.06286279636362659
0.3410000000000002,7.0009999999999994,-0.05987250012243468
0.3410000000000002,7.5009999999999994,-0.057536727995570094
0.3410000000000002,8.001,-0.05570408336900354
0.3410000000000002,8.501,-0.054263924855475584
0.3410000000000002,9.001,-0.05313397412257346
0.3410000000000002,9.501,-0.05225210325043418
0.3410000000000002,10.001,-0.051570763206705006
0.3410000000000002,10.501,-0.05105312507040722
0.3410000000000002,11.001,-0.05067035777868972
0.3410000000000002,11.501,-0.050399675673925975
0.3410000000000002,12.001,-0.05022291717082823
0.3410000000000002,12.501,-0.05012549603137993
0.3410000000000002,13.001,-0.05009561803486462
0.3410000000000002,13.501,-0.050123689311932076
0.3410000000000002,14.001,-0.05020186486135381
0.3410000000000002,14.501,-0.05032370079954166
0.3410000000000002,15.001,-0.05048388420283547
0.3410000000000002,15.501,-0.05067802157351875
0.3410000000000002,16.000999999999998,-0.0509024720131135
0.3410000000000002,16.500999999999998,-0.05115421478949102
0.3410000000000002,17.000999999999998,-0.051430743582541516
0.3410000000000002,17.500999999999998,-0.051729981586437504
0.3410000000000002,18.000999999999998,-0.05205021303983034
0.3410000000000002,18.500999999999998,-0.052390027790164516
0.3410000000000002,19.000999999999998,-0.052748276273773
0.3410000000000002,19.500999999999998,-0.05312403287941707
0.3410000000000002,20.000999999999998,-0.053516566109436545
0.3410000000000002,20.500999999999998,-0.05392531429566658
0.3410000000000002,21.000999999999998,-0.05434986589291214
0.3410000000000002,21.500999999999998,-0.054789943580323866
0.3410000000000002,22.000999999999998,-0.05524539156468674
0.3410000000000002,22.500999999999998,-0.05571616561013076
0.3410000000000002,23.000999999999998,-0.05620232542413734
0.3410000000000002,23.500999999999998,-0.05670402911618079
0.3410000000000002,24.000999999999998,-0.05722152951771495
0.3410000000000002,24.500999999999998,-0.05775517221438253
0.3410000000000002,25.000999999999998,-0.05830539519645746
0.3410000000000002,25.500999999999998,-0.058872730084381784
0.3410000000000002,26.000999999999998,-0.05945780493530753
0.3410000000000002,26.500999999999998,-0.060061348686235944
0.3410000000000002,27.000999999999998,-0.0606841973421769
0.3410000000000002,27.500999999999998,-0.06132730207655737
0.3410000000000002,28.000999999999998,-0.06199173947925791
0.3410000000000002,28.500999999999998,-0.06267872426933117
0.3410000000000002,29.000999999999998,-0.06338962489010178
0.3410000000000002,29.500999999999998,-0.06412598253121485
0.3410000000000002,30.000999999999998,-0.06488953428517302
0.3410000000000002,30.500999999999998,-0.0656822413587645
0.3410000000000002,31.000999999999998,-0.06650632354195714
0.3410000000000002,31.500999999999998,-0.06736430151630972
0.3410000000000002,32.001,-0.06825904910250413
0.3410000000000002,32.501,-0.06919385826281751
0.3410000000000002,33.001,-0.07017252068067305
0.3410000000000002,33.501,-0.07119943117657626
0.3410000000000002,34.001,-0.07227972030877586
0.3410000000000002,34.501,-0.07341942660282288
0.3410000000000002,35.001,-0.07462572354114123
0.3410000000000002,35.501,-0.0759072237102919
0.3410000000000002,36.001,-0.07727439407448103
0.3410000000000002,36.501,-0.0787401353340654
0.3410000000000002,37.001,-0.08032061058973061
0.3410000000000002,37.501,-0.08203646557165675
0.3410000000000002,38.001,-0.08391468834873249
0.3410000000000002,38.501,-0.08599156327449842
0.3410000000000002,39.001,-0.08831760684351261
0.3410000000000002,39.501,-0.09096635725545696
0.3460000000000002,0.001,-1.1084990465404811
0.3460000000000002,0.501,-1.6636128733448867
0.3460000000000002,1.001,-0.6558928782490694
0.3460000000000002,1.501,-0.3722598061360767
0.3460000000000002,2.001,-0.24830622213043896
0.3460000000000002,2.501,-0.18224392490309277
0.3460000000000002,3.001,-0.14275337926600368
0.3460000000000002,3.501,-0.11730932392932324
0.3460000000000002,4.0009999999999994,-0.10002950331685004
0.3460000000000002,4.5009999999999994,-0.08783082795758543
0.3460000000000002,5.0009999999999994,-0.07896243819368659
0.3460000000000002,5.5009999999999994,-0.0723672018675143
0.3460000000000002,6.0009999999999994,-0.06737518268262181
0.3460000000000002,6.5009999999999994,-0.06354483145034337
0.3460000000000002,7.0009999999999994,-0.06057552826085299
0.3460000000000002,7.5009999999999994,-0.05825694212276658
0.3460000000000002,8.001,-0.056438453081741974
0.3460000000000002,8.501,-0.05501001905901426
0.3460000000000002,9.001,-0.053889831370062535
0.3460000000000002,9.501,-0.053016135166653565
0.3460000000000002,10.001,-0.052341681373429566
0.3460000000000002,10.501,-0.05182988487732015
0.3460000000000002,11.001,-0.05145211475848381
0.3460000000000002,11.501,-0.05118575116968496
0.3460000000000002,12.001,-0.051012771079979265
0.3460000000000002,12.501,-0.05091870498639939
0.3460000000000002,13.001,-0.05089185781165408
0.3460000000000002,13.501,-0.05092272056289718
0.3460000000000002,14.001,-0.051003521490995254
0.3460000000000002,14.501,-0.051127880461804213
0.3460000000000002,15.001,-0.05129054051901538
0.3460000000000002,15.501,-0.05148715775915601
0.3460000000000002,16.000999999999998,-0.05171413567027215
0.3460000000000002,16.500999999999998,-0.05196849367297965
0.3460000000000002,17.000999999999998,-0.0522477621890759
0.3460000000000002,17.500999999999998,-0.05254989844752791
0.3460000000000002,18.000999999999998,-0.05287321862442029
0.3460000000000002,18.500999999999998,-0.053216342943421716
0.3460000000000002,19.000999999999998,-0.053578151135108235
0.3460000000000002,19.500999999999998,-0.05395774623673283
0.3460000000000002,20.000999999999998,-0.05435442515849677
0.3460000000000002,20.500999999999998,-0.054767654783886593
0.3460000000000002,21.000999999999998,-0.05519705263628535
0.3460000000000002,21.500999999999998,-0.05564237135100661
0.3460000000000002,22.000999999999998,-0.056103486355319296
0.3460000000000002,22.500999999999998,-0.05658038628961433
0.3460000000000002,23.000999999999998,-0.05707316580864381
0.3460000000000002,23.500999999999998,-0.05758202048900833
0.3460000000000002,24.000999999999998,-0.05810724364260184
0.3460000000000002,24.500999999999998,-0.058649224899532795
0.3460000000000002,25.000999999999998,-0.05920845048135903
0.3460000000000002,25.500999999999998,-0.05978550513922446
0.3460000000000002,26.000999999999998,-0.060381075784306605
0.3460000000000002,26.500999999999998,-0.06099595689258406
0.3460000000000002,27.000999999999998,-0.061631057825177644
0.3460000000000002,27.500999999999998,-0.06228741227271656
0.3460000000000002,28.000999999999998,-0.06296619011137314
0.3460000000000002,28.500999999999998,-0.06366871205451843
0.3460000000000002,29.000999999999998,-0.06439646760415041
0.3460000000000002,29.500999999999998,-0.06515113695946598
0.3460000000000002,30.000999999999998,-0.06593461773882332
0.3460000000000002,30.500999999999998,-0.06674905763362521
0.3460000000000002,31.000999999999998,-0.06759689446370093
0.3460000000000002,31.500999999999998,-0.06848090558049064
0.3460000000000002,32.001,-0.06940426922111731
0.3460000000000002,32.501,-0.07037064133515755
0.3460000000000002,33.001,-0.07138425271172757
0.3460000000000002,33.501,-0.07245003312291158
0.3460000000000002,34.001,-0.0735737719824624
0.3460000000000002,34.501,-0.07476232920591835
0.3460000000000002,35.001,-0.07602391640549962
0.3460000000000002,35.501,-0.07736847874008443
0.3460000000000002,36.001,-0.07880822431301412
0.3460000000000002,36.501,-0.08035837588248736
0.3460000000000002,37.001,-0.08203826835402925
0.3460000000000002,37.501,-0.08387300451277824
0.3460000000000002,38.001,-0.08589605283454183
0.3460000000000002,38.501,-0.08815352283441119
0.3460000000000002,39.001,-0.09071163309763793
0.3460000000000002,39.501,-0.09367079413767068
0.3510000000000002,0.001,-1.119484722857622
0.3510000000000002,0.501,-1.660368723513749
0.3510000000000002,1.001,-0.654638570612637
0.3510000000000002,1.501,-0.3717503897257433
0.3510000000000002,2.001,-0.248189330795125
0.3510000000000002,2.501,-0.1823680676877512
0.3510000000000002,3.001,-0.14303900603520628
0.3510000000000002,3.501,-0.11770935842752323
0.3510000000000002,4.0009999999999994,-0.10051377610953921
0.3510000000000002,4.5009999999999994,-0.08837887586044912
0.3510000000000002,5.0009999999999994,-0.0795597833451174
0.3510000000000002,5.5009999999999994,-0.07300326452061595
0.3510000000000002,6.0009999999999994,-0.06804203377808593
0.3510000000000002,6.5009999999999994,-0.06423640842608777
0.3510000000000002,7.0009999999999994,-0.06128712129175947
0.3510000000000002,7.5009999999999994,-0.05898484576544136
0.3510000000000002,8.001,-0.05717972311662338
0.3510000000000002,8.501,-0.05576229849922043
0.3510000000000002,9.001,-0.05465122326925387
0.3510000000000002,9.501,-0.053785107892799416
0.3510000000000002,10.001,-0.05311699690601358
0.3510000000000002,10.501,-0.052610543753766364
0.3510000000000002,11.001,-0.05223731327258585
0.3510000000000002,11.501,-0.051974847729377646
0.3510000000000002,12.001,-0.051805259511174276
0.3510000000000002,12.501,-0.051714193173954884
0.3510000000000002,13.001,-0.05169005049121177
0.3510000000000002,13.501,-0.051723405377717635
0.3510000000000002,14.001,-0.0518065576445996
0.3510000000000002,14.501,-0.05193318945567227
0.3510000000000002,15.001,-0.05209809858196683
0.3510000000000002,15.501,-0.05229698966305911
0.3510000000000002,16.000999999999998,-0.052526309693499126
0.3510000000000002,16.500999999999998,-0.05278311752429177
0.3510000000000002,17.000999999999998,-0.053064979744436414
0.3510000000000002,17.500999999999998,-0.053369887183628555
0.3510000000000002,18.000999999999998,-0.05369618765764518
0.3510000000000002,18.500999999999998,-0.05404253160312192
0.3510000000000002,19.000999999999998,-0.05440782801662997
0.3510000000000002,19.500999999999998,-0.05479120869354885
0.3510000000000002,20.000999999999998,-0.05519199920472833
0.3510000000000002,20.500999999999998,-0.055609695389067376
0.3510000000000002,21.000999999999998,-0.05604394440386089
0.3510000000000002,21.500999999999998,-0.05649452958119734
0.3510000000000002,22.000999999999998,-0.056961358501974764
0.3510000000000002,22.500999999999998,-0.057444453829896325
0.3510000000000002,23.000999999999998,-0.0579439465541796
0.3510000000000002,23.500999999999998,-0.058460071377913835
0.3510000000000002,24.000999999999998,-0.05899316406397985
0.3510000000000002,24.500999999999998,-0.0595436606161904
0.3510000000000002,25.000999999999998,-0.06011209823325431
0.3510000000000002,25.500999999999998,-0.060699118030334835
0.3510000000000002,26.000999999999998,-0.061305469580282816
0.3510000000000002,26.500999999999998,-0.06193201738707247
0.3510000000000002,27.000999999999998,-0.06257974947086489
0.3510000000000002,27.500999999999998,-0.06324978832138384
0.3510000000000002,28.000999999999998,-0.06394340456879634
0.3510000000000002,28.500999999999998,-0.06466203383533692
0.3510000000000002,29.000999999999998,-0.06540729737498721
0.3510000000000002,29.500999999999998,-0.06618102729414056
0.3510000000000002,30.000999999999998,-0.06698529738954388
0.3510000000000002,30.500999999999998,-0.06782246096385731
0.3510000000000002,31.000999999999998,-0.06869519741710241
0.3510000000000002,31.500999999999998,-0.06960657001287299
0.3510000000000002,32.001,-0.07056009805432949
0.3510000000000002,32.501,-0.07155984788764613
0.3510000000000002,33.001,-0.07261054885191777
0.3510000000000002,33.501,-0.07371774278744919
0.3510000000000002,34.001,-0.07488797944176297
0.3510000000000002,34.501,-0.07612907581192452
0.3510000000000002,35.001,-0.07745046639660995
0.3510000000000002,35.501,-0.07886368573842086
0.3510000000000002,36.001,-0.08038304862275174
0.3510000000000002,36.501,-0.0820266347251639
0.3510000000000002,37.001,-0.08381775915774159
0.3510000000000002,37.501,-0.0857872518276259
0.3510000000000002,38.001,-0.0879771531005891
0.3510000000000002,38.501,-0.09044704910364773
0.3510000000000002,39.001,-0.09328573014838697
0.3510000000000002,39.501,-0.09663475236163982
0.3560000000000002,0.001,-1.1303991674217646
0.3560000000000002,0.501,-1.6572152576319845
0.3560000000000002,1.001,-0.6534380145785854
0.3560000000000002,1.501,-0.3712801302885538
0.3560000000000002,2.001,-0.24810342800469778
0.3560000000000002,2.501,-0.18251783912976727
0.3560000000000002,3.001,-0.1433464035275801
0.3560000000000002,3.501,-0.11812821347106617
0.3560000000000002,4.0009999999999994,-0.10101451554060964
0.3560000000000002,4.5009999999999994,-0.08894145275611774
0.3560000000000002,5.0009999999999994,-0.08017002436075456
0.3560000000000002,5.5009999999999994,-0.07365082113513402
0.3560000000000002,6.0009999999999994,-0.06871915793369032
0.3560000000000002,6.5009999999999994,-0.06493718288708446
0.3560000000000002,7.0009999999999994,-0.0620069554458509
0.3560000000000002,7.5009999999999994,-0.05972013377193933
0.3560000000000002,8.001,-0.05792760530353279
0.3560000000000002,8.501,-0.05652049064448633
0.3560000000000002,9.001,-0.055417891812866577
0.3560000000000002,9.501,-0.054558777012734205
0.3560000000000002,10.001,-0.05389647819114013
0.3560000000000002,10.501,-0.05339488221817843
0.3560000000000002,11.001,-0.053025745396101796
0.3560000000000002,11.501,-0.05276676848921458
0.3560000000000002,12.001,-0.05260019623284243
0.3560000000000002,12.501,-0.0525117846224987
0.3560000000000002,13.001,-0.052490030038750815
0.3560000000000002,13.501,-0.05252558737806813
0.3560000000000002,14.001,-0.05261082635843124
0.3560000000000002,14.501,-0.05273949002521443
0.3560000000000002,15.001,-0.05290642966953134
0.3560000000000002,15.501,-0.05310739745408785
0.3560000000000002,16.000999999999998,-0.0533388830304881
0.3560000000000002,16.500999999999998,-0.05359798398834024
0.3560000000000002,17.000999999999998,-0.053882302540365405
0.3560000000000002,17.500999999999998,-0.054189862715467066
0.3560000000000002,18.000999999999998,-0.05451904370590224
0.3560000000000002,18.500999999999998,-0.05486852603523841
0.3560000000000002,19.000999999999998,-0.05523724797848005
0.3560000000000002,19.500999999999998,-0.05562437024377228
0.3560000000000002,20.000999999999998,-0.056029247365708815
0.3560000000000002,20.500999999999998,-0.056451404599111035
0.3560000000000002,21.000999999999998,-0.056890519365046986
0.3560000000000002,21.500999999999998,-0.05734640650689428
0.3560000000000002,22.000999999999998,-0.05781900677751081
0.3560000000000002,22.500999999999998,-0.05830837810975646
0.3560000000000002,23.000999999999998,-0.05881468932972582
0.3560000000000002,23.500999999999998,-0.05933821606147458
0.3560000000000002,24.000999999999998,-0.05987933864870745
0.3560000000000002,24.500999999999998,-0.060438541986971295
0.3560000000000002,25.000999999999998,-0.06101641722293713
0.3560000000000002,25.500999999999998,-0.06161366533857901
0.3560000000000002,26.000999999999998,-0.06223110270068448
0.3560000000000002,26.500999999999998,-0.0628696687235339
0.3560000000000002,27.000999999999998,-0.06353043586861783
0.3560000000000002,27.500999999999998,-0.06421462229459952
0.3560000000000002,28.000999999999998,-0.0649236075792897
0.3560000000000002,28.500999999999998,-0.06565895207099892
0.3560000000000002,29.000999999999998,-0.06642242059987005
0.3560000000000002,29.500999999999998,-0.06721601150533409
0.3560000000000002,30.000999999999998,-0.06804199223442
0.3560000000000002,30.500999999999998,-0.06890294316708248
0.3560000000000002,31.000999999999998,-0.06980181187252817
0.3560000000000002,31.500999999999998,-0.07074198075946242
0.3560000000000002,32.001,-0.07172735215118364
0.3560000000000002,32.501,-0.07276245634461304
0.3560000000000002,33.001,-0.07385259043854832
0.3560000000000002,33.501,-0.07500399902388005
0.3560000000000002,34.001,-0.07622411285008336
0.3560000000000002,34.501,-0.07752186939278011
0.3560000000000002,35.001,-0.0789081517295362
0.3560000000000002,35.501,-0.0803964027025517
0.3560000000000002,36.001,-0.08200350646275233
0.3560000000000002,36.501,-0.08375109192028282
0.3560000000000002,37.001,-0.08566752903003347
0.3560000000000002,37.501,-0.08779111851918651
0.3560000000000002,38.001,-0.09017546101312454
0.3560000000000002,38.501,-0.092899108201608
0.3560000000000002,39.001,-0.09608446346771854
0.3560000000000002,39.501,-0.0999394006989566
0.3610000000000002,0.001,-1.1412433790096785
0.3610000000000002,0.501,-1.654150198054582
0.3610000000000002,1.001,-0.6522898451383898
0.3610000000000002,1.501,-0.3708480184204389
0.3610000000000002,2.001,-0.24804769964230233
0.3610000000000002,2.501,-0.18269255048125493
0.3610000000000002,3.001,-0.1436749711745858
0.3610000000000002,3.501,-0.11856535440320065
0.3610000000000002,4.0009999999999994,-0.10153123843905405
0.3610000000000002,4.5009999999999994,-0.08951811707385454
0.3610000000000002,5.0009999999999994,-0.0807927542061086
0.3610000000000002,5.5009999999999994,-0.0743094939983897
0.3610000000000002,6.0009999999999994,-0.06940620280836121
0.3610000000000002,6.5009999999999994,-0.06564682480711742
0.3610000000000002,7.0009999999999994,-0.06273472060381885
0.3610000000000002,7.5009999999999994,-0.0604625140037462
0.3610000000000002,8.001,-0.05868182392329199
0.3610000000000002,8.501,-0.057284334913995816
0.3610000000000002,9.001,-0.05618959049628868
0.3610000000000002,9.501,-0.05533690920880596
0.3610000000000002,10.001,-0.05467990434713713
0.3610000000000002,10.501,-0.054182691185738596
0.3610000000000002,11.001,-0.05381721329347035
0.3610000000000002,11.501,-0.0535613263911109
0.3610000000000002,12.001,-0.05339740455621314
0.3610000000000002,12.501,-0.053311312658575
0.3610000000000002,13.001,-0.05329163948898685
0.3610000000000002,13.501,-0.053329119040956476
0.3610000000000002,14.001,-0.053416189322986175
0.3610000000000002,14.501,-0.053546652879652504
0.3610000000000002,15.001,-0.0537154133468649
0.3610000000000002,15.501,-0.0539182694213011
0.3610000000000002,16.000999999999998,-0.05415175259246451
0.3610000000000002,16.500999999999998,-0.054412998527308916
0.3610000000000002,17.000999999999998,-0.05469964455023285
0.3610000000000002,17.500999999999998,-0.05500974752082581
0.3610000000000002,18.000999999999998,-0.05534171777987015
0.3610000000000002,18.500999999999998,-0.05569426585007313
0.3610000000000002,19.000999999999998,-0.05606635933935016
0.3610000000000002,19.500999999999998,-0.056457188069994176
0.3610000000000002,20.000999999999998,-0.05686613589593101
0.3610000000000002,20.500999999999998,-0.057292758007876345
0.3610000000000002,21.000999999999998,-0.057736762788413505
0.3610000000000002,21.500999999999998,-0.05819799748474324
0.3610000000000002,22.000999999999998,-0.05867643713027
0.3610000000000002,22.500999999999998,-0.05917217627787303
0.3610000000000002,23.000999999999998,-0.05968542321582895
0.3610000000000002,23.500999999999998,-0.06021649642823115
0.3610000000000002,24.000999999999998,-0.060765823140488444
0.3610000000000002,24.500999999999998,-0.061333939861330324
0.3610000000000002,25.000999999999998,-0.06192149489943838
0.3610000000000002,25.500999999999998,-0.06252925289885625
0.3610000000000002,26.000999999999998,-0.06315810150624873
0.3610000000000002,26.500999999999998,-0.06380906035875733
0.3610000000000002,27.000999999999998,-0.06448329266815056
0.3610000000000002,27.500999999999998,-0.06518211978078764
0.3610000000000002,28.000999999999998,-0.0659070392208821
0.3610000000000002,28.500999999999998,-0.06665974688633423
0.3610000000000002,29.000999999999998,-0.06744216427535801
0.3610000000000002,29.500999999999998,-0.06825647189691975
0.3610000000000002,30.000999999999998,-0.06910515038532916
0.3610000000000002,30.500999999999998,-0.06999103133794131
0.3610000000000002,31.000999999999998,-0.07091736058213854
0.3610000000000002,31.500999999999998,-0.07188787753977305
0.3610000000000002,32.001,-0.07290691572616856
0.3610000000000002,32.501,-0.07397953140326104
0.3610000000000002,33.001,-0.07511167033288467
0.3610000000000002,33.501,-0.07631038698781581
0.3610000000000002,34.001,-0.0775841373857512
0.3610000000000002,34.501,-0.07894317749432875
0.3610000000000002,35.001,-0.08040011674690917
0.3610000000000002,35.501,-0.08197070589086965
0.3610000000000002,36.001,-0.08367499045287481
0.3610000000000002,36.501,-0.08553905664931868
0.3610000000000002,37.001,-0.08759778154515907
0.3610000000000002,37.501,-0.08989938120276895
0.3610000000000002,38.001,-0.09251340422686183
0.3610000000000002,38.501,-0.09554592746783118
0.3610000000000002,39.001,-0.09917165869219484
0.3610000000000002,39.501,-0.10371281688474064
0.3660000000000002,0.001,-1.1520183287249877
0.3660000000000002,0.501,-1.6511713566963158
0.3660000000000002,1.001,-0.6511927511750417
0.3660000000000002,1.501,-0.3704530846812718
0.3660000000000002,2.001,-0.24802136389232232
0.3660000000000002,2.501,-0.1828915403722366
0.3660000000000002,3.001,-0.1440241323259211
0.3660000000000002,3.501,-0.11902026790812334
0.3660000000000002,4.0009999999999994,-0.10206348097455034
0.3660000000000002,4.5009999999999994,-0.09010844498345619
0.3660000000000002,5.0009999999999994,-0.0814275822770142
0.3660000000000002,5.5009999999999994,-0.07497892073523427
0.3660000000000002,6.0009999999999994,-0.0701028304732555
0.3660000000000002,6.5009999999999994,-0.066365017778762
0.3660000000000002,7.0009999999999994,-0.06347011957735496
0.3660000000000002,7.5009999999999994,-0.061211706651417994
0.3660000000000002,8.001,-0.05944211505448256
0.3660000000000002,8.501,-0.05805358205202929
0.3660000000000002,9.001,-0.056966083716465804
0.3660000000000002,9.501,-0.05611928168281369
0.3660000000000002,10.001,-0.055467064664866124
0.3660000000000002,10.501,-0.054973771427298215
0.3660000000000002,11.001,-0.05461152869376648
0.3660000000000002,11.501,-0.054358343672920376
0.3660000000000002,12.001,-0.05419671683921369
0.3660000000000002,12.501,-0.05411261942326423
0.3660000000000002,13.001,-0.05409473047414505
0.3660000000000002,13.501,-0.054133861237443404
0.3660000000000002,14.001,-0.05422251643168686
0.3660000000000002,14.501,-0.054354556751385785
0.3660000000000002,15.001,-0.05452493703325929
0.3660000000000002,15.501,-0.05472950154913057
0.3660000000000002,16.000999999999998,-0.05496482283735832
0.3660000000000002,16.500999999999998,-0.05522807401157223
0.3660000000000002,17.000999999999998,-0.05551692702753207
0.3660000000000002,17.500999999999998,-0.05582947124055125
0.3660000000000002,18.000999999999998,-0.05616414794806772
0.3660000000000002,18.500999999999998,-0.05651969762352033
0.3660000000000002,19.000999999999998,-0.05689511730573604
0.3660000000000002,19.500999999999998,-0.05728962618117082
0.3660000000000002,20.000999999999998,-0.057702637833524736
0.3660000000000002,20.500999999999998,-0.058133737971771
0.3660000000000002,21.000999999999998,-0.05858266670923429
0.3660000000000002,21.500999999999998,-0.059049304671939265
0.3660000000000002,22.000999999999998,-0.059533662378135274
0.3660000000000002,22.500999999999998,-0.06003587246333039
0.3660000000000002,23.000999999999998,-0.060556184434484836
0.3660000000000002,23.500999999999998,-0.06109496172967858
0.3660000000000002,24.000999999999998,-0.0616526809407329
0.3660000000000002,24.500999999999998,-0.06222993313039256
0.3660000000000002,25.000999999999998,-0.06282742724667338
0.3660000000000002,25.500999999999998,-0.06344599570869794
0.3660000000000002,26.000999999999998,-0.0640866023147161
0.3660000000000002,26.500999999999998,-0.0647503527085257
0.3660000000000002,27.000999999999998,-0.06543850774049934
0.3660000000000002,27.500999999999998,-0.06615250018066623
0.3660000000000002,28.000999999999998,-0.06689395539271209
0.3660000000000002,28.500999999999998,-0.06766471677143132
0.3660000000000002,29.000999999999998,-0.06846687699892433
0.3660000000000002,29.500999999999998,-0.06930281651053005
0.3660000000000002,30.000999999999998,-0.07017525101452797
0.3660000000000002,30.500999999999998,-0.07108729053066576
0.3660000000000002,31.000999999999998,-0.07204251327715203
0.3660000000000002,31.500999999999998,-0.0730450589591342
0.3660000000000002,32.001,-0.0740997477727668
0.3660000000000002,32.501,-0.0752122340217507
0.3660000000000002,33.001,-0.07638920710904512
0.3660000000000002,33.501,-0.07763865858465231
0.3660000000000002,34.001,-0.07897024322153844
0.3660000000000002,34.501,-0.08039577709760937
0.3660000000000002,35.001,-0.0819299406907106
0.3660000000000002,35.501,-0.08359129831382175
0.3660000000000002,36.001,-0.08540382348654663
0.3660000000000002,36.501,-0.08739926858432279
0.3660000000000002,37.001,-0.08962101741268885
0.3660000000000002,37.501,-0.09213071211315352
0.3660000000000002,38.001,-0.09502050223111212
0.3660000000000002,38.501,-0.09843794841041302
0.3660000000000002,39.001,-0.10264386797139492
0.3660000000000002,39.501,-0.10817691199741772
0.3710000000000002,0.001,-1.1627249611327843
0.3710000000000002,0.501,-1.6482766303743428
0.3710000000000002,1.001,-0.6501454726546795
0.3710000000000002,1.501,-0.3700943975089836
0.3710000000000002,2.001,-0.24802366955234367
0.3710000000000002,2.501,-0.18311417337855435
0.3710000000000002,3.001,-0.14439333299762855
0.3710000000000002,3.501,-0.11949246089369436
0.3710000000000002,4.0009999999999994,-0.10261079764502136
0.3710000000000002,4.5009999999999994,-0.09071202946704943
0.3710000000000002,5.0009999999999994,-0.08207413354075063
0.3710000000000002,5.5009999999999994,-0.07565875350729996
0.3710000000000002,6.0009999999999994,-0.07080871666049829
0.3710000000000002,6.5009999999999994,-0.06709145830477387
0.3710000000000002,7.0009999999999994,-0.06421286743766705
0.3710000000000002,7.5009999999999994,-0.061967443595695726
0.3710000000000002,8.001,-0.06020822596337336
0.3710000000000002,8.501,-0.05882799354352179
0.3710000000000002,9.001,-0.05774714621036127
0.3710000000000002,9.501,-0.056905681615039894
0.3710000000000002,10.001,-0.05625775808529039
0.3710000000000002,10.501,-0.05576793306371937
0.3710000000000002,11.001,-0.05540851240027221
0.3710000000000002,11.501,-0.05515765139188997
0.3710000000000002,12.001,-0.054997974022618724
0.3710000000000002,12.501,-0.0549155554199903
0.3710000000000002,13.001,-0.054899162782519606
0.3710000000000002,13.501,-0.054939682801163583
0.3710000000000002,14.001,-0.0550296853586834
0.3710000000000002,14.501,-0.055163087982499734
0.3710000000000002,15.001,-0.055334895596874135
0.3710000000000002,15.501,-0.05554099711994559
0.3710000000000002,16.000999999999998,-0.05577800537990353
0.3710000000000002,16.500999999999998,-0.05604313033711292
0.3710000000000002,17.000999999999998,-0.056334078130507226
0.3710000000000002,17.500999999999998,-0.05664897031036717
0.3710000000000002,18.000999999999998,-0.056986278975943314
0.3710000000000002,18.500999999999998,-0.057344774543636345
0.3710000000000002,19.000999999999998,-0.05772348362633249
0.3710000000000002,19.500999999999998,-0.058121655075341505
0.3710000000000002,20.000999999999998,-0.05853873267198267
0.3710000000000002,20.500999999999998,-0.05897433329139068
0.3710000000000002,21.000999999999998,-0.05942822962223118
0.3710000000000002,21.500999999999998,-0.05990033673159362
0.3710000000000002,22.000999999999998,-0.060390701928473484
0.3710000000000002,22.500999999999998,-0.06089949751262538
0.3710000000000002,23.000999999999998,-0.061427016106379455
0.3710000000000002,23.500999999999998,-0.06197366836178774
0.3710000000000002,24.000999999999998,-0.06253998291953933
0.3710000000000002,24.500999999999998,-0.06312660857405128
0.3710000000000002,25.000999999999998,-0.06373431867524003
0.3710000000000002,25.500999999999998,-0.06436401787589832
0.3710000000000002,26.000999999999998,-0.0650167514188169
0.3710000000000002,26.500999999999998,-0.06569371725501287
0.3710000000000002,27.000999999999998,-0.06639628140002177
0.3710000000000002,27.500999999999998,-0.06712599707739858
0.3710000000000002,28.000999999999998,-0.06788462837838052
0.3710000000000002,28.500999999999998,-0.06867417939921447
0.3710000000000002,29.000999999999998,-0.06949693012423253
0.3710000000000002,29.500999999999998,-0.07035548073390832
0.3710000000000002,30.000999999999998,-0.07125280657738713
0.3710000000000002,30.500999999999998,-0.07219232682456175
0.3710000000000002,31.000999999999998,-0.07317799090382984
0.3710000000000002,31.500999999999998,-0.07421438839272854
0.3710000000000002,32.001,-0.07530689030310021
0.3710000000000002,32.501,-0.07646183308245404
0.3710000000000002,33.001,-0.07768676178683281
0.3710000000000002,33.501,-0.07899075686883127
0.3710000000000002,34.001,-0.08038488179780476
0.3710000000000002,34.501,-0.0818828097933391
0.3710000000000002,35.001,-0.0835017239353793
0.3710000000000002,35.501,-0.08526364893873167
0.3710000000000002,36.001,-0.08719749237275222
0.3710000000000002,36.501,-0.08934230916041894
0.3710000000000002,37.001,-0.09175280273576751
0.3710000000000002,37.501,-0.0945092276854676
0.3710000000000002,38.001,-0.09773681971243908
0.3710000000000002,38.501,-0.1016486945323639
0.3710000000000002,39.001,-0.10665853186411456
0.3710000000000002,39.501,-0.11377622198576373
0.3760000000000002,0.001,-1.1733641953330287
0.3760000000000002,0.501,-1.645463996451885
0.3760000000000002,1.001,-0.649146798000057
0.3760000000000002,1.501,-0.36977106126891757
0.3760000000000002,2.001,-0.24805389445467285
0.3760000000000002,2.501,-0.1833598386828051
0.3760000000000002,3.001,-0.1447820407015981
0.3760000000000002,3.501,-0.11998145944684796
0.3760000000000002,4.0009999999999994,-0.10317276033011227
0.3760000000000002,4.5009999999999994,-0.09132847945136569
0.3760000000000002,5.0009999999999994,-0.08273204773314613
0.3760000000000002,5.5009999999999994,-0.07634865826446507
0.3760000000000002,6.0009999999999994,-0.07152355006092001
0.3760000000000002,6.5009999999999994,-0.06782585513569092
0.3760000000000002,7.0009999999999994,-0.06496269088777906
0.3760000000000002,7.5009999999999994,-0.06272946781024955
0.3760000000000002,8.001,-0.06097991453357085
0.3760000000000002,8.501,-0.059607341067621764
0.3760000000000002,9.001,-0.058532562529880525
0.3760000000000002,9.501,-0.057695905658337265
0.3760000000000002,10.001,-0.05705179271083205
0.3760000000000002,10.501,-0.05656499509285093
0.3760000000000002,11.001,-0.05620799383162858
0.3760000000000002,11.501,-0.05595908897872161
0.3760000000000002,12.001,-0.05580102519592112
0.3760000000000002,12.501,-0.055719979091235786
0.3760000000000002,13.001,-0.05570480394519542
0.3760000000000002,13.501,-0.05574646012432851
0.3760000000000002,14.001,-0.05583758116351446
0.3760000000000002,14.501,-0.05597214013756479
0.3760000000000002,15.001,-0.05614519097523905
0.3760000000000002,15.501,-0.05635266634191873
0.3760000000000002,16.000999999999998,-0.0565912186266123
0.3760000000000002,16.500999999999998,-0.05685809406744792
0.3760000000000002,17.000999999999998,-0.057151032570951416
0.3760000000000002,17.500999999999998,-0.057468187616578376
0.3760000000000002,18.000999999999998,-0.057808061988620485
0.3760000000000002,18.500999999999998,-0.05816945608068623
0.3760000000000002,19.000999999999998,-0.05855142626977462
0.3760000000000002,19.500999999999998,-0.05895325142562683
0.3760000000000002,20.000999999999998,-0.0593744060551732
0.3760000000000002,20.500999999999998,-0.05981453891654473
0.3760000000000002,21.000999999999998,-0.06027345619789414
0.3760000000000002,21.500999999999998,-0.06075110856200469
0.3760000000000002,22.000999999999998,-0.06124758152246387
0.3760000000000002,22.500999999999998,-0.06176308875174665
0.3760000000000002,23.000999999999998,-0.062297968034151587
0.3760000000000002,23.500999999999998,-0.0628526796738461
0.3760000000000002,24.000999999999998,-0.06342780725574963
0.3760000000000002,24.500999999999998,-0.06402406073949733
0.3760000000000002,25.000999999999998,-0.06464228194882347
0.3760000000000002,25.500999999999998,-0.06528345260503379
0.3760000000000002,26.000999999999998,-0.06594870514893425
0.3760000000000002,26.500999999999998,-0.06663933670673712
0.3760000000000002,27.000999999999998,-0.06735682668973159
0.3760000000000002,27.500999999999998,-0.06810285868492588
0.3760000000000002,28.000999999999998,-0.06887934750809588
0.3760000000000002,28.500999999999998,-0.06968847257069707
0.3760000000000002,29.000999999999998,-0.07053271908494858
0.3760000000000002,29.500999999999998,-0.07141492913624581
0.3760000000000002,30.000999999999998,-0.07233836534672815
0.3760000000000002,30.500999999999998,-0.07330679082521152
0.3760000000000002,31.000999999999998,-0.074324570479914
0.3760000000000002,31.500999999999998,-0.0753968007695378
0.3760000000000002,32.001,-0.07652947791790116
0.3760000000000002,32.501,-0.07772971906197511
0.3760000000000002,33.001,-0.07900605765883943
0.3760000000000002,33.501,-0.08036884533134346
0.3760000000000002,34.001,-0.0818308100315809
0.3760000000000002,34.501,-0.0834078502486352
0.3760000000000002,35.001,-0.0851201973065783
0.3760000000000002,35.501,-0.08699417374264777
0.3760000000000002,36.001,-0.08906496134168992
0.3760000000000002,36.501,-0.09138117519324683
0.3760000000000002,37.001,-0.0940128945674038
0.3760000000000002,37.501,-0.09706690904303725
0.3760000000000002,38.001,-0.10071886786556963
0.3760000000000002,38.501,-0.10529205709193473
0.3760000000000002,39.001,-0.11150220727213514
0.3760000000000002,39.501,-0.1216698195691299
0.3810000000000002,0.001,-1.183936925976862
0.3810000000000002,0.501,-1.6427315087598897
0.3810000000000002,1.001,-0.6481955616318615
0.3810000000000002,1.501,-0.3694822144279715
0.3810000000000002,2.001,-0.2481113439889463
0.3810000000000002,2.501,-0.18362794882112204
0.3810000000000002,3.001,-0.14518974335016693
0.3810000000000002,3.501,-0.12048680785607949
0.3810000000000002,4.0009999999999994,-0.10374895740549375
0.3810000000000002,4.5009999999999994,-0.09195741899580184
0.3810000000000002,5.0009999999999994,-0.08340097860733564
0.3810000000000002,5.5009999999999994,-0.07704831404449106
0.3810000000000002,6.0009999999999994,-0.07224703166698872
0.3810000000000002,6.5009999999999994,-0.06856792865006672
0.3810000000000002,7.0009999999999994,-0.0657193276752116
0.3810000000000002,7.5009999999999994,-0.06349753280282189
0.3810000000000002,8.001,-0.06175694873230031
0.3810000000000002,8.501,-0.06039140598630513
0.3810000000000002,9.001,-0.05932212655041959
0.3810000000000002,9.501,-0.05848975946456107
0.3810000000000002,10.001,-0.05784898534790198
0.3810000000000002,10.501,-0.057364784946607475
0.3810000000000002,11.001,-0.05700981059211376
0.3810000000000002,11.501,-0.056762503819876464
0.3810000000000002,12.001,-0.056605727190631436
0.3810000000000002,12.501,-0.056525756421939015
0.3810000000000002,13.001,-0.05651152884876748
0.3810000000000002,13.501,-0.05655407677910265
0.3810000000000002,14.001,-0.056646095920578995
0.3810000000000002,14.501,-0.05678161364072187
0.3810000000000002,15.001,-0.05695573181957643
0.3810000000000002,15.501,-0.05716442600029015
0.3810000000000002,16.000999999999998,-0.05740438743377477
0.3810000000000002,16.500999999999998,-0.057672898098237446
0.3810000000000002,17.000999999999998,-0.05796773128540572
0.3810000000000002,17.500999999999998,-0.05828707217393009
0.3810000000000002,18.000999999999998,-0.058629454155599905
0.3810000000000002,18.500999999999998,-0.058993707678997545
0.3810000000000002,19.000999999999998,-0.059378919124099296
0.3810000000000002,19.500999999999998,-0.05978439778792177
0.3810000000000002,20.000999999999998,-0.06020964949409495
0.3810000000000002,20.500999999999998,-0.060654355673153665
0.3810000000000002,21.000999999999998,-0.061118357020919487
0.3810000000000002,21.500999999999998,-0.06160164104842012
0.3810000000000002,22.000999999999998,-0.06210433300246841
0.3810000000000002,22.500999999999998,-0.06262668977206
0.3810000000000002,23.000999999999998,-0.06316909651051567
0.3810000000000002,23.500999999999998,-0.06373206580358382
0.3810000000000002,24.000999999999998,-0.0643162393052118
0.3810000000000002,24.500999999999998,-0.0649223918505489
0.3810000000000002,25.000999999999998,-0.06555143814489614
0.3810000000000002,25.500999999999998,-0.0662044422230016
0.3810000000000002,26.000999999999998,-0.06688262998120725
0.3810000000000002,26.500999999999998,-0.06758740521271524
0.3810000000000002,27.000999999999998,-0.0683203697328741
0.3810000000000002,27.500999999999998,-0.06908334837922372
0.3810000000000002,28.000999999999998,-0.06987841992705462
0.3810000000000002,28.500999999999998,-0.0707079552993446
0.3810000000000002,29.000999999999998,-0.07157466490453179
0.3810000000000002,29.500999999999998,-0.07248165755707746
0.3810000000000002,30.000999999999998,-0.07343251429942167
0.3810000000000002,30.500999999999998,-0.07443138166414898
0.3810000000000002,31.000999999999998,-0.07548309066954412
0.3810000000000002,31.500999999999998,-0.07659331041159459
0.3810000000000002,32.001,-0.0777687489575939
0.3810000000000002,32.501,-0.07901742012119288
0.3810000000000002,33.001,-0.08034900390946279
0.3810000000000002,33.501,-0.08177534328659265
0.3810000000000002,34.001,-0.08331114463349756
0.3810000000000002,34.501,-0.08497499201139866
0.3810000000000002,35.001,-0.08679086236564808
0.3810000000000002,35.501,-0.08879047480683266
0.3810000000000002,36.001,-0.0910171009320426
0.3810000000000002,36.501,-0.0935320993136409
0.3810000000000002,37.001,-0.09642694657026155
0.3810000000000002,37.501,-0.09984756857545118
0.3810000000000002,38.001,-0.10405042586518999
0.3810000000000002,38.501,-0.1095601390793044
0.3810000000000002,39.001,-0.11779886753984961
0.3810000000000002,39.501,-0.13832216336903033
0.38600000000000023,0.001,-1.19444402422953
0.38600000000000023,0.501,-1.64007729377545
0.38600000000000023,1.001,-0.647290641665088
0.38600000000000023,1.501,-0.3692270278440536
0.38600000000000023,2.001,-0.2481953497181429
0.38600000000000023,2.501,-0.18391793850925153
0.38600000000000023,3.001,-0.14561594823009177
0.38600000000000023,3.501,-0.12100806769588572
0.38600000000000023,4.0009999999999994,-0.10433899291333762
0.38600000000000023,4.5009999999999994,-0.0925984865320173
0.38600000000000023,5.0009999999999994,-0.08408059323021691
0.38600000000000023,5.5009999999999994,-0.07775741231714536
0.38600000000000023,6.0009999999999994,-0.07297887415749069
0.38600000000000023,6.5009999999999994,-0.06931741027406942
0.38600000000000023,7.0009999999999994,-0.06648252604195223
0.38600000000000023,7.5009999999999994,-0.06427140209182956
0.38600000000000023,8.001,-0.06253910611051183
0.38600000000000023,8.501,-0.0611799788653527
0.38600000000000023,9.001,-0.06011564101046669
0.38600000000000023,9.501,-0.05928705724085759
0.38600000000000023,10.001,-0.058649161078209944
0.38600000000000023,10.501,-0.05816713807584781
0.38600000000000023,11.001,-0.057813808068828416
0.38600000000000023,11.501,-0.057567750865960624
0.38600000000000023,12.001,-0.05741194419890845
0.38600000000000023,12.501,-0.057332760567544674
0.38600000000000023,13.001,-0.05731921937209207
0.38600000000000023,13.501,-0.05736242316244263
0.38600000000000023,14.001,-0.057455128371542125
0.38600000000000023,14.501,-0.05759141543524116
0.38600000000000023,15.001,-0.057766433161171755
0.38600000000000023,15.501,-0.057976199130299055
0.38600000000000023,16.000999999999998,-0.058217442786782495
0.38600000000000023,16.500999999999998,-0.05848748134293119
0.38600000000000023,17.000999999999998,-0.05878412112713964
0.38600000000000023,17.500999999999998,-0.05910557882404072
0.38600000000000023,18.000999999999998,-0.05945041839587519
0.38600000000000023,18.500999999999998,-0.05981750046911696
0.38600000000000023,19.000999999999998,-0.060205941716450516
0.38600000000000023,19.500999999999998,-0.06061508232883898
0.38600000000000023,20.000999999999998,-0.06104446010396513
0.38600000000000023,20.500999999999998,-0.06149379001065668
0.38600000000000023,21.000999999999998,-0.06196294834944445
0.38600000000000023,21.500999999999998,-0.06245196083602995
0.38600000000000023,22.000999999999998,-0.06296099410124112
0.38600000000000023,22.500999999999998,-0.06349035023888205
0.38600000000000023,23.000999999999998,-0.06404046415022766
0.38600000000000023,23.500999999999998,-0.06461190353770911
0.38600000000000023,24.000999999999998,-0.06520537149656645
0.38600000000000023,24.500999999999998,-0.06582171174735002
0.38600000000000023,25.000999999999998,-0.06646191664963233
0.38600000000000023,25.500999999999998,-0.06712713824399077
0.38600000000000023,26.000999999999998,-0.06781870269217445
0.38600000000000023,26.500999999999998,-0.06853812863291284
0.38600000000000023,27.000999999999998,-0.0692871501542846
0.38600000000000023,27.500999999999998,-0.0700677453181264
0.38600000000000023,28.000999999999998,-0.07088217147880171
0.38600000000000023,28.500999999999998,-0.07173300904793906
0.38600000000000023,29.000999999999998,-0.0726232159124174
0.38600000000000023,29.500999999999998,-0.07355619547994946
0.38600000000000023,30.000999999999998,-0.07453588240331036
0.38600000000000023,30.500999999999998,-0.07556685157180511
0.38600000000000023,31.000999999999998,-0.07665445819464861
0.38600000000000023,31.500999999999998,-0.07780502011785449
0.38600000000000023,32.001,-0.07902605854426968
0.38600000000000023,32.501,-0.08032662113400073
0.38600000000000023,33.001,-0.08171772391767367
0.38600000000000023,33.501,-0.08321296894010323
0.38600000000000023,34.001,-0.08482942943955751
0.38600000000000023,34.501,-0.08658895622642596
0.38600000000000023,35.001,-0.08852017389897199
0.38600000000000023,35.501,-0.09066166153518768
0.38600000000000023,36.001,-0.09306728787650553
0.38600000000000023,36.501,-0.09581575843063052
0.38600000000000023,37.001,-0.0990292006177026
0.38600000000000023,37.501,-0.10291374475506558
0.38600000000000023,38.001,-0.1078643216257362
0.38600000000000023,38.501,-0.11482148744730777
0.38600000000000023,39.001,-0.12750317976614334
0.38600000000000023,39.501,-0.11234683297065919
0.39100000000000024,0.001,-1.2048863386834074
0.39100000000000024,0.501,-1.637499547037827
0.39100000000000024,1.001,-0.646430957748861
0.39100000000000024,1.501,-0.3690047031621789
0.39100000000000024,2.001,-0.24830526808096737
0.39100000000000024,2.501,-0.18422926354196964
0.39100000000000024,3.001,-0.14606018104067686
0.39100000000000024,3.501,-0.12154481696849888
0.39100000000000024,4.0009999999999994,-0.10494248578473866
0.39100000000000024,4.5009999999999994,-0.09325133415117598
0.39100000000000024,5.0009999999999994,-0.0847705713230173
0.39100000000000024,5.5009999999999994,-0.07847565636945403
0.39100000000000024,6.0009999999999994,-0.07371880132079475
0.39100000000000024,6.5009999999999994,-0.07007404193747614
0.39100000000000024,7.0009999999999994,-0.06725204420890127
0.39100000000000024,7.5009999999999994,-0.06505084871573884
0.39100000000000024,8.001,-0.06332617333425683
0.39100000000000024,8.501,-0.061972859025245464
0.39100000000000024,9.001,-0.06091291707990387
0.39100000000000024,9.501,-0.06008762133355938
0.39100000000000024,10.001,-0.05945215285667782
0.39100000000000024,10.501,-0.05897189756095009
0.39100000000000024,11.001,-0.05861983905374939
0.39100000000000024,11.501,-0.058374692264233155
0.39100000000000024,12.001,-0.05821954741562815
0.39100000000000024,12.501,-0.05814087150485696
0.39100000000000024,13.001,-0.058127764045267497
0.39100000000000024,13.501,-0.05817139616264426
0.39100000000000024,14.001,-0.058264583598988826
0.39100000000000024,14.501,-0.05840145866389571
0.39100000000000024,15.001,-0.05857721609817709
0.39100000000000024,15.501,-0.05878791471020567
0.39100000000000024,16.000999999999998,-0.05903032149925025
0.39100000000000024,16.500999999999998,-0.0593017884379463
0.39100000000000024,17.000999999999998,-0.059600154577443575
0.39100000000000024,17.500999999999998,-0.05992366795296962
0.39100000000000024,18.000999999999998,-0.06027092310205215
0.39100000000000024,18.500999999999998,-0.06064081099888879
0.39100000000000024,19.000999999999998,-0.06103247895168393
0.39100000000000024,19.500999999999998,-0.06144529857259194
0.39100000000000024,20.000999999999998,-0.06187884036036697
0.39100000000000024,20.500999999999998,-0.06233285376869499
0.39100000000000024,21.000999999999998,-0.06280725189389362
0.39100000000000024,21.500999999999998,-0.06330210012305262
0.39100000000000024,22.000999999999998,-0.06381760825191327
0.39100000000000024,22.500999999999998,-0.06435412572176508
0.39100000000000024,23.000999999999998,-0.06491213974503089
0.39100000000000024,23.500999999999998,-0.06549227619713756
0.39100000000000024,24.000999999999998,-0.06609530325403551
0.39100000000000024,24.500999999999998,-0.06672213785620024
0.39100000000000024,25.000999999999998,-0.06737385518718911
0.39100000000000024,25.500999999999998,-0.06805170147458206
0.39100000000000024,26.000999999999998,-0.06875711056144071
0.39100000000000024,26.500999999999998,-0.06949172486759918
0.39100000000000024,27.000999999999998,-0.07025742157576352
0.39100000000000024,27.500999999999998,-0.0710563451563588
0.39100000000000024,28.000999999999998,-0.07189094771379632
0.39100000000000024,28.500999999999998,-0.07276403913357077
0.39100000000000024,29.000999999999998,-0.07367884969048878
0.39100000000000024,29.500999999999998,-0.07463910872757856
0.39100000000000024,30.000999999999998,-0.07564914436140566
0.39100000000000024,30.500999999999998,-0.0767140111131577
0.39100000000000024,31.000999999999998,-0.07783965522548783
0.39100000000000024,31.500999999999998,-0.07903313172454687
0.39100000000000024,32.001,-0.08030289389965271
0.39100000000000024,32.501,-0.08165918631071696
0.39100000000000024,33.001,-0.08311458939405889
0.39100000000000024,33.501,-0.08468479222480169
0.39100000000000024,34.001,-0.08638971970015269
0.39100000000000024,34.501,-0.08825523106790104
0.39100000000000024,35.001,-0.0903157809648254
0.39100000000000024,35.501,-0.09261879072201436
0.39100000000000024,36.001,-0.09523226595498792
0.39100000000000024,36.501,-0.09825911678652918
0.39100000000000024,37.001,-0.10186694998010425
0.39100000000000024,37.501,-0.10635962864045533
0.39100000000000024,38.001,-0.11239233896776259
0.39100000000000024,38.501,-0.1219592381085197
0.39100000000000024,39.001,-0.13186199465107434
0.39100000000000024,39.501,-0.09963591362935242
0.39600000000000024,0.001,-1.2152646962243037
0.39600000000000024,0.501,-1.6349965297844427
0.39600000000000024,1.001,-0.6456154690390479
0.39600000000000024,1.501,-0.36881447130928785
0.39600000000000024,2.001,-0.24844047917419598
0.39600000000000024,2.501,-0.18456139976038005
0.39600000000000024,3.001,-0.14652198499127872
0.39600000000000024,3.501,-0.12209664929864544
0.39600000000000024,4.0009999999999994,-0.1055590691102168
0.39600000000000024,4.5009999999999994,-0.09391562693528466
0.39600000000000024,5.0009999999999994,-0.08547060464267398
0.39600000000000024,5.5009999999999994,-0.07920276072901797
0.39600000000000024,6.0009999999999994,-0.07446654751383153
0.39600000000000024,6.5009999999999994,-0.07083757556334166
0.39600000000000024,7.0009999999999994,-0.0680276498922106
0.39600000000000024,7.5009999999999994,-0.06583565477277037
0.39600000000000024,8.001,-0.06411794574499444
0.39600000000000024,8.501,-0.06276985411974148
0.39600000000000024,9.001,-0.06171377395486512
0.39600000000000024,9.501,-0.06089128183761584
0.39600000000000024,10.001,-0.060257801133976246
0.39600000000000024,10.501,-0.05977891374617305
0.39600000000000024,11.001,-0.059427763388807904
0.39600000000000024,11.501,-0.05918319701343935
0.39600000000000024,12.001,-0.05902841470214481
0.39600000000000024,12.501,-0.05894997570401697
0.39600000000000024,13.001,-0.05893705772921527
0.39600000000000024,13.501,-0.05898089884601959
0.39600000000000024,14.001,-0.0590743727197665
0.39600000000000024,14.501,-0.05921166236864089
0.39600000000000024,15.001,-0.059388007501372686
0.39600000000000024,15.501,-0.05959950737296925
0.39600000000000024,16.000999999999998,-0.059842965930519285
0.39600000000000024,16.500999999999998,-0.06011576946600179
0.39600000000000024,17.000999999999998,-0.060415789474894704
0.39600000000000024,17.500999999999998,-0.060741305226612745
0.39600000000000024,18.000999999999998,-0.06109094188219186
0.39600000000000024,18.500999999999998,-0.061463620982206514
0.39600000000000024,19.000999999999998,-0.061858520868647945
0.39600000000000024,19.500999999999998,-0.06227504516563074
0.39600000000000024,20.000999999999998,-0.06271279787330367
0.39600000000000024,20.500999999999998,-0.06317156396195239
0.39600000000000024,21.000999999999998,-0.06365129461436024
0.39600000000000024,21.500999999999998,-0.06415209647290054
0.39600000000000024,22.000999999999998,-0.06467422441780842
0.39600000000000024,22.500999999999998,-0.06521807754563365
0.39600000000000024,23.000999999999998,-0.06578419814084395
0.39600000000000024,23.500999999999998,-0.06637327354633857
0.39600000000000024,24.000999999999998,-0.06698614094686907
0.39600000000000024,24.500999999999998,-0.06762379518946797
0.39600000000000024,25.000999999999998,-0.06828739988373501
0.39600000000000024,25.500999999999998,-0.06897830215997236
0.39600000000000024,26.000999999999998,-0.06969805162423523
0.39600000000000024,26.500999999999998,-0.07044842424874195
0.39600000000000024,27.000999999999998,-0.07123145219047791
0.39600000000000024,27.500999999999998,-0.07204946086354842
0.39600000000000024,28.000999999999998,-0.07290511503510327
0.39600000000000024,28.500999999999998,-0.0738014763189972
0.39600000000000024,29.000999999999998,-0.07474207527782112
0.39600000000000024,29.500999999999998,-0.07573100252177636
0.39600000000000024,30.000999999999998,-0.07677302488102425
0.39600000000000024,30.500999999999998,-0.07787373519343953
0.39600000000000024,31.000999999999998,-0.07903974792365426
0.39600000000000024,31.500999999999998,-0.0802789584276239
0.39600000000000024,32.001,-0.08160089242113129
0.39600000000000024,32.501,-0.08301718625266971
0.39600000000000024,33.001,-0.08454226185111371
0.39600000000000024,33.501,-0.08619430019483698
0.39600000000000024,34.001,-0.0879966887506749
0.39600000000000024,34.501,-0.08998025301224588
0.39600000000000024,35.001,-0.09218685082666617
0.39600000000000024,35.501,-0.09467548310075033
0.39600000000000024,36.001,-0.09753341896077442
0.39600000000000024,36.501,-0.10089835705732413
0.39600000000000024,37.001,-0.10500841416659161
0.39600000000000024,37.501,-0.11033787719275641
0.39600000000000024,38.001,-0.11810432294120098
0.39600000000000024,38.501,-0.13456336665950974
0.39600000000000024,39.001,-0.10746304532446249
0.39600000000000024,39.501,-0.09185038978433396
0.40100000000000025,0.001,-1.2255799028539927
0.40100000000000025,0.501,-1.6325665657907935
0.40100000000000025,1.001,-0.6448431722939705
0.40100000000000025,1.501,-0.36865559108057777
0.40100000000000025,2.001,-0.2486003856091285
0.40100000000000025,2.501,-0.18491384208212203
0.40100000000000025,3.001,-0.14700091995383896
0.40100000000000025,3.501,-0.12266317317744449
0.40100000000000025,4.0009999999999994,-0.10618838945476082
0.40100000000000025,4.5009999999999994,-0.09459104232938949
0.40100000000000025,5.0009999999999994,-0.08618039640103303
0.40100000000000025,5.5009999999999994,-0.07993845062259272
0.40100000000000025,6.0009999999999994,-0.07522185715415383
0.40100000000000025,6.5009999999999994,-0.07160777258886541
0.40100000000000025,7.0009999999999994,-0.06880911984917407
0.40100000000000025,7.5009999999999994,-0.06662561098869602
0.40100000000000025,8.001,-0.06491422694669427
0.40100000000000025,8.501,-0.06357077974009073
0.40100000000000025,9.001,-0.06251803847719326
0.40100000000000025,9.501,-0.06169787622968715
0.40100000000000025,10.001,-0.06106595350186388
0.40100000000000025,10.501,-0.06058804389604723
0.40100000000000025,11.001,-0.06023744763229522
0.40100000000000025,11.501,-0.0599931406393364
0.40100000000000025,12.001,-0.05983843027015899
0.40100000000000025,12.501,-0.059759965820055404
0.40100000000000025,13.001,-0.059747001314361545
0.40100000000000025,13.501,-0.05979084016223315
0.40100000000000025,14.001,-0.05988441259660718
0.40100000000000025,14.501,-0.060021951208221194
0.40100000000000025,15.001,-0.060198739737548135
0.40100000000000025,15.501,-0.06041091713526711
0.40100000000000025,16.000999999999998,-0.06065532372027062
0.40100000000000025,16.500999999999998,-0.06092937969636529
0.40100000000000025,17.000999999999998,-0.0612309887613671
0.40100000000000025,17.500999999999998,-0.06155846134272253
0.40100000000000025,18.000999999999998,-0.061910453318208415
0.40100000000000025,18.500999999999998,-0.062285917064293886
0.40100000000000025,19.000999999999998,-0.06268406241303086
0.40100000000000025,19.500999999999998,-0.06310432565794247
0.40100000000000025,20.000999999999998,-0.06354634517810479
0.40100000000000025,20.500999999999998,-0.06400994258214501
0.40100000000000025,21.000999999999998,-0.06449510853556553
0.40100000000000025,21.500999999999998,-0.06500199264451978
0.40100000000000025,22.000999999999998,-0.06553089694125518
0.40100000000000025,22.500999999999998,-0.06608227266204256
0.40100000000000025,23.000999999999998,-0.06665672013658555
0.40100000000000025,23.500999999999998,-0.06725499172637282
0.40100000000000025,24.000999999999998,-0.06787799786525194
0.40100000000000025,24.500999999999998,-0.06852681637573933
0.40100000000000025,25.000999999999998,-0.06920270536685615
0.40100000000000025,25.500999999999998,-0.06990712017263213
0.40100000000000025,26.000999999999998,-0.07064173497615922
0.40100000000000025,26.500999999999998,-0.07140846999718509
0.40100000000000025,27.000999999999998,-0.0722095254222489
0.40100000000000025,27.500999999999998,-0.07304742365426303
0.40100000000000025,28.000999999999998,-0.07392506199507917
0.40100000000000025,28.500999999999998,-0.07484577861163622
0.40100000000000025,29.000999999999998,-0.07581343566650753
0.40100000000000025,29.500999999999998,-0.07683252495924787
0.40100000000000025,30.000999999999998,-0.07790830354853634
0.40100000000000025,30.500999999999998,-0.07904696996331584
0.40100000000000025,31.000999999999998,-0.08025589634918542
0.40100000000000025,31.500999999999998,-0.08154393922135662
0.40100000000000025,32.001,-0.08292186312384464
0.40100000000000025,32.501,-0.08440293051425005
0.40100000000000025,33.001,-0.08600374338080116
0.40100000000000025,33.501,-0.08774547875137349
0.40100000000000025,34.001,-0.08965576464680003
0.40100000000000025,34.501,-0.09177164612374283
0.40100000000000025,35.001,-0.09414451289240894
0.40100000000000025,35.501,-0.09684880983575787
0.40100000000000025,36.001,-0.09999872123776177
0.40100000000000025,36.501,-0.10378378773189151
0.40100000000000025,37.001,-0.10855779525239613
0.40100000000000025,37.501,-0.11512380230017773
0.40100000000000025,38.001,-0.12625579906576473
0.40100000000000025,38.501,-0.1200333889395018
0.40100000000000025,39.001,-0.09736435851483641
0.40100000000000025,39.501,-0.08608439862863093
0.40600000000000025,0.001,-1.2358327444717214
0.40600000000000025,0.501,-1.6302080383995166
0.40600000000000025,1.001,-0.644113100084301
0.40600000000000025,1.501,-0.36852734781070473
0.40600000000000025,2.001,-0.2487844114367716
0.40600000000000025,2.501,-0.1852861035899246
0.40600000000000025,3.001,-0.14749656166644867
0.40600000000000025,3.501,-0.12324401125186935
0.40600000000000025,4.0009999999999994,-0.10683010621418776
0.40600000000000025,4.5009999999999994,-0.09527726955165997
0.40600000000000025,5.0009999999999994,-0.08689966071911771
0.40600000000000025,5.5009999999999994,-0.08068246146736327
0.40600000000000025,6.0009999999999994,-0.07598448424267296
0.40600000000000025,6.5009999999999994,-0.07238440351518319
0.40600000000000025,7.0009999999999994,-0.06959623945151025
0.40600000000000025,7.5009999999999994,-0.06742051631067979
0.40600000000000025,8.001,-0.06571482841778747
0.40600000000000025,8.501,-0.06437545904302308
0.40600000000000025,9.001,-0.06332554477670328
0.40600000000000025,9.501,-0.06250724902316895
0.40600000000000025,10.001,-0.061876464359676885
0.40600000000000025,10.501,-0.06139915187220038
0.40600000000000025,11.001,-0.061048764745054815
0.40600000000000025,11.501,-0.06080440488941413
0.40600000000000025,12.001,-0.060649484384254305
0.40600000000000025,12.501,-0.060570740402626735
0.40600000000000025,13.001,-0.0605575014370531
0.40600000000000025,13.501,-0.06060113466698508
0.40600000000000025,14.001,-0.0606946255667325
0.40600000000000025,14.501,-0.060832255192446005
0.40600000000000025,15.001,-0.06100935040926836
0.40600000000000025,15.501,-0.06122208914265788
0.40600000000000025,16.000999999999998,-0.0614673475390707
0.40600000000000025,16.500999999999998,-0.061742579340857924
0.40600000000000025,17.000999999999998,-0.0620457202436735
0.40600000000000025,17.500999999999998,-0.06237511179846615
0.40600000000000025,18.000999999999998,-0.06272944073975198
0.40600000000000025,18.500999999999998,-0.06310769060247501
0.40600000000000025,19.000999999999998,-0.0635091032257561
0.40600000000000025,19.500999999999998,-0.06393314830003616
0.40600000000000025,20.000999999999998,-0.06437949954223848
0.40600000000000025,20.500999999999998,-0.0648480164162465
0.40600000000000025,21.000999999999998,-0.06533873057852732
0.40600000000000025,21.500999999999998,-0.06585183644010167
0.40600000000000025,22.000999999999998,-0.06638768541067207
0.40600000000000025,22.500999999999998,-0.06694678353992894
0.40600000000000025,23.000999999999998,-0.06752979240415129
0.40600000000000025,23.500999999999998,-0.06813753321131967
0.40600000000000025,24.000999999999998,-0.06877099422264789
0.40600000000000025,24.500999999999998,-0.06943134172054277
0.40600000000000025,25.000999999999998,-0.07011993490121411
0.40600000000000025,25.500999999999998,-0.07083834524503935
0.40600000000000025,26.000999999999998,-0.07158838113287522
0.40600000000000025,26.500999999999998,-0.07237211874999783
0.40600000000000025,27.000999999999998,-0.07319194067656312
0.40600000000000025,27.500999999999998,-0.07405058404058193
0.40600000000000025,28.000999999999998,-0.07495120075917347
0.40600000000000025,28.500999999999998,-0.07589743329501808
0.40600000000000025,29.000999999999998,-0.07689351062711182
0.40600000000000025,29.500999999999998,-0.07794437096380465
0.40600000000000025,30.000999999999998,-0.07905582040625217
0.40600000000000025,30.500999999999998,-0.08023474078025064
0.40600000000000025,31.000999999999998,-0.08148936599170242
0.40600000000000025,31.500999999999998,-0.08282965589493367
0.40600000000000025,32.001,-0.08426781222184203
0.40600000000000025,32.501,-0.085819007070717
0.40600000000000025,33.001,-0.08750243936951158
0.40600000000000025,33.501,-0.08934291588172985
0.40600000000000025,34.001,-0.09137330755384276
0.40600000000000025,34.501,-0.09363854339311785
0.40600000000000025,35.001,-0.09620248094233975
0.40600000000000025,35.501,-0.0991606064294329
0.40600000000000025,36.001,-0.10266585744384246
0.40600000000000025,36.501,-0.10698860873321099
0.40600000000000025,37.001,-0.1126873652124944
0.40600000000000025,37.501,-0.12130749329359018
0.40600000000000025,38.001,-0.14478919180383323
0.40600000000000025,38.501,-0.10449321861803748
0.40600000000000025,39.001,-0.09052233006605395
0.40600000000000025,39.501,-0.08145494666066538
0.41100000000000025,0.001,-1.2460239876171928
0.41100000000000025,0.501,-1.6279193877251696
0.41100000000000025,1.001,-0.64342431910899
0.41100000000000025,1.501,-0.36842905212379784
0.41100000000000025,2.001,-0.248992001136844
0.41100000000000025,2.501,-0.18567771467433847
0.41100000000000025,3.001,-0.1480085009842952
0.41100000000000025,3.501,-0.12383879965652381
0.41100000000000025,4.0009999999999994,-0.10748389100985273
0.41100000000000025,4.5009999999999994,-0.0959740090386452
0.41100000000000025,5.0009999999999994,-0.08762812211394459
0.41100000000000025,5.5009999999999994,-0.08143453839257195
0.41100000000000025,6.0009999999999994,-0.0767541919148648
0.41100000000000025,6.5009999999999994,-0.07316724748400485
0.41100000000000025,7.0009999999999994,-0.07038880228407152
0.41100000000000025,7.5009999999999994,-0.06822017752529064
0.41100000000000025,8.001,-0.06651956914616952
0.41100000000000025,8.501,-0.06518372240079727
0.41100000000000025,9.001,-0.06413613393460899
0.41100000000000025,9.501,-0.06331925144357814
0.41100000000000025,10.001,-0.06268919460044459
0.41100000000000025,10.501,-0.062212107829150334
0.41100000000000025,11.001,-0.0618615937950412
0.41100000000000025,11.501,-0.06161687744543747
0.41100000000000025,12.001,-0.06146147308175351
0.41100000000000025,12.501,-0.061382203622624525
0.41100000000000025,13.001,-0.06136847021246034
0.41100000000000025,13.501,-0.061411702260814126
0.41100000000000025,14.001,-0.06150493918625943
0.41100000000000025,14.501,-0.06164250943197466
0.41100000000000025,15.001,-0.06181978210990115
0.41100000000000025,15.501,-0.0620329734297905
0.41100000000000025,16.000999999999998,-0.062278994853783035
0.41100000000000025,16.500999999999998,-0.06255533332457922
0.41100000000000025,17.000999999999998,-0.06285995636981134
0.41100000000000025,17.500999999999998,-0.06319123667251919
0.41100000000000025,18.000999999999998,-0.06354789201260323
0.41100000000000025,18.500999999999998,-0.06392893746147858
0.41100000000000025,19.000999999999998,-0.06433364744600202
0.41100000000000025,19.500999999999998,-0.0647615258547132
0.41100000000000025,20.000999999999998,-0.0652122827871646
0.41100000000000025,20.500999999999998,-0.06568581688012723
0.41100000000000025,21.000999999999998,-0.06618220240816573
0.41100000000000025,21.500999999999998,-0.0667016805694501
0.41100000000000025,22.000999999999998,-0.06724465454529467
0.41100000000000025,22.500999999999998,-0.06781168807534313
0.41100000000000025,23.000999999999998,-0.06840350742917513
0.41100000000000025,23.500999999999998,-0.06902100678794251
0.41100000000000025,24.000999999999998,-0.06966525718471053
0.41100000000000025,24.500999999999998,-0.07033751929819881
0.41100000000000025,25.000999999999998,-0.0710392605615942
0.41100000000000025,25.500999999999998,-0.0717721772484852
0.41100000000000025,26.000999999999998,-0.07253822244799998
0.41100000000000025,26.500999999999998,-0.07333964116312161
0.41100000000000025,27.000999999999998,-0.07417901419122774
0.41100000000000025,27.500999999999998,-0.07505931301938228
0.41100000000000025,28.000999999999998,-0.07598396875558479
0.41100000000000025,28.500999999999998,-0.07695695922171451
0.41100000000000025,29.000999999999998,-0.07798291990911896
0.41100000000000025,29.500999999999998,-0.07906728678693452
0.41100000000000025,30.000999999999998,-0.08021648234744137
0.41100000000000025,30.500999999999998,-0.08143816141683434
0.41100000000000025,31.000999999999998,-0.0827415412467295
0.41100000000000025,31.500999999999998,-0.0841378531425481
0.41100000000000025,32.001,-0.08564097383977902
0.41100000000000025,32.501,-0.08726833052753871
0.41100000000000025,33.001,-0.08904223669971867
0.41100000000000025,33.501,-0.09099193363705241
0.41100000000000025,34.001,-0.09315684354579615
0.41100000000000025,34.501,-0.09559202677236316
0.41100000000000025,35.001,-0.0983779482248345
0.41100000000000025,35.501,-0.10163949157568059
0.41100000000000025,36.001,-0.10558748299529364
0.41100000000000025,36.501,-0.11062594568858097
0.41100000000000025,37.001,-0.11771742955318773
0.41100000000000025,37.501,-0.13067064985758414
0.41100000000000025,38.001,-0.1149308532899831
0.41100000000000025,38.501,-0.09586717243389706
0.41100000000000025,39.001,-0.08525375734758098
0.41100000000000025,39.501,-0.07756476077206062
0.41600000000000026,0.001,-1.2561543801773845
0.41600000000000026,0.501,-1.6256991080223135
0.41600000000000026,1.001,-0.6427759286097632
0.41600000000000026,1.501,-0.36836003875673484
0.41600000000000026,2.001,-0.24922261866609324
0.41600000000000026,2.501,-0.18608822222680357
0.41600000000000026,3.001,-0.14853634317463588
0.41600000000000026,3.501,-0.12444718738471647
0.41600000000000026,4.0009999999999994,-0.10814942711899214
0.41600000000000026,4.5009999999999994,-0.09668097192320813
0.41600000000000026,5.0009999999999994,-0.08836551501558607
0.41600000000000026,5.5009999999999994,-0.0821944357893444
0.41600000000000026,6.0009999999999994,-0.0775307520184274
0.41600000000000026,6.5009999999999994,-0.07395609187919261
0.41600000000000026,7.0009999999999994,-0.07118660976717159
0.41600000000000026,7.5009999999999994,-0.069024408898969
0.41600000000000026,8.001,-0.06732827528562813
0.41600000000000026,8.501,-0.06599540707173968
0.41600000000000026,9.001,-0.06494965366661612
0.41600000000000026,9.501,-0.06413374112285129
0.41600000000000026,10.001,-0.06350401131524219
0.41600000000000026,10.501,-0.06302678792772219
0.41600000000000026,11.001,-0.06267581967895056
0.41600000000000026,11.501,-0.06243045165256424
0.41600000000000026,12.001,-0.06227429790870452
0.41600000000000026,12.501,-0.06219426501450777
0.41600000000000026,13.001,-0.06217982498281813
0.41600000000000026,13.501,-0.062222467942911724
0.41600000000000026,14.001,-0.06231528598932358
0.41600000000000026,14.501,-0.062452653902565186
0.41600000000000026,15.001,-0.0626299821928798
0.41600000000000026,15.501,-0.06284352469465161
0.41600000000000026,16.000999999999998,-0.06309022770685786
0.41600000000000026,16.500999999999998,-0.06336761107038502
0.41600000000000026,17.000999999999998,-0.06367367401887833
0.41600000000000026,17.500999999999998,-0.06400682042077879
0.41600000000000026,18.000999999999998,-0.0643657993406853
0.41600000000000026,18.500999999999998,-0.06474965782241508
0.41600000000000026,19.000999999999998,-0.06515770352800236
0.41600000000000026,19.500999999999998,-0.06558947542280882
0.41600000000000026,20.000999999999998,-0.06604472112444548
0.41600000000000026,20.500999999999998,-0.06652337986686505
0.41600000000000026,21.000999999999998,-0.06702557029615641
0.41600000000000026,21.500999999999998,-0.06755158253038679
0.41600000000000026,22.000999999999998,-0.0681018740970103
0.41600000000000026,22.500999999999998,-0.06867706951973858
0.41600000000000026,23.000999999999998,-0.06927796347232164
0.41600000000000026,23.500999999999998,-0.06990552755856103
0.41600000000000026,24.000999999999998,-0.07056092092505911
0.41600000000000026,24.500999999999998,-0.07124550507555141
0.41600000000000026,25.000999999999998,-0.07196086344476688
0.41600000000000026,25.500999999999998,-0.07270882652034391
0.41600000000000026,26.000999999999998,-0.07349150359301368
0.41600000000000026,26.500999999999998,-0.07431132259526481
0.41600000000000026,27.000999999999998,-0.07517107999584408
0.41600000000000026,27.500999999999998,-0.07607400340845048
0.41600000000000026,28.000999999999998,-0.07702383053257751
0.41600000000000026,28.500999999999998,-0.07802490940171106
0.41600000000000026,29.000999999999998,-0.0790823268699652
0.41600000000000026,29.500999999999998,-0.08020207514253352
0.41600000000000026,30.000999999999998,-0.08139127046948087
0.41600000000000026,30.500999999999998,-0.08265844474955447
0.41600000000000026,31.000999999999998,-0.0840139412366288
0.41600000000000026,31.500999999999998,-0.08547046249080682
0.41600000000000026,32.001,-0.0870438471388446
0.41600000000000026,32.501,-0.08875420150911628
0.41600000000000026,33.001,-0.09062760229539826
0.41600000000000026,33.501,-0.09269875910009459
0.41600000000000026,34.001,-0.09501537803550783
0.41600000000000026,34.501,-0.09764574337690192
0.41600000000000026,35.001,-0.10069291489586712
0.41600000000000026,35.501,-0.10432410713228493
0.41600000000000026,36.001,-0.10884070619149408
0.41600000000000026,36.501,-0.11488598603264374
0.41600000000000026,37.001,-0.12437251599160155
0.41600000000000026,37.501,-0.1407492722369032
0.41600000000000026,38.001,-0.10263890011388621
0.41600000000000026,38.501,-0.08966813789971856
0.41600000000000026,39.001,-0.08093354703060951
0.41600000000000026,39.501,-0.07419813871188
0.42100000000000026,0.001,-1.2662246520593854
0.42100000000000026,0.501,-1.6235457452055484
0.42100000000000026,1.001,-0.6421670588772969
0.42100000000000026,1.501,-0.3683196654505456
0.42100000000000026,2.001,-0.24947574656178131
0.42100000000000026,2.501,-0.1865171888795459
0.42100000000000026,3.001,-0.1490797072527208
0.42100000000000026,3.501,-0.12506883569610602
0.42100000000000026,4.0009999999999994,-0.1088264089382047
0.42100000000000026,4.5009999999999994,-0.09739787954284937
0.42100000000000026,5.0009999999999994,-0.0891115833123563
0.42100000000000026,5.5009999999999994,-0.08296191688673099
0.42100000000000026,6.0009999999999994,-0.07831394471553374
0.42100000000000026,6.5009999999999994,-0.07475073195152562
0.42100000000000026,7.0009999999999994,-0.07198947080087426
0.42100000000000026,7.5009999999999994,-0.06983303183936952
0.42100000000000026,8.001,-0.06814077983217716
0.42100000000000026,8.501,-0.06681035688983965
0.42100000000000026,9.001,-0.06576595802429153
0.42100000000000026,9.501,-0.06495058181122842
0.42100000000000026,10.001,-0.06432078751450691
0.42100000000000026,10.501,-0.06384307406485959
0.42100000000000026,11.001,-0.06349133285973123
0.42100000000000026,11.501,-0.06324502626387446
0.42100000000000026,12.001,-0.06308786567085674
0.42100000000000026,12.501,-0.06300683923324882
0.42100000000000026,13.001,-0.06299148807995564
0.42100000000000026,13.501,-0.06303336157892167
0.42100000000000026,14.001,-0.06312560326092105
0.42100000000000026,14.501,-0.0632626332228051
0.42100000000000026,15.001,-0.06343990255425037
0.42100000000000026,15.501,-0.06365370208593318
0.42100000000000026,16.000999999999998,-0.06390101250860573
0.42100000000000026,16.500999999999998,-0.0641793862962472
0.42100000000000026,17.000999999999998,-0.06448685430379875
0.42100000000000026,17.500999999999998,-0.06482185168486118
0.42100000000000026,18.000999999999998,-0.06518315908087811
0.42100000000000026,18.500999999999998,-0.06556985600462162
0.42100000000000026,19.000999999999998,-0.06598128407085985
0.42100000000000026,19.500999999999998,-0.06641701828216517
0.42100000000000026,20.000999999999998,-0.06687684500541055
0.42100000000000026,20.500999999999998,-0.06736074560906238
0.42100000000000026,21.000999999999998,-0.06786888499841828
0.42100000000000026,21.500999999999998,-0.06840160450464763
0.42100000000000026,22.000999999999998,-0.06895941876885363
0.42100000000000026,22.500999999999998,-0.06954301642650539
0.42100000000000026,23.000999999999998,-0.07015326455096837
0.42100000000000026,23.500999999999998,-0.0707912169672433
0.42100000000000026,24.000999999999998,-0.07145812670838354
0.42100000000000026,24.500999999999998,-0.07215546306855472
0.42100000000000026,25.000999999999998,-0.07288493392187957
0.42100000000000026,25.500999999999998,-0.07364851424261559
0.42100000000000026,26.000999999999998,-0.07444848210362157
0.42100000000000026,26.500999999999998,-0.0752874638799162
0.42100000000000026,27.000999999999998,-0.07616849099069273
0.42100000000000026,27.500999999999998,-0.07709507134777281
0.42100000000000026,28.000999999999998,-0.07807127984885523
0.42100000000000026,28.500999999999998,-0.07910187392608753
0.42100000000000026,29.000999999999998,-0.08019244259609105
0.42100000000000026,29.500999999999998,-0.08134960107854391
0.42100000000000026,30.000999999999998,-0.082581248554953
0.42100000000000026,30.500999999999998,-0.08389691521547914
0.42100000000000026,31.000999999999998,-0.08530823847648059
0.42100000000000026,31.500999999999998,-0.0868296309428842
0.42100000000000026,32.001,-0.08847924153606138
0.42100000000000026,32.501,-0.0902803805048038
0.42100000000000026,33.001,-0.09226370876081419
0.42100000000000026,33.501,-0.09447074917217849
0.42100000000000026,34.001,-0.09695982414439311
0.42100000000000026,34.501,-0.09981679099830454
0.42100000000000026,35.001,-0.10317622912030475
0.42100000000000026,35.501,-0.10726860439578458
0.42100000000000026,36.001,-0.11254573961545405
0.42100000000000026,36.501,-0.120131762658152
0.42100000000000026,37.001,-0.13515119519587543
0.42100000000000026,37.501,-0.1121131007059428
0.42100000000000026,38.001,-0.09494622362073327
0.42100000000000026,38.501,-0.08476433547609313
0.42100000000000026,39.001,-0.07725455784854826
0.42100000000000026,39.501,-0.07122383850197142
0.42600000000000027,0.001,-1.2762355158312402
0.42600000000000027,0.501,-1.6214578945110438
0.42600000000000027,1.001,-0.6415968698427739
0.42600000000000027,1.501,-0.36830731190526067
0.42600000000000027,2.001,-0.24975088509653426
0.42600000000000027,2.501,-0.18696419228907024
0.42600000000000027,3.001,-0.14963822535583648
0.42600000000000027,3.501,-0.12570341755837228
0.42600000000000027,4.0009999999999994,-0.10951454147778387
0.42600000000000027,4.5009999999999994,-0.09812446297631791
0.42600000000000027,5.0009999999999994,-0.08986607992217087
0.42600000000000027,5.5009999999999994,-0.0837367533521558
0.42600000000000027,6.0009999999999994,-0.07910355810797134
0.42600000000000027,6.5009999999999994,-0.0755509704650478
0.42600000000000027,7.0009999999999994,-0.07279720142971441
0.42600000000000027,7.5009999999999994,-0.07064587457612909
0.42600000000000027,8.001,-0.0689569223189284
0.42600000000000027,8.501,-0.06762842197207478
0.42600000000000027,9.001,-0.0665849071134498
0.42600000000000027,9.501,-0.06576964310550765
0.42600000000000027,10.001,-0.06513940186513408
0.42600000000000027,10.501,-0.06466085361869706
0.42600000000000027,11.001,-0.06430802911888356
0.42600000000000027,11.501,-0.06406050519926501
0.42600000000000027,12.001,-0.06390208819861874
0.42600000000000027,12.501,-0.06381984582491665
0.42600000000000027,13.001,-0.06380338660114682
0.42600000000000027,13.501,-0.06384431768179054
0.42600000000000027,14.001,-0.06393583282256027
0.42600000000000027,14.501,-0.06407239644444507
0.42600000000000027,15.001,-0.06424949942764065
0.42600000000000027,15.501,-0.06446346900266904
0.42600000000000027,16.000999999999998,-0.06471131984162273
0.42600000000000027,16.500999999999998,-0.06499063682467932
0.42600000000000027,17.000999999999998,-0.06529948238607067
0.42600000000000027,17.500999999999998,-0.06563632311261292
0.42600000000000027,18.000999999999998,-0.06599997156988349
0.42600000000000027,18.500999999999998,-0.06638954029965849
0.42600000000000027,19.000999999999998,-0.06680440566066487
0.42600000000000027,19.500999999999998,-0.0672441797391585
0.42600000000000027,20.000999999999998,-0.06770868898373233
0.42600000000000027,20.500999999999998,-0.06819795855457511
0.42600000000000027,21.000999999999998,-0.0687122016466967
0.42600000000000027,21.500999999999998,-0.06925181326881041
0.42600000000000027,22.000999999999998,-0.06981736814979575
0.42600000000000027,22.500999999999998,-0.07040962261551885
0.42600000000000027,23.000999999999998,-0.07102952044124987
0.42600000000000027,23.500999999999998,-0.07167820284956301
0.42600000000000027,24.000999999999998,-0.07235702300152103
0.42600000000000027,24.500999999999998,-0.07306756553293278
0.42600000000000027,25.000999999999998,-0.07381167193342747
0.42600000000000027,25.500999999999998,-0.07459147287502262
0.42600000000000027,26.000999999999998,-0.07540942899769501
0.42600000000000027,26.500999999999998,-0.07626838219340688
0.42600000000000027,27.000999999999998,-0.07717162015726625
0.42600000000000027,27.500999999999998,-0.07812295798496467
0.42600000000000027,28.000999999999998,-0.07912684202662494
0.42600000000000027,28.500999999999998,-0.08018848327290982
0.42600000000000027,29.000999999999998,-0.0813140305914311
0.42600000000000027,29.500999999999998,-0.0825107987090743
0.42600000000000027,30.000999999999998,-0.08378757288777526
0.42600000000000027,30.500999999999998,-0.08515502339303346
0.42600000000000027,31.000999999999998,-0.08662628101640499
0.42600000000000027,31.500999999999998,-0.0882177554993401
0.42600000000000027,32.001,-0.08995033223791311
0.42600000000000027,32.501,-0.09185118064017514
0.42600000000000027,33.001,-0.09395659665293982
0.42600000000000027,33.501,-0.09631669109830113
0.42600000000000027,34.001,-0.09900360123403945
0.42600000000000027,34.501,-0.10212702974862807
0.42600000000000027,35.001,-0.1058668656278218
0.42600000000000027,35.501,-0.11055258722879835
0.42600000000000027,36.001,-0.11690726257513814
0.42600000000000027,36.501,-0.12722518214060757
0.42600000000000027,37.001,-0.13000455904961758
0.42600000000000027,37.501,-0.10155422079634727
0.42600000000000027,38.001,-0.08920262788425723
0.42600000000000027,38.501,-0.0806798505891109
0.42600000000000027,39.001,-0.07404123532976156
0.42600000000000027,39.501,-0.0685556011354998
0.43100000000000027,0.001,-1.286187667332715
0.43100000000000027,0.501,-1.6194341982899156
0.43100000000000027,1.001,-0.6410645497489935
0.43100000000000027,1.501,-0.3683223787938821
0.43100000000000027,2.001,-0.25004755148105434
0.43100000000000027,2.501,-0.18742882446025938
0.43100000000000027,3.001,-0.15021154215286597
0.43100000000000027,3.501,-0.1263506171205978
0.43100000000000027,4.0009999999999994,-0.11021353988478733
0.43100000000000027,4.5009999999999994,-0.09886046260657311
0.43100000000000027,5.0009999999999994,-0.09062876638829562
0.43100000000000027,5.5009999999999994,-0.08451872491459449
0.43100000000000027,6.0009999999999994,-0.07989938788360607
0.43100000000000027,6.5009999999999994,-0.07635661736351473
0.43100000000000027,7.0009999999999994,-0.0736096245264587
0.43100000000000027,7.5009999999999994,-0.07146277185973234
0.43100000000000027,8.001,-0.06977654852821752
0.43100000000000027,8.501,-0.06844945844225016
0.43100000000000027,9.001,-0.06740636682838616
0.43100000000000027,9.501,-0.06659080019254457
0.43100000000000027,10.001,-0.06595973844228709
0.43100000000000027,10.501,-0.06548001920785218
0.43100000000000027,11.001,-0.06512580932254122
0.43100000000000027,11.501,-0.06487679731773303
0.43100000000000027,12.001,-0.06471688212505003
0.43100000000000027,12.501,-0.06463320900997366
0.43100000000000027,13.001,-0.06461545219740003
0.43100000000000027,13.501,-0.06465527520480495
0.43100000000000027,14.001,-0.06474592082988245
0.43100000000000027,14.501,-0.06488189685450946
0.43100000000000027,15.001,-0.06505873319084682
0.43100000000000027,15.501,-0.06527279290536578
0.43100000000000027,16.000999999999998,-0.06552112427661294
0.43100000000000027,16.500999999999998,-0.06580134440349478
0.43100000000000027,17.000999999999998,-0.0661115473018134
0.43100000000000027,17.500999999999998,-0.0664502311899313
0.43100000000000027,18.000999999999998,-0.06681624096246003
0.43100000000000027,18.500999999999998,-0.06720872281678511
0.43100000000000027,19.000999999999998,-0.06762708872428673
0.43100000000000027,19.500999999999998,-0.06807098899217259
0.43100000000000027,20.000999999999998,-0.06854029159034095
0.43100000000000027,20.500999999999998,-0.06903506725512121
0.43100000000000027,21.000999999999998,-0.06955557965377254
0.43100000000000027,21.500999999999998,-0.07010228011985803
0.43100000000000027,22.000999999999998,-0.0706758066655504
0.43100000000000027,22.500999999999998,-0.07127698715557773
0.43100000000000027,23.000999999999998,-0.07190684670054691
0.43100000000000027,23.500999999999998,-0.07256661950631148
0.43100000000000027,24.000999999999998,-0.07325776561333057
0.43100000000000027,24.500999999999998,-0.07398199319037002
0.43100000000000027,25.000999999999998,-0.07474128732920428
0.43100000000000027,25.500999999999998,-0.0755379466464617
0.43100000000000027,26.000999999999998,-0.07637462947069922
0.43100000000000027,26.500999999999998,-0.07725441202815472
0.43100000000000027,27.000999999999998,-0.07818086191458347
0.43100000000000027,27.500999999999998,-0.0791581313668486
0.43100000000000027,28.000999999999998,-0.0801910766020145
0.43100000000000027,28.500999999999998,-0.08128541205068855
0.43100000000000027,29.000999999999998,-0.0824479121233164
0.43100000000000027,29.500999999999998,-0.08368667895632897
0.43100000000000027,30.000999999999998,-0.08501150365832452
0.43100000000000027,30.500999999999998,-0.08643436315123271
0.43100000000000027,31.000999999999998,-0.0879701188639564
0.43100000000000027,31.500999999999998,-0.0896375250663814
0.43100000000000027,32.001,-0.09146072906162182
0.43100000000000027,32.501,-0.09347158555540588
0.43100000000000027,33.001,-0.09571338712908108
0.43100000000000027,33.501,-0.09824721192727763
0.43100000000000027,34.001,-0.10116349280932183
0.43100000000000027,34.501,-0.10460509598426655
0.43100000000000027,35.001,-0.10881948346431143
0.43100000000000027,35.501,-0.11430081331418504
0.43100000000000027,36.001,-0.12232395099319794
0.43100000000000027,36.501,-0.13957429478953637
0.43100000000000027,37.001,-0.11057498769984639
0.43100000000000027,37.501,-0.09448740004791945
0.43100000000000027,38.001,-0.08457028042209683
0.43100000000000027,38.501,-0.07716565597658054
0.43100000000000027,39.001,-0.0711830658166179
0.43100000000000027,39.501,-0.06613346712781215
0.4360000000000003,0.001,-1.2960817862577039
0.4360000000000003,0.501,-1.617473343924654
0.4360000000000003,1.001,-0.6405693138957029
0.4360000000000003,1.501,-0.3683642868314884
0.4360000000000003,2.001,-0.2503652791114588
0.4360000000000003,2.501,-0.18791069110836145
0.4360000000000003,3.001,-0.15079931428697127
0.4360000000000003,3.501,-0.12701012921621452
0.4360000000000003,4.0009999999999994,-0.11092312899290216
0.4360000000000003,4.5009999999999994,-0.09960562770831742
0.4360000000000003,5.0009999999999994,-0.09139941249782435
0.4360000000000003,5.5009999999999994,-0.08530761900894737
0.4360000000000003,6.0009999999999994,-0.08070123698271905
0.4360000000000003,6.5009999999999994,-0.07716748945557941
0.4360000000000003,7.0009999999999994,-0.07442656949360468
0.4360000000000003,7.5009999999999994,-0.07228356467724278
0.4360000000000003,8.001,-0.07059951021982377
0.4360000000000003,8.501,-0.06927332817023564
0.4360000000000003,9.001,-0.06823020860088447
0.4360000000000003,9.501,-0.06741393360697046
0.4360000000000003,10.001,-0.06678168649491863
0.4360000000000003,10.501,-0.06630046846398605
0.4360000000000003,11.001,-0.06594457920041458
0.4360000000000003,11.501,-0.06569381620215103
0.4360000000000003,12.001,-0.06553216867602102
0.4360000000000003,12.501,-0.0654468574784555
0.4360000000000003,13.001,-0.06542762087336625
0.4360000000000003,13.501,-0.06546617734602078
0.4360000000000003,14.001,-0.06555581758147717
0.4360000000000003,14.501,-0.06569109178843888
0.4360000000000003,15.001,-0.06586756818331461
0.4360000000000003,15.501,-0.0660816451379118
0.4360000000000003,16.000999999999998,-0.06633040419890504
0.4360000000000003,16.500999999999998,-0.06661149453721177
0.4360000000000003,17.000999999999998,-0.06692304179844855
0.4360000000000003,17.500999999999998,-0.06726357608324761
0.4360000000000003,18.000999999999998,-0.06763197508039442
0.4360000000000003,18.500999999999998,-0.06802741933931239
0.4360000000000003,19.000999999999998,-0.06844935739424832
0.4360000000000003,19.500999999999998,-0.06889747900646322
0.4360000000000003,20.000999999999998,-0.06937169522015585
0.4360000000000003,20.500999999999998,-0.06987212426730034
0.4360000000000003,21.000999999999998,-0.07039908263188789
0.4360000000000003,21.500999999999998,-0.07095308081505958
0.4360000000000003,22.000999999999998,-0.07153482354519008
0.4360000000000003,22.500999999999998,-0.0721452143646924
0.4360000000000003,23.000999999999998,-0.0727853647106178
0.4360000000000003,23.500999999999998,-0.07345660780169569
0.4360000000000003,24.000999999999998,-0.07416051786438498
0.4360000000000003,24.500999999999998,-0.07489893549197033
0.4360000000000003,25.000999999999998,-0.07567400025602455
0.4360000000000003,25.500999999999998,-0.07648819210918738
0.4360000000000003,26.000999999999998,-0.0773443836754004
0.4360000000000003,26.500999999999998,-0.07824590628159757
0.4360000000000003,27.000999999999998,-0.07919663363761008
0.4360000000000003,27.500999999999998,-0.08020108856278338
0.4360000000000003,28.000999999999998,-0.08126458031347743
0.4360000000000003,28.500999999999998,-0.08239338324495135
0.4360000000000003,29.000999999999998,-0.08359497233358949
0.4360000000000003,29.500999999999998,-0.08487833848373001
0.4360000000000003,30.000999999999998,-0.08625441827093845
0.4360000000000003,30.500999999999998,-0.08773669192581644
0.4360000000000003,31.000999999999998,-0.08934203571835526
0.4360000000000003,31.500999999999998,-0.09109197174060364
0.4360000000000003,32.001,-0.09301456257763444
0.4360000000000003,32.501,-0.09514740108654325
0.4360000000000003,33.001,-0.09754256518455467
0.4360000000000003,33.501,-0.10027534859406834
0.4360000000000003,34.001,-0.10346091342541215
0.4360000000000003,34.501,-0.10728963158636101
0.4360000000000003,35.001,-0.11211451310743424
0.4360000000000003,35.501,-0.11872733938438863
0.4360000000000003,36.001,-0.12977960633936947
0.4360000000000003,36.501,-0.1260861766375085
0.4360000000000003,37.001,-0.10106068405571292
0.4360000000000003,37.501,-0.08907142906983054
0.4360000000000003,38.001,-0.08066603834369934
0.4360000000000003,38.501,-0.07407377141390195
0.4360000000000003,39.001,-0.06860562358003194
0.4360000000000003,39.501,-0.06391394439477618
0.4410000000000003,0.001,-1.305918536709905
0.4410000000000003,0.501,-1.615574061860356
0.4410000000000003,1.001,-0.6401104034541838
0.4410000000000003,1.501,-0.36843247589580574
0.4410000000000003,2.001,-0.25070361685828546
0.4410000000000003,2.501,-0.18840941105632186
0.4410000000000003,3.001,-0.1514012098491818
0.4410000000000003,3.501,-0.12768165889353866
0.4410000000000003,4.0009999999999994,-0.1116430428973167
0.4410000000000003,4.5009999999999994,-0.1003597160584548
0.4410000000000003,5.0009999999999994,-0.09217779592137734
0.4410000000000003,5.5009999999999994,-0.08610323044018423
0.4410000000000003,6.0009999999999994,-0.08150891528289426
0.4410000000000003,6.5009999999999994,-0.07798341011746102
0.4410000000000003,7.0009999999999994,-0.07524787198144031
0.4410000000000003,7.5009999999999994,-0.07310809998376819
0.4410000000000003,8.001,-0.07142566487419796
0.4410000000000003,8.501,-0.07009989852556582
0.4410000000000003,9.001,-0.06905630916300987
0.4410000000000003,9.501,-0.06823892900217819
0.4410000000000003,10.001,-0.06760514022409764
0.4410000000000003,10.501,-0.06712210381674182
0.4410000000000003,11.001,-0.06676424913673504
0.4410000000000003,11.501,-0.0665114799557158
0.4410000000000003,12.001,-0.06634787347174327
0.4410000000000003,12.501,-0.06626072419624965
0.4410000000000003,13.001,-0.06623983279811556
0.4410000000000003,13.501,-0.06627697136335621
0.4410000000000003,14.001,-0.0663654773381843
0.4410000000000003,14.501,-0.06649994245356379
0.4410000000000003,15.001,-0.06667597253382758
0.4410000000000003,15.501,-0.06689000075960128
0.4410000000000003,16.000999999999998,-0.06713914164502405
0.4410000000000003,16.500999999999998,-0.06742107632847522
0.4410000000000003,17.000999999999998,-0.06773396218140457
0.4410000000000003,17.500999999999998,-0.06807636149207748
0.4410000000000003,18.000999999999998,-0.0684471852716376
0.4410000000000003,18.500999999999998,-0.06884564919127487
0.4410000000000003,19.000999999999998,-0.06927123938415564
0.4410000000000003,19.500999999999998,-0.06972368639991179
0.4410000000000003,20.000999999999998,-0.07020294603017652
0.4410000000000003,20.500999999999998,-0.07070918606561077
0.4410000000000003,21.000999999999998,-0.0712427783240448
0.4410000000000003,21.500999999999998,-0.07180429552591487
0.4410000000000003,22.000999999999998,-0.07239451280345062
0.4410000000000003,22.500999999999998,-0.07301441382827994
0.4410000000000003,23.000999999999998,-0.07366520174168725
0.4410000000000003,23.500999999999998,-0.07434831528671139
0.4410000000000003,24.000999999999998,-0.0750654507877104
0.4410000000000003,24.500999999999998,-0.07581859092101535
0.4410000000000003,25.000999999999998,-0.07661004159644492
0.4410000000000003,25.500999999999998,-0.07744247876076209
0.4410000000000003,26.000999999999998,-0.07831900759365082
0.4410000000000003,26.500999999999998,-0.07924323747291347
0.4410000000000003,27.000999999999998,-0.08021937735668679
0.4410000000000003,27.500999999999998,-0.0812523580495757
0.4410000000000003,28.000999999999998,-0.08234799047596991
0.4410000000000003,28.500999999999998,-0.08351317304584546
0.4410000000000003,29.000999999999998,-0.08475616724468603
0.4410000000000003,29.500999999999998,-0.0860869700417363
0.4410000000000003,30.000999999999998,-0.0875178269430362
0.4410000000000003,30.500999999999998,-0.08906395482969395
0.4410000000000003,31.000999999999998,-0.09074458735395795
0.4410000000000003,31.500999999999998,-0.0925845341196875
0.4410000000000003,32.001,-0.09461659312508364
0.4410000000000003,32.501,-0.09688545320785313
0.4410000000000003,33.001,-0.09945436393191796
0.4410000000000003,33.501,-0.10241736169174949
0.4410000000000003,34.001,-0.1059238469132036
0.4410000000000003,34.501,-0.11023474636558445
0.4410000000000003,35.001,-0.11587818170990644
0.4410000000000003,35.501,-0.12425432176079876
0.4410000000000003,36.001,-0.1436868280797624
0.4410000000000003,36.501,-0.10992036819169268
0.4410000000000003,37.001,-0.09442149942672096
0.4410000000000003,37.501,-0.08464093912049356
0.4410000000000003,38.001,-0.07727992095340691
0.4410000000000003,38.501,-0.07130852767592319
0.4410000000000003,39.001,-0.06625621737600376
0.4410000000000003,39.501,-0.06186440980640359
0.4460000000000003,0.001,-1.315698567733303
0.4460000000000003,0.501,-1.6137351237432458
0.4460000000000003,1.001,-0.6396870843465563
0.4460000000000003,1.501,-0.36852640419585087
0.4460000000000003,2.001,-0.2510621283944137
0.4460000000000003,2.501,-0.1889246156651389
0.4460000000000003,3.001,-0.15201690788085592
0.4460000000000003,3.501,-0.12836492097208263
0.4460000000000003,4.0009999999999994,-0.11237302455294583
0.4460000000000003,4.5009999999999994,-0.10112249356795963
0.4460000000000003,5.0009999999999994,-0.09296370187260244
0.4460000000000003,5.5009999999999994,-0.08690536106595789
0.4460000000000003,6.0009999999999994,-0.0823222393012154
0.4460000000000003,6.5009999999999994,-0.07880420901193952
0.4460000000000003,7.0009999999999994,-0.07607337362155502
0.4460000000000003,7.5009999999999994,-0.07393623044862509
0.4460000000000003,8.001,-0.07225487544970878
0.4460000000000003,8.501,-0.07092904214445214
0.4460000000000003,9.001,-0.06988455032277692
0.4460000000000003,9.501,-0.06906567693369563
0.4460000000000003,10.001,-0.06842999857328642
0.4460000000000003,10.501,-0.06794483229025598
0.4460000000000003,11.001,-0.06758473397242931
0.4460000000000003,11.501,-0.06732971100930697
0.4460000000000003,12.001,-0.06716392633893585
0.4460000000000003,12.501,-0.06707474622176798
0.4460000000000003,13.001,-0.06705203212608858
0.4460000000000003,13.501,-0.06708760839967322
0.4460000000000003,14.001,-0.06717485815222378
0.4460000000000003,14.501,-0.06730841376227817
0.4460000000000003,15.001,-0.06748391799778834
0.4460000000000003,15.501,-0.06769783838667326
0.4460000000000003,16.000999999999998,-0.0679473221487211
0.4460000000000003,16.500999999999998,-0.06823008232892583
0.4460000000000003,17.000999999999998,-0.06854430817028043
0.4460000000000003,17.500999999999998,-0.06888859451109197
0.4460000000000003,18.000999999999998,-0.06926188627907343
0.4460000000000003,18.500999999999998,-0.06966343511391206
0.4460000000000003,19.000999999999998,-0.07009276587419776
0.4460000000000003,19.500999999999998,-0.07054965133921705
0.4460000000000003,20.000999999999998,-0.07103409384851764
0.4460000000000003,20.500999999999998,-0.07154631296710762
0.4460000000000003,21.000999999999998,-0.07208673854789233
0.4460000000000003,21.500999999999998,-0.07265600880597833
0.4460000000000003,22.000999999999998,-0.07325497323867676
0.4460000000000003,22.500999999999998,-0.07388470043541967
0.4460000000000003,23.000999999999998,-0.07454649103792968
0.4460000000000003,23.500999999999998,-0.07524189634853934
0.4460000000000003,24.000999999999998,-0.07597274336203044
0.4460000000000003,24.500999999999998,-0.07674116733737425
0.4460000000000003,25.000999999999998,-0.07754965346219019
0.4460000000000003,25.500999999999998,-0.07840108973953668
0.4460000000000003,26.000999999999998,-0.07929883400919471
0.4460000000000003,26.500999999999998,-0.08024679910147
0.4460000000000003,27.000999999999998,-0.08124956165986247
0.4460000000000003,27.500999999999998,-0.08231250239282227
0.4460000000000003,28.000999999999998,-0.08344198879726751
0.4460000000000003,28.500999999999998,-0.08464561634973974
0.4460000000000003,29.000999999999998,-0.08593253181761856
0.4460000000000003,29.500999999999998,-0.08731387449849062
0.4460000000000003,30.000999999999998,-0.08880339108275902
0.4460000000000003,30.500999999999998,-0.09041831350144178
0.4460000000000003,31.000999999999998,-0.09218064840455581
0.4460000000000003,31.500999999999998,-0.0941191362135696
0.4460000000000003,32.001,-0.09627235046471658
0.4460000000000003,32.501,-0.09869385045249915
0.4460000000000003,33.001,-0.1014612970443518
0.4460000000000003,33.501,-0.10469393142492998
0.4460000000000003,34.001,-0.10858994068214334
0.4460000000000003,34.501,-0.11351990471819359
0.4460000000000003,35.001,-0.12032750869473083
0.4460000000000003,35.501,-0.13194924023369603
0.4460000000000003,36.001,-0.12453902521801188
0.4460000000000003,36.501,-0.1010585772785505
0.4460000000000003,37.001,-0.08923954889234001
0.4460000000000003,37.501,-0.08087315305986242
0.4460000000000003,38.001,-0.07428337722902148
0.4460000000000003,38.501,-0.06880422989629506
0.4460000000000003,39.001,-0.0640960757365644
0.4460000000000003,39.501,-0.059959720581697684
0.4510000000000003,0.001,-1.3254225138188436
0.4510000000000003,0.501,-1.6119553406595581
0.4510000000000003,1.001,-0.6392986461856051
0.4510000000000003,1.501,-0.36864554748552747
0.4510000000000003,2.001,-0.2514403915593536
0.4510000000000003,2.501,-0.1894559482950811
0.4510000000000003,3.001,-0.15264609790312517
0.4510000000000003,3.501,-0.12905963962294412
0.4510000000000003,4.0009999999999994,-0.11311282539448453
0.4510000000000003,4.5009999999999994,-0.10189373393376133
0.4510000000000003,5.0009999999999994,-0.09375692278619757
0.4510000000000003,5.5009999999999994,-0.08771381949647
0.4510000000000003,6.0009999999999994,-0.08314103191265501
0.4510000000000003,6.5009999999999994,-0.07962972182260036
0.4510000000000003,7.0009999999999994,-0.07690292177479852
0.4510000000000003,7.5009999999999994,-0.07476781421522904
0.4510000000000003,8.001,-0.07308701015298627
0.4510000000000003,8.501,-0.07176063670933447
0.4510000000000003,9.001,-0.07071481875184997
0.4510000000000003,9.501,-0.06989407265414659
0.4510000000000003,10.001,-0.06925616502980692
0.4510000000000003,10.501,-0.06876856531048803
0.4510000000000003,11.001,-0.06840595281778473
0.4510000000000003,11.501,-0.06814843593905694
0.4510000000000003,12.001,-0.06798026113294725
0.4510000000000003,12.501,-0.06788886453235042
0.4510000000000003,13.001,-0.06786416682758742
0.4510000000000003,13.501,-0.06789804331722729
0.4510000000000003,14.001,-0.06798392170555194
0.4510000000000003,14.501,-0.06811647417431671
0.4510000000000003,15.001,-0.06829137980351338
0.4510000000000003,15.501,-0.06850514004279694
0.4510000000000003,16.000999999999998,-0.06875493459591997
0.4510000000000003,16.500999999999998,-0.06903850839897507
0.4510000000000003,17.000999999999998,-0.06935408276395405
0.4510000000000003,17.500999999999998,-0.06970028550121016
0.4510000000000003,18.000999999999998,-0.07007609611843664
0.4510000000000003,18.500999999999998,-0.07048080315150083
0.4510000000000003,19.000999999999998,-0.07091397140628201
0.4510000000000003,19.500999999999998,-0.0713754174461186
0.4510000000000003,20.000999999999998,-0.07186519209402421
0.4510000000000003,20.500999999999998,-0.0723835690673919
0.4510000000000003,21.000999999999998,-0.07293103915196925
0.4510000000000003,21.500999999999998,-0.07350830957243695
0.4510000000000003,22.000999999999998,-0.07411630844644013
0.4510000000000003,22.500999999999998,-0.07475619443341483
0.4510000000000003,23.000999999999998,-0.07542937192490749
0.4510000000000003,23.500999999999998,-0.07613751238698861
0.4510000000000003,24.000999999999998,-0.07688258277921196
0.4510000000000003,24.500999999999998,-0.07766688236628312
0.4510000000000003,25.000999999999998,-0.0784930897465316
0.4510000000000003,25.500999999999998,-0.07936432260026167
0.4510000000000003,26.000999999999998,-0.08028421359176564
0.4510000000000003,26.500999999999998,-0.08125700716306322
0.4510000000000003,27.000999999999998,-0.08228768382355874
0.4510000000000003,27.500999999999998,-0.08338212126551484
0.4510000000000003,28.000999999999998,-0.08454730570315899
0.4510000000000003,28.500999999999998,-0.08579161304627078
0.4510000000000003,29.000999999999998,-0.08712518925267265
0.4510000000000003,29.500999999999998,-0.08856047489170134
0.4510000000000003,30.000999999999998,-0.090112945058817
0.4510000000000003,30.500999999999998,-0.09180218085708255
0.4510000000000003,31.000999999999998,-0.09365346986852274
0.4510000000000003,31.500999999999998,-0.09570028684644263
0.4510000000000003,32.001,-0.09798831512224719
0.4510000000000003,32.501,-0.10058233806879405
0.4510000000000003,33.001,-0.10357891456242575
0.4510000000000003,33.501,-0.10713197680349289
0.4510000000000003,34.001,-0.11151171134601293
0.4510000000000003,34.501,-0.11726948048696842
0.4510000000000003,35.001,-0.12589192374428154
0.4510000000000003,35.501,-0.1470543650803646
0.4510000000000003,36.001,-0.10996164207174383
0.4510000000000003,36.501,-0.09470633551768992
0.4510000000000003,37.001,-0.08495620072463744
0.4510000000000003,37.501,-0.07758497104316883
0.4510000000000003,38.001,-0.07159154191405553
0.4510000000000003,38.501,-0.06651367078953135
0.4510000000000003,39.001,-0.06209577958834432
0.4510000000000003,39.501,-0.058180060547549386
0.4560000000000003,0.001,-1.3350909953886303
0.4560000000000003,0.501,-1.6102335614682137
0.4560000000000003,1.001,-0.6389444012711888
0.4560000000000003,1.501,-0.3687893983192701
0.4560000000000003,2.001,-0.25183799775758164
0.4560000000000003,2.501,-0.19000306379578275
0.4560000000000003,3.001,-0.15328847947158297
0.4560000000000003,3.501,-0.1297655479717348
0.4560000000000003,4.0009999999999994,-0.11386220497687924
0.4560000000000003,4.5009999999999994,-0.10267321830934045
0.4560000000000003,5.0009999999999994,-0.09455725801324741
0.4560000000000003,5.5009999999999994,-0.08852842081048147
0.4560000000000003,6.0009999999999994,-0.08396512208359155
0.4560000000000003,6.5009999999999994,-0.08045979000235418
0.4560000000000003,7.0009999999999994,-0.07773636929274817
0.4560000000000003,7.5009999999999994,-0.07560271467382493
0.4560000000000003,8.001,-0.07392194222151274
0.4560000000000003,8.501,-0.07259456474015083
0.4560000000000003,9.001,-0.07154700578449512
0.4560000000000003,9.501,-0.0707240159190431
0.4560000000000003,10.001,-0.07008354743676236
0.4560000000000003,10.501,-0.06959321852267766
0.4560000000000003,11.001,-0.06922782887494545
0.4560000000000003,11.501,-0.06896758529348584
0.4560000000000003,12.001,-0.06879681556920729
0.4560000000000003,12.501,-0.06870302385979248
0.4560000000000003,13.001,-0.06867618852820875
0.4560000000000003,13.501,-0.06870823454090817
0.4560000000000003,14.001,-0.06879263315688099
0.4560000000000003,14.501,-0.06892409554759711
0.4560000000000003,15.001,-0.06909833650701397
0.4560000000000003,15.501,-0.06931189101799289
0.4560000000000003,16.000999999999998,-0.06956197108807234
0.4560000000000003,16.500999999999998,-0.06984635357600263
0.4560000000000003,17.000999999999998,-0.07016329211415398
0.4560000000000003,17.500999999999998,-0.07051144796924656
0.4560000000000003,18.000999999999998,-0.07088983596493824
0.4560000000000003,18.500999999999998,-0.0712977825461096
0.4560000000000003,19.000999999999998,-0.07173489378840214
0.4560000000000003,19.500999999999998,-0.0722010317132887
0.4560000000000003,20.000999999999998,-0.07269629770615253
0.4560000000000003,20.500999999999998,-0.0732210221876757
0.4560000000000003,21.000999999999998,-0.07377575998413205
0.4560000000000003,21.500999999999998,-0.07436129110139106
0.4560000000000003,22.000999999999998,-0.07497862684893854
0.4560000000000003,22.500999999999998,-0.07562902150101333
0.4560000000000003,23.000999999999998,-0.07631398993966634
0.4560000000000003,23.500999999999998,-0.07703533201919228
0.4560000000000003,24.000999999999998,-0.0777951647478844
0.4560000000000003,24.500999999999998,-0.07859596383459869
0.4560000000000003,25.000999999999998,-0.07944061674046994
0.4560000000000003,25.500999999999998,-0.08033249017737994
0.4560000000000003,26.000999999999998,-0.08127551610425669
0.4560000000000003,26.500999999999998,-0.08227430184251554
0.4560000000000003,27.000999999999998,-0.08333427220116843
0.4560000000000003,27.500999999999998,-0.0844618548518776
0.4560000000000003,28.000999999999998,-0.08566472525081996
0.4560000000000003,28.500999999999998,-0.086952135225014
0.4560000000000003,29.000999999999998,-0.08833536176612153
0.4560000000000003,29.500999999999998,-0.08982833292045898
0.4560000000000003,30.000999999999998,-0.09144852214235195
0.4560000000000003,30.500999999999998,-0.0932182632624885
0.4560000000000003,31.000999999999998,-0.0951667504455319
0.4560000000000003,31.500999999999998,-0.09733320634372374
0.4560000000000003,32.001,-0.09977215746925175
0.4560000000000003,32.501,-0.10256278576844577
0.4560000000000003,33.001,-0.10582690641316365
0.4560000000000003,33.501,-0.1097675397516736
0.4560000000000003,34.001,-0.11476590102268588
0.4560000000000003,34.501,-0.1216964660449702
0.4560000000000003,35.001,-0.1336645837907796
0.4560000000000003,35.501,-0.12444834445023689
0.4560000000000003,36.001,-0.10149199823654764
0.4560000000000003,36.501,-0.08968524060032618
0.4560000000000003,37.001,-0.08128881657070297
0.4560000000000003,37.501,-0.07466170694178201
0.4560000000000003,38.001,-0.06914522578423138
0.4560000000000003,38.501,-0.06440170308317662
0.4560000000000003,39.001,-0.06023243985360335
0.4560000000000003,39.501,-0.05650951535886829
0.4610000000000003,0.001,-1.3447046192588936
0.4610000000000003,0.501,-1.6085686712215037
0.4610000000000003,1.001,-0.6386236836396815
0.4610000000000003,1.501,-0.3689574653470568
0.4610000000000003,2.001,-0.25225455138872477
0.4610000000000003,2.501,-0.1905656280233748
0.4610000000000003,3.001,-0.1539437617546109
0.4610000000000003,3.501,-0.1304823877225951
0.4610000000000003,4.0009999999999994,-0.1146209306349111
0.4610000000000003,4.5009999999999994,-0.10346073499284945
0.4610000000000003,5.0009999999999994,-0.09536451353276612
0.4610000000000003,5.5009999999999994,-0.08934898628642489
0.4610000000000003,6.0009999999999994,-0.08479434461949452
0.4610000000000003,6.5009999999999994,-0.08129426053529837
0.4610000000000003,7.0009999999999994,-0.07857357429181452
0.4610000000000003,7.5009999999999994,-0.07644080024623966
0.4610000000000003,8.001,-0.07475954971768331
0.4610000000000003,8.501,-0.07343071339658305
0.4610000000000003,9.001,-0.07238100722707344
0.4610000000000003,9.501,-0.07155541080272416
0.4610000000000003,10.001,-0.07091205781475433
0.4610000000000003,10.501,-0.07041871161828499
0.4610000000000003,11.001,-0.07005028926962012
0.4610000000000003,11.501,-0.06978709342959917
0.4610000000000003,12.001,-0.0696135310634303
0.4610000000000003,12.501,-0.06951717253443629
0.4610000000000003,13.001,-0.06948805235667779
0.4610000000000003,13.501,-0.06951814390974562
0.4610000000000003,14.001,-0.06960096099684945
0.4610000000000003,14.501,-0.06973125299712045
0.4610000000000003,15.001,-0.0699047698547704
0.4610000000000003,15.501,-0.07011807973550871
0.4610000000000003,16.000999999999998,-0.07036842681345734
0.4610000000000003,16.500999999999998,-0.07065361995051683
0.4610000000000003,17.000999999999998,-0.07097194540706077
0.4610000000000003,17.500999999999998,-0.07132209845569386
0.4610000000000003,18.000999999999998,-0.07170313004818897
0.4610000000000003,18.500999999999998,-0.0721144056408943
0.4610000000000003,19.000999999999998,-0.07255557400788762
0.4610000000000003,19.500999999999998,-0.07302654442957286
0.4610000000000003,20.000999999999998,-0.0735274710848348
0.4610000000000003,20.500999999999998,-0.07405874383271197
0.4610000000000003,21.000999999999998,-0.0746209848720448
0.4610000000000003,21.500999999999998,-0.07521505103684006
0.4610000000000003,22.000999999999998,-0.07584204174036907
0.4610000000000003,22.500999999999998,-0.0765033128407383
0.4610000000000003,23.000999999999998,-0.07720049698432072
0.4610000000000003,23.500999999999998,-0.07793553131396708
0.4610000000000003,24.000999999999998,-0.0787106938354886
0.4610000000000003,24.500999999999998,-0.0795286502580839
0.4610000000000003,25.000999999999998,-0.08039251381826398
0.4610000000000003,25.500999999999998,-0.08130592154463312
0.4610000000000003,26.000999999999998,-0.08227313174651184
0.4610000000000003,26.500999999999998,-0.08329914940409593
0.4610000000000003,27.000999999999998,-0.08438988890412011
0.4610000000000003,27.500999999999998,-0.0855523876929978
0.4610000000000003,28.000999999999998,-0.08679509072500162
0.4610000000000003,28.500999999999998,-0.08812823546417516
0.4610000000000003,29.000999999999998,-0.08956438312993613
0.4610000000000003,29.500999999999998,-0.09111916840188149
0.4610000000000003,30.000999999999998,-0.09281238562045088
0.4610000000000003,30.500999999999998,-0.09466961212362712
0.4610000000000003,31.000999999999998,-0.09672472593195203
0.4610000000000003,31.500999999999998,-0.09902399010458579
0.4610000000000003,32.001,-0.10163305835926195
0.4610000000000003,32.501,-0.10464987527524189
0.4610000000000003,33.001,-0.10823076799890463
0.4610000000000003,33.501,-0.11265059536421448
0.4610000000000003,34.001,-0.11847181150635513
0.4610000000000003,34.501,-0.1272196520492861
0.4610000000000003,35.001,-0.14916059005297036
0.4610000000000003,35.501,-0.11060828512735259
0.4610000000000003,36.001,-0.0953177805962036
0.4610000000000003,36.501,-0.08550378061516861
0.4610000000000003,37.001,-0.07807291952327391
0.4610000000000003,37.501,-0.07202640006016259
0.4610000000000003,38.001,-0.06690138133056028
0.4610000000000003,38.501,-0.06244140194374527
0.4610000000000003,39.001,-0.058487873052475325
0.4610000000000003,39.501,-0.054935097923446946
0.4660000000000003,0.001,-1.3542639790828475
0.4660000000000003,0.501,-1.6069595896680724
0.4660000000000003,1.001,-0.6383358481630781
0.4660000000000003,1.501,-0.36914927264631925
0.4660000000000003,2.001,-0.2526896693076137
0.4660000000000003,2.501,-0.19114331738293722
0.4660000000000003,3.001,-0.15461166313383592
0.4660000000000003,3.501,-0.13120990880197242
0.4660000000000003,4.0009999999999994,-0.11538877716068235
0.4660000000000003,4.5009999999999994,-0.10425607913164575
0.4660000000000003,5.0009999999999994,-0.0961785016784274
0.4660000000000003,5.5009999999999994,-0.09017534314766898
0.4660000000000003,6.0009999999999994,-0.08562853992587714
0.4660000000000003,6.5009999999999994,-0.08213298571109226
0.4660000000000003,7.0009999999999994,-0.07941439993919122
0.4660000000000003,7.5009999999999994,-0.07728194418188539
0.4660000000000003,8.001,-0.0755997153335988
0.4660000000000003,8.501,-0.07426897429058199
0.4660000000000003,9.001,-0.07321672317739784
0.4660000000000003,9.501,-0.07238816552380092
0.4660000000000003,10.001,-0.07174161219278559
0.4660000000000003,10.501,-0.07124496817082786
0.4660000000000003,11.001,-0.07087326489142357
0.4660000000000003,11.501,-0.07060689835739917
0.4660000000000003,12.001,-0.07043035258003019
0.4660000000000003,12.501,-0.07033126233730312
0.4660000000000003,13.001,-0.07029971680058121
0.4660000000000003,13.501,-0.07032773653618662
0.4660000000000003,14.001,-0.07040887691086237
0.4660000000000003,14.501,-0.07053792476146635
0.4660000000000003,15.001,-0.07071066465404723
0.4660000000000003,15.501,-0.07092369762620561
0.4660000000000003,16.000999999999998,-0.07117429992599608
0.4660000000000003,16.500999999999998,-0.0714603125498663
0.4660000000000003,17.000999999999998,-0.0717800547525272
0.4660000000000003,17.500999999999998,-0.07213225643024945
0.4660000000000003,18.000999999999998,-0.07251600555505033
0.4660000000000003,18.500999999999998,-0.0729307077915844
0.4660000000000003,19.000999999999998,-0.07337605615320869
0.4660000000000003,19.500999999999998,-0.07385200911428831
0.4660000000000003,20.000999999999998,-0.07435877604010373
0.4660000000000003,20.500999999999998,-0.07489680915942509
0.4660000000000003,21.000999999999998,-0.07546680161566965
0.4660000000000003,21.500999999999998,-0.07606969141345188
0.4660000000000003,22.000999999999998,-0.07670667134854631
0.4660000000000003,22.500999999999998,-0.0773792052908962
0.4660000000000003,23.000999999999998,-0.07808905150412772
0.4660000000000003,23.500999999999998,-0.0788382940574646
0.4660000000000003,24.000999999999998,-0.07962938385134762
0.4660000000000003,24.500999999999998,-0.08046519138377668
0.4660000000000003,25.000999999999998,-0.08134907419861627
0.4660000000000003,25.500999999999998,-0.0822849630808665
0.4660000000000003,26.000999999999998,-0.08327747265132153
0.4660000000000003,26.500999999999998,-0.08433204430466856
0.4660000000000003,27.000999999999998,-0.08545513281583372
0.4660000000000003,27.500999999999998,-0.08665445304117607
0.4660000000000003,28.000999999999998,-0.08793931103046972
0.4660000000000003,28.500999999999998,-0.08932105639887011
0.4660000000000003,29.000999999999998,-0.09081371332976898
0.4660000000000003,29.500999999999998,-0.09243488235574551
0.4660000000000003,30.000999999999998,-0.09420706637492195
0.4660000000000003,30.500999999999998,-0.09615968755441626
0.4660000000000003,31.000999999999998,-0.09833228250402143
0.4660000000000003,31.500999999999998,-0.10077982288452354
0.4660000000000003,32.001,-0.10358214756119104
0.4660000000000003,32.501,-0.10686209604094185
0.4660000000000003,33.001,-0.11082441607982249
0.4660000000000003,33.501,-0.11585360269521769
0.4660000000000003,34.001,-0.12283174845003508
0.4660000000000003,34.501,-0.13489184979711621
0.4660000000000003,35.001,-0.12552594090490854
0.4660000000000003,35.501,-0.10233323203438874
0.4660000000000003,36.001,-0.09039659620529097
0.4660000000000003,36.501,-0.08190583349388986
0.4660000000000003,37.001,-0.07520368900058122
0.4660000000000003,37.501,-0.06962470880140684
0.4660000000000003,38.001,-0.06482764897088118
0.4660000000000003,38.501,-0.06061165266742388
0.4660000000000003,39.001,-0.056847377348153205
0.4660000000000003,39.501,-0.05344606261059545
0.4710000000000003,0.001,-1.3637696557745507
0.4710000000000003,0.501,-1.6054052698331875
0.4710000000000003,1.001,-0.6380802696946681
0.4710000000000003,1.501,-0.36936435908844617
0.4710000000000003,2.001,-0.25314298031231686
0.4710000000000003,2.501,-0.19173581839470094
0.4710000000000003,3.001,-0.15529191082535307
0.4710000000000003,3.501,-0.13194786902091876
0.4710000000000003,4.0009999999999994,-0.11616552649788758
0.4710000000000003,4.5009999999999994,-0.1050590524422049
0.4710000000000003,5.0009999999999994,-0.0969990408795211
0.4710000000000003,5.5009999999999994,-0.09100732432104322
0.4710000000000003,6.0009999999999994,-0.08646755378168264
0.4710000000000003,6.5009999999999994,-0.08297582291104784
0.4710000000000003,7.0009999999999994,-0.08025871424989997
0.4710000000000003,7.5009999999999994,-0.07812602436431353
0.4710000000000003,8.001,-0.07644232620592746
0.4710000000000003,8.501,-0.07510924330852672
0.4710000000000003,9.001,-0.07405405785334811
0.4710000000000003,9.501,-0.07322219227951422
0.4710000000000003,10.001,-0.07257213044777334
0.4710000000000003,10.501,-0.07207191548005976
0.4710000000000003,11.001,-0.07169669024232996
0.4710000000000003,11.501,-0.07142694159229682
0.4710000000000003,12.001,-0.07124722848825439
0.4710000000000003,12.501,-0.07114524835978593
0.4710000000000003,13.001,-0.07111114356952163
0.4710000000000003,13.501,-0.07113698067268728
0.4710000000000003,14.001,-0.07121635564916215
0.4710000000000003,14.501,-0.07134409207645068
0.4710000000000003,15.001,-0.07151600865032941
0.4710000000000003,15.501,-0.07172873901005401
0.4710000000000003,16.000999999999998,-0.07197959143118253
0.4710000000000003,16.500999999999998,-0.0722664392291125
0.4710000000000003,17.000999999999998,-0.0725876350805492
0.4710000000000003,17.500999999999998,-0.0729419441947274
0.4710000000000003,18.000999999999998,-0.07332849254007202
0.4710000000000003,18.500999999999998,-0.07374672728583977
0.4710000000000003,19.000999999999998,-0.07419638734404964
0.4710000000000003,19.500999999999998,-0.07467748246034031
0.4710000000000003,20.000999999999998,-0.07519027975127268
0.4710000000000003,20.500999999999998,-0.07573529695612467
0.4710000000000003,21.000999999999998,-0.07631330199174097
0.4710000000000003,21.500999999999998,-0.07692531869325285
0.4710000000000003,22.000999999999998,-0.07757263891312671
0.4710000000000003,22.500999999999998,-0.07825684145793936
0.4710000000000003,23.000999999999998,-0.07897981869119973
0.4710000000000003,23.500999999999998,-0.07974381205198271
0.4710000000000003,24.000999999999998,-0.08055145827370544
0.4710000000000003,24.500999999999998,-0.08140584879204499
0.4710000000000003,25.000999999999998,-0.08231060578872554
0.4710000000000003,25.500999999999998,-0.08326997965334504
0.4710000000000003,26.000999999999998,-0.08428897455059434
0.4710000000000003,26.500999999999998,-0.08537351155850306
0.4710000000000003,27.000999999999998,-0.08653064298601686
0.4710000000000003,27.500999999999998,-0.08776883780249753
0.4710000000000003,28.000999999999998,-0.08909836801729108
0.4710000000000003,28.500999999999998,-0.09053184181074893
0.4710000000000003,29.000999999999998,-0.09208495578406475
0.4710000000000003,29.500999999999998,-0.09377758456195565
0.4710000000000003,30.000999999999998,-0.09563540861758005
0.4710000000000003,30.500999999999998,-0.09769243770972336
0.4710000000000003,31.000999999999998,-0.09999510205812584
0.4710000000000003,31.500999999999998,-0.10260926411835408
0.4710000000000003,32.001,-0.10563311672214779
0.4710000000000003,32.501,-0.10922323370162093
0.4710000000000003,33.001,-0.11365450129746368
0.4710000000000003,33.501,-0.11948801680743537
0.4710000000000003,34.001,-0.12823725648453066
0.4710000000000003,34.501,-0.14977080745294957
0.4710000000000003,35.001,-0.11182731171799175
0.4710000000000003,35.501,-0.096245151498101
0.4710000000000003,36.001,-0.08627763291884846
0.4710000000000003,36.501,-0.07873958512978357
0.4710000000000003,37.001,-0.07260989489397066
0.4710000000000003,37.501,-0.06741672876453014
0.4710000000000003,38.001,-0.06289904396548977
0.4710000000000003,38.501,-0.058895569316201254
0.4710000000000003,39.001,-0.05529888535729652
0.4710000000000003,39.501,-0.052033410774813826
0.4760000000000003,0.001,-1.3732222179147542
0.4760000000000003,0.501,-1.6039046966715245
0.4760000000000003,1.001,-0.6378563422584427
0.4760000000000003,1.501,-0.3696022777377316
0.4760000000000003,2.001,-0.25361412465844346
0.4760000000000003,2.501,-0.19234282728252905
0.4760000000000003,3.001,-0.15598424052041307
0.4760000000000003,3.501,-0.1326960337547698
0.4760000000000003,4.0009999999999994,-0.11695096745182955
0.4760000000000003,4.5009999999999994,-0.10586946294447133
0.4760000000000003,5.0009999999999994,-0.09782595541526276
0.4760000000000003,5.5009999999999994,-0.09184476820780274
0.4760000000000003,6.0009999999999994,-0.08731123712433576
0.4760000000000003,6.5009999999999994,-0.08382263440521684
0.4760000000000003,7.0009999999999994,-0.08110638989424496
0.4760000000000003,7.5009999999999994,-0.07897292312766277
0.4760000000000003,8.001,-0.07728727374020579
0.4760000000000003,8.501,-0.07595142044242428
0.4760000000000003,9.001,-0.07489291943016636
0.4760000000000003,9.501,-0.07405740708845955
0.4760000000000003,10.001,-0.07340353615214493
0.4760000000000003,10.501,-0.07289948442398794
0.4760000000000003,11.001,-0.07252050329273779
0.4760000000000003,11.501,-0.07224716801494356
0.4760000000000003,12.001,-0.07206411042557793
0.4760000000000003,12.501,-0.07195908887046
0.4760000000000003,13.001,-0.07192229746527222
0.4760000000000003,13.501,-0.07194584758520378
0.4760000000000003,14.001,-0.0720233749037159
0.4760000000000003,14.501,-0.07214973905554589
0.4760000000000003,15.001,-0.07232079241149
0.4760000000000003,15.501,-0.0725332009843503
0.4760000000000003,16.000999999999998,-0.07278430507876243
0.4760000000000003,16.500999999999998,-0.07307201056870881
0.4760000000000003,17.000999999999998,-0.07339470404464095
0.4760000000000003,17.500999999999998,-0.0737511867930277
0.4760000000000003,18.000999999999998,-0.07414062384320923
0.4760000000000003,18.500999999999998,-0.07456250527019656
0.4760000000000003,19.000999999999998,-0.07501661766939778
0.4760000000000003,19.500999999999998,-0.07550302428593858
0.4760000000000003,20.000999999999998,-0.07602205273552382
0.4760000000000003,20.500999999999998,-0.07657428963222976
0.4760000000000003,21.000999999999998,-0.07716058177026999
0.4760000000000003,21.500999999999998,-0.07778204381644652
0.4760000000000003,22.000999999999998,-0.07844007278088973
0.4760000000000003,22.500999999999998,-0.07913636986999306
0.4760000000000003,23.000999999999998,-0.07987297071519932
0.4760000000000003,23.500999999999998,-0.08065228545007021
0.4760000000000003,24.000999999999998,-0.08147715072408666
0.4760000000000003,24.500999999999998,-0.08235089656357875
0.4760000000000003,25.000999999999998,-0.08327743211941217
0.4760000000000003,25.500999999999998,-0.08426135593156206
0.4760000000000003,26.000999999999998,-0.08530809863245727
0.4760000000000003,26.500999999999998,-0.08642410938747924
0.4760000000000003,27.000999999999998,-0.08761710246120709
0.4760000000000003,27.500999999999998,-0.08889638816246033
0.4760000000000003,28.000999999999998,-0.09027332490431211
0.4760000000000003,28.500999999999998,-0.09176194953656809
0.4760000000000003,29.000999999999998,-0.09337987768041185
0.4760000000000003,29.500999999999998,-0.09514962667688731
0.4760000000000003,30.000999999999998,-0.09710062601786448
0.4760000000000003,30.500999999999998,-0.09927239869044131
0.4760000000000003,31.000999999999998,-0.10171985126441548
0.4760000000000003,31.500999999999998,-0.10452263489861624
0.4760000000000003,32.001,-0.10780309860142094
0.4760000000000003,32.501,-0.11176468079137747
0.4760000000000003,33.001,-0.11678796196285482
0.4760000000000003,33.501,-0.12373997263641999
0.4760000000000003,34.001,-0.1356429432893648
0.4760000000000003,34.501,-0.12774704369443501
0.4760000000000003,35.001,-0.10357570027937638
0.4760000000000003,35.501,-0.09136969745917511
0.4760000000000003,36.001,-0.0827213577272437
0.4760000000000003,36.501,-0.07590705024291752
0.4760000000000003,37.001,-0.07024075848658592
0.4760000000000003,37.501,-0.06537222982215846
0.4760000000000003,38.001,-0.0610958444055133
0.4760000000000003,38.501,-0.057279421272508194
0.4760000000000003,39.001,-0.05383236191304214
0.4760000000000003,39.501,-0.050689526599022025
0.4810000000000003,0.001,-1.382622222139693
0.4810000000000003,0.501,-1.6024568857880057
0.4810000000000003,1.001,-0.6376634782795116
0.4810000000000003,1.501,-0.36986259528081417
0.4810000000000003,2.001,-0.25410275359809953
0.4810000000000003,2.501,-0.19296404958331065
0.4810000000000003,3.001,-0.15668839604440032
0.4810000000000003,3.501,-0.13345417563913495
0.4810000000000003,4.0009999999999994,-0.11774489541421465
0.4810000000000003,4.5009999999999994,-0.10668712470974914
0.4810000000000003,5.0009999999999994,-0.09865907518163008
0.4810000000000003,5.5009999999999994,-0.09268751846627013
0.4810000000000003,6.0009999999999994,-0.08815944584574101
0.4810000000000003,6.5009999999999994,-0.08467328715979207
0.4810000000000003,7.0009999999999994,-0.08195730401503422
0.4810000000000003,7.5009999999999994,-0.07982252708239868
0.4810000000000003,8.001,-0.07813445344400236
0.4810000000000003,8.501,-0.07679540962959155
0.4810000000000003,9.001,-0.07573321988590435
0.4810000000000003,9.501,-0.0748937296411663
0.4810000000000003,10.001,-0.07423575642902774
0.4810000000000003,10.501,-0.07372760931824772
0.4810000000000003,11.001,-0.07334464534470059
0.4810000000000003,11.501,-0.07306752573805328
0.4810000000000003,12.001,-0.0728809531679234
0.4810000000000003,12.501,-0.07277274518859032
0.4810000000000003,13.001,-0.07273314625851952
0.4810000000000003,13.501,-0.07275431143318531
0.4810000000000003,14.001,-0.07282991519154189
0.4810000000000003,14.501,-0.07295485257669834
0.4810000000000003,15.001,-0.073125009218331
0.4810000000000003,15.501,-0.07333708331831153
0.4810000000000003,16.000999999999998,-0.07358844726182209
0.4810000000000003,16.500999999999998,-0.07387703977865683
0.4810000000000003,17.000999999999998,-0.07420128193180102
0.4810000000000003,17.500999999999998,-0.07456001192786277
0.4810000000000003,18.000999999999998,-0.0749524350145327
0.4810000000000003,18.500999999999998,-0.07537808568434018
0.4810000000000003,19.000999999999998,-0.07583680013342048
0.4810000000000003,19.500999999999998,-0.07632869749473449
0.4810000000000003,20.000999999999998,-0.07685416882578522
0.4810000000000003,20.500999999999998,-0.07741387321846983
0.4810000000000003,21.000999999999998,-0.07800874074317221
0.4810000000000003,21.500999999999998,-0.07863998226664165
0.4810000000000003,22.000999999999998,-0.07930910651861761
0.4810000000000003,22.500999999999998,-0.08001794515248466
0.4810000000000003,23.000999999999998,-0.08076868698253731
0.4810000000000003,23.500999999999998,-0.08156392312635294
0.4810000000000003,24.000999999999998,-0.08240670549278202
0.4810000000000003,24.500999999999998,-0.08330062201726937
0.4810000000000003,25.000999999999998,-0.08424989338070141
0.4810000000000003,25.500999999999998,-0.08525949784644259
0.4810000000000003,26.000999999999998,-0.0863353336133109
0.4810000000000003,26.500999999999998,-0.08748443219611333
0.4810000000000003,27.000999999999998,-0.08871524261765258
0.4810000000000003,27.500999999999998,-0.09003801600829248
0.4810000000000003,28.000999999999998,-0.09146533600203555
0.4810000000000003,28.500999999999998,-0.09301286656449405
0.4810000000000003,29.000999999999998,-0.09470043413299466
0.4810000000000003,29.500999999999998,-0.09655364231829756
0.4810000000000003,30.000999999999998,-0.09860637121443089
0.4810000000000003,30.500999999999998,-0.10090482183595088
0.4810000000000003,31.000999999999998,-0.10351443130069464
0.4810000000000003,31.500999999999998,-0.10653255396668646
0.4810000000000003,32.001,-0.11011396664025394
0.4810000000000003,32.501,-0.11452919223160471
0.4810000000000003,33.001,-0.12032633021110639
0.4810000000000003,33.501,-0.12896111666949883
0.4810000000000003,34.001,-0.14916067851947065
0.4810000000000003,34.501,-0.11362989884110222
0.4810000000000003,35.001,-0.0974890320704825
0.4810000000000003,35.501,-0.08727708285713823
0.4810000000000003,36.001,-0.07958402067713391
0.4810000000000003,36.501,-0.07334102093146866
0.4810000000000003,37.001,-0.06805870954934903
0.4810000000000003,37.501,-0.06346772218537353
0.4810000000000003,38.001,-0.05940219056715758
0.4810000000000003,38.501,-0.055751882773892175
0.4810000000000003,39.001,-0.05243936599526593
0.4810000000000003,39.501,-0.049407903887700166
0.4860000000000003,0.001,-1.39197021351371
0.4860000000000003,0.501,-1.6010608822226433
0.4860000000000003,1.001,-0.6375011078531163
0.4860000000000003,1.501,-0.3701448914847437
0.4860000000000003,2.001,-0.2546085289420173
0.4860000000000003,2.501,-0.19359919977600748
0.4860000000000003,3.001,-0.15740412903297926
0.4860000000000003,3.501,-0.13422207428121477
0.4860000000000003,4.0009999999999994,-0.11854711210183239
0.4860000000000003,4.5009999999999994,-0.10751185762132384
0.4860000000000003,5.0009999999999994,-0.09949823546997143
0.4860000000000003,5.5009999999999994,-0.09353542380544527
0.4860000000000003,6.0009999999999994,-0.08901204059856263
0.4860000000000003,6.5009999999999994,-0.08552765265420487
0.4860000000000003,7.0009999999999994,-0.08281133805397956
0.4860000000000003,7.5009999999999994,-0.08067472694976816
0.4860000000000003,8.001,-0.07898376476840699
0.4860000000000003,8.501,-0.07764111860031428
0.4860000000000003,9.001,-0.07657487485453078
0.4860000000000003,9.501,-0.07573108315806208
0.4860000000000003,10.001,-0.07506872181458447
0.4860000000000003,10.501,-0.07455622778240945
0.4860000000000003,11.001,-0.07416906090189074
0.4860000000000003,11.501,-0.07388796597979332
0.4860000000000003,12.001,-0.0736977145063207
0.4860000000000003,12.501,-0.07358618156395869
0.4860000000000003,13.001,-0.07354366057182742
0.4860000000000003,13.501,-0.07356234915571122
0.4860000000000003,14.001,-0.07363595974412304
0.4860000000000003,14.501,-0.07375942217519131
0.4860000000000003,15.001,-0.07392865496115963
0.4860000000000003,15.501,-0.07414038835372035
0.4860000000000003,16.000999999999998,-0.0743920269219699
0.4860000000000003,16.500999999999998,-0.07468154260883428
0.4860000000000003,17.000999999999998,-0.0750073915787735
0.4860000000000003,17.500999999999998,-0.07536844988396418
0.4860000000000003,18.000999999999998,-0.07576396424568022
0.4860000000000003,18.500999999999998,-0.07619351520247987
0.4860000000000003,19.000999999999998,-0.07665699060893921
0.4860000000000003,19.500999999999998,-0.07715456804423343
0.4860000000000003,20.000999999999998,-0.07768670515781553
0.4860000000000003,20.500999999999998,-0.07825413737758552
0.4860000000000003,21.000999999999998,-0.07885788276517455
0.4860000000000003,21.500999999999998,-0.07949925415084189
0.4860000000000003,22.000999999999998,-0.08017987904422703
0.4860000000000003,22.500999999999998,-0.0809017282269587
0.4860000000000003,23.000999999999998,-0.08166715442582625
0.4860000000000003,23.500999999999998,-0.0824789430898336
0.4860000000000003,24.000999999999998,-0.08334037811977703
0.4860000000000003,24.500999999999998,-0.08425532652575574
0.4860000000000003,25.000999999999998,-0.08522834756857413
0.4860000000000003,25.500999999999998,-0.08626483421209225
0.4860000000000003,26.000999999999998,-0.08737119805273018
0.4860000000000003,26.500999999999998,-0.08855511391763927
0.4860000000000003,27.000999999999998,-0.08982584807499305
0.4860000000000003,27.500999999999998,-0.09119470628476861
0.4860000000000003,28.000999999999998,-0.09267565798115993
0.4860000000000003,28.500999999999998,-0.09428622677826831
0.4860000000000003,29.000999999999998,-0.09604879705961333
0.4860000000000003,29.500999999999998,-0.09799259596788924
0.4860000000000003,30.000999999999998,-0.10015682276686308
0.4860000000000003,30.500999999999998,-0.102595838031679
0.4860000000000003,31.000999999999998,-0.1053883135231973
0.4860000000000003,31.500999999999998,-0.10865469825762367
0.4860000000000003,32.001,-0.11259432534067618
0.4860000000000003,32.501,-0.11757734620495075
0.4860000000000003,33.001,-0.1244358269597006
0.4860000000000003,33.501,-0.13597067607748847
0.4860000000000003,34.001,-0.13131577058928734
0.4860000000000003,34.501,-0.10523163526171986
0.4860000000000003,35.001,-0.09260777609099302
0.4860000000000003,35.501,-0.0837364487570379
0.4860000000000003,36.001,-0.07677203692533716
0.4860000000000003,36.501,-0.07099324246186456
0.4860000000000003,37.001,-0.06603511207402697
0.4860000000000003,37.501,-0.06168456476972686
0.4860000000000003,38.001,-0.05780512482320779
0.4860000000000003,38.501,-0.05430349483034687
0.4860000000000003,39.001,-0.05111272561920459
0.4860000000000003,39.501,-0.04818293770247924
0.4910000000000003,0.001,-1.4012667258865357
0.4910000000000003,0.501,-1.5997157592955356
0.4910000000000003,1.001,-0.6373686780498735
0.4910000000000003,1.501,-0.37044875868196825
0.4910000000000003,2.001,-0.25513112264345816
0.4910000000000003,2.501,-0.19424800092917188
0.4910000000000003,3.001,-0.1581311986243868
0.4910000000000003,3.501,-0.13499951598552418
0.4910000000000003,4.0009999999999994,-0.11935742530828655
0.4910000000000003,4.5009999999999994,-0.10834348714704176
0.4910000000000003,5.0009999999999994,-0.10034327675667476
0.4910000000000003,5.5009999999999994,-0.09438833778891671
0.4910000000000003,6.0009999999999994,-0.08986888661216882
0.4910000000000003,6.5009999999999994,-0.08638560670732257
0.4910000000000003,7.0009999999999994,-0.0836683775867178
0.4910000000000003,7.5009999999999994,-0.08152941740446176
0.4910000000000003,8.001,-0.07983511095734025
0.4910000000000003,8.501,-0.0784884587329947
0.4910000000000003,9.001,-0.07741780348624169
0.4910000000000003,9.501,-0.07656939425438013
0.4910000000000003,10.001,-0.07590236612705975
0.4910000000000003,10.501,-0.07538528061280175
0.4910000000000003,11.001,-0.07499369754591209
0.4910000000000003,11.501,-0.07470844294337592
0.4910000000000003,12.001,-0.07451435512963145
0.4910000000000003,12.501,-0.07439936506264963
0.4910000000000003,13.001,-0.07435381376847401
0.4910000000000003,13.501,-0.07436994036343145
0.4910000000000003,14.001,-0.07444149440257501
0.4910000000000003,14.501,-0.07456343994224139
0.4910000000000003,15.001,-0.07473172804209292
0.4910000000000003,15.501,-0.07494312091131852
0.4910000000000003,16.000999999999998,-0.07519505546032026
0.4910000000000003,16.500999999999998,-0.0754855372652185
0.4910000000000003,17.000999999999998,-0.07581305829434234
0.4910000000000003,17.500999999999998,-0.07617653345751824
0.4910000000000003,18.000999999999998,-0.07657525230781663
0.4910000000000003,18.500999999999998,-0.0770088431816165
0.4910000000000003,19.000999999999998,-0.07747724779832821
0.4910000000000003,19.500999999999998,-0.07798070492236805
0.4910000000000003,20.000999999999998,-0.07851974216645599
0.4910000000000003,20.500999999999998,-0.07909517542558459
0.4910000000000003,21.000999999999998,-0.07970811580721114
0.4910000000000003,21.500999999999998,-0.08035998429462624
0.4910000000000003,22.000999999999998,-0.08105253477690033
0.4910000000000003,22.500999999999998,-0.08178788653432324
0.4910000000000003,23.000999999999998,-0.08256856782556724
0.4910000000000003,23.500999999999998,-0.08339757293977869
0.4910000000000003,24.000999999999998,-0.0842784360360105
0.4910000000000003,24.500999999999998,-0.08521532641634183
0.4910000000000003,25.000999999999998,-0.0862131717551469
0.4910000000000003,25.500999999999998,-0.08727781852986717
0.4910000000000003,26.000999999999998,-0.0884162429436624
0.4910000000000003,26.500999999999998,-0.08963683178555953
0.4910000000000003,27.000999999999998,-0.09094976228426482
0.4910000000000003,27.500999999999998,-0.0923675254490714
0.4910000000000003,28.000999999999998,-0.09390566299004799
0.4910000000000003,28.500999999999998,-0.09558383192767457
0.4910000000000003,29.000999999999998,-0.09742738993569006
0.4910000000000003,29.500999999999998,-0.099469843144784
0.4910000000000003,30.000999999999998,-0.1017567951270599
0.4910000000000003,30.500999999999998,-0.10435267289082258
0.4910000000000003,31.000999999999998,-0.10735299963370283
0.4910000000000003,31.500999999999998,-0.11090891285110618
0.4910000000000003,32.001,-0.11528269216555076
0.4910000000000003,32.501,-0.1209994967642444
0.4910000000000003,33.001,-0.12942093168781182
0.4910000000000003,33.501,-0.1478352221878449
0.4910000000000003,34.001,-0.11607247637866638
0.4910000000000003,34.501,-0.09906074058676499
0.4910000000000003,35.001,-0.08850647529551381
0.4910000000000003,35.501,-0.08060827705572346
0.4910000000000003,36.001,-0.0742208054151707
0.4910000000000003,36.501,-0.06882780932012625
0.4910000000000003,37.001,-0.06414760244594926
0.4910000000000003,37.501,-0.060007698821949826
0.4910000000000003,38.001,-0.056293914817191454
0.4910000000000003,38.501,-0.05292627088330962
0.4910000000000003,39.001,-0.049846292257237426
0.4910000000000003,39.501,-0.04700976310969493
0.49600000000000033,0.001,-1.4105122822360174
0.49600000000000033,0.501,-1.5984206175084748
0.49600000000000033,1.001,-0.6372656522551615
0.49600000000000033,1.501,-0.3707738012806542
0.49600000000000033,2.001,-0.25567021640261345
0.49600000000000033,2.501,-0.19491018436584728
0.49600000000000033,3.001,-0.15886937116691516
0.49600000000000033,3.501,-0.13578629349316212
0.49600000000000033,4.0009999999999994,-0.12017564866800029
0.49600000000000033,4.5009999999999994,-0.10918184412313883
0.49600000000000033,5.0009999999999994,-0.10119404450324468
0.49600000000000033,5.5009999999999994,-0.09524611864847635
0.49600000000000033,6.0009999999999994,-0.09072985351766255
0.49600000000000033,6.5009999999999994,-0.08724702931222164
0.49600000000000033,7.0009999999999994,-0.08452831216594199
0.49600000000000033,7.5009999999999994,-0.08238649692497807
0.49600000000000033,8.001,-0.08068839890422816
0.49600000000000033,8.501,-0.07933734491635525
0.49600000000000033,9.001,-0.07826192831454598
0.49600000000000033,9.501,-0.07740859281160366
0.49600000000000033,10.001,-0.07673662634215378
0.49600000000000033,10.501,-0.07621471166147246
0.49600000000000033,11.001,-0.07581850581859009
0.49600000000000033,11.501,-0.0755289137024851
0.49600000000000033,12.001,-0.07533083851299884
0.49600000000000033,12.501,-0.07521226545846328
0.49600000000000033,13.001,-0.07516358184683773
0.49600000000000033,13.501,-0.07517706723600055
0.49600000000000033,14.001,-0.0752465075182698
0.49600000000000033,14.501,-0.07536690042902859
0.49600000000000033,15.001,-0.07553422928280115
0.49600000000000033,15.501,-0.07574528820267117
0.49600000000000033,16.000999999999998,-0.0759975466540092
0.49600000000000033,16.500999999999998,-0.0762890443317394
0.49600000000000033,17.000999999999998,-0.07661830978740752
0.49600000000000033,17.500999999999998,-0.07698429789160226
0.49600000000000033,18.000999999999998,-0.0773863424958929
0.49600000000000033,18.500999999999998,-0.07782412161652809
0.49600000000000033,19.000999999999998,-0.07829763320170419
0.49600000000000033,19.500999999999998,-0.07880718013214505
0.49600000000000033,20.000999999999998,-0.0793533635910432
0.49600000000000033,20.500999999999998,-0.07993708436366236
0.49600000000000033,21.000999999999998,-0.08055955202257983
0.49600000000000033,21.500999999999998,-0.08122230235303651
0.49600000000000033,22.000999999999998,-0.08192722380709723
0.49600000000000033,22.500999999999998,-0.08267659428393782
0.49600000000000033,23.000999999999998,-0.08347313016631015
0.49600000000000033,23.500999999999998,-0.08432005036872389
0.49600000000000033,24.000999999999998,-0.08522115927050965
0.49600000000000033,24.500999999999998,-0.08618095396606287
0.49600000000000033,25.000999999999998,-0.08720476349633786
0.49600000000000033,25.500999999999998,-0.0882989309976186
0.49600000000000033,26.000999999999998,-0.08947105461580979
0.49600000000000033,26.500999999999998,-0.09073031059492284
0.49600000000000033,27.000999999999998,-0.09208789390221417
0.49600000000000033,27.500999999999998,-0.09355763122610987
0.49600000000000033,28.000999999999998,-0.09515685399704069
0.49600000000000033,28.500999999999998,-0.09690767655828188
0.49600000000000033,29.000999999999998,-0.09883892993104956
0.49600000000000033,29.500999999999998,-0.10098920514534698
0.49600000000000033,30.000999999999998,-0.10341187942867285
0.49600000000000033,30.500999999999998,-0.10618393318432928
0.49600000000000033,31.000999999999998,-0.10942266693222322
0.49600000000000033,31.500999999999998,-0.1133208854307531
0.49600000000000033,32.001,-0.11823285979103484
0.49600000000000033,32.501,-0.12494012409249693
0.49600000000000033,33.001,-0.13595252071978872
0.49600000000000033,33.501,-0.136854004819635
0.49600000000000033,34.001,-0.10733331077872676
0.49600000000000033,34.501,-0.09412114740630242
0.49600000000000033,35.001,-0.08495592994096227
0.49600000000000033,35.501,-0.07780128958835977
0.49600000000000033,36.001,-0.07188371377417388
0.49600000000000033,36.501,-0.06681722800702589
0.49600000000000033,37.001,-0.062378357833800316
0.49600000000000033,37.501,-0.058424772928459656
0.49600000000000033,38.001,-0.05485956467719566
0.49600000000000033,38.501,-0.05161340221896435
0.49600000000000033,39.001,-0.04863475240874986
0.49600000000000033,39.501,-0.04588412874069124
