0.01,0.01,-0.0674841430247937
0.01,2.01,-0.075187023644382
0.01,4.01,-0.08765343392499465
0.01,6.01,-0.11857752950244287
0.01,8.01,-0.11793150335518046
0.01,10.01,-0.08197591089577771
0.01,12.01,-0.06021500300241359
0.01,14.01,-0.04600674854914834
0.01,16.009999999999998,-0.03622511659025897
0.01,18.009999999999998,-0.029225562546987337
0.01,20.009999999999998,-0.02406964447896131
0.01,22.009999999999998,-0.020187539278053793
0.01,24.009999999999998,-0.01721587172655697
0.01,26.009999999999998,-0.01491355487537021
0.01,28.009999999999998,-0.013115337112575228
0.01,30.009999999999998,-0.011704831590543736
0.01,32.01,-0.01059818146825814
0.01,34.01,-0.00973380666980676
0.01,36.01,-0.00906576853389425
0.01,38.01,-0.008559362129915555
0.01,40.01,-0.008188122657377376
0.01,42.01,-0.007931754618541323
0.01,44.01,-0.007774679016743346
0.01,46.01,-0.007705005381063723
0.01,48.01,-0.007713804247497969
0.01,50.01,-0.007794599682622161
0.01,52.01,-0.00794303078601028
0.01,54.01,-0.008156652094414803
0.01,56.01,-0.008434859620519417
0.01,58.01,-0.00877894526552738
0.01,60.01,-0.009192301172092344
0.01,62.01,-0.00968082248353046
0.01,64.00999999999999,-0.010253601363400908
0.01,66.00999999999999,-0.010924086223843645
0.01,68.00999999999999,-0.011712040949058006
0.01,70.00999999999999,-0.01264698474372616
0.01,72.00999999999999,-0.013774608602004607
0.01,74.00999999999999,-0.015169820315267951
0.01,76.00999999999999,-0.016966709925014783
0.01,78.00999999999999,-0.01944118332979042
0.01,80.00999999999999,-0.018261324734243096
0.01,82.00999999999999,-0.011482808853032838
0.01,84.00999999999999,-0.008425664189745889
0.01,86.00999999999999,-0.006320445294245857
0.01,88.00999999999999,-0.004702337258883523
0.01,90.00999999999999,-0.0033896315900850287
0.01,92.00999999999999,-0.0022896287981741563
0.01,94.00999999999999,-0.001347688125166764
0.01,96.00999999999999,-0.0005284857500461591
0.01,98.00999999999999,0.0001923351952162624
0.03,0.01,-0.16961432712947985
0.03,2.01,-0.2563415849279173
0.03,4.01,-0.19914132313981792
0.03,6.01,-0.09381369703859706
0.03,8.01,-0.050685663785979225
0.03,10.01,-0.029105008877722105
0.03,12.01,-0.01704189232481343
0.03,14.01,-0.009838544395091308
0.03,16.009999999999998,-0.005369736255891578
0.03,18.009999999999998,-0.002551174834664893
0.03,20.009999999999998,-0.0007829679879168315
0.03,22.009999999999998,0.00028772201894853634
0.03,24.009999999999998,0.0008784829989767798
0.03,26.009999999999998,0.001128538659964171
0.03,28.009999999999998,0.0011295247398683981
0.03,30.009999999999998,0.0009429879560898288
0.03,32.01,0.0006107443621313664
0.03,34.01,0.00016120759514129477
0.03,36.01,-0.000386659443754705
0.03,38.01,-0.0010208572671386862
0.03,40.01,-0.0017348121792794208
0.03,42.01,-0.0025265000259610767
0.03,44.01,-0.003398083948193318
0.03,46.01,-0.0043560221570739435
0.03,48.01,-0.005411701471743189
0.03,50.01,-0.00658278568135723
0.03,52.01,-0.007895698746418559
0.03,54.01,-0.00939013591743666
0.03,56.01,-0.011127593193029969
0.03,58.01,-0.013208789268988774
0.03,60.01,-0.01581370059191449
0.03,62.01,-0.019311678746653016
0.03,64.00999999999999,-0.02467231863000221
0.03,66.00999999999999,-0.03660181814816059
0.03,68.00999999999999,-0.020743889042766354
0.03,70.00999999999999,-0.01357948094488471
0.03,72.00999999999999,-0.009410131610588615
0.03,74.00999999999999,-0.0064669317224937285
0.03,76.00999999999999,-0.004212649020482834
0.03,78.00999999999999,-0.002405321888783424
0.03,80.00999999999999,-0.0009132692877270662
0.03,82.00999999999999,0.0003438732449923959
0.03,84.00999999999999,0.0014190984332337097
0.03,86.00999999999999,0.0023493571220337566
0.03,88.00999999999999,0.003161524174877524
0.03,90.00999999999999,0.0038758000981928757
0.03,92.00999999999999,0.004507774135508742
0.03,94.00999999999999,0.00506973893015226
0.03,96.00999999999999,0.005571562871074717
0.03,98.00999999999999,0.00602128881870915
0.05,0.01,-0.2572875625647731
0.05,2.01,-0.48341255619369017
0.05,4.01,-0.13954080297850768
0.05,6.01,-0.055381549166014794
0.05,8.01,-0.023012390581545326
0.05,10.01,-0.007969222402199792
0.05,12.01,-0.0003146434476583443
0.05,14.01,0.003702771769520106
0.05,16.009999999999998,0.005751043454391907
0.05,18.009999999999998,0.00665834884512344
0.05,20.009999999999998,0.006869557123347601
0.05,22.009999999999998,0.006637805873093243
0.05,24.009999999999998,0.006113263528261203
0.05,26.009999999999998,0.00538750748126769
0.05,28.009999999999998,0.004517068501795347
0.05,30.009999999999998,0.003536501530052548
0.05,32.01,0.002465867376677994
0.05,34.01,0.001315053923735285
0.05,36.01,0.00008618385427229948
0.05,38.01,-0.0012252586493162335
0.05,40.01,-0.0026303113365337655
0.05,42.01,-0.0041474271102737974
0.05,44.01,-0.005804675695110914
0.05,46.01,-0.007644040092702484
0.05,48.01,-0.009729620709886717
0.05,50.01,-0.012164112813344705
0.05,52.01,-0.015125343852483878
0.05,54.01,-0.018960951412958525
0.05,56.01,-0.024505127413722884
0.05,58.01,-0.03485923426207384
0.05,60.01,-0.03538015663046602
0.05,62.01,-0.020147947633065613
0.05,64.00999999999999,-0.01347958940435531
0.05,66.00999999999999,-0.00916882424625512
0.05,68.00999999999999,-0.006022860362985378
0.05,70.00999999999999,-0.0035818005396203462
0.05,72.00999999999999,-0.0016159335200723534
0.05,74.00999999999999,7.298958204612775e-6
0.05,76.00999999999999,0.001371868027936012
0.05,78.00999999999999,0.0025345590744391424
0.05,80.00999999999999,0.003535674056656894
0.05,82.00999999999999,0.004404897636182151
0.05,84.00999999999999,0.0051647453001706705
0.05,86.00999999999999,0.005832705111604385
0.05,88.00999999999999,0.0064226288044791115
0.05,90.00999999999999,0.006945669304960502
0.05,92.00999999999999,0.007410932475826751
0.05,94.00999999999999,0.00782594231869769
0.05,96.00999999999999,0.008196980666552896
0.05,98.00999999999999,0.008529340177721138
0.07,0.01,-0.33680091338317725
0.07,2.01,-0.4069691064569617
0.07,4.01,-0.10296739390762047
0.07,6.01,-0.03243121743569344
0.07,8.01,-0.0069680267484399545
0.07,10.01,0.0038882337527336164
0.07,12.01,0.008723701668039608
0.07,14.01,0.010704705160422393
0.07,16.009999999999998,0.011204086094633199
0.07,18.009999999999998,0.0108845052704921
0.07,20.009999999999998,0.010090372044200251
0.07,22.009999999999998,0.009009834242462855
0.07,24.009999999999998,0.007748612988166748
0.07,26.009999999999998,0.006366226953416807
0.07,28.009999999999998,0.0048947474318821495
0.07,30.009999999999998,0.0033488259641934583
0.07,32.01,0.0017310335938452593
0.07,34.01,0.00003443510373987539
0.07,36.01,-0.00175673568484358
0.07,38.01,-0.0036680739901535074
0.07,40.01,-0.005738018952243714
0.07,42.01,-0.008024059328658111
0.07,44.01,-0.010615045634977576
0.07,46.01,-0.013657058589699518
0.07,48.01,-0.017414491878459577
0.07,50.01,-0.022444410837880173
0.07,52.01,-0.03029131176247419
0.07,54.01,-0.050097708994737936
0.07,56.01,-0.03149020431668145
0.07,58.01,-0.019592623861672105
0.07,60.01,-0.013161744546232661
0.07,62.01,-0.008801006195309808
0.07,64.00999999999999,-0.0055583075835622265
0.07,66.00999999999999,-0.0030214453172069506
0.07,68.00999999999999,-0.0009718221706673907
0.07,70.00999999999999,0.000721412193672987
0.07,72.00999999999999,0.0021431912994189692
0.07,74.00999999999999,0.003351936184509586
0.07,76.00999999999999,0.004389618366628353
0.07,78.00999999999999,0.005287427621271499
0.07,80.00999999999999,0.00606917460804859
0.07,82.00999999999999,0.006753440214529198
0.07,84.00999999999999,0.007354990767425231
0.07,86.00999999999999,0.007885742569383162
0.07,88.00999999999999,0.00835543869097713
0.07,90.00999999999999,0.008772135817026336
0.07,92.00999999999999,0.009142562056669641
0.07,94.00999999999999,0.009472384887298584
0.07,96.00999999999999,0.009766415121214086
0.07,98.00999999999999,0.010028764454060963
0.09000000000000001,0.01,-0.41057154280840236
0.09000000000000001,2.01,-0.35243757953402477
0.09000000000000001,4.01,-0.07758473425895959
0.09000000000000001,6.01,-0.016973975150962436
0.09000000000000001,8.01,0.0034752999209004404
0.09000000000000001,10.01,0.011301133947173237
0.09000000000000001,12.01,0.014100706972478515
0.09000000000000001,14.01,0.014612299734347295
0.09000000000000001,16.009999999999998,0.013992748773869742
0.09000000000000001,18.009999999999998,0.01278339193476422
0.09000000000000001,20.009999999999998,0.011254679830459849
0.09000000000000001,22.009999999999998,0.009546465434325403
0.09000000000000001,24.009999999999998,0.007730836812646184
0.09000000000000001,26.009999999999998,0.005842248980685392
0.09000000000000001,28.009999999999998,0.003892573899887067
0.09000000000000001,30.009999999999998,0.001878578041927427
0.09000000000000001,32.01,-0.00021484053247218505
0.09000000000000001,34.01,-0.00241427254237963
0.09000000000000001,36.01,-0.004760035685598293
0.09000000000000001,38.01,-0.007311861241359091
0.09000000000000001,40.01,-0.010160621849685903
0.09000000000000001,42.01,-0.01345289121069873
0.09000000000000001,44.01,-0.01744768494068944
0.09000000000000001,46.01,-0.022672098723595525
0.09000000000000001,48.01,-0.030495576702616402
0.09000000000000001,50.01,-0.04731356561021963
0.09000000000000001,52.01,-0.039971350430426676
0.09000000000000001,54.01,-0.023593922802827176
0.09000000000000001,56.01,-0.015651043959394182
0.09000000000000001,58.01,-0.01045780991545144
0.09000000000000001,60.01,-0.006674571247077019
0.09000000000000001,62.01,-0.00375666831690014
0.09000000000000001,64.00999999999999,-0.00142510585154575
0.09000000000000001,66.00999999999999,0.0004833949336781777
0.09000000000000001,68.00999999999999,0.0020731162572513546
0.09000000000000001,70.00999999999999,0.0034149035197026736
0.09000000000000001,72.00999999999999,0.0045591469202175055
0.09000000000000001,74.00999999999999,0.005542978420713583
0.09000000000000001,76.00999999999999,0.006394538890301311
0.09000000000000001,78.00999999999999,0.0071356463562753355
0.09000000000000001,80.00999999999999,0.007783538079218184
0.09000000000000001,82.00999999999999,0.008352049311583778
0.09000000000000001,84.00999999999999,0.00885243521158215
0.09000000000000001,86.00999999999999,0.009293958787415806
0.09000000000000001,88.00999999999999,0.009684320835012805
0.09000000000000001,90.00999999999999,0.010029980415017802
0.09000000000000001,92.00999999999999,0.010336397772736053
0.09000000000000001,94.00999999999999,0.010608221223460048
0.09000000000000001,96.00999999999999,0.01084943283363317
0.09000000000000001,98.00999999999999,0.01106346332857142
0.11000000000000001,0.01,-0.47990143811050745
0.11000000000000001,2.01,-0.3108993869200156
0.11000000000000001,4.01,-0.05881584667492088
0.11000000000000001,6.01,-0.0059253273076257905
0.11000000000000001,8.01,0.010640705753372547
0.11000000000000001,10.01,0.016128396765173355
0.11000000000000001,12.01,0.01736141311017597
0.11000000000000001,14.01,0.016743367965974504
0.11000000000000001,16.009999999999998,0.015262123051252912
0.11000000000000001,18.009999999999998,0.013363867602152898
0.11000000000000001,20.009999999999998,0.011260670381866964
0.11000000000000001,22.009999999999998,0.00905372455437414
0.11000000000000001,24.009999999999998,0.006787456796713582
0.11000000000000001,26.009999999999998,0.004474698804201769
0.11000000000000001,28.009999999999998,0.0021085146638469034
0.11000000000000001,30.009999999999998,-0.0003328702008869675
0.11000000000000001,32.01,-0.002885459727003062
0.11000000000000001,34.01,-0.005602663503088188
0.11000000000000001,36.01,-0.008563489807333948
0.11000000000000001,38.01,-0.011889896074295386
0.11000000000000001,40.01,-0.01578477903928
0.11000000000000001,42.01,-0.020626072408621236
0.11000000000000001,44.01,-0.02725582674555402
0.11000000000000001,46.01,-0.03831166917675222
0.11000000000000001,48.01,-0.09116624026659553
0.11000000000000001,50.01,-0.03338735747861346
0.11000000000000001,52.01,-0.02117657619113223
0.11000000000000001,54.01,-0.014132304677893916
0.11000000000000001,56.01,-0.00927862144943233
0.11000000000000001,58.01,-0.005656218804437155
0.11000000000000001,60.01,-0.0028259573042632943
0.11000000000000001,62.01,-0.0005477440551676228
0.11000000000000001,64.00999999999999,0.001324858237063175
0.11000000000000001,66.00999999999999,0.0028880576421363656
0.11000000000000001,68.00999999999999,0.004208554338322512
0.11000000000000001,70.00999999999999,0.005334508744760826
0.11000000000000001,72.00999999999999,0.006301815787973902
0.11000000000000001,74.00999999999999,0.007137917546789646
0.11000000000000001,76.00999999999999,0.007864234853524008
0.11000000000000001,78.00999999999999,0.008497780705851637
0.11000000000000001,80.00999999999999,0.00905226667725513
0.11000000000000001,82.00999999999999,0.009538883068015973
0.11000000000000001,84.00999999999999,0.00996686227062911
0.11000000000000001,86.00999999999999,0.01034389404909677
0.11000000000000001,88.00999999999999,0.01067643720417816
0.11000000000000001,90.00999999999999,0.010969957197905762
0.11000000000000001,92.00999999999999,0.01122910987711317
0.11000000000000001,94.00999999999999,0.011457885303743543
0.11000000000000001,96.00999999999999,0.011659721617724396
0.11000000000000001,98.00999999999999,0.011837596089675117
0.13,0.01,-0.5456077374560602
0.13,2.01,-0.27795830954700584
0.13,4.01,-0.04440709807112811
0.13,6.01,0.0022310613411895656
0.13,8.01,0.015667979360225674
0.13,10.01,0.01927988540172883
0.13,12.01,0.01925988875598208
0.13,14.01,0.017738882344993608
0.13,16.009999999999998,0.015566907420238772
0.13,18.009999999999998,0.013112262279094544
0.13,20.009999999999998,0.010538774586084028
0.13,22.009999999999998,0.007915046535545681
0.13,24.009999999999998,0.005261277188288376
0.13,26.009999999999998,0.0025700924653815054
0.13,28.009999999999998,-0.00018477353325241624
0.13,30.009999999999998,-0.0030465688332512886
0.13,32.01,-0.006078861614785613
0.13,34.01,-0.009375331130485788
0.13,36.01,-0.013081200147392785
0.13,38.01,-0.017441473929084943
0.13,40.01,-0.022925057162845618
0.13,42.01,-0.030630952829917395
0.13,44.01,-0.044437787521345674
0.13,46.01,-0.06654077247844195
0.13,48.01,-0.03227802087939055
0.13,50.01,-0.02078567099956878
0.13,52.01,-0.013836672395126395
0.13,54.01,-0.008969376546058139
0.13,56.01,-0.005310456582690349
0.13,58.01,-0.0024423774682484417
0.13,60.01,-0.00013103497921113924
0.13,62.01,0.0017686960310464538
0.13,64.00999999999999,0.0033532272680221716
0.13,66.00999999999999,0.004689926749385256
0.13,68.00999999999999,0.005827711979620428
0.13,70.00999999999999,0.006803190700176023
0.13,72.00999999999999,0.007644431680045152
0.13,74.00999999999999,0.008373389944940298
0.13,76.00999999999999,0.009007527022201336
0.13,78.00999999999999,0.009560928290980578
0.13,80.00999999999999,0.010045094510538517
0.13,82.00999999999999,0.010469515586026917
0.13,84.00999999999999,0.010842094853799366
0.13,86.00999999999999,0.011169468331534031
0.13,88.00999999999999,0.011457248644311415
0.13,90.00999999999999,0.011710213944844443
0.13,92.00999999999999,0.011932456014807625
0.13,94.00999999999999,0.01212749763630631
0.13,96.00999999999999,0.012298386529250489
0.13,98.00999999999999,0.012447771201866529
0.15,0.01,-0.6082518091064893
0.15,2.01,-0.2511228289958664
0.15,4.01,-0.03308282438060699
0.15,6.01,0.008352035018732589
0.15,8.01,0.019199771999283417
0.15,10.01,0.02126719580399788
0.15,12.01,0.020218681945177196
0.15,14.01,0.017956514102324878
0.15,16.009999999999998,0.015215050106261695
0.15,18.009999999999998,0.01229687158882176
0.15,20.009999999999998,0.009324571581146709
0.15,22.009999999999998,0.006338111846474575
0.15,24.009999999999998,0.0033352806461836304
0.15,26.009999999999998,0.00028843333086042873
0.15,28.009999999999998,-0.0028502887416883994
0.15,30.009999999999998,-0.006151179934735458
0.15,32.01,-0.009716956417634294
0.15,34.01,-0.013705750653459239
0.15,36.01,-0.01838357715698396
0.15,38.01,-0.02426048624077186
0.15,40.01,-0.03254149026941719
0.15,42.01,-0.04757712685902667
0.15,44.01,-0.06803018561361322
0.15,46.01,-0.03372217117345181
0.15,48.01,-0.021694412068003474
0.15,50.01,-0.014400348070807834
0.15,52.01,-0.009294756660436148
0.15,54.01,-0.005463529782809838
0.15,56.01,-0.0024671366943569925
0.15,58.01,-0.00005836503624472205
0.15,60.01,0.0019163050424296606
0.15,62.01,0.0035589506202079305
0.15,64.00999999999999,0.004940916521411965
0.15,66.00999999999999,0.006113997966640556
0.15,68.00999999999999,0.007116935930302007
0.15,70.00999999999999,0.007979411762223382
0.15,72.00999999999999,0.008724619331062219
0.15,74.00999999999999,0.009370984855426003
0.15,76.00999999999999,0.009933353603665467
0.15,78.00999999999999,0.010423830830265591
0.15,80.00999999999999,0.010852391437865056
0.15,82.00999999999999,0.011227330787025005
0.15,84.00999999999999,0.01155560383524047
0.15,86.00999999999999,0.011843084175281009
0.15,88.00999999999999,0.012094764568132684
0.15,90.00999999999999,0.01231491405935095
0.15,92.00999999999999,0.012507202420905306
0.15,94.00999999999999,0.01267479966747283
0.15,96.00999999999999,0.012820456356234793
0.15,98.00999999999999,0.012946568899065309
0.16999999999999998,0.01,-0.6682433181095017
0.16999999999999998,2.01,-0.22884463664396087
0.16999999999999998,4.01,-0.024051337971128683
0.16999999999999998,6.01,0.012968360356639778
0.16999999999999998,8.01,0.02163317726690492
0.16999999999999998,10.01,0.022405422149745963
0.16999999999999998,12.01,0.02049697809327017
0.16999999999999998,14.01,0.017614534358894107
0.16999999999999998,16.009999999999998,0.014393282122023229
0.16999999999999998,18.009999999999998,0.011079069809852668
0.16999999999999998,20.009999999999998,0.007758253721741593
0.16999999999999998,22.009999999999998,0.004444674907495998
0.16999999999999998,24.009999999999998,0.0011143050356824617
0.16999999999999998,26.009999999999998,-0.002282185891096907
0.16999999999999998,28.009999999999998,-0.005818483339259577
0.16999999999999998,30.009999999999998,-0.00960112126812689
0.16999999999999998,32.01,-0.01379143225278234
0.16999999999999998,34.01,-0.01865615245580865
0.16999999999999998,36.01,-0.024696996748951712
0.16999999999999998,38.01,-0.033067374124219354
0.16999999999999998,40.01,-0.04768479853490976
0.16999999999999998,42.01,-0.0848724882368516
0.16999999999999998,44.01,-0.03731022192475974
0.16999999999999998,46.01,-0.023733075299118098
0.16999999999999998,48.01,-0.015713931677511287
0.16999999999999998,50.01,-0.010171222546908287
0.16999999999999998,52.01,-0.006046074978585458
0.16999999999999998,54.01,-0.002839863872853755
0.16999999999999998,56.01,-0.00027564993898072395
0.16999999999999998,58.01,0.001817061625512015
0.16999999999999998,60.01,0.003550896946775584
0.16999999999999998,62.01,0.005004162260308642
0.16999999999999998,64.00999999999999,0.006233455989228184
0.16999999999999998,66.00999999999999,0.007280948544723779
0.16999999999999998,68.00999999999999,0.008178836890423563
0.16999999999999998,70.00999999999999,0.008952200877474746
0.16999999999999998,72.00999999999999,0.009620906280190768
0.16999999999999998,74.00999999999999,0.010200913794942637
0.16999999999999998,76.00999999999999,0.010705204029253948
0.16999999999999998,78.00999999999999,0.011144446380805674
0.16999999999999998,80.00999999999999,0.011527492446804151
0.16999999999999998,82.00999999999999,0.011861746382672895
0.16999999999999998,84.00999999999999,0.012153447176254625
0.16999999999999998,86.00999999999999,0.012407886728567328
0.16999999999999998,88.00999999999999,0.012629580379395548
0.16999999999999998,90.00999999999999,0.01282240170931868
0.16999999999999998,92.00999999999999,0.012989690150162495
0.16999999999999998,94.00999999999999,0.013134337651832969
0.16999999999999998,96.00999999999999,0.013258859051863253
0.16999999999999998,98.00999999999999,0.013365449629363754
0.18999999999999997,0.01,-0.7258944820473553
0.18999999999999997,2.01,-0.21009617402573494
0.18999999999999997,4.01,-0.016787972992298783
0.18999999999999997,6.01,0.016431057032191096
0.18999999999999997,8.01,0.02323006275041425
0.18999999999999997,10.01,0.022901572289761515
0.18999999999999997,12.01,0.020264227334070583
0.18999999999999997,14.01,0.016854764621168646
0.18999999999999997,16.009999999999998,0.01322197778593925
0.18999999999999997,18.009999999999998,0.009561811266731696
0.18999999999999997,20.009999999999998,0.0059279782296155215
0.18999999999999997,22.009999999999998,0.002309632064020087
0.18999999999999997,24.009999999999998,-0.0013395595727798268
0.18999999999999997,26.009999999999998,-0.005093482367570488
0.18999999999999997,28.009999999999998,-0.009058432872280038
0.18999999999999997,30.009999999999998,-0.013391797930125217
0.18999999999999997,32.01,-0.018346495720447012
0.18999999999999997,34.01,-0.024382050873584915
0.18999999999999997,36.01,-0.03250258679944186
0.18999999999999997,38.01,-0.04577264971564689
0.18999999999999997,40.01,-0.09602084174929695
0.18999999999999997,42.01,-0.043492018631794784
0.18999999999999997,44.01,-0.02698598229919662
0.18999999999999997,46.01,-0.017794717971829407
0.18999999999999997,48.01,-0.01159406427376194
0.18999999999999997,50.01,-0.00704420201442365
0.18999999999999997,52.01,-0.003542405105190379
0.18999999999999997,54.01,-0.0007627123229931756
0.18999999999999997,56.01,0.0014920277181009337
0.18999999999999997,58.01,0.0033503912260291822
0.18999999999999997,60.01,0.004900897527434239
0.18999999999999997,62.01,0.006207021507698765
0.18999999999999997,64.00999999999999,0.007315745311992548
0.18999999999999997,66.00999999999999,0.008262736664834543
0.18999999999999997,68.00999999999999,0.00907564096870137
0.18999999999999997,70.00999999999999,0.009776258975270064
0.18999999999999997,72.00999999999999,0.010382035507313387
0.18999999999999997,74.00999999999999,0.010907105819977173
0.18999999999999997,76.00999999999999,0.011363048653474792
0.18999999999999997,78.00999999999999,0.01175943936815437
0.18999999999999997,80.00999999999999,0.012104263517744481
0.18999999999999997,82.00999999999999,0.012404230939963967
0.18999999999999997,84.00999999999999,0.01266501760887835
0.18999999999999997,86.00999999999999,0.012891454170465125
0.18999999999999997,88.00999999999999,0.013087674543974191
0.18999999999999997,90.00999999999999,0.013257234221391839
0.18999999999999997,92.00999999999999,0.013403205299049335
0.18999999999999997,94.00999999999999,0.01352825343915565
0.18999999999999997,96.00999999999999,0.013634700679181998
0.18999999999999997,98.00999999999999,0.013724577034986392
0.20999999999999996,0.01,-0.7814511780340324
0.20999999999999996,2.01,-0.19416093213627017
0.20999999999999996,4.01,-0.010927445946449045
0.20999999999999996,6.01,0.018983949316498213
0.20999999999999996,8.01,0.02417173365299615
0.20999999999999996,10.01,0.022898339918099017
0.20999999999999996,12.01,0.019636565782648694
0.20999999999999996,14.01,0.015773687646252105
0.20999999999999996,16.009999999999998,0.011782236871681038
0.20999999999999996,18.009999999999998,0.00781353796446757
0.20999999999999996,20.009999999999998,0.003891191088500088
0.20999999999999996,22.009999999999998,-0.000019828528215271382
0.20999999999999996,24.009999999999998,-0.003989739243721313
0.20999999999999996,26.009999999999998,-0.008121613899239963
0.20999999999999996,28.009999999999998,-0.012564708024116926
0.20999999999999996,30.009999999999998,-0.017550447556313666
0.20999999999999996,32.01,-0.023480786854887532
0.20999999999999996,34.01,-0.031179879640190953
0.20999999999999996,36.01,-0.04287704033788357
0.20999999999999996,38.01,-0.07072023448693938
0.20999999999999996,40.01,-0.05392313452351724
0.20999999999999996,42.01,-0.03177087217185424
0.20999999999999996,44.01,-0.020760535590231968
0.20999999999999996,46.01,-0.013616531440250296
0.20999999999999996,48.01,-0.008482884456355363
0.20999999999999996,50.01,-0.004585184965300254
0.20999999999999996,52.01,-0.0015217351611525893
0.20999999999999996,54.01,0.0009439768599317128
0.20999999999999996,56.01,0.00296329825812689
0.20999999999999996,58.01,0.004638951490317685
0.20999999999999996,60.01,0.006043775312909606
0.20999999999999996,62.01,0.007231192094961206
0.20999999999999996,64.00999999999999,0.008241448648829936
0.20999999999999996,66.00999999999999,0.00910553433973128
0.20999999999999996,68.00999999999999,0.009847746002325405
0.20999999999999996,70.00999999999999,0.010487425995341512
0.20999999999999996,72.00999999999999,0.01104017455043569
0.20999999999999996,74.00999999999999,0.011518716493254451
0.20999999999999996,76.00999999999999,0.011933534117531936
0.20999999999999996,78.00999999999999,0.012293337876972569
0.20999999999999996,80.00999999999999,0.012605422136030177
0.20999999999999996,82.00999999999999,0.01287593789973151
0.20999999999999996,84.00999999999999,0.013110104556800669
0.20999999999999996,86.00999999999999,0.013312376147197253
0.20999999999999996,88.00999999999999,0.013486573260036858
0.20999999999999996,90.00999999999999,0.01363598863674093
0.20999999999999996,92.00999999999999,0.013763472433854335
0.20999999999999996,94.00999999999999,0.013871501598234703
0.20999999999999996,96.00999999999999,0.013962236705979583
0.20999999999999996,98.00999999999999,0.014037568852787329
0.22999999999999995,0.01,-0.8351120709028611
0.22999999999999995,2.01,-0.18051964835375733
0.22999999999999995,4.01,-0.006205470698911059
0.22999999999999995,6.01,0.020802993133991185
0.22999999999999995,8.01,0.024588542939964576
0.22999999999999995,10.01,0.022497797396651944
0.22999999999999995,12.01,0.018696512805603326
0.22999999999999995,14.01,0.014439255216181078
0.22999999999999995,16.009999999999998,0.010130495561305153
0.22999999999999995,18.009999999999998,0.005881052076005635
0.22999999999999995,20.009999999999998,0.0016860714422480428
0.22999999999999995,22.009999999999998,-0.002514011530866212
0.22999999999999995,24.009999999999998,-0.006816111836219503
0.22999999999999995,26.009999999999998,-0.011359414299797102
0.22999999999999995,28.009999999999998,-0.016351711700393682
0.22999999999999995,30.009999999999998,-0.022135840092127133
0.22999999999999995,32.01,-0.029367536207504975
0.22999999999999995,34.01,-0.039623639206661135
0.22999999999999995,36.01,-0.05895402515024363
0.22999999999999995,38.01,-0.07510389638129615
0.22999999999999995,40.01,-0.038787152329543814
0.22999999999999995,42.01,-0.024851212638078365
0.22999999999999995,44.01,-0.016351607379174737
0.22999999999999995,46.01,-0.01042310032941126
0.22999999999999995,48.01,-0.006003152502580801
0.22999999999999995,50.01,-0.002573002736320161
0.22999999999999995,52.01,0.00016154407674032946
0.22999999999999995,54.01,0.002383967234379072
0.22999999999999995,56.01,0.004216468635798448
0.22999999999999995,58.01,0.005744446314527097
0.22999999999999995,60.01,0.007029806710533383
0.22999999999999995,62.01,0.008118740225657154
0.22999999999999995,64.00999999999999,0.009046523054409034
0.22999999999999995,66.00999999999999,0.009840618298153346
0.22999999999999995,68.00999999999999,0.010522753585649608
0.22999999999999995,70.00999999999999,0.011110356251168851
0.22999999999999995,72.00999999999999,0.011617570735896135
0.22999999999999995,74.00999999999999,0.012055995992063948
0.22999999999999995,76.00999999999999,0.01243523030299606
0.22999999999999995,78.00999999999999,0.012763280623293394
0.22999999999999995,80.00999999999999,0.013046874701858861
0.22999999999999995,82.00999999999999,0.013291702221274107
0.22999999999999995,84.00999999999999,0.013502603287785244
0.22999999999999995,86.00999999999999,0.013683717330094632
0.22999999999999995,88.00999999999999,0.013838601851121582
0.22999999999999995,90.00999999999999,0.013970327953883905
0.22999999999999995,92.00999999999999,0.014081557799512428
0.22999999999999995,94.00999999999999,0.014174607865754965
0.22999999999999995,96.00999999999999,0.014251500966638493
0.22999999999999995,98.00999999999999,0.01431400927627365
0.24999999999999994,0.01,-0.8870410277923864
0.24999999999999994,2.01,-0.16878417449177074
0.24999999999999994,4.01,-0.0024248485387933227
0.24999999999999994,6.01,0.022019102483322686
0.24999999999999994,8.01,0.02457706608685439
0.24999999999999994,10.01,0.021775127859716543
0.24999999999999994,12.01,0.017504376748458214
0.24999999999999994,14.01,0.012900608574830925
0.24999999999999994,16.009999999999998,0.008306961164832698
0.24999999999999994,18.009999999999998,0.003796925979839605
0.24999999999999994,20.009999999999998,-0.000661913904616007
0.24999999999999994,22.009999999999998,-0.005154927649742089
0.24999999999999994,24.009999999999998,-0.009810021827781693
0.24999999999999994,26.009999999999998,-0.01481255117058951
0.24999999999999994,28.009999999999998,-0.02045239464772915
0.24999999999999994,30.009999999999998,-0.02724574431337893
0.24999999999999994,32.01,-0.03630578678302292
0.24999999999999994,34.01,-0.050989016928642904
0.24999999999999994,36.01,-0.10338856194351528
0.24999999999999994,38.01,-0.04967074417309523
0.24999999999999994,40.01,-0.03050758633715531
0.24999999999999994,42.01,-0.01999259416695049
0.24999999999999994,44.01,-0.012968193589894152
0.24999999999999994,46.01,-0.00785740824884279
0.24999999999999994,48.01,-0.003954660082722197
0.24999999999999994,50.01,-0.0008797273835053371
0.24999999999999994,52.01,0.0015966361351549823
0.24999999999999994,54.01,0.003623463666230357
0.24999999999999994,56.01,0.005303015487802723
0.24999999999999994,58.01,0.006708360564080081
0.24999999999999994,60.01,0.007893381711407906
0.24999999999999994,62.01,0.008898828077999658
0.24999999999999994,64.00999999999999,0.009756158807209264
0.24999999999999994,66.00999999999999,0.01049008237767625
0.24999999999999994,68.00999999999999,0.011120290060742737
0.24999999999999994,70.00999999999999,0.011662672290299485
0.24999999999999994,72.00999999999999,0.012130192458637694
0.24999999999999994,74.00999999999999,0.012533527443172536
0.24999999999999994,76.00999999999999,0.0128815454816421
0.24999999999999994,78.00999999999999,0.01318166825204632
0.24999999999999994,80.00999999999999,0.013440149000093542
0.24999999999999994,82.00999999999999,0.013662288800842599
0.24999999999999994,84.00999999999999,0.013852606569621364
0.24999999999999994,86.00999999999999,0.01401497403814009
0.24999999999999994,88.00999999999999,0.014152723885095973
0.24999999999999994,90.00999999999999,0.014268737067215249
0.24999999999999994,92.00999999999999,0.01436551388614774
0.24999999999999994,94.00999999999999,0.014445232213381022
0.24999999999999994,96.00999999999999,0.01450979550914008
0.24999999999999994,98.00999999999999,0.014560872643475345
0.26999999999999996,0.01,-0.9373755291658808
0.26999999999999996,2.01,-0.15865690424004694
0.26999999999999996,4.01,0.0005653245765641773
0.26999999999999996,6.01,0.022732137198896676
0.26999999999999996,8.01,0.02421061840023281
0.26999999999999996,10.01,0.020787027612327705
0.26999999999999996,12.01,0.016105226417296285
0.26999999999999996,14.01,0.01119401059381337
0.26999999999999996,16.009999999999998,0.006340747213163935
0.26999999999999996,18.009999999999998,0.0015839948971119316
0.26999999999999996,20.009999999999998,-0.0031360692798937375
0.26999999999999996,22.009999999999998,-0.007932884460016661
0.26999999999999996,24.009999999999998,-0.012971530268118762
0.26999999999999996,26.009999999999998,-0.018498020283046562
0.26999999999999996,28.009999999999998,-0.02492044558364152
0.26999999999999996,30.009999999999998,-0.033035208786607165
0.26999999999999996,32.01,-0.04484713134950298
0.26999999999999996,34.01,-0.06914348624736304
0.26999999999999996,36.01,-0.06976570131352658
0.26999999999999996,38.01,-0.03858783982641219
0.26999999999999996,40.01,-0.024863076077783788
0.26999999999999996,42.01,-0.016280835291294052
0.26999999999999996,44.01,-0.01024203304228776
0.26999999999999996,46.01,-0.005725594746384221
0.26999999999999996,48.01,-0.0022184875192093165
0.26999999999999996,50.01,0.0005752129790157643
0.26999999999999996,52.01,0.002842067661642579
0.26999999999999996,54.01,0.004707215306662811
0.26999999999999996,56.01,0.006258517206744623
0.26999999999999996,58.01,0.007559859528579449
0.26999999999999996,60.01,0.008658999335109647
0.26999999999999996,62.01,0.00959244682360037
0.26999999999999996,64.00999999999999,0.01038863714588002
0.26999999999999996,66.00999999999999,0.011070065321539393
0.26999999999999996,68.00999999999999,0.011654766374212498
0.26999999999999996,70.00999999999999,0.01215736756899535
0.26999999999999996,72.00999999999999,0.012589852711203234
0.26999999999999996,74.00999999999999,0.012962127746317111
0.26999999999999996,76.00999999999999,0.01328244620031135
0.26999999999999996,78.00999999999999,0.01355773383287146
0.26999999999999996,80.00999999999999,0.013793839569271224
0.26999999999999996,82.00999999999999,0.013995731686426777
0.26999999999999996,84.00999999999999,0.014167652785680773
0.26999999999999996,86.00999999999999,0.014313243361133718
0.26999999999999996,88.00999999999999,0.014435641165055635
0.26999999999999996,90.00999999999999,0.014537561738243377
0.26999999999999996,92.00999999999999,0.014621364138855597
0.26999999999999996,94.00999999999999,0.01468910494981709
0.26999999999999996,96.00999999999999,0.014742582918804535
0.26999999999999996,98.00999999999999,0.014783376070839615
0.29,0.01,-0.986232570495012
0.29,2.01,-0.14990475740382997
0.29,4.01,0.0028829833405747685
0.29,6.01,0.023019861594877157
0.29,8.01,0.023545986305539668
0.29,10.01,0.019577079086774363
0.29,12.01,0.014533343348315284
0.29,14.01,0.00934662678622562
0.29,16.009999999999998,0.004253135672843935
0.29,18.009999999999998,-0.0007418065006656593
0.29,20.009999999999998,-0.005726015766310086
0.29,22.009999999999998,-0.010844445687233103
0.29,24.009999999999998,-0.016308015923667867
0.29,26.009999999999998,-0.022444337814493606
0.29,28.009999999999998,-0.029836433382667584
0.29,30.009999999999998,-0.03975549904016754
0.29,32.01,-0.05616351204000257
0.29,34.01,-0.13306715137039493
0.29,36.01,-0.05107598486830378
0.29,38.01,-0.03153352615488776
0.29,40.01,-0.020618101579969583
0.29,42.01,-0.013298012565292174
0.29,44.01,-0.007971837170363321
0.29,46.01,-0.003910744696209056
0.29,48.01,-0.0007183134196638205
0.29,50.01,0.001845775358374644
0.29,52.01,0.003938248746271068
0.29,54.01,0.005666828780485885
0.29,56.01,0.007108540370851531
0.29,58.01,0.008320182729953666
0.29,60.01,0.009344688114416093
0.29,62.01,0.010215171506676222
0.29,64.00999999999999,0.010957611647581213
0.29,66.00999999999999,0.011592683913588097
0.29,68.00999999999999,0.01213704769117942
0.29,70.00999999999999,0.012604271690965287
0.29,72.00999999999999,0.013005512381762754
0.29,74.00999999999999,0.01335002010919049
0.29,76.00999999999999,0.01364552245776338
0.29,78.00999999999999,0.013898518576994387
0.29,80.00999999999999,0.01411450788706227
0.29,82.00999999999999,0.014298169727944952
0.29,84.00999999999999,0.0144535058599632
0.29,86.00999999999999,0.014583954504508667
0.29,88.00999999999999,0.014692482354692385
0.29,90.00999999999999,0.014781659360136628
0.29,92.00999999999999,0.014853719932689934
0.29,94.00999999999999,0.014910613350882071
0.29,96.00999999999999,0.014954045517873934
0.29,98.00999999999999,0.014985513743189209
0.31,0.01,-1.033712925835935
0.31,2.01,-0.1423418746017387
0.31,4.01,0.0046219519948641355
0.31,6.01,0.02294389662080512
0.31,8.01,0.022627896405089956
0.31,10.01,0.0181793145065521
0.31,12.01,0.012815170218929237
0.31,14.01,0.007379022775232252
0.31,16.009999999999998,0.0020597219595758047
0.31,18.009999999999998,-0.0031695961786883664
0.31,20.009999999999998,-0.0084261296752856
0.31,22.009999999999998,-0.013891234123440774
0.31,24.009999999999998,-0.019833702305817637
0.31,26.009999999999998,-0.02669333283780125
0.31,28.009999999999998,-0.03531998628848328
0.31,30.009999999999998,-0.04784149431369152
0.31,32.01,-0.07353841706832073
0.31,34.01,-0.07484634007336244
0.31,36.01,-0.041133815190830966
0.31,38.01,-0.02640560893748361
0.31,40.01,-0.017239619408107965
0.31,42.01,-0.010818188381919598
0.31,44.01,-0.006035673150758429
0.31,46.01,-0.002336996093371789
0.31,48.01,0.000597701574193154
0.31,50.01,0.0029698107557540074
0.31,52.01,0.004914206598796345
0.31,54.01,0.006525416722949388
0.31,56.01,0.007872039257247415
0.31,58.01,0.009005246056734417
0.31,60.01,0.009964072355430075
0.31,62.01,0.010778851607582692
0.31,64.00999999999999,0.011473525883451083
0.31,66.00999999999999,0.012067246320473912
0.31,68.00999999999999,0.012575509758081832
0.31,70.00999999999999,0.013010983409536036
0.31,72.00999999999999,0.013384114381066863
0.31,74.00999999999999,0.013703587538438786
0.31,76.00999999999999,0.013976674409922379
0.31,78.00999999999999,0.01420950246741005
0.31,80.00999999999999,0.014407265334084908
0.31,82.00999999999999,0.014574388579214786
0.31,84.00999999999999,0.014714661703194977
0.31,86.00999999999999,0.014831344101544327
0.31,88.00999999999999,0.014927250805531917
0.31,90.00999999999999,0.01500482234798416
0.31,92.00999999999999,0.015066182078280666
0.31,94.00999999999999,0.015113183460209048
0.31,96.00999999999999,0.01514744932688231
0.31,98.00999999999999,0.015170404639077662
0.33,0.01,-1.079904304960449
0.33,2.01,-0.13581774358139856
0.33,4.01,0.0058580192999993785
0.33,6.01,0.022553798987205546
0.33,8.01,0.021492075839672733
0.33,10.01,0.01662065339910416
0.33,12.01,0.010971323639340447
0.33,14.01,0.005306863538386698
0.33,16.009999999999998,-0.00022813486740279158
0.33,18.009999999999998,-0.005692313246600932
0.33,20.009999999999998,-0.011234544859572967
0.33,22.009999999999998,-0.017079297345299817
0.33,24.009999999999998,-0.023569936179282214
0.33,26.009999999999998,-0.03130390069629925
0.33,28.009999999999998,-0.0415531419084368
0.33,30.009999999999998,-0.05813763736819884
0.33,32.01,-0.11762165765087296
0.33,34.01,-0.056466087313155625
0.33,36.01,-0.03441324225722831
0.33,38.01,-0.022406482741698066
0.33,40.01,-0.014449042391879285
0.33,42.01,-0.008705508083226517
0.33,44.01,-0.004354167290627723
0.33,46.01,-0.0009523893601609748
0.33,48.01,0.0017663296007952541
0.33,50.01,0.003974856823203607
0.33,52.01,0.005791461658855467
0.33,54.01,0.007300363131838833
0.33,56.01,0.00856343040578618
0.33,58.01,0.009627261862960881
0.33,60.01,0.010527679192331035
0.33,62.01,0.011292694065506785
0.33,64.00999999999999,0.011944530850405432
0.33,66.00999999999999,0.01250104369947399
0.33,68.00999999999999,0.01297673259225641
0.33,70.00999999999999,0.013383486511064451
0.33,72.00999999999999,0.013731136560372878
0.33,74.00999999999999,0.01402787397043702
0.33,76.00999999999999,0.014280570294579723
0.33,78.00999999999999,0.01449502566792413
0.33,80.00999999999999,0.014676163388663342
0.33,82.00999999999999,0.014828183933132873
0.33,84.00999999999999,0.014954687951083963
0.33,86.00999999999999,0.015058775293254554
0.33,88.00999999999999,0.015143125337608953
0.33,90.00999999999999,0.015210062597525791
0.33,92.00999999999999,0.015261610643455497
0.33,94.00999999999999,0.01529953669269616
0.33,96.00999999999999,0.015325388676382274
0.33,98.00999999999999,0.015340526204141159
0.35000000000000003,0.01,-1.1248837416264128
0.35000000000000003,2.01,-0.13020883313703174
0.35000000000000003,4.01,0.006653216500195375
0.35000000000000003,6.01,0.021889931838490653
0.35000000000000003,8.01,0.020167404180419825
0.35000000000000003,10.01,0.014922614159936952
0.35000000000000003,12.01,0.009018004074730943
0.35000000000000003,14.01,0.0031420984626756025
0.35000000000000003,16.009999999999998,-0.002602309821081745
0.35000000000000003,18.009999999999998,-0.00830588605963717
0.35000000000000003,20.009999999999998,-0.014152530160501962
0.35000000000000003,22.009999999999998,-0.02041888907265823
0.35000000000000003,24.009999999999998,-0.027546213345304493
0.35000000000000003,26.009999999999998,-0.036358688745544
0.35000000000000003,28.009999999999998,-0.04882748192167012
0.35000000000000003,30.009999999999998,-0.07264717193462
0.35000000000000003,32.01,-0.08966842046214528
0.35000000000000003,34.01,-0.04626578957923868
0.35000000000000003,36.01,-0.029377007586469075
0.35000000000000003,38.01,-0.019147462934425697
0.35000000000000003,40.01,-0.012082573016830137
0.35000000000000003,42.01,-0.006872004348862355
0.35000000000000003,44.01,-0.0028728178349090717
0.35000000000000003,46.01,0.0002801784400181136
0.35000000000000003,48.01,0.002814565971802553
0.35000000000000003,50.01,0.004881545338650967
0.35000000000000003,52.01,0.006586387316090746
0.35000000000000003,54.01,0.008005051903746844
0.35000000000000003,56.01,0.009193916402053226
0.35000000000000003,58.01,0.010195789756170128
0.35000000000000003,60.01,0.011043797418759901
0.35000000000000003,62.01,0.011763982338960097
0.35000000000000003,64.00999999999999,0.012377099190090737
0.35000000000000003,66.00999999999999,0.012899883741666878
0.35000000000000003,68.00999999999999,0.013345970553124186
0.35000000000000003,70.00999999999999,0.013726568972533175
0.35000000000000003,72.00999999999999,0.0140509693253562
0.35000000000000003,74.00999999999999,0.014326927470173124
0.35000000000000003,76.00999999999999,0.014560960731442345
0.35000000000000003,78.00999999999999,0.014758578269404523
0.35000000000000003,80.00999999999999,0.014924462282022119
0.35000000000000003,82.00999999999999,0.015062611881677804
0.35000000000000003,84.00999999999999,0.015176458315195237
0.35000000000000003,86.00999999999999,0.015268957962115578
0.35000000000000003,88.00999999999999,0.015342667938406421
0.35000000000000003,90.00999999999999,0.015399807973172367
0.35000000000000003,92.00999999999999,0.015442311352963532
0.35000000000000003,94.00999999999999,0.015471867120808246
0.35000000000000003,96.00999999999999,0.015489955198923145
0.35000000000000003,98.00999999999999,0.015497875788275047
0.37000000000000005,0.01,-1.168719432468229
0.37000000000000005,2.01,-0.12541256129754896
0.37000000000000005,4.01,0.007058899925782694
0.37000000000000005,6.01,0.020985531934321046
0.37000000000000005,8.01,0.018677461535739577
0.37000000000000005,10.01,0.013102543329069334
0.37000000000000005,12.01,0.006968005402407343
0.37000000000000005,14.01,0.0008938049405441684
0.37000000000000005,16.009999999999998,-0.0050572077464037385
0.37000000000000005,18.009999999999998,-0.011008669220330185
0.37000000000000005,20.009999999999998,-0.017184132048895556
0.37000000000000005,22.009999999999998,-0.02392460082191767
0.37000000000000005,24.009999999999998,-0.03180210665577245
0.37000000000000005,26.009999999999998,-0.041975797412713414
0.37000000000000005,28.009999999999998,-0.05764965500171019
0.37000000000000005,30.009999999999998,-0.09865873383941884
0.37000000000000005,32.01,-0.06660610469841823
0.37000000000000005,34.01,-0.03925822284511604
0.37000000000000005,36.01,-0.025375155800861627
0.37000000000000005,38.01,-0.016410017178262112
0.37000000000000005,40.01,-0.010035835020608877
0.37000000000000005,42.01,-0.005257514118376255
0.37000000000000005,44.01,-0.0015526262570437288
0.37000000000000005,46.01,0.0013880943294127472
0.37000000000000005,48.01,0.0037627886913544654
0.37000000000000005,50.01,0.005705713132618582
0.37000000000000005,52.01,0.007311713051314919
0.37000000000000005,54.01,0.008649991980798565
0.37000000000000005,56.01,0.009772362348316029
0.37000000000000005,58.01,0.010718441789017213
0.37000000000000005,60.01,0.011519060118576488
0.37000000000000005,62.01,0.012198568464044945
0.37000000000000005,64.00999999999999,0.01277644844626676
0.37000000000000005,66.00999999999999,0.013268460409208796
0.37000000000000005,68.00999999999999,0.013687479575985552
0.37000000000000005,70.00999999999999,0.014044115820523215
0.37000000000000005,72.00999999999999,0.014347180244264103
0.37000000000000005,74.00999999999999,0.014604041290083568
0.37000000000000005,76.00999999999999,0.014820899902769562
0.37000000000000005,78.00999999999999,0.015003004492966685
0.37000000000000005,80.00999999999999,0.015154820556416298
0.37000000000000005,82.00999999999999,0.015280165727640772
0.37000000000000005,84.00999999999999,0.015382318204566902
0.37000000000000005,86.00999999999999,0.015464104457742883
0.37000000000000005,88.00999999999999,0.015527970671079194
0.37000000000000005,90.00999999999999,0.01557604132372775
0.37000000000000005,92.00999999999999,0.015610167494261758
0.37000000000000005,94.00999999999999,0.01563196692594228
0.37000000000000005,96.00999999999999,0.015642857434896164
0.37000000000000005,98.00999999999999,0.015644084886645055
0.39000000000000007,0.01,-1.211472177500282
0.39000000000000007,2.01,-0.12134285807568723
0.39000000000000007,4.01,0.007118017387251388
0.39000000000000007,6.01,0.019868228435166228
0.39000000000000007,8.01,0.017041664725825863
0.39000000000000007,10.01,0.011174515949078069
0.39000000000000007,12.01,0.00483145150241341
0.39000000000000007,14.01,-0.0014312009405782547
0.39000000000000007,16.009999999999998,-0.007589263249299705
0.39000000000000007,18.009999999999998,-0.013801068717412567
0.39000000000000007,20.009999999999998,-0.02033601961965265
0.39000000000000007,22.009999999999998,-0.027615837874841367
0.39000000000000007,24.009999999999998,-0.03639045902068726
0.39000000000000007,26.009999999999998,-0.04832998527932851
0.39000000000000007,28.009999999999998,-0.06901960843274735
0.39000000000000007,30.009999999999998,-0.13419391001322764
0.39000000000000007,32.01,-0.0546522304777931
0.39000000000000007,34.01,-0.03395922120040829
0.39000000000000007,36.01,-0.022071764123164708
0.39000000000000007,38.01,-0.0140591745373422
0.39000000000000007,40.01,-0.008238294235394385
0.39000000000000007,42.01,-0.003819118912718403
0.39000000000000007,44.01,-0.0003647557788910147
0.39000000000000007,46.01,0.00239212709731402
0.39000000000000007,48.01,0.004626739968802235
0.39000000000000007,50.01,0.006459766254793752
0.39000000000000007,52.01,0.007977518471748877
0.39000000000000007,54.01,0.00924357494415274
0.39000000000000007,56.01,0.01030589449135741
0.39000000000000007,58.01,0.011201369610951077
0.39000000000000007,60.01,0.011958850837641241
0.39000000000000007,62.01,0.012601218613328411
0.39000000000000007,64.00999999999999,0.01314684007341968
0.39000000000000007,66.00999999999999,0.01361061638894425
0.39000000000000007,68.00999999999999,0.014004750354275237
0.39000000000000007,70.00999999999999,0.014339318470386648
0.39000000000000007,72.00999999999999,0.014622703670896695
0.39000000000000007,74.00999999999999,0.014861926967307456
0.39000000000000007,76.00999999999999,0.015062904629723217
0.39000000000000007,78.00999999999999,0.015230649747518737
0.39000000000000007,80.00999999999999,0.015369431716773558
0.39000000000000007,82.00999999999999,0.015482903544602383
0.39000000000000007,84.00999999999999,0.015574204285499558
0.39000000000000007,86.00999999999999,0.015646042061431553
0.39000000000000007,88.00999999999999,0.01570076181239368
0.39000000000000007,90.00999999999999,0.01574040093584329
0.39000000000000007,92.00999999999999,0.01576673523373861
0.39000000000000007,94.00999999999999,0.01578131707879415
0.39000000000000007,96.00999999999999,0.015785507258546636
0.39000000000000007,98.00999999999999,0.015780501691510084
0.4100000000000001,0.01,-1.253196523014257
0.4100000000000001,2.01,-0.11792684274680103
0.4100000000000001,4.01,0.006866804316897818
0.4100000000000001,6.01,0.01856117870589951
0.4100000000000001,8.01,0.015276115877650619
0.4100000000000001,10.01,0.00915000637234533
0.4100000000000001,12.01,0.0026163423725403256
0.4100000000000001,14.01,-0.0038279164400348564
0.4100000000000001,16.009999999999998,-0.010196584452188061
0.4100000000000001,18.009999999999998,-0.0166853046561904
0.4100000000000001,20.009999999999998,-0.023617499676608318
0.4100000000000001,22.009999999999998,-0.03151768838900927
0.4100000000000001,24.009999999999998,-0.04138254639919156
0.4100000000000001,26.009999999999998,-0.055693785526443815
0.4100000000000001,28.009999999999998,-0.08539306313536667
0.4100000000000001,30.009999999999998,-0.08527251494418721
0.4100000000000001,32.01,-0.04662802071729206
0.4100000000000001,34.01,-0.029723375464831617
0.4100000000000001,36.01,-0.019270716579392257
0.4100000000000001,38.01,-0.01200580913982431
0.4100000000000001,40.01,-0.006640099937037587
0.4100000000000001,42.01,-0.002525158825284754
0.4100000000000001,44.01,0.0007126954605229751
0.4100000000000001,46.01,0.003308384215522516
0.4100000000000001,48.01,0.005418819887797277
0.4100000000000001,50.01,0.00715359311987169
0.4100000000000001,52.01,0.008591911705581918
0.4100000000000001,54.01,0.009792599981177553
0.4100000000000001,56.01,0.010800320086734977
0.4100000000000001,58.01,0.011649609471620118
0.4100000000000001,60.01,0.012367593488603671
0.4100000000000001,62.01,0.012975861294051119
0.4100000000000001,64.00999999999999,0.01349179529553433
0.4100000000000001,66.00999999999999,0.013929533342753691
0.4100000000000001,68.00999999999999,0.014300677936468614
0.4100000000000001,70.00999999999999,0.014614827394630658
0.4100000000000001,72.00999999999999,0.01487997933584357
0.4100000000000001,74.00999999999999,0.015102841058181278
0.4100000000000001,76.00999999999999,0.01528907100943252
0.4100000000000001,78.00999999999999,0.01544346857312621
0.4100000000000001,80.00999999999999,0.015570124621285238
0.4100000000000001,82.00999999999999,0.01567254195825989
0.4100000000000001,84.00999999999999,0.015753732425307414
0.4100000000000001,86.00999999999999,0.015816295746215778
0.4100000000000001,88.00999999999999,0.015862483972356133
0.4100000000000001,90.00999999999999,0.01589425448229241
0.4100000000000001,92.00999999999999,0.01591331381425875
0.4100000000000001,94.00999999999999,0.01592115410057369
0.4100000000000001,96.00999999999999,0.015919083523733363
0.4100000000000001,98.00999999999999,0.015908251874112416
0.4300000000000001,0.01,-1.2939416813131905
0.4300000000000001,2.01,-0.11510229611377135
0.4300000000000001,4.01,0.006336073329157074
0.4300000000000001,6.01,0.01708393116292288
0.4300000000000001,8.01,0.013394246124435991
0.4300000000000001,10.01,0.00703839556060698
0.4300000000000001,12.01,0.0003289645472285378
0.4300000000000001,14.01,-0.00629282045424381
0.4300000000000001,16.009999999999998,-0.012878701005070823
0.4300000000000001,18.009999999999998,-0.019665280182169894
0.4300000000000001,20.009999999999998,-0.027040692015184505
0.4300000000000001,22.009999999999998,-0.03566229987648088
0.4300000000000001,24.009999999999998,-0.04687656223838909
0.4300000000000001,26.009999999999998,-0.06452565293760552
0.4300000000000001,28.009999999999998,-0.1165922823540298
0.4300000000000001,30.009999999999998,-0.06823679143781086
0.4300000000000001,32.01,-0.04063006768900346
0.4300000000000001,34.01,-0.02621165215802244
0.4300000000000001,36.01,-0.016847647489254606
0.4300000000000001,38.01,-0.01018804056547253
0.4300000000000001,40.01,-0.0052047499143244745
0.4300000000000001,42.01,-0.0013516329795173138
0.4300000000000001,44.01,0.00169673711573597
0.4300000000000001,46.01,0.004149597224711408
0.4300000000000001,48.01,0.006148959882024964
0.4300000000000001,50.01,0.007795194213320137
0.4300000000000001,52.01,0.009161504997770187
0.4300000000000001,54.01,0.010302646745085528
0.4300000000000001,56.01,0.011260428724777338
0.4300000000000001,58.01,0.012067331897716338
0.4300000000000001,60.01,0.012748963568960504
0.4300000000000001,62.01,0.01332576916819964
0.4300000000000001,64.00999999999999,0.013814253935340508
0.4300000000000001,66.00999999999999,0.014227872397739212
0.4300000000000001,68.00999999999999,0.014577687329931248
0.4300000000000001,70.00999999999999,0.014872865455153397
0.4300000000000001,72.00999999999999,0.015121055424832122
0.4300000000000001,74.00999999999999,0.01532867954591444
0.4300000000000001,76.00999999999999,0.01550116140379353
0.4300000000000001,78.00999999999999,0.015643105226620692
0.4300000000000001,80.00999999999999,0.015758438494122468
0.4300000000000001,82.00999999999999,0.01585052625610839
0.4300000000000001,84.00999999999999,0.015922263470606636
0.4300000000000001,86.00999999999999,0.01597615009772135
0.4300000000000001,88.00999999999999,0.016014352563506667
0.4300000000000001,90.00999999999999,0.016038754387193592
0.4300000000000001,92.00999999999999,0.016050998080926145
0.4300000000000001,94.00999999999999,0.01605252003715188
0.4300000000000001,96.00999999999999,0.016044579701888724
0.4300000000000001,98.00999999999999,0.016028284085631665
0.4500000000000001,0.01,-1.3337522779214404
0.4500000000000001,2.01,-0.11281571017883871
0.4500000000000001,4.01,0.005552208594354201
0.4500000000000001,6.01,0.01545309002256803
0.4500000000000001,8.01,0.011407310641279804
0.4500000000000001,10.01,0.004847359770214811
0.4500000000000001,12.01,-0.002025796986764826
0.4500000000000001,14.01,-0.008823626622715113
0.4500000000000001,16.009999999999998,-0.015636390067811742
0.4500000000000001,18.009999999999998,-0.02274653803197046
0.4500000000000001,20.009999999999998,-0.03062087438634032
0.4500000000000001,22.009999999999998,-0.040090972355014104
0.4500000000000001,24.009999999999998,-0.05301211990692761
0.4500000000000001,26.009999999999998,-0.07568883698919432
0.4500000000000001,28.009999999999998,-0.13544431888782285
0.4500000000000001,30.009999999999998,-0.0578193806074311
0.4500000000000001,32.01,-0.03586804026861209
0.4500000000000001,34.01,-0.023223974318191856
0.4500000000000001,36.01,-0.01471880677701613
0.4500000000000001,38.01,-0.008561192334665676
0.4500000000000001,40.01,-0.003904738362071066
0.4500000000000001,42.01,-0.00027992949373500676
0.4500000000000001,44.01,0.0026008306915736063
0.4500000000000001,46.01,0.0049259941101955475
0.4500000000000001,48.01,0.006825229586369243
0.4500000000000001,50.01,0.008391127561920276
0.4500000000000001,52.01,0.00969175596574451
0.4500000000000001,54.01,0.010778345925365631
0.4500000000000001,56.01,0.011690212972206565
0.4500000000000001,58.01,0.012458025845827028
0.4500000000000001,60.01,0.013106044866987913
0.4500000000000001,62.01,0.013653694590518012
0.4500000000000001,64.00999999999999,0.014116693272857733
0.4500000000000001,66.00999999999999,0.014507879611031114
0.4500000000000001,68.00999999999999,0.01483782803271563
0.4500000000000001,70.00999999999999,0.015115313379212117
0.4500000000000001,72.00999999999999,0.015347666453112994
0.4500000000000001,74.00999999999999,0.015541049258409009
0.4500000000000001,76.00999999999999,0.0157006703231069
0.4500000000000001,78.00999999999999,0.01583095477043486
0.4500000000000001,80.00999999999999,0.01593567981804978
0.4500000000000001,82.00999999999999,0.016018083597321927
0.4500000000000001,84.00999999999999,0.01608095319133106
0.4500000000000001,86.00999999999999,0.016126696340774762
0.4500000000000001,88.00999999999999,0.016157400218151603
0.4500000000000001,90.00999999999999,0.016174879875611
0.4500000000000001,92.00999999999999,0.016180718416263687
0.4500000000000001,94.00999999999999,0.016176300445863982
0.4500000000000001,96.00999999999999,0.016162840089053988
0.4500000000000001,98.00999999999999,0.016141404536499645
0.47000000000000014,0.01,-1.3726689661342584
0.47000000000000014,2.01,-0.11102076405592612
0.47000000000000014,4.01,0.004537942397248848
0.47000000000000014,6.01,0.01368283391792089
0.47000000000000014,8.01,0.009324774042188597
0.47000000000000014,10.01,0.002583171757556124
0.47000000000000014,12.01,-0.004444219628954436
0.47000000000000014,14.01,-0.01141909963063182
0.47000000000000014,16.009999999999998,-0.018471562764257734
0.47000000000000014,18.009999999999998,-0.025936295430285163
0.47000000000000014,20.009999999999998,-0.034377027051773555
0.47000000000000014,22.009999999999998,-0.04485733414339026
0.47000000000000014,24.009999999999998,-0.05999653880391834
0.47000000000000014,26.009999999999998,-0.0911359623039661
0.47000000000000014,28.009999999999998,-0.09321371321206101
0.47000000000000014,30.009999999999998,-0.0503638828426919
0.47000000000000014,32.01,-0.031937388785114276
0.47000000000000014,34.01,-0.020632475938619412
0.47000000000000014,36.01,-0.012825155265775897
0.47000000000000014,38.01,-0.0070919817414233635
0.47000000000000014,40.01,-0.0027188410006103152
0.47000000000000014,42.01,0.0007046634409454797
0.47000000000000014,44.01,0.0034358030903902173
0.47000000000000014,46.01,0.005645908102809885
0.47000000000000014,48.01,0.007454268938149963
0.47000000000000014,50.01,0.008946830923636693
0.47000000000000014,52.01,0.010187217477819144
0.47000000000000014,54.01,0.011223579323630281
0.47000000000000014,56.01,0.012093032820614422
0.47000000000000014,58.01,0.012824636833156834
0.47000000000000014,60.01,0.013441447611469684
0.47000000000000014,62.01,0.01396197222866059
0.47000000000000014,64.00999999999999,0.014401218345952515
0.47000000000000014,66.00999999999999,0.014771466320110196
0.47000000000000014,68.00999999999999,0.015082846216193518
0.47000000000000014,70.00999999999999,0.01534377514461438
0.47000000000000014,72.00999999999999,0.015561292926664859
0.47000000000000014,74.00999999999999,0.015741322651547776
0.47000000000000014,76.00999999999999,0.01588887500706487
0.47000000000000014,78.00999999999999,0.016008210007412434
0.47000000000000014,80.00999999999999,0.01610296608489111
0.47000000000000014,82.00999999999999,0.016176263945878462
0.47000000000000014,84.00999999999999,0.016230790711326135
0.47000000000000014,86.00999999999999,0.016268868547099354
0.47000000000000014,88.00999999999999,0.01629251097790177
0.47000000000000014,90.00999999999999,0.01630346936508271
0.47000000000000014,92.00999999999999,0.016303271477592963
0.47000000000000014,94.00999999999999,0.016293253642252422
0.47000000000000014,96.00999999999999,0.016274587688143407
0.47000000000000014,98.00999999999999,0.016248303614928985
0.49000000000000016,0.01,-1.4107289359485902
0.49000000000000016,2.01,-0.10967711917787522
0.49000000000000016,4.01,0.003312968590114454
0.49000000000000016,6.01,0.011785325124269344
0.49000000000000016,8.01,0.007154613710804149
0.49000000000000016,10.01,0.000250936487187145
0.49000000000000016,12.01,-0.00692355862357754
0.49000000000000016,14.01,-0.014078919645412965
0.49000000000000016,16.009999999999998,-0.021387199631918694
0.49000000000000016,18.009999999999998,-0.029243555529198252
0.49000000000000016,20.009999999999998,-0.03833263255043515
0.49000000000000016,22.009999999999998,-0.050032246657809726
0.49000000000000016,24.009999999999998,-0.06815647792817595
0.49000000000000016,26.009999999999998,-0.11721940725968705
0.49000000000000016,28.009999999999998,-0.07608586354626899
0.49000000000000016,30.009999999999998,-0.044592077167560355
0.49000000000000016,32.01,-0.028603327748580033
0.49000000000000016,34.01,-0.01835054015576383
0.49000000000000016,36.01,-0.011123545821672045
0.49000000000000016,38.01,-0.005754968278718529
0.49000000000000016,40.01,-0.0016303504405841237
0.49000000000000016,42.01,0.0016139668815093784
0.49000000000000016,44.01,0.004210484976030718
0.49000000000000016,46.01,0.006316212872356664
0.49000000000000016,48.01,0.00804160249838372
0.49000000000000016,50.01,0.009466859376259849
0.49000000000000016,52.01,0.010651723920914645
0.49000000000000016,54.01,0.011641630293025533
0.49000000000000016,56.01,0.012471740199481664
0.49000000000000016,58.01,0.013169672113889544
0.49000000000000016,60.01,0.013757398848379631
0.49000000000000016,62.01,0.014252597854177651
0.49000000000000016,64.00999999999999,0.014669631490826495
0.49000000000000016,66.00999999999999,0.015020271171714264
0.49000000000000016,68.00999999999999,0.015314240566006602
0.49000000000000016,70.00999999999999,0.015559628649648096
0.49000000000000016,72.00999999999999,0.015763207633897724
0.49000000000000016,74.00999999999999,0.015930680364109245
0.49000000000000016,76.00999999999999,0.01606687475882488
0.49000000000000016,78.00999999999999,0.016175898004355527
0.49000000000000016,80.00999999999999,0.016261259850317164
0.49000000000000016,82.00999999999999,0.01632597195026922
0.49000000000000016,84.00999999999999,0.016372628457394765
0.49000000000000016,86.00999999999999,0.016403471840347503
0.49000000000000016,88.00999999999999,0.016420446954711797
0.49000000000000016,90.00999999999999,0.016425245709928284
0.49000000000000016,92.00999999999999,0.016419344167992688
0.49000000000000016,94.00999999999999,0.016404033499695735
0.49000000000000016,96.00999999999999,0.016380445940365324
0.49000000000000016,98.00999999999999,0.016349576645238457
0.5100000000000001,0.01,-1.447966340268179
0.5100000000000001,2.01,-0.10874945688483192
0.5100000000000001,4.01,0.0018944322782231265
0.5100000000000001,6.01,0.009771035790598126
0.5100000000000001,8.01,0.004903560874006098
0.5100000000000001,10.01,-0.002145222882875178
0.5100000000000001,12.01,-0.009461904177368918
0.5100000000000001,14.01,-0.01680358431050455
0.5100000000000001,16.009999999999998,-0.02438732792049886
0.5100000000000001,18.009999999999998,-0.03267930049737501
0.5100000000000001,20.009999999999998,-0.04251682307860422
0.5100000000000001,22.009999999999998,-0.05571162136405618
0.5100000000000001,24.009999999999998,-0.07805124367170009
0.5100000000000001,26.009999999999998,-0.22069147461102645
0.5100000000000001,28.009999999999998,-0.06529741784702998
0.5100000000000001,30.009999999999998,-0.03990553275931465
0.5100000000000001,32.01,-0.02571755338811225
0.5100000000000001,34.01,-0.016316821117632288
0.5100000000000001,36.01,-0.009581512432566535
0.5100000000000001,38.01,-0.004530283546328519
0.5100000000000001,40.01,-0.0006258890734358208
0.5100000000000001,42.01,0.002457614827175545
0.5100000000000001,44.01,0.004932167633444423
0.5100000000000001,46.01,0.006942640202503414
0.5100000000000001,48.01,0.008591872427793842
0.5100000000000001,50.01,0.009955063547712851
0.5100000000000001,52.01,0.011088532271989214
0.5100000000000001,54.01,0.012035298549198931
0.5100000000000001,56.01,0.012828774590728944
0.5100000000000001,58.01,0.013495281851377926
0.5100000000000001,60.01,0.014055812474625019
0.5100000000000001,62.01,0.01452728960100773
0.5100000000000001,64.00999999999999,0.014923486559886002
0.5100000000000001,66.00999999999999,0.015255708594009938
0.5100000000000001,68.00999999999999,0.015533305991487806
0.5100000000000001,70.00999999999999,0.015764065431497623
0.5100000000000001,72.00999999999999,0.01595451198431559
0.5100000000000001,74.00999999999999,0.016110144652767746
0.5100000000000001,76.00999999999999,0.016235621863259202
0.5100000000000001,78.00999999999999,0.016334908824542714
0.5100000000000001,80.00999999999999,0.016411395543716307
0.5100000000000001,82.00999999999999,0.01646799204986427
0.5100000000000001,84.00999999999999,0.016507205741077904
0.5100000000000001,86.00999999999999,0.016531204628132946
0.5100000000000001,88.00999999999999,0.016541869333473774
0.5100000000000001,90.00999999999999,0.016540836099888503
0.5100000000000001,92.00999999999999,0.016529532527735695
0.5100000000000001,94.00999999999999,0.016509207428165248
0.5100000000000001,96.00999999999999,0.016480955863864527
0.5100000000000001,98.00999999999999,0.016445740248357005
0.5300000000000001,0.01,-1.484412653328835
0.5300000000000001,2.01,-0.10820670224855611
0.5300000000000001,4.01,0.0002973244379661094
0.5300000000000001,6.01,0.007649010435520645
0.5300000000000001,8.01,0.00257729385614712
0.5300000000000001,10.01,-0.004602017258452985
0.5300000000000001,12.01,-0.012058070858900715
0.5300000000000001,14.01,-0.019594340867749537
0.5300000000000001,16.009999999999998,-0.027477036899609966
0.5300000000000001,18.009999999999998,-0.036256778777194645
0.5300000000000001,20.009999999999998,-0.046966025151877276
0.5300000000000001,22.009999999999998,-0.06202943213529736
0.5300000000000001,24.009999999999998,-0.09076471962017449
0.5300000000000001,26.009999999999998,-0.11430004252608379
0.5300000000000001,28.009999999999998,-0.05746781988588969
0.5300000000000001,30.009999999999998,-0.03597574575672365
0.5300000000000001,32.01,-0.023180467441970363
0.5300000000000001,34.01,-0.01448631479733678
0.5300000000000001,36.01,-0.008174030435122227
0.5300000000000001,38.01,-0.003402125467650049
0.5300000000000001,40.01,0.0003054131849846633
0.5300000000000001,42.01,0.003243556860103101
0.5300000000000001,44.01,0.005606936814452248
0.5300000000000001,46.01,0.007530016191118892
0.5300000000000001,48.01,0.009109014064043719
0.5300000000000001,50.01,0.010414725371909473
0.5300000000000001,52.01,0.011500430466734386
0.5300000000000001,54.01,0.012406988970763472
0.5300000000000001,56.01,0.013166237391380902
0.5300000000000001,58.01,0.013803322532235587
0.5300000000000001,60.01,0.01433834415204451
0.5300000000000001,62.01,0.01478753614378276
0.5300000000000001,64.00999999999999,0.015164131663311521
0.5300000000000001,66.00999999999999,0.015479007083473115
0.5300000000000001,68.00999999999999,0.015741168216117672
0.5300000000000001,70.00999999999999,0.01595812214032191
0.5300000000000001,72.00999999999999,0.01613616482755499
0.5300000000000001,74.00999999999999,0.016280605934283727
0.5300000000000001,76.00999999999999,0.016395946160100403
0.5300000000000001,78.00999999999999,0.016486018371512663
0.5300000000000001,80.00999999999999,0.01655410079256101
0.5300000000000001,82.00999999999999,0.01660300844884705
0.5300000000000001,84.00999999999999,0.016635167539312316
0.5300000000000001,86.00999999999999,0.016652676298272762
0.5300000000000001,88.00999999999999,0.016657355097342643
0.5300000000000001,90.00999999999999,0.016650787905183147
0.5300000000000001,92.00999999999999,0.016634356778860517
0.5300000000000001,94.00999999999999,0.016609270683092647
0.5300000000000001,96.00999999999999,0.016576589691112528
0.5300000000000001,98.00999999999999,0.016537245373950436
0.5500000000000002,0.01,-1.5200969755460203
0.5500000000000002,2.01,-0.10802139259006904
0.5500000000000002,4.01,-0.0014651973030685925
0.5500000000000002,6.01,0.00542707894339509
0.5500000000000002,8.01,0.00018059418219801282
0.5500000000000002,10.01,-0.0071168736441536585
0.5500000000000002,12.01,-0.01471151242749864
0.5500000000000002,14.01,-0.022453143250773924
0.5500000000000002,16.009999999999998,-0.030662530080509325
0.5500000000000002,18.009999999999998,-0.039991908086167295
0.5500000000000002,20.009999999999998,-0.05172634587223447
0.5500000000000002,22.009999999999998,-0.06918064392000911
0.5500000000000002,24.009999999999998,-0.10887801075738207
0.5500000000000002,26.009999999999998,-0.09161489082308125
0.5500000000000002,28.009999999999998,-0.05135481477643685
0.5500000000000002,30.009999999999998,-0.0326030068231744
0.5500000000000002,32.01,-0.020921995205126206
0.5500000000000002,34.01,-0.012825049887117376
0.5500000000000002,36.01,-0.006881416482323503
0.5500000000000002,38.01,-0.0023577277425813705
0.5500000000000002,40.01,0.0011725029184581513
0.5500000000000002,42.01,0.003978424833999369
0.5500000000000002,44.01,0.0062399212058654166
0.5500000000000002,46.01,0.008082439762486172
0.5500000000000002,48.01,0.009596390216985958
0.5500000000000002,50.01,0.010848662916599703
0.5500000000000002,52.01,0.011889821717406846
0.5500000000000002,54.01,0.012758781116072735
0.5500000000000002,56.01,0.013485950417324966
0.5500000000000002,58.01,0.01409540705804671
0.5500000000000002,60.01,0.014606434827556343
0.5500000000000002,62.01,0.015034634983288143
0.5500000000000002,64.00999999999999,0.015392743212784847
0.5500000000000002,66.00999999999999,0.015691239756927246
0.5500000000000002,68.00999999999999,0.015938811412500573
0.5500000000000002,70.00999999999999,0.016142705719505476
0.5500000000000002,72.00999999999999,0.016309005538529226
0.5500000000000002,74.00999999999999,0.01644284406409912
0.5500000000000002,76.00999999999999,0.01654857474929502
0.5500000000000002,78.00999999999999,0.016629906719847043
0.5500000000000002,80.00999999999999,0.016690013537269583
0.5500000000000002,82.00999999999999,0.01673162116030996
0.5500000000000002,84.00999999999999,0.016757079569990996
0.5500000000000002,86.00999999999999,0.016768421438760523
0.5500000000000002,88.00999999999999,0.016767410465803354
0.5500000000000002,90.00999999999999,0.01675558141049065
0.5500000000000002,92.00999999999999,0.016734273416099683
0.5500000000000002,94.00999999999999,0.016704657876224552
0.5500000000000002,96.00999999999999,0.01666776184243675
0.5500000000000002,98.00999999999999,0.016624487766355254
0.5700000000000002,0.01,-1.5550462931424316
0.5700000000000002,2.01,-0.10816915956472822
0.5700000000000002,4.01,-0.0033815458251966433
0.5700000000000002,6.01,0.003112030718435216
0.5700000000000002,8.01,-0.002282526490642617
0.5700000000000002,10.01,-0.009687840644216614
0.5700000000000002,12.01,-0.017422257054453057
0.5700000000000002,14.01,-0.025382630687709372
0.5700000000000002,16.009999999999998,-0.033951215782926314
0.5700000000000002,18.009999999999998,-0.043903827956515276
0.5700000000000002,20.009999999999998,-0.056857109590886454
0.5700000000000002,22.009999999999998,-0.07746472419017747
0.5700000000000002,24.009999999999998,-0.14190814518637815
0.5700000000000002,26.009999999999998,-0.0783475137538263
0.5700000000000002,28.009999999999998,-0.04636211160433452
0.5700000000000002,30.009999999999998,-0.029656898043532845
0.5700000000000002,32.01,-0.018890996538165342
0.5700000000000002,34.01,-0.01130677011796804
0.5700000000000002,36.01,-0.005687919036022244
0.5700000000000002,38.01,-0.0013866354117504723
0.5700000000000002,40.01,0.0019828271829758445
0.5700000000000002,42.01,0.004667805394577238
0.5700000000000002,44.01,0.006835480385428836
0.5700000000000002,46.01,0.008603419560546482
0.5700000000000002,48.01,0.010056895263319123
0.5700000000000002,50.01,0.011259312331754803
0.5700000000000002,52.01,0.012258790879954995
0.5700000000000002,54.01,0.013092484243179475
0.5700000000000002,56.01,0.01378950241449977
0.5700000000000002,58.01,0.014372944716304598
0.5700000000000002,60.01,0.014861345566405455
0.5700000000000002,62.01,0.015269723164033862
0.5700000000000002,64.00999999999999,0.015610353288568482
0.5700000000000002,66.00999999999999,0.015893348953339437
0.5700000000000002,68.00999999999999,0.01612710049301006
0.5700000000000002,70.00999999999999,0.01631861373195226
0.5700000000000002,72.00999999999999,0.016473772668452638
0.5700000000000002,74.00999999999999,0.016597545540830146
0.5700000000000002,76.00999999999999,0.016694147935926523
0.5700000000000002,78.00999999999999,0.01676717295854507
0.5700000000000002,80.00999999999999,0.016819695901348835
0.5700000000000002,82.00999999999999,0.016854359001681196
0.5700000000000002,84.00999999999999,0.01687344051590453
0.5700000000000002,86.00999999999999,0.016878911357638565
0.5700000000000002,88.00999999999999,0.016872481791616066
0.5700000000000002,90.00999999999999,0.016855640138057106
0.5700000000000002,92.00999999999999,0.016829685011911
0.5700000000000002,94.00999999999999,0.016795752296572066
0.5700000000000002,96.00999999999999,0.01675483781479537
0.5700000000000002,98.00999999999999,0.016707816458190652
0.5900000000000002,0.01,-1.589285701829215
0.5900000000000002,2.01,-0.10862830122613852
0.5900000000000002,4.01,-0.005441487570004365
0.5900000000000002,6.01,0.0007097580668118803
0.5900000000000002,8.01,-0.004808722578092346
0.5900000000000002,10.01,-0.012313512676633628
0.5900000000000002,12.01,-0.020190859225042615
0.5900000000000002,14.01,-0.02838612567502262
0.5900000000000002,16.009999999999998,-0.037351840075904835
0.5900000000000002,18.009999999999998,-0.04801565324463701
0.5900000000000002,20.009999999999998,-0.06243625395415339
0.5900000000000002,22.009999999999998,-0.08737681782081577
0.5900000000000002,24.009999999999998,-0.18365276742079872
0.5900000000000002,26.009999999999998,-0.06901349106292719
0.5900000000000002,28.009999999999998,-0.042157283615276146
0.5900000000000002,30.009999999999998,-0.02704760248702149
0.5900000000000002,32.01,-0.017049030190976096
0.5900000000000002,34.01,-0.009910774562053184
0.5900000000000002,36.01,-0.0045807439472642765
0.5900000000000002,38.01,-0.0004801836637482795
0.5900000000000002,40.01,0.002742647245721113
0.5900000000000002,42.01,0.005316445874317996
0.5900000000000002,44.01,0.007397349083161562
0.5900000000000002,46.01,0.009095980311158977
0.5900000000000002,48.01,0.010493036808457687
0.5900000000000002,50.01,0.011648792633212836
0.5900000000000002,52.01,0.012609157244262648
0.5900000000000002,54.01,0.013409681294059962
0.5900000000000002,56.01,0.014078286394162585
0.5900000000000002,58.01,0.01463717337074007
0.5900000000000002,60.01,0.015104185678443419
0.5900000000000002,62.01,0.01549380213477521
0.5900000000000002,64.00999999999999,0.015817871832840488
0.5900000000000002,66.00999999999999,0.016086166212134444
0.5900000000000002,68.00999999999999,0.01630679922966881
0.5900000000000002,70.00999999999999,0.016486550909486267
0.5900000000000002,72.00999999999999,0.016631119141278843
0.5900000000000002,74.00999999999999,0.01674531753176132
0.5900000000000002,76.00999999999999,0.016833232239636016
0.5900000000000002,78.00999999999999,0.016898347297765178
0.5900000000000002,80.00999999999999,0.016943645505944203
0.5900000000000002,82.00999999999999,0.016971690208608007
0.5900000000000002,84.00999999999999,0.01698469200614967
0.5900000000000002,86.00999999999999,0.01698456350004875
0.5900000000000002,88.00999999999999,0.016972964458293258
0.5900000000000002,90.00999999999999,0.01695133928132437
0.5900000000000002,92.00999999999999,0.016920948224207467
0.5900000000000002,94.00999999999999,0.016882893536956378
0.5900000000000002,96.00999999999999,0.01683814144524753
0.5900000000000002,98.00999999999999,0.016787540704256296
0.6100000000000002,0.01,-1.6228385996861268
0.6100000000000002,2.01,-0.10937942600178793
0.6100000000000002,4.01,-0.00763596226730609
0.6100000000000002,6.01,-0.0017746250200371683
0.6100000000000002,8.01,-0.007395229300168414
0.6100000000000002,10.01,-0.014992969292536726
0.6100000000000002,12.01,-0.023018365600607722
0.6100000000000002,14.01,-0.031467650276429865
0.6100000000000002,16.009999999999998,-0.04087466909429577
0.6100000000000002,18.009999999999998,-0.05235550678870571
0.6100000000000002,20.009999999999998,-0.06856887263699336
0.6100000000000002,22.009999999999998,-0.09982732426191515
0.6100000000000002,24.009999999999998,-0.12307958752335693
0.6100000000000002,26.009999999999998,-0.06184893573088504
0.6100000000000002,28.009999999999998,-0.03853606839121738
0.6100000000000002,30.009999999999998,-0.024710668570069014
0.6100000000000002,32.01,-0.015366487242147992
0.6100000000000002,34.01,-0.00862046283755153
0.6100000000000002,36.01,-0.003549363485944171
0.6100000000000002,38.01,0.000368884811786002
0.6100000000000002,40.01,0.0034572747225313587
0.6100000000000002,42.01,0.005928412151551682
0.6100000000000002,44.01,0.007928749358842456
0.6100000000000002,46.01,0.009562746444118567
0.6100000000000002,48.01,0.01090700045015825
0.6100000000000002,50.01,0.01201895744003235
0.6100000000000002,52.01,0.012942516931833637
0.6100000000000002,54.01,0.013711764380026924
0.6100000000000002,56.01,0.014353529863880823
0.6100000000000002,58.01,0.014889185608750846
0.6100000000000002,60.01,0.015335935624539977
0.6100000000000002,62.01,0.015707758035997523
0.6100000000000002,64.00999999999999,0.016016104786397707
0.6100000000000002,66.00999999999999,0.01627042862686977
0.6100000000000002,68.00999999999999,0.01647858510471868
0.6100000000000002,70.00999999999999,0.016647142720180447
0.6100000000000002,72.00999999999999,0.01678162472360322
0.6100000000000002,74.00999999999999,0.016886699394457087
0.6100000000000002,76.00999999999999,0.016966331078887318
0.6100000000000002,78.00999999999999,0.017023901028823146
0.6100000000000002,80.00999999999999,0.017062304779157347
0.6100000000000002,82.00999999999999,0.017084031165992584
0.6100000000000002,84.00999999999999,0.017091226829786282
0.6100000000000002,86.00999999999999,0.017085749195080293
0.6100000000000002,88.00999999999999,0.017069210210080347
0.6100000000000002,90.00999999999999,0.017043012650934084
0.6100000000000002,92.00999999999999,0.0170083803919088
0.6100000000000002,94.00999999999999,0.0169663837661078
0.6100000000000002,96.00999999999999,0.016917960893486936
0.6100000000000002,98.00999999999999,0.01686393569597297
0.6300000000000002,0.01,-1.6557268547911028
0.6300000000000002,2.01,-0.11040515461107031
0.6300000000000002,4.01,-0.00995693220799549
0.6300000000000002,6.01,-0.004336683910007966
0.6300000000000002,8.01,-0.010039792383948705
0.6300000000000002,10.01,-0.017725726846053072
0.6300000000000002,12.01,-0.02590629287539864
0.6300000000000002,14.01,-0.03463196067083284
0.6300000000000002,16.009999999999998,-0.044531731432895585
0.6300000000000002,18.009999999999998,-0.056957951576039265
0.6300000000000002,20.009999999999998,-0.07540137838104971
0.6300000000000002,22.009999999999998,-0.11679590643009602
0.6300000000000002,24.009999999999998,-0.10134508748204686
0.6300000000000002,26.009999999999998,-0.056059351395145805
0.6300000000000002,28.009999999999998,-0.03536401808639997
0.6300000000000002,30.009999999999998,-0.022598305088664953
0.6300000000000002,32.01,-0.013820090145478024
0.6300000000000002,34.01,-0.007422326249642913
0.6300000000000002,36.01,-0.0025850154278235188
0.6300000000000002,38.01,0.0011667058218200463
0.6300000000000002,40.01,0.004131252014547983
0.6300000000000002,42.01,0.006507211287606371
0.6300000000000002,44.01,0.00843247886669638
0.6300000000000002,46.01,0.010006008548861476
0.6300000000000002,48.01,0.011300701654939372
0.6300000000000002,50.01,0.01237143667982217
0.6300000000000002,52.01,0.013260277245982837
0.6300000000000002,54.01,0.013999963652881933
0.6300000000000002,56.01,0.01461631950945658
0.6300000000000002,58.01,0.015129950144417585
0.6300000000000002,60.01,0.015557465808195114
0.6300000000000002,62.01,0.0159123783750516
0.6300000000000002,64.00999999999999,0.016205769024592632
0.6300000000000002,66.00999999999999,0.016446792327613997
0.6300000000000002,68.00999999999999,0.0166430615669568
0.6300000000000002,70.00999999999999,0.016800946582407942
0.6300000000000002,72.00999999999999,0.01692580633813285
0.6300000000000002,74.00999999999999,0.0170221722046948
0.6300000000000002,76.00999999999999,0.01709389362145652
0.6300000000000002,78.00999999999999,0.01714425476474907
0.6300000000000002,80.00999999999999,0.017176068666230643
0.6300000000000002,82.00999999999999,0.01719175364096395
0.6300000000000002,84.00999999999999,0.017193395740271976
0.6300000000000002,86.00999999999999,0.017182800075522225
0.6300000000000002,88.00999999999999,0.01716153322041871
0.6300000000000002,90.00999999999999,0.017130958426909343
0.6300000000000002,92.00999999999999,0.017092265002687162
0.6300000000000002,94.00999999999999,0.017046492932702675
0.6300000000000002,96.00999999999999,0.016994553601264832
0.6300000000000002,98.00999999999999,0.016937247293048595
0.6500000000000002,0.01,-1.6879709516518384
0.6500000000000002,2.01,-0.11168986901477337
0.6500000000000002,4.01,-0.012397255502234129
0.6500000000000002,6.01,-0.006972580485191782
0.6500000000000002,8.01,-0.0127406099753795
0.6500000000000002,10.01,-0.020511700401562687
0.6500000000000002,12.01,-0.02885661625754861
0.6500000000000002,14.01,-0.03788460080512067
0.6500000000000002,16.009999999999998,-0.04833713623148772
0.6500000000000002,18.009999999999998,-0.06186601176457496
0.6500000000000002,20.009999999999998,-0.08314638531874866
0.6500000000000002,22.009999999999998,-0.1441859161542024
0.6500000000000002,24.009999999999998,-0.08793400407361154
0.6500000000000002,26.009999999999998,-0.051218404170783875
0.6500000000000002,28.009999999999998,-0.032547972407751806
0.6500000000000002,30.009999999999998,-0.02067411283589685
0.6500000000000002,32.01,-0.012391217064414714
0.6500000000000002,34.01,-0.006305230458673825
0.6500000000000002,36.01,-0.0016803328187718748
0.6500000000000002,38.01,0.0019185108520675847
0.6500000000000002,40.01,0.004768492064987914
0.6500000000000002,42.01,0.007055887942665846
0.6500000000000002,44.01,0.008910981052081214
0.6500000000000002,46.01,0.010427776706119543
0.6500000000000002,48.01,0.011675827691509452
0.6500000000000002,50.01,0.0127076704947782
0.6500000000000002,52.01,0.013563684731013369
0.6500000000000002,54.01,0.01427537097691366
0.6500000000000002,56.01,0.014867621495675791
0.6500000000000002,58.01,0.015360329472224996
0.6500000000000002,60.01,0.015769552108347334
0.6500000000000002,62.01,0.016108365832285497
0.6500000000000002,64.00999999999999,0.01638750473719661
0.6500000000000002,66.00999999999999,0.016615843669103757
0.6500000000000002,68.00999999999999,0.016800768214383147
0.6500000000000002,70.00999999999999,0.016948461184071565
0.6500000000000002,72.00999999999999,0.017064126641606964
0.6500000000000002,74.00999999999999,0.01715216669182511
0.6500000000000002,76.00999999999999,0.01721632214754311
0.6500000000000002,78.00999999999999,0.017259785313053597
0.6500000000000002,80.00999999999999,0.01728529105345299
0.6500000000000002,82.00999999999999,0.01729519081122551
0.6500000000000002,84.00999999999999,0.017291513131688165
0.6500000000000002,86.00999999999999,0.0172760134330556
0.6500000000000002,88.00999999999999,0.01725021515764834
0.6500000000000002,90.00999999999999,0.01721544396051462
0.6500000000000002,92.00999999999999,0.017172856246826566
0.6500000000000002,94.00999999999999,0.01712346309979632
0.6500000000000002,96.00999999999999,0.017068150425200143
0.6500000000000002,98.00999999999999,0.017007695972152785
0.6700000000000003,0.01,-1.7195901190787237
0.6700000000000003,2.01,-0.11321949981653331
0.6700000000000003,4.01,-0.014950578947227636
0.6700000000000003,6.01,-0.009679003484535986
0.6700000000000003,8.01,-0.015496284596737075
0.6700000000000003,10.01,-0.023351174257143194
0.6700000000000003,12.01,-0.031871767687776664
0.6700000000000003,14.01,-0.041231976987625325
0.6700000000000003,16.009999999999998,-0.05230748938681158
0.6700000000000003,18.009999999999998,-0.06713408896644424
0.6700000000000003,20.009999999999998,-0.09212979697384047
0.6700000000000003,22.009999999999998,-0.23536911703596747
0.6700000000000003,24.009999999999998,-0.07827662392509196
0.6700000000000003,26.009999999999998,-0.047070759261646354
0.6700000000000003,28.009999999999998,-0.030020751591450505
0.6700000000000003,30.009999999999998,-0.01890974410082693
0.6700000000000003,32.01,-0.011064745124785684
0.6700000000000003,34.01,-0.005259894213347744
0.6700000000000003,36.01,-0.0008290655957173084
0.6700000000000003,38.01,0.0026287943535617587
0.6700000000000003,40.01,0.005372387939211711
0.6700000000000003,42.01,0.007577101001268845
0.6700000000000003,44.01,0.009366401526833996
0.6700000000000003,46.01,0.010829823674503664
0.6700000000000003,48.01,0.012033871810222177
0.6700000000000003,50.01,0.013028937027845133
0.6700000000000003,52.01,0.013853848264206048
0.6700000000000003,54.01,0.014538959481414341
0.6700000000000003,56.01,0.015108298278599878
0.6700000000000003,58.01,0.015581094519376214
0.6700000000000003,60.01,0.015972888796599263
0.6700000000000003,62.01,0.016296349763518632
0.6700000000000003,64.00999999999999,0.01656188575890852
0.6700000000000003,66.00999999999999,0.01677810857817532
0.6700000000000003,68.00999999999999,0.016952189306431067
0.6700000000000003,70.00999999999999,0.017090134283248695
0.6700000000000003,72.00999999999999,0.017197001207299396
0.6700000000000003,74.00999999999999,0.017277069883387463
0.6700000000000003,76.00999999999999,0.017333978228206922
0.6700000000000003,78.00999999999999,0.017370831428785784
0.6700000000000003,80.00999999999999,0.017390290156988383
0.6700000000000003,82.00999999999999,0.017394642324470026
0.6700000000000003,84.00999999999999,0.017385861796479204
0.6700000000000003,86.00999999999999,0.01736565670934295
0.6700000000000003,88.00999999999999,0.01733550943408169
0.6700000000000003,90.00999999999999,0.017296709802556473
0.6700000000000003,92.00999999999999,0.017250382850008503
0.6700000000000003,94.00999999999999,0.017197512089952807
0.6700000000000003,96.00999999999999,0.017138959109819992
0.6700000000000003,98.00999999999999,0.017075480141497203
0.6900000000000003,0.01,-1.7506024432001832
0.6900000000000003,2.01,-0.11498134530571241
0.6900000000000003,4.01,-0.01761124703705169
0.6900000000000003,6.01,-0.012453109721478658
0.6900000000000003,8.01,-0.01830578344574873
0.6900000000000003,10.01,-0.02624477984686649
0.6900000000000003,12.01,-0.03495464332091629
0.6900000000000003,14.01,-0.04468145636307415
0.6900000000000003,16.009999999999998,-0.05646244014573295
0.6900000000000003,18.009999999999998,-0.07283228707444596
0.6900000000000003,20.009999999999998,-0.10288915640551308
0.6900000000000003,22.009999999999998,-0.1548419341165726
0.6900000000000003,24.009999999999998,-0.07076321821486622
0.6900000000000003,26.009999999999998,-0.04345142194966672
0.6900000000000003,28.009999999999998,-0.027732339316799588
0.6900000000000003,30.009999999999998,-0.017282701448622328
0.6900000000000003,32.01,-0.00982823114153271
0.6900000000000003,34.01,-0.004278503251624525
0.6900000000000003,36.01,-0.00002586805431024626
0.6900000000000003,38.01,0.003301444254099235
0.6900000000000003,40.01,0.00594589970211072
0.6900000000000003,42.01,0.008073185072779942
0.6900000000000003,44.01,0.00980063375169097
0.6900000000000003,46.01,0.011213720151322
0.6900000000000003,48.01,0.012376161320890582
0.6900000000000003,50.01,0.013336375356879756
0.6900000000000003,52.01,0.01413175819355354
0.6900000000000003,54.01,0.014791599814041195
0.6900000000000003,56.01,0.015339122624620508
0.6900000000000003,58.01,0.015792936889969602
0.6900000000000003,60.01,0.01616809935221659
0.6900000000000003,62.01,0.016476895841700714
0.6900000000000003,64.00999999999999,0.016729428238966518
0.6900000000000003,66.00999999999999,0.01693406040684994
0.6900000000000003,68.00999999999999,0.017097760922792426
0.6900000000000003,70.00999999999999,0.01722636927046622
0.6900000000000003,72.00999999999999,0.017324804573902824
0.6900000000000003,74.00999999999999,0.017397230702489507
0.6900000000000003,76.00999999999999,0.01744718792499713
0.6900000000000003,78.00999999999999,0.017477698671438297
0.6900000000000003,80.00999999999999,0.017491353065974935
0.6900000000000003,82.00999999999999,0.01749037856013373
0.6900000000000003,84.00999999999999,0.01747669694346153
0.6900000000000003,86.00999999999999,0.017451971286688312
0.6900000000000003,88.00999999999999,0.017417644790563916
0.6900000000000003,90.00999999999999,0.017374973099955355
0.6900000000000003,92.00999999999999,0.017325051297127754
0.6900000000000003,94.00999999999999,0.017268836554253677
0.6900000000000003,96.00999999999999,0.01720716721609569
0.6900000000000003,98.00999999999999,0.017140778935363494
0.7100000000000003,0.01,-1.7810249673394591
0.7100000000000003,2.01,-0.1169639166984645
0.7100000000000003,4.01,-0.020374224343747763
0.7100000000000003,6.01,-0.015292474330177871
0.7100000000000003,8.01,-0.021168405690442683
0.7100000000000003,10.01,-0.029193480085753176
0.7100000000000003,12.01,-0.03810862016636855
0.7100000000000003,14.01,-0.04824149354792019
0.7100000000000003,16.009999999999998,-0.0608254048819145
0.7100000000000003,18.009999999999998,-0.07905304176892128
0.7100000000000003,20.009999999999998,-0.1164094519850841
0.7100000000000003,22.009999999999998,-0.12380915981759535
0.7100000000000003,24.009999999999998,-0.06463686223144735
0.7100000000000003,26.009999999999998,-0.04024764277155071
0.7100000000000003,28.009999999999998,-0.025644511370212134
0.7100000000000003,30.009999999999998,-0.0157748394921782
0.7100000000000003,32.01,-0.008671318292750621
0.7100000000000003,34.01,-0.0033544194403909732
0.7100000000000003,36.01,0.0007338656489245562
0.7100000000000003,38.01,0.003939844965340315
0.7100000000000003,40.01,0.006491623994961305
0.7100000000000003,42.01,0.008546200300472935
0.7100000000000003,44.01,0.01021535636001302
0.7100000000000003,46.01,0.011580863781919765
0.7100000000000003,48.01,0.012703880819707967
0.7100000000000003,50.01,0.013631004555104976
0.7100000000000003,52.01,0.014398302298981222
0.7100000000000003,54.01,0.015034073741033818
0.7100000000000003,56.01,0.015560789364251417
0.7100000000000003,58.01,0.015996479154729515
0.7100000000000003,60.01,0.01635574556345782
0.7100000000000003,62.01,0.01665051418564777
0.7100000000000003,64.00999999999999,0.016890597957045346
0.7100000000000003,66.00999999999999,0.017084126565730554
0.7100000000000003,68.00999999999999,0.017237877015130208
0.7100000000000003,70.00999999999999,0.017357530722083896
0.7100000000000003,72.00999999999999,0.01744787536294053
0.7100000000000003,74.00999999999999,0.017512964709068247
0.7100000000000003,76.00999999999999,0.01755624620155011
0.7100000000000003,78.00999999999999,0.017580663517537867
0.7100000000000003,80.00999999999999,0.017588739592864226
0.7100000000000003,82.00999999999999,0.017582644249387023
0.7100000000000003,84.00999999999999,0.017564249601351882
0.7100000000000003,86.00999999999999,0.017535175702097353
0.7100000000000003,88.00999999999999,0.01749682833816687
0.7100000000000003,90.00999999999999,0.017450430481351566
0.7100000000000003,92.00999999999999,0.017397048572593544
0.7100000000000003,94.00999999999999,0.017337614581929523
0.7100000000000003,96.00999999999999,0.017272944605764767
0.7100000000000003,98.00999999999999,0.017203754591660368
0.7300000000000003,0.01,-1.8108737803031059
0.7300000000000003,2.01,-0.11915680519754179
0.7300000000000003,4.01,-0.023235029043057118
0.7300000000000003,6.01,-0.01819504856206803
0.7300000000000003,8.01,-0.024083755687148014
0.7300000000000003,10.01,-0.03219855946450084
0.7300000000000003,12.01,-0.041337582137501674
0.7300000000000003,14.01,-0.05192179139862174
0.7300000000000003,16.009999999999998,-0.0654245370049161
0.7300000000000003,18.009999999999998,-0.08592169872346325
0.7300000000000003,20.009999999999998,-0.13482050284510122
0.7300000000000003,22.009999999999998,-0.10660055371585436
0.7300000000000003,24.009999999999998,-0.05948073040993841
0.7300000000000003,26.009999999999998,-0.037378991704513025
0.7300000000000003,28.009999999999998,-0.02372741135321393
0.7300000000000003,30.009999999999998,-0.01437131657241796
0.7300000000000003,32.01,-0.0075852979512384565
0.7300000000000003,34.01,-0.0024819583297002318
0.7300000000000003,36.01,0.0014541303967773507
0.7300000000000003,38.01,0.0045469595411708405
0.7300000000000003,40.01,0.007011850275297257
0.7300000000000003,42.01,0.008997973037900245
0.7300000000000003,44.01,0.010612063884905147
0.7300000000000003,46.01,0.01193250319619535
0.7300000000000003,48.01,0.013018091535935854
0.7300000000000003,50.01,0.013913739631572653
0.7300000000000003,52.01,0.014654279188230392
0.7300000000000003,54.01,0.015267085590854155
0.7300000000000003,56.01,0.015773925308671926
0.7300000000000003,58.01,0.016192283545018324
0.7300000000000003,60.01,0.016536335232519513
0.7300000000000003,62.01,0.016817666248991604
0.7300000000000003,64.00999999999999,0.017045816533021223
0.7300000000000003,66.00999999999999,0.017228694156643406
0.7300000000000003,68.00999999999999,0.017372894552041575
0.7300000000000003,70.00999999999999,0.01748394912003589
0.7300000000000003,72.00999999999999,0.017566520634888828
0.7300000000000003,74.00999999999999,0.01762455813658585
0.7300000000000003,76.00999999999999,0.01766142067308962
0.7300000000000003,78.00999999999999,0.017679976864665357
0.7300000000000003,80.00999999999999,0.017682685556098705
0.7300000000000003,82.00999999999999,0.017671661555239342
0.7300000000000003,84.00999999999999,0.01764872952162275
0.7300000000000003,86.00999999999999,0.017615468385574547
0.7300000000000003,88.00999999999999,0.017573248149619275
0.7300000000000003,90.00999999999999,0.017523260514639066
0.7300000000000003,92.00999999999999,0.017466544494836506
0.7300000000000003,94.00999999999999,0.017404007919428227
0.7300000000000003,96.00999999999999,0.017336445558564652
0.7300000000000003,98.00999999999999,0.0172645544677473
0.7500000000000003,0.01,-1.8401640950202929
0.7500000000000003,2.01,-0.1215505673256537
0.7500000000000003,4.01,-0.02618967578145528
0.7500000000000003,6.01,-0.021159123936084184
0.7500000000000003,8.01,-0.027051721273033406
0.7500000000000003,10.01,-0.035261619406792115
0.7500000000000003,12.01,-0.044645956120805505
0.7500000000000003,14.01,-0.05573350411502702
0.7500000000000003,16.009999999999998,-0.0702940465938254
0.7500000000000003,18.009999999999998,-0.09361424302337601
0.7500000000000003,20.009999999999998,-0.1643973310256966
0.7500000000000003,22.009999999999998,-0.09471897634170938
0.7500000000000003,24.009999999999998,-0.05504076636194449
0.7500000000000003,26.009999999999998,-0.03478610427352311
0.7500000000000003,28.009999999999998,-0.021957283914128146
0.7500000000000003,30.009999999999998,-0.013059843521373831
0.7500000000000003,32.01,-0.006562780461569563
0.7500000000000003,34.01,-0.0016562167123158305
0.7500000000000003,36.01,0.002138412256073544
0.7500000000000003,38.01,0.005125395840323635
0.7500000000000003,40.01,0.007508606662542589
0.7500000000000003,42.01,0.00943012932284454
0.7500000000000003,44.01,0.010992092233542113
0.7500000000000003,46.01,0.012269758053800907
0.7500000000000003,48.01,0.013319747541128506
0.7500000000000003,50.01,0.01418540494016809
0.7500000000000003,52.01,0.01490040960005453
0.7500000000000003,54.01,0.015491271936121218
0.7500000000000003,56.01,0.01597909765618829
0.7500000000000003,58.01,0.016380859338609735
0.7500000000000003,60.01,0.016710328728978797
0.7500000000000003,62.01,0.01697877068482821
0.7500000000000003,64.00999999999999,0.017195466717849675
0.7500000000000003,66.00999999999999,0.017368114780071938
0.7500000000000003,68.00999999999999,0.017503137908526173
0.7500000000000003,70.00999999999999,0.017605924887970716
0.7500000000000003,72.00999999999999,0.01768101961367351
0.7500000000000003,74.00999999999999,0.01773227134190261
0.7500000000000003,76.00999999999999,0.017762954820810806
0.7500000000000003,78.00999999999999,0.01777586702922857
0.7500000000000003,80.00999999999999,0.01777340558774638
0.7500000000000003,82.00999999999999,0.017757632710214483
0.7500000000000003,84.00999999999999,0.017730327661594457
0.7500000000000003,86.00999999999999,0.017693030009469004
0.7500000000000003,88.00999999999999,0.017647075480436574
0.7500000000000003,90.00999999999999,0.017593625810933874
0.7500000000000003,92.00999999999999,0.017533693719121154
0.7500000000000003,94.00999999999999,0.017468163875648587
0.7500000000000003,96.00999999999999,0.017397810589923162
0.7500000000000003,98.00999999999999,0.017323312777023592
0.7700000000000004,0.01,-1.8689103189943659
0.7700000000000004,2.01,-0.12413662563884101
0.7700000000000004,4.01,-0.0292346264173211
0.7700000000000004,6.01,-0.024183301777016337
0.7700000000000004,8.01,-0.030072456455925767
0.7700000000000004,10.01,-0.03838457857061402
0.7700000000000004,12.01,-0.04803875906735653
0.7700000000000004,14.01,-0.05968949390164076
0.7700000000000004,16.009999999999998,-0.07547602913107218
0.7700000000000004,18.009999999999998,-0.10238889771418436
0.7700000000000004,20.009999999999998,-0.2572425680154058
0.7700000000000004,22.009999999999998,-0.08568122479524957
0.7700000000000004,24.009999999999998,-0.05115069205350379
0.7700000000000004,26.009999999999998,-0.03242393225974624
0.7700000000000004,28.009999999999998,-0.020314925855889746
0.7700000000000004,30.009999999999998,-0.011830133984692353
0.7700000000000004,32.01,-0.005597443940887052
0.7700000000000004,34.01,-0.0008729373031731263
0.7700000000000004,36.01,0.0027897702474063294
0.7700000000000004,38.01,0.005677460278691653
0.7700000000000004,40.01,0.007983697604667812
0.7700000000000004,42.01,0.009844122619406814
0.7700000000000004,44.01,0.01135663994559831
0.7700000000000004,46.01,0.012593635864661187
0.7700000000000004,48.01,0.01360970941285788
0.7700000000000004,50.01,0.014446745521815879
0.7700000000000004,52.01,0.015137345994097889
0.7700000000000004,54.01,0.01570720982780577
0.7700000000000004,56.01,0.016176821155537865
0.7700000000000004,58.01,0.016562669163592645
0.7700000000000004,60.01,0.01687814459216404
0.7700000000000004,62.01,0.017134208369257428
0.7700000000000004,64.00999999999999,0.017339896928033005
0.7700000000000004,66.00999999999999,0.017502708655942723
0.7700000000000004,68.00999999999999,0.017628902635509557
0.7700000000000004,70.00999999999999,0.01772373185248296
0.7700000000000004,72.00999999999999,0.01779162688295522
0.7700000000000004,74.00999999999999,0.01783634176934251
0.7700000000000004,76.00999999999999,0.017861070750041008
0.7700000000000004,78.00999999999999,0.017868542323957178
0.7700000000000004,80.00999999999999,0.01786109554568928
0.7700000000000004,82.00999999999999,0.01784074228564291
0.7700000000000004,84.00999999999999,0.0178092183237094
0.7700000000000004,86.00999999999999,0.01776802550167818
0.7700000000000004,88.00999999999999,0.01771846667674012
0.7700000000000004,90.00999999999999,0.017661674835256335
0.7700000000000004,92.00999999999999,0.017598637452281407
0.7700000000000004,94.00999999999999,0.017530216960214264
0.7700000000000004,96.00999999999999,0.017457168007111237
0.7700000000000004,98.00999999999999,0.017380152076734236
0.7900000000000004,0.01,-1.8971261172973133
0.7900000000000004,2.01,-0.12690718245511284
0.7900000000000004,4.01,-0.03236674743472834
0.7900000000000004,6.01,-0.027266467349843157
0.7900000000000004,8.01,-0.03314636796971138
0.7900000000000004,10.01,-0.041569677932753145
0.7900000000000004,12.01,-0.05152165755486219
0.7900000000000004,14.01,-0.06380465659634646
0.7900000000000004,16.009999999999998,-0.08102305544466674
0.7900000000000004,18.009999999999998,-0.11264707134087656
0.7900000000000004,20.009999999999998,-0.1785061239275273
0.7900000000000004,22.009999999999998,-0.07841408117029652
0.7900000000000004,24.009999999999998,-0.04769576575592638
0.7900000000000004,26.009999999999998,-0.030257495528152035
0.7900000000000004,28.009999999999998,-0.018784598679816057
0.7900000000000004,30.009999999999998,-0.010673494776046495
0.7900000000000004,32.01,-0.004683839949609997
0.7900000000000004,34.01,-0.0001284013655437447
0.7900000000000004,36.01,0.0034109024188007987
0.7900000000000004,38.01,0.006205201854859837
0.7900000000000004,40.01,0.0084387350490964
0.7900000000000004,42.01,0.010241256961855067
0.7900000000000004,44.01,0.01170678604180626
0.7900000000000004,46.01,0.012905046183257479
0.7900000000000004,48.01,0.01388875581181908
0.7900000000000004,50.01,0.01469843674882035
0.7900000000000004,52.01,0.015365680727243937
0.7900000000000004,54.01,0.015915423831532046
0.7900000000000004,56.01,0.016367564240305863
0.7900000000000004,58.01,0.016738134403341026
0.7900000000000004,60.01,0.0170401643392857
0.7900000000000004,62.01,0.01728432671377793
0.7900000000000004,64.00999999999999,0.01747942514439051
0.7900000000000004,66.00999999999999,0.017632768170557988
0.7900000000000004,68.00999999999999,0.01775045870356021
0.7900000000000004,70.00999999999999,0.017837620227987697
0.7900000000000004,72.00999999999999,0.017898575142292598
0.7900000000000004,74.00999999999999,0.017936986509123398
0.7900000000000004,76.00999999999999,0.01795597157030769
0.7900000000000004,78.00999999999999,0.01795819328129905
0.7900000000000004,80.00999999999999,0.017945934601833257
0.7900000000000004,82.00999999999999,0.017921159149211163
0.7900000000000004,84.00999999999999,0.017885560999081826
0.7900000000000004,86.00999999999999,0.017840605791415935
0.7900000000000004,88.00999999999999,0.017787564825802196
0.7900000000000004,90.00999999999999,0.017727543470336064
0.7900000000000004,92.00999999999999,0.01766150494330232
0.7900000000000004,94.00999999999999,0.01759029029416829
0.7900000000000004,96.00999999999999,0.017514635263090488
0.7900000000000004,98.00999999999999,0.017435184558059615
0.8100000000000004,0.01,-1.9248244691500742
0.8100000000000004,2.01,-0.12985514464098777
0.8100000000000004,4.01,-0.03558327304473409
0.8100000000000004,6.01,-0.030407767948697706
0.8100000000000004,8.01,-0.03627410527576319
0.8100000000000004,10.01,-0.044819490633340585
0.8100000000000004,12.01,-0.05510104180376825
0.8100000000000004,14.01,-0.06809633760836838
0.8100000000000004,16.009999999999998,-0.08700193477579829
0.8100000000000004,18.009999999999998,-0.12506402206592904
0.8100000000000004,20.009999999999998,-0.1434181586282344
0.8100000000000004,22.009999999999998,-0.0723551230639527
0.8100000000000004,24.009999999999998,-0.044593499444319305
0.8100000000000004,26.009999999999998,-0.028259099551388986
0.8100000000000004,28.009999999999998,-0.01735324697760851
0.8100000000000004,30.009999999999998,-0.00958251557867808
0.8100000000000004,32.01,-0.0038172412774596484
0.8100000000000004,34.01,0.0005806573522621765
0.8100000000000004,36.01,0.004004199694736037
0.8100000000000004,38.01,0.006710448479561847
0.8100000000000004,40.01,0.00887516441230392
0.8100000000000004,42.01,0.01062270638173305
0.8100000000000004,44.01,0.012043505094318264
0.8100000000000004,46.01,0.013204812650907217
0.8100000000000004,48.01,0.014157593342151647
0.8100000000000004,50.01,0.014941092563520905
0.8100000000000004,52.01,0.015585953055777016
0.8100000000000004,54.01,0.016116392067356624
0.8100000000000004,56.01,0.016551754301692
0.8100000000000004,58.01,0.016907639851474168
0.8100000000000004,60.01,0.017196736613777887
0.8100000000000004,62.01,0.017429443390789966
0.8100000000000004,64.00999999999999,0.01761434228157756
0.8100000000000004,66.00999999999999,0.017758560943752773
0.8100000000000004,68.00999999999999,0.017868053311768606
0.8100000000000004,70.00999999999999,0.017947819199615016
0.8100000000000004,72.00999999999999,0.01800207759490089
0.8100000000000004,74.00999999999999,0.01803440451131797
0.8100000000000004,76.00999999999999,0.01804784345890277
0.8100000000000004,78.00999999999999,0.01804499458207256
0.8100000000000004,80.00999999999999,0.018028087045826046
0.8100000000000004,82.00999999999999,0.017999038162736826
0.8100000000000004,84.00999999999999,0.017959501967372955
0.8100000000000004,86.00999999999999,0.01791090931932081
0.8100000000000004,88.00999999999999,0.017854501185374832
0.8100000000000004,90.00999999999999,0.017791356375173942
0.8100000000000004,92.00999999999999,0.017722414770682364
0.8100000000000004,94.00999999999999,0.01764849683978454
0.8100000000000004,96.00999999999999,0.01757032011844619
0.8100000000000004,98.00999999999999,0.017488513159076072
0.8300000000000004,0.01,-1.9520177184548755
0.8300000000000004,2.01,-0.1329740578449336
0.8300000000000004,4.01,-0.03888177315316299
0.8300000000000004,6.01,-0.03360659441176509
0.8300000000000004,8.01,-0.039456553691370785
0.8300000000000004,10.01,-0.04813693670018335
0.8300000000000004,12.01,-0.058784116790409284
0.8300000000000004,14.01,-0.0725848680776952
0.8300000000000004,16.009999999999998,-0.09349934991437739
0.8300000000000004,18.009999999999998,-0.14091430652008055
0.8300000000000004,20.009999999999998,-0.1241259596127043
0.8300000000000004,22.009999999999998,-0.06717265675534334
0.8300000000000004,24.009999999999998,-0.041782623408864523
0.8300000000000004,26.009999999999998,-0.026406451078925267
0.8300000000000004,28.009999999999998,-0.016009925018814923
0.8300000000000004,30.009999999999998,-0.008550830454302659
0.8300000000000004,32.01,-0.002993521365578143
0.8300000000000004,34.01,0.0012571222396285592
0.8300000000000004,36.01,0.004571790109170414
0.8300000000000004,38.01,0.0071948371636169385
0.8300000000000004,40.01,0.009294286350538767
0.8300000000000004,42.01,0.0109895313064127
0.8300000000000004,44.01,0.012367680019663456
0.8300000000000004,46.01,0.013493683263990029
0.8300000000000004,48.01,0.01441686498860608
0.8300000000000004,50.01,0.01517527254892853
0.8300000000000004,52.01,0.015798655161483637
0.8300000000000004,54.01,0.016310551415781024
0.8300000000000004,56.01,0.016729782243020474
0.8300000000000004,58.01,0.01707153773659797
0.8300000000000004,60.01,0.01734818077278221
0.8300000000000004,62.01,0.017569849560907357
0.8300000000000004,64.00999999999999,0.01774491510958429
0.8300000000000004,66.00999999999999,0.01788033248948195
0.8300000000000004,68.00999999999999,0.017981913324194233
0.8300000000000004,70.00999999999999,0.01805453916607706
0.8300000000000004,72.00999999999999,0.018102330021785955
0.8300000000000004,74.00999999999999,0.01812877851148645
0.8300000000000004,76.00999999999999,0.01813685745490545
0.8300000000000004,78.00999999999999,0.01812910673100938
0.8300000000000004,80.00999999999999,0.01810770385680215
0.8300000000000004,82.00999999999999,0.018074521661485158
0.8300000000000004,84.00999999999999,0.018031175689541566
0.8300000000000004,86.00999999999999,0.017979063351992158
0.8300000000000004,88.00999999999999,0.017919396428280023
0.8300000000000004,90.00999999999999,0.017853228163065005
0.8300000000000004,92.00999999999999,0.017781475961895443
0.8300000000000004,94.00999999999999,0.017704940467312757
0.8300000000000004,96.00999999999999,0.017624321668958727
0.8300000000000004,98.00999999999999,0.017540232540828447
0.8500000000000004,0.01,-1.9787176207757788
0.8500000000000004,2.01,-0.13625804882900905
0.8500000000000004,4.01,-0.04226012552126204
0.8500000000000004,6.01,-0.03686256562890188
0.8500000000000004,8.01,-0.04269483040595687
0.8500000000000004,10.01,-0.05152530290792331
0.8500000000000004,12.01,-0.06257901393953368
0.8500000000000004,14.01,-0.07729426380917839
0.8500000000000004,16.009999999999998,-0.10063060434206718
0.8500000000000004,18.009999999999998,-0.16309610460209642
0.8500000000000004,20.009999999999998,-0.11083621919225368
0.8500000000000004,22.009999999999998,-0.06265464096409375
0.8500000000000004,24.009999999999998,-0.039216397668543505
0.8500000000000004,26.009999999999998,-0.024681345262808314
0.8500000000000004,28.009999999999998,-0.014745368407525605
0.8500000000000004,30.009999999999998,-0.007572932128221008
0.8500000000000004,32.01,-0.0022090578047001177
0.8500000000000004,34.01,0.0019035506264090546
0.8500000000000004,36.01,0.005115575406282255
0.8500000000000004,38.01,0.007659839264089341
0.8500000000000004,40.01,0.009697275117815573
0.8500000000000004,42.01,0.01134269247828076
0.8500000000000004,44.01,0.012680112991853986
0.8500000000000004,46.01,0.013772339169293601
0.8500000000000004,48.01,0.014667157369834528
0.8500000000000004,50.01,0.015401488024558903
0.8500000000000004,52.01,0.01600423735588413
0.8500000000000004,54.01,0.016498302024568683
0.8500000000000004,56.01,0.016902006427204568
0.8500000000000004,58.01,0.01723015121583186
0.8500000000000004,60.01,0.01749479000883188
0.8500000000000004,62.01,0.017705812678595407
0.8500000000000004,64.00999999999999,0.017871388796380182
0.8500000000000004,66.00999999999999,0.017998308534129336
0.8500000000000004,68.00999999999999,0.01809224739398685
0.8500000000000004,70.00999999999999,0.01815797369657055
0.8500000000000004,72.00999999999999,0.018199512590577834
0.8500000000000004,74.00999999999999,0.01822027671087802
0.8500000000000004,76.00999999999999,0.018223171022283314
0.8500000000000004,78.00999999999999,0.01821067751933543
0.8500000000000004,80.00999999999999,0.018184924075856222
0.8500000000000004,82.00999999999999,0.01814774074139641
0.8500000000000004,84.00999999999999,0.018100706022838742
0.8500000000000004,86.00999999999999,0.01804518513010156
0.8500000000000004,88.00999999999999,0.017982361730265073
0.8500000000000004,90.00999999999999,0.017913264433461334
0.8500000000000004,92.00999999999999,0.017838788977530853
0.8500000000000004,94.00999999999999,0.017759716887995727
0.8500000000000004,96.00999999999999,0.017676731224229133
0.8500000000000004,98.00999999999999,0.017590429932113884
0.8700000000000004,0.01,-2.004935384023614
0.8700000000000004,2.01,-0.13970177477634194
0.8700000000000004,4.01,-0.04571649155152485
0.8700000000000004,6.01,-0.04017551568951691
0.8700000000000004,8.01,-0.04599028322014021
0.8700000000000004,10.01,-0.05498826818240887
0.8700000000000004,12.01,-0.06649492796750991
0.8700000000000004,14.01,-0.0822531485839482
0.8700000000000004,16.009999999999998,-0.10855380104666314
0.8700000000000004,18.009999999999998,-0.20115324416776592
0.8700000000000004,20.009999999999998,-0.10073432701650051
0.8700000000000004,22.009999999999998,-0.05865731768204665
0.8700000000000004,24.009999999999998,-0.03685836531181492
0.8700000000000004,26.009999999999998,-0.023068728254900892
0.8700000000000004,28.009999999999998,-0.013551668930079898
0.8700000000000004,30.009999999999998,-0.0066440256509307455
0.8700000000000004,32.01,-0.0014606543741422925
0.8700000000000004,34.01,0.002522220489929
0.8700000000000004,36.01,0.005637261530568971
0.8700000000000004,38.01,0.008106781724738171
0.8700000000000004,40.01,0.010085194129871649
0.8700000000000004,42.01,0.011683062825976457
0.8700000000000004,44.01,0.012981534796816411
0.8700000000000004,46.01,0.014041402233406842
0.8700000000000004,48.01,0.014909006997983325
0.8700000000000004,50.01,0.015620207320553733
0.8700000000000004,52.01,0.016203112595161478
0.8700000000000004,54.01,0.016680011223814312
0.8700000000000004,56.01,0.017068756111386328
0.8700000000000004,58.01,0.017383777418487647
0.8700000000000004,60.01,0.017636834068495394
0.8700000000000004,62.01,0.01783757894326674
0.8700000000000004,64.00999999999999,0.017993989129342604
0.8700000000000004,66.00999999999999,0.0181126970425328
0.8700000000000004,68.00999999999999,0.01819924782166516
0.8700000000000004,70.00999999999999,0.018258301241460724
0.8700000000000004,72.00999999999999,0.018293791439097994
0.8700000000000004,74.00999999999999,0.01830905424535322
0.8700000000000004,76.00999999999999,0.018306929423783546
0.8700000000000004,78.00999999999999,0.018289843307610975
0.8700000000000004,80.00999999999999,0.01825987600787744
0.8700000000000004,82.00999999999999,0.01821881638968671
0.8700000000000004,84.00999999999999,0.018168207286219377
0.8700000000000004,86.00999999999999,0.018109382875295163
0.8700000000000004,88.00999999999999,0.018043499721855552
0.8700000000000004,90.00999999999999,0.017971562674476478
0.8700000000000004,92.00999999999999,0.017894446567378142
0.8700000000000004,94.00999999999999,0.01781291446881547
0.8700000000000004,96.00999999999999,0.01772763309821943
0.8700000000000004,98.00999999999999,0.017639185877631868
0.8900000000000005,0.01,-2.0306817070126173
0.8900000000000005,2.01,-0.14330037862917558
0.8900000000000005,4.01,-0.049249295229763346
0.8900000000000005,6.01,-0.04354548337918639
0.8900000000000005,8.01,-0.049344491902886194
0.8900000000000005,10.01,-0.05852993512284971
0.8900000000000005,12.01,-0.07054228488873385
0.8900000000000005,14.01,-0.08749599283543494
0.8900000000000005,16.009999999999998,-0.11749408187880789
0.8900000000000005,18.009999999999998,-0.33445424649417516
0.8900000000000005,20.009999999999998,-0.09261205644650056
0.8900000000000005,22.009999999999998,-0.055078750472595625
0.8900000000000005,24.009999999999998,-0.03467955072015191
0.8900000000000005,26.009999999999998,-0.021556013458811505
0.8900000000000005,28.009999999999998,-0.012422024165966699
0.8900000000000005,30.009999999999998,-0.005759911841253927
0.8900000000000005,32.01,-0.0007454775141667035
0.8900000000000005,34.01,0.003115169139870705
0.8900000000000005,36.01,0.006138384187150578
0.8900000000000005,38.01,0.008536865046953947
0.8900000000000005,40.01,0.010459009227591123
0.8900000000000005,42.01,0.012011437639025685
0.8900000000000005,44.01,0.013272612885337695
0.8900000000000005,46.01,0.014301441581815387
0.8900000000000005,48.01,0.015142905704775918
0.8900000000000005,50.01,0.015831860360893846
0.8900000000000005,52.01,0.016395660409529594
0.8900000000000005,54.01,0.016856016940824135
0.8900000000000005,56.01,0.017230334447374488
0.8900000000000005,58.01,0.017532690107366373
0.8900000000000005,60.01,0.017774561633410915
0.8900000000000005,62.01,0.01796537544449292
0.8900000000000005,64.00999999999999,0.018112924461612796
0.8900000000000005,66.00999999999999,0.018223689993820943
0.8900000000000005,68.00999999999999,0.018303092183974433
0.8900000000000005,70.00999999999999,0.018355686635008646
0.8900000000000005,72.00999999999999,0.01838532006553718
0.8900000000000005,74.00999999999999,0.018395254479553202
0.8900000000000005,76.00999999999999,0.018388266922823426
0.8900000000000005,78.00999999999999,0.018366730151772183
0.8900000000000005,80.00999999999999,0.01833267827777428
0.8900000000000005,82.00999999999999,0.01828786047930898
0.8900000000000005,84.00999999999999,0.018233785196495104
0.8900000000000005,86.00999999999999,0.01817175667517172
0.8900000000000005,88.00999999999999,0.0181029053260285
0.8900000000000005,90.00999999999999,0.01802821306103176
0.8900000000000005,92.00999999999999,0.017948534523938884
0.8900000000000005,94.00999999999999,0.017864614955730378
0.8900000000000005,96.00999999999999,0.017777105281308395
0.8900000000000005,98.00999999999999,0.017686574888517628
0.9100000000000005,0.01,-2.055966813575241
0.9100000000000005,2.01,-0.14704944966425984
0.9100000000000005,4.01,-0.05285720482517417
0.9100000000000005,6.01,-0.04697270379126567
0.9100000000000005,8.01,-0.052759272126917
0.9100000000000005,10.01,-0.06215486841078675
0.9100000000000005,12.01,-0.07473294913379704
0.9100000000000005,14.01,-0.09306480519093734
0.9100000000000005,16.009999999999998,-0.12778793618991047
0.9100000000000005,18.009999999999998,-0.1941862484718716
0.9100000000000005,20.009999999999998,-0.08583860339431805
0.9100000000000005,22.009999999999998,-0.05184405182074334
0.9100000000000005,24.009999999999998,-0.03265655038863819
0.9100000000000005,26.009999999999998,-0.020132573353755942
0.9100000000000005,28.009999999999998,-0.011350542164751789
0.9100000000000005,30.009999999999998,-0.004916893535461281
0.9100000000000005,32.01,-0.00006100414778839814
0.9100000000000005,34.01,0.003684225473993544
0.9100000000000005,36.01,0.006620330394819653
0.9100000000000005,38.01,0.008951178574275319
0.9100000000000005,40.01,0.010819600032566795
0.9100000000000005,42.01,0.012328543325241286
0.9100000000000005,44.01,0.013553958333987343
0.9100000000000005,46.01,0.014552979272403798
0.9100000000000005,48.01,0.015369305361255928
0.9100000000000005,50.01,0.016036842658105642
0.9100000000000005,52.01,0.016582230336791792
0.9100000000000005,54.01,0.017026630686163627
0.9100000000000005,56.01,0.017387021108840193
0.9100000000000005,58.01,0.017677142012347616
0.9100000000000005,60.01,0.01790820241088834
0.9100000000000005,62.01,0.018089412047211033
0.9100000000000005,64.00999999999999,0.018228387424268393
0.9100000000000005,66.00999999999999,0.018331464945031673
0.9100000000000005,68.00999999999999,0.018403944769124124
0.9100000000000005,70.00999999999999,0.018450282416861762
0.9100000000000005,72.00999999999999,0.01847424055280671
0.9100000000000005,74.00999999999999,0.01847901014325367
0.9100000000000005,76.00999999999999,0.018467307844183458
0.9100000000000005,78.00999999999999,0.018441454794461094
0.9100000000000005,80.00999999999999,0.01840344076108112
0.9100000000000005,82.00999999999999,0.018354976644004307
0.9100000000000005,84.00999999999999,0.018297537694811378
0.9100000000000005,86.00999999999999,0.0182323992623313
0.9100000000000005,88.00999999999999,0.018160666498259776
0.9100000000000005,90.00999999999999,0.01808329915146658
0.9100000000000005,92.00999999999999,0.018001132352603227
0.9100000000000005,94.00999999999999,0.017914894105669057
0.9100000000000005,96.00999999999999,0.017825220057459137
0.9100000000000005,98.00999999999999,0.0177326660200051
0.9300000000000005,0.01,-2.0808004840730217
0.9300000000000005,2.01,-0.150944988631255
0.9300000000000005,4.01,-0.05653911701690022
0.9300000000000005,6.01,-0.05045760186438334
0.9300000000000005,8.01,-0.05623668199241771
0.9300000000000005,10.01,-0.06586814109992747
0.9300000000000005,12.01,-0.07908048037069167
0.9300000000000005,14.01,-0.09901149016202027
0.9300000000000005,16.009999999999998,-0.1399715670445249
0.9300000000000005,18.009999999999998,-0.161010940395947
0.9300000000000005,20.009999999999998,-0.08004281966442044
0.9300000000000005,22.009999999999998,-0.04889660405625623
0.9300000000000005,24.009999999999998,-0.03077019561556383
0.9300000000000005,26.009999999999998,-0.018789355474961168
0.9300000000000005,28.009999999999998,-0.010332087288404663
0.9300000000000005,30.009999999999998,-0.004111699499012661
0.9300000000000005,32.01,0.0005950214915527506
0.9300000000000005,34.01,0.004231037042035344
0.9300000000000005,36.01,0.0070843567601543405
0.9300000000000005,38.01,0.009350713555798822
0.9300000000000005,40.01,0.011167769715329675
0.9300000000000005,42.01,0.012635044981632098
0.9300000000000005,44.01,0.013826131887093997
0.9300000000000005,46.01,0.01479649523425414
0.9300000000000005,48.01,0.015588621997547583
0.9300000000000005,50.01,0.016235518810282762
0.9300000000000005,52.01,0.016763144931192846
0.9300000000000005,54.01,0.017192140177603257
0.9300000000000005,56.01,0.01753907460139119
0.9300000000000005,58.01,0.017817366883563498
0.9300000000000005,60.01,0.01803796897361267
0.9300000000000005,62.01,0.018209883053183898
0.9300000000000005,64.00999999999999,0.018340556435105584
0.9300000000000005,66.00999999999999,0.018436186409425393
0.9300000000000005,68.00999999999999,0.018501957841950852
0.9300000000000005,70.00999999999999,0.018542230000196922
0.9300000000000005,72.00999999999999,0.018560684649787756
0.9300000000000005,74.00999999999999,0.018560444336350485
0.9300000000000005,76.00999999999999,0.018544167513383433
0.9300000000000005,78.00999999999999,0.018514125544436474
0.9300000000000005,80.00999999999999,0.018472265407811828
0.9300000000000005,82.00999999999999,0.018420261052280562
0.9300000000000005,84.00999999999999,0.018359555675489973
0.9300000000000005,86.00999999999999,0.018291396705707966
0.9300000000000005,88.00999999999999,0.018216864877146993
0.9300000000000005,90.00999999999999,0.018136898509404583
0.9300000000000005,92.00999999999999,0.018052313857537527
0.9300000000000005,94.00999999999999,0.017963822246441954
0.9300000000000005,96.00999999999999,0.01787204453340324
0.9300000000000005,98.00999999999999,0.01777752338450561
0.9500000000000005,0.01,-2.1051920839651523
0.9500000000000005,2.01,-0.15498337688455266
0.9500000000000005,4.01,-0.06029414316850594
0.9500000000000005,6.01,-0.054000787695801584
0.9500000000000005,8.01,-0.059779031211719486
0.9500000000000005,10.01,-0.06967539006018816
0.9500000000000005,12.01,-0.08360045428176544
0.9500000000000005,14.01,-0.1054012128500288
0.9500000000000005,16.009999999999998,-0.15497931226990738
0.9500000000000005,18.009999999999998,-0.1413829948206415
0.9500000000000005,20.009999999999998,-0.07498781633826296
0.9500000000000005,22.009999999999998,-0.04619257406132605
0.9500000000000005,24.009999999999998,-0.02900459318939923
0.9500000000000005,26.009999999999998,-0.017518587877511788
0.9500000000000005,28.009999999999998,-0.009362157244069014
0.9500000000000005,30.009999999999998,-0.0033414221612691943
0.9500000000000005,32.01,0.001224623824151703
0.9500000000000005,34.01,0.00475709288522359
0.9500000000000005,36.01,0.007531605050601425
0.9500000000000005,38.01,0.009736374363278013
0.9500000000000005,40.01,0.011504253431133704
0.9500000000000005,42.01,0.012931552963829888
0.9500000000000005,44.01,0.014089649220054736
0.9500000000000005,46.01,0.015032431584465685
0.9500000000000005,48.01,0.015801239413445793
0.9500000000000005,50.01,0.016428225569375832
0.9500000000000005,52.01,0.016938702409946754
0.9500000000000005,54.01,0.017352811648056205
0.9500000000000005,56.01,0.01768673429906605
0.9500000000000005,58.01,0.01795358130443743
0.9500000000000005,60.01,0.018164058385717302
0.9500000000000005,62.01,0.018326968669685542
0.9500000000000005,64.00999999999999,0.018449597033827675
0.9500000000000005,66.00999999999999,0.018538007077151617
0.9500000000000005,68.00999999999999,0.018597272765875233
0.9500000000000005,70.00999999999999,0.018631660707192292
0.9500000000000005,72.00999999999999,0.018644774729771166
0.9500000000000005,74.00999999999999,0.01863967142002965
0.9500000000000005,76.00999999999999,0.018618953087537398
0.9500000000000005,78.00999999999999,0.018584843051626266
0.9500000000000005,80.00999999999999,0.018539246971409823
0.9500000000000005,82.00999999999999,0.01848380309411143
0.9500000000000005,84.00999999999999,0.018419923634607163
0.9500000000000005,86.00999999999999,0.018348829019928466
0.9500000000000005,88.00999999999999,0.018271576366978085
0.9500000000000005,90.00999999999999,0.01818908325312331
0.9500000000000005,92.00999999999999,0.018102147664971025
0.9500000000000005,94.00999999999999,0.018011464770899314
0.9500000000000005,96.00999999999999,0.017917641108248623
0.9500000000000005,98.00999999999999,0.01782120660364314
0.9700000000000005,0.01,-2.1291505902393566
0.9700000000000005,2.01,-0.159161349021861
0.9700000000000005,4.01,-0.06412159751379161
0.9700000000000005,6.01,-0.05760305351653398
0.9700000000000005,8.01,-0.06338889307978411
0.9700000000000005,10.01,-0.07358288219177189
0.9700000000000005,12.01,-0.08831086670077178
0.9700000000000005,14.01,-0.11231733451774115
0.9700000000000005,16.009999999999998,-0.17467329506739068
0.9700000000000005,18.009999999999998,-0.12746838311878705
0.9700000000000005,20.009999999999998,-0.07051316626373359
0.9700000000000005,22.009999999999998,-0.04369734212238492
0.9700000000000005,24.009999999999998,-0.027346422775689317
0.9700000000000005,26.009999999999998,-0.0163135502009425
0.9700000000000005,28.009999999999998,-0.008436784040403246
0.9700000000000005,30.009999999999998,-0.0026034662718183543
0.9700000000000005,32.01,0.0018296260736500832
0.9700000000000005,34.01,0.005263742916769109
0.9700000000000005,36.01,0.007963115530626267
0.9700000000000005,38.01,0.010108988165185458
0.9700000000000005,40.01,0.011829725637117365
0.9700000000000005,42.01,0.01321862860865412
0.9700000000000005,44.01,0.014344985539829514
0.9700000000000005,46.01,0.015261196411897056
0.9700000000000005,48.01,0.01600751234961763
0.9700000000000005,50.01,0.016615274543662774
0.9700000000000005,52.01,0.017109178986734686
0.9700000000000005,54.01,0.017508891886360095
0.9700000000000005,56.01,0.017830222245581867
0.9700000000000005,58.01,0.018085986295180864
0.9700000000000005,60.01,0.01828665364266393
0.9700000000000005,62.01,0.01844083631105078
0.9700000000000005,64.00999999999999,0.018555663065974254
0.9700000000000005,66.00999999999999,0.018637068897570004
0.9700000000000005,68.00999999999999,0.018690020996202966
0.9700000000000005,70.00999999999999,0.018718696685041537
0.9700000000000005,72.00999999999999,0.018726624641498935
0.9700000000000005,74.00999999999999,0.018716797808877614
0.9700000000000005,76.00999999999999,0.018691764292161316
0.9700000000000005,78.00999999999999,0.0186537010004004
0.9700000000000005,80.00999999999999,0.018604473658322095
0.9700000000000005,82.00999999999999,0.0185456859919147
0.9700000000000005,84.00999999999999,0.018478720243981044
0.9700000000000005,86.00999999999999,0.018404770714037847
0.9700000000000005,88.00999999999999,0.018324871649702156
0.9700000000000005,90.00999999999999,0.018239920546119445
0.9700000000000005,92.00999999999999,0.018150697686317004
0.9700000000000005,94.00999999999999,0.018057882588903687
0.9700000000000005,96.00999999999999,0.017962067904020433
0.9700000000000005,98.00999999999999,0.017863771208997112
0.9900000000000005,0.01,-2.152684615495138
0.9900000000000005,2.01,-0.16347596861596986
0.9900000000000005,4.01,-0.06802098705622195
0.9900000000000005,6.01,-0.061265372243454956
0.9900000000000005,8.01,-0.06706911942005037
0.9900000000000005,10.01,-0.07759759345521815
0.9900000000000005,12.01,-0.09323264788400851
0.9900000000000005,14.01,-0.11986888992832535
0.9900000000000005,16.009999999999998,-0.20372112437279383
0.9900000000000005,18.009999999999998,-0.11672234575323374
0.9900000000000005,20.009999999999998,-0.0665052024987848
0.9900000000000005,22.009999999999998,-0.04138309563739733
0.9900000000000005,24.009999999999998,-0.025784412806841978
0.9900000000000005,26.009999999999998,-0.015168393568496228
0.9900000000000005,28.009999999999998,-0.007552453501415942
0.9900000000000005,30.009999999999998,-0.0018955062624573785
0.9900000000000005,32.01,0.002411675691357283
0.9900000000000005,34.01,0.005752214450337254
0.9900000000000005,36.01,0.008379838433108293
0.9900000000000005,38.01,0.010469313303056779
0.9900000000000005,40.01,0.012144806460589732
0.9900000000000005,42.01,0.013496789236934472
0.9900000000000005,44.01,0.014592579620492822
0.9900000000000005,46.01,0.015483167105472248
0.9900000000000005,48.01,0.016207769284730437
0.9900000000000005,50.01,0.016796954584493148
0.9900000000000005,52.01,0.017274830936413712
0.9900000000000005,54.01,0.017660610042989792
0.9900000000000005,56.01,0.017969744750034967
0.9900000000000005,58.01,0.01821476873660452
0.9900000000000005,60.01,0.018405924950649574
0.9900000000000005,62.01,0.018551641755614932
0.9900000000000005,64.00999999999999,0.01865889773553226
0.9900000000000005,66.00999999999999,0.01873350404241181
0.9900000000000005,68.00999999999999,0.018780324967164166
0.9900000000000005,70.00999999999999,0.01880345172564794
0.9900000000000005,72.00999999999999,0.01880634046716255
0.9900000000000005,74.00999999999999,0.018791922675796845
0.9900000000000005,76.00999999999999,0.018762694081127927
0.9900000000000005,78.00999999999999,0.01872078672466867
0.9900000000000005,80.00999999999999,0.018668027705149696
0.9900000000000005,82.00999999999999,0.018605987343237484
0.9900000000000005,84.00999999999999,0.018536018866352828
0.9900000000000005,86.00999999999999,0.01845929126970932
0.9900000000000005,88.00999999999999,0.018376816647008503
0.9900000000000005,90.00999999999999,0.018289473028896455
0.9900000000000005,92.00999999999999,0.018198023537418114
0.9900000000000005,94.00999999999999,0.018103132511367484
0.9900000000000005,96.00999999999999,0.018005379135031217
0.9900000000000005,98.00999999999999,0.017905269002794447
