0.001,0.001,-0.009047824257158821
0.001,0.501,-0.009049088443423215
0.001,1.001,-0.009050066415662453
0.001,1.501,-0.009050757470672043
0.001,2.001,-0.009051160922572101
0.001,2.501,-0.00905127610367414
0.001,3.001,-0.009051102365354927
0.001,3.501,-0.009050639078937207
0.001,4.0009999999999994,-0.009049885636576665
0.001,4.5009999999999994,-0.009048841452154751
0.001,5.0009999999999994,-0.009047505962176452
0.001,5.5009999999999994,-0.009045878626672938
0.001,6.0009999999999994,-0.009043958930108054
0.001,6.5009999999999994,-0.009041746382288314
0.001,7.0009999999999994,-0.009039240519275335
0.001,7.5009999999999994,-0.00903644090430052
0.001,8.001,-0.00903334712868073
0.001,8.501,-0.009029958812734653
0.001,9.001,-0.009026275606698575
0.001,9.501,-0.009022297191641214
0.001,10.001,-0.009018023280376417
0.001,10.501,-0.009013453618373005
0.001,11.001,-0.00900858798466062
0.001,11.501,-0.009003426192731057
0.001,12.001,-0.00899796809143368
0.001,12.501,-0.008992213565864049
0.001,13.001,-0.008986162538244913
0.001,13.501,-0.008979814968798393
0.001,14.001,-0.008973170856608103
0.001,14.501,-0.00896623024047042
0.001,15.001,-0.008958993199733712
0.001,15.501,-0.008951459855124305
0.001,16.000999999999998,-0.008943630369557955
0.001,16.500999999999998,-0.008935504948936052
0.001,17.000999999999998,-0.008927083842924953
0.001,17.500999999999998,-0.00891836734571739
0.001,18.000999999999998,-0.008909355796775075
0.001,18.500999999999998,-0.008900049581550709
0.001,19.000999999999998,-0.008890449132188774
0.001,19.500999999999998,-0.008880554928203438
0.001,20.000999999999998,-0.008870367497132716
0.001,20.500999999999998,-0.008859887415167625
0.001,21.000999999999998,-0.008849115307754786
0.001,21.500999999999998,-0.00883805185017182
0.001,22.000999999999998,-0.00882669776807403
0.001,22.500999999999998,-0.008815053838011223
0.001,23.000999999999998,-0.008803120887913754
0.001,23.500999999999998,-0.008790899797546183
0.001,24.000999999999998,-0.008778391498928284
0.001,24.500999999999998,-0.008765596976721333
0.001,25.000999999999998,-0.008752517268579485
0.001,25.500999999999998,-0.008739153465464538
0.001,26.000999999999998,-0.00872550671192381
0.001,26.500999999999998,-0.008711578206329606
0.001,27.000999999999998,-0.008697369201079594
0.001,27.500999999999998,-0.008682881002757442
0.001,28.000999999999998,-0.008668114972252484
0.001,28.500999999999998,-0.008653072524838164
0.001,29.000999999999998,-0.008637755130208008
0.001,29.500999999999998,-0.008622164312469259
0.001,30.000999999999998,-0.008606301650092631
0.001,30.500999999999998,-0.008590168775818413
0.001,31.000999999999998,-0.008573767376518224
0.001,31.500999999999998,-0.008557099193011966
0.001,32.001,-0.00854016601983967
0.001,32.501,-0.008522969704988028
0.001,33.001,-0.008505512149571693
0.001,33.501,-0.008487795307468501
0.001,34.001,-0.008469821184909375
0.001,34.501,-0.00845159184002266
0.001,35.001,-0.008433109382332823
0.001,35.501,-0.008414375972214021
0.001,36.001,-0.00839539382029856
0.001,36.501,-0.008376165186840803
0.001,37.001,-0.00835669238103691
0.001,37.501,-0.008336977760300892
0.001,38.001,-0.008317023729497316
0.001,38.501,-0.008296832740132083
0.001,39.001,-0.008276407289501096
0.001,39.501,-0.00825574991979814
0.006,0.001,-0.043537586091797136
0.006,0.501,-0.04415888337699153
0.006,1.001,-0.044810306820938804
0.006,1.501,-0.045494926255612946
0.006,2.001,-0.046216297442371865
0.006,2.501,-0.04697857046613404
0.006,3.001,-0.047786630315172295
0.006,3.501,-0.04864628192181487
0.006,4.0009999999999994,-0.04956449781312501
0.006,4.5009999999999994,-0.05054975586632407
0.006,5.0009999999999994,-0.05161250999137385
0.006,5.5009999999999994,-0.05276586259015478
0.006,6.0009999999999994,-0.05402655365016073
0.006,6.5009999999999994,-0.05541646658775693
0.006,7.0009999999999994,-0.05696501806959831
0.006,7.5009999999999994,-0.058713149707632174
0.006,8.001,-0.06072044044937285
0.006,8.501,-0.06307889823684079
0.006,9.001,-0.06594300296717896
0.006,9.501,-0.0696074663306015
0.006,10.001,-0.07477678504635338
0.006,10.501,-0.08446831283839885
0.006,11.001,-0.09269408849968805
0.006,11.501,-0.08757685008055772
0.006,12.001,-0.08294628334544993
0.006,12.501,-0.07873967098238116
0.006,13.001,-0.07490441644934664
0.006,13.501,-0.07139610331193813
0.006,14.001,-0.06817698178658166
0.006,14.501,-0.06521477711382875
0.006,15.001,-0.06248174299442701
0.006,15.501,-0.059953903496626354
0.006,16.000999999999998,-0.05761044125617272
0.006,16.500999999999998,-0.05543320021035138
0.006,17.000999999999998,-0.05340627872472744
0.006,17.500999999999998,-0.05151569459772516
0.006,18.000999999999998,-0.049749107624678914
0.006,18.500999999999998,-0.0480955885614971
0.006,19.000999999999998,-0.04654542572572046
0.006,19.500999999999998,-0.0450899623074954
0.006,20.000999999999998,-0.04372145887765109
0.006,20.500999999999998,-0.04243297667867031
0.006,21.000999999999998,-0.04121827814328631
0.006,21.500999999999998,-0.04007174176132088
0.006,22.000999999999998,-0.03898828895046112
0.006,22.500999999999998,-0.03796332101274212
0.006,23.000999999999998,-0.03699266459963042
0.006,23.500999999999998,-0.03607252438317379
0.006,24.000999999999998,-0.03519944185276286
0.006,24.500999999999998,-0.034370259337563644
0.006,25.000999999999998,-0.0335820885020436
0.006,25.500999999999998,-0.032832282682870674
0.006,26.000999999999998,-0.032118412534975015
0.006,26.500999999999998,-0.031438244536836524
0.006,27.000999999999998,-0.030789721973344005
0.006,27.500999999999998,-0.03017094807144759
0.006,28.000999999999998,-0.029580171011373727
0.006,28.500999999999998,-0.029015770576052268
0.006,29.000999999999998,-0.02847624623497094
0.006,29.500999999999998,-0.02796020648700192
0.006,30.000999999999998,-0.02746635931074093
0.006,30.500999999999998,-0.0269935035912742
0.006,31.000999999999998,-0.026540521409641193
0.006,31.500999999999998,-0.02610637109608299
0.006,32.001,-0.025690080960854966
0.006,32.501,-0.02529074362727536
0.006,33.001,-0.024907510901057674
0.006,33.501,-0.024539589118061086
0.006,34.001,-0.024186234919585565
0.006,34.501,-0.02384675141039564
0.006,35.001,-0.023520484659924776
0.006,35.501,-0.023206820511684257
0.006,36.001,-0.022905181669901253
0.006,36.501,-0.022615025035896706
0.006,37.001,-0.022335839269770043
0.006,37.501,-0.022067142555639737
0.006,38.001,-0.021808480551039615
0.006,38.501,-0.021559424503148284
0.006,39.001,-0.021319569516355302
0.006,39.501,-0.021088532957281456
0.011,0.001,-0.07315296435814402
0.011,0.501,-0.0751284442617468
0.011,1.001,-0.07729990103754371
0.011,1.501,-0.07970759078811532
0.011,2.001,-0.08240539649969358
0.011,2.501,-0.08546779758830737
0.011,3.001,-0.08900200917771507
0.011,3.501,-0.09317077792417193
0.011,4.0009999999999994,-0.09823973364141075
0.011,4.5009999999999994,-0.10469096414405368
0.011,5.0009999999999994,-0.11356475262298996
0.011,5.5009999999999994,-0.12805818844542893
0.011,6.0009999999999994,-0.16421778807441115
0.011,6.5009999999999994,-0.14729943537119133
0.011,7.0009999999999994,-0.13312087845946965
0.011,7.5009999999999994,-0.12109551876631634
0.011,8.001,-0.11079013554798953
0.011,8.501,-0.10187828848905134
0.011,9.001,-0.09410964378089656
0.011,9.501,-0.08728923943010158
0.011,10.001,-0.08126313871427536
0.011,10.501,-0.07590829662262068
0.011,11.001,-0.0711252690665693
0.011,11.501,-0.066832879929995
0.011,12.001,-0.06296426153942954
0.011,12.501,-0.05946387475340246
0.011,13.001,-0.056285238434838035
0.011,13.501,-0.05338917976154588
0.011,14.001,-0.05074247181549916
0.011,14.501,-0.04831676251518215
0.011,15.001,-0.04608772509070111
0.011,15.501,-0.044034378711059446
0.011,16.000999999999998,-0.042138541008960986
0.011,16.500999999999998,-0.04038438373422792
0.011,17.000999999999998,-0.038758069693412646
0.011,17.500999999999998,-0.03724745424371864
0.011,18.000999999999998,-0.035841838416819316
0.011,18.500999999999998,-0.0345317636107753
0.011,19.000999999999998,-0.0333088399589485
0.011,19.500999999999998,-0.0321656021441466
0.011,20.000999999999998,-0.03109538770431205
0.011,20.500999999999998,-0.030092233867599308
0.011,21.000999999999998,-0.02915078972910532
0.011,21.500999999999998,-0.02826624119029996
0.011,22.000999999999998,-0.027434246563675456
0.011,22.500999999999998,-0.02665088112814182
0.011,23.000999999999998,-0.025912589227052883
0.011,23.500999999999998,-0.025216142747085668
0.011,24.000999999999998,-0.0245586050152665
0.011,24.500999999999998,-0.023937299313076164
0.011,25.000999999999998,-0.023349781338420673
0.011,25.500999999999998,-0.0227938150542689
0.011,26.000999999999998,-0.022267351451633895
0.011,26.500999999999998,-0.0217685098279729
0.011,27.000999999999998,-0.021295561242953533
0.011,27.500999999999998,-0.020846913864184698
0.011,28.000999999999998,-0.020421099957822767
0.011,28.500999999999998,-0.020016764314417415
0.011,29.000999999999998,-0.019632653930175985
0.011,29.500999999999998,-0.019267608788970363
0.011,30.000999999999998,-0.018920553611685136
0.011,30.500999999999998,-0.018590490457559988
0.011,31.000999999999998,-0.018276492077538717
0.011,31.500999999999998,-0.01797769593274727
0.011,32.001,-0.017693298802438577
0.011,32.501,-0.017422551915356577
0.011,33.001,-0.017164756546749677
0.011,33.501,-0.016919260030388288
0.011,34.001,-0.016685452141099615
0.011,34.501,-0.016462761808671383
0.011,35.001,-0.01625065412859672
0.011,35.501,-0.016048627639162937
0.011,36.001,-0.01585621183788865
0.011,36.501,-0.015672964913379783
0.011,37.001,-0.015498471671350648
0.011,37.501,-0.015332341635903468
0.011,38.001,-0.015174207309224858
0.011,38.501,-0.015023722574665721
0.011,39.001,-0.014880561229772746
0.011,39.501,-0.014744415637248143
0.016,0.001,-0.10041107888973183
0.016,0.501,-0.10433806936816749
0.016,1.001,-0.10885630946074452
0.016,1.501,-0.11415684796458206
0.016,2.001,-0.12053994480567481
0.016,2.501,-0.12851938450653952
0.016,3.001,-0.13909530680590476
0.016,3.501,-0.15470566261065433
0.016,4.0009999999999994,-0.18576888609366746
0.016,4.5009999999999994,-0.21189896937848862
0.016,5.0009999999999994,-0.18290540151836748
0.016,5.5009999999999994,-0.159887703371555
0.016,6.0009999999999994,-0.1412472412686842
0.016,6.5009999999999994,-0.12589951175758016
0.016,7.0009999999999994,-0.11308459250409678
0.016,7.5009999999999994,-0.10225527641937165
0.016,8.001,-0.0930082390348614
0.016,8.501,-0.08504015592386754
0.016,9.001,-0.07811885913331545
0.016,9.501,-0.07206386807918011
0.016,10.001,-0.06673293770561668
0.016,10.501,-0.06201256997586857
0.016,11.001,-0.057811196358294764
0.016,11.501,-0.054054197621645615
0.016,12.001,-0.050680210972873826
0.016,12.501,-0.047638354353391144
0.016,13.001,-0.04488611413334913
0.016,13.501,-0.04238771933795925
0.016,14.001,-0.040112877247207544
0.016,14.501,-0.038035780557396065
0.016,15.001,-0.03613432082424581
0.016,15.501,-0.03438946017137782
0.016,16.000999999999998,-0.03278472555548316
0.016,16.500999999999998,-0.03130579875914445
0.016,17.000999999999998,-0.029940181760587197
0.016,17.500999999999998,-0.02867692190541424
0.016,18.000999999999998,-0.027506384860440315
0.016,18.500999999999998,-0.02642006600036225
0.016,19.000999999999998,-0.025410432901446907
0.016,19.500999999999998,-0.02447079316193102
0.016,20.000999999999998,-0.023595182958283303
0.016,20.500999999999998,-0.02277827266852199
0.016,21.000999999999998,-0.022015286613362946
0.016,21.500999999999998,-0.021301934531204825
0.016,22.000999999999998,-0.020634352849644856
0.016,22.500999999999998,-0.02000905417128048
0.016,23.000999999999998,-0.019422883675346076
0.016,23.500999999999998,-0.018872981364753176
0.016,24.000999999999998,-0.018356749272234768
0.016,24.500999999999998,-0.017871822888693885
0.016,25.000999999999998,-0.01741604619863625
0.016,25.500999999999998,-0.016987449807257353
0.016,26.000999999999998,-0.016584231725717578
0.016,26.500999999999998,-0.01620474044878852
0.016,27.000999999999998,-0.015847460015108734
0.016,27.500999999999998,-0.015510996786904568
0.016,28.000999999999998,-0.01519406772494113
0.016,28.500999999999998,-0.01489548996705448
0.016,29.000999999999998,-0.01461417154599341
0.016,29.500999999999998,-0.014349103105377972
0.016,30.000999999999998,-0.014099350492093307
0.016,30.500999999999998,-0.01386404811998196
0.016,31.000999999999998,-0.01364239301376885
0.016,31.500999999999998,-0.013433639454146863
0.016,32.001,-0.01323709415521368
0.016,32.501,-0.01305211191423699
0.016,33.001,-0.012878091681284568
0.016,33.501,-0.012714473002762468
0.016,34.001,-0.01256073279852054
0.016,34.501,-0.01241638243704948
0.016,35.001,-0.012280965077509264
0.016,35.501,-0.01215405325098987
0.016,36.001,-0.012035246656600163
0.016,36.501,-0.011924170150760513
0.016,37.001,-0.011820471910513546
0.016,37.501,-0.011723821753793898
0.016,38.001,-0.01163390960147398
0.016,38.501,-0.01155044406764346
0.016,39.001,-0.01147315116603058
0.016,39.501,-0.011401773121749594
0.021,0.001,-0.12608105699032524
0.021,0.501,-0.1324933861860476
0.021,1.001,-0.1402163743277644
0.021,1.501,-0.14985554589138095
0.021,2.001,-0.16255974672066312
0.021,2.501,-0.18098453113786814
0.021,3.001,-0.214607401962637
0.021,3.501,-0.2721030399362564
0.021,4.0009999999999994,-0.22531824858017913
0.021,4.5009999999999994,-0.19028222936330277
0.021,5.0009999999999994,-0.16323097075764106
0.021,5.5009999999999994,-0.14182888157199325
0.021,6.0009999999999994,-0.12455514168440128
0.021,6.5009999999999994,-0.11037994639846149
0.021,7.0009999999999994,-0.0985829916773372
0.021,7.5009999999999994,-0.08864649828343739
0.021,8.001,-0.08018947578576233
0.021,8.501,-0.07292586814147772
0.021,9.001,-0.0666370775733571
0.021,9.501,-0.061153441000926914
0.021,10.001,-0.0563414466551966
0.021,10.501,-0.05209472750857051
0.021,11.001,-0.048327597363087484
0.021,11.501,-0.04497033419538932
0.021,12.001,-0.041965686531783855
0.021,12.501,-0.039266250314058206
0.021,13.001,-0.03683247480526017
0.021,13.501,-0.03463112939544287
0.021,14.001,-0.03263411242538278
0.021,14.501,-0.03081751679246148
0.021,15.001,-0.02916089043569832
0.021,15.501,-0.02764664620502369
0.021,16.000999999999998,-0.026259587308369678
0.021,16.500999999999998,-0.02498652295695947
0.021,17.000999999999998,-0.02381595497263419
0.021,17.500999999999998,-0.022737820646685468
0.021,18.000999999999998,-0.02174328050614399
0.021,18.500999999999998,-0.02082454217063341
0.021,19.000999999999998,-0.01997471339631801
0.021,19.500999999999998,-0.019187678863940988
0.021,20.000999999999998,-0.018457996391195167
0.021,20.500999999999998,-0.017780809119777294
0.021,21.000999999999998,-0.01715177090610033
0.021,21.500999999999998,-0.01656698267732206
0.021,22.000999999999998,-0.016022937935044463
0.021,22.500999999999998,-0.015516475923229602
0.021,23.000999999999998,-0.015044741243799453
0.021,23.500999999999998,-0.014605148917734193
0.021,24.000999999999998,-0.014195354062443807
0.021,24.500999999999998,-0.013813225496452322
0.021,25.000999999999998,-0.01345682269667673
0.021,25.500999999999998,-0.013124375627066066
0.021,26.000999999999998,-0.012814267034156572
0.021,26.500999999999998,-0.01252501686845805
0.021,27.000999999999998,-0.012255268543041514
0.021,27.500999999999998,-0.012003776784302284
0.021,28.000999999999998,-0.011769396866242572
0.021,28.500999999999998,-0.011551075050058174
0.021,29.000999999999998,-0.01134784007637249
0.021,29.500999999999998,-0.011158795578996662
0.021,30.000999999999998,-0.010983113307288454
0.021,30.500999999999998,-0.010820027059600265
0.021,31.000999999999998,-0.01066882724341201
0.021,31.500999999999998,-0.010528855988912901
0.021,32.001,-0.010399502752336066
0.021,32.501,-0.010280200353528827
0.021,33.001,-0.010170421399257126
0.021,33.501,-0.010069675049791038
0.021,34.001,-0.009977504091528377
0.021,34.501,-0.009893482282928821
0.021,35.001,-0.009817211944934137
0.021,35.501,-0.009748321770449923
0.021,36.001,-0.009686464830416427
0.021,36.501,-0.009631316756573275
0.021,37.001,-0.009582574083275983
0.021,37.501,-0.009539952732691911
0.021,38.001,-0.009503186629432165
0.021,38.501,-0.009472026432196252
0.021,39.001,-0.009446238371342088
0.021,39.501,-0.009425603182473366
0.026000000000000002,0.001,-0.15054977706597159
0.026000000000000002,0.501,-0.15994366424077797
0.026000000000000002,1.001,-0.17179697528698656
0.026000000000000002,1.501,-0.18766250503891835
0.026000000000000002,2.001,-0.21126708001206576
0.026000000000000002,2.501,-0.2572525940851325
0.026000000000000002,3.001,-0.31268280994808706
0.026000000000000002,3.501,-0.25083266976739504
0.026000000000000002,4.0009999999999994,-0.20645171789497557
0.026000000000000002,4.5009999999999994,-0.1733241435348182
0.026000000000000002,5.0009999999999994,-0.14782772442794323
0.026000000000000002,5.5009999999999994,-0.12771881582749373
0.026000000000000002,6.0009999999999994,-0.11153893681072435
0.026000000000000002,6.5009999999999994,-0.09830210299200703
0.026000000000000002,7.0009999999999994,-0.08731974851788794
0.026000000000000002,7.5009999999999994,-0.07809766798118876
0.026000000000000002,8.001,-0.07027276142850673
0.026000000000000002,8.501,-0.06357280490511105
0.026000000000000002,9.001,-0.05779006993405529
0.026000000000000002,9.501,-0.05276355751136316
0.026000000000000002,10.001,-0.04836675028391006
0.026000000000000002,10.501,-0.04449899210185415
0.026000000000000002,11.001,-0.041079307403506654
0.026000000000000002,11.501,-0.03804189570541569
0.026000000000000002,12.001,-0.03533279759473949
0.026000000000000002,12.501,-0.032907393822103226
0.026000000000000002,13.001,-0.03072850590700283
0.026000000000000002,13.501,-0.028764937107258307
0.026000000000000002,14.001,-0.026990339899505517
0.026000000000000002,14.501,-0.02538232840109992
0.026000000000000002,15.001,-0.02392177653629042
0.026000000000000002,15.501,-0.022592258471795093
0.026000000000000002,16.000999999999998,-0.021379599039418273
0.026000000000000002,16.500999999999998,-0.020271509927342217
0.026000000000000002,17.000999999999998,-0.019257293296858803
0.026000000000000002,17.500999999999998,-0.01832759880654565
0.026000000000000002,18.000999999999998,-0.017474223241267066
0.026000000000000002,18.500999999999998,-0.016689944355598146
0.026000000000000002,19.000999999999998,-0.01596838236654958
0.026000000000000002,19.500999999999998,-0.015303883922795955
0.026000000000000002,20.000999999999998,-0.014691424447808844
0.026000000000000002,20.500999999999998,-0.014126525582810464
0.026000000000000002,21.000999999999998,-0.01360518510125773
0.026000000000000002,21.500999999999998,-0.013123817173188059
0.026000000000000002,22.000999999999998,-0.012679201257632985
0.026000000000000002,22.500999999999998,-0.012268438218766588
0.026000000000000002,23.000999999999998,-0.011888912514878676
0.026000000000000002,23.500999999999998,-0.011538259512641182
0.026000000000000002,24.000999999999998,-0.011214337143160814
0.026000000000000002,24.500999999999998,-0.010915201249246364
0.026000000000000002,25.000999999999998,-0.010639084081539567
0.026000000000000002,25.500999999999998,-0.010384375489651081
0.026000000000000002,26.000999999999998,-0.010149606427110214
0.026000000000000002,26.500999999999998,-0.009933434448842544
0.026000000000000002,27.000999999999998,-0.009734630929475581
0.026000000000000002,27.500999999999998,-0.009552069771952332
0.026000000000000002,28.000999999999998,-0.009384717410277056
0.026000000000000002,28.500999999999998,-0.00923162393893152
0.026000000000000002,29.000999999999998,-0.00909191522561259
0.026000000000000002,29.500999999999998,-0.008964785884232163
0.026000000000000002,30.000999999999998,-0.008849493002264518
0.026000000000000002,30.500999999999998,-0.008745350531040738
0.026000000000000002,31.000999999999998,-0.008651724259922548
0.026000000000000002,31.500999999999998,-0.008568027305792064
0.026000000000000002,32.001,-0.00849371605826306
0.026000000000000002,32.501,-0.008428286528700177
0.026000000000000002,33.001,-0.008371271057724838
0.026000000000000002,33.501,-0.008322235341561686
0.026000000000000002,34.001,-0.008280775742465739
0.026000000000000002,34.501,-0.008246516852705686
0.026000000000000002,35.001,-0.008219109285236052
0.026000000000000002,35.501,-0.008198227667376705
0.026000000000000002,36.001,-0.008183568816578488
0.026000000000000002,36.501,-0.008174850079770868
0.026000000000000002,37.001,-0.008171807819889805
0.026000000000000002,37.501,-0.008174196035028468
0.026000000000000002,38.001,-0.008181785097269884
0.026000000000000002,38.501,-0.008194360599676535
0.026000000000000002,39.001,-0.008211722301165271
0.026000000000000002,39.501,-0.008233683160091002
0.031000000000000003,0.001,-0.17405158762953246
0.031000000000000003,0.501,-0.18689898459678822
0.031000000000000003,1.001,-0.2039065228483952
0.031000000000000003,1.501,-0.22859308178748405
0.031000000000000003,2.001,-0.27264827046784085
0.031000000000000003,2.501,-0.3798978144803299
0.031000000000000003,3.001,-0.29258750796171695
0.031000000000000003,3.501,-0.23335183893799555
0.031000000000000003,4.0009999999999994,-0.19097817296907538
0.031000000000000003,4.5009999999999994,-0.1594439961522351
0.031000000000000003,5.0009999999999994,-0.13524557146730934
0.031000000000000003,5.5009999999999994,-0.11621608706884906
0.031000000000000003,6.0009999999999994,-0.10094915275560912
0.031000000000000003,6.5009999999999994,-0.08849539906129032
0.031000000000000003,7.0009999999999994,-0.07819277842965909
0.031000000000000003,7.5009999999999994,-0.06956678121484597
0.031000000000000003,8.001,-0.06226925405648716
0.031000000000000003,8.501,-0.05603952839208926
0.031000000000000003,9.001,-0.05067895550845208
0.031000000000000003,9.501,-0.04603377360681911
0.031000000000000003,10.001,-0.041983307522931224
0.031000000000000003,10.501,-0.0384316709342239
0.031000000000000003,11.001,-0.03530182246908299
0.031000000000000003,11.501,-0.032531236626082295
0.031000000000000003,12.001,-0.030068703135799752
0.031000000000000003,12.501,-0.02787192817818939
0.031000000000000003,13.001,-0.025905714109911902
0.031000000000000003,13.501,-0.024140562395793604
0.031000000000000003,14.001,-0.02255159009398007
0.031000000000000003,14.501,-0.02111768138881101
0.031000000000000003,15.001,-0.019820817235415365
0.031000000000000003,15.501,-0.01864554132914468
0.031000000000000003,16.000999999999998,-0.017578531391012033
0.031000000000000003,16.500999999999998,-0.016608252521083028
0.031000000000000003,17.000999999999998,-0.015724675022697247
0.031000000000000003,17.500999999999998,-0.014919043258171269
0.031000000000000003,18.000999999999998,-0.014183685185739418
0.031000000000000003,18.500999999999998,-0.013511854543673957
0.031000000000000003,19.000999999999998,-0.012897599399143391
0.031000000000000003,19.500999999999998,-0.012335652114765339
0.031000000000000003,20.000999999999998,-0.011821336811677057
0.031000000000000003,20.500999999999998,-0.011350491201711367
0.031000000000000003,21.000999999999998,-0.01091940027963298
0.031000000000000003,21.500999999999998,-0.010524739851230841
0.031000000000000003,22.000999999999998,-0.01016352825554355
0.031000000000000003,22.500999999999998,-0.009833084942980783
0.031000000000000003,23.000999999999998,-0.00953099481324401
0.031000000000000003,23.500999999999998,-0.009255077411170487
0.031000000000000003,24.000999999999998,-0.009003360235181126
0.031000000000000003,24.500999999999998,-0.008774055539826337
0.031000000000000003,25.000999999999998,-0.008565540117110033
0.031000000000000003,25.500999999999998,-0.008376337625606585
0.031000000000000003,26.000999999999998,-0.008205103105593567
0.031000000000000003,26.500999999999998,-0.00805060937545862
0.031000000000000003,27.000999999999998,-0.007911735051813779
0.031000000000000003,27.500999999999998,-0.007787453974921956
0.031000000000000003,28.000999999999998,-0.007676825853674192
0.031000000000000003,28.500999999999998,-0.007578987971648292
0.031000000000000003,29.000999999999998,-0.007493147818667854
0.031000000000000003,29.500999999999998,-0.007418576531540669
0.031000000000000003,30.000999999999998,-0.0073546030439196
0.031000000000000003,30.500999999999998,-0.007300608858989702
0.031000000000000003,31.000999999999998,-0.007256023370374631
0.031000000000000003,31.500999999999998,-0.0072203196666022415
0.031000000000000003,32.001,-0.007193010762964604
0.031000000000000003,32.501,-0.007173646211872806
0.031000000000000003,33.001,-0.007161809049045349
0.031000000000000003,33.501,-0.007157113038229412
0.031000000000000003,34.001,-0.0071592001817796375
0.031000000000000003,34.501,-0.007167738468409332
0.031000000000000003,35.001,-0.007182419832893219
0.031000000000000003,35.501,-0.0072029583054953675
0.031000000000000003,36.001,-0.007229088331511202
0.031000000000000003,36.501,-0.007260563243583488
0.031000000000000003,37.001,-0.007297153871436524
0.031000000000000003,37.501,-0.0073386472754147225
0.031000000000000003,38.001,-0.007384845591725392
0.031000000000000003,38.501,-0.007435564978629038
0.031000000000000003,39.001,-0.007490634653993883
0.031000000000000003,39.501,-0.007549896015664484
0.036000000000000004,0.001,-0.1967439925719964
0.036000000000000004,0.501,-0.21350074075170875
0.036000000000000004,1.001,-0.23681783406589177
0.036000000000000004,1.501,-0.2741156053605268
0.036000000000000004,2.001,-0.3697204907231799
0.036000000000000004,2.501,-0.35981150499796744
0.036000000000000004,3.001,-0.2755607759361516
0.036000000000000004,3.501,-0.21857102848543208
0.036000000000000004,4.0009999999999994,-0.1779214161051474
0.036000000000000004,4.5009999999999994,-0.147755591351119
0.036000000000000004,5.0009999999999994,-0.12467166968800124
0.036000000000000004,5.5009999999999994,-0.10656888409985452
0.036000000000000004,6.0009999999999994,-0.09208561909968754
0.036000000000000004,6.5009999999999994,-0.08030397610731366
0.036000000000000004,7.0009999999999994,-0.07058469908271035
0.036000000000000004,7.5009999999999994,-0.06247020521710416
0.036000000000000004,8.001,-0.05562518572912162
0.036000000000000004,8.501,-0.049798901763993764
0.036000000000000004,9.001,-0.04480050650515836
0.036000000000000004,9.501,-0.04048245643568865
0.036000000000000004,10.001,-0.03672909576112275
0.036000000000000004,10.501,-0.03344863595891559
0.036000000000000004,11.001,-0.030567415360715965
0.036000000000000004,11.501,-0.028025721713599017
0.036000000000000004,12.001,-0.025774706169757293
0.036000000000000004,12.501,-0.02377407227432809
0.036000000000000004,13.001,-0.02199032369121947
0.036000000000000004,13.501,-0.020395420383618718
0.036000000000000004,14.001,-0.018965737211308856
0.036000000000000004,14.501,-0.017681249072305574
0.036000000000000004,15.001,-0.016524887596416227
0.036000000000000004,15.501,-0.015482029054746105
0.036000000000000004,16.000999999999998,-0.014540083570945217
0.036000000000000004,16.500999999999998,-0.013688163220136447
0.036000000000000004,17.000999999999998,-0.012916812059673773
0.036000000000000004,17.500999999999998,-0.012217785149700629
0.036000000000000004,18.000999999999998,-0.011583866602059026
0.036000000000000004,18.500999999999998,-0.011008718929736584
0.036000000000000004,19.000999999999998,-0.010486757657340662
0.036000000000000004,19.500999999999998,-0.010013046439566513
0.036000000000000004,20.000999999999998,-0.009583208922382402
0.036000000000000004,20.500999999999998,-0.009193354345561879
0.036000000000000004,21.000999999999998,-0.008840014479982977
0.036000000000000004,21.500999999999998,-0.008520089959239648
0.036000000000000004,22.000999999999998,-0.008230804432645154
0.036000000000000004,22.500999999999998,-0.007969665258181963
0.036000000000000004,23.000999999999998,-0.007734429686399376
0.036000000000000004,23.500999999999998,-0.0075230756726086465
0.036000000000000004,24.000999999999998,-0.007333776604865956
0.036000000000000004,24.500999999999998,-0.0071648793567908875
0.036000000000000004,25.000999999999998,-0.007014885173123618
0.036000000000000004,25.500999999999998,-0.006882432976685565
0.036000000000000004,26.000999999999998,-0.006766284751649351
0.036000000000000004,26.500999999999998,-0.006665312712588967
0.036000000000000004,27.000999999999998,-0.006578488013889272
0.036000000000000004,27.500999999999998,-0.006504870791531678
0.036000000000000004,28.000999999999998,-0.006443601360453084
0.036000000000000004,28.500999999999998,-0.006393892416725763
0.036000000000000004,29.000999999999998,-0.006355022115659354
0.036000000000000004,29.500999999999998,-0.006326327915293625
0.036000000000000004,30.000999999999998,-0.006307201090260808
0.036000000000000004,30.500999999999998,-0.006297081834109611
0.036000000000000004,31.000999999999998,-0.006295454879319533
0.036000000000000004,31.500999999999998,-0.006301845573705139
0.036000000000000004,32.001,-0.0063158163599942654
0.036000000000000004,32.501,-0.006336963612278021
0.036000000000000004,33.001,-0.006364914788958974
0.036000000000000004,33.501,-0.006399325866924752
0.036000000000000004,34.001,-0.006439879026062335
0.036000000000000004,34.501,-0.006486280557023487
0.036000000000000004,35.001,-0.006538258968437467
0.036000000000000004,35.501,-0.006595563272610995
0.036000000000000004,36.001,-0.006657961431235315
0.036000000000000004,36.501,-0.006725238944775461
0.036000000000000004,37.001,-0.006797197571097369
0.036000000000000004,37.501,-0.006873654160539519
0.036000000000000004,38.001,-0.006954439596074307
0.036000000000000004,38.501,-0.0070393978284728
0.036000000000000004,39.001,-0.00712838499750146
0.036000000000000004,39.501,-0.007221268631160856
0.041,0.001,-0.21874022929721731
0.041,0.501,-0.23985161308671876
0.041,1.001,-0.2708053857282362
0.041,1.501,-0.32674165820701145
0.041,2.001,-0.4727421294401809
0.041,2.501,-0.34240474960292283
0.041,3.001,-0.26083657533493837
0.041,3.501,-0.20581564201797364
0.041,4.0009999999999994,-0.16667709857443824
0.041,4.5009999999999994,-0.13771037714536594
0.041,5.0009999999999994,-0.11560294597619045
0.041,5.5009999999999994,-0.09831197488593403
0.041,6.0009999999999994,-0.0845151242524323
0.041,6.5009999999999994,-0.07332209982133056
0.041,7.0009999999999994,-0.06411363567393157
0.041,7.5009999999999994,-0.05644699438013475
0.041,8.001,-0.04999813156040636
0.041,8.501,-0.0445250159372059
0.041,9.001,-0.03984364191647151
0.041,9.501,-0.03581191824472725
0.041,10.001,-0.03231858990065709
0.041,10.501,-0.029275460925989427
0.041,11.001,-0.02661183248547097
0.041,11.501,-0.024270458436897194
0.041,12.001,-0.022204559859817175
0.041,12.501,-0.020375591023021854
0.041,13.001,-0.018751546746586092
0.041,13.501,-0.01730566528117216
0.041,14.001,-0.016015423835789452
0.041,14.501,-0.014861753191635116
0.041,15.001,-0.013828418114532306
0.041,15.501,-0.012901524502670868
0.041,16.000999999999998,-0.012069124315587806
0.041,16.500999999999998,-0.01132089660184138
0.041,17.000999999999998,-0.010647888231974618
0.041,17.500999999999998,-0.01004230183092944
0.041,18.000999999999998,-0.009497321289447094
0.041,18.500999999999998,-0.0090069673952244
0.041,19.000999999999998,-0.008565977757369343
0.041,19.500999999999998,-0.008169706441257274
0.041,20.000999999999998,-0.007814039685234064
0.041,20.500999999999998,-0.007495324808320665
0.041,21.000999999999998,-0.007210309992191508
0.041,21.500999999999998,-0.00695609307041465
0.041,22.000999999999998,-0.0067300778123587784
0.041,22.500999999999998,-0.006529936470120665
0.041,23.000999999999998,-0.00635357758077182
0.041,23.500999999999998,-0.006199118195667675
0.041,24.000999999999998,-0.006064859853078218
0.041,24.500999999999998,-0.005949267727343707
0.041,25.000999999999998,-0.005850952482823638
0.041,25.500999999999998,-0.00576865443853284
0.041,26.000999999999998,-0.005701229712997906
0.041,26.500999999999998,-0.00564763807126554
0.041,27.000999999999998,-0.005606932239296196
0.041,27.500999999999998,-0.005578248486888995
0.041,28.000999999999998,-0.005560798310189664
0.041,28.500999999999998,-0.005553861069802574
0.041,29.000999999999998,-0.00555677746146617
0.041,29.500999999999998,-0.00556894371384335
0.041,30.000999999999998,-0.005589806422822172
0.041,30.500999999999998,-0.005618857944274589
0.041,31.000999999999998,-0.005655632277869303
0.041,31.500999999999998,-0.005699701383589139
0.041,32.001,-0.005750671880332618
0.041,32.501,-0.005808182082578649
0.041,33.001,-0.005871899336761285
0.041,33.501,-0.00594151762386186
0.041,34.001,-0.006016755398922406
0.041,34.501,-0.006097353641795623
0.041,35.001,-0.006183074096586565
0.041,35.501,-0.006273697679949321
0.041,36.001,-0.006369023040766071
0.041,36.501,-0.00646886525579027
0.041,37.001,-0.006573054647630136
0.041,37.501,-0.006681435713017617
0.041,38.001,-0.00679386615068394
0.041,38.501,-0.006910215979369256
0.041,39.001,-0.007030366737560731
0.041,39.501,-0.007154210757486908
0.046,0.001,-0.24012567138218352
0.046,0.501,-0.26603050629772307
0.046,1.001,-0.30617283767353337
0.046,1.501,-0.39178004133840344
0.046,2.001,-0.4539568837211402
0.046,2.501,-0.3270864065776624
0.046,3.001,-0.2479064580058074
0.046,3.501,-0.19463798303097446
0.046,4.0009999999999994,-0.15684419824943913
0.046,4.5009999999999994,-0.12894440657424747
0.046,5.0009999999999994,-0.10770567419293466
0.046,5.5009999999999994,-0.09113677984623866
0.046,6.0009999999999994,-0.07795036796592973
0.046,6.5009999999999994,-0.0672807306790889
0.046,7.0009999999999994,-0.05852640555858017
0.046,7.5009999999999994,-0.051257875825668694
0.046,8.001,-0.045161128034091474
0.046,8.501,-0.040001884485380945
0.046,9.001,-0.03560223089306547
0.046,9.501,-0.03182493029701429
0.046,10.001,-0.028562645556185623
0.046,10.501,-0.025730378874821103
0.046,11.001,-0.02326006882963439
0.046,11.501,-0.021096664403963343
0.046,12.001,-0.01919522905784568
0.046,12.501,-0.017518775251856716
0.046,13.001,-0.016036624917687738
0.046,13.501,-0.014723153923012378
0.046,14.001,-0.01355682048471843
0.046,14.501,-0.012519406025858076
0.046,15.001,-0.011595416707408934
0.046,15.501,-0.010771607705128167
0.046,16.000999999999998,-0.010036602132595399
0.046,16.500999999999998,-0.009380583579410677
0.046,17.000999999999998,-0.008795046372075399
0.046,17.500999999999998,-0.008272591440173758
0.046,18.000999999999998,-0.0078067584710644344
0.046,18.500999999999998,-0.00739188713303289
0.046,19.000999999999998,-0.0070230017301754905
0.046,19.500999999999998,-0.006695714857619263
0.046,20.000999999999998,-0.006406146550270206
0.046,20.500999999999998,-0.006150856132661177
0.046,21.000999999999998,-0.005926784533177545
0.046,21.500999999999998,-0.005731205261041882
0.046,22.000999999999998,-0.00556168258717455
0.046,22.500999999999998,-0.0054160357416261
0.046,23.000999999999998,-0.005292308156646955
0.046,23.500999999999998,-0.005188740957760209
0.046,24.000999999999998,-0.005103750044711301
0.046,24.500999999999998,-0.005035906217006024
0.046,25.000999999999998,-0.004983917890436583
0.046,25.500999999999998,-0.0049466160258287255
0.046,26.000999999999998,-0.004922940952569718
0.046,26.500999999999998,-0.004911930819945523
0.046,27.000999999999998,-0.004912711451005587
0.046,27.500999999999998,-0.004924487408234689
0.046,28.000999999999998,-0.00494653410907895
0.046,28.500999999999998,-0.004978190853383108
0.046,29.000999999999998,-0.005018854644918254
0.046,29.500999999999998,-0.0050679747060807315
0.046,30.000999999999998,-0.005125047599100395
0.046,30.500999999999998,-0.005189612879143102
0.046,31.000999999999998,-0.005261249214907809
0.046,31.500999999999998,-0.005339570921011248
0.046,32.001,-0.005424224853853299
0.046,32.501,-0.0055148876289912024
0.046,33.001,-0.005611263123475062
0.046,33.501,-0.005713080231256065
0.046,34.001,-0.005820090843794402
0.046,34.501,-0.0059320680314578905
0.046,35.001,-0.006048804404298752
0.046,35.501,-0.006170110633395575
0.046,36.001,-0.006295814116208171
0.046,36.501,-0.006425757771357675
0.046,37.001,-0.006559798949965091
0.046,37.501,-0.006697808452184338
0.046,38.001,-0.0068396696388822115
0.046,38.501,-0.006985277629580039
0.046,39.001,-0.007134538578791375
0.046,39.501,-0.007287369023794039
0.051,0.001,-0.2609670040380863
0.051,0.501,-0.2921008391519533
0.051,1.001,-0.34328158376648876
0.051,1.501,-0.4862833829256026
0.051,2.001,-0.43718957092329547
0.051,2.501,-0.3134433304454426
0.051,3.001,-0.2364151159110484
0.051,3.501,-0.18472523784950984
0.051,4.0009999999999994,-0.14814255113754132
0.051,4.5009999999999994,-0.12120345174639927
0.051,5.0009999999999994,-0.10074676838439768
0.051,5.5009999999999994,-0.08482780566755098
0.051,6.0009999999999994,-0.0721907444475924
0.051,6.5009999999999994,-0.061992038826474624
0.051,7.0009999999999994,-0.05364627323817203
0.051,7.5009999999999994,-0.04673584630339976
0.051,8.001,-0.04095578456590958
0.051,8.501,-0.03607879747462012
0.051,9.001,-0.03193245957196156
0.051,9.501,-0.028383907781607348
0.051,10.001,-0.025329334885309016
0.051,10.501,-0.022686624386403127
0.051,11.001,-0.020390090830203926
0.051,11.501,-0.01838666061746115
0.051,12.001,-0.016633056780493455
0.051,12.501,-0.015093695296176803
0.051,13.001,-0.013739093420759532
0.051,13.501,-0.012544651632325723
0.051,14.001,-0.011489711679778997
0.051,14.501,-0.010556821088642875
0.051,15.001,-0.009731153723676167
0.051,15.501,-0.009000049500381344
0.051,16.000999999999998,-0.008352645917340314
0.051,16.500999999999998,-0.0077795809655752494
0.051,17.000999999999998,-0.007272751973966825
0.051,17.500999999999998,-0.006825118623464563
0.051,18.000999999999998,-0.006430541086991658
0.051,18.500999999999998,-0.0060836462905552585
0.051,19.000999999999998,-0.005779716829820369
0.051,19.500999999999998,-0.005514598247285153
0.051,20.000999999999998,-0.0052846212729647235
0.051,20.500999999999998,-0.005086536324844029
0.051,21.000999999999998,-0.004917458104474581
0.051,21.500999999999998,-0.004774818545018732
0.051,22.000999999999998,-0.004656326701265638
0.051,22.500999999999998,-0.004559934434263349
0.051,23.000999999999998,-0.004483806952767656
0.051,23.500999999999998,-0.004426297441465792
0.051,24.000999999999998,-0.004385925140929534
0.051,24.500999999999998,-0.004361356353389592
0.051,25.000999999999998,-0.004351387937071044
0.051,25.500999999999998,-0.004354932924147473
0.051,26.000999999999998,-0.004371007956609996
0.051,26.500999999999998,-0.004398722283085733
0.051,27.000999999999998,-0.004437268099871029
0.051,27.500999999999998,-0.004485912052795211
0.051,28.000999999999998,-0.004543987744267779
0.051,28.500999999999998,-0.004610889113012592
0.051,29.000999999999998,-0.004686064573377377
0.051,29.500999999999998,-0.004769011817391686
0.051,30.000999999999998,-0.004859273196467853
0.051,30.500999999999998,-0.0049564316112392995
0.051,31.000999999999998,-0.005060106847860277
0.051,31.500999999999998,-0.005169952307441529
0.051,32.001,-0.005285652082427032
0.051,32.501,-0.005406918339791761
0.051,33.001,-0.00553348897616248
0.051,33.501,-0.005665125514434266
0.051,34.001,-0.005801611215318234
0.051,34.501,-0.005942749380575256
0.051,35.001,-0.006088361827578603
0.051,35.501,-0.0062382875173382394
0.051,36.001,-0.006392381320295702
0.051,36.501,-0.006550512906086131
0.051,37.001,-0.006712565745122717
0.051,37.501,-0.006878436211300631
0.051,38.001,-0.0070480327763951245
0.051,38.501,-0.007221275287844421
0.051,39.001,-0.007398094322602064
0.051,39.501,-0.007578430610617406
0.055999999999999994,0.001,-0.28131776364890104
0.055999999999999994,0.501,-0.318115524925318
0.055999999999999994,1.001,-0.38258871005934325
0.055999999999999994,1.501,-0.640446775303746
0.055999999999999994,2.001,-0.4220786884743952
0.055999999999999994,2.501,-0.3011750492136958
0.055999999999999994,3.001,-0.22610417283403242
0.055999999999999994,3.501,-0.17584996094936312
0.055999999999999994,4.0009999999999994,-0.14036847786161102
0.055999999999999994,4.5009999999999994,-0.11430271324518214
0.055999999999999994,5.0009999999999994,-0.09455681969318674
0.055999999999999994,5.5009999999999994,-0.07922845061689487
0.055999999999999994,6.0009999999999994,-0.06709049004789903
0.055999999999999994,6.5009999999999994,-0.057319561654854675
0.055999999999999994,7.0009999999999994,-0.04934485308386166
0.055999999999999994,7.5009999999999994,-0.04275960564589289
0.055999999999999994,8.001,-0.0372670714680249
0.055999999999999994,8.501,-0.03264631724960344
0.055999999999999994,9.001,-0.028729911208264527
0.055999999999999994,9.501,-0.02538896932063471
0.055999999999999994,10.001,-0.022522895443361165
0.055999999999999994,10.501,-0.020052193961271572
0.055999999999999994,11.001,-0.017913340519459003
0.055999999999999994,11.501,-0.016055060012909184
0.055999999999999994,12.001,-0.014435584807368382
0.055999999999999994,12.501,-0.013020607279819567
0.055999999999999994,13.001,-0.011781731707456444
0.055999999999999994,13.501,-0.010695290311575345
0.055999999999999994,14.001,-0.00974142827149968
0.055999999999999994,14.501,-0.008903389747126927
0.055999999999999994,15.001,-0.008166955755984938
0.055999999999999994,15.501,-0.007519997926827442
0.055999999999999994,16.000999999999998,-0.006952121503209327
0.055999999999999994,16.500999999999998,-0.006454377687670083
0.055999999999999994,17.000999999999998,-0.00601903029642252
0.055999999999999994,17.500999999999998,-0.0056393652758974094
0.055999999999999994,18.000999999999998,-0.005309534287093051
0.055999999999999994,18.500999999999998,-0.005024425549392482
0.055999999999999994,19.000999999999998,-0.004779556633687808
0.055999999999999994,19.500999999999998,-0.00457098503418675
0.055999999999999994,20.000999999999998,-0.004395233221629463
0.055999999999999994,20.500999999999998,-0.0042492255548732885
0.055999999999999994,21.000999999999998,-0.004130234951816289
0.055999999999999994,21.500999999999998,-0.004035837630572206
0.055999999999999994,22.000999999999998,-0.003963874554461146
0.055999999999999994,22.500999999999998,-0.003912418469810584
0.055999999999999994,23.000999999999998,-0.0038797456289071976
0.055999999999999994,23.500999999999998,-0.0038643114531664094
0.055999999999999994,24.000999999999998,-0.003864729522473395
0.055999999999999994,24.500999999999998,-0.003879753382419887
0.055999999999999994,25.000999999999998,-0.003908260747046699
0.055999999999999994,25.500999999999998,-0.003949239744726213
0.055999999999999994,26.000999999999998,-0.004001776912169453
0.055999999999999994,26.500999999999998,-0.004065046688692238
0.055999999999999994,27.000999999999998,-0.004138302201793009
0.055999999999999994,27.500999999999998,-0.004220867167334649
0.055999999999999994,28.000999999999998,-0.0043121287544323275
0.055999999999999994,28.500999999999998,-0.0044115312875084925
0.055999999999999994,29.000999999999998,-0.004518570676703151
0.055999999999999994,29.500999999999998,-0.004632789483539998
0.055999999999999994,30.000999999999998,-0.004753772541998342
0.055999999999999994,30.500999999999998,-0.004881143066321231
0.055999999999999994,31.000999999999998,-0.005014559186378258
0.055999999999999994,31.500999999999998,-0.005153710859445319
0.055999999999999994,32.001,-0.005298317114140383
0.055999999999999994,32.501,-0.005448123588106851
0.055999999999999994,33.001,-0.005602900326064225
0.055999999999999994,33.501,-0.005762439809162093
0.055999999999999994,34.001,-0.005926555190280597
0.055999999999999994,34.501,-0.006095078713135886
0.055999999999999994,35.001,-0.0062678602958176986
0.055999999999999994,35.501,-0.006444766261796998
0.055999999999999994,36.001,-0.0066256782035378665
0.055999999999999994,36.501,-0.006810491965674299
0.055999999999999994,37.001,-0.006999116736311602
0.055999999999999994,37.501,-0.007191474236419523
0.055999999999999994,38.001,-0.0073874979985167
0.055999999999999994,38.501,-0.007587132726940671
0.055999999999999994,39.001,-0.007790333732968835
0.055999999999999994,39.501,-0.007997066438919252
0.06099999999999999,0.001,-0.3012218822145984
0.06099999999999999,0.501,-0.34412015605528146
0.06099999999999999,1.001,-0.4247061900359558
0.06099999999999999,1.501,-0.6225511977611766
0.06099999999999999,2.001,-0.4083528143268229
0.06099999999999999,2.501,-0.2900559894529061
0.06099999999999999,3.001,-0.21677968180159296
0.06099999999999999,3.501,-0.16784144477090354
0.06099999999999999,4.0009999999999994,-0.1333691279896636
0.06099999999999999,4.5009999999999994,-0.10810352687432677
0.06099999999999999,5.0009999999999994,-0.0890087285372604
0.06099999999999999,5.5009999999999994,-0.07422123870870496
0.06099999999999999,6.0009999999999994,-0.06254027294246196
0.06099999999999999,6.5009999999999994,-0.053160956630412856
0.06099999999999999,7.0009999999999994,-0.04552587213542826
0.06099999999999999,7.5009999999999994,-0.039238205471452875
0.06099999999999999,8.001,-0.03400875258658222
0.06099999999999999,8.501,-0.029622410123679083
0.06099999999999999,9.001,-0.025916325465404455
0.06099999999999999,9.501,-0.02276526311471279
0.06099999999999999,10.001,-0.02007157108501912
0.06099999999999999,10.501,-0.017758156639439984
0.06099999999999999,11.001,-0.015763476651187987
0.06099999999999999,11.501,-0.014037904730347592
0.06099999999999999,12.001,-0.01254105681081654
0.06099999999999999,12.501,-0.011239795262431101
0.06099999999999999,13.001,-0.010106720726002529
0.06099999999999999,13.501,-0.00911901943235487
0.06099999999999999,14.001,-0.008257572945381791
0.06099999999999999,14.501,-0.007506263916518985
0.06099999999999999,15.001,-0.0068514298394169865
0.06099999999999999,15.501,-0.006281429679899635
0.06099999999999999,16.000999999999998,-0.005786297398143833
0.06099999999999999,16.500999999999998,-0.005357462943901624
0.06099999999999999,17.000999999999998,-0.004987526071538451
0.06099999999999999,17.500999999999998,-0.004670071818459506
0.06099999999999999,18.000999999999998,-0.004399519081303108
0.06099999999999999,18.500999999999998,-0.004170995661458059
0.06099999999999999,19.000999999999998,-0.003980234612439782
0.06099999999999999,19.500999999999998,-0.003823487832430167
0.06099999999999999,20.000999999999998,-0.0036974536962637167
0.06099999999999999,20.500999999999998,-0.003599216177812496
0.06099999999999999,21.000999999999998,-0.0035261934239033503
0.06099999999999999,21.500999999999998,-0.0034760941398391167
0.06099999999999999,22.000999999999998,-0.003446880460473537
0.06099999999999999,22.500999999999998,-0.003436736229169131
0.06099999999999999,23.000999999999998,-0.003444039804621185
0.06099999999999999,23.500999999999998,-0.003467340673640004
0.06099999999999999,24.000999999999998,-0.003505339275100744
0.06099999999999999,24.500999999999998,-0.0035568695429634423
0.06099999999999999,25.000999999999998,-0.003620883759605953
0.06099999999999999,25.500999999999998,-0.003696439378648081
0.06099999999999999,26.000999999999998,-0.003782687532052756
0.06099999999999999,26.500999999999998,-0.0038788629819923176
0.06099999999999999,27.000999999999998,-0.00398427531568261
0.06099999999999999,27.500999999999998,-0.004098301212605029
0.06099999999999999,28.000999999999998,-0.004220377639500634
0.06099999999999999,28.500999999999998,-0.004349995850160241
0.06099999999999999,29.000999999999998,-0.004486696085144763
0.06099999999999999,29.500999999999998,-0.004630062881778529
0.06099999999999999,30.000999999999998,-0.004779720917559266
0.06099999999999999,30.500999999999998,-0.004935331320939186
0.06099999999999999,31.000999999999998,-0.005096588392597107
0.06099999999999999,31.500999999999998,-0.005263216688100326
0.06099999999999999,32.001,-0.005434968419486486
0.06099999999999999,32.501,-0.005611621138953755
0.06099999999999999,33.001,-0.00579297567271355
0.06099999999999999,33.501,-0.005978854277206444
0.06099999999999999,34.001,-0.006169098993489955
0.06099999999999999,34.501,-0.0063635701786964585
0.06099999999999999,35.001,-0.006562145196147069
0.06099999999999999,35.501,-0.006764717248038628
0.06099999999999999,36.001,-0.0069711943366556756
0.06099999999999999,36.501,-0.0071814983418304335
0.06099999999999999,37.001,-0.0073955642039393865
0.06099999999999999,37.501,-0.007613339203089306
0.06099999999999999,38.001,-0.007834782326367345
0.06099999999999999,38.501,-0.008059863716103365
0.06099999999999999,39.001,-0.008288564193060186
0.06099999999999999,39.501,-0.00852087484933481
0.06599999999999999,0.001,-0.3207160616060676
0.06599999999999999,0.501,-0.37015514877580336
0.06599999999999999,1.001,-0.4705045587037206
0.06599999999999999,1.501,-0.6061511922271654
0.06599999999999999,2.001,-0.39580281046346566
0.06599999999999999,2.501,-0.2799123609025248
0.06599999999999999,3.001,-0.20829223706021727
0.06599999999999999,3.501,-0.16056820232246083
0.06599999999999999,4.0009999999999994,-0.12702678372616205
0.06599999999999999,4.5009999999999994,-0.10249911377324938
0.06599999999999999,5.0009999999999994,-0.08400463365476495
0.06599999999999999,5.5009999999999994,-0.06971572967370937
0.06599999999999999,6.0009999999999994,-0.058455933131969284
0.06599999999999999,6.5009999999999994,-0.049437453550976895
0.06599999999999999,7.0009999999999994,-0.042115240830743264
0.06599999999999999,7.5009999999999994,-0.036101662423476136
0.06599999999999999,8.001,-0.031114478615664742
0.06599999999999999,8.501,-0.026943967793191748
0.06599999999999999,9.001,-0.023431504177843607
0.06599999999999999,9.501,-0.020455219857741406
0.06599999999999999,10.001,-0.017920180128620428
0.06599999999999999,10.501,-0.015751509835102123
0.06599999999999999,11.001,-0.013889494193822778
0.06599999999999999,11.501,-0.01228602822439508
0.06599999999999999,12.001,-0.01090200453570403
0.06599999999999999,12.501,-0.009705365052333687
0.06599999999999999,13.001,-0.008669629728881939
0.06599999999999999,13.501,-0.007772772741881921
0.06599999999999999,14.001,-0.0069963550616421455
0.06599999999999999,14.501,-0.006324848421623043
0.06599999999999999,15.001,-0.00574510372950561
0.06599999999999999,15.501,-0.005245929582736376
0.06599999999999999,16.000999999999998,-0.004817755499652285
0.06599999999999999,16.500999999999998,-0.004452360899624405
0.06599999999999999,17.000999999999998,-0.0041426555269553494
0.06599999999999999,17.500999999999998,-0.0038825004319096752
0.06599999999999999,18.000999999999998,-0.003666561154147527
0.06599999999999999,18.500999999999998,-0.003490186646207233
0.06599999999999999,19.000999999999998,-0.0033493089013022087
0.06599999999999999,19.500999999999998,-0.003240359333918086
0.06599999999999999,20.000999999999998,-0.0031601987920090065
0.06599999999999999,20.500999999999998,-0.0031060587200609697
0.06599999999999999,21.000999999999998,-0.0030754914896829015
0.06599999999999999,21.500999999999998,-0.0030663283031864205
0.06599999999999999,22.000999999999998,-0.0030766433813803062
0.06599999999999999,22.500999999999998,-0.003104723388685532
0.06599999999999999,23.000999999999998,-0.0031490412410686702
0.06599999999999999,23.500999999999998,-0.0032082335961449715
0.06599999999999999,24.000999999999998,-0.003281081448440615
0.06599999999999999,24.500999999999998,-0.0033664933526499005
0.06599999999999999,25.000999999999998,-0.003463490878726286
0.06599999999999999,25.500999999999998,-0.0035711959686418326
0.06599999999999999,26.000999999999998,-0.003688819918659509
0.06599999999999999,26.500999999999998,-0.003815653755326215
0.06599999999999999,27.000999999999998,-0.003951059809995355
0.06599999999999999,27.500999999999998,-0.0040944643269728055
0.06599999999999999,28.000999999999998,-0.004245350965556508
0.06599999999999999,28.500999999999998,-0.004403255077215992
0.06599999999999999,29.000999999999998,-0.004567758656714209
0.06599999999999999,29.500999999999998,-0.0047384858807029764
0.06599999999999999,30.000999999999998,-0.004915099159721069
0.06599999999999999,30.500999999999998,-0.005097295639998105
0.06599999999999999,31.000999999999998,-0.005284804100334186
0.06599999999999999,31.500999999999998,-0.005477382196856315
0.06599999999999999,32.001,-0.005674814014876031
0.06599999999999999,32.501,-0.005876907892546711
0.06599999999999999,33.001,-0.0060834944857263255
0.06599999999999999,33.501,-0.006294425047478937
0.06599999999999999,34.001,-0.006509569899133787
0.06599999999999999,34.501,-0.006728817072822862
0.06599999999999999,35.001,-0.006952071108032492
0.06599999999999999,35.501,-0.007179251986964404
0.06599999999999999,36.001,-0.007410294195495947
0.06599999999999999,36.501,-0.007645145898255722
0.06599999999999999,37.001,-0.007883768217871748
0.06599999999999999,37.501,-0.008126134609800564
0.06599999999999999,38.001,-0.008372230325353
0.06599999999999999,38.501,-0.008622051956621787
0.06599999999999999,39.001,-0.008875607057984257
0.06599999999999999,39.501,-0.009132913839757908
0.071,0.001,-0.33983142415285544
0.071,0.501,-0.39625725461341166
0.071,1.001,-0.5213159947370625
0.071,1.501,-0.5910376480594235
0.071,2.001,-0.384264016976614
0.071,2.501,-0.270607349824326
0.071,3.001,-0.20052423547944004
0.071,3.501,-0.1539267477621974
0.071,4.0009999999999994,-0.12124880757854863
0.071,4.5009999999999994,-0.09740545510042463
0.071,5.0009999999999994,-0.0794675423952087
0.071,5.5009999999999994,-0.06564077797049725
0.071,6.0009999999999994,-0.05477127347350895
0.071,6.5009999999999994,-0.04608710211803618
0.071,7.0009999999999994,-0.03905469701218398
0.071,7.5009999999999994,-0.03329494992542967
0.071,8.001,-0.028532086584054872
0.071,8.501,-0.024561381243395776
0.071,9.001,-0.021228131633033862
0.071,9.501,-0.018413595553342696
0.071,10.001,-0.016025360258355582
0.071,10.501,-0.013990608646859692
0.071,11.001,-0.012251322657320804
0.071,11.501,-0.010760809120299239
0.071,12.001,-0.00948114529590352
0.071,12.501,-0.008381274807511684
0.071,13.001,-0.007435570595085261
0.071,13.501,-0.006622737911817778
0.071,14.001,-0.005924968088720534
0.071,14.501,-0.005327279412898393
0.071,15.001,-0.004816999143681267
0.071,15.501,-0.004383353060827128
0.071,16.000999999999998,-0.0040171377076045345
0.071,16.500999999999998,-0.003710456782457112
0.071,17.000999999999998,-0.00345650769705233
0.071,17.500999999999998,-0.003249407664607254
0.071,18.000999999999998,-0.0030840511595525977
0.071,18.500999999999998,-0.0029559924403808058
0.071,19.000999999999998,-0.002861348222238682
0.071,19.500999999999998,-0.00279671664540043
0.071,20.000999999999998,-0.002759109496877233
0.071,20.500999999999998,-0.002745895267849255
0.071,21.000999999999998,-0.002754751115135637
0.071,21.500999999999998,-0.002783622174292754
0.071,22.000999999999998,-0.002830686970176105
0.071,22.500999999999998,-0.0028943279066410213
0.071,23.000999999999998,-0.0029731060045711764
0.071,23.500999999999998,-0.0030657392073233057
0.071,24.000999999999998,-0.003171083693085802
0.071,24.500999999999998,-0.0032881177308598936
0.071,25.000999999999998,-0.003415927695596444
0.071,25.500999999999998,-0.0035536959222290526
0.071,26.000999999999998,-0.00370069013086129
0.071,26.500999999999998,-0.0038562541984984017
0.071,27.000999999999998,-0.004019800088274142
0.071,27.500999999999998,-0.004190800776549444
0.071,28.000999999999998,-0.004368784042703869
0.071,28.500999999999998,-0.004553327006808008
0.071,29.000999999999998,-0.004744051317402798
0.071,29.500999999999998,-0.004940618905898451
0.071,30.000999999999998,-0.00514272823614078
0.071,30.500999999999998,-0.00535011098784479
0.071,31.000999999999998,-0.005562529121195821
0.071,31.500999999999998,-0.005779772277227313
0.071,32.001,-0.006001655474807729
0.071,32.501,-0.006228017070386803
0.071,33.001,-0.006458716951216125
0.071,33.501,-0.006693634936676247
0.071,34.001,-0.006932669365728396
0.071,34.501,-0.00717573585143768
0.071,35.001,-0.007422766186062756
0.071,35.501,-0.007673707382424039
0.071,36.001,-0.007928520839217947
0.071,36.501,-0.00818718161965637
0.071,37.001,-0.008449677834333274
0.071,37.501,-0.008716010120584955
0.071,38.001,-0.008986191211824729
0.071,38.501,-0.009260245591453421
0.071,39.001,-0.009538209226958708
0.071,39.501,-0.009820129380771446
0.076,0.001,-0.35859469596569943
0.076,0.501,-0.4224606716299154
0.076,1.001,-0.5793911531442332
0.076,1.501,-0.5770428788203193
0.076,2.001,-0.3736044066459637
0.076,2.501,-0.26203126933062687
0.076,3.001,-0.19338140310504653
0.076,3.501,-0.1478341339857449
0.076,4.0009999999999994,-0.11596095669543643
0.076,4.5009999999999994,-0.09275522337012486
0.076,5.0009999999999994,-0.07533576498525003
0.076,5.5009999999999994,-0.061939385535375015
0.076,6.0009999999999994,-0.05143326655675129
0.076,6.5009999999999994,-0.04306028270363631
0.076,7.0009999999999994,-0.036297580579009336
0.076,7.5009999999999994,-0.030774004313900205
0.076,8.001,-0.026219810833684732
0.076,8.501,-0.022434934398955955
0.076,9.001,-0.01926833222780487
0.076,9.501,-0.016604177307445234
0.076,10.001,-0.014352408841574724
0.076,10.501,-0.012442128932661563
0.076,11.001,-0.01081690168045285
0.076,11.501,-0.009431350335558558
0.076,12.001,-0.008248656716398427
0.076,12.501,-0.007238698384802553
0.076,13.001,-0.006376643540276922
0.076,13.501,-0.0056418790213128844
0.076,14.001,-0.0050171838387715415
0.076,14.501,-0.004488085826379495
0.076,15.001,-0.004042356346918741
0.076,15.501,-0.0036696101307773267
0.076,16.000999999999998,-0.0033609859244211476
0.076,16.500999999999998,-0.0031088897945784344
0.076,17.000999999999998,-0.0029067874073616107
0.076,17.500999999999998,-0.0027490348799164704
0.076,18.000999999999998,-0.0026307402283212676
0.076,18.500999999999998,-0.0025476492474342913
0.076,19.000999999999998,-0.0024960510233298025
0.076,19.500999999999998,-0.0024726993155528426
0.076,20.000999999999998,-0.0024747468396374983
0.076,20.500999999999998,-0.0024996900917332587
0.076,21.000999999999998,-0.002545322831642674
0.076,21.500999999999998,-0.0026096967111648023
0.076,22.000999999999998,-0.0026910878258656692
0.076,22.500999999999998,-0.0027879681985986983
0.076,23.000999999999998,-0.0028989813860739386
0.076,23.500999999999998,-0.0030229215459728134
0.076,24.000999999999998,-0.0031587154195188427
0.076,24.500999999999998,-0.003305406779153992
0.076,25.000999999999998,-0.003462142967777186
0.076,25.500999999999998,-0.0036281632185311066
0.076,26.000999999999998,-0.0038027884952615103
0.076,26.500999999999998,-0.003985412635746546
0.076,27.000999999999998,-0.004175494614398104
0.076,27.500999999999998,-0.004372551769755435
0.076,28.000999999999998,-0.004576153865856247
0.076,28.500999999999998,-0.004785917876379317
0.076,29.000999999999998,-0.005001503396996301
0.076,29.500999999999998,-0.005222608605266578
0.076,30.000999999999998,-0.005448966699090438
0.076,30.500999999999998,-0.00568034275460577
0.076,31.000999999999998,-0.00591653095276292
0.076,31.500999999999998,-0.006157352130922306
0.076,32.001,-0.006402651621858754
0.076,32.501,-0.0066522973477395365
0.076,33.001,-0.006906178141080237
0.076,33.501,-0.007164202268501948
0.076,34.001,-0.007426296136425148
0.076,34.501,-0.007692403160696173
0.076,35.001,-0.0079624827846499
0.076,35.501,-0.008236509632300132
0.076,36.001,-0.008514472785285908
0.076,36.501,-0.008796375173914753
0.076,37.001,-0.00908223307418516
0.076,37.501,-0.009372075704054225
0.076,38.001,-0.009665944913485207
0.076,38.501,-0.009963894963982187
0.076,39.001,-0.010265992394416619
0.076,39.501,-0.010572315970997661
0.081,0.001,-0.377029077522219
0.081,0.501,-0.4487978958418962
0.081,1.001,-0.6491594023837526
0.081,1.501,-0.564030298056337
0.081,2.001,-0.3637164503005231
0.081,2.501,-0.25409479564460896
0.081,3.001,-0.18678697683409443
0.081,3.501,-0.14222282888371554
0.081,4.0009999999999994,-0.11110279277644322
0.081,4.5009999999999994,-0.08849361627414468
0.081,5.0009999999999994,-0.0715590938994193
0.081,5.5009999999999994,-0.05856516868826306
0.081,6.0009999999999994,-0.048398764929699495
0.081,6.5009999999999994,-0.04031662538198369
0.081,7.0009999999999994,-0.033805933838887456
0.081,7.5009999999999994,-0.028502984245638407
0.081,8.001,-0.024143683181546985
0.081,8.501,-0.02053232980558642
0.081,9.001,-0.017521308844213226
0.081,9.501,-0.01499752349414879
0.081,10.001,-0.012873115532037183
0.081,10.501,-0.011078984265044861
0.081,11.001,-0.009560175298253648
0.081,11.501,-0.008272544490532548
0.081,12.001,-0.007180307849186579
0.081,12.501,-0.006254217341939525
0.081,13.001,-0.0054701857130282396
0.081,13.501,-0.004808237907610341
0.081,14.001,-0.004251703122868045
0.081,14.501,-0.00378658623205904
0.081,15.001,-0.0034010743768736057
0.081,15.501,-0.0030851464441923326
0.081,16.000999999999998,-0.0028302615870753473
0.081,16.500999999999998,-0.0026291090031249423
0.081,17.000999999999998,-0.0024754055718321233
0.081,17.500999999999998,-0.0023637311674330388
0.081,18.000999999999998,-0.002289393842122586
0.081,18.500999999999998,-0.00224831885007494
0.081,19.000999999999998,-0.0022369568197855433
0.081,19.500999999999998,-0.002252207397295092
0.081,20.000999999999998,-0.0022913554592989688
0.081,20.500999999999998,-0.002352017593404157
0.081,21.000999999999998,-0.0024320970068858194
0.081,21.500999999999998,-0.0025297453876558726
0.081,22.000999999999998,-0.002643330525806293
0.081,22.500999999999998,-0.0027714087290269043
0.081,23.000999999999998,-0.0029127012438993974
0.081,23.500999999999998,-0.003066074037825675
0.081,24.000999999999998,-0.0032305204109383274
0.081,24.500999999999998,-0.003405145999780722
0.081,25.000999999999998,-0.003589155809452807
0.081,25.500999999999998,-0.0037818429718869707
0.081,26.000999999999998,-0.003982578977755807
0.081,26.500999999999998,-0.004190805170418928
0.081,27.000999999999998,-0.004406025324008703
0.081,27.500999999999998,-0.004627799155636367
0.081,28.000999999999998,-0.004855736644823451
0.081,28.500999999999998,-0.005089493052546062
0.081,29.000999999999998,-0.005328764548383116
0.081,29.500999999999998,-0.005573284367773282
0.081,30.000999999999998,-0.005822819432753867
0.081,30.500999999999998,-0.006077167379158591
0.081,31.000999999999998,-0.0063361539413804525
0.081,31.500999999999998,-0.006599630652720928
0.081,32.001,-0.00686747282524193
0.081,32.501,-0.007139577778081739
0.081,33.001,-0.007415863287540528
0.081,33.501,-0.007696266235971173
0.081,34.001,-0.007980741439767933
0.081,34.501,-0.008269260639561205
0.081,35.001,-0.008561811638208383
0.081,35.501,-0.00885839757435607
0.081,36.001,-0.009159036321287471
0.081,36.501,-0.009463760002515406
0.081,37.001,-0.00977261461716157
0.081,37.501,-0.010085659769610358
0.081,38.001,-0.01040296849928269
0.081,38.501,-0.010724627207646414
0.081,39.001,-0.011050735680815906
0.081,39.501,-0.011381407207298917
0.08600000000000001,0.001,-0.39515489848797974
0.08600000000000001,0.501,-0.47530040156021647
0.08600000000000001,1.001,-0.7422564837563095
0.08600000000000001,1.501,-0.5518871341825031
0.08600000000000001,2.001,-0.3545113769543517
0.08600000000000001,2.501,-0.24672419581346547
0.08600000000000001,3.001,-0.18067759944588951
0.08600000000000001,3.501,-0.13703710066606803
0.08600000000000001,4.0009999999999994,-0.10662444410636095
0.08600000000000001,4.5009999999999994,-0.08457541796760665
0.08600000000000001,5.0009999999999994,-0.0680961090843323
0.08600000000000001,5.5009999999999994,-0.05547986634424327
0.08600000000000001,6.0009999999999994,-0.04563218108579617
0.08600000000000001,6.5009999999999994,-0.03782283732795416
0.08600000000000001,7.0009999999999994,-0.03154845691454253
0.08600000000000001,7.5009999999999994,-0.026452338394861802
0.08600000000000001,8.001,-0.022275699988208678
0.08600000000000001,8.501,-0.01882694431431079
0.08600000000000001,9.001,-0.015961678095085696
0.08600000000000001,9.501,-0.013569370864433118
0.08600000000000001,10.001,-0.011564234638985607
0.08600000000000001,10.501,-0.009878857852378936
0.08600000000000001,11.001,-0.008459678445402834
0.08600000000000001,11.501,-0.007263710638624785
0.08600000000000001,12.001,-0.006256142291133526
0.08600000000000001,12.501,-0.005408547040730474
0.08600000000000001,13.001,-0.004697537253169223
0.08600000000000001,13.501,-0.00410373746861506
0.08600000000000001,14.001,-0.003610993862204377
0.08600000000000001,14.501,-0.0032057595570040565
0.08600000000000001,15.001,-0.002876612390455252
0.08600000000000001,15.501,-0.0026138734516893483
0.08600000000000001,16.000999999999998,-0.002409303003061712
0.08600000000000001,16.500999999999998,-0.002255856344465682
0.08600000000000001,17.000999999999998,-0.0021474864875642777
0.08600000000000001,17.500999999999998,-0.002078983662330315
0.08600000000000001,18.000999999999998,-0.002045844011638008
0.08600000000000001,18.500999999999998,-0.0020441615710513894
0.08600000000000001,19.000999999999998,-0.0020705389418161357
0.08600000000000001,19.500999999999998,-0.0021220130598345738
0.08600000000000001,20.000999999999998,-0.0021959932240945834
0.08600000000000001,20.500999999999998,-0.0022902091339133887
0.08600000000000001,21.000999999999998,-0.002402667138706547
0.08600000000000001,21.500999999999998,-0.0025316132586104424
0.08600000000000001,22.000999999999998,-0.0026755018127651645
0.08600000000000001,22.500999999999998,-0.002832968712034152
0.08600000000000001,23.000999999999998,-0.003002808647643962
0.08600000000000001,23.500999999999998,-0.003183955546734049
0.08600000000000001,24.000999999999998,-0.0033754657777512274
0.08600000000000001,24.500999999999998,-0.0035765036788990984
0.08600000000000001,25.000999999999998,-0.0037863290559784213
0.08600000000000001,25.500999999999998,-0.004004286355461899
0.08600000000000001,26.000999999999998,-0.004229795267261131
0.08600000000000001,26.500999999999998,-0.004462342551540732
0.08600000000000001,27.000999999999998,-0.004701474916790023
0.08600000000000001,27.500999999999998,-0.004946792803533093
0.08600000000000001,28.000999999999998,-0.005197944950603647
0.08600000000000001,28.500999999999998,-0.005454623639688325
0.08600000000000001,29.000999999999998,-0.0057165605295420585
0.08600000000000001,29.500999999999998,-0.005983523004438079
0.08600000000000001,30.000999999999998,-0.006255310972496775
0.08600000000000001,30.500999999999998,-0.006531754058897863
0.08600000000000001,31.000999999999998,-0.006812709146902046
0.08600000000000001,31.500999999999998,-0.007098058226366624
0.08600000000000001,32.001,-0.007387706515187886
0.08600000000000001,32.501,-0.007681580824051182
0.08600000000000001,33.001,-0.007979628139117761
0.08600000000000001,33.501,-0.008281814400960957
0.08600000000000001,34.001,-0.008588123461268353
0.08600000000000001,34.501,-0.008898556201633379
0.08600000000000001,35.001,-0.00921312980123551
0.08600000000000001,35.501,-0.009531877142413615
0.08600000000000001,36.001,-0.009854846345122549
0.08600000000000001,36.501,-0.010182100423063688
0.08600000000000001,37.001,-0.010513717055948321
0.08600000000000001,37.501,-0.01084978847391524
0.08600000000000001,38.001,-0.011190421451609818
0.08600000000000001,38.501,-0.011535737410884261
0.08600000000000001,39.001,-0.011885872632514557
0.08600000000000001,39.501,-0.012240978578790543
0.09100000000000001,0.001,-0.41299011975081107
0.09100000000000001,0.501,-0.5019992093249807
0.09100000000000001,1.001,-0.9762348266704844
0.09100000000000001,1.501,-0.5405191680391963
0.09100000000000001,2.001,-0.34591502775209315
0.09100000000000001,2.501,-0.23985788075575726
0.09100000000000001,3.001,-0.17500035483475226
0.09100000000000001,3.501,-0.13223040738294123
0.09100000000000001,4.0009999999999994,-0.10248426729693051
0.09100000000000001,4.5009999999999994,-0.08096287706352463
0.09100000000000001,5.0009999999999994,-0.06491223223742029
0.09100000000000001,5.5009999999999994,-0.05265154098488162
0.09100000000000001,6.0009999999999994,-0.04310381257338419
0.09100000000000001,6.5009999999999994,-0.035551134458156386
0.09100000000000001,7.0009999999999994,-0.029499031894585793
0.09100000000000001,7.5009999999999994,-0.02459741075540342
0.09100000000000001,8.001,-0.02059249927475107
0.09100000000000001,8.501,-0.017296570240433073
0.09100000000000001,9.001,-0.014568268981494346
0.09100000000000001,9.501,-0.012299485138770713
0.09100000000000001,10.001,-0.010406382883072704
0.09100000000000001,10.501,-0.008823143332785693
0.09100000000000001,11.001,-0.007497517196264555
0.09100000000000001,11.501,-0.006387610804806418
0.09100000000000001,12.001,-0.005459528246379435
0.09100000000000001,12.501,-0.004685617774415493
0.09100000000000001,13.001,-0.004043151294145175
0.09100000000000001,13.501,-0.0035133185809734374
0.09100000000000001,14.001,-0.0030804531616259873
0.09100000000000001,14.501,-0.0027314307266973897
0.09100000000000001,15.001,-0.0024551974358480097
0.09100000000000001,15.501,-0.0022423970003209864
0.09100000000000001,16.000999999999998,-0.0020850735839572383
0.09100000000000001,16.500999999999998,-0.0019764334071399933
0.09100000000000001,17.000999999999998,-0.0019106521712883504
0.09100000000000001,17.500999999999998,-0.0018827185204809138
0.09100000000000001,18.000999999999998,-0.0018883060477332542
0.09100000000000001,18.500999999999998,-0.0019236680625805982
0.09100000000000001,19.000999999999998,-0.0019855506227639125
0.09100000000000001,19.500999999999998,-0.0020711203084693847
0.09100000000000001,20.000999999999998,-0.0021779039633978217
0.09100000000000001,20.500999999999998,-0.002303738201174738
0.09100000000000001,21.000999999999998,-0.0024467269207638035
0.09100000000000001,21.500999999999998,-0.0026052054218706766
0.09100000000000001,22.000999999999998,-0.0027777099839761538
0.09100000000000001,22.500999999999998,-0.0029629519879303956
0.09100000000000001,23.000999999999998,-0.0031597958299739576
0.09100000000000001,23.500999999999998,-0.003367240014496828
0.09100000000000001,24.000999999999998,-0.0035844009213000932
0.09100000000000001,24.500999999999998,-0.003810498831358651
0.09100000000000001,25.000999999999998,-0.004044845866537583
0.09100000000000001,25.500999999999998,-0.004286835556830015
0.09100000000000001,26.000999999999998,-0.00453593379616994
0.09100000000000001,26.500999999999998,-0.004791670986807106
0.09100000000000001,27.000999999999998,-0.005053635204306105
0.09100000000000001,27.500999999999998,-0.00532146624173787
0.09100000000000001,28.000999999999998,-0.005594850413628616
0.09100000000000001,28.500999999999998,-0.0058735160185507465
0.09100000000000001,29.000999999999998,-0.00615722937455045
0.09100000000000001,29.500999999999998,-0.006445791354448928
0.09100000000000001,30.000999999999998,-0.006739034358870192
0.09100000000000001,30.500999999999998,-0.007036819673979195
0.09100000000000001,31.000999999999998,-0.007339035168669968
0.09100000000000001,31.500999999999998,-0.007645593292539506
0.09100000000000001,32.001,-0.007956429341630138
0.09100000000000001,32.501,-0.00827149996377589
0.09100000000000001,33.001,-0.008590781879579089
0.09100000000000001,33.501,-0.008914270798692038
0.09100000000000001,34.001,-0.009241980514260274
0.09100000000000001,34.501,-0.009573942161211518
0.09100000000000001,35.001,-0.009910203626571138
0.09100000000000001,35.501,-0.010250829102256049
0.09100000000000001,36.001,-0.010595898772857505
0.09100000000000001,36.501,-0.010945508632839891
0.09100000000000001,37.001,-0.011299770429389969
0.09100000000000001,37.501,-0.01165881172888384
0.09100000000000001,38.001,-0.012022776106647454
0.09100000000000001,38.501,-0.012391823461394176
0.09100000000000001,39.001,-0.012766130457476453
0.09100000000000001,39.501,-0.01314589109992672
0.09600000000000002,0.001,-0.4305507247940725
0.09600000000000002,0.501,-0.528925382116309
0.09600000000000002,1.001,-0.9606001216614112
0.09600000000000002,1.501,-0.529846853044505
0.09600000000000002,2.001,-0.3378647993366842
0.09600000000000002,2.501,-0.2334438641819569
0.09600000000000002,3.001,-0.16971058253778948
0.09600000000000002,3.501,-0.1277634727467118
0.09600000000000002,4.0009999999999994,-0.09864712388274058
0.09600000000000002,4.5009999999999994,-0.07762414272708615
0.09600000000000002,5.0009999999999994,-0.06197829292252978
0.09600000000000002,5.5009999999999994,-0.05005325297060692
0.09600000000000002,6.0009999999999994,-0.04078860787002306
0.09600000000000002,6.5009999999999994,-0.03347808588140494
0.09600000000000002,7.0009999999999994,-0.027635635518125645
0.09600000000000002,7.5009999999999994,-0.0229174131817568
0.09600000000000002,8.001,-0.01907438623379179
0.09600000000000002,8.501,-0.015922488111439176
0.09600000000000002,9.001,-0.013323238051060782
0.09600000000000002,9.501,-0.011170814472295386
0.09600000000000002,10.001,-0.009383227648669779
0.09600000000000002,10.501,-0.007896164770714226
0.09600000000000002,11.001,-0.006658617856315274
0.09600000000000002,11.501,-0.005629725850137324
0.09600000000000002,12.001,-0.004776459117353166
0.09600000000000002,12.501,-0.004071898271396965
0.09600000000000002,13.001,-0.00349393876408384
0.09600000000000002,13.501,-0.003024304753247234
0.09600000000000002,14.001,-0.0026477905164684554
0.09600000000000002,14.501,-0.002351671254424585
0.09600000000000002,15.001,-0.002125241364351986
0.09600000000000002,15.501,-0.001959449605023901
0.09600000000000002,16.000999999999998,-0.001846608599207166
0.09600000000000002,16.500999999999998,-0.0017801618663258814
0.09600000000000002,17.000999999999998,-0.001754495739921244
0.09600000000000002,17.500999999999998,-0.0017647865702141302
0.09600000000000002,18.000999999999998,-0.00180687586286353
0.09600000000000002,18.500999999999998,-0.0018771676836468049
0.09600000000000002,19.000999999999998,-0.001972543921514913
0.09600000000000002,19.500999999999998,-0.0020902939600686565
0.09600000000000002,20.000999999999998,-0.002228056039254387
0.09600000000000002,20.500999999999998,-0.0023837681522793945
0.09600000000000002,21.000999999999998,-0.0025556267592198104
0.09600000000000002,21.500999999999998,-0.0027420519391982492
0.09600000000000002,22.000999999999998,-0.002941657870166363
0.09600000000000002,22.500999999999998,-0.0031532277361879246
0.09600000000000002,23.000999999999998,-0.0033756923294914337
0.09600000000000002,23.500999999999998,-0.0036081117481099184
0.09600000000000002,24.000999999999998,-0.003849659697024832
0.09600000000000002,24.500999999999998,-0.004099609987040037
0.09600000000000002,25.000999999999998,-0.0043573248954757865
0.09600000000000002,25.500999999999998,-0.004622245109597502
0.09600000000000002,26.000999999999998,-0.0048938810200868516
0.09600000000000002,26.500999999999998,-0.005171805169910698
0.09600000000000002,27.000999999999998,-0.005455645695276672
0.09600000000000002,27.500999999999998,-0.005745080621245013
0.09600000000000002,28.000999999999998,-0.006039832896056592
0.09600000000000002,28.500999999999998,-0.006339666066120228
0.09600000000000002,29.000999999999998,-0.0066443805085622115
0.09600000000000002,29.500999999999998,-0.006953810150785618
0.09600000000000002,30.000999999999998,-0.007267819617058618
0.09600000000000002,30.500999999999998,-0.00758630175108848
0.09600000000000002,31.000999999999998,-0.007909175471130903
0.09600000000000002,31.500999999999998,-0.008236383920662019
0.09600000000000002,32.001,-0.008567892883191958
0.09600000000000002,32.501,-0.008903689434591657
0.09600000000000002,33.001,-0.009243780810460463
0.09600000000000002,33.501,-0.00958819346969847
0.09600000000000002,34.001,-0.009936972338655772
0.09600000000000002,34.501,-0.010290180223091215
0.09600000000000002,35.001,-0.010647897377755598
0.09600000000000002,35.501,-0.01101022122577923
0.09600000000000002,36.001,-0.011377266222243386
0.09600000000000002,36.501,-0.011749163858406908
0.09600000000000002,37.001,-0.012126062805075076
0.09600000000000002,37.501,-0.01250812919560753
0.09600000000000002,38.001,-0.012895547051080147
0.09600000000000002,38.501,-0.013288518852219967
0.09600000000000002,39.001,-0.013687266264951696
0.09600000000000002,39.501,-0.01409203102879629
0.10100000000000002,0.001,-0.4478510293194888
0.10100000000000002,0.501,-0.5561104796046249
0.10100000000000002,1.001,-0.9458475533709535
0.10100000000000002,1.501,-0.5198024027513664
0.10100000000000002,2.001,-0.33030734946755347
0.10100000000000002,2.501,-0.22743785531214628
0.10100000000000002,3.001,-0.1647702374710672
0.10100000000000002,3.501,-0.12360284207562665
0.10100000000000002,4.0009999999999994,-0.09508308703084394
0.10100000000000002,4.5009999999999994,-0.07453209115861309
0.10100000000000002,5.0009999999999994,-0.05926945269202097
0.10100000000000002,5.5009999999999994,-0.04766206591359669
0.10100000000000002,6.0009999999999994,-0.03866524051459597
0.10100000000000002,6.5009999999999994,-0.03158374703850832
0.10100000000000002,7.0009999999999994,-0.02593952355590108
0.10100000000000002,7.5009999999999994,-0.021394654720251885
0.10100000000000002,8.001,-0.017704602339213477
0.10100000000000002,8.501,-0.01468877124988495
0.10100000000000002,9.001,-0.012211405829435168
0.10100000000000002,9.501,-0.010168854653184817
0.10100000000000002,10.001,-0.008480878305893808
0.10100000000000002,10.501,-0.007084591817439256
0.10100000000000002,11.001,-0.005930163971410817
0.10100000000000002,11.501,-0.004977712586164168
0.10100000000000002,12.001,-0.0041950291872885
0.10100000000000002,12.501,-0.003555888583713404
0.10100000000000002,13.001,-0.0030387772670523103
0.10100000000000002,13.501,-0.0026259259145553007
0.10100000000000002,14.001,-0.002302565533418892
0.10100000000000002,14.501,-0.0020563500148159906
0.10100000000000002,15.001,-0.001876903860432664
0.10100000000000002,15.501,-0.0017554650120446824
0.10100000000000002,16.000999999999998,-0.0016846006140620734
0.10100000000000002,16.500999999999998,-0.0016579791942000627
0.10100000000000002,17.000999999999998,-0.0016701868416368754
0.10100000000000002,17.500999999999998,-0.0017165779572202722
0.10100000000000002,18.000999999999998,-0.0017931533629965968
0.10100000000000002,18.500999999999998,-0.00189646020802689
0.10100000000000002,19.000999999999998,-0.0020235093479836416
0.10100000000000002,19.500999999999998,-0.0021717068164805765
0.10100000000000002,20.000999999999998,-0.002338796724484199
0.10100000000000002,20.500999999999998,-0.002522813476918795
0.10100000000000002,21.000999999999998,-0.0027220416237875127
0.10100000000000002,21.500999999999998,-0.002934981997005391
0.10100000000000002,22.000999999999998,-0.0031603230460654982
0.10100000000000002,22.500999999999998,-0.003396916492335339
0.10100000000000002,23.000999999999998,-0.0036437565857676962
0.10100000000000002,23.500999999999998,-0.0038999623786227094
0.10100000000000002,24.000999999999998,-0.004164762535661233
0.10100000000000002,24.500999999999998,-0.004437482284756697
0.10100000000000002,25.000999999999998,-0.004717532180243164
0.10100000000000002,25.500999999999998,-0.005004398406898798
0.10100000000000002,26.000999999999998,-0.005297634397851008
0.10100000000000002,26.500999999999998,-0.005596853576886121
0.10100000000000002,27.000999999999998,-0.005901723066284212
0.10100000000000002,27.500999999999998,-0.006211958226598522
0.10100000000000002,28.000999999999998,-0.006527317915811924
0.10100000000000002,28.500999999999998,-0.006847600372782814
0.10100000000000002,29.000999999999998,-0.007172639644527173
0.10100000000000002,29.500999999999998,-0.007502302489159185
0.10100000000000002,30.000999999999998,-0.0078364856966631
0.10100000000000002,30.500999999999998,-0.00817511377843877
0.10100000000000002,31.000999999999998,-0.008518136984017682
0.10100000000000002,31.500999999999998,-0.008865529609728633
0.10100000000000002,32.001,-0.009217288569579665
0.10100000000000002,32.501,-0.0095734322033793
0.10100000000000002,33.001,-0.009933999301276822
0.10100000000000002,33.501,-0.010299048327560317
0.10100000000000002,34.001,-0.010668656829823351
0.10100000000000002,34.501,-0.01104292102255586
0.10100000000000002,35.001,-0.01142195553693006
0.10100000000000002,35.501,-0.011805893331079328
0.10100000000000002,36.001,-0.012194885757579257
0.10100000000000002,36.501,-0.012589102787190245
0.10100000000000002,37.001,-0.012988733390261674
0.10100000000000002,37.501,-0.013393986079589013
0.10100000000000002,38.001,-0.013805089621011452
0.10100000000000002,38.501,-0.014222293920703323
0.10100000000000002,39.001,-0.014645871101026199
0.10100000000000002,39.501,-0.015076116780035086
0.10600000000000002,0.001,-0.4649039294131998
0.10600000000000002,0.501,-0.5835869936543202
0.10600000000000002,1.001,-0.9318954701929683
0.10600000000000002,1.501,-0.510327569401785
0.10600000000000002,2.001,-0.3231968470821719
0.10600000000000002,2.501,-0.22180180426813337
0.10600000000000002,3.001,-0.1601466390476161
0.10600000000000002,3.501,-0.11971978111587717
0.10600000000000002,4.0009999999999994,-0.09176645539800182
0.10600000000000002,4.5009999999999994,-0.07166343083980095
0.10600000000000002,5.0009999999999994,-0.05676438483400964
0.10600000000000002,5.5009999999999994,-0.04545828842176429
0.10600000000000002,6.0009999999999994,-0.03671540331684253
0.10600000000000002,6.5009999999999994,-0.029850998936714473
0.10600000000000002,7.0009999999999994,-0.024394609143684395
0.10600000000000002,7.5009999999999994,-0.020013954240916204
0.10600000000000002,8.001,-0.01646876833040977
0.10600000000000002,8.501,-0.013581755824795719
0.10600000000000002,9.001,-0.011219751173097814
0.10600000000000002,9.501,-0.009281165405356943
0.10600000000000002,10.001,-0.007687422446212137
0.10600000000000002,10.501,-0.006376994135824203
0.10600000000000002,11.001,-0.005301167423420072
0.10600000000000002,11.501,-0.0044209902108842195
0.10600000000000002,12.001,-0.003705034223648082
0.10600000000000002,12.501,-0.0031277338184654974
0.10600000000000002,13.001,-0.0026681370167193734
0.10600000000000002,13.501,-0.0023089557222019524
0.10600000000000002,14.001,-0.0020358358679537607
0.10600000000000002,14.501,-0.0018367911399017507
0.10600000000000002,15.001,-0.001701759688822628
0.10600000000000002,15.501,-0.001622254245246424
0.10600000000000002,16.000999999999998,-0.0015910838322874543
0.10600000000000002,16.500999999999998,-0.0016021308395858247
0.10600000000000002,17.000999999999998,-0.001650171251417365
0.10600000000000002,17.500999999999998,-0.0017307287691952639
0.10600000000000002,18.000999999999998,-0.0018399557451062865
0.10600000000000002,18.500999999999998,-0.001974535465791849
0.10600000000000002,19.000999999999998,-0.0021316015444189096
0.10600000000000002,19.500999999999998,-0.0023086711036448652
0.10600000000000002,20.000999999999998,-0.0025035891376963557
0.10600000000000002,20.500999999999998,-0.002714481984604393
0.10600000000000002,21.000999999999998,-0.0029397182600157667
0.10600000000000002,21.500999999999998,-0.003177875931649997
0.10600000000000002,22.000999999999998,-0.0034277144704384765
0.10600000000000002,22.500999999999998,-0.0036881512170731934
0.10600000000000002,23.000999999999998,-0.003958241263469664
0.10600000000000002,23.500999999999998,-0.004237160276855972
0.10600000000000002,24.000999999999998,-0.004524189796951659
0.10600000000000002,24.500999999999998,-0.004818704619449406
0.10600000000000002,25.000999999999998,-0.005120161945968066
0.10600000000000002,25.500999999999998,-0.005428092035062207
0.10600000000000002,26.000999999999998,-0.005742090133289189
0.10600000000000002,26.500999999999998,-0.006061809501747639
0.10600000000000002,27.000999999999998,-0.006386955383470859
0.10600000000000002,27.500999999999998,-0.00671727978182135
0.10600000000000002,28.000999999999998,-0.007052576940593094
0.10600000000000002,28.500999999999998,-0.007392679433640317
0.10600000000000002,29.000999999999998,-0.0077374547861875365
0.10600000000000002,29.500999999999998,-0.008086802562003156
0.10600000000000002,30.000999999999998,-0.00844065186078565
0.10600000000000002,30.500999999999998,-0.008798959178725918
0.10600000000000002,31.000999999999998,-0.009161706592566045
0.10600000000000002,31.500999999999998,-0.009528900233778545
0.10600000000000002,32.001,-0.009900569024955893
0.10600000000000002,32.501,-0.010276763655248489
0.10600000000000002,33.001,-0.010657555775885397
0.10600000000000002,33.501,-0.011043037400546539
0.10600000000000002,34.001,-0.011433320498729246
0.10600000000000002,34.501,-0.01182853677335445
0.10600000000000002,35.001,-0.012228837616769433
0.10600000000000002,35.501,-0.0126343942420728
0.10600000000000002,36.001,-0.013045397989419616
0.10600000000000002,36.501,-0.013462060809681896
0.10600000000000002,37.001,-0.013884615930650879
0.10600000000000002,37.501,-0.014313318713913954
0.10600000000000002,38.001,-0.014748447713716632
0.10600000000000002,38.501,-0.015190305952610415
0.10600000000000002,39.001,-0.015639222432595017
0.10600000000000002,39.501,-0.016095553904907887
0.11100000000000003,0.001,-0.481721102787334
0.11100000000000003,0.501,-0.611388784608083
0.11100000000000003,1.001,-0.9186731754778819
0.11100000000000003,1.501,-0.5013719251821991
0.11100000000000003,2.001,-0.31649361842785295
0.11100000000000003,2.501,-0.21650277676090005
0.11100000000000003,3.001,-0.15581150353412282
0.11100000000000003,3.501,-0.11608942426162108
0.11100000000000003,4.0009999999999994,-0.08867499038371514
0.11100000000000003,4.5009999999999994,-0.06899801051937174
0.11100000000000003,5.0009999999999994,-0.054444640020284124
0.11100000000000003,5.5009999999999994,-0.043424887731141726
0.11100000000000003,6.0009999999999994,-0.034923262597330584
0.11100000000000003,6.5009999999999994,-0.028265037238358992
0.11100000000000003,7.0009999999999994,-0.022986982132994396
0.11100000000000003,7.5009999999999994,-0.018762186334675468
0.11100000000000003,8.001,-0.015354453601702511
0.11100000000000003,8.501,-0.012589631190504866
0.11100000000000003,9.001,-0.010337020416895104
0.11100000000000003,9.501,-0.008496996524586103
0.11100000000000003,10.001,-0.006992567445945327
0.11100000000000003,10.501,-0.005763497041501045
0.11100000000000003,11.001,-0.004762136973867154
0.11100000000000003,11.501,-0.003950420724961462
0.11100000000000003,12.001,-0.003297662859055757
0.11100000000000003,12.501,-0.0027789256788723522
0.11100000000000003,13.001,-0.002373791820932657
0.11100000000000003,13.501,-0.0020654313486413167
0.11100000000000003,14.001,-0.001839885237660776
0.11100000000000003,14.501,-0.0016855097392370136
0.11100000000000003,15.001,-0.0015925416511372442
0.11100000000000003,15.501,-0.0015527553720430937
0.11100000000000003,16.000999999999998,-0.0015591902822042758
0.11100000000000003,16.500999999999998,-0.0016059324784272952
0.11100000000000003,17.000999999999998,-0.0016879388600447298
0.11100000000000003,17.500999999999998,-0.0018008944639217178
0.11100000000000003,18.000999999999998,-0.0019410960885843653
0.11100000000000003,18.500999999999998,-0.002105356843503839
0.11100000000000003,19.000999999999998,-0.00229092745891097
0.11100000000000003,19.500999999999998,-0.0024954311001430737
0.11100000000000003,20.000999999999998,-0.0027168091241654285
0.11100000000000003,20.500999999999998,-0.002953275749265419
0.11100000000000003,21.000999999999998,-0.003203280021826474
0.11100000000000003,21.500999999999998,-0.003465473785823736
0.11100000000000003,22.000999999999998,-0.0037386846129194504
0.11100000000000003,22.500999999999998,-0.004021892849937814
0.11100000000000003,23.000999999999998,-0.004314212098222477
0.11100000000000003,23.500999999999998,-0.0046148725651085215
0.11100000000000003,24.000999999999998,-0.004923206828480315
0.11100000000000003,24.500999999999998,-0.005238637636493144
0.11100000000000003,25.000999999999998,-0.005560667430143704
0.11100000000000003,25.500999999999998,-0.005888869329684167
0.11100000000000003,26.000999999999998,-0.006222879369383039
0.11100000000000003,26.500999999999998,-0.006562389800794911
0.11100000000000003,27.000999999999998,-0.006907143314053815
0.11100000000000003,27.500999999999998,-0.007256928050962813
0.11100000000000003,28.000999999999998,-0.007611573303787717
0.11100000000000003,28.500999999999998,-0.007970945810447605
0.11100000000000003,29.000999999999998,-0.0083349465708496
0.11100000000000003,29.500999999999998,-0.008703508120933116
0.11100000000000003,30.000999999999998,-0.009076592210990844
0.11100000000000003,30.500999999999998,-0.009454187843335501
0.11100000000000003,31.000999999999998,-0.009836309631651698
0.11100000000000003,31.500999999999998,-0.010222996450660722
0.11100000000000003,32.001,-0.010614310350175599
0.11100000000000003,32.501,-0.011010335712434066
0.11100000000000003,33.001,-0.011411178635866416
0.11100000000000003,33.501,-0.011816966532325501
0.11100000000000003,34.001,-0.012227847928351313
0.11100000000000003,34.501,-0.012643992464379902
0.11100000000000003,35.001,-0.013065591088999573
0.11100000000000003,35.501,-0.013492856448496293
0.11100000000000003,36.001,-0.01392602347509361
0.11100000000000003,36.501,-0.014365350180558931
0.11100000000000003,37.001,-0.014811118665310503
0.11100000000000003,37.501,-0.015263636356905926
0.11100000000000003,38.001,-0.01572323749594194
0.11100000000000003,38.501,-0.0161902848920677
0.11100000000000003,39.001,-0.016665171978164094
0.11100000000000003,39.501,-0.01714832519695201
0.11600000000000003,0.001,-0.49831317369070777
0.11600000000000003,0.501,-0.6395515362274461
0.11600000000000003,1.001,-0.9061190410836486
0.11600000000000003,1.501,-0.49289151525100844
0.11600000000000003,2.001,-0.31016308609670035
0.11600000000000003,2.501,-0.2115120722881735
0.11600000000000003,3.001,-0.15174018584836338
0.11600000000000003,3.501,-0.11269010718200417
0.11600000000000003,4.0009999999999994,-0.08578931855465084
0.11600000000000003,4.5009999999999994,-0.06651827708890512
0.11600000000000003,5.0009999999999994,-0.052294149387219546
0.11600000000000003,5.5009999999999994,-0.04154703040498471
0.11600000000000003,6.0009999999999994,-0.03327503072158061
0.11600000000000003,6.5009999999999994,-0.02681297211521068
0.11600000000000003,7.0009999999999994,-0.02170453266985145
0.11600000000000003,7.5009999999999994,-0.01762792570358398
0.11600000000000003,8.001,-0.014350839009527966
0.11600000000000003,8.501,-0.011702119117258394
0.11600000000000003,9.001,-0.009553421349733275
0.11600000000000003,9.501,-0.007806995172305556
0.11600000000000003,10.001,-0.006387359854185929
0.11600000000000003,10.501,-0.005235511926704281
0.11600000000000003,11.001,-0.004304818802292082
0.11600000000000003,11.501,-0.0035580587771443448
0.11600000000000003,12.001,-0.002965255031978888
0.11600000000000003,12.501,-0.00250206886938079
0.11600000000000003,13.001,-0.0021485928894061646
0.11600000000000003,13.501,-0.0018884341890547632
0.11600000000000003,14.001,-0.0017080105780612823
0.11600000000000003,14.501,-0.0015960050966046108
0.11600000000000003,15.001,-0.001542939454698633
0.11600000000000003,15.501,-0.0015408377094060371
0.11600000000000003,16.000999999999998,-0.001582959054704576
0.11600000000000003,16.500999999999998,-0.001663584004939267
0.11600000000000003,17.000999999999998,-0.0017778421628412977
0.11600000000000003,17.500999999999998,-0.001921572620828857
0.11600000000000003,18.000999999999998,-0.0020912101534085875
0.11600000000000003,18.500999999999998,-0.0022836919294184424
0.11600000000000003,19.000999999999998,-0.0024963806530171814
0.11600000000000003,19.500999999999998,-0.00272700093612762
0.11600000000000003,20.000999999999998,-0.002973586387154434
0.11600000000000003,20.500999999999998,-0.003234435425122889
0.11600000000000003,21.000999999999998,-0.00350807423416917
0.11600000000000003,21.500999999999998,-0.003793225589397868
0.11600000000000003,22.000999999999998,-0.004088782532852983
0.11600000000000003,22.500999999999998,-0.004393786073635761
0.11600000000000003,23.000999999999998,-0.004707406241009432
0.11600000000000003,23.500999999999998,-0.00502892594270786
0.11600000000000003,24.000999999999998,-0.005357727179480274
0.11600000000000003,24.500999999999998,-0.005693279246451317
0.11600000000000003,25.000999999999998,-0.006035128616202201
0.11600000000000003,25.500999999999998,-0.006382890250740056
0.11600000000000003,26.000999999999998,-0.006736240132166983
0.11600000000000003,26.500999999999998,-0.007094908836814101
0.11600000000000003,27.000999999999998,-0.007458676006379658
0.11600000000000003,27.500999999999998,-0.007827365593390034
0.11600000000000003,28.000999999999998,-0.008200841778059943
0.11600000000000003,28.500999999999998,-0.008579005470098551
0.11600000000000003,29.000999999999998,-0.008961791322826332
0.11600000000000003,29.500999999999998,-0.009349165198599609
0.11600000000000003,30.000999999999998,-0.00974112203441227
0.11600000000000003,30.500999999999998,-0.010137684064955757
0.11600000000000003,31.000999999999998,-0.010538899367666686
0.11600000000000003,31.500999999999998,-0.010944840700565645
0.11600000000000003,32.001,-0.011355604609212262
0.11600000000000003,32.501,-0.011771310783992177
0.11600000000000003,33.001,-0.012192101653384586
0.11600000000000003,33.501,-0.012618142202912151
0.11600000000000003,34.001,-0.013049620013302309
0.11600000000000003,34.501,-0.01348674551503964
0.11600000000000003,35.001,-0.013929752460109253
0.11600000000000003,35.501,-0.01437889861536803
0.11600000000000003,36.001,-0.01483446668577236
0.11600000000000003,36.501,-0.015296765479712194
0.11600000000000003,37.001,-0.015766131333091155
0.11600000000000003,37.501,-0.01624292981366762
0.11600000000000003,38.001,-0.01672755773269729
0.11600000000000003,38.501,-0.017220445497284312
0.11600000000000003,39.001,-0.017722059844271255
0.11600000000000003,39.501,-0.018232907005274662
0.12100000000000004,0.001,-0.5146898493355007
0.12100000000000004,0.501,-0.6681132471258547
0.12100000000000004,1.001,-0.8941790116791707
0.12100000000000004,1.501,-0.4848477898081621
0.12100000000000004,2.001,-0.30417492789759376
0.12100000000000004,2.501,-0.20680452508862712
0.12100000000000004,3.001,-0.14791107853557894
0.12100000000000004,3.501,-0.10950283783241446
0.12100000000000004,4.0009999999999994,-0.08309245801138779
0.12100000000000004,4.5009999999999994,-0.06420884592781426
0.12100000000000004,5.0009999999999994,-0.05029883073285993
0.12100000000000004,5.5009999999999994,-0.039811718365872314
0.12100000000000004,6.0009999999999994,-0.03175862738055415
0.12100000000000004,6.5009999999999994,-0.02548351119661385
0.12100000000000004,7.0009999999999994,-0.02053665295869521
0.12100000000000004,7.5009999999999994,-0.016601165430191384
0.12100000000000004,8.001,-0.013448449748103213
0.12100000000000004,8.501,-0.010910219692038703
0.12100000000000004,9.001,-0.008860380809406473
0.12100000000000004,9.501,-0.007202974032638629
0.12100000000000004,10.001,-0.005863963141218287
0.12100000000000004,10.501,-0.004785522760763536
0.12100000000000004,11.001,-0.003921991027994634
0.12100000000000004,11.501,-0.003236953566805756
0.12100000000000004,12.001,-0.002701110705480885
0.12100000000000004,12.501,-0.0022906961302617095
0.12100000000000004,13.001,-0.0019862897385018556
0.12100000000000004,13.501,-0.0017719162375861505
0.12100000000000004,14.001,-0.0016343535320502145
0.12100000000000004,14.501,-0.0015625969495296071
0.12100000000000004,15.001,-0.0015474404896191757
0.12100000000000004,15.501,-0.00158114683283899
0.12100000000000004,16.000999999999998,-0.0016571853020472677
0.12100000000000004,16.500999999999998,-0.001770022299016294
0.12100000000000004,17.000999999999998,-0.0019149525929925276
0.12100000000000004,17.500999999999998,-0.002087962654010303
0.12100000000000004,18.000999999999998,-0.0022856193013617992
0.12100000000000004,18.500999999999998,-0.0025049784846147005
0.12100000000000004,19.000999999999998,-0.002743510176387215
0.12100000000000004,19.500999999999998,-0.002999036235737898
0.12100000000000004,20.000999999999998,-0.0032696787721051973
0.12100000000000004,20.500999999999998,-0.003553817055435296
0.12100000000000004,21.000999999999998,-0.00385005141710016
0.12100000000000004,21.500999999999998,-0.004157172896912559
0.12100000000000004,22.000999999999998,-0.0044741376349485135
0.12100000000000004,22.500999999999998,-0.004800045198741623
0.12100000000000004,23.000999999999998,-0.00513412018842448
0.12100000000000004,23.500999999999998,-0.005475696583529484
0.12100000000000004,24.000999999999998,-0.005824204392141111
0.12100000000000004,24.500999999999998,-0.006179158241158892
0.12100000000000004,25.000999999999998,-0.006540147609529805
0.12100000000000004,25.500999999999998,-0.006906828457583131
0.12100000000000004,26.000999999999998,-0.007278916047428478
0.12100000000000004,26.500999999999998,-0.007656178783664428
0.12100000000000004,27.000999999999998,-0.008038432931877997
0.12100000000000004,27.500999999999998,-0.008425538095755792
0.12100000000000004,28.000999999999998,-0.008817393353033694
0.12100000000000004,28.500999999999998,-0.009213933966710613
0.12100000000000004,29.000999999999998,-0.009615128601554541
0.12100000000000004,29.500999999999998,-0.01002097698741749
0.12100000000000004,30.000999999999998,-0.010431507980652718
0.12100000000000004,30.500999999999998,-0.010846777983292824
0.12100000000000004,31.000999999999998,-0.011266869686905163
0.12100000000000004,31.500999999999998,-0.011691891114370356
0.12100000000000004,32.001,-0.012121974938461143
0.12100000000000004,32.501,-0.012557278061153792
0.12100000000000004,33.001,-0.012997981442262354
0.12100000000000004,33.501,-0.013444290170337943
0.12100000000000004,34.001,-0.01389643377296897
0.12100000000000004,34.501,-0.014354666767746105
0.12100000000000004,35.001,-0.014819269459339302
0.12100000000000004,35.501,-0.015290548992488679
0.12100000000000004,36.001,-0.015768840675359573
0.12100000000000004,36.501,-0.016254509592795004
0.12100000000000004,37.001,-0.016747952534679002
0.12100000000000004,37.501,-0.01724960027109112
0.12100000000000004,38.001,-0.0177599202134036
0.12100000000000004,38.501,-0.018279419509252333
0.12100000000000004,39.001,-0.018808648629714854
0.12100000000000004,39.501,-0.019348205519521815
0.12600000000000003,0.001,-0.5308600337367043
0.12600000000000003,0.501,-0.6971147779533805
0.12600000000000003,1.001,-0.8828054062968971
0.12600000000000003,1.501,-0.4772067484315749
0.12600000000000003,2.001,-0.29850240295139147
0.12600000000000003,2.501,-0.20235794410667088
0.12600000000000003,3.001,-0.14430513029389586
0.12600000000000003,3.501,-0.10651087271389129
0.12600000000000003,4.0009999999999994,-0.08056943901426798
0.12600000000000003,4.5009999999999994,-0.06205615677721088
0.12600000000000003,5.0009999999999994,-0.04844627312591401
0.12600000000000003,5.5009999999999994,-0.0382074974172221
0.12600000000000003,6.0009999999999994,-0.030363408348516044
0.12600000000000003,6.5009999999999994,-0.024266705693737005
0.12600000000000003,7.0009999999999994,-0.019473998467199355
0.12600000000000003,7.5009999999999994,-0.01567309141116855
0.12600000000000003,8.001,-0.012638941489640385
0.12600000000000003,8.501,-0.010206007898035309
0.12600000000000003,9.001,-0.008250350634362996
0.12600000000000003,9.501,-0.006677725729273151
0.12600000000000003,10.001,-0.005415479802347376
0.12600000000000003,10.501,-0.004406915208123016
0.12600000000000003,11.001,-0.00360729925645045
0.12600000000000003,11.501,-0.0029809903053780867
0.12600000000000003,12.001,-0.0024993367911226912
0.12600000000000003,12.501,-0.0021391202228816467
0.12600000000000003,13.001,-0.0018813868806366006
0.12600000000000003,13.501,-0.0017105611612590332
0.12600000000000003,14.001,-0.001613765621151092
0.12600000000000003,14.501,-0.0015802944988487638
0.12600000000000003,15.001,-0.0016012024422043386
0.12600000000000003,15.501,-0.0016689805806433325
0.12600000000000003,16.000999999999998,-0.0017772994389397834
0.12600000000000003,16.500999999999998,-0.0019208034468113505
0.12600000000000003,17.000999999999998,-0.0020949455991403076
0.12600000000000003,17.500999999999998,-0.0022958535975643873
0.12600000000000003,18.000999999999998,-0.0025202208516647007
0.12600000000000003,18.500999999999998,-0.0027652172420506854
0.12600000000000003,19.000999999999998,-0.0030284156918966992
0.12600000000000003,19.500999999999998,-0.0033077314595627294
0.12600000000000003,20.000999999999998,-0.0036013717254630567
0.12600000000000003,20.500999999999998,-0.0039077935537720175
0.12600000000000003,21.000999999999998,-0.004225668702021991
0.12600000000000003,21.500999999999998,-0.004553854057164089
0.12600000000000003,22.000999999999998,-0.004891366715968042
0.12600000000000003,22.500999999999998,-0.005237362916172269
0.12600000000000003,23.000999999999998,-0.005591120174160857
0.12600000000000003,23.500999999999998,-0.005952022103922844
0.12600000000000003,24.000999999999998,-0.006319545487292383
0.12600000000000003,24.500999999999998,-0.006693249242108394
0.12600000000000003,25.000999999999998,-0.007072764996886798
0.12600000000000003,25.500999999999998,-0.007457789030917806
0.12600000000000003,26.000999999999998,-0.007848075379767769
0.12600000000000003,26.500999999999998,-0.008243429939823084
0.12600000000000003,27.000999999999998,-0.008643705433242825
0.12600000000000003,27.500999999999998,-0.009048797117624456
0.12600000000000003,28.000999999999998,-0.009458639143778022
0.12600000000000003,28.500999999999998,-0.009873201480960943
0.12600000000000003,29.000999999999998,-0.010292487342356
0.12600000000000003,29.500999999999998,-0.010716531054956548
0.12600000000000003,30.000999999999998,-0.011145396327739233
0.12600000000000003,30.500999999999998,-0.011579174880383507
0.12600000000000003,31.000999999999998,-0.012017985402103769
0.12600000000000003,31.500999999999998,-0.012461972816618741
0.12600000000000003,32.001,-0.012911307835086254
0.12600000000000003,32.501,-0.013366186784141988
0.12600000000000003,33.001,-0.013826831701160816
0.12600000000000003,33.501,-0.01429349069363366
0.12600000000000003,34.001,-0.01476643856425872
0.12600000000000003,34.501,-0.01524597770812387
0.12600000000000003,35.001,-0.015732439293329403
0.12600000000000003,35.501,-0.016226184741727954
0.12600000000000003,36.001,-0.016727607532298263
0.12600000000000003,36.501,-0.017237135356218444
0.12600000000000003,37.001,-0.01775523266018518
0.12600000000000003,37.501,-0.01828240362321354
0.12600000000000003,38.001,-0.018819195622379783
0.12600000000000003,38.501,-0.019366203255172174
0.12600000000000003,39.001,-0.01992407300079802
0.12600000000000003,39.501,-0.020493508620664777
0.13100000000000003,0.001,-0.5468319234541278
0.13100000000000003,0.501,-0.726600476540565
0.13100000000000003,1.001,-0.8719559487805866
0.13100000000000003,1.501,-0.4699382478655441
0.13100000000000003,2.001,-0.29312180654804415
0.13100000000000003,2.501,-0.19815265999017329
0.13100000000000003,3.001,-0.1409054565431681
0.13100000000000003,3.501,-0.10369937416097583
0.13100000000000003,4.0009999999999994,-0.07820699717343343
0.13100000000000003,4.5009999999999994,-0.0600481954534844
0.13100000000000003,5.0009999999999994,-0.04672548187255121
0.13100000000000003,5.5009999999999994,-0.036724221560711603
0.13100000000000003,6.0009999999999994,-0.029079946176202465
0.13100000000000003,6.5009999999999994,-0.02315374514598642
0.13100000000000003,7.0009999999999994,-0.01850829487613552
0.13100000000000003,7.5009999999999994,-0.014835900012074285
0.13100000000000003,8.001,-0.011914927512145498
0.13100000000000003,8.501,-0.0095824691898658
0.13100000000000003,9.001,-0.00771665082287914
0.13100000000000003,9.501,-0.0062248728344151405
0.13100000000000003,10.001,-0.005035807586879715
0.13100000000000003,10.501,-0.004093838532886491
0.13100000000000003,11.001,-0.003355123685330419
0.13100000000000003,11.501,-0.002784762108365993
0.13100000000000003,12.001,-0.002354723460702462
0.13100000000000003,12.501,-0.0020423143365567945
0.13100000000000003,13.001,-0.0018290280371221213
0.13100000000000003,13.501,-0.001699672060116661
0.13100000000000003,14.001,-0.0016416993205284336
0.13100000000000003,14.501,-0.001644690588952738
0.13100000000000003,15.001,-0.0016999503906544172
0.13100000000000003,15.501,-0.0018001888927087553
0.13100000000000003,16.000999999999998,-0.001939269567368826
0.13100000000000003,16.500999999999998,-0.0021120076080953162
0.13100000000000003,17.000999999999998,-0.0023140078237769354
0.13100000000000003,17.500999999999998,-0.0025415334742266565
0.13100000000000003,18.000999999999998,-0.0027913995286087886
0.13100000000000003,18.500999999999998,-0.003060885330541524
0.13100000000000003,19.000999999999998,-0.0033476627810297213
0.13100000000000003,19.500999999999998,-0.0036497370034528492
0.13100000000000003,20.000999999999998,-0.003965397105243212
0.13100000000000003,20.500999999999998,-0.004293175150393597
0.13100000000000003,21.000999999999998,-0.004631811843146087
0.13100000000000003,21.500999999999998,-0.004980227723787905
0.13100000000000003,22.000999999999998,-0.0053374989128308625
0.13100000000000003,22.500999999999998,-0.005702836625228748
0.13100000000000003,23.000999999999998,-0.006075569823110499
0.13100000000000003,23.500999999999998,-0.006455130492422294
0.13100000000000003,24.000999999999998,-0.006841041122462958
0.13100000000000003,24.500999999999998,-0.0072329040425760625
0.13100000000000003,25.000999999999998,-0.007630392331119243
0.13100000000000003,25.500999999999998,-0.008033242061258744
0.13100000000000003,26.000999999999998,-0.008441245688481341
0.13100000000000003,26.500999999999998,-0.008854246417784553
0.13100000000000003,27.000999999999998,-0.009272133415776082
0.13100000000000003,27.500999999999998,-0.00969483775548182
0.13100000000000003,28.000999999999998,-0.01012232900047303
0.13100000000000003,28.500999999999998,-0.010554612350682252
0.13100000000000003,29.000999999999998,-0.010991726285574224
0.13100000000000003,29.500999999999998,-0.011433740651654312
0.13100000000000003,30.000999999999998,-0.01188075515100866
0.13100000000000003,30.500999999999998,-0.01233289819601232
0.13100000000000003,31.000999999999998,-0.012790326102771643
0.13100000000000003,31.500999999999998,-0.013253222602519661
0.13100000000000003,32.001,-0.013721798656261643
0.13100000000000003,32.501,-0.01419629256363019
0.13100000000000003,33.001,-0.014676970362352354
0.13100000000000003,33.501,-0.015164126520069945
0.13100000000000003,34.001,-0.015658084925678276
0.13100000000000003,34.501,-0.016159200192999785
0.13100000000000003,35.001,-0.016667859295661898
0.13100000000000003,35.501,-0.017184483558704243
0.13100000000000003,36.001,-0.017709531039917
0.13100000000000003,36.501,-0.018243499342481314
0.13100000000000003,37.001,-0.018786928910461236
0.13100000000000003,37.501,-0.01934040687049416
0.13100000000000003,38.001,-0.01990457149713671
0.13100000000000003,38.501,-0.02048011739638871
0.13100000000000003,39.001,-0.02106780152274802
0.13100000000000003,39.501,-0.021668450170807846
0.13600000000000004,0.001,-0.5626130886964915
0.13600000000000004,0.501,-0.7566189079539485
0.13600000000000004,1.001,-0.8615929764684702
0.13600000000000004,1.501,-0.4630154370827685
0.13600000000000004,2.001,-0.2880120252613899
0.13600000000000004,2.501,-0.1941711554229852
0.13600000000000004,3.001,-0.13769702165414416
0.13600000000000004,3.501,-0.10105513071075545
0.13600000000000004,4.0009999999999994,-0.07599332312750465
0.13600000000000004,4.5009999999999994,-0.05817426681296961
0.13600000000000004,5.0009999999999994,-0.04512667046449956
0.13600000000000004,5.5009999999999994,-0.03535286074180626
0.13600000000000004,6.0009999999999994,-0.0278998513051065
0.13600000000000004,6.5009999999999994,-0.02213679000796126
0.13600000000000004,7.0009999999999994,-0.017632180628818328
0.13600000000000004,7.5009999999999994,-0.0140826493558555
0.13600000000000004,8.001,-0.011269837721247546
0.13600000000000004,8.501,-0.009033365411397765
0.13600000000000004,9.001,-0.007253341641911382
0.13600000000000004,9.501,-0.005838745569264142
0.13600000000000004,10.001,-0.0047195222760615385
0.13600000000000004,10.501,-0.0038410930096831053
0.13600000000000004,11.001,-0.0031604707612146593
0.13600000000000004,11.501,-0.002643465558679438
0.13600000000000004,12.001,-0.002262643317157025
0.13600000000000004,12.501,-0.001995814601974226
0.13600000000000004,13.001,-0.0018249017580370536
0.13600000000000004,13.501,-0.0017350799823246943
0.13600000000000004,14.001,-0.0017141192795458587
0.13600000000000004,14.501,-0.0017518754626259792
0.13600000000000004,15.001,-0.0018398929392305745
0.13600000000000004,15.501,-0.0019710921832684497
0.13600000000000004,16.000999999999998,-0.002139521959717783
0.13600000000000004,16.500999999999998,-0.002340161492568535
0.13600000000000004,17.000999999999998,-0.0025687614653921234
0.13600000000000004,17.500999999999998,-0.0028217154447361045
0.13600000000000004,18.000999999999998,-0.0030959553073429125
0.13600000000000004,18.500999999999998,-0.0033888657331721944
0.13600000000000004,19.000999999999998,-0.0036982139374339557
0.13600000000000004,19.500999999999998,-0.004022091655427253
0.13600000000000004,20.000999999999998,-0.004358867034665662
0.13600000000000004,20.500999999999998,-0.004707144580669925
0.13600000000000004,21.000999999999998,-0.005065731683029061
0.13600000000000004,21.500999999999998,-0.005433610544150369
0.13600000000000004,22.000999999999998,-0.005809914564687851
0.13600000000000004,22.500999999999998,-0.006193908421983169
0.13600000000000004,23.000999999999998,-0.0065849712222438885
0.13600000000000004,23.500999999999998,-0.006982582222130558
0.13600000000000004,24.000999999999998,-0.007386308707430282
0.13600000000000004,24.500999999999998,-0.007795795690477364
0.13600000000000004,25.000999999999998,-0.008210757147801923
0.13600000000000004,25.500999999999998,-0.0086309685680718
0.13600000000000004,26.000999999999998,-0.009056260620046806
0.13600000000000004,26.500999999999998,-0.009486513782806863
0.13600000000000004,27.000999999999998,-0.009921653807343389
0.13600000000000004,27.500999999999998,-0.010361647900861581
0.13600000000000004,28.000999999999998,-0.010806501543701736
0.13600000000000004,28.500999999999998,-0.011256255864396436
0.13600000000000004,29.000999999999998,-0.011710985511592671
0.13600000000000004,29.500999999999998,-0.012170796972864037
0.13600000000000004,30.000999999999998,-0.012635827300216465
0.13600000000000004,30.500999999999998,-0.013106243210652013
0.13600000000000004,31.000999999999998,-0.013582240537798364
0.13600000000000004,31.500999999999998,-0.014064044017550171
0.13600000000000004,32.001,-0.014551907397131511
0.13600000000000004,32.501,-0.015046113863149732
0.13600000000000004,33.001,-0.015546976790268906
0.13600000000000004,33.501,-0.01605484081825347
0.13600000000000004,34.001,-0.01657008327151138
0.13600000000000004,34.501,-0.017093115942103387
0.13600000000000004,35.001,-0.01762438726470418
0.13600000000000004,35.501,-0.01816438492045714
0.13600000000000004,36.001,-0.018713638916385403
0.13600000000000004,36.501,-0.019272725198360624
0.13600000000000004,37.001,-0.019842269869080487
0.13600000000000004,37.501,-0.020422954098639166
0.13600000000000004,38.001,-0.021015519834853325
0.13600000000000004,38.501,-0.021620776444486196
0.13600000000000004,39.001,-0.022239608446168797
0.13600000000000004,39.501,-0.022872984532781398
0.14100000000000004,0.001,-0.578210542482625
0.14100000000000004,0.501,-0.7872237234740768
0.14100000000000004,1.001,-0.8516827890910392
0.14100000000000004,1.501,-0.45641429246796456
0.14100000000000004,2.001,-0.2831541709297649
0.14100000000000004,2.501,-0.19039776100794228
0.14100000000000004,3.001,-0.13466637754209648
0.14100000000000004,3.501,-0.09856632708579262
0.14100000000000004,4.0009999999999994,-0.07391785664863723
0.14100000000000004,4.5009999999999994,-0.056424808021674794
0.14100000000000004,5.0009999999999994,-0.04364108947239123
0.14100000000000004,5.5009999999999994,-0.03408534274456265
0.14100000000000004,6.0009999999999994,-0.026815624964873122
0.14100000000000004,6.5009999999999994,-0.02120883398889427
0.14100000000000004,7.0009999999999994,-0.0168390774696405
0.14100000000000004,7.5009999999999994,-0.013407137053532234
0.14100000000000004,8.001,-0.010697802745267104
0.14100000000000004,8.501,-0.008553124566016184
0.14100000000000004,9.001,-0.0068551184923238695
0.14100000000000004,9.501,-0.005514281270840374
0.14100000000000004,10.001,-0.0044617813283001516
0.14100000000000004,10.501,-0.003644037381392101
0.14100000000000004,11.001,-0.0030188841312136505
0.14100000000000004,11.501,-0.002552814872919725
0.14100000000000004,12.001,-0.002218968529358982
0.14100000000000004,12.501,-0.0019956399763296634
0.14100000000000004,13.001,-0.0018651638633851303
0.14100000000000004,13.501,-0.0018130687474863794
0.14100000000000004,14.001,-0.0018274293710234188
0.14100000000000004,14.501,-0.0018983658953462285
0.14100000000000004,15.001,-0.0020176533100510624
0.14100000000000004,15.501,-0.0021784142743486445
0.14100000000000004,16.000999999999998,-0.0023748757283257454
0.14100000000000004,16.500999999999998,-0.0026021746690921
0.14100000000000004,17.000999999999998,-0.0028562021390226983
0.14100000000000004,17.500999999999998,-0.003133477138547308
0.14100000000000004,18.000999999999998,-0.0034310441400297945
0.14100000000000004,18.500999999999998,-0.0037463893399570306
0.14100000000000004,19.000999999999998,-0.004077371882343597
0.14100000000000004,19.500999999999998,-0.004422167114820859
0.14100000000000004,20.000999999999998,-0.004779219570239447
0.14100000000000004,20.500999999999998,-0.0051472038511920105
0.14100000000000004,21.000999999999998,-0.00552499196933192
0.14100000000000004,21.500999999999998,-0.005911625982613411
0.14100000000000004,22.000999999999998,-0.0063062950015196975
0.14100000000000004,22.500999999999998,-0.006708315814779316
0.14100000000000004,23.000999999999998,-0.007117116527127217
0.14100000000000004,23.500999999999998,-0.007532222714739439
0.14100000000000004,24.000999999999998,-0.00795324569444461
0.14100000000000004,24.500999999999998,-0.00837987257558731
0.14100000000000004,25.000999999999998,-0.008811857822239172
0.14100000000000004,25.500999999999998,-0.009249016101242395
0.14100000000000004,26.000999999999998,-0.009691216230596753
0.14100000000000004,26.500999999999998,-0.010138376074737235
0.14100000000000004,27.000999999999998,-0.010590458259697708
0.14100000000000004,27.500999999999998,-0.011047466603130406
0.14100000000000004,28.000999999999998,-0.01150944317252249
0.14100000000000004,28.500999999999998,-0.011976465900446868
0.14100000000000004,29.000999999999998,-0.012448646698869302
0.14100000000000004,29.500999999999998,-0.012926130025880653
0.14100000000000004,30.000999999999998,-0.013409091868124653
0.14100000000000004,30.500999999999998,-0.013897739110970801
0.14100000000000004,31.000999999999998,-0.014392309276426395
0.14100000000000004,31.500999999999998,-0.014893070616134044
0.14100000000000004,32.001,-0.015400322553785414
0.14100000000000004,32.501,-0.01591439647812106
0.14100000000000004,33.001,-0.01643565689457363
0.14100000000000004,33.501,-0.01696450295077751
0.14100000000000004,34.001,-0.017501370358830145
0.14100000000000004,34.501,-0.01804673374562371
0.14100000000000004,35.001,-0.01860110947205193
0.14100000000000004,35.501,-0.019165058972807916
0.14100000000000004,36.001,-0.01973919268125267
0.14100000000000004,36.501,-0.020324174618993614
0.14100000000000004,37.001,-0.02092072774805664
0.14100000000000004,37.501,-0.021529640205723823
0.14100000000000004,38.001,-0.02215177256938925
0.14100000000000004,38.501,-0.022788066332613627
0.14100000000000004,39.001,-0.02343955381589287
0.14100000000000004,39.501,-0.024107369789065837
0.14600000000000005,0.001,-0.5936307999803908
0.14600000000000005,0.501,-0.8184747127284326
0.14600000000000005,1.001,-0.8421951090170441
0.14600000000000005,1.501,-0.45011323250870017
0.14600000000000005,2.001,-0.27853127726178284
0.14600000000000005,2.501,-0.1868184031991294
0.14600000000000005,3.001,-0.13180144701337237
0.14600000000000005,3.501,-0.09622235356796081
0.14600000000000005,4.0009999999999994,-0.07197111601799475
0.14600000000000005,4.5009999999999994,-0.0547912338217819
0.14600000000000005,5.0009999999999994,-0.04226088476709368
0.14600000000000005,5.5009999999999994,-0.03291442219351541
0.14600000000000005,6.0009999999999994,-0.02582053729827337
0.14600000000000005,6.5009999999999994,-0.020363590006690774
0.14600000000000005,7.0009999999999994,-0.016123083196501575
0.14600000000000005,7.5009999999999994,-0.012803798920032333
0.14600000000000005,8.001,-0.010193557928038527
0.14600000000000005,8.501,-0.008136749514940061
0.14600000000000005,9.001,-0.0065172248315396725
0.14600000000000005,9.501,-0.0052469411298425375
0.14600000000000005,10.001,-0.004258244081284807
0.14600000000000005,10.501,-0.0034985122220929643
0.14600000000000005,11.001,-0.002926370902528808
0.14600000000000005,11.501,-0.002508970825990787
0.14600000000000005,12.001,-0.002220002217638989
0.14600000000000005,12.501,-0.0020382259088320143
0.14600000000000005,13.001,-0.0019463732274274254
0.14600000000000005,13.501,-0.001930312705614834
0.14600000000000005,14.001,-0.0019784122953003247
0.14600000000000005,14.501,-0.0020810465275866025
0.14600000000000005,15.001,-0.002230212297861564
0.14600000000000005,15.501,-0.0024192268769415853
0.14600000000000005,16.000999999999998,-0.0026424887455457832
0.14600000000000005,16.500999999999998,-0.0028952868446665697
0.14600000000000005,17.000999999999998,-0.0031736474408941423
0.14600000000000005,17.500999999999998,-0.0034742104368563156
0.14600000000000005,18.000999999999998,-0.0037941288953191364
0.14600000000000005,18.500999999999998,-0.004130986986625091
0.14600000000000005,19.000999999999998,-0.004482732649860988
0.14600000000000005,19.500999999999998,-0.004847622075152082
0.14600000000000005,20.000999999999998,-0.005224173736852217
0.14600000000000005,20.500999999999998,-0.005611130184941644
0.14600000000000005,21.000999999999998,-0.006007426170873825
0.14600000000000005,21.500999999999998,-0.00641216197097683
0.14600000000000005,22.000999999999998,-0.0068245809949608605
0.14600000000000005,22.500999999999998,-0.007244050943733205
0.14600000000000005,23.000999999999998,-0.007670047920535619
0.14600000000000005,23.500999999999998,-0.008102143010686243
0.14600000000000005,24.000999999999998,-0.008539990934248176
0.14600000000000005,24.500999999999998,-0.008983320447533229
0.14600000000000005,25.000999999999998,-0.009431926227249143
0.14600000000000005,25.500999999999998,-0.00988566201813313
0.14600000000000005,26.000999999999998,-0.010344434863353243
0.14600000000000005,26.500999999999998,-0.010808200268545483
0.14600000000000005,27.000999999999998,-0.011276958176462064
0.14600000000000005,27.500999999999998,-0.011750749650946381
0.14600000000000005,28.000999999999998,-0.012229654187182543
0.14600000000000005,28.500999999999998,-0.012713787580611872
0.14600000000000005,29.000999999999998,-0.013203300300128888
0.14600000000000005,29.500999999999998,-0.01369837632263609
0.14600000000000005,30.000999999999998,-0.014199232396158858
0.14600000000000005,30.500999999999998,-0.014706117707814938
0.14600000000000005,31.000999999999998,-0.015219313941302976
0.14600000000000005,31.500999999999998,-0.01573913571649511
0.14600000000000005,32.001,-0.016265931411402458
0.14600000000000005,32.501,-0.01680008437452357
0.14600000000000005,33.001,-0.017342014543581665
0.14600000000000005,33.501,-0.017892180495201422
0.14600000000000005,34.001,-0.01845108195946307
0.14600000000000005,34.501,-0.01901926284381935
0.14600000000000005,35.001,-0.01959731482301364
0.14600000000000005,35.501,-0.02018588156584699
0.14600000000000005,36.001,-0.02078566368657346
0.14600000000000005,36.501,-0.021397424529085482
0.14600000000000005,37.001,-0.02202199691694369
0.14600000000000005,37.501,-0.02266029103294933
0.14600000000000005,38.001,-0.02331330363009862
0.14600000000000005,38.501,-0.023982128823622738
0.14600000000000005,39.001,-0.024667970774418183
0.14600000000000005,39.501,-0.02537215865157097
0.15100000000000005,0.001,-0.6088799297075183
0.15100000000000005,0.501,-0.8504390979440865
0.15100000000000005,1.001,-0.8331026306971028
0.15100000000000005,1.501,-0.44409279617522757
0.15100000000000005,2.001,-0.27412804660561935
0.15100000000000005,2.501,-0.18342039392412726
0.15100000000000005,3.001,-0.12909134295588462
0.15100000000000005,3.501,-0.0940136469199635
0.15100000000000005,4.0009999999999994,-0.07014455564735081
0.15100000000000005,4.5009999999999994,-0.053265807421259415
0.15100000000000005,5.0009999999999994,-0.04097897922577021
0.15100000000000005,5.5009999999999994,-0.031833571260771326
0.15100000000000005,6.0009999999999994,-0.024908525685412353
0.15100000000000005,6.5009999999999994,-0.019595395048779274
0.15100000000000005,7.0009999999999994,-0.015478882197722504
0.15100000000000005,7.5009999999999994,-0.01226762448996794
0.15100000000000005,8.001,-0.009752363250405516
0.15100000000000005,8.501,-0.007779741827231401
0.15100000000000005,9.001,-0.0062353795502877035
0.15100000000000005,9.501,-0.005032640752510104
0.15100000000000005,10.001,-0.004105005205909534
0.15100000000000005,10.501,-0.003400776029675562
0.15100000000000005,11.001,-0.0028793401531151193
0.15100000000000005,11.501,-0.00250848148644512
0.15100000000000005,12.001,-0.0022624212433455942
0.15100000000000005,12.501,-0.002120369033386235
0.15100000000000005,13.001,-0.0020654382399173665
0.15100000000000005,13.501,-0.002083824846512178
0.15100000000000005,14.001,-0.0021641792295758605
0.15100000000000005,14.501,-0.002297120956545523
0.15100000000000005,15.001,-0.002474860715830779
0.15100000000000005,15.501,-0.002690903310655232
0.15100000000000005,16.000999999999998,-0.0029398125641739575
0.15100000000000005,16.500999999999998,-0.0032170239188833265
0.15100000000000005,17.000999999999998,-0.0035186940757397367
0.15100000000000005,17.500999999999998,-0.003841579616628024
0.15100000000000005,18.000999999999998,-0.004182938467399783
0.15100000000000005,18.500999999999998,-0.00454044948102281
0.15100000000000005,19.000999999999998,-0.004912146486655458
0.15100000000000005,19.500999999999998,-0.005296363956334968
0.15100000000000005,20.000999999999998,-0.005691692054683506
0.15100000000000005,20.500999999999998,-0.006096939307800201
0.15100000000000005,21.000999999999998,-0.006511101491109521
0.15100000000000005,21.500999999999998,-0.006933335618569875
0.15100000000000005,22.000999999999998,-0.007362938136750916
0.15100000000000005,22.500999999999998,-0.0077993266012419335
0.15100000000000005,23.000999999999998,-0.008242024250528671
0.15100000000000005,23.500999999999998,-0.00869064700202462
0.15100000000000005,24.000999999999998,-0.009144892482585876
0.15100000000000005,24.500999999999998,-0.009604530776337078
0.15100000000000005,25.000999999999998,-0.010069396629634048
0.15100000000000005,25.500999999999998,-0.01053938289934039
0.15100000000000005,26.000999999999998,-0.011014435068488386
0.15100000000000005,26.500999999999998,-0.011494546684576105
0.15100000000000005,27.000999999999998,-0.011979755601574563
0.15100000000000005,27.500999999999998,-0.01247014092827705
0.15100000000000005,28.000999999999998,-0.012965820603775909
0.15100000000000005,28.500999999999998,-0.013466949536310323
0.15100000000000005,29.000999999999998,-0.013973718255056417
0.15100000000000005,29.500999999999998,-0.014486352036124542
0.15100000000000005,30.000999999999998,-0.015005110474453688
0.15100000000000005,30.500999999999998,-0.01553028748284483
0.15100000000000005,31.000999999999998,-0.01606221170832403
0.15100000000000005,31.500999999999998,-0.016601247364689643
0.15100000000000005,32.001,-0.01714779548873226
0.15100000000000005,32.501,-0.017702295636527872
0.15100000000000005,33.001,-0.01826522804567731
0.15100000000000005,33.501,-0.0188371162997299
0.15100000000000005,34.001,-0.019418530542697297
0.15100000000000005,34.501,-0.020010091304949955
0.15100000000000005,35.001,-0.020612474017498106
0.15100000000000005,35.501,-0.021226414310344745
0.15100000000000005,36.001,-0.02185271421318095
0.15100000000000005,36.501,-0.02249224940426979
0.15100000000000005,37.001,-0.023145977687438965
0.15100000000000005,37.501,-0.02381494891958767
0.15100000000000005,38.001,-0.02450031666458652
0.15100000000000005,38.501,-0.025203351917362338
0.15100000000000005,39.001,-0.025925459328958192
0.15100000000000005,39.501,-0.026668196475862785
0.15600000000000006,0.001,-0.6239635979434413
0.15600000000000006,0.501,-0.8831931506530544
0.15600000000000006,1.001,-0.8243806421392836
0.15600000000000006,1.501,-0.4383353727312207
0.15600000000000006,2.001,-0.26993063722514316
0.15600000000000006,2.501,-0.18019225386909965
0.15600000000000006,3.001,-0.12652621647051396
0.15600000000000006,3.501,-0.09193155677755482
0.15600000000000006,4.0009999999999994,-0.0684304465046372
0.15600000000000006,4.5009999999999994,-0.05184153206870168
0.15600000000000006,5.0009999999999994,-0.039788973395915986
0.15600000000000006,5.5009999999999994,-0.03083688789368
0.15600000000000006,6.0009999999999994,-0.024074109372075495
0.15600000000000006,6.5009999999999994,-0.018899130293169863
0.15600000000000006,7.0009999999999994,-0.014901670342611084
0.15600000000000006,7.5009999999999994,-0.011794086091812483
0.15600000000000006,8.001,-0.009369936106348946
0.15600000000000006,8.501,-0.0074780378568468225
0.15600000000000006,9.001,-0.006005716012932198
0.15600000000000006,9.501,-0.004867691877122937
0.15600000000000006,10.001,-0.003998538852658384
0.15600000000000006,10.501,-0.0033474515891697178
0.15600000000000006,11.001,-0.002874551326525601
0.15600000000000006,11.501,-0.0025482324803288853
0.15600000000000006,12.001,-0.002343228198421296
0.15600000000000006,12.501,-0.002239180756917855
0.15600000000000006,13.001,-0.0022195718800699926
0.15600000000000006,13.501,-0.0022709132581893304
0.15600000000000006,14.001,-0.002382127579861837
0.15600000000000006,14.501,-0.002544070699629579
0.15600000000000006,15.001,-0.0027491594963421073
0.15600000000000006,15.501,-0.0029910796744080093
0.15600000000000006,16.000999999999998,-0.0032645545966503175
0.15600000000000006,16.500999999999998,-0.003565161115539117
0.15600000000000006,17.000999999999998,-0.0038891818894592617
0.15600000000000006,17.500999999999998,-0.004233486237132135
0.15600000000000006,18.000999999999998,-0.004595433473006907
0.15600000000000006,18.500999999999998,-0.004972794070571223
0.15600000000000006,19.000999999999998,-0.0053636850528987964
0.15600000000000006,19.500999999999998,-0.005766516804882527
0.15600000000000006,20.000999999999998,-0.006179949106973167
0.15600000000000006,20.500999999999998,-0.006602854654470882
0.15600000000000006,21.000999999999998,-0.007034288684886841
0.15600000000000006,21.500999999999998,-0.007473463614463771
0.15600000000000006,22.000999999999998,-0.007919727802809876
0.15600000000000006,22.500999999999998,-0.008372547735989944
0.15600000000000006,23.000999999999998,-0.008831493054029457
0.15600000000000006,23.500999999999998,-0.009296223956685598
0.15600000000000006,24.000999999999998,-0.009766480607674377
0.15600000000000006,24.500999999999998,-0.01024207422698007
0.15600000000000006,25.000999999999998,-0.010722879617055849
0.15600000000000006,25.500999999999998,-0.011208828914421386
0.15600000000000006,26.000999999999998,-0.011699906395574042
0.15600000000000006,26.500999999999998,-0.012196144196957713
0.15600000000000006,27.000999999999998,-0.012697618834323438
0.15600000000000006,27.500999999999998,-0.013204448428256549
0.15600000000000006,28.000999999999998,-0.013716790560782684
0.15600000000000006,28.500999999999998,-0.01423484070352253
0.15600000000000006,29.000999999999998,-0.014758831171393039
0.15600000000000006,29.500999999999998,-0.015289030567866003
0.15600000000000006,30.000999999999998,-0.015825743698680693
0.15600000000000006,30.500999999999998,-0.016369311941052393
0.15600000000000006,31.000999999999998,-0.01692011406515105
0.15600000000000006,31.500999999999998,-0.017478567514265974
0.15600000000000006,32.001,-0.01804513015995106
0.15600000000000006,32.501,-0.018620302558898648
0.15600000000000006,33.001,-0.01920463074968585
0.15600000000000006,33.501,-0.019798709640323958
0.15600000000000006,34.001,-0.02040318705220502
0.15600000000000006,34.501,-0.021018768503223387
0.15600000000000006,35.001,-0.021646222833315888
0.15600000000000006,35.501,-0.022286388800399744
0.15600000000000006,36.001,-0.022940182804959224
0.15600000000000006,36.501,-0.023608607938988058
0.15600000000000006,37.001,-0.02429276460180113
0.15600000000000006,37.501,-0.02499386298428762
0.15600000000000006,38.001,-0.02571323779836987
0.15600000000000006,38.501,-0.026452365725046514
0.15600000000000006,39.001,-0.02721288617969208
0.15600000000000006,39.501,-0.027996626157346695
0.16100000000000006,0.001,-0.6388871074414199
0.16100000000000006,0.501,-0.9168242425789638
0.16100000000000006,1.001,-0.8160067049922288
0.16100000000000006,1.501,-0.43282497338907266
0.16100000000000006,2.001,-0.26592648353120457
0.16100000000000006,2.501,-0.17712356314957714
0.16100000000000006,3.001,-0.12409712854557539
0.16100000000000006,3.501,-0.08996823276079685
0.16100000000000006,4.0009999999999994,-0.06682177508828749
0.16100000000000006,4.5009999999999994,-0.05051205945274356
0.16100000000000006,5.0009999999999994,-0.03868506157829957
0.16100000000000006,5.5009999999999994,-0.02991901829164728
0.16100000000000006,6.0009999999999994,-0.02331231735726605
0.16100000000000006,6.5009999999999994,-0.018270153639130496
0.16100000000000006,7.0009999999999994,-0.014387091543892505
0.16100000000000006,7.5009999999999994,-0.011379078946763266
0.16100000000000006,8.001,-0.009042394531080383
0.16100000000000006,8.501,-0.007227954760919669
0.16100000000000006,9.001,-0.005824730580483176
0.16100000000000006,9.501,-0.004748753159009966
0.16100000000000006,10.001,-0.003935651490392128
0.16100000000000006,10.501,-0.003335480685269821
0.16100000000000006,11.001,-0.0029090706614006215
0.16100000000000006,11.501,-0.002625405000231007
0.16100000000000006,12.001,-0.002459710872879828
0.16100000000000006,12.501,-0.0023920480779149322
0.16100000000000006,13.001,-0.002406253790544155
0.16100000000000006,13.501,-0.0024891443707333177
0.16100000000000006,14.001,-0.0026299053178672344
0.16100000000000006,14.501,-0.0028196205550313908
0.16100000000000006,15.001,-0.0030509060125192347
0.16100000000000006,15.501,-0.0033176220719284
0.16100000000000006,16.000999999999998,-0.0036146461926327006
0.16100000000000006,16.500999999999998,-0.003937691864889181
0.16100000000000006,17.000999999999998,-0.004283163512638223
0.16100000000000006,17.500999999999998,-0.004648039504883281
0.16100000000000006,18.000999999999998,-0.005029777301127525
0.16100000000000006,18.500999999999998,-0.005426236142946808
0.16100000000000006,19.000999999999998,-0.0058356137427185845
0.16100000000000006,19.500999999999998,-0.006256394205277058
0.16100000000000006,20.000999999999998,-0.006687305015586786
0.16100000000000006,20.500999999999998,-0.007127281383463885
0.16100000000000006,21.000999999999998,-0.007575436589876264
0.16100000000000006,21.500999999999998,-0.00803103725401742
0.16100000000000006,22.000999999999998,-0.008493482655110046
0.16100000000000006,22.500999999999998,-0.008962287411800982
0.16100000000000006,23.000999999999998,-0.009437066955658172
0.16100000000000006,23.500999999999998,-0.00991752534159656
0.16100000000000006,24.000999999999998,-0.010403445023148248
0.16100000000000006,24.500999999999998,-0.010894678288935183
0.16100000000000006,25.000999999999998,-0.01139114011211749
0.16100000000000006,25.500999999999998,-0.011892802209693923
0.16100000000000006,26.000999999999998,-0.012399688145511824
0.16100000000000006,26.500999999999998,-0.012911869341373186
0.16100000000000006,27.000999999999998,-0.013429461886052058
0.16100000000000006,27.500999999999998,-0.01395262405342088
0.16100000000000006,28.000999999999998,-0.01448155445910082
0.16100000000000006,28.500999999999998,-0.015016490800783669
0.16100000000000006,29.000999999999998,-0.015557709141226499
0.16100000000000006,29.500999999999998,-0.016105523705380036
0.16100000000000006,30.000999999999998,-0.01666028717461645
0.16100000000000006,30.500999999999998,-0.017222391471960842
0.16100000000000006,31.000999999999998,-0.017792269042987526
0.16100000000000006,31.500999999999998,-0.018370394647962487
0.16100000000000006,32.001,-0.018957287692307565
0.16100000000000006,32.501,-0.019553515134928173
0.16100000000000006,33.001,-0.020159695027868713
0.16100000000000006,33.501,-0.020776500756706954
0.16100000000000006,34.001,-0.021404666069746347
0.16100000000000006,34.501,-0.022044991006278415
0.16100000000000006,35.001,-0.02269834886103826
0.16100000000000006,35.501,-0.02336569435487333
0.16100000000000006,36.001,-0.024048073222402294
0.16100000000000006,36.501,-0.024746633478460914
0.16100000000000006,37.001,-0.025462638689640243
0.16100000000000006,37.501,-0.026197483659529827
0.16100000000000006,38.001,-0.026952713042300923
0.16100000000000006,38.501,-0.02773004353713654
0.16100000000000006,39.001,-0.028531390497049898
0.16100000000000006,39.501,-0.029358900025837277
0.16600000000000006,0.001,-0.6536554313269884
0.16600000000000006,0.501,-0.9514334893733866
0.16600000000000006,1.001,-0.8079603826474867
0.16600000000000006,1.501,-0.42754703724879617
0.16600000000000006,2.001,-0.2621041433121951
0.16600000000000006,2.501,-0.1742048344164972
0.16600000000000006,3.001,-0.1217959410175245
0.16600000000000006,3.501,-0.08811652855723606
0.16600000000000006,4.0009999999999994,-0.06531215759499154
0.16600000000000006,4.5009999999999994,-0.04927161188186424
0.16600000000000006,5.0009999999999994,-0.03766196053834477
0.16600000000000006,5.5009999999999994,-0.02907509105275019
0.16600000000000006,6.0009999999999994,-0.022618627139271874
0.16600000000000006,6.5009999999999994,-0.017704242400167408
0.16600000000000006,7.0009999999999994,-0.01393118387784436
0.16600000000000006,7.5009999999999994,-0.011018870294938934
0.16600000000000006,8.001,-0.00876620898712284
0.16600000000000006,8.501,-0.007026144657486244
0.16600000000000006,9.001,-0.005689238897278903
0.16600000000000006,9.501,-0.004672788379823559
0.16600000000000006,10.001,-0.003913441861181435
0.16600000000000006,10.501,-0.003362085649665081
0.16600000000000006,11.001,-0.002980234197998352
0.16600000000000006,11.501,-0.0027374401541943177
0.16600000000000006,12.001,-0.002609407843107689
0.16600000000000006,12.501,-0.0025766003228416684
0.16600000000000006,13.001,-0.002623198080668382
0.16600000000000006,13.501,-0.002736311753605905
0.16600000000000006,14.001,-0.002905380707022426
0.16600000000000006,14.501,-0.0031217091975481934
0.16600000000000006,15.001,-0.003378105490504279
0.16600000000000006,15.501,-0.0036685987920630466
0.16600000000000006,16.000999999999998,-0.003988215543237333
0.16600000000000006,16.500999999999998,-0.004332801391536637
0.16600000000000006,17.000999999999998,-0.004698878595214895
0.16600000000000006,17.500999999999998,-0.0050835311212431705
0.16600000000000006,18.000999999999998,-0.005484311542412093
0.16600000000000006,18.500999999999998,-0.005899165208627641
0.16600000000000006,19.000999999999998,-0.006326368193414464
0.16600000000000006,19.500999999999998,-0.006764476291390861
0.16600000000000006,20.000999999999998,-0.007212282932005737
0.16600000000000006,20.500999999999998,-0.007668784326699436
0.16600000000000006,21.000999999999998,-0.008133150515363178
0.16600000000000006,21.500999999999998,-0.008604701248870444
0.16600000000000006,22.000999999999998,-0.009082885856212405
0.16600000000000006,22.500999999999998,-0.00956726641131192
0.16600000000000006,23.000999999999998,-0.010057503646333687
0.16600000000000006,23.500999999999998,-0.010553345163139865
0.16600000000000006,24.000999999999998,-0.011054615578422015
0.16600000000000006,24.500999999999998,-0.011561208305575749
0.16600000000000006,25.000999999999998,-0.012073078731065535
0.16600000000000006,25.500999999999998,-0.012590238587611775
0.16600000000000006,26.000999999999998,-0.013112751363135923
0.16600000000000006,26.500999999999998,-0.013640728614699546
0.16600000000000006,27.000999999999998,-0.014174327082005986
0.16600000000000006,27.500999999999998,-0.014713746516451763
0.16600000000000006,28.000999999999998,-0.015259228160087748
0.16600000000000006,28.500999999999998,-0.015811053824890665
0.16600000000000006,29.000999999999998,-0.016369545537044273
0.16600000000000006,29.500999999999998,-0.016935065724002968
0.16600000000000006,30.000999999999998,-0.017508017934431602
0.16600000000000006,30.500999999999998,-0.018088848093098124
0.16600000000000006,31.000999999999998,-0.018678046304864394
0.16600000000000006,31.500999999999998,-0.01927614923451745
0.16600000000000006,32.001,-0.019883743102755737
0.16600000000000006,32.501,-0.020501467353735287
0.16600000000000006,33.001,-0.021130019066795274
0.16600000000000006,33.501,-0.02177015820507916
0.16600000000000006,34.001,-0.022422713817674654
0.16600000000000006,34.501,-0.02308859134078986
0.16600000000000006,35.001,-0.023768781178900994
0.16600000000000006,35.501,-0.02446436879072054
0.16600000000000006,36.001,-0.025176546559891683
0.16600000000000006,36.501,-0.02590662780002292
0.16600000000000006,37.001,-0.02665606333280225
0.16600000000000006,37.501,-0.02742646119296723
0.16600000000000006,38.001,-0.028219610163840468
0.16600000000000006,38.501,-0.029037508044525706
0.16600000000000006,39.001,-0.02988239581244805
0.16600000000000006,39.501,-0.0307567991981805
0.17100000000000007,0.001,-0.6682732429084658
0.17100000000000007,0.501,-0.9871392175493394
0.17100000000000007,1.001,-0.8002230079432746
0.17100000000000007,1.501,-0.42248826550965873
0.17100000000000007,2.001,-0.25845316722907624
0.17100000000000007,2.501,-0.17142740446215135
0.17100000000000007,3.001,-0.11961522343411446
0.17100000000000007,3.501,-0.08636991999857406
0.17100000000000007,4.0009999999999994,-0.0638957666139147
0.17100000000000007,4.5009999999999994,-0.048114915825098664
0.17100000000000007,5.0009999999999994,-0.03671484862821078
0.17100000000000007,5.5009999999999994,-0.028300660940298122
0.17100000000000007,6.0009999999999994,-0.021988912412482492
0.17100000000000007,6.5009999999999994,-0.017197544373461743
0.17100000000000007,7.0009999999999994,-0.013530333582179088
0.17100000000000007,7.5009999999999994,-0.010710055961847216
0.17100000000000007,8.001,-0.008538161203519412
0.17100000000000007,8.501,-0.00686955549110281
0.17100000000000007,9.001,-0.005596338575604792
0.17100000000000007,9.501,-0.004637030774792994
0.17100000000000007,10.001,-0.003929266798896908
0.17100000000000007,10.501,-0.0034247365401450305
0.17100000000000007,11.001,-0.003085616203900271
0.17100000000000007,11.501,-0.0028820085381755928
0.17100000000000007,12.001,-0.0027900791030601724
0.17100000000000007,12.501,-0.002790680758058467
0.17100000000000007,13.001,-0.00286832584960095
0.17100000000000007,13.501,-0.0030104094878838344
0.17100000000000007,14.001,-0.0032066164679600134
0.17100000000000007,14.501,-0.0034484640869434334
0.17100000000000007,15.001,-0.0037289466151306377
0.17100000000000007,15.501,-0.004042256570391353
0.17100000000000007,16.000999999999998,-0.004383564560919796
0.17100000000000007,16.500999999999998,-0.004748844178188431
0.17100000000000007,17.000999999999998,-0.00513473182262382
0.17100000000000007,17.500999999999998,-0.005538413822066053
0.17100000000000007,18.000999999999998,-0.005957535025772412
0.17100000000000007,18.500999999999998,-0.006390124409985414
0.17100000000000007,19.000999999999998,-0.006834534244486941
0.17100000000000007,19.500999999999998,-0.007289390134625377
0.17100000000000007,20.000999999999998,-0.0077535498353221224
0.17100000000000007,20.500999999999998,-0.0082260691795462
0.17100000000000007,21.000999999999998,-0.00870617380786129
0.17100000000000007,21.500999999999998,-0.009193235652899825
0.17100000000000007,22.000999999999998,-0.009686753341504761
0.17100000000000007,22.500999999999998,-0.010186335841533384
0.17100000000000007,23.000999999999998,-0.010691688810255794
0.17100000000000007,23.500999999999998,-0.011202603204679473
0.17100000000000007,24.000999999999998,-0.011718945796895051
0.17100000000000007,24.500999999999998,-0.012240651304204223
0.17100000000000007,25.000999999999998,-0.012767715897817819
0.17100000000000007,25.500999999999998,-0.013300191898037354
0.17100000000000007,26.000999999999998,-0.013838183500118506
0.17100000000000007,26.500999999999998,-0.014381843405167676
0.17100000000000007,27.000999999999998,-0.014931370255744068
0.17100000000000007,27.500999999999998,-0.015487006797377249
0.17100000000000007,28.000999999999998,-0.016049038705872647
0.17100000000000007,28.500999999999998,-0.01661779403673548
0.17100000000000007,29.000999999999998,-0.01719364326796912
0.17100000000000007,29.500999999999998,-0.01777699992138452
0.17100000000000007,30.000999999999998,-0.01836832176093537
0.17100000000000007,30.500999999999998,-0.01896811257992527
0.17100000000000007,31.000999999999998,-0.01957692460270552
0.17100000000000007,31.500999999999998,-0.020195361541219394
0.17100000000000007,32.001,-0.020824082363017617
0.17100000000000007,32.501,-0.021463805845859083
0.17100000000000007,33.001,-0.02211531601550873
0.17100000000000007,33.501,-0.022779468588889688
0.17100000000000007,34.001,-0.023457198575581192
0.17100000000000007,34.501,-0.024149529228447743
0.17100000000000007,35.001,-0.02485758258107258
0.17100000000000007,35.501,-0.02558259186849339
0.17100000000000007,36.001,-0.026325916202328457
0.17100000000000007,36.501,-0.027089057966864595
0.17100000000000007,37.001,-0.027873683526164653
0.17100000000000007,37.501,-0.02868164799348219
0.17100000000000007,38.001,-0.029515025026993654
0.17100000000000007,38.501,-0.03037614289950389
0.17100000000000007,39.001,-0.03126762847231033
0.17100000000000007,39.501,-0.03219246122558837
0.17600000000000007,0.001,-0.6827449419977771
0.17600000000000007,0.501,-1.024081597149343
0.17600000000000007,1.001,-0.7927774837275494
0.17600000000000007,1.501,-0.41763647914034396
0.17600000000000007,2.001,-0.254963986782955
0.17600000000000007,2.501,-0.16878334117449928
0.17600000000000007,3.001,-0.11754817311029088
0.17600000000000007,3.501,-0.08472243474578284
0.17600000000000007,4.0009999999999994,-0.06256726821184258
0.17600000000000007,4.5009999999999994,-0.047037144876366704
0.17600000000000007,5.0009999999999994,-0.03583931354388828
0.17600000000000007,5.5009999999999994,-0.027591660628156732
0.17600000000000007,6.0009999999999994,-0.021419398187598387
0.17600000000000007,6.5009999999999994,-0.016746535856080685
0.17600000000000007,7.0009999999999994,-0.013181235586816328
0.17600000000000007,7.5009999999999994,-0.01044952309467903
0.17600000000000007,8.001,-0.008355308863574773
0.17600000000000007,8.501,-0.0067553974604853545
0.17600000000000007,9.001,-0.005543377185105475
0.17600000000000007,9.501,-0.004638952432438392
0.17600000000000007,10.001,-0.003980711909288732
0.17600000000000007,10.501,-0.0035211229886888545
0.17600000000000007,11.001,-0.003223002092270222
0.17600000000000007,11.501,-0.003056984138725377
0.17600000000000007,12.001,-0.0029996808757663668
0.17600000000000007,12.501,-0.0030323222431505176
0.17600000000000007,13.001,-0.003139741621817446
0.17600000000000007,13.501,-0.003309609330524252
0.17600000000000007,14.001,-0.0035318476236022925
0.17600000000000007,14.501,-0.0037981799506214206
0.17600000000000007,15.001,-0.004101780611062492
0.17600000000000007,15.501,-0.004437000233316751
0.17600000000000007,16.000999999999998,-0.00479914905418825
0.17600000000000007,16.500999999999998,-0.005184324641477261
0.17600000000000007,17.000999999999998,-0.005589274065720986
0.17600000000000007,17.500999999999998,-0.006011282976961937
0.17600000000000007,18.000999999999998,-0.0064480858442241325
0.17600000000000007,18.500999999999998,-0.006897792952766369
0.17600000000000007,19.000999999999998,-0.0073588307554508445
0.17600000000000007,19.500999999999998,-0.007829892930245282
0.17600000000000007,20.000999999999998,-0.008309900070649006
0.17600000000000007,20.500999999999998,-0.008797966376124997
0.17600000000000007,21.000999999999998,-0.009293372049288526
0.17600000000000007,21.500999999999998,-0.00979554037034383
0.17600000000000007,22.000999999999998,-0.01030401862537507
0.17600000000000007,22.500999999999998,-0.010818462227159577
0.17600000000000007,23.000999999999998,-0.011338621495384352
0.17600000000000007,23.500999999999998,-0.011864330665178745
0.17600000000000007,24.000999999999998,-0.012395498774602512
0.17600000000000007,24.500999999999998,-0.012932102147572282
0.17600000000000007,25.000999999999998,-0.013474178242170934
0.17600000000000007,25.500999999999998,-0.014021820677991617
0.17600000000000007,26.000999999999998,-0.01457517529223536
0.17600000000000007,26.500999999999998,-0.015134437104360722
0.17600000000000007,27.000999999999998,-0.015699848094478705
0.17600000000000007,27.500999999999998,-0.01627169572247814
0.17600000000000007,28.000999999999998,-0.016850312133929
0.17600000000000007,28.500999999999998,-0.017436074015873382
0.17600000000000007,29.000999999999998,-0.01802940308134067
0.17600000000000007,29.500999999999998,-0.018630767176368572
0.17600000000000007,30.000999999999998,-0.019240682018052596
0.17600000000000007,30.500999999999998,-0.019859713587194648
0.17600000000000007,31.000999999999998,-0.020488481215085508
0.17600000000000007,31.500999999999998,-0.021127661421437273
0.17600000000000007,32.001,-0.02177799258022548
0.17600000000000007,32.501,-0.022440280513080356
0.17600000000000007,33.001,-0.02311540513695389
0.17600000000000007,33.501,-0.023804328325455024
0.17600000000000007,34.001,-0.024508103183237887
0.17600000000000007,34.501,-0.025227884982452056
0.17600000000000007,35.001,-0.025964944072547628
0.17600000000000007,35.501,-0.02672068115376184
0.17600000000000007,36.001,-0.027496645405915454
0.17600000000000007,36.501,-0.028294556095314047
0.17600000000000007,37.001,-0.02911632845409559
0.17600000000000007,37.501,-0.029964104853070644
0.17600000000000007,38.001,-0.030840292591983495
0.17600000000000007,38.501,-0.03174761004044592
0.17600000000000007,39.001,-0.03268914342279825
0.17600000000000007,39.501,-0.03366841731655036
0.18100000000000008,0.001,-0.6970746782377447
0.18100000000000008,0.501,-1.0624289633437731
0.18100000000000008,1.001,-0.7856081108429444
0.18100000000000008,1.501,-0.4129804961251139
0.18100000000000008,2.001,-0.251627817697126
0.18100000000000008,2.501,-0.16626536329834912
0.18100000000000008,3.001,-0.1155885461916904
0.18100000000000008,3.501,-0.08316859165947699
0.18100000000000008,4.0009999999999994,-0.06132176768734422
0.18100000000000008,4.5009999999999994,-0.04603387058041679
0.18100000000000008,5.0009999999999994,-0.03503130728568768
0.18100000000000008,5.5009999999999994,-0.026944359101696985
0.18100000000000008,6.0009999999999994,-0.02090662210390039
0.18100000000000008,6.5009999999999994,-0.016347985455436143
0.18100000000000008,7.0009999999999994,-0.012880859493441865
0.18100000000000008,7.5009999999999994,-0.010234418044343621
0.18100000000000008,8.001,-0.008214955170171484
0.18100000000000008,8.501,-0.006681114084583828
0.18100000000000008,9.001,-0.005527924665935797
0.18100000000000008,9.501,-0.0046762379241130775
0.18100000000000008,10.001,-0.004065566303805834
0.18100000000000008,10.501,-0.003649129942625437
0.18100000000000008,11.001,-0.0033903650859365975
0.18100000000000008,11.501,-0.003260421846008138
0.18100000000000008,12.001,-0.003236343910064457
0.18100000000000008,12.501,-0.0032997262535791466
0.18100000000000008,13.001,-0.003435713044195987
0.18100000000000008,13.501,-0.003632241039832035
0.18100000000000008,14.001,-0.00387946241165249
0.18100000000000008,14.501,-0.004169300245850105
0.18100000000000008,15.001,-0.004495103221009475
0.18100000000000008,15.501,-0.004851375161655274
0.18100000000000008,16.000999999999998,-0.005233561648698745
0.18100000000000008,16.500999999999998,-0.005637880485129504
0.18100000000000008,17.000999999999998,-0.006061186142761341
0.18100000000000008,17.500999999999998,-0.006500860738759218
0.18100000000000008,18.000999999999998,-0.0069547258722497535
0.18100000000000008,18.500999999999998,-0.007420970973342933
0.18100000000000008,19.000999999999998,-0.00789809480639278
0.18100000000000008,19.500999999999998,-0.008384857515955371
0.18100000000000008,20.000999999999998,-0.008880241171626502
0.18100000000000008,20.500999999999998,-0.00938341720275522
0.18100000000000008,21.000999999999998,-0.009893719449395974
0.18100000000000008,21.500999999999998,-0.010410621816217831
0.18100000000000008,22.000999999999998,-0.010933719719538347
0.18100000000000008,22.500999999999998,-0.01146271467761346
0.18100000000000008,23.000999999999998,-0.011997401520872877
0.18100000000000008,23.500999999999998,-0.01253765779954804
0.18100000000000008,24.000999999999998,-0.013083435046869468
0.18100000000000008,24.500999999999998,-0.013634751621134839
0.18100000000000008,25.000999999999998,-0.014191686902885386
0.18100000000000008,25.500999999999998,-0.014754376666818704
0.18100000000000008,26.000999999999998,-0.015323009483986613
0.18100000000000008,26.500999999999998,-0.01589782403992502
0.18100000000000008,27.000999999999998,-0.0164791072799644
0.18100000000000008,27.500999999999998,-0.017067193315125937
0.18100000000000008,28.000999999999998,-0.01766246304164598
0.18100000000000008,28.500999999999998,-0.018265344445025082
0.18100000000000008,29.000999999999998,-0.018876313576276848
0.18100000000000008,29.500999999999998,-0.019495896204355413
0.18100000000000008,30.000999999999998,-0.02012467016521443
0.18100000000000008,30.500999999999998,-0.020763268445205745
0.18100000000000008,31.000999999999998,-0.021412383055265806
0.18100000000000008,31.500999999999998,-0.022072769773342542
0.18100000000000008,32.001,-0.022745253856726336
0.18100000000000008,32.501,-0.023430736854499867
0.18100000000000008,33.001,-0.024130204684679274
0.18100000000000008,33.501,-0.02484473718261923
0.18100000000000008,34.001,-0.025575519379336595
0.18100000000000008,34.501,-0.02632385483378376
0.18100000000000008,35.001,-0.027091181426088847
0.18100000000000008,35.501,-0.027879090125228174
0.18100000000000008,36.001,-0.028689347382563582
0.18100000000000008,36.501,-0.029523921983322536
0.18100000000000008,37.001,-0.03038501742716935
0.18100000000000008,37.501,-0.03127511122887935
0.18100000000000008,38.001,-0.03219700296312474
0.18100000000000008,38.501,-0.033153873470885706
0.18100000000000008,39.001,-0.03414935846942045
0.18100000000000008,39.501,-0.03518764096973706
0.18600000000000008,0.001,-0.7112663718497177
0.18600000000000008,0.501,-1.1023866507447595
0.18600000000000008,1.001,-0.7787004391194883
0.18600000000000008,1.501,-0.4085100251342133
0.18600000000000008,2.001,-0.24843657623126958
0.18600000000000008,2.501,-0.1638667709404632
0.18600000000000008,3.001,-0.11373059795218979
0.18600000000000008,3.501,-0.08170334829462045
0.18600000000000008,4.0009999999999994,-0.06015476259646507
0.18600000000000008,4.5009999999999994,-0.04510101985273984
0.18600000000000008,5.0009999999999994,-0.03428710716031557
0.18600000000000008,5.5009999999999994,-0.026355325640652377
0.18600000000000008,6.0009999999999994,-0.020447400934418186
0.18600000000000008,6.5009999999999994,-0.015998922758791355
0.18600000000000008,7.0009999999999994,-0.012626420124215398
0.18600000000000008,7.5009999999999994,-0.010062118562354117
0.18600000000000008,8.001,-0.008114622500893443
0.18600000000000008,8.501,-0.006644357157792324
0.18600000000000008,9.001,-0.005547749450885056
0.18600000000000008,9.501,-0.004746761479798988
0.18600000000000008,10.001,-0.00418180073191108
0.18600000000000008,10.501,-0.003806816669466709
0.18600000000000008,11.001,-0.003585846021596076
0.18600000000000008,11.501,-0.0034905379932641256
0.18600000000000008,12.001,-0.0034983546988101646
0.18600000000000008,12.501,-0.00359124472754771
0.18600000000000008,13.001,-0.003754653316940179
0.18600000000000008,13.501,-0.003976775350549092
0.18600000000000008,14.001,-0.004247985768015397
0.18600000000000008,14.501,-0.004560401119212756
0.18600000000000008,15.001,-0.004907539111996779
0.18600000000000008,15.501,-0.005284052117211967
0.18600000000000008,16.000999999999998,-0.005685517010014726
0.18600000000000008,16.500999999999998,-0.006108268296904987
0.18600000000000008,17.000999999999998,-0.006549264770398258
0.18600000000000008,17.500999999999998,-0.007005982330129834
0.18600000000000008,18.000999999999998,-0.007476327371136973
0.18600000000000008,18.500999999999998,-0.007958566447216795
0.18600000000000008,19.000999999999998,-0.008451268895340688
0.18600000000000008,19.500999999999998,-0.008953259844980275
0.18600000000000008,20.000999999999998,-0.009463581597101117
0.18600000000000008,20.500999999999998,-0.009981461787097537
0.18600000000000008,21.000999999999998,-0.010506287077148005
0.18600000000000008,21.500999999999998,-0.011037581380569941
0.18600000000000008,22.000999999999998,-0.01157498782163281
0.18600000000000008,22.500999999999998,-0.012118253792248526
0.18600000000000008,23.000999999999998,-0.012667218591940171
0.18600000000000008,23.500999999999998,-0.0132218032370456
0.18600000000000008,24.000999999999998,-0.013782002104925022
0.18600000000000008,24.500999999999998,-0.014347876143416621
0.18600000000000008,25.000999999999998,-0.014919547428275351
0.18600000000000008,25.500999999999998,-0.01549719489448833
0.18600000000000008,26.000999999999998,-0.01608105110323195
0.18600000000000008,26.500999999999998,-0.016671399936467518
0.18600000000000008,27.000999999999998,-0.017268575137105044
0.18600000000000008,27.500999999999998,-0.017872959635351876
0.18600000000000008,28.000999999999998,-0.018484985622267275
0.18600000000000008,28.500999999999998,-0.01910513535042481
0.18600000000000008,29.000999999999998,-0.019733942659711106
0.18600000000000008,29.500999999999998,-0.020371995244319714
0.18600000000000008,30.000999999999998,-0.021019937695680495
0.18600000000000008,30.500999999999998,-0.021678475376104178
0.18600000000000008,31.000999999999998,-0.022348379200211342
0.18600000000000008,31.500999999999998,-0.02303049142671268
0.18600000000000008,32.001,-0.023725732593050785
0.18600000000000008,32.501,-0.024435109761304183
0.18600000000000008,33.001,-0.025159726287559015
0.18600000000000008,33.501,-0.02590079338119599
0.18600000000000008,34.001,-0.026659643788597046
0.18600000000000008,34.501,-0.027437748022166128
0.18600000000000008,35.001,-0.028236733666406673
0.18600000000000008,35.501,-0.02905840843656058
0.18600000000000008,36.001,-0.02990478785369714
0.18600000000000008,36.501,-0.03077812864968628
0.18600000000000008,37.001,-0.031680969349765345
0.18600000000000008,37.501,-0.03261617993346001
0.18600000000000008,38.001,-0.03358702309647907
0.18600000000000008,38.501,-0.03459723050134602
0.18600000000000008,39.001,-0.035651098625938446
0.18600000000000008,39.501,-0.03675361057127621
0.1910000000000001,0.001,-0.7253237321485473
0.1910000000000001,0.501,-1.144209683680609
0.1910000000000001,1.001,-0.7720411377697498
0.1910000000000001,1.501,-0.404215573044329
0.1910000000000001,2.001,-0.24538280640040072
0.1910000000000001,2.501,-0.16158138513381468
0.1910000000000001,3.001,-0.11196903087709459
0.1910000000000001,3.501,-0.08032205524489769
0.1910000000000001,4.0009999999999994,-0.0590621019087709
0.1910000000000001,4.5009999999999994,-0.04423483795834217
0.1910000000000001,5.0009999999999994,-0.033603281875905194
0.1910000000000001,5.5009999999999994,-0.02582139850721743
0.1910000000000001,6.0009999999999994,-0.020038801468226786
0.1910000000000001,6.5009999999999994,-0.015696611098322544
0.1910000000000001,7.0009999999999994,-0.012415351921518755
0.1910000000000001,7.5009999999999994,-0.009930209634261528
0.1910000000000001,8.001,-0.008052029509893852
0.1910000000000001,8.501,-0.006642964982644068
0.1910000000000001,9.001,-0.005600797713036586
0.1910000000000001,9.501,-0.004848567152198396
0.1910000000000001,10.001,-0.004327548577080745
0.1910000000000001,10.501,-0.003992398511722214
0.1910000000000001,11.001,-0.003807735799798928
0.1910000000000001,11.501,-0.003745693446188107
0.1910000000000001,12.001,-0.00378413915847434
0.1910000000000001,12.501,-0.0039053642922507875
0.1910000000000001,13.001,-0.004095105927680559
0.1910000000000001,13.501,-0.004341809181101247
0.1910000000000001,14.001,-0.004636064976032417
0.1910000000000001,14.501,-0.0049701774697449574
0.1910000000000001,15.001,-0.00533782832699993
0.1910000000000001,15.501,-0.005733814059876358
0.1910000000000001,16.000999999999998,-0.006153839005204775
0.1910000000000001,16.500999999999998,-0.006594351035583548
0.1910000000000001,17.000999999999998,-0.007052410358595024
0.1910000000000001,17.500999999999998,-0.007525584130434193
0.1910000000000001,18.000999999999998,-0.008011861353092953
0.1910000000000001,18.500999999999998,-0.008509583816946213
0.1910000000000001,19.000999999999998,-0.009017389817637687
0.1910000000000001,19.500999999999998,-0.009534168105522697
0.1910000000000001,20.000999999999998,-0.010059020080236788
0.1910000000000001,20.500999999999998,-0.010591228667350953
0.1910000000000001,21.000999999999998,-0.01113023264125415
0.1910000000000001,21.500999999999998,-0.011675605412372031
0.1910000000000001,22.000999999999998,-0.012227037495246049
0.1910000000000001,22.500999999999998,-0.012784322030028269
0.1910000000000001,23.000999999999998,-0.013347342853455395
0.1910000000000001,23.500999999999998,-0.0139160647137797
0.1910000000000001,24.000999999999998,-0.014490525303119589
0.1910000000000001,24.500999999999998,-0.015070828844588977
0.1910000000000001,25.000999999999998,-0.015657141023707036
0.1910000000000001,25.500999999999998,-0.01624968509660375
0.1910000000000001,26.000999999999998,-0.01684873904347676
0.1910000000000001,26.500999999999998,-0.017454633666248283
0.1910000000000001,27.000999999999998,-0.01806775155579094
0.1910000000000001,27.500999999999998,-0.018688526877498852
0.1910000000000001,28.000999999999998,-0.019317445945381435
0.1910000000000001,28.500999999999998,-0.019955048575060565
0.1910000000000001,29.000999999999998,-0.02060193022587499
0.1910000000000001,29.500999999999998,-0.021258744962526298
0.1910000000000001,30.000999999999998,-0.021926209288144878
0.1910000000000001,30.500999999999998,-0.022605106924247283
0.1910000000000001,31.000999999999998,-0.023296294639823967
0.1910000000000001,31.500999999999998,-0.0240007092630478
0.1910000000000001,32.001,-0.024719376046386382
0.1910000000000001,32.501,-0.025453418601271174
0.1910000000000001,33.001,-0.026204070674584745
0.1910000000000001,33.501,-0.026972690109517986
0.1910000000000001,34.001,-0.027760775422559836
0.1910000000000001,34.501,-0.028569985542828677
0.1910000000000001,35.001,-0.02940216340841744
0.1910000000000001,35.501,-0.030259364309061697
0.1910000000000001,36.001,-0.031143890122423686
0.1910000000000001,36.501,-0.032058330937103384
0.1910000000000001,37.001,-0.033005616024619336
0.1910000000000001,37.501,-0.033989076767106066
0.1910000000000001,38.001,-0.035012525045118426
0.1910000000000001,38.501,-0.03608035185869152
0.1910000000000001,39.001,-0.03719765277726909
0.1910000000000001,39.501,-0.03837038947848265
0.1960000000000001,0.001,-0.7392502741173919
0.1960000000000001,0.501,-1.1882216040710643
0.1960000000000001,1.001,-0.7656178822246036
0.1960000000000001,1.501,-0.40008836419441657
0.1960000000000001,2.001,-0.24245961643318092
0.1960000000000001,2.501,-0.15940349507706508
0.1960000000000001,3.001,-0.11029894934226447
0.1960000000000001,3.501,-0.07902041628978014
0.1960000000000001,4.0009999999999994,-0.05803995035647813
0.1960000000000001,4.5009999999999994,-0.04343185619926572
0.1960000000000001,5.0009999999999994,-0.03297666195094437
0.1960000000000001,5.5009999999999994,-0.025339657619452532
0.1960000000000001,6.0009999999999994,-0.019678115099975593
0.1960000000000001,6.5009999999999994,-0.01543852378477693
0.1960000000000001,7.0009999999999994,-0.012245286609074812
0.1960000000000001,7.5009999999999994,-0.009836462392687463
0.1960000000000001,8.001,-0.008025071148506702
0.1960000000000001,8.501,-0.006674943377819903
0.1960000000000001,9.001,-0.00568517525996845
0.1960000000000001,9.501,-0.004979851511068015
0.1960000000000001,10.001,-0.004501089277438017
0.1960000000000001,10.501,-0.0042042309700009994
0.1960000000000001,11.001,-0.004054460074924909
0.1960000000000001,11.501,-0.004024378851063153
0.1960000000000001,12.001,-0.004092248392497735
0.1960000000000001,12.501,-0.0042406925043929344
0.1960000000000001,13.001,-0.004455731335277116
0.1960000000000001,13.501,-0.004726052730390541
0.1960000000000001,14.001,-0.005042457149057392
0.1960000000000001,14.501,-0.005397430792779601
0.1960000000000001,15.001,-0.005784814467898136
0.1960000000000001,15.501,-0.006199544649581848
0.1960000000000001,16.000999999999998,-0.006637449505534951
0.1960000000000001,16.500999999999998,-0.007095087117735467
0.1960000000000001,17.000999999999998,-0.00756961636625797
0.1960000000000001,17.500999999999998,-0.008058693286304083
0.1960000000000001,18.000999999999998,-0.008560387434026876
0.1960000000000001,18.500999999999998,-0.00907311407543794
0.1960000000000001,19.000999999999998,-0.009595578969022599
0.1960000000000001,19.500999999999998,-0.010126733233800568
0.1960000000000001,20.000999999999998,-0.010665736342504666
0.1960000000000001,20.500999999999998,-0.011211925698964703
0.1960000000000001,21.000999999999998,-0.011764791582106832
0.1960000000000001,21.500999999999998,-0.012323956489897557
0.1960000000000001,22.000999999999998,-0.0128891581126347
0.1960000000000001,22.500999999999998,-0.013460235319176068
0.1960000000000001,23.000999999999998,-0.014037116661806098
0.1960000000000001,23.500999999999998,-0.014619811002806196
0.1960000000000001,24.000999999999998,-0.015208399944032162
0.1960000000000001,24.500999999999998,-0.01580303180420279
0.1960000000000001,25.000999999999998,-0.01640391694050189
0.1960000000000001,25.500999999999998,-0.017011324254075755
0.1960000000000001,26.000999999999998,-0.017625578755135117
0.1960000000000001,26.500999999999998,-0.018247060094293235
0.1960000000000001,27.000999999999998,-0.018876201993847833
0.1960000000000001,27.500999999999998,-0.01951349253708584
0.1960000000000001,28.000999999999998,-0.020159475296351984
0.1960000000000001,28.500999999999998,-0.020814751302508278
0.1960000000000001,29.000999999999998,-0.021479981880374595
0.1960000000000001,29.500999999999998,-0.02215589239772413
0.1960000000000001,30.000999999999998,-0.022843277000346135
0.1960000000000001,30.500999999999998,-0.023543004433749595
0.1960000000000001,31.000999999999998,-0.024256025084549694
0.1960000000000001,31.500999999999998,-0.024983379413148224
0.1960000000000001,32.001,-0.025726207996052013
0.1960000000000001,32.501,-0.026485763453799
0.1960000000000001,33.001,-0.02726342461257661
0.1960000000000001,33.501,-0.028060713339012507
0.1960000000000001,34.001,-0.02887931460484091
0.1960000000000001,34.501,-0.029721100490172826
0.1960000000000001,35.001,-0.03058815903342618
0.1960000000000001,35.501,-0.031482829100233
0.1960000000000001,36.001,-0.032407742798013256
0.1960000000000001,36.501,-0.03336587744384429
0.1960000000000001,37.001,-0.034360619754370735
0.1960000000000001,37.501,-0.03539584584782489
0.1960000000000001,38.001,-0.036476021951392795
0.1960000000000001,38.501,-0.03760633258047246
0.1960000000000001,39.001,-0.038792845697453074
0.1960000000000001,39.501,-0.04004272844763275
0.2010000000000001,0.001,-0.7530493332900199
0.2010000000000001,0.501,-1.2348435052332065
0.2010000000000001,1.001,-0.7594192549631101
0.2010000000000001,1.501,-0.39612026963018143
0.2010000000000001,2.001,-0.23966062309399433
0.2010000000000001,2.501,-0.15732781190624967
0.2010000000000001,3.001,-0.10871581990661515
0.2010000000000001,3.501,-0.07779445347965319
0.2010000000000001,4.0009999999999994,-0.057084757202653824
0.2010000000000001,4.5009999999999994,-0.042688863608841776
0.2010000000000001,5.0009999999999994,-0.032404313793780316
0.2010000000000001,5.5009999999999994,-0.02490740061552882
0.2010000000000001,6.0009999999999994,-0.019362835573526277
0.2010000000000001,6.5009999999999994,-0.01522232329208259
0.2010000000000001,7.0009999999999994,-0.012114033627609037
0.2010000000000001,7.5009999999999994,-0.00977881565014942
0.2010000000000001,8.001,-0.008031801168718211
0.2010000000000001,8.501,-0.006738449046906375
0.2010000000000001,9.001,-0.005799131679084087
0.2010000000000001,9.501,-0.005138948489679732
0.2010000000000001,10.001,-0.004700833808624794
0.2010000000000001,10.501,-0.004440795766329289
0.2010000000000001,11.001,-0.004324565850222062
0.2010000000000001,11.501,-0.004325201718815876
0.2010000000000001,12.001,-0.0044213462267209715
0.2010000000000001,12.501,-0.004595945803648249
0.2010000000000001,13.001,-0.004835295311618561
0.2010000000000001,13.501,-0.005128318181384192
0.2010000000000001,14.001,-0.005466018272004755
0.2010000000000001,14.501,-0.0058410585379844865
0.2010000000000001,15.001,-0.006247434350595833
0.2010000000000001,15.501,-0.006680218180922561
0.2010000000000001,16.000999999999998,-0.007135358584590898
0.2010000000000001,16.500999999999998,-0.007609520864784475
0.2010000000000001,17.000999999999998,-0.00809995998395388
0.2010000000000001,17.500999999999998,-0.008604418617860755
0.2010000000000001,18.000999999999998,-0.009121044952153198
0.2010000000000001,18.500999999999998,-0.009648326086757239
0.2010000000000001,19.000999999999998,-0.010185033859328188
0.2010000000000001,19.500999999999998,-0.010730180612113492
0.2010000000000001,20.000999999999998,-0.011282982968331134
0.2010000000000001,20.500999999999998,-0.011842832098785505
0.2010000000000001,21.000999999999998,-0.012409269279012612
0.2010000000000001,21.500999999999998,-0.012981965785266954
0.2010000000000001,22.000999999999998,-0.013560706371460507
0.2010000000000001,22.500999999999998,-0.014145375721623138
0.2010000000000001,23.000999999999998,-0.014735947393246178
0.2010000000000001,23.500999999999998,-0.015332474863268448
0.2010000000000001,24.000999999999998,-0.015935084366052815
0.2010000000000001,24.500999999999998,-0.016543969275701613
0.2010000000000001,25.000999999999998,-0.01715938583681951
0.2010000000000001,25.500999999999998,-0.01778165009090741
0.2010000000000001,26.000999999999998,-0.018411135882036363
0.2010000000000001,26.500999999999998,-0.019048273856974645
0.2010000000000001,27.000999999999998,-0.019693551402905633
0.2010000000000001,27.500999999999998,-0.020347513491460793
0.2010000000000001,28.000999999999998,-0.021010764422077423
0.2010000000000001,28.500999999999998,-0.021683970481665968
0.2010000000000001,29.000999999999998,-0.022367863562233456
0.2010000000000001,29.500999999999998,-0.023063245804524332
0.2010000000000001,30.000999999999998,-0.02377099536508975
0.2010000000000001,30.500999999999998,-0.024492073437868557
0.2010000000000001,31.000999999999998,-0.02522753270106987
0.2010000000000001,31.500999999999998,-0.02597852740804546
0.2010000000000001,32.001,-0.026746325399680797
0.2010000000000001,32.501,-0.027532322389318215
0.2010000000000001,33.001,-0.02833805896420674
0.2010000000000001,33.501,-0.02916524086662666
0.2010000000000001,34.001,-0.030015763272269354
0.2010000000000001,34.501,-0.030891739985889417
0.2010000000000001,35.001,-0.031795538742583576
0.2010000000000001,35.501,-0.032729824162900725
0.2010000000000001,36.001,-0.033697610398401565
0.2010000000000001,36.501,-0.03470232617576756
0.2010000000000001,37.001,-0.03574789588353301
0.2010000000000001,37.501,-0.036838841669694415
0.2010000000000001,38.001,-0.037980413422505084
0.2010000000000001,38.501,-0.0391787562936792
0.2010000000000001,39.001,-0.04044112958304539
0.2010000000000001,39.501,-0.04177619714911808
0.2060000000000001,0.001,-0.7667240791512704
0.2060000000000001,0.501,-1.2846409644491161
0.2060000000000001,1.001,-0.7534346583051553
0.2060000000000001,1.501,-0.3923037448869666
0.2060000000000001,2.001,-0.23697990272676214
0.2060000000000001,2.501,-0.15534942804972118
0.2060000000000001,3.001,-0.10721543640229741
0.2060000000000001,3.501,-0.07664047644123675
0.2060000000000001,4.0009999999999994,-0.0561932287859859
0.2060000000000001,4.5009999999999994,-0.042002882069972505
0.2060000000000001,5.0009999999999994,-0.0318835169187448
0.2060000000000001,5.5009999999999994,-0.024522121815419393
0.2060000000000001,6.0009999999999994,-0.01909063942063437
0.2060000000000001,6.5009999999999994,-0.015045842963309158
0.2060000000000001,7.0009999999999994,-0.012019562941030598
0.2060000000000001,7.5009999999999994,-0.009755359670105074
0.2060000000000001,8.001,-0.008070416747778378
0.2060000000000001,8.501,-0.006831774963900028
0.2060000000000001,9.001,-0.005941046405973636
0.2060000000000001,9.501,-0.005324316069673832
0.2060000000000001,10.001,-0.004925311928215312
0.2060000000000001,10.501,-0.004700688598899903
0.2060000000000001,11.001,-0.004616709700028802
0.2060000000000001,11.501,-0.004646875077152647
0.2060000000000001,12.001,-0.004770198258333011
0.2060000000000001,12.501,-0.004969938929090978
0.2060000000000001,13.001,-0.0052326586994301955
0.2060000000000001,13.501,-0.0055475097769616954
0.2060000000000001,14.001,-0.005905693574289279
0.2060000000000001,14.501,-0.006300044760531812
0.2060000000000001,15.001,-0.006724708917373139
0.2060000000000001,15.501,-0.0071748907412397395
0.2060000000000001,16.000999999999998,-0.007646655908070676
0.2060000000000001,16.500999999999998,-0.008136774111737917
0.2060000000000001,17.000999999999998,-0.0086425939499267
0.2060000000000001,17.500999999999998,-0.009161942631388434
0.2060000000000001,18.000999999999998,-0.009693045167604344
0.2060000000000001,18.500999999999998,-0.010234458963798036
0.2060000000000001,19.000999999999998,-0.010785020660095623
0.2060000000000001,19.500999999999998,-0.011343802778995438
0.2060000000000001,20.000999999999998,-0.011910078271061109
0.2060000000000001,20.500999999999998,-0.01248329146073153
0.2060000000000001,21.000999999999998,-0.013063034210094181
0.2060000000000001,21.500999999999998,-0.013649026363697268
0.2060000000000001,22.000999999999998,-0.014241099729105422
0.2060000000000001,22.500999999999998,-0.014839184998726884
0.2060000000000001,23.000999999999998,-0.0154433011379984
0.2060000000000001,23.500999999999998,-0.016053546860555913
0.2060000000000001,24.000999999999998,-0.016670093888030237
0.2060000000000001,24.500999999999998,-0.017293181754845594
0.2060000000000001,25.000999999999998,-0.017923113970122213
0.2060000000000001,25.500999999999998,-0.018560255392111237
0.2060000000000001,26.000999999999998,-0.019205030707569817
0.2060000000000001,26.500999999999998,-0.019857923940813614
0.2060000000000001,27.000999999999998,-0.020519478946303765
0.2060000000000001,27.500999999999998,-0.021190300865756843
0.2060000000000001,28.000999999999998,-0.02187105855707571
0.2060000000000001,28.500999999999998,-0.02256248802899119
0.2060000000000001,29.000999999999998,-0.02326539694332631
0.2060000000000001,29.500999999999998,-0.023980670277508304
0.2060000000000001,30.000999999999998,-0.02470927727481608
0.2060000000000001,30.500999999999998,-0.025452279850608044
0.2060000000000001,31.000999999999998,-0.026210842671647167
0.2060000000000001,31.500999999999998,-0.026986245185419575
0.2060000000000001,32.001,-0.027779895950762787
0.2060000000000001,32.501,-0.028593349715097128
0.2060000000000001,33.001,-0.02942832780381273
0.2060000000000001,33.501,-0.030286742543065223
0.2060000000000001,34.001,-0.031170726641214567
0.2060000000000001,34.501,-0.03208266872437869
0.2060000000000001,35.001,-0.033025256583851775
0.2060000000000001,35.501,-0.03400153018470557
0.2060000000000001,36.001,-0.03501494716056433
0.2060000000000001,36.501,-0.036069464461139567
0.2060000000000001,37.001,-0.03716964115100008
0.2060000000000001,37.501,-0.03832076927278072
0.2060000000000001,38.001,-0.03952904248996951
0.2060000000000001,38.501,-0.04080177640567758
0.2060000000000001,39.001,-0.04214770083026996
0.2060000000000001,39.501,-0.04357735423336991
0.2110000000000001,0.001,-0.7802775272356427
0.2110000000000001,0.501,-1.338404517744041
0.2110000000000001,1.001,-0.7476542374720745
0.2110000000000001,1.501,-0.3886317751010957
0.2110000000000001,2.001,-0.23441194806768184
0.2110000000000001,2.501,-0.15346378137470862
0.2110000000000001,3.001,-0.10579388914209079
0.2110000000000001,3.501,-0.07555505530454812
0.2110000000000001,4.0009999999999994,-0.055362304306165455
0.2110000000000001,4.5009999999999994,-0.04137114437137651
0.2110000000000001,5.0009999999999994,-0.03141174385351306
0.2110000000000001,5.5009999999999994,-0.02418149366850811
0.2110000000000001,6.0009999999999994,-0.018859368711795305
0.2110000000000001,6.5009999999999994,-0.014907070879684792
0.2110000000000001,7.0009999999999994,-0.011959989876194219
0.2110000000000001,7.5009999999999994,-0.009764321858002106
0.2110000000000001,8.001,-0.008139244932320683
0.2110000000000001,8.501,-0.006953337488608435
0.2110000000000001,9.001,-0.006109416442224139
0.2110000000000001,9.501,-0.005534524542709543
0.2110000000000001,10.001,-0.005173160930964149
0.2110000000000001,10.501,-0.004982608347476089
0.2110000000000001,11.001,-0.004929647387509487
0.2110000000000001,11.501,-0.0049882074674836505
0.2110000000000001,12.001,-0.005137662202775686
0.2110000000000001,12.501,-0.005361575590209687
0.2110000000000001,13.001,-0.005646768384367062
0.2110000000000001,13.501,-0.005982615072508302
0.2110000000000001,14.001,-0.0063605090444535176
0.2110000000000001,14.501,-0.0067734518811257
0.2110000000000001,15.001,-0.007215735227300957
0.2110000000000001,15.501,-0.007682692417821782
0.2110000000000001,16.000999999999998,-0.008170503145425896
0.2110000000000001,16.500999999999998,-0.008676038812033895
0.2110000000000001,17.000999999999998,-0.009196739337923364
0.2110000000000001,17.500999999999998,-0.009730514480805273
0.2110000000000001,18.000999999999998,-0.010275664389034649
0.2110000000000001,18.500999999999998,-0.010830815352253415
0.2110000000000001,19.000999999999998,-0.01139486763883582
0.2110000000000001,19.500999999999998,-0.011966953007338195
0.2110000000000001,20.000999999999998,-0.012546400009116568
0.2110000000000001,20.500999999999998,-0.013132705604746659
0.2110000000000001,21.000999999999998,-0.01372551192936429
0.2110000000000001,21.500999999999998,-0.014324587284583863
0.2110000000000001,22.000999999999998,-0.014929810624224119
0.2110000000000001,22.500999999999998,-0.01554115895034628
0.2110000000000001,23.000999999999998,-0.01615869715454151
0.2110000000000001,23.500999999999998,-0.016782569934177052
0.2110000000000001,24.000999999999998,-0.017412995489874225
0.2110000000000001,24.500999999999998,-0.018050260773064188
0.2110000000000001,25.000999999999998,-0.018694718104320766
0.2110000000000001,25.500999999999998,-0.019346783026904103
0.2110000000000001,26.000999999999998,-0.02000693329764615
0.2110000000000001,26.500999999999998,-0.020675708950703864
0.2110000000000001,27.000999999999998,-0.021353713400284698
0.2110000000000001,27.500999999999998,-0.022041615577517843
0.2110000000000001,28.000999999999998,-0.022740153125477402
0.2110000000000001,28.500999999999998,-0.02345013670621114
0.2110000000000001,29.000999999999998,-0.024172455505818542
0.2110000000000001,29.500999999999998,-0.02490808405970793
0.2110000000000001,30.000999999999998,-0.025658090561922656
0.2110000000000001,30.500999999999998,-0.026423646872112235
0.2110000000000001,31.000999999999998,-0.027206040494191577
0.2110000000000001,31.500999999999998,-0.028006688875692576
0.2110000000000001,32.001,-0.02882715647122422
0.2110000000000001,32.501,-0.029669175134030584
0.2110000000000001,33.001,-0.030534668555529693
0.2110000000000001,33.501,-0.03142578167671593
0.2110000000000001,34.001,-0.0323449162653643
0.2110000000000001,34.501,-0.03329477421473126
0.2110000000000001,35.001,-0.03427841061002014
0.2110000000000001,35.501,-0.03529929928275111
0.2110000000000001,36.001,-0.03636141451173411
0.2110000000000001,36.501,-0.03746933385607381
0.2110000000000001,37.001,-0.03862836901172483
0.2110000000000001,37.501,-0.0398447343704015
0.2110000000000001,38.001,-0.04112576711579709
0.2110000000000001,38.501,-0.04248021902475301
0.2110000000000001,39.001,-0.043918650025615416
0.2110000000000001,39.501,-0.04545396941867424
0.2160000000000001,0.001,-0.7937125500783799
0.2160000000000001,0.501,-1.3972985802177702
0.2160000000000001,1.001,-0.7420688124944829
0.2160000000000001,1.501,-0.3850978264354003
0.2160000000000001,2.001,-0.23195163002825853
0.2160000000000001,2.501,-0.1516666234619436
0.2160000000000001,3.001,-0.10444753767368553
0.2160000000000001,3.501,-0.07453499674960579
0.2160000000000001,4.0009999999999994,-0.05458913440073795
0.2160000000000001,4.5009999999999994,-0.04079107479448725
0.2160000000000001,5.0009999999999994,-0.03098664236449808
0.2160000000000001,5.5009999999999994,-0.023883350342288417
0.2160000000000001,6.0009999999999994,-0.018667015798443654
0.2160000000000001,6.5009999999999994,-0.014804135592471346
0.2160000000000001,7.0009999999999994,-0.011933561713940118
0.2160000000000001,7.5009999999999994,-0.009804054105733734
0.2160000000000001,8.001,-0.008236730649284901
0.2160000000000001,8.501,-0.007101664971634135
0.2160000000000001,9.001,-0.006302845493487003
0.2160000000000001,9.501,-0.005768246129774363
0.2160000000000001,10.001,-0.005443115704873561
0.2160000000000001,10.501,-0.0052853475277648
0.2160000000000001,11.001,-0.005262224683851131
0.2160000000000001,11.501,-0.005348094099607001
0.2160000000000001,12.001,-0.005522679358067176
0.2160000000000001,12.501,-0.005769840217973152
0.2160000000000001,13.001,-0.006076649312455225
0.2160000000000001,13.501,-0.006432697201519469
0.2160000000000001,14.001,-0.006829563927606086
0.2160000000000001,14.501,-0.0072604134005841425
0.2160000000000001,15.001,-0.007719679374693061
0.2160000000000001,15.501,-0.008202820408219388
0.2160000000000001,16.000999999999998,-0.008706127261141033
0.2160000000000001,16.500999999999998,-0.009226570499888969
0.2160000000000001,17.000999999999998,-0.009761679181598051
0.2160000000000001,17.500999999999998,-0.010309443745921389
0.2160000000000001,18.000999999999998,-0.010868237898257735
0.2160000000000001,18.500999999999998,-0.01143675549483493
0.2160000000000001,19.000999999999998,-0.012013959356652198
0.2160000000000001,19.500999999999998,-0.012599039629825365
0.2160000000000001,20.000999999999998,-0.013191379834207102
0.2160000000000001,20.500999999999998,-0.013790529143289584
0.2160000000000001,21.000999999999998,-0.01439617974752666
0.2160000000000001,21.500999999999998,-0.015008148393180584
0.2160000000000001,22.000999999999998,-0.015626361376417125
0.2160000000000001,22.500999999999998,-0.01625084242020487
0.2160000000000001,23.000999999999998,-0.016881702978979056
0.2160000000000001,23.500999999999998,-0.017519134610150117
0.2160000000000001,24.000999999999998,-0.018163403127767215
0.2160000000000001,24.500999999999998,-0.018814844316198467
0.2160000000000001,25.000999999999998,-0.019473861033834736
0.2160000000000001,25.500999999999998,-0.02014092158116111
0.2160000000000001,26.000999999999998,-0.02081655924619387
0.2160000000000001,26.500999999999998,-0.021501372975045337
0.2160000000000001,27.000999999999998,-0.022196029147775912
0.2160000000000001,27.500999999999998,-0.022901264471185817
0.2160000000000001,28.000999999999998,-0.02361789003215083
0.2160000000000001,28.500999999999998,-0.02434679658897683
0.2160000000000001,29.000999999999998,-0.025088961215632886
0.2160000000000001,29.500999999999998,-0.025845455456480242
0.2160000000000001,30.000999999999998,-0.026617455199520752
0.2160000000000001,30.500999999999998,-0.02740625253711093
0.2160000000000001,31.000999999999998,-0.02821326995825135
0.2160000000000001,31.500999999999998,-0.02904007731089788
0.2160000000000001,32.001,-0.029888412092888728
0.2160000000000001,32.501,-0.030760203785163767
0.2160000000000001,33.001,-0.03165760314354975
0.2160000000000001,33.501,-0.03258301763329526
0.2160000000000001,34.001,-0.03353915454901638
0.2160000000000001,34.501,-0.03452907384838154
0.2160000000000001,35.001,-0.03555625339435424
0.2160000000000001,35.501,-0.03662467022818242
0.2160000000000001,36.001,-0.03773890280492766
0.2160000000000001,36.501,-0.038904261002741074
0.2160000000000001,37.001,-0.04012695346214459
0.2160000000000001,37.501,-0.04141430589943505
0.2160000000000001,38.001,-0.0427750502579963
0.2160000000000001,38.501,-0.044219714253887196
0.2160000000000001,39.001,-0.04576115638855362
0.2160000000000001,39.501,-0.047415317109394804
0.2210000000000001,0.001,-0.8070318871519251
0.2210000000000001,0.501,-1.4631669081896355
0.2210000000000001,1.001,-0.7366698177712798
0.2210000000000001,1.501,-0.38169580296508726
0.2210000000000001,2.001,-0.2295941637762887
0.2210000000000001,2.501,-0.14995399144977029
0.2210000000000001,3.001,-0.10317298660077634
0.2210000000000001,3.501,-0.07357732275047124
0.2210000000000001,4.0009999999999994,-0.05387106213535306
0.2210000000000001,4.5009999999999994,-0.04026027188816764
0.2210000000000001,5.0009999999999994,-0.03060601968614196
0.2210000000000001,5.5009999999999994,-0.02362567316192049
0.2210000000000001,6.0009999999999994,-0.018511709776506083
0.2210000000000001,6.5009999999999994,-0.01473529346505124
0.2210000000000001,7.0009999999999994,-0.011938645793844321
0.2210000000000001,7.5009999999999994,-0.009873021565155429
0.2210000000000001,8.001,-0.008361426070995631
0.2210000000000001,8.501,-0.007275387646723086
0.2210000000000001,9.001,-0.0065200343349693934
0.2210000000000001,9.501,-0.006024245773770198
0.2210000000000001,10.001,-0.0057339999113898005
0.2210000000000001,10.501,-0.005607783825075839
0.2210000000000001,11.001,-0.005613369225662121
0.2210000000000001,11.501,-0.005725509006809584
0.2210000000000001,12.001,-0.005924267034660799
0.2210000000000001,12.501,-0.006193790649132114
0.2210000000000001,13.001,-0.0065213974107542205
0.2210000000000001,13.501,-0.006896888016485955
0.2210000000000001,14.001,-0.007312024072047424
0.2210000000000001,14.501,-0.007760127439174674
0.2210000000000001,15.001,-0.008235770209402703
0.2210000000000001,15.501,-0.008734532910869376
0.2210000000000001,16.000999999999998,-0.009252814566051093
0.2210000000000001,16.500999999999998,-0.009787682493559303
0.2210000000000001,17.000999999999998,-0.010336752821767076
0.2210000000000001,17.500999999999998,-0.010898094916457962
0.2210000000000001,18.000999999999998,-0.01147015456446332
0.2210000000000001,18.500999999999998,-0.01205169196972232
0.2210000000000001,19.000999999999998,-0.01264173152553199
0.2210000000000001,19.500999999999998,-0.013239521010205191
0.2210000000000001,20.000999999999998,-0.013844498372237765
0.2210000000000001,20.500999999999998,-0.014456264668031737
0.2210000000000001,21.000999999999998,-0.015074562021119203
0.2210000000000001,21.500999999999998,-0.01569925570935149
0.2210000000000001,22.000999999999998,-0.016330319672289532
0.2210000000000001,22.500999999999998,-0.016967824877521957
0.2210000000000001,23.000999999999998,-0.017611930101140705
0.2210000000000001,23.500999999999998,-0.01826287477117365
0.2210000000000001,24.000999999999998,-0.01892097359881698
0.2210000000000001,24.500999999999998,-0.019586612785003437
0.2210000000000001,25.000999999999998,-0.020260247642451754
0.2210000000000001,25.500999999999998,-0.020942401518524487
0.2210000000000001,26.000999999999998,-0.021633665944116066
0.2210000000000001,26.500999999999998,-0.022334701970263188
0.2210000000000001,27.000999999999998,-0.023046242688854045
0.2210000000000001,27.500999999999998,-0.023769096968282173
0.2210000000000001,28.000999999999998,-0.024504154470695226
0.2210000000000001,28.500999999999998,-0.02525239205634612
0.2210000000000001,29.000999999999998,-0.026014881724351048
0.2210000000000001,29.500999999999998,-0.026792800290241205
0.2210000000000001,30.000999999999998,-0.027587441061913826
0.2210000000000001,30.500999999999998,-0.02840022785065459
0.2210000000000001,31.000999999999998,-0.02923273174771527
0.2210000000000001,31.500999999999998,-0.030086691216011003
0.2210000000000001,32.001,-0.030964036199828127
0.2210000000000001,32.501,-0.031866917155368525
0.2210000000000001,33.001,-0.03279774016889765
0.2210000000000001,33.501,-0.03375920968196494
0.2210000000000001,34.001,-0.034754380820345813
0.2210000000000001,34.501,-0.035786723977380905
0.2210000000000001,35.001,-0.0368602052111907
0.2210000000000001,35.501,-0.037979387296854024
0.2210000000000001,36.001,-0.03914955811114479
0.2210000000000001,36.501,-0.04037689570544857
0.2210000000000001,37.001,-0.041668683403460964
0.2210000000000001,37.501,-0.043033594305370716
0.2210000000000001,38.001,-0.04448207398003605
0.2210000000000001,38.501,-0.046026865137126845
0.2210000000000001,39.001,-0.047683742774086164
0.2210000000000001,39.501,-0.04947257036815557
0.22600000000000012,0.001,-0.820238153902631
0.22600000000000012,0.501,-1.5392592699320238
0.22600000000000012,1.001,-0.7314492482684378
0.22600000000000012,1.501,-0.37842000830199624
0.22600000000000012,2.001,-0.22733507854636834
0.22600000000000012,2.501,-0.14832218297551794
0.22600000000000012,3.001,-0.10196706406509679
0.22600000000000012,3.501,-0.07267925165956388
0.22600000000000012,4.0009999999999994,-0.05320560608783839
0.22600000000000012,4.5009999999999994,-0.03977649314144299
0.22600000000000012,5.0009999999999994,-0.030267828488610385
0.22600000000000012,5.5009999999999994,-0.02340657765536558
0.22600000000000012,6.0009999999999994,-0.018391704443114693
0.22600000000000012,6.5009999999999994,-0.014698917411720108
0.22600000000000012,7.0009999999999994,-0.01197371893190885
0.22600000000000012,7.5009999999999994,-0.00996979266107284
0.22600000000000012,8.001,-0.008511981154706893
0.22600000000000012,8.501,-0.0074732286396205355
0.22600000000000012,9.001,-0.006759772241390988
0.22600000000000012,9.501,-0.006301372949589379
0.22600000000000012,10.001,-0.0060447181404282985
0.22600000000000012,10.501,-0.005948872563904764
0.22600000000000012,11.001,-0.005982083272651567
0.22600000000000012,11.501,-0.006119498068459142
0.22600000000000012,12.001,-0.006341511822532647
0.22600000000000012,12.501,-0.006632551619721511
0.22600000000000012,13.001,-0.006980173291200709
0.22600000000000012,13.501,-0.007374381988710918
0.22600000000000012,14.001,-0.007807116012193513
0.22600000000000012,14.501,-0.00827185099107117
0.22600000000000012,15.001,-0.00876329375237346
0.22600000000000012,15.501,-0.0092771436923079
0.22600000000000012,16.000999999999998,-0.009809905427675
0.22600000000000012,16.500999999999998,-0.010358740741047076
0.22600000000000012,17.000999999999998,-0.010921350880458928
0.22600000000000012,17.500999999999998,-0.011495882488065073
0.22600000000000012,18.000999999999998,-0.012080852056418824
0.22600000000000012,18.500999999999998,-0.012675085013721991
0.22600000000000012,19.000999999999998,-0.013277666437747075
0.22600000000000012,19.500999999999998,-0.013887901074713542
0.22600000000000012,20.000999999999998,-0.014505280853013836
0.22600000000000012,20.500999999999998,-0.015129458474572803
0.22600000000000012,21.000999999999998,-0.015760225969445887
0.22600000000000012,21.500999999999998,-0.016397497334417976
0.22600000000000012,22.000999999999998,-0.017041294560430464
0.22600000000000012,22.500999999999998,-0.017691736498915075
0.22600000000000012,23.000999999999998,-0.01834903013283072
0.22600000000000012,23.500999999999998,-0.019013463911367753
0.22600000000000012,24.000999999999998,-0.019685402883287406
0.22600000000000012,24.500999999999998,-0.02036528542687025
0.22600000000000012,25.000999999999998,-0.021053621427758535
0.22600000000000012,25.500999999999998,-0.021750991802257945
0.22600000000000012,26.000999999999998,-0.022458049305132864
0.22600000000000012,26.500999999999998,-0.023175520599534545
0.22600000000000012,27.000999999999998,-0.023904209604202056
0.22600000000000012,27.500999999999998,-0.024645002171203273
0.22600000000000012,28.000999999999998,-0.025398872188045242
0.22600000000000012,28.500999999999998,-0.026166889242966177
0.22600000000000012,29.000999999999998,-0.026950228043981637
0.22600000000000012,29.500999999999998,-0.027750179843681055
0.22600000000000012,30.000999999999998,-0.028568166196523262
0.22600000000000012,30.500999999999998,-0.0294057554682761
0.22600000000000012,31.000999999999998,-0.030264682634704887
0.22600000000000012,31.500999999999998,-0.031146873057375447
0.22600000000000012,32.001,-0.03205447112056267
0.22600000000000012,32.501,-0.03298987487164668
0.22600000000000012,33.001,-0.03395577815205162
0.22600000000000012,33.501,-0.034955222171336967
0.22600000000000012,34.001,-0.035991659114098976
0.22600000000000012,34.501,-0.037069031253091404
0.22600000000000012,35.001,-0.038191870286084895
0.22600000000000012,35.501,-0.03936542339342055
0.22600000000000012,36.001,-0.04059581510279671
0.22600000000000012,36.501,-0.041890257888738645
0.22600000000000012,37.001,-0.04325733025228804
0.22600000000000012,37.501,-0.044707350048377524
0.22600000000000012,38.001,-0.046252885190813366
0.22600000000000012,38.501,-0.0479094674182411
0.22600000000000012,39.001,-0.04969661476051459
0.22600000000000012,39.501,-0.05163933882129
0.23100000000000012,0.001,-0.8333338499872869
0.23100000000000012,0.501,-1.632423651395439
0.23100000000000012,1.001,-0.726399611499189
0.23100000000000012,1.501,-0.3752651113444697
0.23100000000000012,2.001,-0.22517019069747185
0.23100000000000012,2.501,-0.14676773381332658
0.23100000000000012,3.001,-0.10082680254496368
0.23100000000000012,3.501,-0.07183818132921324
0.23100000000000012,4.0009999999999994,-0.05259044525490497
0.23100000000000012,4.5009999999999994,-0.03933764130834752
0.23100000000000012,5.0009999999999994,-0.02997015435859425
0.23100000000000012,5.5009999999999994,-0.02322430199594276
0.23100000000000012,6.0009999999999994,-0.01830536755286591
0.23100000000000012,6.5009999999999994,-0.014693486852014742
0.23100000000000012,7.0009999999999994,-0.01203735798085423
0.23100000000000012,7.5009999999999994,-0.010093030182856233
0.23100000000000012,8.001,-0.008687135204161492
0.23100000000000012,8.501,-0.00769399594846832
0.23100000000000012,9.001,-0.007020929343184365
0.23100000000000012,9.501,-0.006598554359515946
0.23100000000000012,10.001,-0.006374248913593061
0.23100000000000012,10.501,-0.00630763999183033
0.23100000000000012,11.001,-0.0063674372485852115
0.23100000000000012,11.501,-0.006529172787335974
0.23100000000000012,12.001,-0.006773563586666724
0.23100000000000012,12.501,-0.007085308962572881
0.23100000000000012,13.001,-0.007452196635804875
0.23100000000000012,13.501,-0.007864430768390981
0.23100000000000012,14.001,-0.008314121692068535
0.23100000000000012,14.501,-0.008794894800951879
0.23100000000000012,15.001,-0.009301588216054313
0.23100000000000012,15.501,-0.009830017243014105
0.23100000000000012,16.000999999999998,-0.010376789553897536
0.23100000000000012,16.500999999999998,-0.010939159224750536
0.23100000000000012,17.000999999999998,-0.01151491078030989
0.23100000000000012,17.500999999999998,-0.012102266590824529
0.23100000000000012,18.000999999999998,-0.012699812574987233
0.23100000000000012,18.500999999999998,-0.01330643835420948
0.23100000000000012,19.000999999999998,-0.013921288893109632
0.23100000000000012,19.500999999999998,-0.014543725330989549
0.23100000000000012,20.000999999999998,-0.015173293217604324
0.23100000000000012,20.500999999999998,-0.015809696755492108
0.23100000000000012,21.000999999999998,-0.01645277795100973
0.23100000000000012,21.500999999999998,-0.017102499809147825
0.23100000000000012,22.000999999999998,-0.01775893288965573
0.23100000000000012,22.500999999999998,-0.01842224468615987
0.23100000000000012,23.000999999999998,-0.01909269140501777
0.23100000000000012,23.500999999999998,-0.019770611813563266
0.23100000000000012,24.000999999999998,-0.02045642290353871
0.23100000000000012,24.500999999999998,-0.021150617179041185
0.23100000000000012,25.000999999999998,-0.02185376143256542
0.23100000000000012,25.500999999999998,-0.022566496920429044
0.23100000000000012,26.000999999999998,-0.023289540892300176
0.23100000000000012,26.500999999999998,-0.024023689470784988
0.23100000000000012,27.000999999999998,-0.024769821917993116
0.23100000000000012,27.500999999999998,-0.025528906368618088
0.23100000000000012,28.000999999999998,-0.026302007155460612
0.23100000000000012,28.500999999999998,-0.02709029390586744
0.23100000000000012,29.000999999999998,-0.02789505264915952
0.23100000000000012,29.500999999999998,-0.02871769924941772
0.23100000000000012,30.000999999999998,-0.029559795569688456
0.23100000000000012,30.500999999999998,-0.03042306888904647
0.23100000000000012,31.000999999999998,-0.031309435241460265
0.23100000000000012,31.500999999999998,-0.032221027536753176
0.23100000000000012,32.001,-0.03316022957541685
0.23100000000000012,32.501,-0.03412971740376094
0.23100000000000012,33.001,-0.03513250990709915
0.23100000000000012,33.501,-0.03617203115490043
0.23100000000000012,34.001,-0.037252187865010944
0.23100000000000012,34.501,-0.03837746655263909
0.23100000000000012,35.001,-0.03955305664031858
0.23100000000000012,35.501,-0.040785008288384376
0.23100000000000012,36.001,-0.04208043737910833
0.23100000000000012,36.501,-0.043447795636097464
0.23100000000000012,37.001,-0.04489723243643014
0.23100000000000012,37.501,-0.04644108847553106
0.23100000000000012,38.001,-0.04809458365957675
0.23100000000000012,38.501,-0.0498767991067751
0.23100000000000012,39.001,-0.05181211893184473
0.23100000000000012,39.501,-0.05393241815074823
0.23600000000000013,0.001,-0.8463213667961378
0.23600000000000013,0.501,-1.7638108376479764
0.23600000000000013,1.001,-0.7215138845541087
0.23600000000000013,1.501,-0.3722261156307078
0.23600000000000013,2.001,-0.22309557960650875
0.23600000000000013,2.501,-0.14528739786694556
0.23600000000000013,3.001,-0.0997494216768623
0.23600000000000013,3.501,-0.0710516740122894
0.23600000000000013,4.0009999999999994,-0.052023405550422036
0.23600000000000013,4.5009999999999994,-0.038941752175396166
0.23600000000000013,5.0009999999999994,-0.02971120460129431
0.23600000000000013,5.5009999999999994,-0.023077196665023336
0.23600000000000013,6.0009999999999994,-0.018251171208690756
0.23600000000000013,6.5009999999999994,-0.014717578726282501
0.23600000000000013,7.0009999999999994,-0.012128231387932176
0.23600000000000013,7.5009999999999994,-0.010241483317683042
0.23600000000000013,8.001,-0.008885709323333518
0.23600000000000013,8.501,-0.007936575272296006
0.23600000000000013,9.001,-0.007302449791212751
0.23600000000000013,9.501,-0.006914787401419195
0.23600000000000013,10.001,-0.0067216384277456465
0.23600000000000013,10.501,-0.0066831772741780815
0.23600000000000013,11.001,-0.006768563965909052
0.23600000000000013,11.501,-0.006953704725705515
0.23600000000000013,12.001,-0.0072196300982808465
0.23600000000000013,12.501,-0.007551304419270891
0.23600000000000013,13.001,-0.007936741176516188
0.23600000000000013,13.501,-0.008366338320953355
0.23600000000000013,14.001,-0.00883237374786883
0.23600000000000013,14.501,-0.00932861878358815
0.23600000000000013,15.001,-0.009850039552728354
0.23600000000000013,15.501,-0.010392564447003365
0.23600000000000013,16.000999999999998,-0.010952901777076956
0.23600000000000013,16.500999999999998,-0.01152839585398134
0.23600000000000013,17.000999999999998,-0.012116912739968747
0.23600000000000013,17.500999999999998,-0.012716749082559778
0.23600000000000013,18.000999999999998,-0.013326559039852373
0.23600000000000013,18.500999999999998,-0.013945295485246182
0.23600000000000013,19.000999999999998,-0.014572162560892034
0.23600000000000013,19.500999999999998,-0.015206577312639927
0.23600000000000013,20.000999999999998,-0.01584813864281804
0.23600000000000013,20.500999999999998,-0.016496602202424864
0.23600000000000013,21.000999999999998,-0.017151860141327566
0.23600000000000013,21.500999999999998,-0.017813924865917763
0.23600000000000013,22.000999999999998,-0.018482916134640974
0.23600000000000013,22.500999999999998,-0.019159050965002773
0.23600000000000013,23.000999999999998,-0.019842635940204516
0.23600000000000013,23.500999999999998,-0.020534061596386287
0.23600000000000013,24.000999999999998,-0.02123379864793136
0.23600000000000013,24.500999999999998,-0.021942395872578388
0.23600000000000013,25.000999999999998,-0.022660479533593278
0.23600000000000013,25.500999999999998,-0.023388754265732798
0.23600000000000013,26.000999999999998,-0.024128005397610713
0.23600000000000013,26.500999999999998,-0.024879102727538613
0.23600000000000013,27.000999999999998,-0.025643005815104924
0.23600000000000013,27.500999999999998,-0.02642077089887046
0.23600000000000013,28.000999999999998,-0.02721355960409667
0.23600000000000013,28.500999999999998,-0.028022649666273856
0.23600000000000013,29.000999999999998,-0.02884944796998911
0.23600000000000013,29.500999999999998,-0.029695506292985924
0.23600000000000013,30.000999999999998,-0.030562540258188126
0.23600000000000013,30.500999999999998,-0.03145245214018611
0.23600000000000013,31.000999999999998,-0.03236735835844258
0.23600000000000013,31.500999999999998,-0.03330962273288722
0.23600000000000013,32.001,-0.03428189690074926
0.23600000000000013,32.501,-0.03528716972812435
0.23600000000000013,33.001,-0.036328828142014206
0.23600000000000013,33.501,-0.03741073262667977
0.23600000000000013,34.001,-0.03853731177472338
0.23600000000000013,34.501,-0.03971368191544493
0.23600000000000013,35.001,-0.04094580020603036
0.23600000000000013,35.501,-0.04224066305625003
0.23600000000000013,36.001,-0.04360656700362579
0.23600000000000013,36.501,-0.04505345723484362
0.23600000000000013,37.001,-0.0465934017100497
0.23600000000000013,37.501,-0.04824124958885624
0.23600000000000013,38.001,-0.05001556748877978
0.23600000000000013,38.501,-0.05194000782846768
0.23600000000000013,39.001,-0.054045374061221285
0.23600000000000013,39.501,-0.05637285943767638
0.24100000000000013,0.001,-0.8592029943380086
0.24100000000000013,0.501,-1.9914276441170058
0.24100000000000013,1.001,-0.7167854755555416
0.24100000000000013,1.501,-0.36929833184908656
0.24100000000000013,2.001,-0.2211075660463493
0.24100000000000013,2.501,-0.1438781292255179
0.24100000000000013,3.001,-0.09873231284914397
0.24100000000000013,3.501,-0.07031744282117253
0.24100000000000013,4.0009999999999994,-0.05150244769775619
0.24100000000000013,4.5009999999999994,-0.03858698359257162
0.24100000000000013,5.0009999999999994,-0.029489298199521286
0.24100000000000013,5.5009999999999994,-0.022963715183289407
0.24100000000000013,6.0009999999999994,-0.01822768324636964
0.24100000000000013,6.5009999999999994,-0.014769859440583021
0.24100000000000013,7.0009999999999994,-0.012245091626240129
0.24100000000000013,7.5009999999999994,-0.010413980508321957
0.24100000000000013,8.001,-0.00910659965137968
0.24100000000000013,8.501,-0.008199923582094884
0.24100000000000013,9.001,-0.007603345629402056
0.24100000000000013,9.501,-0.007249134313551231
0.24100000000000013,10.001,-0.0070859949467648176
0.24100000000000013,10.501,-0.007074635110956511
0.24100000000000013,11.001,-0.007184653448905981
0.24100000000000013,11.501,-0.007392320518096851
0.24100000000000013,12.001,-0.007678972222614169
0.24100000000000013,12.501,-0.008029830990020387
0.24100000000000013,13.001,-0.008433130195688796
0.24100000000000013,13.501,-0.00887945656786919
0.24100000000000013,14.001,-0.009361251279958058
0.24100000000000013,14.501,-0.009872427918791046
0.24100000000000013,15.001,-0.010408077465007996
0.24100000000000013,15.501,-0.010964238701200637
0.24100000000000013,16.000999999999998,-0.011537718276275477
0.24100000000000013,16.500999999999998,-0.012125948784618486
0.24100000000000013,17.000999999999998,-0.012726876186276683
0.24100000000000013,17.500999999999998,-0.013338870049130435
0.24100000000000013,18.000999999999998,-0.01396065167397215
0.24100000000000013,18.500999999999998,-0.014591236332657952
0.24100000000000013,19.000999999999998,-0.015229886722419953
0.24100000000000013,19.500999999999998,-0.01587607539662564
0.24100000000000013,20.000999999999998,-0.016529454431069217
0.24100000000000013,20.500999999999998,-0.01718983096650767
0.24100000000000013,21.000999999999998,-0.017857147562485853
0.24100000000000013,21.500999999999998,-0.018531466526383086
0.24100000000000013,22.000999999999998,-0.01921295756123278
0.24100000000000013,22.500999999999998,-0.01990188821823584
0.24100000000000013,23.000999999999998,-0.020598616754082692
0.24100000000000013,23.500999999999998,-0.021303587086138498
0.24100000000000013,24.000999999999998,-0.022017325615570932
0.24100000000000013,24.500999999999998,-0.022740439753843857
0.24100000000000013,25.000999999999998,-0.02347361804508863
0.24100000000000013,25.500999999999998,-0.02421763182856561
0.24100000000000013,26.000999999999998,-0.024973338434296978
0.24100000000000013,26.500999999999998,-0.02574168595336066
0.24100000000000013,27.000999999999998,-0.026523719674669072
0.24100000000000013,27.500999999999998,-0.027320590334897366
0.24100000000000013,28.000999999999998,-0.028133564390504656
0.24100000000000013,28.500999999999998,-0.028964036594098838
0.24100000000000013,29.000999999999998,-0.029813545246224704
0.24100000000000013,29.500999999999998,-0.03068379060390313
0.24100000000000013,30.000999999999998,-0.031576657066780305
0.24100000000000013,30.500999999999998,-0.0324942399413031
0.24100000000000013,31.000999999999998,-0.0334388778178054
0.24100000000000013,31.500999999999998,-0.0344131919057728
0.24100000000000013,32.001,-0.035420134088850565
0.24100000000000013,32.501,-0.03646304602695656
0.24100000000000013,33.001,-0.03754573241239477
0.24100000000000013,33.501,-0.038672552576453495
0.24100000000000013,34.001,-0.039848536189606064
0.24100000000000013,34.501,-0.04107953103075555
0.24100000000000013,35.001,-0.04237239408234633
0.24100000000000013,35.501,-0.0437352421294868
0.24100000000000013,36.001,-0.045177785588522056
0.24100000000000013,36.501,-0.046711781156862975
0.24100000000000013,37.001,-0.04835165806368481
0.24100000000000013,37.501,-0.05011540473129526
0.24100000000000013,38.001,-0.052025858112001465
0.24100000000000013,38.501,-0.05411263812308502
0.24100000000000013,39.001,-0.05641515970257044
0.24100000000000013,39.501,-0.05898753781511415
0.24600000000000014,0.001,-0.8719809275537321
0.24600000000000014,0.501,-1.9819896945670457
0.24600000000000014,1.001,-0.7122081889995743
0.24600000000000014,1.501,-0.36647735312229224
0.24600000000000014,2.001,-0.21920269274666954
0.24600000000000014,2.501,-0.14253706603177055
0.24600000000000014,3.001,-0.09777302535255145
0.24600000000000014,3.501,-0.06963333955567316
0.24600000000000014,4.0009999999999994,-0.05102565634667512
0.24600000000000014,4.5009999999999994,-0.03827160561418649
0.24600000000000014,5.0009999999999994,-0.02930285678914997
0.24600000000000014,5.5009999999999994,-0.022882405780534493
0.24600000000000014,6.0009999999999994,-0.018233559491734025
0.24600000000000014,6.5009999999999994,-0.014849077627784424
0.24600000000000014,7.0009999999999994,-0.012386768393171405
0.24600000000000014,7.5009999999999994,-0.010609423035012742
0.24600000000000014,8.001,-0.00934877128362159
0.24600000000000014,8.501,-0.008483063343977748
0.24600000000000014,9.001,-0.00792269128899277
0.24600000000000014,9.501,-0.007600716913462147
0.24600000000000014,10.001,-0.007466483762457857
0.24600000000000014,10.501,-0.007481218900177472
0.24600000000000014,11.001,-0.0076149482823795606
0.24600000000000014,11.501,-0.007844297390436614
0.24600000000000014,12.001,-0.008150899595378416
0.24600000000000014,12.501,-0.008520228755806956
0.24600000000000014,13.001,-0.008940732483630765
0.24600000000000014,13.501,-0.009403181470402339
0.24600000000000014,14.001,-0.009900176054588958
0.24600000000000014,14.501,-0.010425768563733083
0.24600000000000014,15.001,-0.010975171822130009
0.24600000000000014,15.501,-0.011544532429742585
0.24600000000000014,16.000999999999998,-0.012130753184195334
0.24600000000000014,16.500999999999998,-0.012731353113839744
0.24600000000000014,17.000999999999998,-0.013344356532440052
0.24600000000000014,17.500999999999998,-0.013968204662141458
0.24600000000000014,18.000999999999998,-0.014601684937337447
0.24600000000000014,18.500999999999998,-0.015243874260760473
0.24600000000000014,19.000999999999998,-0.01589409334805207
0.24600000000000014,19.500999999999998,-0.01655186994818145
0.24600000000000014,20.000999999999998,-0.017216909221298093
0.24600000000000014,20.500999999999998,-0.0178890699337646
0.24600000000000014,21.000999999999998,-0.0185683454218893
0.24600000000000014,21.500999999999998,-0.01925484850295593
0.24600000000000014,22.000999999999998,-0.01994879969055751
0.24600000000000014,22.500999999999998,-0.020650518212950043
0.24600000000000014,23.000999999999998,-0.021360415447173223
0.24600000000000014,23.500999999999998,-0.02207899047493838
0.24600000000000014,24.000999999999998,-0.022806827544137147
0.24600000000000014,24.500999999999998,-0.023544595286526075
0.24600000000000014,25.000999999999998,-0.024293047601221793
0.24600000000000014,25.500999999999998,-0.02505302616807644
0.24600000000000014,26.000999999999998,-0.025825464607519867
0.24600000000000014,26.500999999999998,-0.026611394356652093
0.24600000000000014,27.000999999999998,-0.0274119523879809
0.24600000000000014,27.500999999999998,-0.028228390960215705
0.24600000000000014,28.000999999999998,-0.029062089663528023
0.24600000000000014,28.500999999999998,-0.0299145701090753
0.24600000000000014,29.000999999999998,-0.03078751372004824
0.24600000000000014,29.500999999999998,-0.031682783216586616
0.24600000000000014,30.000999999999998,-0.03260244855983394
0.24600000000000014,30.500999999999998,-0.03354881834527863
0.24600000000000014,31.000999999999998,-0.03452447793218437
0.24600000000000014,31.500999999999998,-0.03553233599256564
0.24600000000000014,32.001,-0.03657568170069983
0.24600000000000014,32.501,-0.03765825552261612
0.24600000000000014,33.001,-0.03878433759413008
0.24600000000000014,33.501,-0.039958859132205954
0.24600000000000014,34.001,-0.04118754441922337
0.24600000000000014,34.501,-0.042477093967651244
0.24600000000000014,35.001,-0.04383542405532146
0.24600000000000014,35.501,-0.04527198481801618
0.24600000000000014,36.001,-0.046798190031482195
0.24600000000000014,36.501,-0.04842800931357559
0.24600000000000014,37.001,-0.05017880266560265
0.24600000000000014,37.501,-0.05207252743283318
0.24600000000000014,38.001,-0.05413753757999827
0.24600000000000014,38.501,-0.05641136391666714
0.24600000000000014,39.001,-0.058945199557842644
0.24600000000000014,39.501,-0.0618115303804023
0.2510000000000001,0.001,-0.8846572721160568
0.2510000000000001,0.501,-1.9728124950008166
0.2510000000000001,1.001,-0.7077761945232972
0.2510000000000001,1.501,-0.36375903273535704
0.2510000000000001,2.001,-0.21737770687790858
0.2510000000000001,2.501,-0.1412615159469316
0.2510000000000001,3.001,-0.09686925390219808
0.2510000000000001,3.501,-0.06899734373686617
0.2510000000000001,4.0009999999999994,-0.05059123026893636
0.2510000000000001,4.5009999999999994,-0.03799399161734385
0.2510000000000001,5.0009999999999994,-0.029150396529774372
0.2510000000000001,5.5009999999999994,-0.022831903892092623
0.2510000000000001,6.0009999999999994,-0.01826753678647497
0.2510000000000001,6.5009999999999994,-0.014954057627466322
0.2510000000000001,7.0009999999999994,-0.012552162484440299
0.2510000000000001,7.5009999999999994,-0.01082677923501113
0.2510000000000001,8.001,-0.009611252796641268
0.2510000000000001,8.501,-0.008785077316548012
0.2510000000000001,9.001,-0.00825961863016264
0.2510000000000001,9.501,-0.007968711860053292
0.2510000000000001,10.001,-0.00786232265661646
0.2510000000000001,10.501,-0.007902184382262964
0.2510000000000001,11.001,-0.008058739423062941
0.2510000000000001,11.501,-0.008308959125013463
0.2510000000000001,12.001,-0.008634766729460362
0.2510000000000001,12.501,-0.00902188111638126
0.2510000000000001,13.001,-0.009458958698597718
0.2510000000000001,13.501,-0.009936949503341674
0.2510000000000001,14.001,-0.01044860908398744
0.2510000000000001,14.501,-0.010988125132762733
0.2510000000000001,15.001,-0.011550829433556536
0.2510000000000001,15.501,-0.012132973946024327
0.2510000000000001,16.000999999999998,-0.012731555532870201
0.2510000000000001,16.500999999999998,-0.013344177905141738
0.2510000000000001,17.000999999999998,-0.013968942278510914
0.2510000000000001,17.500999999999998,-0.014604360351427828
0.2510000000000001,18.000999999999998,-0.015249284768390999
0.2510000000000001,18.500999999999998,-0.01590285338001493
0.2510000000000001,19.000999999999998,-0.016564444468744964
0.2510000000000001,19.500999999999998,-0.01723364075431507
0.2510000000000001,20.000999999999998,-0.017910200482813332
0.2510000000000001,20.500999999999998,-0.018594034278093127
0.2510000000000001,21.000999999999998,-0.019285186723616666
0.2510000000000001,21.500999999999998,-0.019983821868237703
0.2510000000000001,22.000999999999998,-0.020690212026781514
0.2510000000000001,22.500999999999998,-0.021404729387519028
0.2510000000000001,23.000999999999998,-0.022127840052689182
0.2510000000000001,23.500999999999998,-0.022860100232051886
0.2510000000000001,24.000999999999998,-0.023602154388417847
0.2510000000000001,24.500999999999998,-0.024354735202548522
0.2510000000000001,25.000999999999998,-0.025118665286354612
0.2510000000000001,25.500999999999998,-0.025894860631100865
0.2510000000000001,26.000999999999998,-0.026684335834259304
0.2510000000000001,26.500999999999998,-0.027488211207674113
0.2510000000000001,27.000999999999998,-0.028307721933917677
0.2510000000000001,27.500999999999998,-0.029144229510709586
0.2510000000000001,28.000999999999998,-0.029999235809368703
0.2510000000000001,28.500999999999998,-0.030874400177991312
0.2510000000000001,29.000999999999998,-0.03177156015057209
0.2510000000000001,29.500999999999998,-0.03269275648934278
0.2510000000000001,30.000999999999998,-0.03364026350247403
0.2510000000000001,30.500999999999998,-0.03461662586160323
0.2510000000000001,31.000999999999998,-0.03562470351980455
0.2510000000000001,31.500999999999998,-0.03666772683870384
0.2510000000000001,32.001,-0.0377493647292153
0.2510000000000001,32.501,-0.03887380957689573
0.2510000000000001,33.001,-0.040045884085889466
0.2510000000000001,33.501,-0.04127117712900168
0.2510000000000001,34.001,-0.04255621854126826
0.2510000000000001,34.501,-0.04390870703286957
0.2510000000000001,35.001,-0.04533781183728595
0.2510000000000001,35.501,-0.0468545787314595
0.2510000000000001,36.001,-0.0484724870796836
0.2510000000000001,36.501,-0.05020823093263108
0.2510000000000001,37.001,-0.05208284219039379
0.2510000000000001,37.501,-0.0541233536375294
0.2510000000000001,38.001,-0.05636534796815809
0.2510000000000001,38.501,-0.058857030145795755
0.2510000000000001,39.001,-0.06166607151016419
0.2510000000000001,39.501,-0.06489186542879012
0.2560000000000001,0.001,-0.8972340497671365
0.2560000000000001,0.501,-1.9638862333511613
0.2560000000000001,1.001,-0.7034839986981607
0.2560000000000001,1.501,-0.36113946402266917
0.2560000000000001,2.001,-0.21562954423405967
0.2560000000000001,2.501,-0.14004894302605936
0.2560000000000001,3.001,-0.09601882737096112
0.2560000000000001,3.501,-0.06840755270604537
0.2560000000000001,4.0009999999999994,-0.05019747350658263
0.2560000000000001,4.5009999999999994,-0.03775261028378407
0.2560000000000001,5.0009999999999994,-0.02903052076594531
0.2560000000000001,5.5009999999999994,-0.022810925385263275
0.2560000000000001,6.0009999999999994,-0.018328426692679284
0.2560000000000001,6.5009999999999994,-0.0150836936005663
0.2560000000000001,7.0009999999999994,-0.01274024026464976
0.2560000000000001,7.5009999999999994,-0.01106507928517464
0.2560000000000001,8.001,-0.009893131306780996
0.2560000000000001,8.501,-0.009105103855252802
0.2560000000000001,9.001,-0.008613312466919931
0.2560000000000001,9.501,-0.0083523463774927
0.2560000000000001,10.001,-0.008272777805508356
0.2560000000000001,10.501,-0.008336833709177455
0.2560000000000001,11.001,-0.008515362419521624
0.2560000000000001,11.501,-0.008785672419034787
0.2560000000000001,12.001,-0.00912996950145812
0.2560000000000001,12.501,-0.00953421139535127
0.2560000000000001,13.001,-0.009987258082073458
0.2560000000000001,13.501,-0.010480234473024735
0.2560000000000001,14.001,-0.011006047540468564
0.2560000000000001,14.501,-0.011559017101662392
0.2560000000000001,15.001,-0.012134591138036846
0.2560000000000001,15.501,-0.012729124621777143
0.2560000000000001,16.000999999999998,-0.013339706498460474
0.2560000000000001,16.500999999999998,-0.01396402350500494
0.2560000000000001,17.000999999999998,-0.01460025239647933
0.2560000000000001,17.500999999999998,-0.015246974255515827
0.2560000000000001,18.000999999999998,-0.015903106097165248
0.2560000000000001,18.500999999999998,-0.016567846120493543
0.2560000000000001,19.000999999999998,-0.01724062980784706
0.2560000000000001,19.500999999999998,-0.01792109471228135
0.2560000000000001,20.000999999999998,-0.018609052259158362
0.2560000000000001,20.500999999999998,-0.019304465259627954
0.2560000000000001,21.000999999999998,-0.02000743012082193
0.2560000000000001,21.500999999999998,-0.02071816296148024
0.2560000000000001,22.000999999999998,-0.021436989018223065
0.2560000000000001,22.500999999999998,-0.022164334868618282
0.2560000000000001,23.000999999999998,-0.02290072311153389
0.2560000000000001,23.500999999999998,-0.023646769239932683
0.2560000000000001,24.000999999999998,-0.024403180521691707
0.2560000000000001,24.500999999999998,-0.025170756774655065
0.2560000000000001,25.000999999999998,-0.025950392986680337
0.2560000000000001,25.500999999999998,-0.026743083793257794
0.2560000000000001,26.000999999999998,-0.02754992988758702
0.2560000000000001,26.500999999999998,-0.028372146504044418
0.2560000000000001,27.000999999999998,-0.029211074189420858
0.2560000000000001,27.500999999999998,-0.03006819216144552
0.2560000000000001,28.000999999999998,-0.030945134656242684
0.2560000000000001,28.500999999999998,-0.0318437107924154
0.2560000000000001,29.000999999999998,-0.03276592863855778
0.2560000000000001,29.500999999999998,-0.033714024375695345
0.2560000000000001,30.000999999999998,-0.03469049771381631
0.2560000000000001,30.500999999999998,-0.035698155076861623
0.2560000000000001,31.000999999999998,-0.03674016254857212
0.2560000000000001,31.500999999999998,-0.03782011122393779
0.2560000000000001,32.001,-0.03894209851396903
0.2560000000000001,32.501,-0.04011083022028131
0.2560000000000001,33.001,-0.0413317500074404
0.2560000000000001,33.501,-0.04261120553247805
0.2560000000000001,34.001,-0.04395666438676086
0.2560000000000001,34.501,-0.04537699889467085
0.2560000000000001,35.001,-0.04688286792562872
0.2560000000000001,35.501,-0.048487238345919795
0.2560000000000001,36.001,-0.05020611239963678
0.2560000000000001,36.501,-0.05205956732013783
0.2560000000000001,37.001,-0.05407328378429223
0.2560000000000001,37.501,-0.0562808690329768
0.2560000000000001,38.001,-0.058727530819501245
0.2560000000000001,38.501,-0.06147617511979878
0.2560000000000001,39.001,-0.06461815355884112
0.2560000000000001,39.501,-0.06829372387157341
0.2610000000000001,0.001,-0.9097132032388668
0.2610000000000001,0.501,-1.9552016528034866
0.2610000000000001,1.001,-0.6993264195035289
0.2610000000000001,1.501,-0.3586149621670855
0.2610000000000001,2.001,-0.21395531491995362
0.2610000000000001,2.501,-0.13889695584241107
0.2610000000000001,3.001,-0.09521969859559923
0.2610000000000001,3.501,-0.06786217266683953
0.2610000000000001,4.0009999999999994,-0.04984278736381763
0.2610000000000001,4.5009999999999994,-0.03754601834620616
0.2610000000000001,5.0009999999999994,-0.028941913388373264
0.2610000000000001,5.5009999999999994,-0.02281826043203959
0.2610000000000001,6.0009999999999994,-0.01841510979825553
0.2610000000000001,6.5009999999999994,-0.01523694420594117
0.2610000000000001,7.0009999999999994,-0.012950028665949631
0.2610000000000001,7.5009999999999994,-0.011323410482965646
0.2610000000000001,8.001,-0.010193548000814179
0.2610000000000001,8.501,-0.009442332665503109
0.2610000000000001,9.001,-0.008983006519766079
0.2610000000000001,9.501,-0.00875089438794964
0.2610000000000001,10.001,-0.008697160075983451
0.2610000000000001,10.501,-0.008784511889482781
0.2610000000000001,11.001,-0.008984193993628417
0.2610000000000001,11.501,-0.009273843591541552
0.2610000000000001,12.001,-0.009635941974401624
0.2610000000000001,12.501,-0.010056679770188176
0.2610000000000001,13.001,-0.01052511548851219
0.2610000000000001,13.501,-0.011032544640094184
0.2610000000000001,14.001,-0.011572021966213111
0.2610000000000001,14.501,-0.01213799629908184
0.2610000000000001,15.001,-0.01272602917190339
0.2610000000000001,15.501,-0.0133325763279269
0.2610000000000001,16.000999999999998,-0.013954816910827533
0.2610000000000001,16.500999999999998,-0.014590519117744255
0.2610000000000001,17.000999999999998,-0.015237933967345574
0.2610000000000001,17.500999999999998,-0.015895710918214387
0.2610000000000001,18.000999999999998,-0.016562830599028328
0.2610000000000001,18.500999999999998,-0.017238551040751192
0.2610000000000001,19.000999999999998,-0.017922364643390323
0.2610000000000001,19.500999999999998,-0.018613963743936104
0.2610000000000001,20.000999999999998,-0.01931321313352652
0.2610000000000001,20.500999999999998,-0.020020128240607976
0.2610000000000001,21.000999999999998,-0.020734857981874563
0.2610000000000001,21.500999999999998,-0.021457671505328235
0.2610000000000001,22.000999999999998,-0.022188948225610128
0.2610000000000001,22.500999999999998,-0.02292917069261997
0.2610000000000001,23.000999999999998,-0.023678919949313135
0.2610000000000001,23.500999999999998,-0.02443887313039965
0.2610000000000001,24.000999999999998,-0.025209803135958102
0.2610000000000001,24.500999999999998,-0.025992580287284996
0.2610000000000001,25.000999999999998,-0.02678817594051052
0.2610000000000001,25.500999999999998,-0.027597668100240384
0.2610000000000001,26.000999999999998,-0.02842224914423746
0.2610000000000001,26.500999999999998,-0.029263235844710564
0.2610000000000001,27.000999999999998,-0.030122081956416212
0.2610000000000001,27.500999999999998,-0.03100039374167746
0.2610000000000001,28.000999999999998,-0.031899948924188334
0.2610000000000001,28.500999999999998,-0.03282271971577647
0.2610000000000001,29.000999999999998,-0.03377090075484034
0.2610000000000001,29.500999999999998,-0.03474694304817137
0.2610000000000001,30.000999999999998,-0.03575359534204443
0.2610000000000001,30.500999999999998,-0.036793954796359954
0.2610000000000001,31.000999999999998,-0.03787152944449726
0.2610000000000001,31.500999999999998,-0.0389903157611502
0.2610000000000001,32.001,-0.040154895835566376
0.2610000000000001,32.501,-0.041370560318499824
0.2610000000000001,33.001,-0.04264346572775031
0.2610000000000001,33.501,-0.04398083825750559
0.2610000000000001,34.001,-0.04539124159033363
0.2610000000000001,34.501,-0.04688493444497914
0.2610000000000001,35.001,-0.04847435658242037
0.2610000000000001,35.501,-0.05017480307473313
0.2610000000000001,36.001,-0.05200538198378957
0.2610000000000001,36.501,-0.0539904120872609
0.2610000000000001,37.001,-0.05616152898392018
0.2610000000000001,37.501,-0.05856098134274311
0.2610000000000001,38.001,-0.061247032353661676
0.2610000000000001,38.501,-0.06430332844343331
0.2610000000000001,39.001,-0.06785636718778819
0.2610000000000001,39.501,-0.07211132711245566
0.2660000000000001,0.001,-0.9220966007959617
0.2660000000000001,0.501,-1.9467500105533622
0.2660000000000001,1.001,-0.6952985631798254
0.2660000000000001,1.501,-0.3561820476966624
0.2660000000000001,2.001,-0.21235229037422415
0.2660000000000001,2.501,-0.1378032967206269
0.2660000000000001,3.001,-0.09446993513515017
0.2660000000000001,3.501,-0.0673595105645329
0.2660000000000001,4.0009999999999994,-0.04952566314766124
0.2660000000000001,4.5009999999999994,-0.037372854013111974
0.2660000000000001,5.0009999999999994,-0.0288833328164001
0.2660000000000001,5.5009999999999994,-0.022852767955442332
0.2660000000000001,6.0009999999999994,-0.01852653055564199
0.2660000000000001,6.5009999999999994,-0.015412827775616353
0.2660000000000001,7.0009999999999994,-0.013180610655335004
0.2660000000000001,7.5009999999999994,-0.011600912969750958
0.2660000000000001,8.001,-0.010511694085600098
0.2660000000000001,8.501,-0.009796000954009294
0.2660000000000001,9.001,-0.009367979747931299
0.2660000000000001,9.501,-0.009163673007066386
0.2660000000000001,10.001,-0.0091348216690504
0.2660000000000001,10.501,-0.009244603566948534
0.2660000000000001,11.001,-0.009464648942835212
0.2660000000000001,11.501,-0.009772915599418007
0.2660000000000001,12.001,-0.010152153518758922
0.2660000000000001,12.501,-0.010588780490525848
0.2660000000000001,13.001,-0.01107204869409556
0.2660000000000001,13.501,-0.011593420112643471
0.2660000000000001,14.001,-0.01214609374538686
0.2660000000000001,14.501,-0.012724644452800978
0.2660000000000001,15.001,-0.013324744785152977
0.2660000000000001,15.501,-0.013942949116633928
0.2660000000000001,16.000999999999998,-0.014576524998086773
0.2660000000000001,16.500999999999998,-0.015223320609508546
0.2660000000000001,17.000999999999998,-0.015881660041846574
0.2660000000000001,17.500999999999998,-0.01655026020368621
0.2660000000000001,18.000999999999998,-0.01722816466203383
0.2660000000000001,18.500999999999998,-0.01791469084570506
0.2660000000000001,19.000999999999998,-0.01860938787507572
0.2660000000000001,19.500999999999998,-0.019312002910725816
0.2660000000000001,20.000999999999998,-0.020022454391016232
0.2660000000000001,20.500999999999998,-0.0207408108945472
0.2660000000000001,21.000999999999998,-0.02146727464654681
0.2660000000000001,21.500999999999998,-0.02220216890963682
0.2660000000000001,22.000999999999998,-0.02294592867476249
0.2660000000000001,22.500999999999998,-0.02369909420911791
0.2660000000000001,23.000999999999998,-0.024462307133599953
0.2660000000000001,23.500999999999998,-0.025236308799690438
0.2660000000000001,24.000999999999998,-0.02602194082028599
0.2660000000000001,24.500999999999998,-0.026820147685573427
0.2660000000000001,25.000999999999998,-0.027631981467691212
0.2660000000000001,25.500999999999998,-0.028458608690535247
0.2660000000000001,26.000999999999998,-0.029301319517614804
0.2660000000000001,26.500999999999998,-0.030161539495662137
0.2660000000000001,27.000999999999998,-0.031040844189894543
0.2660000000000001,27.500999999999998,-0.03194097716470409
0.2660000000000001,28.000999999999998,-0.032863871909339044
0.2660000000000001,28.500999999999998,-0.03381167849280345
0.2660000000000001,29.000999999999998,-0.03478679597073866
0.2660000000000001,29.500999999999998,-0.03579191188046418
0.2660000000000001,30.000999999999998,-0.03683005057849708
0.2660000000000001,30.500999999999998,-0.03790463274087878
0.2660000000000001,31.000999999999998,-0.03901954912397256
0.2660000000000001,31.500999999999998,-0.04017925276685323
0.2660000000000001,32.001,-0.041388875350275474
0.2660000000000001,32.501,-0.04265437563531785
0.2660000000000001,33.001,-0.043982731141692814
0.2660000000000001,33.501,-0.04538218906606391
0.2660000000000001,34.001,-0.04686259983994769
0.2660000000000001,34.501,-0.04843586831864737
0.2660000000000001,35.001,-0.05011657626096174
0.2660000000000001,35.501,-0.05192286077905525
0.2660000000000001,36.001,-0.05387768685893132
0.2660000000000001,36.501,-0.05601074794054155
0.2660000000000001,37.001,-0.05836140921571825
0.2660000000000001,37.501,-0.06098346892630999
0.2660000000000001,38.001,-0.06395328489977595
0.2660000000000001,38.501,-0.06738461584375392
0.2660000000000001,39.001,-0.07145822962733722
0.2660000000000001,39.501,-0.07648857201307177
0.27100000000000013,0.001,-0.9343860404373169
0.27100000000000013,0.501,-1.9385230403359945
0.27100000000000013,1.001,-0.6913958031994623
0.27100000000000013,1.501,-0.3538374314920963
0.27100000000000013,2.001,-0.21081789158083358
0.27100000000000013,2.501,-0.13676583195657016
0.27100000000000013,3.001,-0.09376771087663491
0.27100000000000013,3.501,-0.06689796671029469
0.27100000000000013,4.0009999999999994,-0.04924467557480244
0.27100000000000013,4.5009999999999994,-0.03723183099732466
0.27100000000000013,5.0009999999999994,-0.028853606533162254
0.27100000000000013,5.5009999999999994,-0.022913370586137377
0.27100000000000013,6.0009999999999994,-0.018661692594907825
0.27100000000000013,6.5009999999999994,-0.015610417933630466
0.27100000000000013,7.0009999999999994,-0.013431121118805227
0.27100000000000013,7.5009999999999994,-0.01189677584751718
0.27100000000000013,8.001,-0.010846807110418188
0.27100000000000013,8.501,-0.01016538993430064
0.27100000000000013,9.001,-0.009767553019204123
0.27100000000000013,9.501,-0.009590039362057046
0.27100000000000013,10.001,-0.009585153072491515
0.27100000000000013,10.501,-0.009716530095811138
0.27100000000000013,11.001,-0.00995617732776584
0.27100000000000013,11.501,-0.010282365328292749
0.27100000000000013,12.001,-0.010678106198730844
0.27100000000000013,12.501,-0.011130039352856815
0.27100000000000013,13.001,-0.0116276059536456
0.27100000000000013,13.501,-0.012162430479846524
0.27100000000000013,14.001,-0.012727852809595354
0.27100000000000013,14.501,-0.013318570962644678
0.27100000000000013,15.001,-0.013930366077931564
0.27100000000000013,15.501,-0.01455988911787584
0.27100000000000013,16.000999999999998,-0.01520449434019576
0.27100000000000013,16.500999999999998,-0.015862108516136737
0.27100000000000013,17.000999999999998,-0.016531127700172635
0.27100000000000013,17.500999999999998,-0.017210335405923864
0.27100000000000013,18.000999999999998,-0.017898837544364915
0.27100000000000013,18.500999999999998,-0.018596010590553366
0.27100000000000013,19.000999999999998,-0.019301460273481175
0.27100000000000013,19.500999999999998,-0.020014988707334386
0.27100000000000013,20.000999999999998,-0.02073656835621615
0.27100000000000013,20.500999999999998,-0.021466321587660427
0.27100000000000013,21.000999999999998,-0.02220450485163819
0.27100000000000013,21.500999999999998,-0.022951496742192073
0.27100000000000013,22.000999999999998,-0.023707789373951488
0.27100000000000013,22.500999999999998,-0.024473982647266662
0.27100000000000013,23.000999999999998,-0.025250781092580873
0.27100000000000013,23.500999999999998,-0.026038993083982394
0.27100000000000013,24.000999999999998,-0.02683953229935647
0.27100000000000013,24.500999999999998,-0.02765342138511025
0.27100000000000013,25.000999999999998,-0.02848179786141003
0.27100000000000013,25.500999999999998,-0.0293259223835769
0.27100000000000013,26.000999999999998,-0.03018718956117506
0.27100000000000013,26.500999999999998,-0.031067141633510202
0.27100000000000013,27.000999999999998,-0.031967485414843774
0.27100000000000013,27.500999999999998,-0.03289011306239399
0.27100000000000013,28.000999999999998,-0.03383712739542594
0.27100000000000013,28.500999999999998,-0.034810872718283134
0.27100000000000013,29.000999999999998,-0.03581397239344412
0.27100000000000013,29.500999999999998,-0.03684937479981788
0.27100000000000013,30.000999999999998,-0.03792040983581082
0.27100000000000013,30.500999999999998,-0.03903085884356834
0.27100000000000013,31.000999999999998,-0.04018504182560322
0.27100000000000013,31.500999999999998,-0.04138792722696538
0.27100000000000013,32.001,-0.04264527156459361
0.27100000000000013,32.501,-0.043963799114400966
0.27100000000000013,33.001,-0.04535143622147794
0.27100000000000013,33.501,-0.04681762141380582
0.27100000000000013,34.001,-0.048373722790154616
0.27100000000000013,34.501,-0.05003361059342407
0.27100000000000013,35.001,-0.05181445995238991
0.27100000000000013,35.501,-0.05373790491434524
0.27100000000000013,36.001,-0.05583174671485834
0.27100000000000013,36.501,-0.058132571221612465
0.27100000000000013,37.001,-0.060689928748002095
0.27100000000000013,37.501,-0.06357335474852963
0.27100000000000013,38.001,-0.06688493227989993
0.27100000000000013,38.501,-0.0707836850826357
0.27100000000000013,39.001,-0.0755384656634045
0.27100000000000013,39.501,-0.08166233799303302
0.27600000000000013,0.001,-0.9465832537871476
0.27600000000000013,0.501,-1.9305129183200325
0.27600000000000013,1.001,-0.6876137611266744
0.27600000000000013,1.501,-0.35157800114160964
0.27600000000000013,2.001,-0.2093496783406698
0.27600000000000013,2.501,-0.1357825429170981
0.27600000000000013,3.001,-0.09311129839640507
0.27600000000000013,3.501,-0.06647602806967645
0.27600000000000013,4.0009999999999994,-0.04899847677252439
0.27600000000000013,4.5009999999999994,-0.03712173308278738
0.27600000000000013,5.0009999999999994,-0.02885162611356823
0.27600000000000013,5.5009999999999994,-0.022999050074029553
0.27600000000000013,6.0009999999999994,-0.018819654459816232
0.27600000000000013,6.5009999999999994,-0.015828839610368683
0.27600000000000013,7.0009999999999994,-0.013700743117167402
0.27600000000000013,7.5009999999999994,-0.012210233646310104
0.27600000000000013,8.001,-0.011198167621525507
0.27600000000000013,8.501,-0.01054982164798507
0.27600000000000013,9.001,-0.010181086080708182
0.27600000000000013,9.501,-0.010029387697397335
0.27600000000000013,10.001,-0.010047580288955082
0.27600000000000013,10.501,-0.010199746880470033
0.27600000000000013,11.001,-0.0104582619141323
0.27600000000000013,11.501,-0.010801701128480806
0.27600000000000013,12.001,-0.011213332395021716
0.27600000000000013,12.501,-0.011680011403786744
0.27600000000000013,13.001,-0.012191363778747397
0.27600000000000013,13.501,-0.012739172659968587
0.27600000000000013,14.001,-0.013316915551352575
0.27600000000000013,14.501,-0.013919410875464375
0.27600000000000013,15.001,-0.01454254603351876
0.27600000000000013,15.501,-0.01518306662731099
0.27600000000000013,16.000999999999998,-0.015838412008931532
0.27600000000000013,16.500999999999998,-0.01650658623280324
0.27600000000000013,17.000999999999998,-0.017186056289145463
0.27600000000000013,17.500999999999998,-0.017875671531621187
0.27600000000000013,18.000999999999998,-0.018574599701346353
0.27600000000000013,18.500999999999998,-0.019282276050669594
0.27600000000000013,19.000999999999998,-0.019998362891885627
0.27600000000000013,19.500999999999998,-0.020722717514805658
0.27600000000000013,20.000999999999998,-0.021455366887354683
0.27600000000000013,20.500999999999998,-0.02219648791417421
0.27600000000000013,21.000999999999998,-0.022946392308054786
0.27600000000000013,21.500999999999998,-0.023705515348733896
0.27600000000000013,22.000999999999998,-0.024474407978726416
0.27600000000000013,22.500999999999998,-0.025253731828113996
0.27600000000000013,23.000999999999998,-0.026044256878661763
0.27600000000000013,23.500999999999998,-0.026846861579386455
0.27600000000000013,24.000999999999998,-0.027662535316688774
0.27600000000000013,24.500999999999998,-0.028492383227471565
0.27600000000000013,25.000999999999998,-0.029337633428038596
0.27600000000000013,25.500999999999998,-0.030199646819752277
0.27600000000000013,26.000999999999998,-0.031079929729560102
0.27600000000000013,26.500999999999998,-0.03198014975557947
0.27600000000000013,27.000999999999998,-0.03290215532238719
0.27600000000000013,27.500999999999998,-0.033847999617089744
0.27600000000000013,28.000999999999998,-0.03481996978854103
0.27600000000000013,28.500999999999998,-0.03582062256591999
0.27600000000000013,29.000999999999998,-0.036852827814132905
0.27600000000000013,29.500999999999998,-0.037919822027713296
0.27600000000000013,30.000999999999998,-0.039025274423757424
0.27600000000000013,30.500999999999998,-0.04017336920445083
0.27600000000000013,31.000999999999998,-0.041368908836103245
0.27600000000000013,31.500999999999998,-0.042617445010999885
0.27600000000000013,32.001,-0.04392544659730571
0.27600000000000013,32.501,-0.04530051778292073
0.27600000000000013,33.001,-0.04675168550605699
0.27600000000000013,33.501,-0.04828978435701802
0.27600000000000013,34.001,-0.04992798154399661
0.27600000000000013,34.501,-0.051682508023846954
0.27600000000000013,35.001,-0.05357370154510002
0.27600000000000013,35.501,-0.05562753680747064
0.27600000000000013,36.001,-0.05787794513023612
0.27600000000000013,36.501,-0.060370471397640436
0.27600000000000013,37.001,-0.06316831997785219
0.27600000000000013,37.501,-0.06636295851329417
0.27600000000000013,38.001,-0.07009417529188974
0.27600000000000013,38.501,-0.07459202999558621
0.27600000000000013,39.001,-0.08027793014729748
0.27600000000000013,39.501,-0.08806746293897949
0.28100000000000014,0.001,-0.9586899097040399
0.28100000000000014,0.501,-1.9227122320088803
0.28100000000000014,1.001,-0.6839482891658545
0.28100000000000014,1.501,-0.3494008085002321
0.28100000000000014,2.001,-0.2079453394906128
0.28100000000000014,2.501,-0.13485151792630207
0.28100000000000014,3.001,-0.09249906199681077
0.28100000000000014,3.501,-0.06609226214476704
0.28100000000000014,4.0009999999999994,-0.04878579081050277
0.28100000000000014,4.5009999999999994,-0.03704140917238655
0.28100000000000014,5.0009999999999994,-0.028876342692646856
0.28100000000000014,5.5009999999999994,-0.023108843106399157
0.28100000000000014,6.0009999999999994,-0.01899952572180652
0.28100000000000014,6.5009999999999994,-0.016067265410265874
0.28100000000000014,7.0009999999999994,-0.01398870447388556
0.28100000000000014,7.5009999999999994,-0.012540563105032682
0.28100000000000014,8.001,-0.011565096113532042
0.28100000000000014,8.501,-0.010948656068087426
0.28100000000000014,9.001,-0.010607974798532371
0.28100000000000014,9.501,-0.010481146737436803
0.28100000000000014,10.001,-0.010521562310146115
0.28100000000000014,10.501,-0.01069374095141732
0.28100000000000014,11.001,-0.010970415841854791
0.28100000000000014,11.501,-0.011330460569832834
0.28100000000000014,12.001,-0.01175739263886793
0.28100000000000014,12.501,-0.01223827884747454
0.28100000000000014,13.001,-0.01276292491349849
0.28100000000000014,13.501,-0.013323268939903984
0.28100000000000014,14.001,-0.013912922923393432
0.28100000000000014,14.501,-0.014526823040661885
0.28100000000000014,15.001,-0.015160960726889258
0.28100000000000014,15.501,-0.015812174365070486
0.28100000000000014,16.000999999999998,-0.016477986874427572
0.28100000000000014,16.500999999999998,-0.017156478366129227
0.28100000000000014,17.000999999999998,-0.017846185818013588
0.28100000000000014,17.500999999999998,-0.018546023738047
0.28100000000000014,18.000999999999998,-0.019255221264065862
0.28100000000000014,18.500999999999998,-0.019973272239928324
0.28100000000000014,19.000999999999998,-0.020699895623550374
0.28100000000000014,19.500999999999998,-0.021435004196358506
0.28100000000000014,20.000999999999998,-0.022178680010593352
0.28100000000000014,20.500999999999998,-0.022931155369457848
0.28100000000000014,21.000999999999998,-0.023692798413632393
0.28100000000000014,21.500999999999998,-0.024464102606914784
0.28100000000000014,22.000999999999998,-0.025245679589181724
0.28100000000000014,22.500999999999998,-0.026038255008261648
0.28100000000000014,23.000999999999998,-0.026842667062745143
0.28100000000000014,23.500999999999998,-0.02765986759253196
0.28100000000000014,24.000999999999998,-0.02849092564911187
0.28100000000000014,24.500999999999998,-0.02933703356862348
0.28100000000000014,25.000999999999998,-0.030199515662739502
0.28100000000000014,25.500999999999998,-0.031079839740778166
0.28100000000000014,26.000999999999998,-0.03197963178704326
0.28100000000000014,26.500999999999998,-0.0329006942474397
0.28100000000000014,27.000999999999998,-0.033845028537930574
0.28100000000000014,27.500999999999998,-0.034814862586310516
0.28100000000000014,28.000999999999998,-0.03581268447432583
0.28100000000000014,28.500999999999998,-0.03684128358192431
0.28100000000000014,29.000999999999998,-0.03790380108148223
0.28100000000000014,29.500999999999998,-0.03900379223362418
0.28100000000000014,30.000999999999998,-0.04014530376599596
0.28100000000000014,30.500999999999998,-0.04133297077431252
0.28100000000000014,31.000999999999998,-0.04257213922703662
0.28100000000000014,31.500999999999998,-0.04386902252356811
0.28100000000000014,32.001,-0.04523090403583505
0.28100000000000014,32.501,-0.046666402780605326
0.28100000000000014,33.001,-0.0481858273688795
0.28100000000000014,33.501,-0.049801655951670805
0.28100000000000014,34.001,-0.05152920020555708
0.28100000000000014,34.501,-0.05338754531644553
0.28100000000000014,35.001,-0.05540091661433988
0.28100000000000014,35.501,-0.05760072946829454
0.28100000000000014,36.001,-0.060028780036695616
0.28100000000000014,36.501,-0.0627424388966224
0.28100000000000014,37.001,-0.06582358390548462
0.28100000000000014,37.501,-0.06939507554401333
0.28100000000000014,38.001,-0.07365405975347503
0.28100000000000014,38.501,-0.07894836139804001
0.28100000000000014,39.001,-0.08598807314407193
0.28100000000000014,39.501,-0.09665485763396478
0.28600000000000014,0.001,-0.9707076176330143
0.28600000000000014,0.501,-1.9151139518360119
0.28600000000000014,1.001,-0.6803954542223614
0.28600000000000014,1.501,-0.3473030583278898
0.28600000000000014,2.001,-0.2066026839712571
0.28600000000000014,2.501,-0.13397094485610533
0.28600000000000014,3.001,-0.09192945134770528
0.28600000000000014,3.501,-0.06574531138800019
0.28600000000000014,4.0009999999999994,-0.04860540870803676
0.28600000000000014,4.5009999999999994,-0.03698976876651631
0.28600000000000014,5.0009999999999994,-0.028926762828223325
0.28600000000000014,5.5009999999999994,-0.023241837490068862
0.28600000000000014,6.0009999999999994,-0.01920046343237017
0.28600000000000014,6.5009999999999994,-0.01632491229589776
0.28600000000000014,7.0009999999999994,-0.014294274660221706
0.28600000000000014,7.5009999999999994,-0.01288708023278462
0.28600000000000014,8.001,-0.011946950246513544
0.28600000000000014,8.501,-0.011361288454922541
0.28600000000000014,9.001,-0.011047648638056323
0.28600000000000014,9.501,-0.010944777279020608
0.28600000000000014,10.001,-0.011006588811331777
0.28600000000000014,10.501,-0.011198028752644322
0.28600000000000014,11.001,-0.011492180497576873
0.28600000000000014,11.501,-0.011868208392554078
0.28600000000000014,12.001,-0.012309873635191634
0.28600000000000014,12.501,-0.012804449135867632
0.28600000000000014,13.001,-0.013341916487190075
0.28600000000000014,13.501,-0.013914365186194877
0.28600000000000014,14.001,-0.014515538704386807
0.28600000000000014,14.501,-0.01514048842736429
0.28600000000000014,15.001,-0.015785307690492648
0.28600000000000014,15.501,-0.0164469258876122
0.28600000000000014,16.000999999999998,-0.01712294806088368
0.28600000000000014,16.500999999999998,-0.017811529231807247
0.28600000000000014,17.000999999999998,-0.01851127549633208
0.28600000000000014,17.500999999999998,-0.019221165909782175
0.28600000000000014,18.000999999999998,-0.019940490653844012
0.28600000000000014,18.500999999999998,-0.020668802062056513
0.28600000000000014,19.000999999999998,-0.02140587588940203
0.28600000000000014,19.500999999999998,-0.022151680821177057
0.28600000000000014,20.000999999999998,-0.02290635468006747
0.28600000000000014,20.500999999999998,-0.0236701861468926
0.28600000000000014,21.000999999999998,-0.024443601087926484
0.28600000000000014,21.500999999999998,-0.02522715280073007
0.28600000000000014,22.000999999999998,-0.02602151566652334
0.28600000000000014,22.500999999999998,-0.026827481842032853
0.28600000000000014,23.000999999999998,-0.027645960746713737
0.28600000000000014,23.500999999999998,-0.02847798120966715
0.28600000000000014,24.000999999999998,-0.029324696240856377
0.28600000000000014,24.500999999999998,-0.030187390489090478
0.28600000000000014,25.000999999999998,-0.031067490550391083
0.28600000000000014,25.500999999999998,-0.03196657840083819
0.28600000000000014,26.000999999999998,-0.03288640835476331
0.28600000000000014,26.500999999999998,-0.03382892810084912
0.28600000000000014,27.000999999999998,-0.034796304556359986
0.28600000000000014,27.500999999999998,-0.03579095551825685
0.28600000000000014,28.000999999999998,-0.036815588399859
0.28600000000000014,28.500999999999998,-0.03787324775186748
0.28600000000000014,29.000999999999998,-0.03896737381851095
0.28600000000000014,29.500999999999998,-0.04010187513400897
0.28600000000000014,30.000999999999998,-0.04128121921185103
0.28600000000000014,30.500999999999998,-0.04251054685651955
0.28600000000000014,31.000999999999998,-0.04379581774584568
0.28600000000000014,31.500999999999998,-0.045143998025920236
0.28600000000000014,32.001,-0.04656330526782082
0.28600000000000014,32.501,-0.048063533146931806
0.28600000000000014,33.001,-0.04965648913557918
0.28600000000000014,33.501,-0.05135659600376513
0.28600000000000014,34.001,-0.05318173682365389
0.28600000000000014,34.501,-0.055154472583473654
0.28600000000000014,35.001,-0.05730384945562021
0.28600000000000014,35.501,-0.05966817680489852
0.28600000000000014,36.001,-0.06229948055320113
0.28600000000000014,36.501,-0.06527101898397371
0.28600000000000014,37.001,-0.06869081234963904
0.28600000000000014,37.501,-0.07272812270938067
0.28600000000000014,38.001,-0.07767149928820814
0.28600000000000014,38.501,-0.08407870982329893
0.28600000000000014,39.001,-0.09328193197374539
0.28600000000000014,39.501,-0.11035269978273744
0.29100000000000015,0.001,-0.9826379307230788
0.29100000000000015,0.501,-1.9077114051784516
0.29100000000000015,1.001,-0.6769515233208698
0.29100000000000015,1.501,-0.3452820978957492
0.29100000000000015,2.001,-0.20531963265627268
0.29100000000000015,2.501,-0.13313910434902748
0.29100000000000015,3.001,-0.09140099567070864
0.29100000000000015,3.501,-0.06543388809304768
0.29100000000000015,4.0009999999999994,-0.0484561838678835
0.29100000000000015,4.5009999999999994,-0.036965777828154384
0.29100000000000015,5.0009999999999994,-0.029001944717410577
0.29100000000000015,5.5009999999999994,-0.0233971686601831
0.29100000000000015,6.0009999999999994,-0.01942166887902389
0.29100000000000015,6.5009999999999994,-0.016601038555926623
0.29100000000000015,7.0009999999999994,-0.014616761947092743
0.29100000000000015,7.5009999999999994,-0.013249137621889354
0.29100000000000015,8.001,-0.012343122301509413
0.29100000000000015,8.501,-0.0117871469385111
0.29100000000000015,9.001,-0.011499568360191413
0.29100000000000015,9.501,-0.011419769990435744
0.29100000000000015,10.001,-0.011502178043477168
0.29100000000000015,10.501,-0.011712154118757312
0.29100000000000015,11.001,-0.012023123569638972
0.29100000000000015,11.501,-0.012414534633818766
0.29100000000000015,12.001,-0.012870386455417396
0.29100000000000015,12.501,-0.013378153222927807
0.29100000000000015,13.001,-0.01392798832571308
0.29100000000000015,13.501,-0.014512129209884955
0.29100000000000015,14.001,-0.015124447913933567
0.29100000000000015,14.501,-0.015760108586640842
0.29100000000000015,15.001,-0.016415304421102797
0.29100000000000015,15.501,-0.017087054136929514
0.29100000000000015,16.000999999999998,-0.017773043536143084
0.29100000000000015,16.500999999999998,-0.018471501482831013
0.29100000000000015,17.000999999999998,-0.01918110239938469
0.29100000000000015,17.500999999999998,-0.019900889360132613
0.29100000000000015,18.000999999999998,-0.020630213318695675
0.29100000000000015,18.500999999999998,-0.021368685081475408
0.29100000000000015,19.000999999999998,-0.02211613744288376
0.29100000000000015,19.500999999999998,-0.022872595503231397
0.29100000000000015,20.000999999999998,-0.023638253651018272
0.29100000000000015,20.500999999999998,-0.024413458046106312
0.29100000000000015,21.000999999999998,-0.025198693716876996
0.29100000000000015,21.500999999999998,-0.025994575603609182
0.29100000000000015,22.000999999999998,-0.026801843057409597
0.29100000000000015,22.500999999999998,-0.02762135745094113
0.29100000000000015,23.000999999999998,-0.028454102683240792
0.29100000000000015,23.500999999999998,-0.029301188473774206
0.29100000000000015,24.000999999999998,-0.030163856447206622
0.29100000000000015,24.500999999999998,-0.031043489116376027
0.29100000000000015,25.000999999999998,-0.031941621982989
0.29100000000000015,25.500999999999998,-0.03285995910052218
0.29100000000000015,26.000999999999998,-0.03380039258998958
0.29100000000000015,26.500999999999998,-0.03476502677699351
0.29100000000000015,27.000999999999998,-0.03575620784149857
0.29100000000000015,27.500999999999998,-0.036776560158642405
0.29100000000000015,28.000999999999998,-0.037829030885640214
0.29100000000000015,28.500999999999998,-0.0389169448534664
0.29100000000000015,29.000999999999998,-0.040044072506368135
0.29100000000000015,29.500999999999998,-0.041214714576984154
0.29100000000000015,30.000999999999998,-0.04243380850982592
0.29100000000000015,30.500999999999998,-0.04370706353514327
0.29100000000000015,31.000999999999998,-0.04504113403694395
0.29100000000000015,31.500999999999998,-0.04644384491449358
0.29100000000000015,32.001,-0.04792448876250372
0.29100000000000015,32.501,-0.04949422416558266
0.29100000000000015,33.001,-0.05116661942812577
0.29100000000000015,33.501,-0.05295841060818168
0.29100000000000015,34.001,-0.054890584184935046
0.29100000000000015,34.501,-0.05698996745159312
0.29100000000000015,35.001,-0.059291643235775356
0.29100000000000015,35.501,-0.061842763740279964
0.29100000000000015,36.001,-0.0647088700799818
0.29100000000000015,36.501,-0.06798500726695164
0.29100000000000015,37.001,-0.07181682542219833
0.29100000000000015,37.501,-0.0764449328487931
0.29100000000000015,38.001,-0.082312532509327
0.29100000000000015,38.501,-0.09039172013551086
0.29100000000000015,39.001,-0.10367920113408155
0.29100000000000015,39.501,-0.15865437604946706
0.29600000000000015,0.001,-0.9944823487304213
0.29600000000000015,0.501,-1.900498252544875
0.29600000000000015,1.001,-0.6736129502445706
0.29600000000000015,1.501,-0.34333540746327024
0.29600000000000015,2.001,-0.20409421086665103
0.29600000000000015,2.501,-0.13235436360933603
0.29600000000000015,3.001,-0.09091229841150993
0.29600000000000015,3.501,-0.06515676971466827
0.29600000000000015,4.0009999999999994,-0.04833702789364394
0.29600000000000015,4.5009999999999994,-0.03696845499541712
0.29600000000000015,5.0009999999999994,-0.029100994731184604
0.29600000000000015,5.5009999999999994,-0.023574016482606666
0.29600000000000015,6.0009999999999994,-0.019662384614202222
0.29600000000000015,6.5009999999999994,-0.016894941028208436
0.29600000000000015,7.0009999999999994,-0.01495551079666907
0.29600000000000015,7.5009999999999994,-0.013626121987144316
0.29600000000000015,8.001,-0.012753036850299774
0.29600000000000015,8.501,-0.012225690304619286
0.29600000000000015,9.001,-0.011963223911690413
0.29600000000000015,9.501,-0.011905643395809268
0.29600000000000015,10.001,-0.01200787490301245
0.29600000000000015,10.501,-0.012235686422602643
0.29600000000000015,11.001,-0.012562837267041216
0.29600000000000015,11.501,-0.012969052912394613
0.29600000000000015,12.001,-0.013438564882778455
0.29600000000000015,12.501,-0.013959043966253151
0.29600000000000015,13.001,-0.014520811405645553
0.29600000000000015,13.501,-0.0151162492696678
0.29600000000000015,14.001,-0.015739355361770554
0.29600000000000015,14.501,-0.016385404244112504
0.29600000000000015,15.001,-0.017050687013499113
0.29600000000000015,15.501,-0.017732310113258078
0.29600000000000015,16.000999999999998,-0.018428038821650422
0.29600000000000015,16.500999999999998,-0.01913617485518134
0.29600000000000015,17.000999999999998,-0.019855460248324873
0.29600000000000015,17.500999999999998,-0.02058500164469971
0.29600000000000015,18.000999999999998,-0.02132421057955916
0.29600000000000015,18.500999999999998,-0.022072756401693178
0.29600000000000015,19.000999999999998,-0.022830529280309514
0.29600000000000015,19.500999999999998,-0.0235976113437303
0.29600000000000015,20.000999999999998,-0.024374254454873984
0.29600000000000015,20.500999999999998,-0.025160863481677634
0.29600000000000015,21.000999999999998,-0.0259579841967092
0.29600000000000015,21.500999999999998,-0.026766295159787068
0.29600000000000015,22.000999999999998,-0.027586603115960732
0.29600000000000015,22.500999999999998,-0.028419841590634473
0.29600000000000015,23.000999999999998,-0.029267072493433938
0.29600000000000015,23.500999999999998,-0.03012949066057659
0.29600000000000015,24.000999999999998,-0.031008431379037124
0.29600000000000015,24.500999999999998,-0.03190538105150915
0.29600000000000015,25.000999999999998,-0.032821991286115605
0.29600000000000015,25.500999999999998,-0.03376009683711348
0.29600000000000015,26.000999999999998,-0.03472173799225592
0.29600000000000015,26.500999999999998,-0.03570918821167698
0.29600000000000015,27.000999999999998,-0.03672498808907427
0.29600000000000015,27.500999999999998,-0.037771987051901955
0.29600000000000015,28.000999999999998,-0.03885339467632519
0.29600000000000015,28.500999999999998,-0.039972844112367026
0.29600000000000015,29.000999999999998,-0.04113447096500958
0.29600000000000015,29.500999999999998,-0.042343012162603805
0.29600000000000015,30.000999999999998,-0.04360393102432632
0.29600000000000015,30.500999999999998,-0.04492357716159629
0.29600000000000015,31.000999999999998,-0.0463093934082486
0.29600000000000015,31.500999999999998,-0.047770187311220416
0.29600000000000015,32.001,-0.049316492895907824
0.29600000000000015,32.501,-0.05096106128210658
0.29600000000000015,33.001,-0.05271953951872359
0.29600000000000015,33.501,-0.05461143170460907
0.29600000000000015,34.001,-0.05666149651982601
0.29600000000000015,34.501,-0.05890184371938996
0.29600000000000015,35.001,-0.061375197839956465
0.29600000000000015,35.501,-0.06414021133817734
0.29600000000000015,36.001,-0.06728060447637131
0.29600000000000015,36.501,-0.07092202566982268
0.29600000000000015,37.001,-0.0752661404193316
0.29600000000000015,37.501,-0.08066885146459929
0.29600000000000015,38.001,-0.08785704066271106
0.29600000000000015,38.501,-0.09875820753384032
0.29600000000000015,39.001,-0.12368455581639318
0.29600000000000015,39.501,-0.0995757584225625
0.30100000000000016,0.001,-1.006242320725363
0.30100000000000016,0.501,-1.8934684657232006
0.30100000000000016,1.001,-0.6703763632743069
0.30100000000000016,1.501,-0.3414605915397346
0.30100000000000016,2.001,-0.20292454150196812
0.30100000000000016,2.501,-0.13161517070626905
0.30100000000000016,3.001,-0.09046203235179401
0.30100000000000016,3.501,-0.06491279457494376
0.30100000000000016,4.0009999999999994,-0.048246906752633156
0.30100000000000016,4.5009999999999994,-0.0369968681070984
0.30100000000000016,5.0009999999999994,-0.02922306423544778
0.30100000000000016,5.5009999999999994,-0.023771602320768873
0.30100000000000016,6.0009999999999994,-0.019921891729945795
0.30100000000000016,6.5009999999999994,-0.017205952552693124
0.30100000000000016,7.0009999999999994,-0.01530989946988099
0.30100000000000016,7.5009999999999994,-0.014017451908804282
0.30100000000000016,8.001,-0.01317614861813815
0.30100000000000016,8.501,-0.012676405964160004
0.30100000000000016,9.001,-0.01243813249021336
0.30100000000000016,9.501,-0.012401942026498067
0.30100000000000016,10.001,-0.012523249161553503
0.30100000000000016,10.501,-0.012768218876430329
0.30100000000000016,11.001,-0.013110936686084804
0.30100000000000016,11.501,-0.01353139885555757
0.30100000000000016,12.001,-0.0140140638949552
0.30100000000000016,12.501,-0.014546794661443943
0.30100000000000016,13.001,-0.01512007643682918
0.30100000000000016,13.501,-0.015726432699579546
0.30100000000000016,14.001,-0.016359984317849616
0.30100000000000016,14.501,-0.01701611401001267
0.30100000000000016,15.001,-0.017691208908399515
0.30100000000000016,15.501,-0.01838246165904467
0.30100000000000016,16.000999999999998,-0.0190877158108715
0.30100000000000016,16.500999999999998,-0.019805345019356112
0.30100000000000016,17.000999999999998,-0.020534158293712496
0.30100000000000016,17.500999999999998,-0.021273325476060312
0.30100000000000016,18.000999999999998,-0.02202231857550843
0.30100000000000016,18.500999999999998,-0.022780865640705993
0.30100000000000016,19.000999999999998,-0.023548914646417174
0.30100000000000016,19.500999999999998,-0.024326605467134665
0.30100000000000016,20.000999999999998,-0.025114248466437776
0.30100000000000016,20.500999999999998,-0.025912308582707835
0.30100000000000016,21.000999999999998,-0.026721394067694998
0.30100000000000016,21.500999999999998,-0.027542249254820583
0.30100000000000016,22.000999999999998,-0.028375750914550777
0.30100000000000016,22.500999999999998,-0.029222907906713842
0.30100000000000016,23.000999999999998,-0.030084863974022213
0.30100000000000016,23.500999999999998,-0.030962903645517147
0.30100000000000016,24.000999999999998,-0.03185846134076715
0.30100000000000016,24.500999999999998,-0.03277313389282945
0.30100000000000016,25.000999999999998,-0.033708696848353016
0.30100000000000016,25.500999999999998,-0.03466712506612639
0.30100000000000016,26.000999999999998,-0.03565061833269992
0.30100000000000016,26.500999999999998,-0.03666163296083368
0.30100000000000016,27.000999999999998,-0.03770292065450342
0.30100000000000016,27.500999999999998,-0.03877757634239421
0.30100000000000016,28.000999999999998,-0.039889097242291394
0.30100000000000016,28.500999999999998,-0.041041456182836535
0.30100000000000016,29.000999999999998,-0.04223919326784541
0.30100000000000016,29.500999999999998,-0.04348753145965762
0.30100000000000016,30.000999999999998,-0.04479252379459121
0.30100000000000016,30.500999999999998,-0.046161243060840323
0.30100000000000016,31.000999999999998,-0.04760202940749015
0.30100000000000016,31.500999999999998,-0.04912481840582333
0.30100000000000016,32.001,-0.05074158306754828
0.30100000000000016,32.501,-0.05246694089610521
0.30100000000000016,33.001,-0.05431900602551662
0.30100000000000016,33.501,-0.05632061597734131
0.30100000000000016,34.001,-0.05850115048616164
0.30100000000000016,34.501,-0.060899323548758565
0.30100000000000016,35.001,-0.06356765201043597
0.30100000000000016,35.501,-0.0665799817519886
0.30100000000000016,36.001,-0.07004500078665227
0.30100000000000016,36.501,-0.07413259560642678
0.30100000000000016,37.001,-0.07913134770932573
0.30100000000000016,37.501,-0.08559596687764498
0.30100000000000016,38.001,-0.09483776603159078
0.30100000000000016,38.501,-0.11171096858656591
0.30100000000000016,39.001,-0.11495101934912275
0.30100000000000016,39.501,-0.08611519262061515
0.30600000000000016,0.001,-1.0179192476193695
0.30600000000000016,0.501,-1.8866163076967344
0.30600000000000016,1.001,-0.667238553920561
0.30600000000000016,1.501,-0.33965537085379155
0.30600000000000016,2.001,-0.2018088387285178
0.30600000000000016,2.501,-0.13092004933938178
0.30600000000000016,3.001,-0.09004893511791556
0.30600000000000016,3.501,-0.06470085791820823
0.30600000000000016,4.0009999999999994,-0.04818483725050912
0.30600000000000016,4.5009999999999994,-0.03705013101062974
0.30600000000000016,5.0009999999999994,-0.029367346670595325
0.30600000000000016,5.5009999999999994,-0.023989186341113758
0.30600000000000016,6.0009999999999994,-0.02019950735435916
0.30600000000000016,6.5009999999999994,-0.017533439631652076
0.30600000000000016,7.0009999999999994,-0.015679337828713415
0.30600000000000016,7.5009999999999994,-0.014422575759361421
0.30600000000000016,8.001,-0.013611940520564733
0.30600000000000016,8.501,-0.01313880808801876
0.30600000000000016,9.001,-0.012923836767052721
0.30600000000000016,9.501,-0.012908234723131162
0.30600000000000016,10.001,-0.01304789383992537
0.30600000000000016,10.501,-0.013309366971577238
0.30600000000000016,11.001,-0.013667058310235614
0.30600000000000016,11.501,-0.014101228654371556
0.30600000000000016,12.001,-0.014596558270608004
0.30600000000000016,12.501,-0.015141097696230503
0.30600000000000016,13.001,-0.015725492560884416
0.30600000000000016,13.501,-0.016342404649075257
0.30600000000000016,14.001,-0.01698607529149017
0.30600000000000016,14.501,-0.017651993195236804
0.30600000000000016,15.001,-0.018336639743505176
0.30600000000000016,15.501,-0.019037292343337592
0.30600000000000016,16.000999999999998,-0.019751871685618906
0.30600000000000016,16.500999999999998,-0.020478822527455545
0.30600000000000016,17.000999999999998,-0.021217020292409017
0.30600000000000016,17.500999999999998,-0.02196569772976148
0.30600000000000016,18.000999999999998,-0.022724387298385024
0.30600000000000016,18.500999999999998,-0.023492875994076776
0.30600000000000016,19.000999999999998,-0.02427117012600784
0.30600000000000016,19.500999999999998,-0.025059468141828297
0.30600000000000016,20.000999999999998,-0.025858140054488235
0.30600000000000016,20.500999999999998,-0.02666771237476371
0.30600000000000016,21.000999999999998,-0.02748885772949524
0.30600000000000016,21.500999999999998,-0.028322388567194608
0.30600000000000016,22.000999999999998,-0.02916925453557035
0.30600000000000016,22.500999999999998,-0.0300305432718804
0.30600000000000016,23.000999999999998,-0.030907484486849282
0.30600000000000016,23.500999999999998,-0.03180145735485779
0.30600000000000016,24.000999999999998,-0.03271400135535356
0.30600000000000016,24.500999999999998,-0.033646830851244855
0.30600000000000016,25.000999999999998,-0.03460185384868706
0.30600000000000016,25.500999999999998,-0.03558119557026615
0.30600000000000016,26.000999999999998,-0.03658722770436108
0.30600000000000016,26.500999999999998,-0.03762260448638246
0.30600000000000016,27.000999999999998,-0.03869030714884269
0.30600000000000016,27.500999999999998,-0.039793698783905374
0.30600000000000016,28.000999999999998,-0.040936592347826
0.30600000000000016,28.500999999999998,-0.04212333548065444
0.30600000000000016,29.000999999999998,-0.04335891713561188
0.30600000000000016,29.500999999999998,-0.044649102892779284
0.30600000000000016,30.000999999999998,-0.04600060855584045
0.30600000000000016,30.500999999999998,-0.047421325653524846
0.30600000000000016,31.000999999999998,-0.04892061853368542
0.30600000000000016,31.500999999999998,-0.05050972209905896
0.30600000000000016,32.001,-0.052202284056123045
0.30600000000000016,32.501,-0.05401511970890309
0.30600000000000016,33.001,-0.05596928803174905
0.30600000000000016,33.501,-0.058091668972161656
0.30600000000000016,34.001,-0.06041735215341211
0.30600000000000016,34.501,-0.06299339792578892
0.30600000000000016,35.001,-0.06588504563456803
0.30600000000000016,35.501,-0.06918658027691989
0.30600000000000016,36.001,-0.07304183264134353
0.30600000000000016,36.501,-0.07768689969772528
0.30600000000000016,37.001,-0.08355252337085084
0.30600000000000016,37.501,-0.09156812236775638
0.30600000000000016,38.001,-0.1044962842666877
0.30600000000000016,38.501,-0.15250574583707238
0.30600000000000016,39.001,-0.09384396187505895
0.30600000000000016,39.501,-0.0777924341569054
0.31100000000000017,0.001,-1.0295144845268343
0.31100000000000017,0.501,-1.8799363141596217
0.31100000000000017,1.001,-0.6641964665531338
0.31100000000000017,1.501,-0.33791757496319075
0.31100000000000017,2.001,-0.20074540217093162
0.31100000000000017,2.501,-0.13026759402169014
0.31100000000000017,3.001,-0.08967180504823691
0.31100000000000017,3.501,-0.06451990828119078
0.31100000000000017,4.0009999999999994,-0.04814988378771835
0.31100000000000017,4.5009999999999994,-0.037127400625322854
0.31100000000000017,5.0009999999999994,-0.029533074864742714
0.31100000000000017,5.5009999999999994,-0.024226065034216232
0.31100000000000017,6.0009999999999994,-0.020494582348512425
0.31100000000000017,6.5009999999999994,-0.017876800277291494
0.31100000000000017,7.0009999999999994,-0.016063265314552044
0.31100000000000017,7.5009999999999994,-0.014840969796436593
0.31100000000000017,8.001,-0.014059921857547897
0.31100000000000017,8.501,-0.013612435891373259
0.31100000000000017,9.001,-0.013419903252332027
0.31100000000000017,9.501,-0.013424113073799038
0.31100000000000017,10.001,-0.013581423712591426
0.31100000000000017,10.501,-0.013858767043328113
0.31100000000000017,11.001,-0.014230858630392154
0.31100000000000017,11.501,-0.014678217734987023
0.31100000000000017,12.001,-0.015185741307881646
0.31100000000000017,12.501,-0.015741663312845502
0.31100000000000017,13.001,-0.016336786154512964
0.31100000000000017,13.501,-0.016963906924683823
0.31100000000000017,14.001,-0.017617384909128037
0.31100000000000017,14.501,-0.01829281272321018
0.31100000000000017,15.001,-0.01898676429776903
0.31100000000000017,15.501,-0.01969660043697783
0.31100000000000017,16.000999999999998,-0.02042031792092075
0.31100000000000017,16.500999999999998,-0.021156431846697785
0.31100000000000017,17.000999999999998,-0.021903883568939103
0.31100000000000017,17.500999999999998,-0.022661968532954345
0.31100000000000017,18.000999999999998,-0.023430279708376592
0.31100000000000017,18.500999999999998,-0.024208663377409793
0.31100000000000017,19.000999999999998,-0.0249971848135824
0.31100000000000017,19.500999999999998,-0.025796101977550903
0.31100000000000017,20.000999999999998,-0.02660584580808564
0.31100000000000017,20.500999999999998,-0.027427006036680864
0.31100000000000017,21.000999999999998,-0.02826032173076884
0.31100000000000017,21.500999999999998,-0.029106675993909467
0.31100000000000017,22.000999999999998,-0.029967094437286255
0.31100000000000017,22.500999999999998,-0.03084274719780098
0.31100000000000017,23.000999999999998,-0.031734954424384176
0.31100000000000017,23.500999999999998,-0.03264519529497868
0.31100000000000017,24.000999999999998,-0.03357512077089678
0.31100000000000017,24.500999999999998,-0.034526570452183915
0.31100000000000017,25.000999999999998,-0.03550159407801292
0.31100000000000017,25.500999999999998,-0.036502478433158826
0.31100000000000017,26.000999999999998,-0.03753178069254923
0.31100000000000017,26.500999999999998,-0.03859236958410702
0.31100000000000017,27.000999999999998,-0.03968747620837599
0.31100000000000017,27.500999999999998,-0.04082075696861764
0.31100000000000017,28.000999999999998,-0.04199637190580933
0.31100000000000017,28.500999999999998,-0.043219082901594506
0.31100000000000017,29.000999999999998,-0.04449437786420663
0.31100000000000017,29.500999999999998,-0.04582862938895811
0.31100000000000017,30.000999999999998,-0.047229299868072824
0.31100000000000017,30.500999999999998,-0.048705210233973215
0.31100000000000017,31.000999999999998,-0.05026689748594931
0.31100000000000017,31.500999999999998,-0.05192709863544784
0.31100000000000017,32.001,-0.0537014188238207
0.31100000000000017,32.501,-0.05560927481840871
0.31100000000000017,33.001,-0.05767526274757305
0.31100000000000017,33.501,-0.05993120251589291
0.31100000000000017,34.001,-0.06241930670626912
0.31100000000000017,34.501,-0.06519731221430511
0.31100000000000017,35.001,-0.06834724987571858
0.31100000000000017,35.501,-0.07199148511944778
0.31100000000000017,36.001,-0.07632478317620385
0.31100000000000017,36.501,-0.08168670859801538
0.31100000000000017,37.001,-0.0887572633056666
0.31100000000000017,37.501,-0.09927148352406698
0.31100000000000017,38.001,-0.12129331816609125
0.31100000000000017,38.501,-0.10518513549879585
0.31100000000000017,39.001,-0.08332543333061002
0.31100000000000017,39.501,-0.07170550025223353
0.31600000000000017,0.001,-1.041029342974911
0.31600000000000017,0.501,-1.8734232764807137
0.31600000000000017,1.001,-0.6612471888438967
0.31600000000000017,1.501,-0.3362451354442888
0.31600000000000017,2.001,-0.19973261155975575
0.31600000000000017,2.501,-0.12965646564117306
0.31600000000000017,3.001,-0.08932949738527013
0.31600000000000017,3.501,-0.06436894414858231
0.31600000000000017,4.0009999999999994,-0.04814115537111888
0.31600000000000017,4.5009999999999994,-0.03722787423676263
0.31600000000000017,5.0009999999999994,-0.02971951855851221
0.31600000000000017,5.5009999999999994,-0.024481568931158604
0.31600000000000017,6.0009999999999994,-0.020806499184815308
0.31600000000000017,6.5009999999999994,-0.01823546202900571
0.31600000000000017,7.0009999999999994,-0.016461149085902967
0.31600000000000017,7.5009999999999994,-0.015272136406050735
0.31600000000000017,8.001,-0.014519626650042194
0.31600000000000017,8.501,-0.014096852053347923
0.31600000000000017,9.001,-0.013925920789186363
0.31600000000000017,9.501,-0.013949189975489232
0.31600000000000017,10.001,-0.014123473930134606
0.31600000000000017,10.501,-0.014416074949100216
0.31600000000000017,11.001,-0.014802012874148326
0.31600000000000017,11.501,-0.015262059534965264
0.31600000000000017,12.001,-0.015781323644290957
0.31600000000000017,12.501,-0.01634821846839904
0.31600000000000017,13.001,-0.01695369972767702
0.31600000000000017,13.501,-0.017590696923643873
0.31600000000000017,14.001,-0.01825368488135032
0.31600000000000017,14.501,-0.01893835812852955
0.31600000000000017,15.001,-0.019641381520097506
0.31600000000000017,15.501,-0.020360197970044094
0.31600000000000017,16.000999999999998,-0.021092879370100903
0.31600000000000017,16.500999999999998,-0.021838010471249295
0.31600000000000017,17.000999999999998,-0.02259459815340016
0.31600000000000017,17.500999999999998,-0.023362000427938602
0.31600000000000017,18.000999999999998,-0.02413987092300881
0.31600000000000017,18.500999999999998,-0.024928115640870538
0.31600000000000017,19.000999999999998,-0.025726859553799053
0.31600000000000017,19.500999999999998,-0.026536421192585175
0.31600000000000017,20.000999999999998,-0.027357293831748015
0.31600000000000017,20.500999999999998,-0.02819013222556864
0.31600000000000017,21.000999999999998,-0.0290357441265741
0.31600000000000017,21.500999999999998,-0.029895086043783166
0.31600000000000017,22.000999999999998,-0.030769262887748006
0.31600000000000017,22.500999999999998,-0.03165953131590613
0.31600000000000017,23.000999999999998,-0.03256730674577008
0.31600000000000017,23.500999999999998,-0.03349417415481472
0.31600000000000017,24.000999999999998,-0.03444190294431153
0.31600000000000017,24.500999999999998,-0.035412466320396935
0.31600000000000017,25.000999999999998,-0.03640806585186215
0.31600000000000017,25.500999999999998,-0.03743116211634019
0.31600000000000017,26.000999999999998,-0.03848451266574232
0.31600000000000017,26.500999999999998,-0.039571218956909446
0.31600000000000017,27.000999999999998,-0.0406947844455266
0.31600000000000017,27.500999999999998,-0.04185918678981415
0.31600000000000017,28.000999999999998,-0.04306896814332041
0.31600000000000017,28.500999999999998,-0.044329348965874656
0.31600000000000017,29.000999999999998,-0.04564637285236525
0.31600000000000017,29.500999999999998,-0.04702709289084618
0.31600000000000017,30.000999999999998,-0.04847981452898627
0.31600000000000017,30.500999999999998,-0.05001441669807456
0.31600000000000017,31.000999999999998,-0.05164278344920323
0.31600000000000017,31.500999999999998,-0.053379395094782615
0.31600000000000017,32.001,-0.05524215532642821
0.31600000000000017,32.501,-0.05725357744829969
0.31600000000000017,33.001,-0.059442535290423454
0.31600000000000017,33.501,-0.06184693674471327
0.31600000000000017,34.001,-0.06451797518012542
0.31600000000000017,34.501,-0.06752723299500796
0.31600000000000017,35.001,-0.07097930734584453
0.31600000000000017,35.501,-0.07503610954417711
0.31600000000000017,36.001,-0.079968904877962
0.31600000000000017,36.501,-0.0862881231587047
0.31600000000000017,37.001,-0.09515528453182945
0.31600000000000017,37.501,-0.11047206360288034
0.31600000000000017,38.001,-0.12844351437241322
0.31600000000000017,38.501,-0.0903716054579734
0.31600000000000017,39.001,-0.07615651368504614
0.31600000000000017,39.501,-0.06688935057716625
0.3210000000000002,0.001,-1.0524650929734378
0.3210000000000002,0.501,-1.867072225981595
0.3210000000000002,1.001,-0.6583879429471463
0.3210000000000002,1.501,-0.33463607960751063
0.3210000000000002,2.001,-0.19876892179263522
0.3210000000000002,2.501,-0.12908538736545538
0.3210000000000002,3.001,-0.08902092076240539
0.3210000000000002,3.501,-0.06424701086749189
0.3210000000000002,4.0009999999999994,-0.04815780285704127
0.3210000000000002,4.5009999999999994,-0.03735078700083083
0.3210000000000002,5.0009999999999994,-0.02992598212167695
0.3210000000000002,5.5009999999999994,-0.024755060496980563
0.3210000000000002,6.0009999999999994,-0.02113466998995233
0.3210000000000002,6.5009999999999994,-0.018608880124466737
0.3210000000000002,7.0009999999999994,-0.016872482300637925
0.3210000000000002,7.5009999999999994,-0.015715602482251383
0.3210000000000002,8.001,-0.014990612105689555
0.3210000000000002,8.501,-0.014591641259380464
0.3210000000000002,9.001,-0.014441499164889321
0.3210000000000002,9.501,-0.014483098307275497
0.3210000000000002,10.001,-0.01467369874878452
0.3210000000000002,10.501,-0.014980964849384677
0.3210000000000002,11.001,-0.015380213833894835
0.3210000000000002,11.501,-0.01585246437484633
0.3210000000000002,12.001,-0.016383032168531972
0.3210000000000002,12.501,-0.016960505784127375
0.3210000000000002,13.001,-0.017575990907830186
0.3210000000000002,13.501,-0.018222546650964143
0.3210000000000002,14.001,-0.018894761050915226
0.3210000000000002,14.501,-0.019588428634322363
0.3210000000000002,15.001,-0.020300303634655976
0.3210000000000002,15.501,-0.021027909863924173
0.3210000000000002,16.000999999999998,-0.02176939342265452
0.3210000000000002,16.500999999999998,-0.022523408105141834
0.3210000000000002,17.000999999999998,-0.02328902598887079
0.3210000000000002,17.500999999999998,-0.024065667603749244
0.3210000000000002,18.000999999999998,-0.024853047472831995
0.3210000000000002,18.500999999999998,-0.025651131849198008
0.3210000000000002,19.000999999999998,-0.026460106246355884
0.3210000000000002,19.500999999999998,-0.02728035094446024
0.3210000000000002,20.000999999999998,-0.028112423103420582
0.3210000000000002,20.500999999999998,-0.028957044464103875
0.3210000000000002,21.000999999999998,-0.029815093897827875
0.3210000000000002,21.500999999999998,-0.030687604292920043
0.3210000000000002,22.000999999999998,-0.03157576346142302
0.3210000000000002,22.500999999999998,-0.032480918922061223
0.3210000000000002,23.000999999999998,-0.03340458657868695
0.3210000000000002,23.500999999999998,-0.034348463477109625
0.3210000000000002,24.000999999999998,-0.03531444499830195
0.3210000000000002,24.500999999999998,-0.036304647044600284
0.3210000000000002,25.000999999999998,-0.037321434012407076
0.3210000000000002,25.500999999999998,-0.03836745363907254
0.3210000000000002,26.000999999999998,-0.039445680188805225
0.3210000000000002,26.500999999999998,-0.04055946793853313
0.3210000000000002,27.000999999999998,-0.04171261759115234
0.3210000000000002,27.500999999999998,-0.042909459156011895
0.3210000000000002,28.000999999999998,-0.044154956107765195
0.3210000000000002,28.500999999999998,-0.04545483743707367
0.3210000000000002,29.000999999999998,-0.04681576680823166
0.3210000000000002,29.500999999999998,-0.04824556186636298
0.3210000000000002,30.000999999999998,-0.04975348248565735
0.3210000000000002,30.500999999999998,-0.051350615583052144
0.3210000000000002,31.000999999999998,-0.05305039804089099
0.3210000000000002,31.500999999999998,-0.05486934184809899
0.3210000000000002,32.001,-0.056828063352363026
0.3210000000000002,32.501,-0.05895278415784326
0.3210000000000002,33.001,-0.06127759023728395
0.3210000000000002,33.501,-0.06384796282582363
0.3210000000000002,34.001,-0.06672655436336798
0.3210000000000002,34.501,-0.07000318439143532
0.3210000000000002,35.001,-0.0738134217018932
0.3210000000000002,35.501,-0.07837654426880374
0.3210000000000002,36.001,-0.08408393070408796
0.3210000000000002,36.501,-0.09174970426675014
0.3210000000000002,37.001,-0.1036134560941344
0.3210000000000002,37.501,-0.1337304646579957
0.3210000000000002,38.001,-0.10012255885851756
0.3210000000000002,38.501,-0.0815093533393705
0.3210000000000002,39.001,-0.07068464479489532
0.3210000000000002,39.501,-0.06289825904386992
0.3260000000000002,0.001,-1.063822964955833
0.3260000000000002,0.501,-1.8608784194085728
0.3260000000000002,1.001,-0.6556160773501348
0.3260000000000002,1.501,-0.33308852469067135
0.3260000000000002,2.001,-0.19785285837128336
0.3260000000000002,2.501,-0.1285531408582935
0.3260000000000002,3.001,-0.0887450339582797
0.3260000000000002,3.501,-0.0641531977970739
0.3260000000000002,4.0009999999999994,-0.048199016404586126
0.3260000000000002,4.5009999999999994,-0.03749540963815434
0.3260000000000002,5.0009999999999994,-0.030151802444082165
0.3260000000000002,5.5009999999999994,-0.025045932184967576
0.3260000000000002,6.0009999999999994,-0.021478534737294906
0.3260000000000002,6.5009999999999994,-0.01899653581043456
0.3260000000000002,7.0009999999999994,-0.0172967825294926
0.3260000000000002,7.5009999999999994,-0.016170917930585005
0.3260000000000002,8.001,-0.015472457201806806
0.3260000000000002,8.501,-0.015096408855035631
0.3260000000000002,9.001,-0.014966267828195379
0.3260000000000002,9.501,-0.015025489705000089
0.3260000000000002,10.001,-0.015231770357159224
0.3260000000000002,10.501,-0.015553128082011383
0.3260000000000002,11.001,-0.015965170784688856
0.3260000000000002,11.501,-0.016449158416220057
0.3260000000000002,12.001,-0.016990609015799366
0.3260000000000002,12.501,-0.017578282575373624
0.3260000000000002,13.001,-0.018203431502309967
0.3260000000000002,13.501,-0.01885924181227029
0.3260000000000002,14.001,-0.01954041251435125
0.3260000000000002,14.501,-0.020242836301128782
0.3260000000000002,15.001,-0.020963355315783364
0.3260000000000002,15.501,-0.021699573131219396
0.3260000000000002,16.000999999999998,-0.022449709228293493
0.3260000000000002,16.500999999999998,-0.023212485909820432
0.3260000000000002,17.000999999999998,-0.023987040202034404
0.3260000000000002,17.500999999999998,-0.024772855189643932
0.3260000000000002,18.000999999999998,-0.025569706617832685
0.3260000000000002,18.500999999999998,-0.026377621621371333
0.3260000000000002,19.000999999999998,-0.027196847209606773
0.3260000000000002,19.500999999999998,-0.02802782671862723
0.3260000000000002,20.000999999999998,-0.028871182889837796
0.3260000000000002,20.500999999999998,-0.029727706584867557
0.3260000000000002,21.000999999999998,-0.030598350427741144
0.3260000000000002,21.500999999999998,-0.031484226897457536
0.3260000000000002,22.000999999999998,-0.032386610593884514
0.3260000000000002,22.500999999999998,-0.03330694458070592
0.3260000000000002,23.000999999999998,-0.03424685088295142
0.3260000000000002,23.500999999999998,-0.03520814539485976
0.3260000000000002,24.000999999999998,-0.03619285764860442
0.3260000000000002,24.500999999999998,-0.03720325611975524
0.3260000000000002,25.000999999999998,-0.038241880018705744
0.3260000000000002,25.500999999999998,-0.03931157886165798
0.3260000000000002,26.000999999999998,-0.04041556156169663
0.3260000000000002,26.500999999999998,-0.041557457374668545
0.3260000000000002,27.000999999999998,-0.04274139184087344
0.3260000000000002,27.500999999999998,-0.043972081978042005
0.3260000000000002,28.000999999999998,-0.04525495654904338
0.3260000000000002,28.500999999999998,-0.04659630947351222
0.3260000000000002,29.000999999999998,-0.048003497729635
0.3260000000000002,29.500999999999998,-0.049485199971007664
0.3260000000000002,30.000999999999998,-0.05105175950694178
0.3260000000000002,30.500999999999998,-0.052715646866847266
0.3260000000000002,31.000999999999998,-0.054492095703515514
0.3260000000000002,31.500999999999998,-0.056399996395927125
0.3260000000000002,32.001,-0.05846318404558829
0.3260000000000002,32.501,-0.06071235072021795
0.3260000000000002,33.001,-0.06318798561551889
0.3260000000000002,33.501,-0.06594508969893702
0.3260000000000002,34.001,-0.06906113490917407
0.3260000000000002,34.501,-0.07265039686854588
0.3260000000000002,35.001,-0.07689201776270062
0.3260000000000002,35.501,-0.08209155203406979
0.3260000000000002,36.001,-0.08884004331344356
0.3260000000000002,36.501,-0.09855057848395612
0.3260000000000002,37.001,-0.11661477602044411
0.3260000000000002,37.501,-0.11652316460817497
0.3260000000000002,38.001,-0.08821181865849681
0.3260000000000002,38.501,-0.07510839297980966
0.3260000000000002,39.001,-0.06624855475262453
0.3260000000000002,39.501,-0.059488106746641206
0.3310000000000002,0.001,-1.075104151600881
0.3310000000000002,0.501,-1.8548373254913464
0.3310000000000002,1.001,-0.6529290593335124
0.3310000000000002,1.501,-0.33160067248714525
0.3310000000000002,2.001,-0.1969830131803753
0.3310000000000002,2.501,-0.12805856277974342
0.3310000000000002,3.001,-0.08850084289464633
0.3310000000000002,3.501,-0.0640866356721238
0.3310000000000002,4.0009999999999994,-0.04826402312018668
0.3310000000000002,4.5009999999999994,-0.0376610463017857
0.3310000000000002,5.0009999999999994,-0.030396346985101075
0.3310000000000002,5.5009999999999994,-0.02535360463724766
0.3310000000000002,6.0009999999999994,-0.021837559575270796
0.3310000000000002,6.5009999999999994,-0.019397934780657863
0.3310000000000002,7.0009999999999994,-0.01773359028896613
0.3310000000000002,7.5009999999999994,-0.016637654284210518
0.3310000000000002,8.001,-0.01596476137505276
0.3310000000000002,8.501,-0.015610779601188951
0.3310000000000002,9.001,-0.015499874703287932
0.3310000000000002,9.501,-0.015576033428275099
0.3310000000000002,10.001,-0.015797377791438735
0.3310000000000002,10.501,-0.01613227212130583
0.3310000000000002,11.001,-0.016556608483777616
0.3310000000000002,11.501,-0.017051882698488903
0.3310000000000002,12.001,-0.017603810639064715
0.3310000000000002,12.501,-0.018201319955012996
0.3310000000000002,13.001,-0.018835806631849722
0.3310000000000002,13.501,-0.01950058097561251
0.3310000000000002,14.001,-0.020190450810511185
0.3310000000000002,14.501,-0.020901405240876067
0.3310000000000002,15.001,-0.02163037292626617
0.3310000000000002,15.501,-0.022375036137395207
0.3310000000000002,16.000999999999998,-0.023133686981247154
0.3310000000000002,16.500999999999998,-0.023905115810558392
0.3310000000000002,17.000999999999998,-0.024688524431386014
0.3310000000000002,17.500999999999998,-0.025483458605013568
0.3310000000000002,18.000999999999998,-0.026289755719204916
0.3310000000000002,18.500999999999998,-0.027107504524715692
0.3310000000000002,19.000999999999998,-0.027937014597825605
0.3310000000000002,19.500999999999998,-0.028778793770149066
0.3310000000000002,20.000999999999998,-0.02963353221446257
0.3310000000000002,20.500999999999998,-0.030502092227051733
0.3310000000000002,21.000999999999998,-0.03138550303072319
0.3310000000000002,21.500999999999998,-0.032284960159267004
0.3310000000000002,22.000999999999998,-0.033201829190453384
0.3310000000000002,22.500999999999998,-0.03413765378463312
0.3310000000000002,23.000999999999998,-0.03509416817238425
0.3310000000000002,23.500999999999998,-0.03607331442994239
0.3310000000000002,24.000999999999998,-0.037077265099142165
0.3310000000000002,24.500999999999998,-0.0381084519655288
0.3310000000000002,25.000999999999998,-0.0391696021250329
0.3310000000000002,25.500999999999998,-0.04026378287398986
0.3310000000000002,26.000999999999998,-0.04139445748824688
0.3310000000000002,26.500999999999998,-0.04256555467032665
0.3310000000000002,27.000999999999998,-0.04378155542092786
0.3310000000000002,27.500999999999998,-0.045047602454946364
0.3310000000000002,28.000999999999998,-0.04636963922014461
0.3310000000000002,28.500999999999998,-0.04775458838132816
0.3310000000000002,29.000999999999998,-0.04921058377185164
0.3310000000000002,29.500999999999998,-0.050747276052254334
0.3310000000000002,30.000999999999998,-0.05237624193763972
0.3310000000000002,30.500999999999998,-0.05411154208414553
0.3310000000000002,31.000999999999998,-0.055970497537040406
0.3310000000000002,31.500999999999998,-0.05797479642326493
0.3310000000000002,32.001,-0.06015211563510216
0.3310000000000002,32.501,-0.06253857576225427
0.3310000000000002,33.001,-0.0651826044525414
0.3310000000000002,33.501,-0.06815130940123734
0.3310000000000002,34.001,-0.0715416238743833
0.3310000000000002,34.501,-0.075501309142059
0.3310000000000002,35.001,-0.0802726527350029
0.3310000000000002,35.501,-0.08629694665009231
0.3310000000000002,36.001,-0.09452356122362782
0.3310000000000002,36.501,-0.10775568063338661
0.3310000000000002,37.001,-0.15436361534227055
0.3310000000000002,37.501,-0.09720555886700524
0.3310000000000002,38.001,-0.08039309819856164
0.3310000000000002,38.501,-0.0700770295311462
0.3310000000000002,39.001,-0.06251388951040399
0.3310000000000002,39.501,-0.05651012413596296
0.3360000000000002,0.001,-1.0863098095443915
0.3360000000000002,0.501,-1.8489446124919575
0.3360000000000002,1.001,-0.6503244679875697
0.3360000000000002,1.501,-0.3301708043703077
0.3360000000000002,2.001,-0.19615804057804176
0.3360000000000002,2.501,-0.1276005415448495
0.3360000000000002,3.001,-0.08828739785612347
0.3360000000000002,3.501,-0.06404649416163266
0.3360000000000002,4.0009999999999994,-0.048352084876444185
0.3360000000000002,4.5009999999999994,-0.037847032602725206
0.3360000000000002,5.0009999999999994,-0.030659011967528405
0.3360000000000002,5.5009999999999994,-0.025677525018682645
0.3360000000000002,6.0009999999999994,-0.022211235279607625
0.3360000000000002,6.5009999999999994,-0.019812605729558008
0.3360000000000002,7.0009999999999994,-0.018182467682976586
0.3360000000000002,7.5009999999999994,-0.017115403422631376
0.3360000000000002,8.001,-0.01646714330827638
0.3360000000000002,8.501,-0.016134396521548217
0.3360000000000002,9.001,-0.016041985091733713
0.3360000000000002,9.501,-0.016134415311574807
0.3360000000000002,10.001,-0.016370225931089374
0.3360000000000002,10.501,-0.016718119614576827
0.3360000000000002,11.001,-0.017154266244514313
0.3360000000000002,11.501,-0.017660392247320578
0.3360000000000002,12.001,-0.01822240694956255
0.3360000000000002,12.501,-0.018829402003798897
0.3360000000000002,13.001,-0.019472913928893207
0.3360000000000002,13.501,-0.020146374796113906
0.3360000000000002,14.001,-0.02084469917014739
0.3360000000000002,14.501,-0.021563970890183054
0.3360000000000002,15.001,-0.022301203813371653
0.3360000000000002,15.501,-0.023054157918730667
0.3360000000000002,16.000999999999998,-0.023821197259503886
0.3360000000000002,16.500999999999998,-0.024601179856570357
0.3360000000000002,17.000999999999998,-0.025393372207992017
0.3360000000000002,17.500999999999998,-0.02619738296080068
0.3360000000000002,18.000999999999998,-0.027013111661706436
0.3360000000000002,18.500999999999998,-0.027840709518779323
0.3360000000000002,19.000999999999998,-0.028680549867570005
0.3360000000000002,19.500999999999998,-0.029533206613982343
0.3360000000000002,20.000999999999998,-0.030399439373706365
0.3360000000000002,20.500999999999998,-0.03128018438139367
0.3360000000000002,21.000999999999998,-0.03217655052976465
0.3360000000000002,21.500999999999998,-0.033089820140800655
0.3360000000000002,22.000999999999998,-0.034021454285209266
0.3360000000000002,22.500999999999998,-0.03497310266711246
0.3360000000000002,23.000999999999998,-0.035946618292018534
0.3360000000000002,23.500999999999998,-0.03694407735150873
0.3360000000000002,24.000999999999998,-0.03796780500336465
0.3360000000000002,24.500999999999998,-0.039020408020206135
0.3360000000000002,25.000999999999998,-0.04010481564801937
0.3360000000000002,25.500999999999998,-0.04122433049221408
0.3360000000000002,26.000999999999998,-0.0423826918810936
0.3360000000000002,26.500999999999998,-0.04358415501449619
0.3360000000000002,27.000999999999998,-0.0448335903922463
0.3360000000000002,27.500999999999998,-0.046136609689514316
0.3360000000000002,28.000999999999998,-0.047499726646580025
0.3360000000000002,28.500999999999998,-0.04893056505187835
0.3360000000000002,29.000999999999998,-0.05043813113962886
0.3360000000000002,29.500999999999998,-0.05203317572614624
0.3360000000000002,30.000999999999998,-0.05372868392982211
0.3360000000000002,30.500999999999998,-0.05554055045642069
0.3360000000000002,31.000999999999998,-0.0574885318402245
0.3360000000000002,31.500999999999998,-0.059597624468006406
0.3360000000000002,32.001,-0.061900120101500006
0.3360000000000002,32.501,-0.0644387840089824
0.3360000000000002,33.001,-0.0672719857247005
0.3360000000000002,33.501,-0.07048243344404098
0.3360000000000002,34.001,-0.07419307112422505
0.3360000000000002,34.501,-0.07859864636173367
0.3360000000000002,35.001,-0.08403632053747812
0.3360000000000002,35.501,-0.0911737229091154
0.3360000000000002,36.001,-0.10167788452922523
0.3360000000000002,36.501,-0.12276920866637198
0.3360000000000002,37.001,-0.11117675356151141
0.3360000000000002,37.501,-0.08694531810480406
0.3360000000000002,38.001,-0.07452658195707762
0.3360000000000002,38.501,-0.06592439213159768
0.3360000000000002,39.001,-0.05928715555470748
0.3360000000000002,39.501,-0.05386670326401126
0.3410000000000002,0.001,-1.0974410609889442
0.3410000000000002,0.501,-1.843196136657642
0.3410000000000002,1.001,-0.647799987735752
0.3410000000000002,1.501,-0.3287972766796359
0.3410000000000002,2.001,-0.19537665377071017
0.3410000000000002,2.501,-0.1271780143182259
0.3410000000000002,3.001,-0.08810379091241147
0.3410000000000002,3.501,-0.0640319796052293
0.3410000000000002,4.0009999999999994,-0.048462496289966656
0.3410000000000002,4.5009999999999994,-0.03805273377943799
0.3410000000000002,5.0009999999999994,-0.030939220703259107
0.3410000000000002,5.5009999999999994,-0.026017165472368847
0.3410000000000002,6.0009999999999994,-0.02259907581857598
0.3410000000000002,6.5009999999999994,-0.020240099011537144
0.3410000000000002,7.0009999999999994,-0.018642997143745524
0.3410000000000002,7.5009999999999994,-0.017603776384039746
0.3410000000000002,8.001,-0.016979239806019036
0.3410000000000002,8.501,-0.016666919834418564
0.3410000000000002,9.001,-0.0165922806547191
0.3410000000000002,9.501,-0.01670033679205099
0.3410000000000002,10.001,-0.01695003456808153
0.3410000000000002,10.501,-0.017310407489157575
0.3410000000000002,11.001,-0.0177578970781416
0.3410000000000002,11.501,-0.01827445524851251
0.3410000000000002,12.001,-0.01884618052042728
0.3410000000000002,12.501,-0.019462325001770794
0.3410000000000002,13.001,-0.020114562795044144
0.3410000000000002,13.501,-0.02079644529796907
0.3410000000000002,14.001,-0.021502991821182205
0.3410000000000002,14.501,-0.022230379337824735
0.3410000000000002,15.001,-0.022975705657614504
0.3410000000000002,15.501,-0.023736807551679673
0.3410000000000002,16.000999999999998,-0.024512120414246802
0.3410000000000002,16.500999999999998,-0.025300569630184684
0.3410000000000002,17.000999999999998,-0.026101486384285846
0.3410000000000002,17.500999999999998,-0.026914542508027578
0.3410000000000002,18.000999999999998,-0.02773970032230179
0.3410000000000002,18.500999999999998,-0.02857717444480356
0.3410000000000002,19.000999999999998,-0.02942740328908143
0.3410000000000002,19.500999999999998,-0.030291028559908187
0.3410000000000002,20.000999999999998,-0.031168881497610962
0.3410000000000002,20.500999999999998,-0.03206197497963381
0.3410000000000002,21.000999999999998,-0.03297150087875775
0.3410000000000002,21.500999999999998,-0.033898832325734096
0.3410000000000002,22.000999999999998,-0.0348455307472499
0.3410000000000002,22.500999999999998,-0.03581335776352329
0.3410000000000002,23.000999999999998,-0.03680429224821431
0.3410000000000002,23.500999999999998,-0.03782055309225128
0.3410000000000002,24.000999999999998,-0.03886462849065529
0.3410000000000002,24.500999999999998,-0.03993931291004351
0.3410000000000002,25.000999999999998,-0.041047753324203864
0.3410000000000002,25.500999999999998,-0.042193506867516294
0.3410000000000002,26.000999999999998,-0.04338061281047677
0.3410000000000002,26.500999999999998,-0.044613682795467416
0.3410000000000002,27.000999999999998,-0.0458980147150493
0.3410000000000002,27.500999999999998,-0.04723973767005125
0.3410000000000002,28.000999999999998,-0.048645998424532814
0.3410000000000002,28.500999999999998,-0.05012520418213122
0.3410000000000002,29.000999999999998,-0.05168734316833688
0.3410000000000002,29.500999999999998,-0.05334441480681493
0.3410000000000002,30.000999999999998,-0.055111017640975986
0.3410000000000002,30.500999999999998,-0.05700516991524091
0.3410000000000002,31.000999999999998,-0.05904948299518944
0.3410000000000002,31.500999999999998,-0.06127288736778862
0.3410000000000002,32.001,-0.06371325721737016
0.3410000000000002,32.501,-0.06642156302058559
0.3410000000000002,33.001,-0.06946876692245067
0.3410000000000002,33.501,-0.07295798210471331
0.3410000000000002,34.001,-0.07704763362425204
0.3410000000000002,34.501,-0.08200035867081891
0.3410000000000002,35.001,-0.08830244586800474
0.3410000000000002,35.501,-0.09702973539411475
0.3410000000000002,36.001,-0.11156279737736415
0.3410000000000002,36.501,-0.15246807738314022
0.3410000000000002,37.001,-0.09558918850532575
0.3410000000000002,37.501,-0.07982250654799777
0.3410000000000002,38.001,-0.06981703573478289
0.3410000000000002,38.501,-0.06238579281722639
0.3410000000000002,39.001,-0.056445939444569423
0.3410000000000002,39.501,-0.051490230760670455
0.3460000000000002,0.001,-1.10849899521917
0.3460000000000002,0.501,-1.8375879314997063
0.3460000000000002,1.001,-0.6453534023217854
0.3460000000000002,1.501,-0.3274785164373027
0.3460000000000002,2.001,-0.19463762144780222
0.3460000000000002,2.501,-0.1267899642242153
0.3460000000000002,3.001,-0.0879491535255158
0.3460000000000002,3.501,-0.06404233291217692
0.3460000000000002,4.0009999999999994,-0.04859458284449991
0.3460000000000002,4.5009999999999994,-0.03827754299896005
0.3460000000000002,5.0009999999999994,-0.03123642203936169
0.3460000000000002,5.5009999999999994,-0.02637202168623906
0.3460000000000002,6.0009999999999994,-0.023000617021475517
0.3460000000000002,6.5009999999999994,-0.020679985396782598
0.3460000000000002,7.0009999999999994,-0.01911478026332364
0.3460000000000002,7.5009999999999994,-0.018102402263176026
0.3460000000000002,8.001,-0.017500704751002752
0.3460000000000002,8.501,-0.0172080259614191
0.3460000000000002,9.001,-0.017150458468627727
0.3460000000000002,9.501,-0.017273514007430074
0.3460000000000002,10.001,-0.01753653754324272
0.3460000000000002,10.501,-0.0179088861239024
0.3460000000000002,11.001,-0.018367266897581738
0.3460000000000002,11.501,-0.01889385228161819
0.3460000000000002,12.001,-0.019474925848029526
0.3460000000000002,12.501,-0.020099896715461085
0.3460000000000002,13.001,-0.020760573712559724
0.3460000000000002,13.501,-0.021450625208859674
0.3460000000000002,14.001,-0.02216517334488806
0.3460000000000002,14.501,-0.022900486701706677
0.3460000000000002,15.001,-0.023653745869737855
0.3460000000000002,15.501,-0.024422863569248617
0.3460000000000002,16.000999999999998,-0.025206346005196223
0.3460000000000002,16.500999999999998,-0.026003185700916337
0.3460000000000002,17.000999999999998,-0.0268127786068389
0.3460000000000002,17.500999999999998,-0.027634860129475983
0.3460000000000002,18.000999999999998,-0.02846945608124528
0.3460000000000002,18.500999999999998,-0.029316845557034427
0.3460000000000002,19.000999999999998,-0.030177533499073497
0.3460000000000002,19.500999999999998,-0.031052231288562354
0.3460000000000002,20.000999999999998,-0.031941844151562364
0.3460000000000002,20.500999999999998,-0.03284746452522172
0.3460000000000002,21.000999999999998,-0.033770370826627406
0.3460000000000002,21.500999999999998,-0.03471203132246047
0.3460000000000002,22.000999999999998,-0.03567411303149316
0.3460000000000002,22.500999999999998,-0.036658495820120304
0.3460000000000002,23.000999999999998,-0.03766729208971973
0.3460000000000002,23.500999999999998,-0.03870287272117316
0.3460000000000002,24.000999999999998,-0.03976790025727403
0.3460000000000002,24.500999999999998,-0.04086537069475256
0.3460000000000002,25.000999999999998,-0.04199866576050715
0.3460000000000002,25.500999999999998,-0.0431716182122936
0.3460000000000002,26.000999999999998,-0.04438859360635475
0.3460000000000002,26.500999999999998,-0.04565459322283874
0.3460000000000002,27.000999999999998,-0.0469753846004048
0.3460000000000002,27.500999999999998,-0.0483576686616588
0.3460000000000002,28.000999999999998,-0.04980929611882352
0.3460000000000002,28.500999999999998,-0.05133955139614799
0.3460000000000002,29.000999999999998,-0.05295953079364912
0.3460000000000002,29.500999999999998,-0.05468265493308072
0.3460000000000002,30.000999999999998,-0.05652537700912398
0.3460000000000002,30.500999999999998,-0.05850818413588024
0.3460000000000002,31.000999999999998,-0.06065705081976766
0.3460000000000002,31.500999999999998,-0.06300561471354674
0.3460000000000002,32.001,-0.0655985548475888
0.3460000000000002,32.501,-0.06849707337681035
0.3460000000000002,33.001,-0.07178828689168093
0.3460000000000002,33.501,-0.07560245843574628
0.3460000000000002,34.001,-0.0801475878075884
0.3460000000000002,34.501,-0.08578796830463967
0.3460000000000002,35.001,-0.09325836793537959
0.3460000000000002,35.501,-0.10445926747118424
0.3460000000000002,36.001,-0.12864344065393749
0.3460000000000002,36.501,-0.10850470848895782
0.3460000000000002,37.001,-0.08635423972815086
0.3460000000000002,37.501,-0.07433545042506005
0.3460000000000002,38.001,-0.0658772641412761
0.3460000000000002,38.501,-0.05930157559629215
0.3460000000000002,39.001,-0.05390771152967108
0.3460000000000002,39.501,-0.04933187677869286
0.3510000000000002,0.001,-1.1194846700294299
0.3510000000000002,0.501,-1.832116197828484
0.3510000000000002,1.001,-0.642982589221084
0.3510000000000002,1.501,-0.3262130173672339
0.3510000000000002,2.001,-0.1939397646542174
0.3510000000000002,2.501,-0.12643541775429434
0.3510000000000002,3.001,-0.0878226543262538
0.3510000000000002,3.501,-0.06407682760908467
0.3510000000000002,4.0009999999999994,-0.04874769914698032
0.3510000000000002,4.5009999999999994,-0.038520879778373596
0.3510000000000002,5.0009999999999994,-0.031550088914306954
0.3510000000000002,5.5009999999999994,-0.026741611561312745
0.3510000000000002,6.0009999999999994,-0.023415415341565993
0.3510000000000002,6.5009999999999994,-0.021131854915346915
0.3510000000000002,7.0009999999999994,-0.019597436708039574
0.3510000000000002,7.5009999999999994,-0.018610927187420634
0.3510000000000002,8.001,-0.01803120813470413
0.3510000000000002,8.501,-0.017757406606595035
0.3510000000000002,9.001,-0.017716230147709205
0.3510000000000002,9.501,-0.017853676958026546
0.3510000000000002,10.001,-0.0181294819440284
0.3510000000000002,10.501,-0.018513318579650995
0.3510000000000002,11.001,-0.0189821537779591
0.3510000000000002,11.501,-0.019518375608253702
0.3510000000000002,12.001,-0.02010844866610733
0.3510000000000002,12.501,-0.020741935736163744
0.3510000000000002,13.001,-0.021410777605298387
0.3510000000000002,13.501,-0.0221087573423424
0.3510000000000002,14.001,-0.022831098078669038
0.3510000000000002,14.501,-0.023574158551169594
0.3510000000000002,15.001,-0.02433520103184819
0.3510000000000002,15.501,-0.025112213420439428
0.3510000000000002,16.000999999999998,-0.025903772278016372
0.3510000000000002,16.500999999999998,-0.026708937120687726
0.3510000000000002,17.000999999999998,-0.02752716882945514
0.3510000000000002,17.500999999999998,-0.028358266870967427
0.3510000000000002,18.000999999999998,-0.029202321372138858
0.3510000000000002,18.500999999999998,-0.030059677092511818
0.3510000000000002,19.000999999999998,-0.030930907091637816
0.3510000000000002,19.500999999999998,-0.03181679446541012
0.3510000000000002,20.000999999999998,-0.03271832097599628
0.3510000000000002,20.500999999999998,-0.03363666176234201
0.3510000000000002,21.000999999999998,-0.03457318562050229
0.3510000000000002,21.500999999999998,-0.03552946060786284
0.3510000000000002,22.000999999999998,-0.03650726497169927
0.3510000000000002,22.500999999999998,-0.037508603647927394
0.3510000000000002,23.000999999999998,-0.03853573083814038
0.3510000000000002,23.500999999999998,-0.03959117947197101
0.3510000000000002,24.000999999999998,-0.04067779872187474
0.3510000000000002,24.500999999999998,-0.041798801190525786
0.3510000000000002,25.000999999999998,-0.04295782198108771
0.3510000000000002,25.500999999999998,-0.044158992650282156
0.3510000000000002,26.000999999999998,-0.04540703412523187
0.3510000000000002,26.500999999999998,-0.04670737417520812
0.3510000000000002,27.000999999999998,-0.04806629717993937
0.3510000000000002,27.500999999999998,-0.049491137058191456
0.3510000000000002,28.000999999999998,-0.050990528845233286
0.3510000000000002,28.500999999999998,-0.05257474140930894
0.3510000000000002,29.000999999999998,-0.054256124651870824
0.3510000000000002,29.500999999999998,-0.05604972181628171
0.3510000000000002,30.000999999999998,-0.05797412587033185
0.3510000000000002,30.500999999999998,-0.06005270701229153
0.3510000000000002,31.000999999999998,-0.06231542317802487
0.3510000000000002,31.500999999999998,-0.06480158203095575
0.3510000000000002,32.001,-0.06756422797424849
0.3510000000000002,32.501,-0.07067746157311106
0.3510000000000002,33.001,-0.07424942443834981
0.3510000000000002,33.501,-0.07844722703929138
0.3510000000000002,34.001,-0.08355014710909965
0.3510000000000002,34.501,-0.09008163301101954
0.3510000000000002,35.001,-0.09922445176287942
0.3510000000000002,35.501,-0.11488316252148352
0.3510000000000002,36.001,-0.13771262120528743
0.3510000000000002,36.501,-0.09489675535954031
0.3510000000000002,37.001,-0.0797055234817564
0.3510000000000002,37.501,-0.06986173403503834
0.3510000000000002,38.001,-0.06248836830027972
0.3510000000000002,38.501,-0.05656775228136823
0.3510000000000002,39.001,-0.051614107114471786
0.3510000000000002,39.501,-0.047355191371523095
0.3560000000000002,0.001,-1.130399113070103
0.3560000000000002,0.501,-1.8267772944810436
0.3560000000000002,1.001,-0.6406855144409261
0.3560000000000002,1.501,-0.3249993361913018
0.3560000000000002,2.001,-0.19328195388069852
0.3560000000000002,2.501,-0.1261134423552161
0.3560000000000002,3.001,-0.08772349704585314
0.3560000000000002,3.501,-0.06413476802388429
0.3560000000000002,4.0009999999999994,-0.048921227305370144
0.3560000000000002,4.5009999999999994,-0.0387821885165642
0.3560000000000002,5.0009999999999994,-0.03187971701509823
0.3560000000000002,5.5009999999999994,-0.027125473973047196
0.3560000000000002,6.0009999999999994,-0.02384304670551357
0.3560000000000002,6.5009999999999994,-0.021595315782086635
0.3560000000000002,7.0009999999999994,-0.020090603208901603
0.3560000000000002,7.5009999999999994,-0.01912901336454198
0.3560000000000002,8.001,-0.01857043515578896
0.3560000000000002,8.501,-0.018314767900011998
0.3560000000000002,9.001,-0.018289321028203215
0.3560000000000002,9.501,-0.018440568727483467
0.3560000000000002,10.001,-0.018728627358555953
0.3560000000000002,10.501,-0.019123479883711186
0.3560000000000002,11.001,-0.019602347269091686
0.3560000000000002,11.501,-0.020147828510499205
0.3560000000000002,12.001,-0.02074656530827211
0.3560000000000002,12.501,-0.02138827086498714
0.3560000000000002,13.001,-0.022065015244990122
0.3560000000000002,13.501,-0.022770694024206423
0.3560000000000002,14.001,-0.02350062956155205
0.3560000000000002,14.501,-0.024251269370846387
0.3560000000000002,15.001,-0.025019956379027992
0.3560000000000002,15.501,-0.025804752969182138
0.3560000000000002,16.000999999999998,-0.02660430568031231
0.3560000000000002,16.500999999999998,-0.0274177409568179
0.3560000000000002,17.000999999999998,-0.028244584863306367
0.3560000000000002,17.500999999999998,-0.02908470150903697
0.3560000000000002,18.000999999999998,-0.02993824626785213
0.3560000000000002,18.500999999999998,-0.030805630876304405
0.3560000000000002,19.000999999999998,-0.03168749824433865
0.3560000000000002,19.500999999999998,-0.03258470538982634
0.3560000000000002,20.000999999999998,-0.03349831336136249
0.3560000000000002,20.500999999999998,-0.03442958338067106
0.3560000000000002,21.000999999999998,-0.03537997874549711
0.3560000000000002,21.500999999999998,-0.036351172309134365
0.3560000000000002,22.000999999999998,-0.037345059613743334
0.3560000000000002,22.500999999999998,-0.03836377802015219
0.3560000000000002,23.000999999999998,-0.03940973246669617
0.3560000000000002,23.500999999999998,-0.040485628826613704
0.3560000000000002,24.000999999999998,-0.041594516246214144
0.3560000000000002,24.500999999999998,-0.04273984037274716
0.3560000000000002,25.000999999999998,-0.04392551007503119
0.3560000000000002,25.500999999999998,-0.04515598119864868
0.3560000000000002,26.000999999999998,-0.04643636219526632
0.3560000000000002,26.500999999999998,-0.04777254829594991
0.3560000000000002,27.000999999999998,-0.04917139353044892
0.3560000000000002,27.500999999999998,-0.05064093375535828
0.3560000000000002,28.000999999999998,-0.05219067963786117
0.3560000000000002,28.500999999999998,-0.053832007405828046
0.3560000000000002,29.000999999999998,-0.05557868910630937
0.3560000000000002,29.500999999999998,-0.0574476266351596
0.3560000000000002,30.000999999999998,-0.05945989138590327
0.3560000000000002,30.500999999999998,-0.06164223642344967
0.3560000000000002,31.000999999999998,-0.0640293655550695
0.3560000000000002,31.500999999999998,-0.06666746653959366
0.3560000000000002,32.001,-0.0696199642424194
0.3560000000000002,32.501,-0.07297741953834908
0.3560000000000002,33.001,-0.07687579343414928
0.3560000000000002,33.501,-0.08153338092844545
0.3560000000000002,34.001,-0.08733557234802776
0.3560000000000002,34.501,-0.0950697457054929
0.3560000000000002,35.001,-0.10682437493615769
0.3560000000000002,35.501,-0.13376989062679337
0.3560000000000002,36.001,-0.10742704262465652
0.3560000000000002,36.501,-0.08631637573248238
0.3560000000000002,37.001,-0.0744870912208284
0.3560000000000002,37.501,-0.06608065207561577
0.3560000000000002,38.001,-0.05951405960179944
0.3560000000000002,38.501,-0.05411268234743957
0.3560000000000002,39.001,-0.04952228218004821
0.3560000000000002,39.501,-0.045532224414767584
0.3610000000000002,0.001,-1.1412433231182182
0.3610000000000002,0.501,-1.8215677296846358
0.3610000000000002,1.001,-0.6384602276773605
0.3610000000000002,1.501,-0.3238360891797946
0.3610000000000002,2.001,-0.19266310635408113
0.3610000000000002,2.501,-0.12582314418294904
0.3610000000000002,3.001,-0.087650918589843
0.3610000000000002,3.501,-0.06421548759479322
0.3610000000000002,4.0009999999999994,-0.04911457541820065
0.3610000000000002,4.5009999999999994,-0.039060937127132586
0.3610000000000002,5.0009999999999994,-0.032224823526960905
0.3610000000000002,5.5009999999999994,-0.02752316761809711
0.3610000000000002,6.0009999999999994,-0.024283105442186453
0.3610000000000002,6.5009999999999994,-0.022069993395762814
0.3610000000000002,7.0009999999999994,-0.020593932621661926
0.3610000000000002,7.5009999999999994,-0.019656338196162998
0.3610000000000002,8.001,-0.019118085380783842
0.3610000000000002,8.501,-0.01887982960049024
0.3610000000000002,9.001,-0.018869469408825362
0.3610000000000002,9.501,-0.01903394475738085
0.3610000000000002,10.001,-0.019333745181243506
0.3610000000000002,10.501,-0.019739156363889683
0.3610000000000002,11.001,-0.020227647755654624
0.3610000000000002,11.501,-0.0207820246752575
0.3610000000000002,12.001,-0.02138910211489095
0.3610000000000002,12.501,-0.022038740540832217
0.3610000000000002,13.001,-0.022723136699093996
0.3610000000000002,13.501,-0.02343629655917638
0.3610000000000002,14.001,-0.024173640018886874
0.3610000000000002,14.501,-0.024931702062666924
0.3610000000000002,15.001,-0.025707905318126167
0.3610000000000002,15.501,-0.026500386029551348
0.3610000000000002,16.000999999999998,-0.02730786041308786
0.3610000000000002,16.500999999999998,-0.028129521859738167
0.3610000000000002,17.000999999999998,-0.028964961961132227
0.3610000000000002,17.500999999999998,-0.029814110152118094
0.3610000000000002,18.000999999999998,-0.03067718809949421
0.3610000000000002,18.500999999999998,-0.03155467595947249
0.3610000000000002,19.000999999999998,-0.03244728837685212
0.3610000000000002,19.500999999999998,-0.03335595867674052
0.3610000000000002,20.000999999999998,-0.03428183015592468
0.3610000000000002,20.500999999999998,-0.03522625375356425
0.3610000000000002,21.000999999999998,-0.036190791698963734
0.3610000000000002,21.500999999999998,-0.03717722702170978
0.3610000000000002,22.000999999999998,-0.038187579087479225
0.3610000000000002,22.500999999999998,-0.039224125611845295
0.3610000000000002,23.000999999999998,-0.04028943192653672
0.3610000000000002,23.500999999999998,-0.04138638865416798
0.3610000000000002,24.000999999999998,-0.04251825942224683
0.3610000000000002,24.500999999999998,-0.0436887408612992
0.3610000000000002,25.000999999999998,-0.04490203795040554
0.3610000000000002,25.500999999999998,-0.04616295889163463
0.3610000000000002,26.000999999999998,-0.047477035255658884
0.3610000000000002,26.500999999999998,-0.0488506753633874
0.3610000000000002,27.000999999999998,-0.05029136209661528
0.3610000000000002,27.500999999999998,-0.05180791111653803
0.3610000000000002,28.000999999999998,-0.05341081272174414
0.3610000000000002,28.500999999999998,-0.05511269183562113
0.3610000000000002,29.000999999999998,-0.05692893856185338
0.3610000000000002,29.500999999999998,-0.058878591233939695
0.3610000000000002,30.000999999999998,-0.060985604011472946
0.3610000000000002,30.500999999999998,-0.06328071970631224
0.3610000000000002,31.000999999999998,-0.06580433257888423
0.3610000000000002,31.500999999999998,-0.0686110464267573
0.3610000000000002,32.001,-0.07177730193919114
0.3610000000000002,32.501,-0.07541495838495571
0.3610000000000002,33.001,-0.07969749446377847
0.3610000000000002,33.501,-0.08491629876099296
0.3610000000000002,34.001,-0.09162173439946993
0.3610000000000002,34.501,-0.10107423881213558
0.3610000000000002,35.001,-0.11757268752047688
0.3610000000000002,35.501,-0.1334328359938674
0.3610000000000002,36.001,-0.09493821668999802
0.3610000000000002,36.501,-0.07998641602024127
0.3610000000000002,37.001,-0.07018330593990228
0.3610000000000002,37.501,-0.06280436553246559
0.3610000000000002,38.001,-0.05686351986860219
0.3610000000000002,38.501,-0.05188484637229075
0.3610000000000002,39.001,-0.04759982986736025
0.3610000000000002,39.501,-0.04384106019383337
0.3660000000000002,0.001,-1.1520182712776617
0.3660000000000002,0.501,-1.8164841530040785
0.3660000000000002,1.001,-0.6363048577997958
0.3660000000000002,1.501,-0.3227219489354495
0.3660000000000002,2.001,-0.19208218351116352
0.3660000000000002,2.501,-0.12556366600891922
0.3660000000000002,3.001,-0.08760418724260971
0.3660000000000002,3.501,-0.06431834729407858
0.3660000000000002,4.0009999999999994,-0.04932717616670664
0.3660000000000002,4.5009999999999994,-0.03935661576420724
0.3660000000000002,5.0009999999999994,-0.032584945968026524
0.3660000000000002,5.5009999999999994,-0.027934269939495507
0.3660000000000002,6.0009999999999994,-0.024735203284319884
0.3660000000000002,6.5009999999999994,-0.02255552940624736
0.3660000000000002,7.0009999999999994,-0.021107093050849624
0.3660000000000002,7.5009999999999994,-0.020192593451580337
0.3660000000000002,8.001,-0.019673871961900485
0.3660000000000002,8.501,-0.01945232435264442
0.3660000000000002,9.001,-0.01945642584301821
0.3660000000000002,9.501,-0.019633572171307845
0.3660000000000002,10.001,-0.01994461796583772
0.3660000000000002,10.501,-0.020360145028030255
0.3660000000000002,11.001,-0.02085786586113382
0.3660000000000002,11.501,-0.021420787620822876
0.3660000000000002,12.001,-0.022035894880735027
0.3660000000000002,12.501,-0.022693192307807593
0.3660000000000002,13.001,-0.0233850008168602
0.3660000000000002,13.501,-0.024105434734692913
0.3660000000000002,14.001,-0.02485000988307564
0.3660000000000002,14.501,-0.025615347482929523
0.3660000000000002,15.001,-0.026398948980722134
0.3660000000000002,15.501,-0.02719902393434319
0.3660000000000002,16.000999999999998,-0.028014358014829613
0.3660000000000002,16.500999999999998,-0.02884421166266833
0.3660000000000002,17.000999999999998,-0.02968824243282995
0.3660000000000002,17.500999999999998,-0.030546445872626435
0.3660000000000002,18.000999999999998,-0.03141911110591054
0.3660000000000002,18.500999999999998,-0.03230678828729991
0.3660000000000002,19.000999999999998,-0.033210265839788505
0.3660000000000002,19.500999999999998,-0.034130555968574366
0.3660000000000002,20.000999999999998,-0.03506888740422809
0.3660000000000002,20.500999999999998,-0.036026704707637434
0.3660000000000002,21.000999999999998,-0.03700567379734479
0.3660000000000002,21.500999999999998,-0.03800769366166633
0.3660000000000002,22.000999999999998,-0.03903491451585196
0.3660000000000002,22.500999999999998,-0.04008976298087139
0.3660000000000002,23.000999999999998,-0.04117497522026339
0.3660000000000002,23.500999999999998,-0.04229363940537822
0.3660000000000002,24.000999999999998,-0.04344924942738969
0.3660000000000002,24.500999999999998,-0.04464577249218744
0.3660000000000002,25.000999999999998,-0.045887734201375485
0.3660000000000002,25.500999999999998,-0.04718032605710731
0.3660000000000002,26.000999999999998,-0.04852954220909201
0.3660000000000002,26.500999999999998,-0.04994235496619584
0.3660000000000002,27.000999999999998,-0.05142694256269181
0.3660000000000002,27.500999999999998,-0.05299298861612905
0.3660000000000002,28.000999999999998,-0.05465208183475864
0.3660000000000002,28.500999999999998,-0.05641825888064674
0.3660000000000002,29.000999999999998,-0.05830875651440111
0.3660000000000002,29.500999999999998,-0.060345077948072104
0.3660000000000002,30.000999999999998,-0.06255454559128991
0.3660000000000002,30.500999999999998,-0.06497263402247055
0.3660000000000002,31.000999999999998,-0.06764660827834802
0.3660000000000002,31.500999999999998,-0.07064145913439716
0.3660000000000002,32.001,-0.07405013897559411
0.3660000000000002,32.501,-0.07801250360943934
0.3660000000000002,33.001,-0.08275376836163269
0.3660000000000002,33.501,-0.08867326000176134
0.3660000000000002,34.001,-0.09659253986663421
0.3660000000000002,34.501,-0.10872112620618875
0.3660000000000002,35.001,-0.13756320026366822
0.3660000000000002,35.501,-0.10751598008742833
0.3660000000000002,36.001,-0.08676252198388786
0.3660000000000002,36.501,-0.07495187337477675
0.3660000000000002,37.001,-0.06651737464212659
0.3660000000000002,37.501,-0.05991303514957473
0.3660000000000002,38.001,-0.0544730916607383
0.3660000000000002,38.501,-0.049845916496488576
0.3660000000000002,39.001,-0.0458216276243189
0.3660000000000002,39.501,-0.04226418837819064
0.3710000000000002,0.001,-1.1627249021137787
0.3710000000000002,0.501,-1.8115233478263253
0.3710000000000002,1.001,-0.6342176086370215
0.3710000000000002,1.501,-0.3216556413923237
0.3710000000000002,2.001,-0.19153818864143024
0.3710000000000002,2.501,-0.1253341852662996
0.3710000000000002,3.001,-0.08758260099214799
0.3710000000000002,3.501,-0.06444273415739153
0.3710000000000002,4.0009999999999994,-0.04955848550130498
0.3710000000000002,4.5009999999999994,-0.03966873563367812
0.3710000000000002,5.0009999999999994,-0.03295964110217603
0.3710000000000002,5.5009999999999994,-0.028358376123947475
0.3710000000000002,6.0009999999999994,-0.02519896843717956
0.3710000000000002,6.5009999999999994,-0.0230515808443406
0.3710000000000002,7.0009999999999994,-0.021629767032620817
0.3710000000000002,7.5009999999999994,-0.020737484497066944
0.3710000000000002,8.001,-0.02023752090740591
0.3710000000000002,8.501,-0.020031996993854384
0.3710000000000002,9.001,-0.02004995247878688
0.3710000000000002,9.501,-0.020239229144421278
0.3710000000000002,10.001,-0.02056103882202212
0.3710000000000002,10.501,-0.020986252985395887
0.3710000000000002,11.001,-0.021492821892039164
0.3710000000000002,11.501,-0.022063950162269044
0.3710000000000002,12.001,-0.022686788340123276
0.3710000000000002,12.501,-0.023351482318917885
0.3710000000000002,13.001,-0.02405047475054755
0.3710000000000002,13.501,-0.024777986358806778
0.3710000000000002,14.001,-0.025529627347456965
0.3710000000000002,14.501,-0.0263021040116488
0.3710000000000002,15.001,-0.02709299580756079
0.3710000000000002,15.501,-0.027900585134383607
0.3710000000000002,16.000999999999998,-0.028723726975654135
0.3710000000000002,16.500999999999998,-0.029561749010770456
0.3710000000000002,17.000999999999998,-0.030414375290008948
0.3710000000000002,17.500999999999998,-0.03128166836759341
0.3710000000000002,18.000999999999998,-0.0321639861114176
0.3710000000000002,18.500999999999998,-0.03306195039559053
0.3710000000000002,19.000999999999998,-0.03397642563156383
0.3710000000000002,19.500999999999998,-0.03490850567543405
0.3710000000000002,20.000999999999998,-0.03585950811430508
0.3710000000000002,20.500999999999998,-0.03683097532195842
0.3710000000000002,21.000999999999998,-0.03782468201401687
0.3710000000000002,21.500999999999998,-0.03884264935120643
0.3710000000000002,22.000999999999998,-0.03988716596018394
0.3710000000000002,22.500999999999998,-0.04096081658956508
0.3710000000000002,23.000999999999998,-0.04206651952268844
0.3710000000000002,23.500999999999998,-0.043207574363984216
0.3710000000000002,24.000999999999998,-0.04438772245037224
0.3710000000000002,24.500999999999998,-0.04561122298007086
0.3710000000000002,25.000999999999998,-0.046882949096352
0.3710000000000002,25.500999999999998,-0.04820850975934329
0.3710000000000002,26.000999999999998,-0.04959440550917246
0.3710000000000002,26.500999999999998,-0.0510482295201443
0.3710000000000002,27.000999999999998,-0.05257893023303491
0.3710000000000002,27.500999999999998,-0.05419715926125426
0.3710000000000002,28.000999999999998,-0.05591573977195725
0.3710000000000002,28.500999999999998,-0.05775030889577689
0.3710000000000002,29.000999999999998,-0.0597202178892535
0.3710000000000002,29.500999999999998,-0.061849825101530816
0.3710000000000002,30.000999999999998,-0.06417040763127821
0.3710000000000002,30.500999999999998,-0.06672308587324181
0.3710000000000002,31.000999999999998,-0.06956348446436891
0.3710000000000002,31.500999999999998,-0.07276954103862943
0.3710000000000002,32.001,-0.07645543172213229
0.3710000000000002,32.501,-0.08079848763113634
0.3710000000000002,33.001,-0.08609717758874923
0.3710000000000002,33.501,-0.0929169895536752
0.3710000000000002,34.001,-0.10256006544187256
0.3710000000000002,34.501,-0.11952742123881124
0.3710000000000002,35.001,-0.13306214050333715
0.3710000000000002,35.501,-0.0956169925669714
0.3710000000000002,36.001,-0.08063303688251762
0.3710000000000002,36.501,-0.0707647422699087
0.3710000000000002,37.001,-0.06332282314144691
0.3710000000000002,37.501,-0.057325360404038295
0.3710000000000002,38.001,-0.0522963720583971
0.3710000000000002,38.501,-0.047966583464224194
0.3710000000000002,39.001,-0.044167795237546256
0.3710000000000002,39.501,-0.04078739174903065
0.3760000000000002,0.001,-1.1733641347267918
0.3760000000000002,0.501,-1.8066822243396052
0.3760000000000002,1.001,-0.6321967550407084
0.3760000000000002,1.501,-0.32063594301245496
0.3760000000000002,2.001,-0.1910301646852667
0.3760000000000002,2.501,-0.12513391222525547
0.3760000000000002,3.001,-0.08758548596543708
0.3760000000000002,3.501,-0.06458805991028074
0.3760000000000002,4.0009999999999994,-0.0498079814149163
0.3760000000000002,4.5009999999999994,-0.03999682788306802
0.3760000000000002,5.0009999999999994,-0.033348483923819935
0.3760000000000002,5.5009999999999994,-0.02879509816550206
0.3760000000000002,6.0009999999999994,-0.025674044708895533
0.3760000000000002,6.5009999999999994,-0.023557819309230163
0.3760000000000002,7.0009999999999994,-0.02216165077174273
0.3760000000000002,7.5009999999999994,-0.021290729576247183
0.3760000000000002,8.001,-0.020808770400358848
0.3760000000000002,8.501,-0.020618603907200495
0.3760000000000002,9.001,-0.02064982244234468
0.3760000000000002,9.501,-0.020850704314868993
0.3760000000000002,10.001,-0.021182810852136233
0.3760000000000002,10.501,-0.02161729690657277
0.3760000000000002,11.001,-0.022132345319192753
0.3760000000000002,11.501,-0.022711353912581653
0.3760000000000002,12.001,-0.0233416356865878
0.3760000000000002,12.501,-0.024013474873156106
0.3760000000000002,13.001,-0.024719433509010638
0.3760000000000002,13.501,-0.02545383682949518
0.3760000000000002,14.001,-0.026212387950742405
0.3760000000000002,14.501,-0.026991877151646818
0.3760000000000002,15.001,-0.02778996116199545
0.3760000000000002,15.501,-0.028604994826178114
0.3760000000000002,16.000999999999998,-0.0294359023791972
0.3760000000000002,16.500999999999998,-0.030282079017515035
0.3760000000000002,17.000999999999998,-0.03114331591731255
0.3760000000000002,17.500999999999998,-0.03201974364571482
0.3760000000000002,18.000999999999998,-0.03291179022971154
0.3760000000000002,18.500999999999998,-0.03382015113303266
0.3760000000000002,19.000999999999998,-0.03474576914141296
0.3760000000000002,19.500999999999998,-0.035689822741735364
0.3760000000000002,20.000999999999998,-0.03665372205191632
0.3760000000000002,20.500999999999998,-0.0376391117552663
0.3760000000000002,21.000999999999998,-0.038647880846725415
0.3760000000000002,21.500999999999998,-0.03968217933607513
0.3760000000000002,22.000999999999998,-0.040744442400837744
0.3760000000000002,22.500999999999998,-0.04183742286676768
0.3760000000000002,23.000999999999998,-0.04296423334922632
0.3760000000000002,23.500999999999998,-0.044128399956230094
0.3760000000000002,24.000999999999998,-0.045333930190723286
0.3760000000000002,24.500999999999998,-0.04658539867722837
0.3760000000000002,25.000999999999998,-0.04788805569657242
0.3760000000000002,25.500999999999998,-0.04924796542361536
0.3760000000000002,26.000999999999998,-0.05067218350848312
0.3760000000000002,26.500999999999998,-0.052168987668476885
0.3760000000000002,27.000999999999998,-0.05374818099216554
0.3760000000000002,27.500999999999998,-0.0554214969119796
0.3760000000000002,28.000999999999998,-0.057203149361407614
0.3760000000000002,28.500999999999998,-0.05911059519826536
0.3760000000000002,29.000999999999998,-0.061165615360596406
0.3760000000000002,29.500999999999998,-0.06339588950830899
0.3760000000000002,30.000999999999998,-0.06583736244160875
0.3760000000000002,30.500999999999998,-0.068537935515917
0.3760000000000002,31.000999999999998,-0.07156349042404773
0.3760000000000002,31.500999999999998,-0.07500828152295419
0.3760000000000002,32.001,-0.07901417605967782
0.3760000000000002,32.501,-0.0838097398104955
0.3760000000000002,33.001,-0.08980051850542119
0.3760000000000002,33.501,-0.09782176873596293
0.3760000000000002,34.001,-0.11012455545132577
0.3760000000000002,34.501,-0.1395596277651474
0.3760000000000002,35.001,-0.10859539723848494
0.3760000000000002,35.501,-0.0876570833404073
0.3760000000000002,36.001,-0.07571328023099867
0.3760000000000002,36.501,-0.06717734985343193
0.3760000000000002,37.001,-0.06049144020917653
0.3760000000000002,37.501,-0.054983566406162504
0.3760000000000002,38.001,-0.05029846046664256
0.3760000000000002,38.501,-0.04622391834312346
0.3760000000000002,39.001,-0.042622323897683126
0.3760000000000002,39.501,-0.039398965259145734
0.3810000000000002,0.001,-1.183936863768098
0.3810000000000002,0.501,-1.8019578129686473
0.3810000000000002,1.001,-0.6302406392048193
0.3810000000000002,1.501,-0.3196616781648749
0.3810000000000002,2.001,-0.19055719217547926
0.3810000000000002,2.501,-0.12496208828704597
0.3810000000000002,3.001,-0.08761219496581302
0.3810000000000002,3.501,-0.06475375968429126
0.3810000000000002,4.0009999999999994,-0.05007516279634033
0.3810000000000002,4.5009999999999994,-0.04034044256387424
0.3810000000000002,5.0009999999999994,-0.03375106670899328
0.3810000000000002,5.5009999999999994,-0.029244063990393865
0.3810000000000002,6.0009999999999994,-0.02616009069762998
0.3810000000000002,6.5009999999999994,-0.024073930209058625
0.3810000000000002,7.0009999999999994,-0.022702453428468244
0.3810000000000002,7.5009999999999994,-0.021852059137539043
0.3810000000000002,8.001,-0.021387370161919772
0.3810000000000002,8.501,-0.02121191241674744
0.3810000000000002,9.001,-0.02125581926213152
0.3810000000000002,9.501,-0.021467796233802766
0.3810000000000002,10.001,-0.02180974662487159
0.3810000000000002,10.501,-0.02225310251888466
0.3810000000000002,11.001,-0.022776274293188764
0.3810000000000002,11.501,-0.023362848816740413
0.3810000000000002,12.001,-0.02400029812437325
0.3810000000000002,12.501,-0.024679041983399014
0.3810000000000002,13.001,-0.02539175954114245
0.3810000000000002,13.501,-0.026132878732963435
0.3810000000000002,14.001,-0.026898194189631533
0.3810000000000002,14.501,-0.027684579155091635
0.3810000000000002,15.001,-0.028489766970205527
0.3810000000000002,15.501,-0.029312184605731324
0.3810000000000002,16.000999999999998,-0.030150825570135854
0.3810000000000002,16.500999999999998,-0.03100515294621349
0.3810000000000002,17.000999999999998,-0.03187502576852015
0.3810000000000002,17.500999999999998,-0.03276064373888704
0.3810000000000002,18.000999999999998,-0.03366250659208745
0.3810000000000002,18.500999999999998,-0.03458138540783749
0.3810000000000002,19.000999999999998,-0.03551830391682131
0.3810000000000002,19.500999999999998,-0.03647452843764007
0.3810000000000002,20.000999999999998,-0.03745156556030375
0.3810000000000002,20.500999999999998,-0.038451167099862626
0.3810000000000002,21.000999999999998,-0.039475342213446334
0.3810000000000002,21.500999999999998,-0.040526376934005584
0.3810000000000002,22.000999999999998,-0.04160686175270882
0.3810000000000002,22.500999999999998,-0.042719728310225365
0.3810000000000002,23.000999999999998,-0.043868296772701126
0.3810000000000002,23.500999999999998,-0.04505633612052687
0.3810000000000002,24.000999999999998,-0.04628814043566461
0.3810000000000002,24.500999999999998,-0.047568625435519235
0.3810000000000002,25.000999999999998,-0.04890345111610196
0.3810000000000002,25.500999999999998,-0.05029917866070518
0.3810000000000002,26.000999999999998,-0.0517634730971108
0.3810000000000002,26.500999999999998,-0.05330536811551616
0.3810000000000002,27.000999999999998,-0.054935616927914564
0.3810000000000002,27.500999999999998,-0.056667164643784816
0.3810000000000002,28.000999999999998,-0.05851579612512047
0.3810000000000002,28.500999999999998,-0.06050104366717485
0.3810000000000002,29.000999999999998,-0.0626474905227694
0.3810000000000002,29.500999999999998,-0.06498669769450043
0.3810000000000002,30.000999999999998,-0.06756015071349952
0.3810000000000002,30.500999999999998,-0.07042395416808488
0.3810000000000002,31.000999999999998,-0.07365669279565823
0.3810000000000002,31.500999999999998,-0.0773734412710187
0.3810000000000002,32.001,-0.08175282035765717
0.3810000000000002,32.501,-0.0870952104847044
0.3810000000000002,33.001,-0.09396894970744574
0.3810000000000002,33.501,-0.10367953263798647
0.3810000000000002,34.001,-0.12071159409055435
0.3810000000000002,34.501,-0.1355342151091147
0.3810000000000002,35.001,-0.09689330444501867
0.3810000000000002,35.501,-0.08163025759099792
0.3810000000000002,36.001,-0.0715973608655248
0.3810000000000002,36.501,-0.0640377968432352
0.3810000000000002,37.001,-0.05794878497691297
0.3810000000000002,37.501,-0.05284507696949223
0.3810000000000002,38.001,-0.048452427136966056
0.3810000000000002,38.501,-0.044599636484501146
0.3810000000000002,39.001,-0.04117212738966562
0.3810000000000002,39.501,-0.03808915437456787
0.38600000000000023,0.001,-1.1944439604032004
0.38600000000000023,0.501,-1.7973472582306567
0.38600000000000023,1.001,-0.6283476672210826
0.38600000000000023,1.501,-0.318731716672879
0.38600000000000023,2.001,-0.19011838731108283
0.38600000000000023,2.501,-0.12481798438780639
0.38600000000000023,3.001,-0.08766210610442825
0.38600000000000023,3.501,-0.06493929081570354
0.38600000000000023,4.0009999999999994,-0.05035954835747078
0.38600000000000023,4.5009999999999994,-0.040699147660781365
0.38600000000000023,5.0009999999999994,-0.03416699812761098
0.38600000000000023,5.5009999999999994,-0.029704916638323114
0.38600000000000023,6.0009999999999994,-0.026656779031176664
0.38600000000000023,6.5009999999999994,-0.024599612050495927
0.38600000000000023,7.0009999999999994,-0.023251896451437173
0.38600000000000023,7.5009999999999994,-0.022421215205015665
0.38600000000000023,8.001,-0.021973080855781507
0.38600000000000023,8.501,-0.021811700221911395
0.38600000000000023,9.001,-0.021867736330074147
0.38600000000000023,9.501,-0.022090312850992333
0.38600000000000023,10.001,-0.022441667683079536
0.38600000000000023,10.501,-0.022893504134568043
0.38600000000000023,11.001,-0.023424455191384863
0.38600000000000023,11.501,-0.024018292716211503
0.38600000000000023,12.001,-0.024662644449313587
0.38600000000000023,12.501,-0.025348062972734495
0.38600000000000023,13.001,-0.026067342346881933
0.38600000000000023,13.501,-0.026815011468709335
0.38600000000000023,14.001,-0.02758695515746
0.38600000000000023,14.501,-0.028380128675395487
0.38600000000000023,15.001,-0.029192341386166575
0.38600000000000023,15.501,-0.030022092146566356
0.38600000000000023,16.000999999999998,-0.03086844384542696
0.38600000000000023,16.500999999999998,-0.0317309279148575
0.38600000000000023,17.000999999999998,-0.032609472085625826
0.38600000000000023,17.500999999999998,-0.03350434643648497
0.38600000000000023,18.000999999999998,-0.03441612409828112
0.38600000000000023,18.500999999999998,-0.03534565395703433
0.38600000000000023,19.000999999999998,-0.0362940434538346
0.38600000000000023,19.500999999999998,-0.03726265017384709
0.38600000000000023,20.000999999999998,-0.03825308140413021
0.38600000000000023,20.500999999999998,-0.039267201260979066
0.38600000000000023,21.000999999999998,-0.040307145375680725
0.38600000000000023,21.500999999999998,-0.04137534351348689
0.38600000000000023,22.000999999999998,-0.04247455091525604
0.38600000000000023,22.500999999999998,-0.04360788962965197
0.38600000000000023,23.000999999999998,-0.04477890168972605
0.38600000000000023,23.500999999999998,-0.045991616739750565
0.38600000000000023,24.000999999999998,-0.04725063771891951
0.38600000000000023,24.500999999999998,-0.04856124957903672
0.38600000000000023,25.000999999999998,-0.049929557936036706
0.38600000000000023,25.500999999999998,-0.05136266731240158
0.38600000000000023,26.000999999999998,-0.052868912666458864
0.38600000000000023,26.500999999999998,-0.05445816395172495
0.38600000000000023,27.000999999999998,-0.05614223271678213
0.38600000000000023,27.500999999999998,-0.05793542432488949
0.38600000000000023,28.000999999999998,-0.05985530293419977
0.38600000000000023,28.500999999999998,-0.061923775725380326
0.38600000000000023,29.000999999999998,-0.06416867101721839
0.38600000000000023,29.500999999999998,-0.06662610807297777
0.38600000000000023,30.000999999999998,-0.06934419030986344
0.38600000000000023,30.500999999999998,-0.07238902497948703
0.38600000000000023,31.000999999999998,-0.07585509315653821
0.38600000000000023,31.500999999999998,-0.07988441204339859
0.38600000000000023,32.001,-0.08470536230305202
0.38600000000000023,32.501,-0.09072204307456701
0.38600000000000023,33.001,-0.09876296044372161
0.38600000000000023,33.501,-0.11104063082551893
0.38600000000000023,34.001,-0.13970840198876822
0.38600000000000023,34.501,-0.11062742180861501
0.38600000000000023,35.001,-0.08898899078219394
0.38600000000000023,35.501,-0.07676509605059392
0.38600000000000023,36.001,-0.06805626770880137
0.38600000000000023,36.501,-0.0612459548816037
0.38600000000000023,37.001,-0.05564138312395925
0.38600000000000023,37.501,-0.05087758478609751
0.38600000000000023,38.001,-0.04673704497925357
0.38600000000000023,38.501,-0.04307891631211336
0.38600000000000023,39.001,-0.0398063681243474
0.38600000000000023,39.501,-0.03684974257153603
0.39100000000000024,0.001,-1.2048862732247263
0.39100000000000024,0.501,-1.792847812980153
0.39100000000000024,1.001,-0.6265163058526496
0.39100000000000024,1.501,-0.31784497151676006
0.39100000000000024,2.001,-0.18971290015325343
0.39100000000000024,2.501,-0.12470089950364249
0.39100000000000024,3.001,-0.08773462151864014
0.39100000000000024,3.501,-0.06514413172062994
0.39100000000000024,4.0009999999999994,-0.050660675628739923
0.39100000000000024,4.5009999999999994,-0.04107252818262935
0.39100000000000024,5.0009999999999994,-0.03459590241222851
0.39100000000000024,5.5009999999999994,-0.03017731349586003
0.39100000000000024,6.0009999999999994,-0.027163795654986105
0.39100000000000024,6.5009999999999994,-0.02513457577356143
0.39100000000000024,7.0009999999999994,-0.023809712953077877
0.39100000000000024,7.5009999999999994,-0.022997950789366978
0.39100000000000024,8.001,-0.02256567353057698
0.39100000000000024,8.501,-0.022417754867912115
0.39100000000000024,9.001,-0.022485376397256063
0.39100000000000024,9.501,-0.022718071033320825
0.39100000000000024,10.001,-0.023078404083091822
0.39100000000000024,10.501,-0.0235383442092158
0.39100000000000024,11.001,-0.024076742194028403
0.39100000000000024,11.501,-0.024677550941534523
0.39100000000000024,12.001,-0.02532855065685318
0.39100000000000024,12.501,-0.026020424097063455
0.39100000000000024,13.001,-0.02674607811369438
0.39100000000000024,13.501,-0.027500140899326314
0.39100000000000024,14.001,-0.028278586206912995
0.39100000000000024,14.501,-0.02907845044256841
0.39100000000000024,15.001,-0.029897618479517205
0.39100000000000024,15.501,-0.03073466090015419
0.39100000000000024,16.000999999999998,-0.03158871016752253
0.39100000000000024,16.500999999999998,-0.032459366622572365
0.39100000000000024,17.000999999999998,-0.03334662763925365
0.39100000000000024,17.500999999999998,-0.03425083504079601
0.39100000000000024,18.000999999999998,-0.035172637188411196
0.39100000000000024,18.500999999999998,-0.036112963136957686
0.39100000000000024,19.000999999999998,-0.03707300700886875
0.39100000000000024,19.500999999999998,-0.03805422133845596
0.39100000000000024,20.000999999999998,-0.03905831863643416
0.39100000000000024,20.500999999999998,-0.040087280860622805
0.39100000000000024,21.000999999999998,-0.04114337688840297
0.39100000000000024,21.500999999999998,-0.04222918850237332
0.39100000000000024,22.000999999999998,-0.04334764585702058
0.39100000000000024,22.500999999999998,-0.044502073931042226
0.39100000000000024,23.000999999999998,-0.04569625213822641
0.39100000000000024,23.500999999999998,-0.046934490139211256
0.39100000000000024,24.000999999999998,-0.04822172406677174
0.39100000000000024,24.500999999999998,-0.04956363899642376
0.39100000000000024,25.000999999999998,-0.0509668257877262
0.39100000000000024,25.500999999999998,-0.05243898374243093
0.39100000000000024,26.000999999999998,-0.05398918543899081
0.39100000000000024,26.500999999999998,-0.05562822753875123
0.39100000000000024,27.000999999999998,-0.05736910288943183
0.39100000000000024,27.500999999999998,-0.05922764761660764
0.39100000000000024,28.000999999999998,-0.06122344703717075
0.39100000000000024,28.500999999999998,-0.06338113541968643
0.39100000000000024,29.000999999999998,-0.06573231502645333
0.39100000000000024,29.500999999999998,-0.06831848700355514
0.39100000000000024,30.000999999999998,-0.07119571276305824
0.39100000000000024,30.500999999999998,-0.07444240331597973
0.39100000000000024,31.000999999999998,-0.07817316440404846
0.39100000000000024,31.500999999999998,-0.08256544146193931
0.39100000000000024,32.001,-0.08791657252012361
0.39100000000000024,32.501,-0.09478604586042538
0.39100000000000024,33.001,-0.10444652637235816
0.39100000000000024,33.501,-0.12116578904594842
0.39100000000000024,34.001,-0.14117907677866592
0.39100000000000024,34.501,-0.09876991830083895
0.39100000000000024,35.001,-0.0829767359127174
0.39100000000000024,35.501,-0.07267943068685283
0.39100000000000024,36.001,-0.06494759916542936
0.39100000000000024,36.501,-0.0587322134167636
0.39100000000000024,37.001,-0.05352948621714561
0.39100000000000024,37.501,-0.04905597727800441
0.39100000000000024,38.001,-0.04513527732463364
0.39100000000000024,38.501,-0.04164957244482763
0.39100000000000024,39.001,-0.038515967487286196
0.39100000000000024,39.501,-0.03567374274638748
0.39600000000000024,0.001,-1.2152646291187401
0.39600000000000024,0.501,-1.7884568330134065
0.39600000000000024,1.001,-0.6247450795094704
0.39600000000000024,1.501,-0.3170003966803032
0.39600000000000024,2.001,-0.18933991293427044
0.39600000000000024,2.501,-0.12461015924942201
0.39600000000000024,3.001,-0.08782916617077396
0.39600000000000024,3.501,-0.06536778084068556
0.39600000000000024,4.0009999999999994,-0.05097810001762583
0.39600000000000024,4.5009999999999994,-0.041460185310482595
0.39600000000000024,5.0009999999999994,-0.0350374185790385
0.39600000000000024,5.5009999999999994,-0.030660925578036236
0.39600000000000024,6.0009999999999994,-0.02768083916495892
0.39600000000000024,6.5009999999999994,-0.025678544128292076
0.39600000000000024,7.0009999999999994,-0.024375647124314684
0.39600000000000024,7.5009999999999994,-0.02358202933593534
0.39600000000000024,8.001,-0.02316492909739651
0.39600000000000024,8.501,-0.023029873249595767
0.39600000000000024,9.001,-0.023108551101387084
0.39600000000000024,9.501,-0.02335089611368852
0.39600000000000024,10.001,-0.023719793963178276
0.39600000000000024,10.501,-0.024187472928209136
0.39600000000000024,11.001,-0.02473299688732255
0.39600000000000024,11.501,-0.02534049593089578
0.39600000000000024,12.001,-0.025997899575184003
0.39600000000000024,12.501,-0.026696018192012644
0.39600000000000024,13.001,-0.027427869376628212
0.39600000000000024,13.501,-0.0281881790232118
0.39600000000000024,14.001,-0.028973008635023854
0.39600000000000024,14.501,-0.02977947496029293
0.39600000000000024,15.001,-0.030605537944648424
0.39600000000000024,15.501,-0.031449839817112635
0.39600000000000024,16.000999999999998,-0.032311582897975116
0.39600000000000024,16.500999999999998,-0.033190437096150986
0.39600000000000024,17.000999999999998,-0.03408647048892112
0.39600000000000024,17.500999999999998,-0.03500009814217729
0.39600000000000024,18.000999999999998,-0.035932045634637685
0.39600000000000024,18.500999999999998,-0.03688332473361917
0.39600000000000024,19.000999999999998,-0.03785521943077383
0.39600000000000024,19.500999999999998,-0.038849281154759024
0.39600000000000024,20.000999999999998,-0.039867332487583174
0.39600000000000024,20.500999999999998,-0.04091147916504313
0.39600000000000024,21.000999999999998,-0.041984130576036935
0.39600000000000024,21.500999999999998,-0.04308802942604562
0.39600000000000024,22.000999999999998,-0.04422629173482599
0.39600000000000024,22.500999999999998,-0.0454024589431515
0.39600000000000024,23.000999999999998,-0.04662056466808492
0.39600000000000024,23.500999999999998,-0.04788521965394946
0.39600000000000024,24.000999999999998,-0.049201719837625654
0.39600000000000024,24.500999999999998,-0.05057618436324365
0.39600000000000024,25.000999999999998,-0.052015733122173474
0.39600000000000024,25.500999999999998,-0.05352871740120385
0.39600000000000024,26.000999999999998,-0.05512502321138744
0.39600000000000024,26.500999999999998,-0.056816476035326594
0.39600000000000024,27.000999999999998,-0.05861739011717054
0.39600000000000024,27.500999999999998,-0.06054532864899943
0.39600000000000024,28.000999999999998,-0.06262217992872661
0.39600000000000024,28.500999999999998,-0.06487572149973406
0.39600000000000024,29.000999999999998,-0.06734196495574668
0.39600000000000024,29.500999999999998,-0.07006880263628137
0.39600000000000024,30.000999999999998,-0.07312193642872981
0.39600000000000024,30.500999999999998,-0.07659505877921308
0.39600000000000024,31.000999999999998,-0.0806285887840877
0.39600000000000024,31.500999999999998,-0.08544742734938697
0.39600000000000024,32.001,-0.09144716557919291
0.39600000000000024,32.501,-0.09943108429024314
0.39600000000000024,33.001,-0.11150366845551302
0.39600000000000024,33.501,-0.13839031775989125
0.39600000000000024,34.001,-0.11368606884775281
0.39600000000000024,34.501,-0.09076813061089004
0.39600000000000024,35.001,-0.07811003957411665
0.39600000000000024,35.501,-0.0691548632322996
0.39600000000000024,36.001,-0.062176546266845795
0.39600000000000024,36.501,-0.0564461539203065
0.39600000000000024,37.001,-0.05158271894814492
0.39600000000000024,37.501,-0.04736033665552022
0.39600000000000024,38.001,-0.043633237490989164
0.39600000000000024,38.501,-0.040301462526086226
0.39600000000000024,39.001,-0.03729324301416535
0.39600000000000024,39.501,-0.03455516256261985
0.40100000000000025,0.001,-1.2255798340872746
0.40100000000000025,0.501,-1.7841717720058088
0.40100000000000025,1.001,-0.6230325674104386
0.40100000000000025,1.501,-0.3161969851303586
0.40100000000000025,2.001,-0.18899863847104026
0.40100000000000025,2.501,-0.12454511456427717
0.40100000000000025,3.001,-0.08794518672128099
0.40100000000000025,3.501,-0.06560975565401292
0.40100000000000025,4.0009999999999994,-0.05131139392554335
0.40100000000000025,4.5009999999999994,-0.041861735598554065
0.40100000000000025,5.0009999999999994,-0.03549119969720768
0.40100000000000025,5.5009999999999994,-0.031155436854540558
0.40100000000000025,6.0009999999999994,-0.028207620181675153
0.40100000000000025,6.5009999999999994,-0.026231251090121116
0.40100000000000025,7.0009999999999994,-0.02494945368563701
0.40100000000000025,7.5009999999999994,-0.024173224207063176
0.40100000000000025,8.001,-0.023770637839804987
0.40100000000000025,8.501,-0.023647861146137983
0.40100000000000025,9.001,-0.023737080523719693
0.40100000000000025,9.501,-0.023988621468058746
0.40100000000000025,10.001,-0.024365683138979095
0.40100000000000025,10.501,-0.02484074781905876
0.40100000000000025,11.001,-0.02539308789143667
0.40100000000000025,11.501,-0.026007006872764218
0.40100000000000025,12.001,-0.026670580521632903
0.40100000000000025,12.501,-0.027374744342363054
0.40100000000000025,13.001,-0.02811262470020713
0.40100000000000025,13.501,-0.028879043668487675
0.40100000000000025,14.001,-0.029670149388827404
0.40100000000000025,14.501,-0.030483138223142525
0.40100000000000025,15.001,-0.031316044829475434
0.40100000000000025,15.501,-0.03216758308769099
0.40100000000000025,16.000999999999998,-0.03303702554999108
0.40100000000000025,16.500999999999998,-0.03392411245526589
0.40100000000000025,17.000999999999998,-0.034828983761803226
0.40100000000000025,17.500999999999998,-0.035752129412626885
0.40100000000000025,18.000999999999998,-0.036694354351294825
0.40100000000000025,18.500999999999998,-0.03765675579177505
0.40100000000000025,19.000999999999998,-0.03864071101206051
0.40100000000000025,19.500999999999998,-0.03964787455896089
0.40100000000000025,20.000999999999998,-0.04068018427535465
0.40100000000000025,20.500999999999998,-0.041739876035130165
0.40100000000000025,21.000999999999998,-0.04282950753401971
0.40100000000000025,21.500999999999998,-0.043951991975037664
0.40100000000000025,22.000999999999998,-0.045110643048100106
0.40100000000000025,22.500999999999998,-0.046309233287361404
0.40100000000000025,23.000999999999998,-0.04755206876734451
0.40100000000000025,23.500999999999998,-0.04884408426964353
0.40100000000000025,24.000999999999998,-0.050190964662308865
0.40100000000000025,24.500999999999998,-0.05159930050641437
0.40100000000000025,25.000999999999998,-0.05307678918543432
0.40100000000000025,25.500999999999998,-0.05463249769734887
0.40100000000000025,26.000999999999998,-0.05627721056674895
0.40100000000000025,26.500999999999998,-0.058023897659716474
0.40100000000000025,27.000999999999998,-0.059888354688291096
0.40100000000000025,27.500999999999998,-0.0618900986790952
0.40100000000000025,28.000999999999998,-0.06405365063873025
0.40100000000000025,28.500999999999998,-0.06641042563836252
0.40100000000000025,29.000999999999998,-0.0690016126745439
0.40100000000000025,29.500999999999998,-0.07188274178182087
0.40100000000000025,30.000999999999998,-0.07513128882598905
0.40100000000000025,30.500999999999998,-0.07886013199156607
0.40100000000000025,31.000999999999998,-0.08324329652379406
0.40100000000000025,31.500999999999998,-0.08857063453453998
0.40100000000000025,32.001,-0.09538253826154439
0.40100000000000025,32.501,-0.10488852453057335
0.40100000000000025,33.001,-0.12099082818859717
0.40100000000000025,33.501,-0.15237271684187614
0.40100000000000025,34.001,-0.10128995725164017
0.40100000000000025,34.501,-0.08468380686510006
0.40100000000000025,35.001,-0.07401554756200322
0.40100000000000025,35.501,-0.06605439948351369
0.40100000000000025,36.001,-0.05967669484982786
0.40100000000000025,36.501,-0.054350049905247305
0.40100000000000025,37.001,-0.04977733100299796
0.40100000000000025,37.501,-0.045774592116363234
0.40100000000000025,38.001,-0.04221945347430149
0.40100000000000025,38.501,-0.03902605255159307
0.40100000000000025,39.001,-0.03613163482439538
0.40100000000000025,39.501,-0.03348882340172772
0.40600000000000025,0.001,-1.2358326740298275
0.40600000000000025,0.501,-1.7799901767577329
0.40600000000000025,1.001,-0.6213774009186306
0.40600000000000025,1.501,-0.31543376691974623
0.40600000000000025,2.001,-0.18868831867553343
0.40600000000000025,2.501,-0.12450514047747907
0.40600000000000025,3.001,-0.08808215047083083
0.40600000000000025,3.501,-0.06586959174683205
0.40600000000000025,4.0009999999999994,-0.051660145918817235
0.40600000000000025,4.5009999999999994,-0.042276810224086386
0.40600000000000025,5.0009999999999994,-0.03595691220300998
0.40600000000000025,5.5009999999999994,-0.03166054361722702
0.40600000000000025,6.0009999999999994,-0.02874386076300489
0.40600000000000025,6.5009999999999994,-0.02679244131113484
0.40600000000000025,7.0009999999999994,-0.025530897371864036
0.40600000000000025,7.5009999999999994,-0.024771318196224093
0.40600000000000025,8.001,-0.024382598953959417
0.40600000000000025,8.501,-0.024271532784358826
0.40600000000000025,9.001,-0.02437079277323634
0.40600000000000025,9.501,-0.024631088118578795
0.40600000000000025,10.001,-0.025015924723926164
0.40600000000000025,10.501,-0.02549803338775815
0.40600000000000025,11.001,-0.02605689051163541
0.40600000000000025,11.501,-0.026676969370828196
0.40600000000000025,12.001,-0.027346488980607216
0.40600000000000025,12.501,-0.028056507572348822
0.40600000000000025,13.001,-0.028800258380573526
0.40600000000000025,13.501,-0.02957265820660386
0.40600000000000025,14.001,-0.03036994079017019
0.40600000000000025,14.501,-0.031189381452495755
0.40600000000000025,15.001,-0.03202908928249289
0.40600000000000025,15.501,-0.03288784990017922
0.40600000000000025,16.000999999999998,-0.03376500655860802
0.40600000000000025,16.500999999999998,-0.03466037069508512
0.40600000000000025,17.000999999999998,-0.03557415544875789
0.40600000000000025,17.500999999999998,-0.0365069274165966
0.40600000000000025,18.000999999999998,-0.037459573222370125
0.40600000000000025,18.500999999999998,-0.03843327846163521
0.40600000000000025,19.000999999999998,-0.039429517358295085
0.40600000000000025,19.500999999999998,-0.040450052096943585
0.40600000000000025,20.000999999999998,-0.04149694133540087
0.40600000000000025,20.500999999999998,-0.04257255789919058
0.40600000000000025,21.000999999999998,-0.043679616155668344
0.40600000000000025,21.500999999999998,-0.044821210102235234
0.40600000000000025,22.000999999999998,-0.04600086382900426
0.40600000000000025,22.500999999999998,-0.04722259679250006
0.40600000000000025,23.000999999999998,-0.0484910073468713
0.40600000000000025,23.500999999999998,-0.04981137934215077
0.40600000000000025,24.000999999999998,-0.05118981849349989
0.40600000000000025,24.500999999999998,-0.05263342792454521
0.40600000000000025,25.000999999999998,-0.05415053622293815
0.40600000000000025,25.500999999999998,-0.05575099721440283
0.40600000000000025,26.000999999999998,-0.05744658962112697
0.40600000000000025,26.500999999999998,-0.05925155880238468
0.40600000000000025,27.000999999999998,-0.06118336537769625
0.40600000000000025,27.500999999999998,-0.06326374310803362
0.40600000000000025,28.000999999999998,-0.06552023316590833
0.40600000000000025,28.500999999999998,-0.0679884782554004
0.40600000000000025,29.000999999999998,-0.07071577944055624
0.40600000000000025,29.500999999999998,-0.07376685695973154
0.40600000000000025,30.000999999999998,-0.07723369601820346
0.40600000000000025,30.500999999999998,-0.08125355595288739
0.40600000000000025,31.000999999999998,-0.08604496605417468
0.40600000000000025,31.500999999999998,-0.09198897330998002
0.40600000000000025,32.001,-0.09984853512355729
0.40600000000000025,32.501,-0.1115686077369635
0.40600000000000025,33.001,-0.13614732328326407
0.40600000000000025,33.501,-0.11798303587901213
0.40600000000000025,34.001,-0.09302558372116623
0.40600000000000025,34.501,-0.07975943777849216
0.40600000000000025,35.001,-0.07047863029170398
0.40600000000000025,35.501,-0.06328624654531236
0.40600000000000025,36.001,-0.057399653497011816
0.40600000000000025,36.501,-0.0524149133903357
0.40600000000000025,37.001,-0.04809439079678421
0.40600000000000025,37.501,-0.04428558402733695
0.40600000000000025,38.001,-0.040884336082699715
0.40600000000000025,38.501,-0.03781609233376938
0.40600000000000025,39.001,-0.03502549613878212
0.40600000000000025,39.501,-0.032470218833209864
0.41100000000000025,0.001,-1.24602391548635
0.41100000000000025,0.501,-1.7759096827266172
0.41100000000000025,1.001,-0.6197782610370743
0.41100000000000025,1.501,-0.314709807404544
0.41100000000000025,2.001,-0.18840822315511208
0.41100000000000025,2.501,-0.12448963494882881
0.41100000000000025,3.001,-0.08823954436633255
0.41100000000000025,3.501,-0.06614684194113807
0.41100000000000025,4.0009999999999994,-0.05202395994981693
0.41100000000000025,4.5009999999999994,-0.042705054282641125
0.41100000000000025,5.0009999999999994,-0.03643423525548662
0.41100000000000025,5.5009999999999994,-0.03217595388594155
0.41100000000000025,6.0009999999999994,-0.029289293852312867
0.41100000000000025,6.5009999999999994,-0.027361869604587308
0.41100000000000025,7.0009999999999994,-0.026119752448149597
0.41100000000000025,7.5009999999999994,-0.0253761030716335
0.41100000000000025,8.001,-0.02500062011664525
0.41100000000000025,8.501,-0.02490071042857083
0.41100000000000025,9.001,-0.025009523596135633
0.41100000000000025,9.501,-0.025278144360887045
0.41100000000000025,10.001,-0.025670378772849597
0.41100000000000025,10.501,-0.026159200777407854
0.41100000000000025,11.001,-0.02672428641085005
0.41100000000000025,11.501,-0.027350275129623902
0.41100000000000025,12.001,-0.02802552630154362
0.41100000000000025,12.501,-0.028741218555334187
0.41100000000000025,13.001,-0.029490690166430605
0.41100000000000025,13.501,-0.03026895128421665
0.41100000000000025,14.001,-0.031072320278328167
0.41100000000000025,14.501,-0.03189815084982486
0.41100000000000025,15.001,-0.03274462631683191
0.41100000000000025,15.501,-0.03361060421600161
0.41100000000000025,16.000999999999998,-0.03449549906730431
0.41100000000000025,16.500999999999998,-0.03539919448513319
0.41100000000000025,17.000999999999998,-0.036321978216503736
0.41100000000000025,17.500999999999998,-0.037264495437966824
0.41100000000000025,18.000999999999998,-0.03822771694530946
0.41100000000000025,18.500999999999998,-0.03921291986225351
0.41100000000000025,19.000999999999998,-0.04022167927480294
0.41100000000000025,19.500999999999998,-0.04125586983931769
0.41100000000000025,20.000999999999998,-0.04231767697148359
0.41100000000000025,20.500999999999998,-0.043409617747687396
0.41100000000000025,21.000999999999998,-0.04453457218422772
0.41100000000000025,21.500999999999998,-0.04569582614995721
0.41100000000000025,22.000999999999998,-0.04689712786931535
0.41100000000000025,22.500999999999998,-0.048142760856528875
0.41100000000000025,23.000999999999998,-0.04943763728690526
0.41100000000000025,23.500999999999998,-0.050787417401486956
0.41100000000000025,24.000999999999998,-0.052198662773917534
0.41100000000000025,24.500999999999998,-0.05367903448011558
0.41100000000000025,25.000999999999998,-0.055237551939248515
0.41100000000000025,25.500999999999998,-0.05688493531735115
0.41100000000000025,26.000999999999998,-0.058634065381259114
0.41100000000000025,26.500999999999998,-0.060500612124366665
0.41100000000000025,27.000999999999998,-0.06250391195596014
0.41100000000000025,27.500999999999998,-0.06466822132081167
0.41100000000000025,28.000999999999998,-0.0670245589680556
0.41100000000000025,28.500999999999998,-0.06961350383256901
0.41100000000000025,29.000999999999998,-0.07248961466581944
0.41100000000000025,29.500999999999998,-0.0757287535207048
0.41100000000000025,30.000999999999998,-0.0794409649745194
0.41100000000000025,30.500999999999998,-0.08379491909449405
0.41100000000000025,31.000999999999998,-0.08906925786776007
0.41100000000000025,31.500999999999998,-0.0957770669410982
0.41100000000000025,32.001,-0.10504241837168429
0.41100000000000025,32.501,-0.12031782705818377
0.41100000000000025,33.001,-0.19507046874628958
0.41100000000000025,33.501,-0.10454498933914905
0.41100000000000025,34.001,-0.08677607333978063
0.41100000000000025,34.501,-0.07561660133877669
0.41100000000000025,35.001,-0.06736410604390153
0.41100000000000025,35.501,-0.06078578832494051
0.41100000000000025,36.001,-0.05530903729069764
0.41100000000000025,36.501,-0.05061797488758678
0.41100000000000025,37.001,-0.04651855764239188
0.41100000000000025,37.501,-0.042882397320238005
0.41100000000000025,38.001,-0.03961978635097241
0.41100000000000025,38.501,-0.036665369153296754
0.41100000000000025,39.001,-0.033969930632583356
0.41100000000000025,39.501,-0.03149540266272634
0.41600000000000026,0.001,-1.256154306344078
0.41600000000000026,0.501,-1.7719280098248045
0.41600000000000026,1.001,-0.6182338760535757
0.41600000000000026,1.501,-0.3140242055675775
0.41600000000000026,2.001,-0.18815764789630268
0.41600000000000026,2.501,-0.12449801777824004
0.41600000000000026,3.001,-0.08841687406630527
0.41600000000000026,3.501,-0.06644107547451261
0.41600000000000026,4.0009999999999994,-0.05240245462464457
0.41600000000000026,4.5009999999999994,-0.043146126125536505
0.41600000000000026,5.0009999999999994,-0.036922860130659874
0.41600000000000026,5.5009999999999994,-0.032701386849909
0.41600000000000026,6.0009999999999994,-0.029843662759701017
0.41600000000000026,6.5009999999999994,-0.02793930046028928
0.41600000000000026,7.0009999999999994,-0.02671580225498748
0.41600000000000026,7.5009999999999994,-0.025987379147211803
0.41600000000000026,8.001,-0.02562451707922611
0.41600000000000026,8.501,-0.025535223995054285
0.41600000000000026,9.001,-0.02565311600879816
0.41600000000000026,9.501,-0.025929645413870883
0.41600000000000026,10.001,-0.02632891194710338
0.41600000000000026,10.501,-0.026824127447520274
0.41600000000000026,11.001,-0.02739516330216843
0.41600000000000026,11.501,-0.02802682165938069
0.41600000000000026,12.001,-0.028707599415436158
0.41600000000000026,12.501,-0.029428793341487458
0.41600000000000026,13.001,-0.03018384499745387
0.41600000000000026,13.501,-0.030967856572056134
0.41600000000000026,14.001,-0.03177723016917414
0.41600000000000026,14.501,-0.0326093973661562
0.41600000000000026,15.001,-0.03346261559014778
0.41600000000000026,15.501,-0.034335814560356226
0.41600000000000026,16.000999999999998,-0.035228480729932635
0.41600000000000026,16.500999999999998,-0.03614057098333095
0.41600000000000026,17.000999999999998,-0.03707244923492308
0.41600000000000026,17.500999999999998,-0.03802484132221567
0.41600000000000026,18.000999999999998,-0.03899880489023522
0.41600000000000026,18.500999999999998,-0.03999571196075443
0.41600000000000026,19.000999999999998,-0.041017242669910726
0.41600000000000026,19.500999999999998,-0.04206538931410469
0.41600000000000026,20.000999999999998,-0.04314247042498128
0.41600000000000026,20.500999999999998,-0.044251155149667515
0.41600000000000026,21.000999999999998,-0.0453944987901382
0.41600000000000026,21.500999999999998,-0.04657599100741759
0.41600000000000026,22.000999999999998,-0.047799618985273386
0.41600000000000026,22.500999999999998,-0.049069948857392784
0.41600000000000026,23.000999999999998,-0.05039223004948861
0.41600000000000026,23.500999999999998,-0.051772529046933566
0.41600000000000026,24.000999999999998,-0.05321790173434456
0.41600000000000026,24.500999999999998,-0.05473661728184477
0.41600000000000026,25.000999999999998,-0.05633845224395542
0.41600000000000026,25.500999999999998,-0.05803508220124251
0.41600000000000026,26.000999999999998,-0.0598406118042794
0.41600000000000026,26.500999999999998,-0.0617723058035345
0.41600000000000026,27.000999999999998,-0.06385161963728801
0.41600000000000026,27.500999999999998,-0.06610568992360095
0.41600000000000026,28.000999999999998,-0.06856955566544509
0.41600000000000026,28.500999999999998,-0.07128958818094423
0.41600000000000026,29.000999999999998,-0.07432901913395101
0.41600000000000026,29.500999999999998,-0.0777773307624182
0.41600000000000026,30.000999999999998,-0.08176729742861573
0.41600000000000026,30.500999999999998,-0.08650869313230135
0.41600000000000026,31.000999999999998,-0.09236326273397286
0.41600000000000026,31.500999999999998,-0.10004264087098334
0.41600000000000026,32.001,-0.11130116672587714
0.41600000000000026,32.501,-0.13343785936137734
0.41600000000000026,33.001,-0.12397292679822966
0.41600000000000026,33.501,-0.09581760101788397
0.41600000000000026,34.001,-0.08173381687418461
0.41600000000000026,34.501,-0.0720379074048774
0.41600000000000026,35.001,-0.06458112363366134
0.41600000000000026,35.501,-0.05850576131180346
0.41600000000000026,36.001,-0.05337677730421668
0.41600000000000026,36.501,-0.04894101387598669
0.41600000000000026,37.001,-0.045037222921266565
0.41600000000000026,37.501,-0.04155587600159552
0.41600000000000026,38.001,-0.03841890054307319
0.41600000000000026,38.501,-0.035568517980835025
0.41600000000000026,39.001,-0.03296066456820265
0.41600000000000026,39.501,-0.03056089942223727
0.42100000000000026,0.001,-1.2662245765103455
0.42100000000000026,0.501,-1.7680429584642536
0.42100000000000026,1.001,-0.6167430193240723
0.42100000000000026,1.501,-0.31337609244060133
0.42100000000000026,2.001,-0.187935914026109
0.42100000000000026,2.501,-0.12452972957961142
0.42100000000000026,3.001,-0.08861366306138921
0.42100000000000026,3.501,-0.06675187722835801
0.42100000000000026,4.0009999999999994,-0.052795262514091425
0.42100000000000026,4.5009999999999994,-0.04359969673643546
0.42100000000000026,5.0009999999999994,-0.03742248965156497
0.42100000000000026,5.5009999999999994,-0.033236572342159654
0.42100000000000026,6.0009999999999994,-0.03040672067393896
0.42100000000000026,6.5009999999999994,-0.02852450758867732
0.42100000000000026,7.0009999999999994,-0.027318838780153936
0.42100000000000026,7.5009999999999994,-0.026604954878970022
0.42100000000000026,8.001,-0.026254113285665875
0.42100000000000026,8.501,-0.026174910689417463
0.42100000000000026,9.001,-0.02630141995257402
0.42100000000000026,9.501,-0.026585453090287578
0.42100000000000026,10.001,-0.026991397199693762
0.42100000000000026,10.501,-0.027492696872543743
0.42100000000000026,11.001,-0.02806941465982997
0.42100000000000026,11.501,-0.028706511998731615
0.42100000000000026,12.001,-0.029392620568642124
0.42100000000000026,12.501,-0.030119153102195054
0.42100000000000026,13.001,-0.030879652758953935
0.42100000000000026,13.501,-0.03166931252959912
0.42100000000000026,14.001,-0.03248461742975861
0.42100000000000026,14.501,-0.033323076486583614
0.42100000000000026,15.001,-0.03418302119926454
0.42100000000000026,15.501,-0.03506345382736517
0.42100000000000026,16.000999999999998,-0.03596393352698202
0.42100000000000026,16.500999999999998,-0.03688449166425454
0.42100000000000026,17.000999999999998,-0.03782557001857248
0.42100000000000026,17.500999999999998,-0.03878797733290099
0.42100000000000026,18.000999999999998,-0.03977286097374974
0.42100000000000026,18.500999999999998,-0.04078169146663934
0.42100000000000026,19.000999999999998,-0.041816258474056525
0.42100000000000026,19.500999999999998,-0.04287867745650187
0.42100000000000026,20.000999999999998,-0.0439714068632764
0.42100000000000026,20.500999999999998,-0.04509727629072647
0.42100000000000026,21.000999999999998,-0.04625952667372039
0.42100000000000026,21.500999999999998,-0.04746186429928437
0.42100000000000026,22.000999999999998,-0.04870853132187938
0.42100000000000026,22.500999999999998,-0.05000439661573549
0.42100000000000026,23.000999999999998,-0.05135507236137585
0.42100000000000026,23.500999999999998,-0.052767063940943916
0.42100000000000026,24.000999999999998,-0.05424796383419316
0.42100000000000026,24.500999999999998,-0.05580670477838547
0.42100000000000026,25.000999999999998,-0.057453894319314226
0.42100000000000026,25.500999999999998,-0.05920226344301302
0.42100000000000026,26.000999999999998,-0.061067278666978406
0.42100000000000026,26.500999999999998,-0.06306799412374876
0.42100000000000026,27.000999999999998,-0.06522826583264431
0.42100000000000026,27.500999999999998,-0.06757853009644446
0.42100000000000026,28.000999999999998,-0.07015849343735514
0.42100000000000026,28.500999999999998,-0.07302136090509376
0.42100000000000026,29.000999999999998,-0.07624080033753235
0.42100000000000026,29.500999999999998,-0.07992309697379987
0.42100000000000026,30.000999999999998,-0.08422999384265138
0.42100000000000026,30.500999999999998,-0.08942602918683014
0.42100000000000026,31.000999999999998,-0.09599106025479151
0.42100000000000026,31.500999999999998,-0.10494995694053255
0.42100000000000026,32.001,-0.11927972727888778
0.42100000000000026,32.501,-0.1648689923898281
0.42100000000000026,33.001,-0.1086977554690371
0.42100000000000026,33.501,-0.08929379330657627
0.42100000000000026,34.001,-0.07750030137006539
0.42100000000000026,34.501,-0.06888649960782976
0.42100000000000026,35.001,-0.06206558178389085
0.42100000000000026,35.501,-0.056410516969965005
0.42100000000000026,36.001,-0.05158075184264854
0.42100000000000026,36.501,-0.047369216281366
0.42100000000000026,37.001,-0.0436398944076083
0.42100000000000026,37.501,-0.04029826263013171
0.42100000000000026,38.001,-0.03727574494362073
0.42100000000000026,38.501,-0.034520873329388
0.42100000000000026,39.001,-0.03199394512933493
0.42100000000000026,39.501,-0.029663632100238597
0.42600000000000027,0.001,-1.276235438553449
0.42600000000000027,0.501,-1.7642524058310578
0.42600000000000027,1.001,-0.6153045071848244
0.42600000000000027,1.501,-0.3127646296182629
0.42600000000000027,2.001,-0.18774236664545246
0.42600000000000027,2.501,-0.12458423081448824
0.42600000000000027,3.001,-0.08882945184613866
0.42600000000000027,3.501,-0.06707884700116087
0.42600000000000027,4.0009999999999994,-0.05320202950480832
0.42600000000000027,4.5009999999999994,-0.044065449144355784
0.42600000000000027,5.0009999999999994,-0.037932837651582785
0.42600000000000027,5.5009999999999994,-0.03378125034467663
0.42600000000000027,6.0009999999999994,-0.030978230202939636
0.42600000000000027,6.5009999999999994,-0.02911727349155452
0.42600000000000027,7.0009999999999994,-0.02792866225570398
0.42600000000000027,7.5009999999999994,-0.0272286464850294
0.42600000000000027,8.001,-0.026889239512942115
0.42600000000000027,8.501,-0.02681961466523812
0.42600000000000027,9.001,-0.02695429196885884
0.42600000000000027,9.501,-0.02724543548678935
0.42600000000000027,10.001,-0.02765771347901093
0.42600000000000027,10.501,-0.028164798258268536
0.42600000000000027,11.001,-0.028746939447449812
0.42600000000000027,11.501,-0.0293892544540484
0.42600000000000027,12.001,-0.03008050707276562
0.42600000000000027,12.501,-0.03081222389005804
0.42600000000000027,13.001,-0.0315780480516696
0.42600000000000027,13.501,-0.03237326218447098
0.42600000000000027,14.001,-0.03319443346724922
0.42600000000000027,14.501,-0.03403914802883183
0.42600000000000027,15.001,-0.03490581148859466
0.42600000000000027,15.501,-0.035793499098785014
0.42600000000000027,16.000999999999998,-0.036701843595242145
0.42600000000000027,16.500999999999998,-0.0376309521607296
0.42600000000000027,17.000999999999998,-0.03858134628155001
0.42600000000000027,17.500999999999998,-0.039553920021660555
0.42600000000000027,18.000999999999998,-0.04054991354658381
0.42600000000000027,18.500999999999998,-0.041570899740495375
0.42600000000000027,19.000999999999998,-0.04261878257419449
0.42600000000000027,19.500999999999998,-0.043695806575276726
0.42600000000000027,20.000999999999998,-0.04480457738676234
0.42600000000000027,20.500999999999998,-0.04594809403248578
0.42600000000000027,21.000999999999998,-0.04712979419362454
0.42600000000000027,21.500999999999998,-0.048353614606251975
0.42600000000000027,22.000999999999998,-0.04962406969843988
0.42600000000000027,22.500999999999998,-0.05094635291261633
0.42600000000000027,23.000999999999998,-0.05232646697272844
0.42600000000000027,23.500999999999998,-0.053771391910636956
0.42600000000000027,24.000999999999998,-0.05528930335917091
0.42600000000000027,24.500999999999998,-0.056889859087696226
0.42600000000000027,25.000999999999998,-0.0585845800509978
0.42600000000000027,25.500999999999998,-0.060387365128315114
0.42600000000000027,26.000999999999998,-0.062315199372586075
0.42600000000000027,26.500999999999998,-0.0643891496424774
0.42600000000000027,27.000999999999998,-0.0666357996587364
0.42600000000000027,27.500999999999998,-0.06908937996405742
0.42600000000000027,28.000999999999998,-0.07179504102244559
0.42600000000000027,28.500999999999998,-0.07481409738933104
0.42600000000000027,29.000999999999998,-0.07823287057919627
0.42600000000000027,29.500999999999998,-0.08217858753474509
0.42600000000000027,30.000999999999998,-0.08685043916929205
0.42600000000000027,30.500999999999998,-0.09258747244590913
0.42600000000000027,31.000999999999998,-0.10004316958633781
0.42600000000000027,31.500999999999998,-0.11076886545667994
0.42600000000000027,32.001,-0.13056381632302022
0.42600000000000027,32.501,-0.1326959951462775
0.42600000000000027,33.001,-0.09923475492689304
0.42600000000000027,33.501,-0.08406450788439807
0.42600000000000027,34.001,-0.0738483327588567
0.42600000000000027,34.501,-0.06607043159955639
0.42600000000000027,35.001,-0.05977050720900655
0.42600000000000027,35.501,-0.054472482784848605
0.42600000000000027,36.001,-0.04990320799622394
0.42600000000000027,36.501,-0.045890370711511225
0.42600000000000027,37.001,-0.042317745364993734
0.42600000000000027,37.501,-0.03910292595980909
0.42600000000000027,38.001,-0.0361851814751908
0.42600000000000027,38.501,-0.03351835221445612
0.42600000000000027,39.001,-0.03106645875339409
0.42600000000000027,39.501,-0.02880086326688825
0.43100000000000027,0.001,-1.2861875883134042
0.43100000000000027,0.501,-1.7605543023737367
0.43100000000000027,1.001,-0.6139171969845565
0.43100000000000027,1.501,-0.312189007857524
0.43100000000000027,2.001,-0.18757637372974112
0.43100000000000027,2.501,-0.12466100088138216
0.43100000000000027,3.001,-0.08906379713855728
0.43100000000000027,3.501,-0.06742159882367049
0.43100000000000027,4.0009999999999994,-0.05362241418792775
0.43100000000000027,4.5009999999999994,-0.044543077870561956
0.43100000000000027,5.0009999999999994,-0.03845362846877612
0.43100000000000027,5.5009999999999994,-0.03433517052213905
0.43100000000000027,6.0009999999999994,-0.03155796294079102
0.43100000000000027,6.5009999999999994,-0.02971738905765159
0.43100000000000027,7.0009999999999994,-0.02854508077828105
0.43100000000000027,7.5009999999999994,-0.027858277587639674
0.43100000000000027,8.001,-0.02752973353229625
0.43100000000000027,8.501,-0.027469186702510175
0.43100000000000027,9.001,-0.027611594893061808
0.43100000000000027,9.501,-0.027909466692014384
0.43100000000000027,10.001,-0.028327745449881453
0.43100000000000027,10.501,-0.02884032627487798
0.43100000000000027,11.001,-0.029427641862275353
0.43100000000000027,11.501,-0.03007496235425891
0.43100000000000027,12.001,-0.03077118106951976
0.43100000000000027,12.501,-0.03150793641340768
0.43100000000000027,13.001,-0.032278969975667766
0.43100000000000027,13.501,-0.033079652925574105
0.43100000000000027,14.001,-0.03390663393127445
0.43100000000000027,14.501,-0.03475757595492736
0.43100000000000027,15.001,-0.03563095887143018
0.43100000000000027,15.501,-0.03652593147540156
0.43100000000000027,16.000999999999998,-0.03744220107004244
0.43100000000000027,16.500999999999998,-0.0383799521179536
0.43100000000000027,17.000999999999998,-0.039339787804963174
0.43100000000000027,17.500999999999998,-0.04032269011100595
0.43100000000000027,18.000999999999998,-0.04132999529442317
0.43100000000000027,18.500999999999998,-0.042363382716522756
0.43100000000000027,19.000999999999998,-0.04342487576299444
0.43100000000000027,19.500999999999998,-0.04451685433543094
0.43100000000000027,20.000999999999998,-0.04564207905428132
0.43100000000000027,20.500999999999998,-0.046803727993699536
0.43100000000000027,21.000999999999998,-0.048005447521575276
0.43100000000000027,21.500999999999998,-0.04925141971877341
0.43100000000000027,22.000999999999998,-0.05054644999745902
0.43100000000000027,22.500999999999998,-0.05189608006586258
0.43100000000000027,23.000999999999998,-0.05330673349763937
0.43100000000000027,23.500999999999998,-0.0547859041669194
0.43100000000000027,24.000999999999998,-0.0563424021927611
0.43100000000000027,24.500999999999998,-0.05798667859020945
0.43100000000000027,25.000999999999998,-0.05973125987015778
0.43100000000000027,25.500999999999998,-0.061591339637941514
0.43100000000000027,26.000999999999998,-0.06358559984792779
0.43100000000000027,26.500999999999998,-0.06573737722291978
0.43100000000000027,27.000999999999998,-0.06807636476090419
0.43100000000000027,27.500999999999998,-0.07064117312898406
0.43100000000000027,28.000999999999998,-0.07348333381453101
0.43100000000000027,28.500999999999998,-0.0766738461466159
0.43100000000000027,29.000999999999998,-0.08031450285519492
0.43100000000000027,29.500999999999998,-0.08455892959533587
0.43100000000000027,30.000999999999998,-0.08965551850475373
0.43100000000000027,30.500999999999998,-0.09604722812589186
0.43100000000000027,31.000999999999998,-0.10465373405437933
0.43100000000000027,31.500999999999998,-0.11799325121586968
0.43100000000000027,32.001,-0.1514792818484729
0.43100000000000027,32.501,-0.1140349873942032
0.43100000000000027,33.001,-0.09229771447634688
0.43100000000000027,33.501,-0.07969233810319944
0.43100000000000027,34.001,-0.07063562644615212
0.43100000000000027,34.501,-0.0635248450174857
0.43100000000000027,35.001,-0.05766041702418405
0.43100000000000027,35.501,-0.052669880520857554
0.43100000000000027,36.001,-0.048329676125012315
0.43100000000000027,36.501,-0.04449428937506858
0.43100000000000027,37.001,-0.04106327805999911
0.43100000000000027,37.501,-0.03796415202096582
0.43100000000000027,38.001,-0.03514273093957303
0.43100000000000027,38.501,-0.032557360682052394
0.43100000000000027,39.001,-0.030175264910207222
0.43100000000000027,39.501,-0.02797014671512915
0.4360000000000003,0.001,-1.2960817054843499
0.4360000000000003,0.501,-1.7569466684908663
0.4360000000000003,1.001,-0.6125799852283573
0.4360000000000003,1.501,-0.311648445756691
0.4360000000000003,2.001,-0.18743732509199185
0.4360000000000003,2.501,-0.12475953725694011
0.4360000000000003,3.001,-0.08931627114409088
0.4360000000000003,3.501,-0.06777976031312138
0.4360000000000003,4.0009999999999994,-0.05405608728256006
0.4360000000000003,4.5009999999999994,-0.04503228840703325
0.4360000000000003,5.0009999999999994,-0.03898459646909275
0.4360000000000003,5.5009999999999994,-0.03489809178229533
0.4360000000000003,6.0009999999999994,-0.03214569905953167
0.4360000000000003,6.5009999999999994,-0.030324653181311705
0.4360000000000003,7.0009999999999994,-0.029167909951146362
0.4360000000000003,7.5009999999999994,-0.028493678875688044
0.4360000000000003,8.001,-0.02817543978989462
0.4360000000000003,8.501,-0.02812348390454933
0.4360000000000003,9.001,-0.028273197566171027
0.4360000000000003,9.501,-0.02857742651150856
0.4360000000000003,10.001,-0.029001383230762817
0.4360000000000003,10.501,-0.029519180805518602
0.4360000000000003,11.001,-0.030111431094394778
0.4360000000000003,11.501,-0.030763553820098155
0.4360000000000003,12.001,-0.03146456930955595
0.4360000000000003,12.501,-0.032206225824364706
0.4360000000000003,13.001,-0.03298236192740141
0.4360000000000003,13.501,-0.0337884363090387
0.4360000000000003,14.001,-0.03462117852877966
0.4360000000000003,14.501,-0.035478328195130665
0.4360000000000003,15.001,-0.036358439663279965
0.4360000000000003,15.501,-0.03726073592031894
0.4360000000000003,16.000999999999998,-0.03818499993928882
0.4360000000000003,16.500999999999998,-0.03913149505941562
0.4360000000000003,17.000999999999998,-0.04010090831629081
0.4360000000000003,17.500999999999998,-0.04109431238926882
0.4360000000000003,18.000999999999998,-0.04211314315133097
0.4360000000000003,18.500999999999998,-0.04315919083835952
0.4360000000000003,19.000999999999998,-0.044234603702426156
0.4360000000000003,19.500999999999998,-0.045341903756861146
0.4360000000000003,20.000999999999998,-0.04648401492694285
0.4360000000000003,20.500999999999998,-0.04766430465321224
0.4360000000000003,21.000999999999998,-0.048886640824085704
0.4360000000000003,21.500999999999998,-0.05015546692532586
0.4360000000000003,22.000999999999998,-0.05147589959933456
0.4360000000000003,22.500999999999998,-0.052853854569207485
0.4360000000000003,23.000999999999998,-0.05429620934342251
0.4360000000000003,23.500999999999998,-0.055811014652713535
0.4360000000000003,24.000999999999998,-0.057407771780675555
0.4360000000000003,24.500999999999998,-0.05909780081830809
0.4360000000000003,25.000999999999998,-0.06089473706307196
0.4360000000000003,25.500999999999998,-0.06281521219383851
0.4360000000000003,26.000999999999998,-0.06487980871433913
0.4360000000000003,26.500999999999998,-0.06711443027988136
0.4360000000000003,27.000999999999998,-0.06955232614560139
0.4360000000000003,27.500999999999998,-0.07223718482976936
0.4360000000000003,28.000999999999998,-0.0752280573374625
0.4360000000000003,28.500999999999998,-0.07860758952604253
0.4360000000000003,29.000999999999998,-0.08249666610638112
0.4360000000000003,29.500999999999998,-0.08708262003976674
0.4360000000000003,30.000999999999998,-0.09267971078911189
0.4360000000000003,30.500999999999998,-0.09988018992208104
0.4360000000000003,31.000999999999998,-0.11003463042352796
0.4360000000000003,31.500999999999998,-0.12769772216217787
0.4360000000000003,32.001,-0.14733582756530011
0.4360000000000003,32.501,-0.10342027067184167
0.4360000000000003,33.001,-0.08679661793541693
0.4360000000000003,33.501,-0.07593172842615306
0.4360000000000003,34.001,-0.067766951818181
0.4360000000000003,34.501,-0.061202220352324296
0.4360000000000003,35.001,-0.05570783245862973
0.4360000000000003,35.501,-0.050985200014676615
0.4360000000000003,36.001,-0.04684820296353425
0.4360000000000003,36.501,-0.04317238212342345
0.4360000000000003,37.001,-0.03987006845232281
0.4360000000000003,37.501,-0.03687698165587654
0.4360000000000003,38.001,-0.03414446452266279
0.4360000000000003,38.501,-0.031634718417569395
0.4360000000000003,39.001,-0.02931774194158067
0.4360000000000003,39.501,-0.02716928743696507
0.4410000000000003,0.001,-1.3059184541702331
0.4410000000000003,0.501,-1.7534275914044724
0.4410000000000003,1.001,-0.6112918058258072
0.4410000000000003,1.501,-0.3111421885086886
0.4410000000000003,2.001,-0.18732463140427053
0.4410000000000003,2.501,-0.12487935468545869
0.4410000000000003,3.001,-0.08958646086109408
0.4410000000000003,3.501,-0.06815297206386121
0.4410000000000003,4.0009999999999994,-0.05450273109180981
0.4410000000000003,4.5009999999999994,-0.045532796724357893
0.4410000000000003,5.0009999999999994,-0.03952548559649399
0.4410000000000003,5.5009999999999994,-0.03546978186116907
0.4410000000000003,6.0009999999999994,-0.032741226923992395
0.4410000000000003,6.5009999999999994,-0.030938872402725054
0.4410000000000003,7.0009999999999994,-0.029796972546455525
0.4410000000000003,7.5009999999999994,-0.029134687786315422
0.4410000000000003,8.001,-0.02882620910559011
0.4410000000000003,8.501,-0.028782369412100453
0.4410000000000003,9.001,-0.028938974562730833
0.4410000000000003,9.501,-0.029249200208341625
0.4410000000000003,10.001,-0.029678522145989567
0.4410000000000003,10.501,-0.030201266709341035
0.4410000000000003,11.001,-0.030798221099891318
0.4410000000000003,11.501,-0.031454951546831755
0.4410000000000003,12.001,-0.032160602944328334
0.4410000000000003,12.501,-0.032907031519541524
0.4410000000000003,13.001,-0.033688171409057825
0.4410000000000003,13.501,-0.03449956787614403
0.4410000000000003,14.001,-0.035338030850583145
0.4410000000000003,14.501,-0.03620137648333181
0.4410000000000003,15.001,-0.037088233926492076
0.4410000000000003,15.501,-0.03799790111340283
0.4410000000000003,16.000999999999998,-0.03893023790859865
0.4410000000000003,16.500999999999998,-0.03988558826394395
0.4410000000000003,17.000999999999998,-0.040864725380020755
0.4410000000000003,17.500999999999998,-0.04186881561710634
0.4410000000000003,18.000999999999998,-0.04289939822522981
0.4410000000000003,18.500999999999998,-0.04395837900776416
0.4410000000000003,19.000999999999998,-0.04504803690139193
0.4410000000000003,19.500999999999998,-0.04617104322883429
0.4410000000000003,20.000999999999998,-0.04733049413034975
0.4410000000000003,20.500999999999998,-0.04852995747514406
0.4410000000000003,21.000999999999998,-0.04977353647201434
0.4410000000000003,21.500999999999998,-0.051065953336837784
0.4410000000000003,22.000999999999998,-0.05241265786567863
0.4410000000000003,22.500999999999998,-0.0538199677989581
0.4410000000000003,23.000999999999998,-0.05529525073652312
0.4410000000000003,23.500999999999998,-0.056847161533378196
0.4410000000000003,24.000999999999998,-0.05848595531031583
0.4410000000000003,24.500999999999998,-0.060223905679769735
0.4410000000000003,25.000999999999998,-0.06207587261428939
0.4410000000000003,25.500999999999998,-0.06406008828337109
0.4410000000000003,26.000999999999998,-0.06619926895338896
0.4410000000000003,26.500999999999998,-0.068522229668278
0.4410000000000003,27.000999999999998,-0.07106630189604114
0.4410000000000003,27.500999999999998,-0.07388108761090742
0.4410000000000003,28.000999999999998,-0.07703455047743027
0.4410000000000003,28.500999999999998,-0.08062344889296534
0.4410000000000003,29.000999999999998,-0.08479247149943753
0.4410000000000003,29.500999999999998,-0.08977262195531113
0.4410000000000003,30.000999999999998,-0.09596829471654869
0.4410000000000003,30.500999999999998,-0.10419422028548765
0.4410000000000003,31.000999999999998,-0.11655179319880263
0.4410000000000003,31.500999999999998,-0.1431543981672048
0.4410000000000003,32.001,-0.12109972650585477
0.4410000000000003,32.501,-0.09587791246485688
0.4410000000000003,33.001,-0.08222839292816458
0.4410000000000003,33.501,-0.07263049711193452
0.4410000000000003,34.001,-0.06517532805611898
0.4410000000000003,34.501,-0.059066667031214534
0.4410000000000003,35.001,-0.053891026267947034
0.4410000000000003,35.501,-0.049404146216201
0.4410000000000003,36.001,-0.04544879707014631
0.4410000000000003,36.501,-0.04191733735139594
0.4410000000000003,37.001,-0.0387325695868198
0.4410000000000003,37.501,-0.035837082612352876
0.4410000000000003,38.001,-0.03318691681597092
0.4410000000000003,38.501,-0.03074759738568896
0.4410000000000003,39.001,-0.028491542412881897
0.4410000000000003,39.501,-0.0263963082649016
0.4460000000000003,0.001,-1.3156984834152832
0.4460000000000003,0.501,-1.7499952222069122
0.4460000000000003,1.001,-0.6100516284363519
0.4460000000000003,1.501,-0.3106695067236029
0.4460000000000003,2.001,-0.18723772327356353
0.4460000000000003,2.501,-0.12501998441351703
0.4460000000000003,3.001,-0.08987396742497866
0.4460000000000003,3.501,-0.06854088707194872
0.4460000000000003,4.0009999999999994,-0.0549620389891311
0.4460000000000003,4.5009999999999994,-0.046044328807095136
0.4460000000000003,5.0009999999999994,-0.04007604894819641
0.4460000000000003,5.5009999999999994,-0.0360500169314321
0.4460000000000003,6.0009999999999994,-0.03334434272815595
0.4460000000000003,6.5009999999999994,-0.031559860568281695
0.4460000000000003,7.0009999999999994,-0.030432098186426306
0.4460000000000003,7.5009999999999994,-0.029781148204360203
0.4460000000000003,8.001,-0.02948189838857246
0.4460000000000003,8.501,-0.02944571213350408
0.4460000000000003,9.001,-0.0296088059341318
0.4460000000000003,9.501,-0.02992467825837833
0.4460000000000003,10.001,-0.030359062492072056
0.4460000000000003,10.501,-0.030886493598051803
0.4460000000000003,11.001,-0.03148793038701825
0.4460000000000003,11.501,-0.032149082599550696
0.4460000000000003,12.001,-0.03285921733013476
0.4460000000000003,12.501,-0.03361029695255765
0.4460000000000003,13.001,-0.03439634984939703
0.4460000000000003,13.501,-0.035213006982445574
0.4460000000000003,14.001,-0.036057158208888065
0.4460000000000003,14.501,-0.03692669620319736
0.4460000000000003,15.001,-0.03782032532546449
0.4460000000000003,15.501,-0.038737419316211094
0.4460000000000003,16.000999999999998,-0.039677916276894196
0.4460000000000003,16.500999999999998,-0.04064224265327
0.4460000000000003,17.000999999999998,-0.041631260298980524
0.4460000000000003,17.500999999999998,-0.04264623244504971
0.4460000000000003,18.000999999999998,-0.04368880573498947
0.4460000000000003,18.500999999999998,-0.0447610065457677
0.4460000000000003,19.000999999999998,-0.045865250707137366
0.4460000000000003,19.500999999999998,-0.047004366540178324
0.4460000000000003,20.000999999999998,-0.04818163193537771
0.4460000000000003,20.500999999999998,-0.04940082705679816
0.4460000000000003,21.000999999999998,-0.05066630527899679
0.4460000000000003,21.500999999999998,-0.05198308624917093
0.4460000000000003,22.000999999999998,-0.0533569766745026
0.4460000000000003,22.500999999999998,-0.05479472679359953
0.4460000000000003,23.000999999999998,-0.05630423385403324
0.4460000000000003,23.500999999999998,-0.05789480884431397
0.4460000000000003,24.000999999999998,-0.05957753013057523
0.4460000000000003,24.500999999999998,-0.061365719058928306
0.4460000000000003,25.000999999999998,-0.06327559066071539
0.4460000000000003,25.500999999999998,-0.06532716210322524
0.4460000000000003,26.000999999999998,-0.06754555133520983
0.4460000000000003,26.500999999999998,-0.06996288574425624
0.4460000000000003,27.000999999999998,-0.07262120087650306
0.4460000000000003,27.500999999999998,-0.07557701896237361
0.4460000000000003,28.000999999999998,-0.07890893438465302
0.4460000000000003,28.500999999999998,-0.08273094999031831
0.4460000000000003,29.000999999999998,-0.08721777726209595
0.4460000000000003,29.500999999999998,-0.09265795116085915
0.4460000000000003,30.000999999999998,-0.09958246643345695
0.4460000000000003,30.500999999999998,-0.10915327951617096
0.4460000000000003,31.000999999999998,-0.12492889034924615
0.4460000000000003,31.500999999999998,-0.22356655284544397
0.4460000000000003,32.001,-0.10860768618139394
0.4460000000000003,32.501,-0.08999412283551947
0.4460000000000003,33.001,-0.07831755247772075
0.4460000000000003,33.501,-0.06968756129653289
0.4460000000000003,34.001,-0.06281179231476003
0.4460000000000003,34.501,-0.057090393485727114
0.4460000000000003,35.001,-0.05219251332820511
0.4460000000000003,35.501,-0.04791489323737399
0.4460000000000003,36.001,-0.04412301959644134
0.4460000000000003,36.501,-0.04072287904724898
0.4460000000000003,37.001,-0.037645958164764876
0.4460000000000003,37.501,-0.03484064771393066
0.4460000000000003,38.001,-0.032267015418086166
0.4460000000000003,38.501,-0.029893471473464314
0.4460000000000003,39.001,-0.027694556035849506
0.4460000000000003,39.501,-0.025649421886905846
0.4510000000000003,0.001,-1.3254224277106859
0.4510000000000003,0.501,-1.7466477730697418
0.4510000000000003,1.001,-0.6088584569055491
0.4510000000000003,1.501,-0.31022969531595634
0.4510000000000003,2.001,-0.187176050368475
0.4510000000000003,2.501,-0.12518097346674187
0.4510000000000003,3.001,-0.09017840548850348
0.4510000000000003,3.501,-0.06894317019146973
0.4510000000000003,4.0009999999999994,-0.0554337149330192
0.4510000000000003,4.5009999999999994,-0.04656662021477706
0.4510000000000003,5.0009999999999994,-0.04063604837336596
0.4510000000000003,5.5009999999999994,-0.03663858123240926
0.4510000000000003,6.0009999999999994,-0.033954850151617394
0.4510000000000003,6.5009999999999994,-0.03218743850969927
0.4510000000000003,7.0009999999999994,-0.031073123042149667
0.4510000000000003,7.5009999999999994,-0.030432910178445516
0.4510000000000003,8.001,-0.030142370368789723
0.4510000000000003,8.501,-0.030113386489861064
0.4510000000000003,9.001,-0.030282576966208022
0.4510000000000003,9.501,-0.030603756119231024
0.4510000000000003,10.001,-0.0310429093171255
0.4510000000000003,10.501,-0.031574775625091506
0.4510000000000003,11.001,-0.03218048181454528
0.4510000000000003,11.501,-0.032845878220231856
0.4510000000000003,12.001,-0.03356035184354292
0.4510000000000003,12.501,-0.03431596945760575
0.4510000000000003,13.001,-0.035106852435337885
0.4510000000000003,13.501,-0.03592871663738576
0.4510000000000003,14.001,-0.03677853148505567
0.4510000000000003,14.501,-0.037654266244393844
0.4510000000000003,15.001,-0.038554700991799196
0.4510000000000003,15.501,-0.0394792862467958
0.4510000000000003,16.000999999999998,-0.04042803982186488
0.4510000000000003,16.500999999999998,-0.04140147268955496
0.4510000000000003,17.000999999999998,-0.042400538025853605
0.4510000000000003,17.500999999999998,-0.04342659934162517
0.4510000000000003,18.000999999999998,-0.04448141495871525
0.4510000000000003,18.500999999999998,-0.04556713716599063
0.4510000000000003,19.000999999999998,-0.046686325310254746
0.4510000000000003,19.500999999999998,-0.04784197292516584
0.4510000000000003,20.000999999999998,-0.04903754985774847
0.4510000000000003,20.500999999999998,-0.05027706129992365
0.4510000000000003,21.000999999999998,-0.05156512677000466
0.4510000000000003,21.500999999999998,-0.05290708354583463
0.4510000000000003,22.000999999999998,-0.054309121010951616
0.4510000000000003,22.500999999999998,-0.055778455112464334
0.4510000000000003,23.000999999999998,-0.05732355607100263
0.4510000000000003,23.500999999999998,-0.058954448312861576
0.4510000000000003,24.000999999999998,-0.06068311044119602
0.4510000000000003,24.500999999999998,-0.06252401684648871
0.4510000000000003,25.000999999999998,-0.06449488464794276
0.4510000000000003,25.500999999999998,-0.06661772619213495
0.4510000000000003,26.000999999999998,-0.06892036993560997
0.4510000000000003,26.500999999999998,-0.07143872425822323
0.4510000000000003,27.000999999999998,-0.07422026783599144
0.4510000000000003,27.500999999999998,-0.0773296641645748
0.4510000000000003,28.000999999999998,-0.08085827513834282
0.4510000000000003,28.500999999999998,-0.08494137109900357
0.4510000000000003,29.000999999999998,-0.08979202527508587
0.4510000000000003,29.500999999999998,-0.09577604344972776
0.4510000000000003,30.000999999999998,-0.10360793596922294
0.4510000000000003,30.500999999999998,-0.11502555835825079
0.4510000000000003,31.000999999999998,-0.13697602556176874
0.4510000000000003,31.500999999999998,-0.13109916412148098
0.4510000000000003,32.001,-0.1001700917523381
0.4510000000000003,32.501,-0.08515741847915065
0.4510000000000003,33.001,-0.07489618708278288
0.4510000000000003,33.501,-0.06703223403109834
0.4510000000000003,34.001,-0.06063943184864706
0.4510000000000003,34.501,-0.055251426927880695
0.4510000000000003,35.001,-0.05059800767808102
0.4510000000000003,35.501,-0.0465075436486507
0.4510000000000003,36.001,-0.04286367684362806
0.4510000000000003,36.501,-0.039583579126369534
0.4510000000000003,37.001,-0.036606013366710384
0.4510000000000003,37.501,-0.03388431296243562
0.4510000000000003,38.001,-0.031382023454411885
0.4510000000000003,38.501,-0.029070074845801028
0.4510000000000003,39.001,-0.02692487866937201
0.4510000000000003,39.501,-0.024927007226582164
0.4560000000000003,0.001,-1.3350909074787956
0.4560000000000003,0.501,-1.7433835146040007
0.4560000000000003,1.001,-0.6077113277862225
0.4560000000000003,1.501,-0.30982207245244403
0.4560000000000003,2.001,-0.18713908059344736
0.4560000000000003,2.501,-0.1253618839659522
0.4560000000000003,3.001,-0.09049940263582357
0.4560000000000003,3.501,-0.06935949762050664
0.4560000000000003,4.0009999999999994,-0.05591747300818357
0.4560000000000003,4.5009999999999994,-0.047099415666877475
0.4560000000000003,5.0009999999999994,-0.041205254093733296
0.4560000000000003,5.5009999999999994,-0.037235266720300364
0.4560000000000003,6.0009999999999994,-0.03457256003481915
0.4560000000000003,6.5009999999999994,-0.03282143374070626
0.4560000000000003,7.0009999999999994,-0.03171988954888812
0.4560000000000003,7.5009999999999994,-0.031089829652630407
0.4560000000000003,8.001,-0.030807493343113446
0.4560000000000003,8.501,-0.03078527217421062
0.4560000000000003,9.001,-0.030960177950206363
0.4560000000000003,9.501,-0.031286334012008754
0.4560000000000003,10.001,-0.03172997221256849
0.4560000000000003,10.501,-0.03226603128661762
0.4560000000000003,11.001,-0.03287580240148557
0.4560000000000003,11.501,-0.033545273645791435
0.4560000000000003,12.001,-0.03426394970747007
0.4560000000000003,12.501,-0.03502400008336191
0.4560000000000003,13.001,-0.03581963795361806
0.4560000000000003,13.501,-0.03664666335373722
0.4560000000000003,14.001,-0.037502124987003754
0.4560000000000003,14.501,-0.03838406886827993
0.4560000000000003,15.001,-0.039291351398816635
0.4560000000000003,15.501,-0.04022350096380981
0.4560000000000003,16.000999999999998,-0.04118061669475726
0.4560000000000003,16.500999999999998,-0.042163296282373225
0.4560000000000003,17.000999999999998,-0.04317258708440881
0.4560000000000003,17.500999999999998,-0.04420995653163212
0.4560000000000003,18.000999999999998,-0.04527727919289076
0.4560000000000003,18.500999999999998,-0.046376838959859015
0.4560000000000003,19.000999999999998,-0.04751134576314899
0.4560000000000003,19.500999999999998,-0.04868396712516391
0.4560000000000003,20.000999999999998,-0.04989837577674801
0.4560000000000003,20.500999999999998,-0.05115881560611916
0.4560000000000003,21.000999999999998,-0.05247018948146557
0.4560000000000003,21.500999999999998,-0.05383817414343952
0.4560000000000003,22.000999999999998,-0.055269369617771076
0.4560000000000003,22.500999999999998,-0.056771493780425994
0.4560000000000003,23.000999999999998,-0.058353637335160226
0.4560000000000003,23.500999999999998,-0.06002660137410979
0.4560000000000003,24.000999999999998,-0.061803350285424274
0.4560000000000003,24.500999999999998,-0.06369962945748144
0.4560000000000003,25.000999999999998,-0.06573482429687345
0.4560000000000003,25.500999999999998,-0.06793318245582522
0.4560000000000003,26.000999999999998,-0.07032560014151748
0.4560000000000003,26.500999999999998,-0.07295231690578122
0.4560000000000003,27.000999999999998,-0.07586713772761888
0.4560000000000003,27.500999999999998,-0.07914435864819881
0.4560000000000003,28.000999999999998,-0.0828907914253929
0.4560000000000003,28.500999999999998,-0.08726820724373471
0.4560000000000003,29.000999999999998,-0.09253942555680882
0.4560000000000003,29.500999999999998,-0.09917641772785266
0.4560000000000003,30.000999999999998,-0.1081703189694001
0.4560000000000003,30.500999999999998,-0.12229872341173087
0.4560000000000003,31.000999999999998,-0.16066576604572197
0.4560000000000003,31.500999999999998,-0.11520623689591039
0.4560000000000003,32.001,-0.09374861903943532
0.4560000000000003,32.501,-0.08104517876945505
0.4560000000000003,33.001,-0.07185409776574064
0.4560000000000003,33.501,-0.0646130778343381
0.4560000000000003,34.001,-0.05862970682361429
0.4560000000000003,34.501,-0.05353208573593962
0.4560000000000003,35.001,-0.04909568267923209
0.4560000000000003,35.501,-0.04517372862297309
0.4560000000000003,36.001,-0.041664585590870655
0.4560000000000003,36.501,-0.038494710573714355
0.4560000000000003,37.001,-0.035609020100799374
0.4560000000000003,37.501,-0.03296509105679787
0.4560000000000003,38.001,-0.030529492265035686
0.4560000000000003,38.501,-0.02827536726121596
0.4560000000000003,39.001,-0.026180786238176844
0.4560000000000003,39.501,-0.024227589394634243
0.4610000000000003,0.001,-1.3447045295360778
0.4610000000000003,0.501,-1.7402007733621687
0.4610000000000003,1.001,-0.6066093089390491
0.4610000000000003,1.501,-0.30944597855625994
0.4610000000000003,2.001,-0.18712629930740582
0.4610000000000003,2.501,-0.12556229248013864
0.4610000000000003,3.001,-0.09083659882813336
0.4610000000000003,3.501,-0.0697895564148272
0.4610000000000003,4.0009999999999994,-0.05641303699148037
0.4610000000000003,4.5009999999999994,-0.047642468650194614
0.4610000000000003,5.0009999999999994,-0.04178344434470338
0.4610000000000003,5.5009999999999994,-0.03783987273730979
0.4610000000000003,6.0009999999999994,-0.03519729007185296
0.4610000000000003,6.5009999999999994,-0.03346168017013357
0.4610000000000003,7.0009999999999994,-0.032372246136793154
0.4610000000000003,7.5009999999999994,-0.03175176821261075
0.4610000000000003,8.001,-0.03147714093528967
0.4610000000000003,8.501,-0.03146125392382662
0.4610000000000003,9.001,-0.031641503966265416
0.4610000000000003,9.501,-0.0319723167150365
0.4610000000000003,10.001,-0.03242016511631343
0.4610000000000003,10.501,-0.03296018323353776
0.4610000000000003,11.001,-0.03357382314748049
0.4610000000000003,11.501,-0.034247207936441426
0.4610000000000003,12.001,-0.03496995782724438
0.4610000000000003,12.501,-0.035734343436587976
0.4610000000000003,13.001,-0.03653466864188892
0.4610000000000003,13.501,-0.03736681700626615
0.4610000000000003,14.001,-0.03822791631564754
0.4610000000000003,14.501,-0.03911608958249882
0.4610000000000003,15.001,-0.04003027024487816
0.4610000000000003,15.501,-0.040970065759400556
0.4610000000000003,16.000999999999998,-0.04193565832401057
0.4610000000000003,16.500999999999998,-0.04292773470469484
0.4610000000000003,17.000999999999998,-0.043947439500031854
0.4610000000000003,17.500999999999998,-0.04499634794421362
0.4610000000000003,18.000999999999998,-0.04607645572207254
0.4610000000000003,18.500999999999998,-0.04719018439353011
0.4610000000000003,19.000999999999998,-0.04834040201191152
0.4610000000000003,19.500999999999998,-0.049530459466195796
0.4610000000000003,20.000999999999998,-0.050764244073546606
0.4610000000000003,20.500999999999998,-0.052046253097301626
0.4610000000000003,21.000999999999998,-0.05338169129462431
0.4610000000000003,21.500999999999998,-0.054776598482716266
0.4610000000000003,22.000999999999998,-0.05623801571025223
0.4610000000000003,22.500999999999998,-0.05777420232650548
0.4610000000000003,23.000999999999998,-0.059394921682267135
0.4610000000000003,23.500999999999998,-0.061111821403100244
0.4610000000000003,24.000999999999998,-0.06293894688502319
0.4610000000000003,24.500999999999998,-0.06489344690703926
0.4610000000000003,25.000999999999998,-0.06699656350899658
0.4610000000000003,25.500999999999998,-0.06927505482988787
0.4610000000000003,26.000999999999998,-0.07176329963719577
0.4610000000000003,26.500999999999998,-0.07450651757934308
0.4610000000000003,27.000999999999998,-0.07756590160511696
0.4610000000000003,27.500999999999998,-0.08102721568071733
0.4610000000000003,28.000999999999998,-0.08501612313454669
0.4610000000000003,28.500999999999998,-0.0897278004607119
0.4610000000000003,29.000999999999998,-0.0954906792558933
0.4610000000000003,29.500999999999998,-0.1029265988016166
0.4610000000000003,30.000999999999998,-0.11346506903211163
0.4610000000000003,30.500999999999998,-0.1320221996698199
0.4610000000000003,31.000999999999998,-0.14782940272995643
0.4610000000000003,31.500999999999998,-0.10538749794432156
0.4610000000000003,32.001,-0.08854699493441555
0.4610000000000003,32.501,-0.07746551072081875
0.4610000000000003,33.001,-0.06911491872347707
0.4610000000000003,33.501,-0.06239145647812393
0.4610000000000003,34.001,-0.056760081421780004
0.4610000000000003,34.501,-0.05191792409328723
0.4610000000000003,35.001,-0.04767563412598977
0.4610000000000003,35.501,-0.043906306971917636
0.4610000000000003,36.001,-0.04052039140948005
0.4610000000000003,36.501,-0.037452131164671075
0.4610000000000003,37.001,-0.03465169098373235
0.4610000000000003,37.501,-0.03208031696434787
0.4610000000000003,38.001,-0.029707222171381546
0.4610000000000003,38.501,-0.027507504994178575
0.4610000000000003,39.001,-0.025460712660126346
0.4610000000000003,39.501,-0.023549822581442184
0.4660000000000003,0.001,-1.3542638875359914
0.4660000000000003,0.501,-1.737097929472771
0.4660000000000003,1.001,-0.6055514982075281
0.4660000000000003,1.501,-0.3091007753643863
0.4660000000000003,2.001,-0.1871372085840231
0.4660000000000003,2.501,-0.12578178941392415
0.4660000000000003,3.001,-0.09118964587886683
0.4660000000000003,3.501,-0.07023304402753672
0.4660000000000003,4.0009999999999994,-0.05692013994103201
0.4660000000000003,4.5009999999999994,-0.04819554104721119
0.4660000000000003,5.0009999999999994,-0.042370405035652495
0.4660000000000003,5.5009999999999994,-0.03845220569846883
0.4660000000000003,6.0009999999999994,-0.03582886451969805
0.4660000000000003,6.5009999999999994,-0.034108017830375814
0.4660000000000003,7.0009999999999994,-0.03303004697605566
0.4660000000000003,7.5009999999999994,-0.0324185928455398
0.4660000000000003,8.001,-0.032151191868801374
0.4660000000000003,8.501,-0.0321412213047841
0.4660000000000003,9.001,-0.032326454678606176
0.4660000000000003,9.501,-0.032661613368782566
0.4660000000000003,10.001,-0.033113406126709835
0.4660000000000003,10.501,-0.03365715809389094
0.4660000000000003,11.001,-0.03427447886316083
0.4660000000000003,11.501,-0.034951623813696056
0.4660000000000003,12.001,-0.03567832663601625
0.4660000000000003,12.501,-0.03644695753482521
0.4660000000000003,13.001,-0.03725191004867162
0.4660000000000003,13.501,-0.038089150699054164
0.4660000000000003,14.001,-0.038955886239841545
0.4660000000000003,14.501,-0.03985031702395434
0.4660000000000003,15.001,-0.040771454345028366
0.4660000000000003,15.501,-0.04171898606041748
0.4660000000000003,16.000999999999998,-0.042693179327282796
0.4660000000000003,16.500999999999998,-0.04369481251745309
0.4660000000000003,17.000999999999998,-0.04472513073917901
0.4660000000000003,17.500999999999998,-0.045785821170401864
0.4660000000000003,18.000999999999998,-0.04687900579890218
0.4660000000000003,18.500999999999998,-0.048007250316382186
0.4660000000000003,19.000999999999998,-0.04917358894161136
0.4660000000000003,19.500999999999998,-0.05038156595264656
0.4660000000000003,20.000999999999998,-0.051635295789695286
0.4660000000000003,20.500999999999998,-0.052939544862343875
0.4660000000000003,21.000999999999998,-0.05429983980404344
0.4660000000000003,21.500999999999998,-0.05572260906833716
0.4660000000000003,22.000999999999998,-0.05721536776101471
0.4660000000000003,22.500999999999998,-0.05878695992533484
0.4660000000000003,23.000999999999998,-0.0604478789071682
0.4660000000000003,23.500999999999998,-0.0622106961892713
0.4660000000000003,24.000999999999998,-0.06409064436300277
0.4660000000000003,24.500999999999998,-0.06610642452590831
0.4660000000000003,25.000999999999998,-0.0682813493634624
0.4660000000000003,25.500999999999998,-0.0706450038789979
0.4660000000000003,26.000999999999998,-0.07323573298208289
0.4660000000000003,26.500999999999998,-0.07610450564766495
0.4660000000000003,27.000999999999998,-0.0793211871987536
0.4660000000000003,27.500999999999998,-0.08298528732536413
0.4660000000000003,28.000999999999998,-0.0872456837628414
0.4660000000000003,28.500999999999998,-0.09234021337232694
0.4660000000000003,29.000999999999998,-0.09868556562044634
0.4660000000000003,29.500999999999998,-0.10712222513834936
0.4660000000000003,30.000999999999998,-0.11982256903273701
0.4660000000000003,30.500999999999998,-0.14731426545313245
0.4660000000000003,31.000999999999998,-0.12403047543902801
0.4660000000000003,31.500999999999998,-0.09819499008226892
0.4660000000000003,32.001,-0.08416747572490392
0.4660000000000003,32.501,-0.07429464087578587
0.4660000000000003,33.001,-0.0666234735438296
0.4660000000000003,33.501,-0.06033758782327317
0.4660000000000003,34.001,-0.0550124404248762
0.4660000000000003,34.501,-0.050396983456415446
0.4660000000000003,35.001,-0.04632948280694435
0.4660000000000003,35.501,-0.0426991350355611
0.4660000000000003,36.001,-0.039426426192237476
0.4660000000000003,36.501,-0.03645219041134189
0.4660000000000003,37.001,-0.033731102854334276
0.4660000000000003,37.501,-0.031227603008519844
0.4660000000000003,38.001,-0.02891322971740041
0.4660000000000003,38.501,-0.026764816308336895
0.4660000000000003,39.001,-0.024763231063401253
0.4660000000000003,39.501,-0.022892475386801496
0.4710000000000003,0.001,-1.363769562392833
0.4710000000000003,0.501,-1.7340734143992045
0.4710000000000003,1.001,-0.6045370221626158
0.4710000000000003,1.501,-0.30878584503449324
0.4710000000000003,2.001,-0.18717132651093418
0.4710000000000003,2.501,-0.12601997842731638
0.4710000000000003,3.001,-0.09155820695659783
0.4710000000000003,3.501,-0.0706896678730298
0.4710000000000003,4.0009999999999994,-0.05743852380705283
0.4710000000000003,4.5009999999999994,-0.04875840278410047
0.4710000000000003,5.0009999999999994,-0.04296592942819208
0.4710000000000003,5.5009999999999994,-0.0390720787950361
0.4710000000000003,6.0009999999999994,-0.03646711392285706
0.4710000000000003,6.5009999999999994,-0.03476029262023586
0.4710000000000003,7.0009999999999994,-0.03369315173557744
0.4710000000000003,7.5009999999999994,-0.03309017571261344
0.4710000000000003,8.001,-0.03282952975181869
0.4710000000000003,8.501,-0.032825068508029076
0.4710000000000003,9.001,-0.0330149341416989
0.4710000000000003,9.501,-0.0333541372912909
0.4710000000000003,10.001,-0.03380961732657098
0.4710000000000003,10.501,-0.03435688630493161
0.4710000000000003,11.001,-0.03497770800987718
0.4710000000000003,11.501,-0.03565846750743081
0.4710000000000003,12.001,-0.036389009948951084
0.4710000000000003,12.501,-0.03716180366761912
0.4710000000000003,13.001,-0.037971330901632176
0.4710000000000003,13.501,-0.0388136406409665
0.4710000000000003,14.001,-0.03968601857931704
0.4710000000000003,14.501,-0.0405867428496863
0.4710000000000003,15.001,-0.041514903530490144
0.4710000000000003,15.501,-0.04247027033749454
0.4710000000000003,16.000999999999998,-0.04345319743146045
0.4710000000000003,16.500999999999998,-0.044464557502318716
0.4710000000000003,17.000999999999998,-0.04550569965742278
0.4710000000000003,17.500999999999998,-0.046578427429857024
0.4710000000000003,18.000999999999998,-0.047684994634229885
0.4710000000000003,18.500999999999998,-0.04882811798098327
0.4710000000000003,19.000999999999998,-0.050011006435081336
0.4710000000000003,19.500999999999998,-0.05123740837743493
0.4710000000000003,20.000999999999998,-0.05251167880648316
0.4710000000000003,20.500999999999998,-0.053838870231127746
0.4710000000000003,21.000999999999998,-0.055224852723426025
0.4710000000000003,21.500999999999998,-0.05667647106116358
0.4710000000000003,22.000999999999998,-0.05820175036068781
0.4710000000000003,22.500999999999998,-0.0598101666516167
0.4710000000000003,23.000999999999998,-0.06151300640774893
0.4710000000000003,23.500999999999998,-0.06332385068289459
0.4710000000000003,24.000999999999998,-0.06525923790685442
0.4710000000000003,24.500999999999998,-0.06733958941231506
0.4710000000000003,25.000999999999998,-0.06959053238949625
0.4710000000000003,25.500999999999998,-0.072044843696875
0.4710000000000003,26.000999999999998,-0.07474540054329502
0.4710000000000003,26.500999999999998,-0.07774983796749334
0.4710000000000003,27.000999999999998,-0.08113825829265993
0.4710000000000003,27.500999999999998,-0.08502676970062548
0.4710000000000003,28.000999999999998,-0.08959313029189772
0.4710000000000003,28.500999999999998,-0.0951304689881163
0.4710000000000003,29.000999999999998,-0.10217697517822955
0.4710000000000003,29.500999999999998,-0.11190551663910174
0.4710000000000003,30.000999999999998,-0.12787445191852123
0.4710000000000003,30.500999999999998,-0.2044896060572886
0.4710000000000003,31.000999999999998,-0.11189003713036205
0.4710000000000003,31.500999999999998,-0.09249234410131932
0.4710000000000003,32.001,-0.08038156723542146
0.4710000000000003,32.501,-0.07144790339793172
0.4710000000000003,33.001,-0.06433855386910535
0.4710000000000003,33.501,-0.058428014635985445
0.4710000000000003,34.001,-0.05337199740748634
0.4710000000000003,34.501,-0.048959249421823454
0.4710000000000003,35.001,-0.045050075091453465
0.4710000000000003,35.501,-0.041546888260304136
0.4710000000000003,36.001,-0.03837859513664775
0.4710000000000003,36.501,-0.0354916543682208
0.4710000000000003,37.001,-0.0328446446806362
0.4710000000000003,37.501,-0.03040480153942611
0.4710000000000003,38.001,-0.02814572014141558
0.4710000000000003,38.501,-0.026045780650160957
0.4710000000000003,39.001,-0.02408703772106107
0.4710000000000003,39.501,-0.022254418180959044
0.4760000000000003,0.001,-1.3732221226875898
0.4760000000000003,0.501,-1.7311257088150782
0.4760000000000003,1.001,-0.603565034912662
0.4760000000000003,1.501,-0.30850058929835367
0.4760000000000003,2.001,-0.1872281865254985
0.4760000000000003,2.501,-0.12627647588573793
0.4760000000000003,3.001,-0.09194195611388876
0.4760000000000003,3.501,-0.07115914491373626
0.4760000000000003,4.0009999999999994,-0.05796793906302414
0.4760000000000003,4.5009999999999994,-0.04933083149715094
0.4760000000000003,5.0009999999999994,-0.04356981783127628
0.4760000000000003,5.5009999999999994,-0.039699311713426055
0.4760000000000003,6.0009999999999994,-0.03711187485242212
0.4760000000000003,6.5009999999999994,-0.035418356061259065
0.4760000000000003,7.0009999999999994,-0.034361425354311526
0.4760000000000003,7.5009999999999994,-0.03376639393360961
0.4760000000000003,8.001,-0.0335120428734873
0.4760000000000003,8.501,-0.03351269415623071
0.4760000000000003,9.001,-0.03370685061672085
0.4760000000000003,9.501,-0.034049805803465207
0.4760000000000003,10.001,-0.034508724616654315
0.4760000000000003,10.501,-0.03505930195431549
0.4760000000000003,11.001,-0.03568345254820192
0.4760000000000003,11.501,-0.03636768861143773
0.4760000000000003,12.001,-0.03710196482565972
0.4760000000000003,12.501,-0.03787884626576264
0.4760000000000003,13.001,-0.03869290298368171
0.4760000000000003,13.501,-0.03954026602877765
0.4760000000000003,14.001,-0.04041830009516207
0.4760000000000003,14.501,-0.04132536163520636
0.4760000000000003,15.001,-0.04226062055559367
0.4760000000000003,15.501,-0.04322393002160911
0.4760000000000003,16.000999999999998,-0.04421573340028212
0.4760000000000003,16.500999999999998,-0.04523700060234395
0.4760000000000003,17.000999999999998,-0.04628918845579771
0.4760000000000003,17.500999999999998,-0.04737422154657061
0.4760000000000003,18.000999999999998,-0.04849449139720107
0.4760000000000003,18.500999999999998,-0.049652873074507
0.4760000000000003,19.000999999999998,-0.05085275944533903
0.4760000000000003,19.500999999999998,-0.05209811444905652
0.4760000000000003,20.000999999999998,-0.053393548045970074
0.4760000000000003,20.500999999999998,-0.05474441707747518
0.4760000000000003,21.000999999999998,-0.05615695833121143
0.4760000000000003,21.500999999999998,-0.05763846292703792
0.4760000000000003,22.000999999999998,-0.05919750516133421
0.4760000000000003,22.500999999999998,-0.06084424485908767
0.4760000000000003,23.000999999999998,-0.06259083122144732
0.4760000000000003,23.500999999999998,-0.06445195004784501
0.4760000000000003,24.000999999999998,-0.06644557843393908
0.4760000000000003,24.500999999999998,-0.06859404773461186
0.4760000000000003,25.000999999999998,-0.07092557833514657
0.4760000000000003,25.500999999999998,-0.07347656155465922
0.4760000000000003,26.000999999999998,-0.07629507274302715
0.4760000000000003,26.500999999999998,-0.07944651183633036
0.4760000000000003,27.000999999999998,-0.08302313844844404
0.4760000000000003,27.500999999999998,-0.08716126810182057
0.4760000000000003,28.000999999999998,-0.09207500117117108
0.4760000000000003,28.500999999999998,-0.09813035918515095
0.4760000000000003,29.000999999999998,-0.10603749051578355
0.4760000000000003,29.500999999999998,-0.11750216627748519
0.4760000000000003,30.000999999999998,-0.13910457314246696
0.4760000000000003,30.500999999999998,-0.13713171568960836
0.4760000000000003,31.000999999999998,-0.10354146859883231
0.4760000000000003,31.500999999999998,-0.087756559040616
0.4760000000000003,32.001,-0.07704541050747804
0.4760000000000003,32.501,-0.06886473965817332
0.4760000000000003,33.001,-0.06222854384190263
0.4760000000000003,33.501,-0.05664392160012989
0.4760000000000003,34.001,-0.051826521635739364
0.4760000000000003,34.501,-0.047596249707360386
0.4760000000000003,35.001,-0.04383125382040173
0.4760000000000003,35.501,-0.0404449210971781
0.4760000000000003,36.001,-0.03737328614770754
0.4760000000000003,36.501,-0.034567644326537916
0.4760000000000003,37.001,-0.03198997448631599
0.4760000000000003,37.501,-0.029609973697843142
0.4760000000000003,38.001,-0.027403064105343655
0.4760000000000003,38.501,-0.025349010904392823
0.4760000000000003,39.001,-0.023430938243595968
0.4760000000000003,39.501,-0.021634612167924887
0.4810000000000003,0.001,-1.3826221250567394
0.4810000000000003,0.501,-1.728253340588812
0.4810000000000003,1.001,-0.6026347169746362
0.4810000000000003,1.501,-0.3082444286588972
0.4810000000000003,2.001,-0.1873073367848226
0.4810000000000003,2.501,-0.12655091033845337
0.4810000000000003,3.001,-0.09234057784049796
0.4810000000000003,3.501,-0.07164120126823535
0.4810000000000003,4.0009999999999994,-0.0585081443559632
0.4810000000000003,4.5009999999999994,-0.04991261221646497
0.4810000000000003,5.0009999999999994,-0.04418187731210195
0.4810000000000003,5.5009999999999994,-0.04033373036871417
0.4810000000000003,6.0009999999999994,-0.03776298965867532
0.4810000000000003,6.5009999999999994,-0.03608206506672118
0.4810000000000003,7.0009999999999994,-0.03503473782449043
0.4810000000000003,7.5009999999999994,-0.034447129382654144
0.4810000000000003,8.001,-0.034198624010850165
0.4810000000000003,8.501,-0.03420400112074867
0.4810000000000003,9.001,-0.034402116397664245
0.4810000000000003,9.501,-0.034748540063593805
0.4810000000000003,10.001,-0.035210657558021885
0.4810000000000003,10.501,-0.035764342629827306
0.4810000000000003,11.001,-0.0363916577946872
0.4810000000000003,11.501,-0.03707923994696285
0.4810000000000003,12.001,-0.03781715144037859
0.4810000000000003,12.501,-0.038598052778078346
0.4810000000000003,13.001,-0.039416601016437146
0.4810000000000003,13.501,-0.04026900893751832
0.4810000000000003,14.001,-0.04115272038741216
0.4810000000000003,14.501,-0.04206617077988344
0.4810000000000003,15.001,-0.04300861101175125
0.4810000000000003,15.501,-0.043979979427757845
0.4810000000000003,16.000999999999998,-0.044980810969236215
0.4810000000000003,16.500999999999998,-0.04601217587018097
0.4810000000000003,17.000999999999998,-0.04707564264518715
0.4810000000000003,17.500999999999998,-0.048173261933339914
0.4810000000000003,18.000999999999998,-0.0493075692252027
0.4810000000000003,18.500999999999998,-0.05048160576162046
0.4810000000000003,19.000999999999998,-0.051698958081861326
0.4810000000000003,19.500999999999998,-0.05296381793600148
0.4810000000000003,20.000999999999998,-0.054281065694643874
0.4810000000000003,20.500999999999998,-0.05565638215259432
0.4810000000000003,21.000999999999998,-0.05709639595872303
0.4810000000000003,21.500999999999998,-0.058608877146734656
0.4810000000000003,22.000999999999998,-0.060202991910345324
0.4810000000000003,22.500999999999998,-0.06188964069706333
0.4810000000000003,23.000999999999998,-0.06368191227685908
0.4810000000000003,23.500999999999998,-0.06559570306043157
0.4810000000000003,24.000999999999998,-0.06765057783124943
0.4810000000000003,24.500999999999998,-0.06987099302075138
0.4810000000000003,25.000999999999998,-0.07228808169984123
0.4810000000000003,25.500999999999998,-0.07494234085108735
0.4810000000000003,26.000999999999998,-0.07788783083887113
0.4810000000000003,26.500999999999998,-0.08119904177906047
0.4810000000000003,27.000999999999998,-0.08498276663510701
0.4810000000000003,27.500999999999998,-0.089400144350493
0.4810000000000003,28.000999999999998,-0.09471160061580647
0.4810000000000003,28.500999999999998,-0.10138116896474228
0.4810000000000003,29.000999999999998,-0.11037074538564856
0.4810000000000003,29.500999999999998,-0.12430463991768832
0.4810000000000003,30.000999999999998,-0.15895895273699484
0.4810000000000003,30.500999999999998,-0.12035909352288016
0.4810000000000003,31.000999999999998,-0.09713230783261431
0.4810000000000003,31.500999999999998,-0.08370168912080761
0.4810000000000003,32.001,-0.07406234269689854
0.4810000000000003,32.501,-0.06650028578711371
0.4810000000000003,33.001,-0.06026863967849404
0.4810000000000003,33.501,-0.05496997925945943
0.4810000000000003,34.001,-0.05036577791191289
0.4810000000000003,34.501,-0.0463007513146204
0.4810000000000003,35.001,-0.04266768053110696
0.4810000000000003,35.501,-0.039389155727012654
0.4810000000000003,36.001,-0.036407296514234404
0.4810000000000003,36.501,-0.033677586421509934
0.4810000000000003,37.001,-0.031164983481122246
0.4810000000000003,37.501,-0.028841363114227823
0.4810000000000003,38.001,-0.026683777913276092
0.4810000000000003,38.501,-0.024673238185032156
0.4810000000000003,39.001,-0.02279383565834925
0.4810000000000003,39.501,-0.02103209988266158
0.4860000000000003,0.001,-1.3919701145648549
0.4860000000000003,0.501,-1.7254548828708827
0.4860000000000003,1.001,-0.6017452742028779
0.4860000000000003,1.501,-0.3080168016282148
0.4860000000000003,2.001,-0.18740833956794772
0.4860000000000003,2.501,-0.12684292202365577
0.4860000000000003,3.001,-0.09275376663943527
0.4860000000000003,3.501,-0.07213557183943226
0.4860000000000003,4.0009999999999994,-0.0590589061745947
0.4860000000000003,4.5009999999999994,-0.050503537065865176
0.4860000000000003,5.0009999999999994,-0.04480192142184086
0.4860000000000003,5.5009999999999994,-0.04097516665181164
0.4860000000000003,6.0009999999999994,-0.03842030623639539
0.4860000000000003,6.5009999999999994,-0.0367512817224854
0.4860000000000003,7.0009999999999994,-0.03571296398601376
0.4860000000000003,7.5009999999999994,-0.035132268494514396
0.4860000000000003,8.001,-0.03488917024575349
0.4860000000000003,8.501,-0.03489889634810034
0.4860000000000003,9.001,-0.03510064764651996
0.4860000000000003,9.501,-0.0354502649105599
0.4860000000000003,10.001,-0.035915349222733164
0.4860000000000003,10.501,-0.03647194927714115
0.4860000000000003,11.001,-0.037102272286371
0.4860000000000003,11.501,-0.0377930774337467
0.4860000000000003,12.001,-0.03853453295943159
0.4860000000000003,12.501,-0.03931939355529426
0.4860000000000003,13.001,-0.040142402550616095
0.4860000000000003,13.501,-0.04099985421762939
0.4860000000000003,14.001,-0.04188927179935863
0.4860000000000003,14.501,-0.042809170419004935
0.4860000000000003,15.001,-0.04375888324812112
0.4860000000000003,15.501,-0.04473843568540379
0.4860000000000003,16.000999999999998,-0.045748456787430294
0.4860000000000003,16.500999999999998,-0.04679012042359106
0.4860000000000003,17.000999999999998,-0.04786511101852872
0.4860000000000003,17.500999999999998,-0.048975610584850005
0.4860000000000003,18.000999999999998,-0.05012430524360202
0.4860000000000003,18.500999999999998,-0.051314410738913865
0.4860000000000003,19.000999999999998,-0.0525497177109866
0.4860000000000003,19.500999999999998,-0.05383465882913771
0.4860000000000003,20.000999999999998,-0.05517440145077906
0.4860000000000003,20.500999999999998,-0.05657497145090455
0.4860000000000003,21.000999999999998,-0.05804341652398452
0.4860000000000003,21.500999999999998,-0.059588020992281276
0.4860000000000003,22.000999999999998,-0.061218589583547915
0.4860000000000003,22.500999999999998,-0.06294682577943245
0.4860000000000003,23.000999999999998,-0.06478684288625569
0.4860000000000003,23.500999999999998,-0.06675586590039317
0.4860000000000003,24.000999999999998,-0.0688752148544437
0.4860000000000003,24.500999999999998,-0.07117171559705718
0.4860000000000003,25.000999999999998,-0.07367978135619446
0.4860000000000003,25.500999999999998,-0.0764445880532024
0.4860000000000003,26.000999999999998,-0.07952711579531527
0.4860000000000003,26.500999999999998,-0.08301255399868647
0.4860000000000003,27.000999999999998,-0.08702519522596708
0.4860000000000003,27.500999999999998,-0.09175697918092125
0.4860000000000003,28.000999999999998,-0.09752825367679123
0.4860000000000003,28.500999999999998,-0.10493794043355502
0.4860000000000003,29.000999999999998,-0.11533248463618168
0.4860000000000003,29.500999999999998,-0.13309759150322892
0.4860000000000003,30.000999999999998,-0.16385591856275078
0.4860000000000003,30.500999999999998,-0.11013349106168291
0.4860000000000003,31.000999999999998,-0.09191342578294937
0.4860000000000003,31.500999999999998,-0.08015362658697574
0.4860000000000003,32.001,-0.07136416843606758
0.4860000000000003,32.501,-0.06432034843479502
0.4860000000000003,33.001,-0.058439012280881386
0.4860000000000003,33.501,-0.05339352808994106
0.4860000000000003,34.001,-0.04898111247745374
0.4860000000000003,34.501,-0.045066528816959356
0.4860000000000003,35.001,-0.04155469577187805
0.4860000000000003,35.501,-0.038375992758945945
0.4860000000000003,36.001,-0.03547777304249839
0.4860000000000003,36.501,-0.03281916989621356
0.4860000000000003,37.001,-0.030367765993092738
0.4860000000000003,37.501,-0.028097373633822816
0.4860000000000003,38.001,-0.025986506608584196
0.4860000000000003,38.501,-0.024017298738338563
0.4860000000000003,39.001,-0.022174720074050643
0.4860000000000003,39.501,-0.020445996901938025
0.4910000000000003,0.001,-1.4012666250619066
0.4910000000000003,0.501,-1.7227289522774083
0.4910000000000003,1.001,-0.600895936771872
0.4910000000000003,1.501,-0.3078171640040477
0.4910000000000003,2.001,-0.1875307707082678
0.4910000000000003,2.501,-0.12715216239859467
0.4910000000000003,3.001,-0.09318122662448713
0.4910000000000003,3.501,-0.07264199996157605
0.4910000000000003,4.0009999999999994,-0.059619998534365976
0.4910000000000003,4.5009999999999994,-0.05110340497803227
0.4910000000000003,5.0009999999999994,-0.045429769935289424
0.4910000000000003,5.5009999999999994,-0.04162345818948815
0.4910000000000003,6.0009999999999994,-0.03908367780209468
0.4910000000000003,6.5009999999999994,-0.037425873079017194
0.4910000000000003,7.0009999999999994,-0.03639598333131247
0.4910000000000003,7.5009999999999994,-0.035821702080789164
0.4910000000000003,8.001,-0.03558358279113212
0.4910000000000003,8.501,-0.03559729069535186
0.4910000000000003,9.001,-0.03580236423697536
0.4910000000000003,9.501,-0.03615490871520961
0.4910000000000003,10.001,-0.03662273605237912
0.4910000000000003,10.501,-0.03718206606512617
0.4910000000000003,11.001,-0.03781524765257348
0.4910000000000003,11.501,-0.03850915996812871
0.4910000000000003,12.001,-0.03925407542555365
0.4910000000000003,12.501,-0.04004284174060693
0.4910000000000003,13.001,-0.040870287862975696
0.4910000000000003,13.501,-0.04173278939854286
0.4910000000000003,14.001,-0.042627949328213434
0.4910000000000003,14.501,-0.0435543633421651
0.4910000000000003,15.001,-0.04451144829863307
0.4910000000000003,15.501,-0.04549931867540649
0.4910000000000003,16.000999999999998,-0.04651870036615174
0.4910000000000003,16.500999999999998,-0.047570874408018535
0.4910000000000003,17.000999999999998,-0.04865764563065374
0.4910000000000003,17.500999999999998,-0.04978133307925445
0.4910000000000003,18.000999999999998,-0.050944780595265096
0.4910000000000003,18.500999999999998,-0.05215138730100833
0.4910000000000003,19.000999999999998,-0.05340515907080375
0.4910000000000003,19.500999999999998,-0.054710783522760084
0.4910000000000003,20.000999999999998,-0.05607373279674078
0.4910000000000003,20.500999999999998,-0.057500400610341076
0.4910000000000003,21.000999999999998,-0.058998283114717116
0.4910000000000003,21.500999999999998,-0.060576217375509764
0.4910000000000003,22.000999999999998,-0.0622446976274001
0.4910000000000003,22.500999999999998,-0.06401629902304902
0.4910000000000003,23.000999999999998,-0.06590625350875604
0.4910000000000003,23.500999999999998,-0.06793324638769034
0.4910000000000003,24.000999999999998,-0.07012054178632608
0.4910000000000003,24.500999999999998,-0.07249761337119792
0.4910000000000003,25.000999999999998,-0.07510257865933535
0.4910000000000003,25.500999999999998,-0.0779859644909186
0.4910000000000003,26.000999999999998,-0.08121678725835463
0.4910000000000003,26.500999999999998,-0.0848929036240982
0.4910000000000003,27.000999999999998,-0.08915984507420725
0.4910000000000003,27.500999999999998,-0.09424819891042471
0.4910000000000003,28.000999999999998,-0.10055713708398628
0.4910000000000003,28.500999999999998,-0.10887646376704287
0.4910000000000003,29.000999999999998,-0.12117346723747646
0.4910000000000003,29.500999999999998,-0.1458852398308077
0.4910000000000003,30.000999999999998,-0.1323669934660568
0.4910000000000003,30.500999999999998,-0.1026798513810733
0.4910000000000003,31.000999999999998,-0.08750377519409866
0.4910000000000003,31.500999999999998,-0.07699818329799742
0.4910000000000003,32.001,-0.06890091513549572
0.4910000000000003,32.501,-0.0622982493436936
0.4910000000000003,33.001,-0.056723552501499755
0.4910000000000003,33.501,-0.05190398898814748
0.4910000000000003,34.001,-0.04766514142318523
0.4910000000000003,34.501,-0.04388818457642194
0.4910000000000003,35.001,-0.04048820809127403
0.4910000000000003,35.501,-0.037402238880689054
0.4910000000000003,36.001,-0.03458216278133622
0.4910000000000003,36.501,-0.031990312292864656
0.4910000000000003,37.001,-0.02959659410930491
0.4910000000000003,37.501,-0.027376550348727755
0.4910000000000003,38.001,-0.025310009460122247
0.4910000000000003,38.501,-0.02338012261475178
0.4910000000000003,39.001,-0.021572659683633484
0.4910000000000003,39.501,-0.019875484587150695
0.49600000000000033,0.001,-1.4105121795259732
0.49600000000000033,0.501,-1.720074207164378
0.49600000000000033,1.001,-0.6000859582098339
0.49600000000000033,1.501,-0.30764498818244923
0.49600000000000033,2.001,-0.18767421905433185
0.49600000000000033,2.501,-0.1274782936932302
0.49600000000000033,3.001,-0.09362267113791706
0.49600000000000033,3.501,-0.07316023706499208
0.49600000000000033,4.0009999999999994,-0.06019120267826161
0.49600000000000033,4.5009999999999994,-0.05171202142395159
0.49600000000000033,5.0009999999999994,-0.04606524860361219
0.49600000000000033,5.5009999999999994,-0.042278448116463335
0.49600000000000033,6.0009999999999994,-0.03975296268247287
0.49600000000000033,6.5009999999999994,-0.03810571095388013
0.49600000000000033,7.0009999999999994,-0.037083679820068605
0.49600000000000033,7.5009999999999994,-0.03651532515540043
0.49600000000000033,8.001,-0.036281766826111395
0.49600000000000033,8.501,-0.036299098773900834
0.49600000000000033,9.001,-0.036507189606125395
0.49600000000000033,9.501,-0.03686240323939664
0.49600000000000033,10.001,-0.037332757723985255
0.49600000000000033,10.501,-0.037894640258256604
0.49600000000000033,11.001,-0.03853053849355627
0.49600000000000033,11.501,-0.039227449307797355
0.49600000000000033,12.001,-0.03997574764867569
0.49600000000000033,12.501,-0.04076837316654543
0.49600000000000033,13.001,-0.04160023985941977
0.49600000000000033,13.501,-0.04246780459833997
0.49600000000000033,14.001,-0.04336875054178774
0.49600000000000033,14.501,-0.04430175491766071
0.49600000000000033,15.001,-0.045266319815073175
0.49600000000000033,15.501,-0.046262650973141514
0.49600000000000033,16.000999999999998,-0.047291574033873865
0.49600000000000033,16.500999999999998,-0.04835448096601292
0.49600000000000033,17.000999999999998,-0.04945330178559487
0.49600000000000033,17.500999999999998,-0.05059049858816352
0.49600000000000033,18.000999999999998,-0.05176908047987455
0.49600000000000033,18.500999999999998,-0.052992639418521295
0.49600000000000033,19.000999999999998,-0.054265408400952383
0.49600000000000033,19.500999999999998,-0.05559234501511073
0.49600000000000033,20.000999999999998,-0.05697924529762817
0.49600000000000033,20.500999999999998,-0.058432895349497936
0.49600000000000033,21.000999999999998,-0.059961271624452306
0.49600000000000033,21.500999999999998,-0.06157380577542966
0.49600000000000033,22.000999999999998,-0.06328173732146836
0.49600000000000033,22.500999999999998,-0.06509858867485732
0.49600000000000033,23.000999999999998,-0.06704081481840897
0.49600000000000033,23.500999999999998,-0.06912870872770709
0.49600000000000033,24.000999999999998,-0.07138769197344424
0.49600000000000033,24.500999999999998,-0.07385020419433501
0.49600000000000033,25.000999999999998,-0.07655855853408437
0.49600000000000033,25.500999999999998,-0.07956942409595719
0.49600000000000033,26.000999999999998,-0.08296119525671272
0.49600000000000033,26.500999999999998,-0.08684682172428002
0.49600000000000033,27.000999999999998,-0.09139783873252129
0.49600000000000033,27.500999999999998,-0.09689394225398128
0.49600000000000033,28.000999999999998,-0.1038400373535086
0.49600000000000033,28.500999999999998,-0.11330541738447769
0.49600000000000033,29.000999999999998,-0.12833908146036113
0.49600000000000033,29.500999999999998,-0.17213377117402356
0.49600000000000033,30.000999999999998,-0.11861113172438592
0.49600000000000033,30.500999999999998,-0.09678504691226547
0.49600000000000033,31.000999999999998,-0.08368194177658313
0.49600000000000033,31.500999999999998,-0.07415626765147983
0.49600000000000033,32.001,-0.06663483284644603
0.49600000000000033,32.501,-0.06041276031821499
0.49600000000000033,33.001,-0.0551089900123396
0.49600000000000033,33.501,-0.050492428554056355
0.49600000000000033,34.001,-0.04641151251606224
0.49600000000000033,34.501,-0.04276100748838494
0.49600000000000033,35.001,-0.03946460489965856
0.49600000000000033,35.501,-0.036465047731091944
0.49600000000000033,36.001,-0.033718172161796664
0.49600000000000033,36.501,-0.031189130232978333
0.49600000000000033,37.001,-0.028849896165331464
0.49600000000000033,37.501,-0.026677563363573152
0.49600000000000033,38.001,-0.02465314744266034
0.49600000000000033,38.501,-0.022760723830041074
0.49600000000000033,39.001,-0.020986792902263997
0.49600000000000033,39.501,-0.019319803708430054
