0.01,0.01,-0.06748414303207721
0.01,2.01,-0.07518601449919948
0.01,4.01,-0.08764786439063633
0.01,6.01,-0.11856237601085304
0.01,8.01,-0.1178901909203091
0.01,10.01,-0.08202369599117895
0.01,12.01,-0.06030716403408137
0.01,14.01,-0.04612183470396975
0.01,16.009999999999998,-0.03635181382817031
0.01,18.009999999999998,-0.029357502028814243
0.01,20.009999999999998,-0.02420307342340603
0.01,22.009999999999998,-0.020320174167760535
0.01,24.009999999999998,-0.017346291860682775
0.01,26.009999999999998,-0.015040862915418405
0.01,28.009999999999998,-0.013238959974724983
0.01,30.009999999999998,-0.01182439887678065
0.01,32.01,-0.01071344848006493
0.01,34.01,-0.009844603858598219
0.01,36.01,-0.009171966957730041
0.01,38.01,-0.008660848667366694
0.01,40.01,-0.00828478106297343
0.01,42.01,-0.008023449824418917
0.01,44.01,-0.007861242819502656
0.01,46.01,-0.007786222020839348
0.01,48.01,-0.007789394496376118
0.01,50.01,-0.007864201949673666
0.01,52.01,-0.008006177399568838
0.01,54.01,-0.00821273826390367
0.01,56.01,-0.00848310144862652
0.01,58.01,-0.008818321269619052
0.01,60.01,-0.009221468492874692
0.01,62.01,-0.009697993158438098
0.01,64.00999999999999,-0.010256353357408647
0.01,66.00999999999999,-0.010909063211431945
0.01,68.00999999999999,-0.011674452208298249
0.01,70.00999999999999,-0.012579721852245875
0.01,72.00999999999999,-0.013666564625977536
0.01,74.00999999999999,-0.015002360435791635
0.01,76.00999999999999,-0.01670517153407272
0.01,78.00999999999999,-0.019009709121409153
0.01,80.00999999999999,-0.02249632389204423
0.01,82.00999999999999,-0.012277704765922335
0.01,84.00999999999999,-0.008947065898586775
0.01,86.00999999999999,-0.0067252806587218905
0.01,88.00999999999999,-0.005039121318417725
0.01,90.00999999999999,-0.0036803645736069907
0.01,92.00999999999999,-0.0025463571868340504
0.01,94.00999999999999,-0.0015778124518623954
0.01,96.00999999999999,-0.0007369227858677621
0.01,98.00999999999999,2.1269977380639965e-6
0.03,0.01,-0.16961432722548161
0.03,2.01,-0.25638498184005243
0.03,4.01,-0.19904725374780552
0.03,6.01,-0.09394983693841515
0.03,8.01,-0.05088077740888726
0.03,10.01,-0.02931208162724769
0.03,12.01,-0.01724499389805722
0.03,14.01,-0.010031897472921188
0.03,16.009999999999998,-0.005551403638258427
0.03,18.009999999999998,-0.002720787588949827
0.03,20.009999999999998,-0.0009408076712615499
0.03,22.009999999999998,0.00014112428000641938
0.03,24.009999999999998,0.0007425312491769424
0.03,26.009999999999998,0.0010026606019333572
0.03,28.009999999999998,0.0010132158600521305
0.03,30.009999999999998,0.0008358353414253611
0.03,32.01,0.0005124421560275877
0.03,34.01,0.0000715706189825813
0.03,36.01,-0.00046767971403653165
0.03,38.01,-0.0010931509024483435
0.03,40.01,-0.0017980793662654884
0.03,42.01,-0.002580204831689884
0.03,44.01,-0.003441385362240862
0.03,46.01,-0.004387669407041266
0.03,48.01,-0.005429871100788664
0.03,50.01,-0.0065848193529108295
0.03,52.01,-0.00787766246413572
0.03,54.01,-0.009346036120909718
0.03,56.01,-0.011047876667491885
0.03,58.01,-0.013077177309241555
0.03,60.01,-0.015599526441658343
0.03,62.01,-0.018947073490862325
0.03,64.00999999999999,-0.023954819399789683
0.03,66.00999999999999,-0.034161124962277634
0.03,68.00999999999999,-0.022276215728722012
0.03,70.00999999999999,-0.014357678494029292
0.03,72.00999999999999,-0.0099561726651917
0.03,74.00999999999999,-0.006893809850593411
0.03,76.00999999999999,-0.004564556484158991
0.03,78.00999999999999,-0.002704456657599141
0.03,80.00999999999999,-0.001172506273280742
0.03,82.00999999999999,0.0001163256169813114
0.03,84.00999999999999,0.0012176422499231684
0.03,86.00999999999999,0.002169976808705804
0.03,88.00999999999999,0.0030012234313281393
0.03,90.00999999999999,0.003732271368264592
0.03,92.00999999999999,0.004379193611057209
0.03,94.00999999999999,0.00495463360114716
0.03,96.00999999999999,0.0054687210420165284
0.03,98.00999999999999,0.005929697966010036
0.05,0.01,-0.2572875630917291
0.05,2.01,-0.4826716654448535
0.05,4.01,-0.1396893335852275
0.05,6.01,-0.055647106459516316
0.05,8.01,-0.023286250287900632
0.05,10.01,-0.008227347888564785
0.05,12.01,-0.0005518175650692861
0.05,14.01,0.0034865727580533964
0.05,16.009999999999998,0.005554364519532014
0.05,18.009999999999998,0.0064794259499600625
0.05,20.009999999999998,0.006706707611236477
0.05,22.009999999999998,0.00648955439479282
0.05,24.009999999999998,0.005978374655734622
0.05,26.009999999999998,0.005264987344569457
0.05,28.009999999999998,0.00440615989502818
0.05,30.009999999999998,0.0034366830767876577
0.05,32.01,0.0023768625315421354
0.05,34.01,0.0012368547066018043
0.05,36.01,0.000019095665517398358
0.05,38.01,-0.0012805410027947094
0.05,40.01,-0.0026725788809360057
0.05,42.01,-0.0041747513610898125
0.05,44.01,-0.005814061786537572
0.05,46.01,-0.007630814091437589
0.05,48.01,-0.009686276140387808
0.05,50.01,-0.012077939941219234
0.05,52.01,-0.014972920833158555
0.05,54.01,-0.018692791730582095
0.05,56.01,-0.023987862483921797
0.05,58.01,-0.0334597706117281
0.05,60.01,-0.039165421393601636
0.05,62.01,-0.02119699107256689
0.05,64.00999999999999,-0.014135939376063826
0.05,66.00999999999999,-0.009656094560570348
0.05,68.00999999999999,-0.0064122218661577
0.05,70.00999999999999,-0.0039054928500723597
0.05,72.00999999999999,-0.0018915113142143826
0.05,74.00999999999999,-0.00023088937134191017
0.05,76.00999999999999,0.0011639749203750417
0.05,78.00999999999999,0.002351986776109523
0.05,80.00999999999999,0.0033747750699973694
0.05,82.00999999999999,0.004262901098926045
0.05,84.00999999999999,0.0050394850243991145
0.05,86.00999999999999,0.0057224469785617975
0.05,88.00999999999999,0.006325956658112665
0.05,90.00999999999999,0.006861406894124368
0.05,92.00999999999999,0.0073380884802605895
0.05,94.00999999999999,0.007763670650370172
0.05,96.00999999999999,0.008144551165992223
0.05,98.00999999999999,0.008486116566353657
0.07,0.01,-0.3368009148995893
0.07,2.01,-0.40659755164518974
0.07,4.01,-0.10325369008109637
0.07,6.01,-0.03276931397422791
0.07,8.01,-0.007285728610693432
0.07,10.01,0.0036016780722172223
0.07,12.01,0.008467378759327172
0.07,14.01,0.010475382942192125
0.07,16.009999999999998,0.010998416465341367
0.07,18.009999999999998,0.010699557303808517
0.07,20.009999999999998,0.009923720948505374
0.07,22.009999999999998,0.008859533074621366
0.07,24.009999999999998,0.0076131434250972674
0.07,26.009999999999998,0.006244458888735715
0.07,28.009999999999998,0.00478591730107229
0.07,30.009999999999998,0.0032525388336485583
0.07,32.01,0.0016472950451566137
0.07,34.01,-0.000036276303228766765
0.07,36.01,-0.001813334999577621
0.07,38.01,-0.0037086363663943476
0.07,40.01,-0.005759367927331546
0.07,42.01,-0.008021010925285663
0.07,44.01,-0.01057892339833445
0.07,46.01,-0.013572473865818748
0.07,48.01,-0.01725128517154033
0.07,50.01,-0.02213244908863411
0.07,52.01,-0.029602654378539345
0.07,54.01,-0.04688223084148663
0.07,56.01,-0.03330278879898743
0.07,58.01,-0.020441553869533776
0.07,60.01,-0.013738325679182713
0.07,62.01,-0.009242145400638812
0.07,64.00999999999999,-0.005915544217153634
0.07,66.00999999999999,-0.003320111910738398
0.07,68.00999999999999,-0.0012264157431542957
0.07,70.00999999999999,0.0005017270941501462
0.07,72.00999999999999,0.001952197489808312
0.07,74.00999999999999,0.003185187479618884
0.07,76.00999999999999,0.004243802192476435
0.07,78.00999999999999,0.005159993963361886
0.07,80.00999999999999,0.005958107390180339
0.07,82.00999999999999,0.0066571097896546486
0.07,84.00999999999999,0.0072720550338864825
0.07,86.00999999999999,0.007815078508724293
0.07,88.00999999999999,0.00829609364333743
0.07,90.00999999999999,0.00872329196352425
0.07,92.00999999999999,0.009103509983024761
0.07,94.00999999999999,0.009442503538616873
0.07,96.00999999999999,0.009745156354185039
0.07,98.00999999999999,0.010015640953843838
0.09000000000000001,0.01,-0.41057154580402383
0.09000000000000001,2.01,-0.35231717091090026
0.09000000000000001,4.01,-0.07796383393074721
0.09000000000000001,6.01,-0.01736097608628952
0.09000000000000001,8.01,0.0031277202971150483
0.09000000000000001,10.01,0.010994763527927493
0.09000000000000001,12.01,0.013830534939074867
0.09000000000000001,14.01,0.014372942677631373
0.09000000000000001,16.009999999999998,0.013779627884887825
0.09000000000000001,18.009999999999998,0.012592837855000576
0.09000000000000001,20.009999999999998,0.011083821600994147
0.09000000000000001,22.009999999999998,0.009393103104607812
0.09000000000000001,24.009999999999998,0.007593344037542103
0.09000000000000001,26.009999999999998,0.005719514703212586
0.09000000000000001,28.009999999999998,0.0037839855932501982
0.09000000000000001,30.009999999999998,0.0017840521274391395
0.09000000000000001,32.01,-0.00029476670150368513
0.09000000000000001,34.01,-0.00247825607440797
0.09000000000000001,36.01,-0.004805586595581411
0.09000000000000001,38.01,-0.007334706666269828
0.09000000000000001,40.01,-0.01015346104403178
0.09000000000000001,42.01,-0.013402735211741797
0.09000000000000001,44.01,-0.017329371555773437
0.09000000000000001,46.01,-0.022428912567757746
0.09000000000000001,48.01,-0.029956593103148844
0.09000000000000001,50.01,-0.04533874742244218
0.09000000000000001,52.01,-0.04239568288565771
0.09000000000000001,54.01,-0.024526864335343474
0.09000000000000001,56.01,-0.016258306666167302
0.09000000000000001,58.01,-0.010913777491600902
0.09000000000000001,60.01,-0.007039710255725847
0.09000000000000001,62.01,-0.004059496442694162
0.09000000000000001,64.00999999999999,-0.0016815435778215963
0.09000000000000001,66.00999999999999,0.000263445128367927
0.09000000000000001,68.00999999999999,0.001883011262305579
0.09000000000000001,70.00999999999999,0.003249930203225566
0.09000000000000001,72.00999999999999,0.004415814088786417
0.09000000000000001,74.00999999999999,0.005418610025088118
0.09000000000000001,76.00999999999999,0.006287025962216024
0.09000000000000001,78.00999999999999,0.007043288273166901
0.09000000000000001,80.00999999999999,0.007704936866021934
0.09000000000000001,82.00999999999999,0.008286036861541158
0.09000000000000001,84.00999999999999,0.008798021720743171
0.09000000000000001,86.00999999999999,0.009250295305044934
0.09000000000000001,88.00999999999999,0.009650671475782588
0.09000000000000001,90.00999999999999,0.01000570134128471
0.09000000000000001,92.00999999999999,0.010320921031044403
0.09000000000000001,94.00999999999999,0.010601042123718337
0.09000000000000001,96.00999999999999,0.010850099960712824
0.09000000000000001,98.00999999999999,0.011071570538891597
0.11000000000000001,0.01,-0.47990144325440875
0.11000000000000001,2.01,-0.31096508157080144
0.11000000000000001,4.01,-0.05926362071457612
0.11000000000000001,6.01,-0.006348894093828269
0.11000000000000001,8.01,0.010270294153717805
0.11000000000000001,10.01,0.01580636210149128
0.11000000000000001,12.01,0.017079771378112774
0.11000000000000001,14.01,0.01649519440340399
0.11000000000000001,16.009999999999998,0.015041974891394085
0.11000000000000001,18.009999999999998,0.013167576722176453
0.11000000000000001,20.009999999999998,0.011085089443634327
0.11000000000000001,22.009999999999998,0.00889653278055794
0.11000000000000001,24.009999999999998,0.006647036147497443
0.11000000000000001,26.009999999999998,0.004350076712319166
0.11000000000000001,28.009999999999998,0.0019993745673790708
0.11000000000000001,30.009999999999998,-0.0004260962066992835
0.11000000000000001,32.01,-0.0029613784080622985
0.11000000000000001,34.01,-0.005658504045021412
0.11000000000000001,36.01,-0.008594294587601324
0.11000000000000001,38.01,-0.011886862047374904
0.11000000000000001,40.01,-0.01573150065232711
0.11000000000000001,42.01,-0.02048858405756228
0.11000000000000001,44.01,-0.0269485165298147
0.11000000000000001,46.01,-0.03750502984336067
0.11000000000000001,48.01,-0.0754425699941488
0.11000000000000001,50.01,-0.03475021720333597
0.11000000000000001,52.01,-0.02191422989484177
0.11000000000000001,54.01,-0.014651983018416392
0.11000000000000001,56.01,-0.009681844349362334
0.11000000000000001,58.01,-0.005984423229038518
0.11000000000000001,60.01,-0.0031004348198962785
0.11000000000000001,62.01,-0.000781042983203325
0.11000000000000001,64.00999999999999,0.0011246310065369718
0.11000000000000001,66.00999999999999,0.0027153071194649324
0.11000000000000001,68.00999999999999,0.004059222033074524
0.11000000000000001,70.00999999999999,0.005205534112518603
0.11000000000000001,72.00999999999999,0.006190817936692554
0.11000000000000001,74.00999999999999,0.007042996636332218
0.11000000000000001,76.00999999999999,0.0077838425626648765
0.11000000000000001,78.00999999999999,0.008430632571248316
0.11000000000000001,80.00999999999999,0.00899728088031078
0.11000000000000001,82.00999999999999,0.009495136529855595
0.11000000000000001,84.00999999999999,0.009933558417661211
0.11000000000000001,86.00999999999999,0.010320338658946616
0.11000000000000001,88.00999999999999,0.010662019976902202
0.11000000000000001,90.00999999999999,0.010964137468029494
0.11000000000000001,92.00999999999999,0.011231405375154378
0.11000000000000001,94.00999999999999,0.011467863202479682
0.11000000000000001,96.00999999999999,0.011676991313118008
0.11000000000000001,98.00999999999999,0.011861803319680446
0.13,0.01,-0.5456077451899651
0.13,2.01,-0.278169638693904
0.13,4.01,-0.044908866128996146
0.13,6.01,0.0017782516169367948
0.13,8.01,0.015278790701110814
0.13,10.01,0.018944476518436136
0.13,12.01,0.018968005722995732
0.13,14.01,0.017482440767863018
0.13,16.009999999999998,0.015339831424500495
0.13,18.009999999999998,0.012910038481437763
0.13,20.009999999999998,0.010358092477392285
0.13,22.009999999999998,0.007753559821369358
0.13,24.009999999999998,0.005117471181629418
0.13,26.009999999999998,0.002443247336463668
0.13,28.009999999999998,-0.0002945160080672655
0.13,30.009999999999998,-0.0031379982997456046
0.13,32.01,-0.0061492603252279055
0.13,34.01,-0.009419588320636468
0.13,36.01,-0.013089942916230618
0.13,38.01,-0.01739669261814565
0.13,40.01,-0.022787967884071277
0.13,42.01,-0.030297112904209566
0.13,44.01,-0.04343340238223189
0.13,46.01,-0.07391811046400472
0.13,48.01,-0.033407218442873726
0.13,50.01,-0.021450982973572483
0.13,52.01,-0.014318012322503938
0.13,54.01,-0.009347264127277568
0.13,56.01,-0.005619764175071165
0.13,58.01,-0.002701645534074603
0.13,60.01,-0.00035144317939237655
0.13,62.01,0.0015798030250875285
0.13,64.00999999999999,0.003190714167470379
0.13,66.00999999999999,0.004550029207419678
0.13,68.00999999999999,0.005707566431950431
0.13,70.00999999999999,0.00670055301622141
0.13,72.00999999999999,0.007557499795583275
0.13,74.00999999999999,0.008300687160511909
0.13,76.00999999999999,0.008947822421467095
0.13,78.00999999999999,0.009513180798274571
0.13,80.00999999999999,0.0100084125220916
0.13,82.00999999999999,0.010443127172099354
0.13,84.00999999999999,0.01082532531925987
0.13,86.00999999999999,0.011161723016919964
0.13,88.00999999999999,0.011457999535426195
0.13,90.00999999999999,0.011718989098632683
0.13,92.00999999999999,0.011948831104327578
0.13,94.00999999999999,0.012151089111150249
0.13,96.00999999999999,0.012328846025603897
0.13,98.00999999999999,0.012484780925233713
0.15,0.01,-0.6082518200978422
0.15,2.01,-0.2514525329202011
0.15,4.01,-0.03362889684169076
0.15,6.01,0.007874709323769241
0.15,8.01,0.01879435448712037
0.15,10.01,0.020919802102759823
0.15,12.01,0.019917264666852275
0.15,14.01,0.01769208826003335
0.15,16.009999999999998,0.014981064825397699
0.15,18.009999999999998,0.01208857613177569
0.15,20.009999999999998,0.00913857658494291
0.15,22.009999999999998,0.0061721241524481905
0.15,24.009999999999998,0.003187979099896253
0.15,26.009999999999998,0.0001594761800172758
0.15,28.009999999999998,-0.0029600993064958503
0.15,30.009999999999998,-0.006239491774758802
0.15,32.01,-0.009779009746320677
0.15,34.01,-0.01373253337006889
0.15,36.01,-0.01835745940385589
0.15,38.01,-0.024142980439072245
0.15,40.01,-0.032227279805806544
0.15,42.01,-0.046571250077986584
0.15,44.01,-0.0739544322300354
0.15,46.01,-0.03480164441768849
0.15,48.01,-0.02233828860253779
0.15,50.01,-0.014868147454339882
0.15,52.01,-0.009662587329790128
0.15,54.01,-0.0057646556017311775
0.15,56.01,-0.0027193504478551607
0.15,58.01,-0.00027244637886651474
0.15,60.01,0.0017332458483499448
0.15,62.01,0.003401924624896378
0.15,64.00999999999999,0.004806255045880336
0.15,66.00999999999999,0.005998902200913179
0.15,68.00999999999999,0.00701920676672239
0.15,70.00999999999999,0.007897279108869506
0.15,72.00999999999999,0.00865662957757756
0.15,74.00999999999999,0.00931592398516747
0.15,76.00999999999999,0.009890193044011415
0.15,78.00999999999999,0.010391688306835286
0.15,80.00999999999999,0.010830502028858671
0.15,82.00999999999999,0.011215025086593718
0.15,84.00999999999999,0.011552291191367633
0.15,86.00999999999999,0.01184823961565265
0.15,88.00999999999999,0.012107918460297993
0.15,90.00999999999999,0.012335643831765369
0.15,92.00999999999999,0.012535125852605236
0.15,94.00999999999999,0.01270956939966917
0.15,96.00999999999999,0.012861755350664838
0.15,98.00999999999999,0.012994106660208313
0.16999999999999998,0.01,-0.6682433328959769
0.16999999999999998,2.01,-0.22927329737673682
0.16999999999999998,4.01,-0.02463493971270286
0.16999999999999998,6.01,0.012469759733169317
0.16999999999999998,8.01,0.02121324057079372
0.16999999999999998,10.01,0.02204695355034448
0.16999999999999998,12.01,0.02018647806800191
0.16999999999999998,14.01,0.017342303411056047
0.16999999999999998,16.009999999999998,0.014152409476897571
0.16999999999999998,18.009999999999998,0.010864648889329243
0.16999999999999998,20.009999999999998,0.0075668851293558895
0.16999999999999998,22.009999999999998,0.004274191047575286
0.16999999999999998,24.009999999999998,0.0009636735471132488
0.16999999999999998,26.009999999999998,-0.0024127790398642025
0.16999999999999998,28.009999999999998,-0.005927308637787227
0.16999999999999998,30.009999999999998,-0.009684158404570884
0.16999999999999998,32.01,-0.013840731757914594
0.16999999999999998,34.01,-0.01865597091593732
0.16999999999999998,36.01,-0.024613139572553695
0.16999999999999998,38.01,-0.03280852631146197
0.16999999999999998,40.01,-0.04685434895877892
0.16999999999999998,42.01,-0.09739724464225893
0.16999999999999998,44.01,-0.03844604012345511
0.16999999999999998,46.01,-0.024388321744908233
0.16999999999999998,48.01,-0.016184919812261195
0.16999999999999998,50.01,-0.010539597108436207
0.16999999999999998,52.01,-0.006346602241429643
0.16999999999999998,54.01,-0.0030908803756594036
0.16999999999999998,56.01,-0.00048817140403872037
0.16999999999999998,58.01,0.0016358077388692273
0.16999999999999998,60.01,0.003395856763485151
0.16999999999999998,62.01,0.004871627551761815
0.16999999999999998,64.00999999999999,0.006120601761280563
0.16999999999999998,66.00999999999999,0.007185557067064534
0.16999999999999998,68.00999999999999,0.008099124016509068
0.16999999999999998,70.00999999999999,0.008886701877812474
0.16999999999999998,72.00999999999999,0.009568398016734814
0.16999999999999998,74.00999999999999,0.010160360006017069
0.16999999999999998,76.00999999999999,0.010675715829403024
0.16999999999999998,78.00999999999999,0.011125253078797245
0.16999999999999998,80.00999999999999,0.011517919548742171
0.16999999999999998,82.00999999999999,0.011861198712249884
0.16999999999999998,84.00999999999999,0.012161395717806653
0.16999999999999998,86.00999999999999,0.012423858216428904
0.16999999999999998,88.00999999999999,0.012653148967161777
0.16999999999999998,90.00999999999999,0.012853182218919573
0.16999999999999998,92.00999999999999,0.013027332543864732
0.16999999999999998,94.00999999999999,0.013178522463449985
0.16999999999999998,96.00999999999999,0.013309293579370662
0.16999999999999998,98.00999999999999,0.013421864739766661
0.18999999999999997,0.01,-0.7258945012154684
0.18999999999999997,2.01,-0.21060937112438627
0.18999999999999997,4.01,-0.017404157204200743
0.18999999999999997,6.01,0.015913508955657574
0.18999999999999997,8.01,0.022796816076868558
0.18999999999999997,10.01,0.02253266652224964
0.18999999999999997,12.01,0.019944965589526818
0.18999999999999997,14.01,0.016574872343989407
0.18999999999999997,16.009999999999998,0.012974272197289485
0.18999999999999997,18.009999999999998,0.00934129543811301
0.18999999999999997,20.009999999999998,0.005731303635101184
0.18999999999999997,22.009999999999998,0.0021348295436397994
0.18999999999999997,24.009999999999998,-0.001493125161769815
0.18999999999999997,26.009999999999998,-0.005224908992180415
0.18999999999999997,28.009999999999998,-0.009164697486196402
0.18999999999999997,30.009999999999998,-0.013466422843198272
0.18999999999999997,32.01,-0.01837642422596194
0.18999999999999997,34.01,-0.024339311253547852
0.18999999999999997,36.01,-0.032315970204661294
0.18999999999999997,38.01,-0.0451723757427684
0.18999999999999997,40.01,-0.0878929418318606
0.18999999999999997,42.01,-0.044811494932650804
0.18999999999999997,44.01,-0.027683361000124772
0.18999999999999997,46.01,-0.018283349432600432
0.18999999999999997,48.01,-0.01197181383022373
0.18999999999999997,50.01,-0.007350332178654781
0.18999999999999997,52.01,-0.003796965518984951
0.18999999999999997,54.01,-0.0009775091528664039
0.18999999999999997,56.01,0.0013093510505357065
0.18999999999999997,58.01,0.003194539499910693
0.18999999999999997,60.01,0.004768011399732038
0.18999999999999997,62.01,0.006094175388793491
0.18999999999999997,64.00999999999999,0.0072206510609165095
0.18999999999999997,66.00999999999999,0.00818355876420356
0.18999999999999997,68.00999999999999,0.009010875894128672
0.18999999999999997,70.00999999999999,0.009724653436270084
0.18999999999999997,72.00999999999999,0.010342529237419735
0.18999999999999997,74.00999999999999,0.010878790434885826
0.18999999999999997,76.00999999999999,0.011345137354473466
0.18999999999999997,78.00999999999999,0.011751244164692424
0.18999999999999997,80.00999999999999,0.012105177789026719
0.18999999999999997,82.00999999999999,0.012413715864022278
0.18999999999999997,84.00999999999999,0.012682591448237092
0.18999999999999997,86.00999999999999,0.012916683702059591
0.18999999999999997,88.00999999999999,0.01312016812510122
0.18999999999999997,90.00999999999999,0.013296636119414966
0.18999999999999997,92.00999999999999,0.013449191005250565
0.18999999999999997,94.00999999999999,0.013580525767616036
0.18999999999999997,96.00999999999999,0.013692986491440599
0.18999999999999997,98.00999999999999,0.013788624469684572
0.20999999999999996,0.01,-0.7814512021305242
0.20999999999999996,2.01,-0.1947476045606657
0.20999999999999996,4.01,-0.011572476078962887
0.20999999999999996,6.01,0.018449188791715136
0.20999999999999996,8.01,0.023726071742677685
0.20999999999999996,10.01,0.022519473172176813
0.20999999999999996,12.01,0.019308796176625682
0.20999999999999996,14.01,0.015486273588872992
0.20999999999999996,16.009999999999998,0.01152779349213303
0.20999999999999996,18.009999999999998,0.007587033688414249
0.20999999999999996,20.009999999999998,0.003689386204848587
0.20999999999999996,22.009999999999998,-0.00019862619007000436
0.20999999999999996,24.009999999999998,-0.004145637778271731
0.20999999999999996,26.009999999999998,-0.008252749741367521
0.20999999999999996,28.009999999999998,-0.01266624740855168
0.20999999999999996,30.009999999999998,-0.0176122320256498
0.20999999999999996,32.01,-0.023481281772114865
0.20999999999999996,34.01,-0.031067177954078644
0.20999999999999996,36.01,-0.04248126598318179
0.20999999999999996,38.01,-0.06856547590874493
0.20999999999999996,40.01,-0.05571359846518923
0.20999999999999996,42.01,-0.03255062233805436
0.20999999999999996,44.01,-0.021282424534554763
0.20999999999999996,46.01,-0.014012330858455971
0.20999999999999996,48.01,-0.008800388874648155
0.20999999999999996,50.01,-0.004847556631997434
0.20999999999999996,52.01,-0.0017421839659463557
0.20999999999999996,54.01,0.0007570789051938424
0.20999999999999996,56.01,0.0028042373701805084
0.20999999999999996,58.01,0.004503608534343801
0.20999999999999996,60.01,0.00592905329955398
0.20999999999999996,62.01,0.007134684079314531
0.20999999999999996,64.00999999999999,0.008161233359357199
0.20999999999999996,66.00999999999999,0.009040044234943713
0.20999999999999996,68.00999999999999,0.009795678636562305
0.20999999999999996,70.00999999999999,0.010447682452986502
0.20999999999999996,72.00999999999999,0.011011815442692691
0.20999999999999996,74.00999999999999,0.011500929720732885
0.20999999999999996,76.00999999999999,0.011925610740865832
0.20999999999999996,78.00999999999999,0.012294653709923163
0.20999999999999996,80.00999999999999,0.012615423468512967
0.20999999999999996,82.00999999999999,0.012894130255924613
0.20999999999999996,84.00999999999999,0.013136043725521372
0.20999999999999996,86.00999999999999,0.013345660939406343
0.20999999999999996,88.00999999999999,0.013526839594934809
0.20999999999999996,90.00999999999999,0.01368290466634641
0.20999999999999996,92.00999999999999,0.013816734486684492
0.20999999999999996,94.00999999999999,0.013930830778670496
0.20999999999999996,96.00999999999999,0.014027376021927903
0.20999999999999996,98.00999999999999,0.014108280765260274
0.22999999999999995,0.01,-0.8351121004442541
0.22999999999999995,2.01,-0.18117108932782794
0.22999999999999995,4.01,-0.006876445593113983
0.22999999999999995,6.01,0.020252354718329243
0.22999999999999995,8.01,0.02413115504499573
0.22999999999999995,10.01,0.0221093470050477
0.22999999999999995,12.01,0.018360455639839974
0.22999999999999995,14.01,0.014144468652029164
0.22999999999999995,16.009999999999998,0.009869450376385893
0.22999999999999995,18.009999999999998,0.005648732108935083
0.22999999999999995,20.009999999999998,0.001479404508636692
0.22999999999999995,22.009999999999998,-0.0026963514728114858
0.22999999999999995,24.009999999999998,-0.006973544882796011
0.22999999999999995,26.009999999999998,-0.011488787165384245
0.22999999999999995,28.009999999999998,-0.016445630295321888
0.22999999999999995,30.009999999999998,-0.022178497828041134
0.22999999999999995,32.01,-0.0293226052428382
0.22999999999999995,34.01,-0.03938682685327839
0.22999999999999995,36.01,-0.057984267485808774
0.22999999999999995,38.01,-0.07883021493721613
0.22999999999999995,40.01,-0.039719905882540166
0.22999999999999995,42.01,-0.025426937146012553
0.22999999999999995,44.01,-0.016775351017487658
0.22999999999999995,46.01,-0.010758023024196301
0.22999999999999995,48.01,-0.006277567085548491
0.22999999999999995,50.01,-0.002802330707118947
0.22999999999999995,52.01,-0.000032180911106377864
0.22999999999999995,54.01,0.002219507355513693
0.22999999999999995,56.01,0.004076774165253559
0.22999999999999995,58.01,0.005626172789450134
0.22999999999999995,60.01,0.0069303777726627295
0.22999999999999995,62.01,0.008036113665973336
0.22999999999999995,64.00999999999999,0.008979041958597491
0.22999999999999995,66.00999999999999,0.009786912237582452
0.22999999999999995,68.00999999999999,0.010481670657185421
0.22999999999999995,70.00999999999999,0.011080914906408269
0.22999999999999995,72.00999999999999,0.011598924735568741
0.22999999999999995,74.00999999999999,0.012047408329637833
0.22999999999999995,76.00999999999999,0.012436053415858314
0.22999999999999995,78.00999999999999,0.012772941109528336
0.22999999999999995,80.00999999999999,0.013064861334573593
0.22999999999999995,82.00999999999999,0.013317556415062165
0.22999999999999995,84.00999999999999,0.013535911424415993
0.22999999999999995,86.00999999999999,0.013724104509594631
0.22999999999999995,88.00999999999999,0.013885726750520463
0.22999999999999995,90.00999999999999,0.014023878559220987
0.22999999999999995,92.00999999999999,0.014141247834295477
0.22999999999999995,94.00999999999999,0.014240173778377625
0.22999999999999995,96.00999999999999,0.014322699366397233
0.22999999999999995,98.00999999999999,0.014390614744949615
0.24999999999999994,0.01,-0.8870410632999816
0.24999999999999994,2.01,-0.16949338322014312
0.24999999999999994,4.01,-0.003119463338469181
0.24999999999999994,6.01,0.02145364102515457
0.24999999999999994,8.01,0.024108503019328993
0.24999999999999994,10.01,0.021377409431751714
0.24999999999999994,12.01,0.017160237155475235
0.24999999999999994,14.01,0.01259861430599807
0.24999999999999994,16.009999999999998,0.00803948813764918
0.24999999999999994,18.009999999999998,0.0035590208742216183
0.24999999999999994,20.009999999999998,-0.0008730930685655661
0.24999999999999994,22.009999999999998,-0.005340235803979323
0.24999999999999994,24.009999999999998,-0.009967986530903633
0.24999999999999994,26.009999999999998,-0.014938281183973298
0.24999999999999994,28.009999999999998,-0.02053481962174353
0.24999999999999994,30.009999999999998,-0.02726010446678486
0.24999999999999994,32.01,-0.03618808022348442
0.24999999999999994,34.01,-0.05049725729793121
0.24999999999999994,36.01,-0.09693184691666414
0.24999999999999994,38.01,-0.05092767635941631
0.24999999999999994,40.01,-0.031169764901124213
0.24999999999999994,42.01,-0.020457215642222627
0.24999999999999994,44.01,-0.013327587499449515
0.24999999999999994,46.01,-0.008148453412498922
0.24999999999999994,48.01,-0.004196193916061645
0.24999999999999994,50.01,-0.0010828705385187356
0.24999999999999994,52.01,0.0014246569886192518
0.24999999999999994,54.01,0.003477620234463261
0.24999999999999994,56.01,0.005179626236371483
0.24999999999999994,58.01,0.006604622020157508
0.24999999999999994,60.01,0.007807091675859078
0.24999999999999994,62.01,0.008828212736904711
0.24999999999999994,64.00999999999999,0.009699759683641434
0.24999999999999994,66.00999999999999,0.010446679538278589
0.24999999999999994,68.00999999999999,0.0110888482465748
0.24999999999999994,70.00999999999999,0.011642302070452816
0.24999999999999994,72.00999999999999,0.012120121541377824
0.24999999999999994,74.00999999999999,0.012533079044243004
0.24999999999999994,76.00999999999999,0.012890121710941747
0.24999999999999994,78.00999999999999,0.013198737147934719
0.24999999999999994,80.00999999999999,0.013465234260927073
0.24999999999999994,82.00999999999999,0.013694961549546641
0.24999999999999994,84.00999999999999,0.013892478668875686
0.24999999999999994,86.00999999999999,0.014061692609654692
0.24999999999999994,88.00999999999999,0.014205966770456485
0.24999999999999994,90.00999999999999,0.01432820903736485
0.24999999999999994,92.00999999999999,0.01443094345068962
0.24999999999999994,94.00999999999999,0.014516368916417471
0.24999999999999994,96.00999999999999,0.014586407616992385
0.24999999999999994,98.00999999999999,0.014642745161866765
0.26999999999999996,0.01,-0.9373755711309824
0.26999999999999996,2.01,-0.15941815056475855
0.26999999999999996,4.01,-0.0001510627569775054
0.26999999999999996,6.01,0.022152706882706104
0.26999999999999996,8.01,0.023731335419427083
0.26999999999999996,10.01,0.02038031779176786
0.26999999999999996,12.01,0.015753204557520807
0.26999999999999996,14.01,0.01088499083343877
0.26999999999999996,16.009999999999998,0.006067054671007037
0.26999999999999996,18.009999999999998,0.0013407862979072926
0.26999999999999996,20.009999999999998,-0.0033513359862420624
0.26999999999999996,22.009999999999998,-0.00812046610292895
0.26999999999999996,24.009999999999998,-0.01312879689011542
0.26999999999999996,26.009999999999998,-0.01861771802218156
0.26999999999999996,28.009999999999998,-0.024986115929572443
0.26999999999999996,30.009999999999998,-0.03300727464100364
0.26999999999999996,32.01,-0.04460428174303528
0.26999999999999996,34.01,-0.06792016458248085
0.26999999999999996,36.01,-0.07208214247175852
0.26999999999999996,38.01,-0.03939975863811212
0.26999999999999996,40.01,-0.02538787474356548
0.26999999999999996,42.01,-0.016673811915081625
0.26999999999999996,44.01,-0.010555113170089673
0.26999999999999996,46.01,-0.005983013093633927
0.26999999999999996,48.01,-0.00243378717545802
0.26999999999999996,50.01,0.00039354784893160265
0.26999999999999996,52.01,0.0026882850157248545
0.26999999999999996,54.01,0.0045771835160165605
0.26999999999999996,56.01,0.006149135483419692
0.26999999999999996,58.01,0.007468719575862257
0.26999999999999996,60.01,0.008584178749745791
0.26999999999999996,62.01,0.009532376465963254
0.26999999999999996,64.00999999999999,0.010342012401898224
0.26999999999999996,66.00999999999999,0.011035784632798673
0.26999999999999996,68.00999999999999,0.011631887383415581
0.26999999999999996,70.00999999999999,0.012145075024358538
0.26999999999999996,72.00999999999999,0.012587434453612677
0.26999999999999996,74.00999999999999,0.01296895639229068
0.26999999999999996,76.00999999999999,0.013297964929294073
0.26999999999999996,78.00999999999999,0.013581445190284796
0.26999999999999996,80.00999999999999,0.013825296525705154
0.26999999999999996,82.00999999999999,0.014034530410940218
0.26999999999999996,84.00999999999999,0.014213426740611873
0.26999999999999996,86.00999999999999,0.014365658428456867
0.26999999999999996,88.00999999999999,0.014494391587304242
0.26999999999999996,90.00999999999999,0.01460236671215909
0.26999999999999996,92.00999999999999,0.014691964932587082
0.26999999999999996,94.00999999999999,0.014765262447117709
0.26999999999999996,96.00999999999999,0.014824075514748958
0.26999999999999996,98.00999999999999,0.014869997858375028
0.29,0.01,-0.9862326193802374
0.29,2.01,-0.15071327953312413
0.29,4.01,0.0021463624570352627
0.29,6.01,0.02242716943635388
0.29,8.01,0.023056371427279676
0.29,10.01,0.019161629865964022
0.29,12.01,0.01417364005595386
0.29,14.01,0.00903078119344827
0.29,16.009999999999998,0.00397346288231076
0.29,18.009999999999998,-0.0009899906457930922
0.29,20.009999999999998,-0.005944873353782441
0.29,22.009999999999998,-0.011033478747023127
0.29,24.009999999999998,-0.016463087988016864
0.29,26.009999999999998,-0.022554943286952324
0.29,28.009999999999998,-0.029878004653869115
0.29,30.009999999999998,-0.03966246773993407
0.29,32.01,-0.0556749809770936
0.29,34.01,-0.11975850550565689
0.29,36.01,-0.05220171424865332
0.29,38.01,-0.032151854193645
0.29,40.01,-0.021057700233355535
0.29,42.01,-0.013640026023971881
0.29,44.01,-0.008249487589134167
0.29,46.01,-0.004141264629048872
0.29,48.01,-0.0009119926912368609
0.29,50.01,0.0016821881660714437
0.29,52.01,0.0038000214405399958
0.29,54.01,0.005550473430571773
0.29,56.01,0.007011385490443663
0.29,58.01,0.008240119152207353
0.29,60.01,0.009280009425410064
0.29,62.01,0.010164469202242477
0.29,64.00999999999999,0.010919703594032567
0.29,66.00999999999999,0.01156656394946168
0.29,68.00999999999999,0.012121849138430424
0.29,70.00999999999999,0.012599240304281
0.29,72.00999999999999,0.013009985878376403
0.29,74.00999999999999,0.013363412394374576
0.29,76.00999999999999,0.013667311273071671
0.29,78.00999999999999,0.01392823568935786
0.29,80.00999999999999,0.01415173119646215
0.29,82.00999999999999,0.014342516845185123
0.29,84.00999999999999,0.014504628825869906
0.29,86.00999999999999,0.014641535409102817
0.29,88.00999999999999,0.01475622966751726
0.29,90.00999999999999,0.014851304838101318
0.29,92.00999999999999,0.01492901598941105
0.29,94.00999999999999,0.014991330809714688
0.29,96.00999999999999,0.015039971678974612
0.29,98.00999999999999,0.015076450709598961
0.31,0.01,-1.0337129820764146
0.31,2.01,-0.14319366325936672
0.31,4.01,0.0038663852454729752
0.31,6.01,0.02233853968866869
0.31,8.01,0.022128289579446063
0.31,10.01,0.017755362408886415
0.31,12.01,0.01244799006712367
0.31,14.01,0.007056567696574409
0.31,16.009999999999998,0.001774336284826334
0.31,18.009999999999998,-0.0034223845652053414
0.31,20.009999999999998,-0.008648008859665431
0.31,22.009999999999998,-0.014080754950321302
0.31,24.009999999999998,-0.019984754865487016
0.31,26.009999999999998,-0.026790864244366445
0.31,28.009999999999998,-0.03532680306473042
0.31,30.009999999999998,-0.0476425516342397
0.31,32.01,-0.07240862587591032
0.31,34.01,-0.07707601788803001
0.31,36.01,-0.041915771769516816
0.31,38.01,-0.026912763337328588
0.31,40.01,-0.01762013307770932
0.31,42.01,-0.011121558121383737
0.31,44.01,-0.006285034757253578
0.31,46.01,-0.002545312846839688
0.31,48.01,0.0004222825106940242
0.31,50.01,0.0028217467379064963
0.31,52.01,0.004789502644705194
0.31,54.01,0.006421064643514774
0.31,56.01,0.007785695423535835
0.31,58.01,0.008935034361369755
0.31,60.01,0.009908457505019971
0.31,62.01,0.010736554186586445
0.31,64.00999999999999,0.01144346339989947
0.31,66.00999999999999,0.012048491055408042
0.31,68.00999999999999,0.012567257851341794
0.31,70.00999999999999,0.013012531679491615
0.31,72.00999999999999,0.013394842605757643
0.31,74.00999999999999,0.013722944676707175
0.31,76.00999999999999,0.014004167725125905
0.31,78.00999999999999,0.014244688824056228
0.31,80.00999999999999,0.014449744151353557
0.31,82.00999999999999,0.014623796061938239
0.31,84.00999999999999,0.014770666071837914
0.31,86.00999999999999,0.014893641615506093
0.31,88.00999999999999,0.014995562416584639
0.31,90.00999999999999,0.015078890868909851
0.31,92.00999999999999,0.01514576976554963
0.31,94.00999999999999,0.01519806993862444
0.31,96.00999999999999,0.015237429801781778
0.31,98.00999999999999,0.0152652883413535
0.33,0.01,-1.0799043690432977
0.33,2.01,-0.1367093841290163
0.33,4.01,0.005084598863868375
0.33,6.01,0.021936290917483156
0.33,8.01,0.020982782225509512
0.33,10.01,0.01618842545885503
0.33,12.01,0.010596876533473135
0.33,14.01,0.004978031002460907
0.33,16.009999999999998,-0.0005189400758449474
0.33,18.009999999999998,-0.005949292420805163
0.33,20.009999999999998,-0.011458799619981211
0.33,22.009999999999998,-0.017268177933596
0.33,24.009999999999998,-0.023714724306568798
0.33,26.009999999999998,-0.03138305632274975
0.33,28.009999999999998,-0.04150892372938904
0.33,30.009999999999998,-0.057748443764903803
0.33,32.01,-0.11165159900897664
0.33,34.01,-0.057616544124406685
0.33,36.01,-0.03502692949150948
0.33,38.01,-0.022840074775320244
0.33,40.01,-0.014785554918496854
0.33,42.01,-0.008978235482862655
0.33,44.01,-0.004580217891713162
0.33,46.01,-0.0011419343693864282
0.33,48.01,0.0016066308133618702
0.33,50.01,0.003840335774985176
0.33,52.01,0.005678675437251371
0.33,54.01,0.007206672120257654
0.33,56.01,0.008486748131765798
0.33,58.01,0.009565898183087704
0.33,60.01,0.010480237344981486
0.33,62.01,0.011258000442915708
0.33,64.00999999999999,0.011921585513829757
0.33,66.00999999999999,0.0124889845340173
0.33,68.00999999999999,0.012974808712857916
0.33,70.00999999999999,0.013391038119242414
0.33,72.00999999999999,0.013747579406075478
0.33,74.00999999999999,0.014052687171153044
0.33,76.00999999999999,0.014313286650444904
0.33,78.00999999999999,0.01453522386098109
0.33,80.00999999999999,0.01472346162908384
0.33,82.00999999999999,0.014882234728114205
0.33,84.00999999999999,0.01501517376126658
0.33,86.00999999999999,0.015125404891615617
0.33,88.00999999999999,0.015215630736262514
0.33,90.00999999999999,0.015288196432533199
0.33,92.00999999999999,0.015345143941051975
0.33,94.00999999999999,0.015388256940798534
0.33,96.00999999999999,0.015419098157370194
0.33,98.00999999999999,0.015439040547828397
0.35000000000000003,0.01,-1.1248838138888886
0.35000000000000003,2.01,-0.1311373876861982
0.35000000000000003,4.01,0.0058628802815499995
0.35000000000000003,6.01,0.021260722106033053
0.35000000000000003,8.01,0.01964870350340717
0.35000000000000003,10.01,0.014482331861224712
0.35000000000000003,12.01,0.008636506015005187
0.35000000000000003,14.01,0.002807135212903735
0.35000000000000003,16.009999999999998,-0.0028982165675599495
0.35000000000000003,18.009999999999998,-0.008566599967811676
0.35000000000000003,20.009999999999998,-0.014378430023438884
0.35000000000000003,22.009999999999998,-0.020605803829994995
0.35000000000000003,24.009999999999998,-0.027681937539473372
0.35000000000000003,26.009999999999998,-0.0364121947852307
0.35000000000000003,28.009999999999998,-0.048705542690568024
0.35000000000000003,30.009999999999998,-0.07184437606592961
0.35000000000000003,32.01,-0.09261794411437586
0.35000000000000003,34.01,-0.04707690228845977
0.35000000000000003,36.01,-0.029888707756172715
0.35000000000000003,38.01,-0.019527992401746557
0.35000000000000003,40.01,-0.012384663974313877
0.35000000000000003,42.01,-0.007119621432990071
0.35000000000000003,44.01,-0.0030791904657729795
0.35000000000000003,46.01,0.00010680525193254803
0.35000000000000003,48.01,0.0026686098169324975
0.35000000000000003,50.01,0.004758993349733962
0.35000000000000003,52.01,0.00648422211101896
0.35000000000000003,54.01,0.007920924226000705
0.35000000000000003,56.01,0.009125946016728365
0.35000000000000003,58.01,0.010142437904192078
0.35000000000000003,60.01,0.011003781549103387
0.35000000000000003,62.01,0.01173621703276651
0.35000000000000003,64.00999999999999,0.012360653972852048
0.35000000000000003,66.00999999999999,0.012893952163815121
0.35000000000000003,68.00999999999999,0.013349847013878428
0.35000000000000003,70.00999999999999,0.013739631004036102
0.35000000000000003,72.00999999999999,0.014072663814798247
0.35000000000000003,74.00999999999999,0.014356759780973775
0.35000000000000003,76.00999999999999,0.014598485995595354
0.35000000000000003,78.00999999999999,0.014803394332342306
0.35000000000000003,80.00999999999999,0.014976203925340782
0.35000000000000003,82.00999999999999,0.015120946044006545
0.35000000000000003,84.00999999999999,0.015241080104183633
0.35000000000000003,86.00999999999999,0.015339587299645081
0.35000000000000003,88.00999999999999,0.015419046718482168
0.35000000000000003,90.00999999999999,0.015481697634339531
0.35000000000000003,92.00999999999999,0.01552949079694303
0.35000000000000003,94.00999999999999,0.015564130912427478
0.35000000000000003,96.00999999999999,0.01558711200729748
0.35000000000000003,98.00999999999999,0.015599747024640804
0.37000000000000005,0.01,-1.1687195133043544
0.37000000000000005,2.01,-0.12637547907435737
0.37000000000000005,4.01,0.006252462576624707
0.37000000000000005,6.01,0.020345020106462768
0.37000000000000005,8.01,0.018149614790393922
0.37000000000000005,10.01,0.012654425226509662
0.37000000000000005,12.01,0.006579678795595345
0.37000000000000005,14.01,0.0005529716534951939
0.37000000000000005,16.009999999999998,-0.005357873964133848
0.37000000000000005,18.009999999999998,-0.011272617124844456
0.37000000000000005,20.009999999999998,-0.01741085037969673
0.37000000000000005,22.009999999999998,-0.024107979751780577
0.37000000000000005,24.009999999999998,-0.031925212727984584
0.37000000000000005,26.009999999999998,-0.04199328688438664
0.37000000000000005,28.009999999999998,-0.05740166858173143
0.37000000000000005,30.009999999999998,-0.09640109276157785
0.37000000000000005,32.01,-0.0679426775422524
0.37000000000000005,34.01,-0.039899029374049585
0.37000000000000005,36.01,-0.02581730181390771
0.37000000000000005,38.01,-0.016749987407278073
0.37000000000000005,40.01,-0.010310014252193295
0.37000000000000005,42.01,-0.005484030776946135
0.37000000000000005,44.01,-0.0017420695508907338
0.37000000000000005,46.01,0.001228865320938568
0.37000000000000005,48.01,0.0036289977589278595
0.37000000000000005,50.01,0.005593853062554176
0.37000000000000005,52.01,0.007219102424758968
0.37000000000000005,54.01,0.008574515154511986
0.37000000000000005,56.01,0.009712307627814672
0.37000000000000005,58.01,0.010672395763916645
0.37000000000000005,60.01,0.011485835873001924
0.37000000000000005,62.01,0.012177155145442153
0.37000000000000005,64.00999999999999,0.012765974814524792
0.37000000000000005,66.00999999999999,0.013268167839172389
0.37000000000000005,68.00999999999999,0.013696701631949602
0.37000000000000005,70.00999999999999,0.014062262513184366
0.37000000000000005,72.00999999999999,0.014373725696677732
0.37000000000000005,74.00999999999999,0.01463851393402292
0.37000000000000005,76.00999999999999,0.01486287458418172
0.37000000000000005,78.00999999999999,0.015052096042367097
0.37000000000000005,80.00999999999999,0.015210678496641875
0.37000000000000005,82.00999999999999,0.015342469877272544
0.37000000000000005,84.00999999999999,0.015450774993993634
0.37000000000000005,86.00999999999999,0.015538443818385846
0.37000000000000005,88.00999999999999,0.015607943392591151
0.37000000000000005,90.00999999999999,0.015661416786812345
0.37000000000000005,92.00999999999999,0.01570073172117251
0.37000000000000005,94.00999999999999,0.015727520897744457
0.37000000000000005,96.00999999999999,0.015743215618228047
0.37000000000000005,98.00999999999999,0.015749073951690406
0.39000000000000007,0.01,-1.2114722672383014
0.39000000000000007,2.01,-0.122337906174131
0.39000000000000007,4.01,0.00629619402362028
0.39000000000000007,6.01,0.019216774876838573
0.39000000000000007,8.01,0.016504919041979683
0.39000000000000007,10.01,0.010718779427158927
0.39000000000000007,12.01,0.004436525250770229
0.39000000000000007,14.01,-0.001777630177229747
0.39000000000000007,16.009999999999998,-0.007894322619085056
0.39000000000000007,18.009999999999998,-0.014067701435696977
0.39000000000000007,20.009999999999998,-0.02056261722322076
0.39000000000000007,22.009999999999998,-0.02779380122547128
0.39000000000000007,24.009999999999998,-0.03649633364204492
0.39000000000000007,26.009999999999998,-0.048295942976198235
0.39000000000000007,28.009999999999998,-0.06854360847288185
0.39000000000000007,30.009999999999998,-0.1450438161584872
0.39000000000000007,32.01,-0.055561066877717113
0.39000000000000007,34.01,-0.0344956899054122
0.39000000000000007,36.01,-0.022462783601861967
0.39000000000000007,38.01,-0.014366830410044008
0.39000000000000007,40.01,-0.008489215731143761
0.39000000000000007,42.01,-0.004027551172521274
0.39000000000000007,44.01,-0.000539410173664726
0.39000000000000007,46.01,0.0022454231478507805
0.39000000000000007,48.01,0.00450383069823654
0.39000000000000007,50.01,0.006357543661967455
0.39000000000000007,52.01,0.007893571814189511
0.39000000000000007,54.01,0.009175979933451723
0.39000000000000007,56.01,0.010253079400539947
0.39000000000000007,58.01,0.011162026349189922
0.39000000000000007,60.01,0.0119318736526468
0.39000000000000007,62.01,0.012585660487965456
0.39000000000000007,64.00999999999999,0.013141880866469944
0.39000000000000007,66.00999999999999,0.01361553901057101
0.39000000000000007,68.00999999999999,0.01401892258846801
0.39000000000000007,70.00999999999999,0.014362178858584984
0.39000000000000007,72.00999999999999,0.014653750377621197
0.39000000000000007,74.00999999999999,0.014900708876035876
0.39000000000000007,76.00999999999999,0.015109014134802114
0.39000000000000007,78.00999999999999,0.015283716852705364
0.39000000000000007,80.00999999999999,0.015429119157490165
0.39000000000000007,82.00999999999999,0.015548902719916451
0.39000000000000007,84.00999999999999,0.015646231833986685
0.39000000000000007,86.00999999999999,0.01572383696149412
0.39000000000000007,88.00999999999999,0.015784082912570316
0.39000000000000007,90.00999999999999,0.015829024827966057
0.39000000000000007,92.00999999999999,0.015860454424051568
0.39000000000000007,94.00999999999999,0.01587993839230516
0.39000000000000007,96.00999999999999,0.01588885045575362
0.39000000000000007,98.00999999999999,0.015888398252421495
0.4100000000000001,0.01,-1.253196622082064
0.4100000000000001,2.01,-0.11895205187290146
0.4100000000000001,4.01,0.006030228907011839
0.4100000000000001,6.01,0.017899112729279396
0.4100000000000001,8.01,0.014730708099246856
0.4100000000000001,10.01,0.008686868842031063
0.4100000000000001,12.01,0.0022150518790197936
0.4100000000000001,14.01,-0.004179654353850648
0.4100000000000001,16.009999999999998,-0.01050564546983785
0.4100000000000001,18.009999999999998,-0.01695401899583442
0.4100000000000001,20.009999999999998,-0.02384290260731284
0.4100000000000001,22.009999999999998,-0.031687954993304526
0.4100000000000001,24.009999999999998,-0.04146503845851978
0.4100000000000001,26.009999999999998,-0.05558344532174172
0.4100000000000001,28.009999999999998,-0.08440739360595323
0.4100000000000001,30.009999999999998,-0.0872068072448708
0.4100000000000001,32.01,-0.04733433727090342
0.4100000000000001,34.01,-0.03018831309205556
0.4100000000000001,36.01,-0.01962216074629741
0.4100000000000001,38.01,-0.012286908643673437
0.4100000000000001,40.01,-0.006871224694407596
0.4100000000000001,42.01,-0.002717843483672079
0.4100000000000001,44.01,0.0005511232416204043
0.4100000000000001,46.01,0.0031728867711740107
0.4100000000000001,48.01,0.005305730132569249
0.4100000000000001,50.01,0.007060124531966978
0.4100000000000001,52.01,0.00851587542796023
0.4100000000000001,54.01,0.009732230900135103
0.4100000000000001,56.01,0.010754164342448006
0.4100000000000001,58.01,0.011616448595358143
0.4100000000000001,60.01,0.012346391419430676
0.4100000000000001,62.01,0.01296572626023313
0.4100000000000001,64.00999999999999,0.01349195168482348
0.4100000000000001,66.00999999999999,0.013939300482890096
0.4100000000000001,68.00999999999999,0.014319453779015523
0.4100000000000001,70.00999999999999,0.014642075756560602
0.4100000000000001,72.00999999999999,0.014915219774510517
0.4100000000000001,74.00999999999999,0.015145640729151357
0.4100000000000001,76.00999999999999,0.015339038041044787
0.4100000000000001,78.00999999999999,0.015500246619575395
0.4100000000000001,80.00999999999999,0.01563338834110642
0.4100000000000001,82.00999999999999,0.01574199322800662
0.4100000000000001,84.00999999999999,0.01582909714366747
0.4100000000000001,86.00999999999999,0.01589732111916039
0.4100000000000001,88.00999999999999,0.01594893619190721
0.4100000000000001,90.00999999999999,0.01598591672627602
0.4100000000000001,92.00999999999999,0.0160099845144689
0.4100000000000001,94.00999999999999,0.01602264544175587
0.4100000000000001,96.00999999999999,0.016025220125383776
0.4100000000000001,98.00999999999999,0.016018869637873953
0.4300000000000001,0.01,-1.2939417899541645
0.4300000000000001,2.01,-0.11615591753329788
0.4300000000000001,4.01,0.005485313130322925
0.4300000000000001,6.01,0.016411557307061557
0.4300000000000001,8.01,0.012840405472991798
0.4300000000000001,10.01,0.0065680752893616315
0.4300000000000001,12.01,-0.00007844827785614267
0.4300000000000001,14.01,-0.00664956650036537
0.4300000000000001,16.009999999999998,-0.013191345284419271
0.4300000000000001,18.009999999999998,-0.019935411346027894
0.4300000000000001,20.009999999999998,-0.027263661943507007
0.4300000000000001,22.009999999999998,-0.035822056795852084
0.4300000000000001,24.009999999999998,-0.04692719756612081
0.4300000000000001,26.009999999999998,-0.06429579376573635
0.4300000000000001,28.009999999999998,-0.11360103061528243
0.4300000000000001,30.009999999999998,-0.0693792282327685
0.4300000000000001,32.01,-0.0412161528098648
0.4300000000000001,34.01,-0.026623871561213486
0.4300000000000001,36.01,-0.01716728070138243
0.4300000000000001,38.01,-0.01044678584537176
0.4300000000000001,40.01,-0.0054187340855191895
0.4300000000000001,42.01,-0.0015304251059328232
0.4300000000000001,44.01,0.0015468590874737924
0.4300000000000001,46.01,0.004024214558675655
0.4300000000000001,48.01,0.006044798045175194
0.4300000000000001,50.01,0.007709729999472111
0.4300000000000001,52.01,0.00909273417993343
0.4300000000000001,54.01,0.01024893840112689
0.4300000000000001,56.01,0.011220429463586106
0.4300000000000001,58.01,0.012039900367358088
0.4300000000000001,60.01,0.012733124167159991
0.4300000000000001,62.01,0.013320678392767212
0.4300000000000001,64.00999999999999,0.013819175325948969
0.4300000000000001,66.00999999999999,0.01424215748147134
0.4300000000000001,68.00999999999999,0.014600760865141336
0.4300000000000001,70.00999999999999,0.014904213819450104
0.4300000000000001,72.00999999999999,0.015160217347587686
0.4300000000000001,74.00999999999999,0.015375238617537769
0.4300000000000001,76.00999999999999,0.015554739953012525
0.4300000000000001,78.00999999999999,0.015703359264334405
0.4300000000000001,80.00999999999999,0.015825053500900712
0.4300000000000001,82.00999999999999,0.015923213644345204
0.4300000000000001,84.00999999999999,0.016000757586636483
0.4300000000000001,86.00999999999999,0.016060205667061893
0.4300000000000001,88.00999999999999,0.016103742507135428
0.4300000000000001,90.00999999999999,0.016133267923073683
0.4300000000000001,92.00999999999999,0.016150439091522712
0.4300000000000001,94.00999999999999,0.016156705639247163
0.4300000000000001,96.00999999999999,0.01615333899691311
0.4300000000000001,98.00999999999999,0.0161414570584025
0.4500000000000001,0.01,-1.3337523964498634
0.4500000000000001,2.01,-0.11389618116474842
0.4500000000000001,4.01,0.004687775618054994
0.4500000000000001,6.01,0.014770692946179307
0.4500000000000001,8.01,0.010845260722794611
0.4500000000000001,10.01,0.004370076476897633
0.4500000000000001,12.01,-0.0024390836648750663
0.4500000000000001,14.01,-0.009185066571965902
0.4500000000000001,16.009999999999998,-0.015952169843078824
0.4500000000000001,18.009999999999998,-0.02301734964401351
0.4500000000000001,20.009999999999998,-0.030839969073727293
0.4500000000000001,22.009999999999998,-0.040236685597697844
0.4500000000000001,24.009999999999998,-0.053018741198274974
0.4500000000000001,26.009999999999998,-0.07525333218115196
0.4500000000000001,28.009999999999998,-0.1425889440292559
0.4500000000000001,30.009999999999998,-0.05865865947959845
0.4500000000000001,32.01,-0.03637335861388852
0.4500000000000001,34.01,-0.023595334554015933
0.4500000000000001,36.01,-0.015012127818451694
0.4500000000000001,38.01,-0.008800758707048852
0.4500000000000001,40.01,-0.004103673496194662
0.4500000000000001,42.01,-0.0004463318531794107
0.4500000000000001,44.01,0.0024614991194878955
0.4500000000000001,46.01,0.004809809415494166
0.4500000000000001,48.01,0.006729237949588711
0.4500000000000001,50.01,0.008313024649282456
0.4500000000000001,52.01,0.009629693197274747
0.4500000000000001,54.01,0.010730806843644228
0.4500000000000001,56.01,0.011655930744346886
0.4500000000000001,58.01,0.012435926130360542
0.4500000000000001,60.01,0.013095204988986635
0.4500000000000001,62.01,0.013653313581017276
0.4500000000000001,64.00999999999999,0.014126069369830751
0.4500000000000001,66.00999999999999,0.014526393024339767
0.4500000000000001,68.00999999999999,0.014864927508965101
0.4500000000000001,70.00999999999999,0.015150505568349758
0.4500000000000001,72.00999999999999,0.015390507376485275
0.4500000000000001,74.00999999999999,0.015591137378694617
0.4500000000000001,76.00999999999999,0.01575764085892263
0.4500000000000001,78.00999999999999,0.015894474980481597
0.4500000000000001,80.00999999999999,0.016005445060242863
0.4500000000000001,82.00999999999999,0.01609381400565677
0.4500000000000001,84.00999999999999,0.016162390855792377
0.4500000000000001,86.00999999999999,0.016213602897213606
0.4500000000000001,88.00999999999999,0.016249554773971334
0.4500000000000001,90.00999999999999,0.01627207722202844
0.4500000000000001,92.00999999999999,0.016282767465767272
0.4500000000000001,94.00999999999999,0.01628302287636279
0.4500000000000001,96.00999999999999,0.01627406914900355
0.4500000000000001,98.00999999999999,0.01625698399599552
0.47000000000000014,0.01,-1.3726690947829876
0.47000000000000014,2.01,-0.11212667987023436
0.47000000000000014,4.01,0.0036603026065780697
0.47000000000000014,6.01,0.012990682250676636
0.47000000000000014,8.01,0.00875473437783146
0.47000000000000014,10.01,0.002099147061274294
0.47000000000000014,12.01,-0.004863124964998505
0.47000000000000014,14.01,-0.011784904823585636
0.47000000000000014,16.009999999999998,-0.01878999752508592
0.47000000000000014,18.009999999999998,-0.026206966673854085
0.47000000000000014,20.009999999999998,-0.03459054729610676
0.47000000000000014,22.009999999999998,-0.0449844662982267
0.47000000000000014,24.009999999999998,-0.05994078078896842
0.47000000000000014,26.009999999999998,-0.09028057818647461
0.47000000000000014,28.009999999999998,-0.09509250324015892
0.47000000000000014,30.009999999999998,-0.051040121033809754
0.47000000000000014,32.01,-0.03238403984469356
0.47000000000000014,34.01,-0.02097097627646572
0.47000000000000014,36.01,-0.013096219624325302
0.47000000000000014,38.01,-0.0073148372148946076
0.47000000000000014,40.01,-0.002904409607727047
0.47000000000000014,42.01,0.0005494124781849355
0.47000000000000014,44.01,0.003306055285721182
0.47000000000000014,46.01,0.00553814199908429
0.47000000000000014,48.01,0.007365796615118085
0.47000000000000014,50.01,0.008875532333781036
0.47000000000000014,52.01,0.010131376768656788
0.47000000000000014,54.01,0.011181778692450775
0.47000000000000014,56.01,0.012064080716635322
0.47000000000000014,58.01,0.012807517653317252
0.47000000000000014,60.01,0.013435285391502426
0.47000000000000014,62.01,0.013966003761708595
0.47000000000000014,64.00999999999999,0.014414772839230278
0.47000000000000014,66.00999999999999,0.014793949704874259
0.47000000000000014,68.00999999999999,0.015113728842299428
0.47000000000000014,70.00999999999999,0.015382581987226598
0.47000000000000014,72.00999999999999,0.015607595690740224
0.47000000000000014,74.00999999999999,0.015794733333628484
0.47000000000000014,76.00999999999999,0.01594904058725511
0.47000000000000014,78.00999999999999,0.016074808033404945
0.47000000000000014,80.00999999999999,0.016175700971416313
0.47000000000000014,82.00999999999999,0.016254863843296063
0.47000000000000014,84.00999999999999,0.016315004840446807
0.47000000000000014,86.00999999999999,0.016358464915707218
0.47000000000000014,88.00999999999999,0.016387274413866844
0.47000000000000014,90.00999999999999,0.016403199814789316
0.47000000000000014,92.00999999999999,0.016407782516886467
0.47000000000000014,94.00999999999999,0.01640237118213854
0.47000000000000014,96.00999999999999,0.016388148832098874
0.47000000000000014,98.00999999999999,0.016366155653764584
0.49000000000000016,0.01,-1.4107290749964245
0.49000000000000016,2.01,-0.11080721013821873
0.49000000000000016,4.01,0.0024225493480804355
0.49000000000000016,6.01,0.01108367452649582
0.49000000000000016,8.01,0.006576800922238779
0.49000000000000016,10.01,-0.00023960572772717924
0.49000000000000016,12.01,-0.0073478204484480475
0.49000000000000016,14.01,-0.014448745898671907
0.49000000000000016,16.009999999999998,-0.021707771789322445
0.49000000000000016,18.009999999999998,-0.02951316467692785
0.49000000000000016,20.009999999999998,-0.038538550130327115
0.49000000000000016,22.009999999999998,-0.05013482132192182
0.49000000000000016,24.009999999999998,-0.0680086328898519
0.49000000000000016,26.009999999999998,-0.11509223079895509
0.49000000000000016,28.009999999999998,-0.07723688653891592
0.49000000000000016,30.009999999999998,-0.045165013112603396
0.49000000000000016,32.01,-0.029005005645681425
0.49000000000000016,34.01,-0.018661858172633966
0.49000000000000016,36.01,-0.011375443011243555
0.49000000000000016,38.01,-0.005963076285969794
0.49000000000000016,40.01,-0.0018039305743664938
0.49000000000000016,42.01,0.001468831785459703
0.49000000000000016,44.01,0.004089503456550919
0.49000000000000016,46.01,0.006216195711844102
0.49000000000000016,48.01,0.007960085085214999
0.49000000000000016,50.01,0.009401878598414867
0.49000000000000016,52.01,0.010601678264137953
0.49000000000000016,54.01,0.011605187769590356
0.49000000000000016,56.01,0.012447775288012553
0.49000000000000016,58.01,0.013157221101172022
0.49000000000000016,60.01,0.013755627293678376
0.49000000000000016,62.01,0.014260776304572625
0.49000000000000016,64.00999999999999,0.014687116971502184
0.49000000000000016,66.00999999999999,0.015046492818159953
0.49000000000000016,68.00999999999999,0.015348688292543251
0.49000000000000016,70.00999999999999,0.015601844087040804
0.49000000000000016,72.00999999999999,0.015812776787420508
0.49000000000000016,74.00999999999999,0.015987227604224732
0.49000000000000016,76.00999999999999,0.01613005784751555
0.49000000000000016,78.00999999999999,0.016245403945823036
0.49000000000000016,80.00999999999999,0.01633680140082852
0.49000000000000016,82.00999999999999,0.016407284657076384
0.49000000000000016,84.00999999999999,0.016459468133267322
0.49000000000000016,86.00999999999999,0.016495612395737626
0.49000000000000016,88.00999999999999,0.01651767852387419
0.49000000000000016,90.00999999999999,0.01652737302733769
0.49000000000000016,92.00999999999999,0.01652618514838025
0.49000000000000016,94.00999999999999,0.016515417995607205
0.49000000000000016,96.00999999999999,0.01649621465005456
0.49000000000000016,98.00999999999999,0.016469580146042547
0.5100000000000001,0.01,-1.4479664898893283
0.5100000000000001,2.01,-0.10990256943163385
0.5100000000000001,4.01,0.0009916284318215451
0.5100000000000001,6.01,0.00906013140750582
0.5100000000000001,8.01,0.004318189616645908
0.5100000000000001,10.01,-0.0026420561437489262
0.5100000000000001,12.01,-0.009891252966284247
0.5100000000000001,14.01,-0.017177070455198083
0.5100000000000001,16.009999999999998,-0.024709477357542104
0.5100000000000001,18.009999999999998,-0.03294680381881938
0.5100000000000001,20.009999999999998,-0.042712681302013694
0.5100000000000001,22.009999999999998,-0.05578152306660206
0.5100000000000001,24.009999999999998,-0.07775842790288366
0.5100000000000001,26.009999999999998,-0.2443423387905232
0.5100000000000001,28.009999999999998,-0.06615382413558457
0.5100000000000001,30.009999999999998,-0.04040630834037246
0.5100000000000001,32.01,-0.026083374428563937
0.5100000000000001,34.01,-0.016605149743124405
0.5100000000000001,36.01,-0.009816659183236605
0.5100000000000001,38.01,-0.00472523690409103
0.5100000000000001,40.01,-0.0007886269023421755
0.5100000000000001,42.01,0.002321718669049833
0.5100000000000001,44.01,0.004819250725324158
0.5100000000000001,46.01,0.006849791210406604
0.5100000000000001,48.01,0.008516816423044405
0.5100000000000001,50.01,0.00989597241440564
0.5100000000000001,52.01,0.011043903888253078
0.5100000000000001,54.01,0.012003876190705498
0.5100000000000001,56.01,0.012809491089835154
0.5100000000000001,58.01,0.01348721965645616
0.5100000000000001,60.01,0.014058174298308038
0.5100000000000001,62.01,0.0145393763463625
0.5100000000000001,64.00999999999999,0.014944680382474929
0.5100000000000001,66.00999999999999,0.015285459676702395
0.5100000000000001,68.00999999999999,0.015571122059526021
0.5100000000000001,70.00999999999999,0.015809503326290615
0.5100000000000001,72.00999999999999,0.016007170810346787
0.5100000000000001,74.00999999999999,0.016169660145212376
0.5100000000000001,76.00999999999999,0.01630166171160463
0.5100000000000001,78.00999999999999,0.0164071687586316
0.5100000000000001,80.00999999999999,0.01648959603270841
0.5100000000000001,82.00999999999999,0.016551875492341314
0.5100000000000001,84.00999999999999,0.016596534068432898
0.5100000000000001,86.00999999999999,0.016625757235374263
0.5100000000000001,88.00999999999999,0.016641441294762114
0.5100000000000001,90.00999999999999,0.016645236612194435
0.5100000000000001,92.00999999999999,0.01663858355464425
0.5100000000000001,94.00999999999999,0.016622742505008486
0.5100000000000001,96.00999999999999,0.01659881905160551
0.5100000000000001,98.00999999999999,0.01656778520298751
0.5300000000000001,0.01,-1.4844128137993273
0.5300000000000001,2.01,-0.10938178319101859
0.5300000000000001,4.01,-0.0006174966731702369
0.5300000000000001,6.01,0.00692908888257146
0.5300000000000001,8.01,0.001984577568316468
0.5300000000000001,10.01,-0.005104912192643744
0.5300000000000001,12.01,-0.012492229213589594
0.5300000000000001,14.01,-0.019971106890883526
0.5300000000000001,16.009999999999998,-0.027800154204648042
0.5300000000000001,18.009999999999998,-0.03652098339482098
0.5300000000000001,20.009999999999998,-0.047148798805638846
0.5300000000000001,22.009999999999998,-0.06205522261885199
0.5300000000000001,24.009999999999998,-0.09021809258795169
0.5300000000000001,26.009999999999998,-0.11681872053645877
0.5300000000000001,28.009999999999998,-0.05816235009036103
0.5300000000000001,30.009999999999998,-0.0364227385072402
0.5300000000000001,32.01,-0.0235168341246231
0.5300000000000001,34.01,-0.014754850653689876
0.5300000000000001,36.01,-0.00839435924795315
0.5300000000000001,38.01,-0.0035852379603062996
0.5300000000000001,40.01,0.0001525516359105363
0.5300000000000001,42.01,0.003116148790044741
0.5300000000000001,44.01,0.00550147653157293
0.5300000000000001,46.01,0.00744382748065234
0.5300000000000001,48.01,0.009039984753434739
0.5300000000000001,50.01,0.010361144518094605
0.5300000000000001,52.01,0.011460883051791137
0.5300000000000001,54.01,0.01238028477010725
0.5300000000000001,56.01,0.013151361160148022
0.5300000000000001,58.01,0.013799398044340529
0.5300000000000001,60.01,0.014344607559995816
0.5300000000000001,62.01,0.014803315801690552
0.5300000000000001,64.00999999999999,0.01518883254784141
0.5300000000000001,66.00999999999999,0.015512098562695847
0.5300000000000001,68.00999999999999,0.01578217430423995
0.5300000000000001,70.00999999999999,0.016006613633403
0.5300000000000001,72.00999999999999,0.016191752879297933
0.5300000000000001,74.00999999999999,0.01634293676054958
0.5300000000000001,76.00999999999999,0.016464696625816105
0.5300000000000001,78.00999999999999,0.01656089228831751
0.5300000000000001,80.00999999999999,0.016634825785937276
0.5300000000000001,82.00999999999999,0.016689333288563306
0.5300000000000001,84.00999999999999,0.01672685985168679
0.5300000000000001,86.00999999999999,0.016749520594103832
0.5300000000000001,88.00999999999999,0.016759151061330343
0.5300000000000001,90.00999999999999,0.016757348907995406
0.5300000000000001,92.00999999999999,0.01674550857245483
0.5300000000000001,94.00999999999999,0.016724850256536212
0.5300000000000001,96.00999999999999,0.01669644425711155
0.5300000000000001,98.00999999999999,0.0166612314785244
0.5500000000000002,0.01,-1.5200971470101543
0.5500000000000002,2.01,-0.10921747590169585
0.5500000000000002,4.01,-0.0023916916925027787
0.5500000000000002,6.01,0.004698369927510694
0.5500000000000002,8.01,-0.0004192542982391981
0.5500000000000002,10.01,-0.007625597656962656
0.5500000000000002,12.01,-0.015150194411280894
0.5500000000000002,14.01,-0.022832787998851942
0.5500000000000002,16.009999999999998,-0.03098594818999263
0.5500000000000002,18.009999999999998,-0.040251436747454655
0.5500000000000002,20.009999999999998,-0.051892239163809875
0.5500000000000002,22.009999999999998,-0.06914542901101403
0.5500000000000002,24.009999999999998,-0.10778970161710283
0.5500000000000002,26.009999999999998,-0.0929764796229879
0.5500000000000002,28.009999999999998,-0.05194569818261409
0.5500000000000002,30.009999999999998,-0.03300802072733236
0.5500000000000002,32.01,-0.02123359473955694
0.5500000000000002,34.01,-0.013076294377972315
0.5500000000000002,36.01,-0.007088501603003906
0.5500000000000002,38.01,-0.0025300985765830653
0.5500000000000002,40.01,0.001028694000806045
0.5500000000000002,42.01,0.003858855694660478
0.5500000000000002,44.01,0.006141386315582158
0.5500000000000002,46.01,0.00800246389625676
0.5500000000000002,48.01,0.009533002121225069
0.5500000000000002,50.01,0.010800254175678418
0.5500000000000002,52.01,0.01185505420850839
0.5500000000000002,54.01,0.012736523765258724
0.5500000000000002,56.01,0.013475234466021807
0.5500000000000002,58.01,0.014095393489053476
0.5500000000000002,60.01,0.0146163900522143
0.5500000000000002,62.01,0.01505391230463907
0.5500000000000002,64.00999999999999,0.015420768429606678
0.5500000000000002,66.00999999999999,0.01572749980361943
0.5500000000000002,68.00999999999999,0.01598284526466528
0.5500000000000002,70.00999999999999,0.01619409702559132
0.5500000000000002,72.00999999999999,0.01636737658035817
0.5500000000000002,74.00999999999999,0.016507850758179596
0.5500000000000002,76.00999999999999,0.01661990247103818
0.5500000000000002,78.00999999999999,0.01670726679278488
0.5500000000000002,80.00999999999999,0.016773140249125875
0.5500000000000002,82.00999999999999,0.016820269221196518
0.5500000000000002,84.00999999999999,0.01685102192631354
0.5500000000000002,86.00999999999999,0.016867447384986644
0.5500000000000002,88.00999999999999,0.01687132400560469
0.5500000000000002,90.00999999999999,0.016864199826366284
0.5500000000000002,92.00999999999999,0.016847426017009056
0.5500000000000002,94.00999999999999,0.016822184893643795
0.5500000000000002,96.00999999999999,0.01678951345599282
0.5500000000000002,98.00999999999999,0.016750323240768906
0.5700000000000002,0.01,-1.5550464758092355
0.5700000000000002,2.01,-0.10938535524065665
0.5700000000000002,4.01,-0.004319389389663836
0.5700000000000002,6.01,0.0023747583737787903
0.5700000000000002,8.01,-0.0028892944050781227
0.5700000000000002,10.01,-0.010202157570474178
0.5700000000000002,12.01,-0.017865167368598313
0.5700000000000002,14.01,-0.02576472907765099
0.5700000000000002,16.009999999999998,-0.03427419966562263
0.5700000000000002,18.009999999999998,-0.04415707279294523
0.5700000000000002,20.009999999999998,-0.05700125609838106
0.5700000000000002,22.009999999999998,-0.07734198001579312
0.5700000000000002,24.009999999999998,-0.13892272473427725
0.5700000000000002,26.009999999999998,-0.07931602387895195
0.5700000000000002,28.009999999999998,-0.04688017875435416
0.5700000000000002,30.009999999999998,-0.03002799797438613
0.5700000000000002,32.01,-0.01918137608061624
0.5700000000000002,34.01,-0.01154272361623819
0.5700000000000002,36.01,-0.005883063368489527
0.5700000000000002,38.01,-0.0015491957245997298
0.5700000000000002,40.01,0.0018473614875032874
0.5700000000000002,42.01,0.0045555091122565705
0.5700000000000002,44.01,0.0067434032455555935
0.5700000000000002,46.01,0.008529259738866904
0.5700000000000002,48.01,0.009998804513371588
0.5700000000000002,50.01,0.01121577260660629
0.5700000000000002,52.01,0.012228532390411518
0.5700000000000002,54.01,0.013074428849638971
0.5700000000000002,56.01,0.013782723211296359
0.5700000000000002,58.01,0.014376636363283936
0.5700000000000002,60.01,0.01487480198919901
0.5700000000000002,62.01,0.01529232044469789
0.5700000000000002,64.00999999999999,0.01564153630700753
0.5700000000000002,66.00999999999999,0.01593262079305445
0.5700000000000002,68.00999999999999,0.01617401392574972
0.5700000000000002,70.00999999999999,0.01637276428886651
0.5700000000000002,72.00999999999999,0.016534792942905233
0.5700000000000002,74.00999999999999,0.01666510045871715
0.5700000000000002,76.00999999999999,0.016767930794152126
0.5700000000000002,78.00999999999999,0.016846902081755245
0.5700000000000002,80.00999999999999,0.01690511180049303
0.5700000000000002,82.00999999999999,0.0169452219421803
0.5700000000000002,84.00999999999999,0.01696952842725976
0.5700000000000002,86.00999999999999,0.016980018020428703
0.5700000000000002,88.00999999999999,0.016978415263999732
0.5700000000000002,90.00999999999999,0.01696622138087806
0.5700000000000002,92.00999999999999,0.016944746680524887
0.5700000000000002,94.00999999999999,0.016915137676971514
0.5700000000000002,96.00999999999999,0.016878399882768853
0.5700000000000002,98.00999999999999,0.016835417043724057
0.5900000000000002,0.01,-1.5892858958033775
0.5900000000000002,2.01,-0.10986378582142423
0.5900000000000002,4.01,-0.0063903731720727774
0.5900000000000002,6.01,-0.00003585793389189462
0.5900000000000002,8.01,-0.005422196792554382
0.5900000000000002,10.01,-0.01283318239331347
0.5900000000000002,12.01,-0.020637692213100776
0.5900000000000002,14.01,-0.028770225339948476
0.5900000000000002,16.009999999999998,-0.037673573964661235
0.5900000000000002,18.009999999999998,-0.04826071422227169
0.5900000000000002,20.009999999999998,-0.06255225546749718
0.5900000000000002,22.009999999999998,-0.0871212683444891
0.5900000000000002,24.009999999999998,-0.19576808624827238
0.5900000000000002,26.009999999999998,-0.06978148459870474
0.5900000000000002,28.009999999999998,-0.04262090116923263
0.5900000000000002,30.009999999999998,-0.027390564393942392
0.5900000000000002,32.01,-0.017320947836648632
0.5900000000000002,34.01,-0.010133066429011548
0.5900000000000002,36.01,-0.004765040690563197
0.5900000000000002,38.01,-0.0006337308223910655
0.5900000000000002,40.01,0.0026149082570145026
0.5900000000000002,42.01,0.005210925037068325
0.5900000000000002,44.01,0.007311315268249104
0.5900000000000002,46.01,0.009027282535583924
0.5900000000000002,48.01,0.010439934989454776
0.5900000000000002,50.01,0.011609848904164242
0.5900000000000002,52.01,0.012583162908055624
0.5900000000000002,54.01,0.013395605844235764
0.5900000000000002,56.01,0.014075240799689867
0.5900000000000002,58.01,0.014644382918526782
0.5900000000000002,60.01,0.015120969423865038
0.5900000000000002,62.01,0.015519557045699888
0.5900000000000002,64.00999999999999,0.015852060343324877
0.5900000000000002,66.00999999999999,0.016128306309179528
0.5900000000000002,68.00999999999999,0.01635645645073871
0.5900000000000002,70.00999999999999,0.016543331808909566
0.5900000000000002,72.00999999999999,0.01669466590022474
0.5900000000000002,74.00999999999999,0.01681530347016504
0.5900000000000002,76.00999999999999,0.016909358047212535
0.5900000000000002,78.00999999999999,0.016980337846580002
0.5900000000000002,80.00999999999999,0.01703124713383628
0.5900000000000002,82.00999999999999,0.017064668391474212
0.5900000000000002,84.00999999999999,0.017082829352440206
0.5900000000000002,86.00999999999999,0.01708765800816586
0.5900000000000002,88.00999999999999,0.017080828003691276
0.5900000000000002,90.00999999999999,0.017063796289518984
0.5900000000000002,92.00999999999999,0.017037834506890736
0.5900000000000002,94.00999999999999,0.01700405526424664
0.5900000000000002,96.00999999999999,0.016963434234204856
0.5900000000000002,98.00999999999999,0.016916828812190404
0.6100000000000002,0.01,-1.6228388051304532
0.6100000000000002,2.01,-0.11063343454986796
0.6100000000000002,4.01,-0.008595597267364447
0.6100000000000002,6.01,-0.0025283685311391496
0.6100000000000002,8.01,-0.008015195895167932
0.6100000000000002,10.01,-0.015517747282578924
0.6100000000000002,12.01,-0.023468804064163355
0.6100000000000002,14.01,-0.031853267552129395
0.6100000000000002,16.009999999999998,-0.04119424059812032
0.6100000000000002,18.009999999999998,-0.052590108419233304
0.6100000000000002,20.009999999999998,-0.06864806040219096
0.6100000000000002,22.009999999999998,-0.09935159243738968
0.6100000000000002,24.009999999999998,-0.12531388613230302
0.6100000000000002,26.009999999999998,-0.06249390106733148
0.6100000000000002,28.009999999999998,-0.038957105571340245
0.6100000000000002,30.009999999999998,-0.025029785586468428
0.6100000000000002,32.01,-0.01562213641696168
0.6100000000000002,34.01,-0.008830441275288595
0.6100000000000002,36.01,-0.003723740898473703
0.6100000000000002,38.01,0.00022366142949406412
0.6100000000000002,40.01,0.0033367223637878088
0.6100000000000002,42.01,0.005829226675387128
0.6100000000000002,44.01,0.007848389384075834
0.6100000000000002,46.01,0.009499193190364923
0.6100000000000002,48.01,0.010858609581816977
0.6100000000000002,50.01,0.01198436266080263
0.6100000000000002,52.01,0.012920564463012946
0.6100000000000002,54.01,0.013701466796038127
0.6100000000000002,56.01,0.014354032568965117
0.6100000000000002,58.01,0.014899741864017239
0.6100000000000002,60.01,0.015355887532702077
0.6100000000000002,62.01,0.015736521788084417
0.6100000000000002,64.00999999999999,0.016053159025693896
0.6100000000000002,66.00999999999999,0.01631530514112127
0.6100000000000002,68.00999999999999,0.016530861283064364
0.6100000000000002,70.00999999999999,0.01670643537555732
0.6100000000000002,72.00999999999999,0.016847584978028664
0.6100000000000002,74.00999999999999,0.016959008410486448
0.6100000000000002,76.00999999999999,0.017044696467005273
0.6100000000000002,78.00999999999999,0.01710805379783834
0.6100000000000002,80.00999999999999,0.017151996738707605
0.6100000000000002,82.00999999999999,0.01717903269064261
0.6100000000000002,84.00999999999999,0.01719132493178793
0.6100000000000002,86.00999999999999,0.017190745848319745
0.6100000000000002,88.00999999999999,0.01717892089075214
0.6100000000000002,90.00999999999999,0.017157265057419425
0.6100000000000002,92.00999999999999,0.017127013319874644
0.6100000000000002,94.00999999999999,0.01708924611265681
0.6100000000000002,96.00999999999999,0.017044910776740488
0.6100000000000002,98.00999999999999,0.016994839672554694
0.6300000000000002,0.01,-1.6557270718760693
0.6300000000000002,2.01,-0.11167697368143556
0.6300000000000002,4.01,-0.0109270363634461
0.6300000000000002,6.01,-0.005098341518526672
0.6300000000000002,8.01,-0.010666036272619143
0.6300000000000002,10.01,-0.018255363704405208
0.6300000000000002,12.01,-0.02636000668132124
0.6300000000000002,14.01,-0.035018575800785906
0.6300000000000002,16.009999999999998,-0.04484811162164646
0.6300000000000002,18.009999999999998,-0.057179328022815876
0.6300000000000002,20.009999999999998,-0.07543156809660934
0.6300000000000002,22.009999999999998,-0.11589396100885352
0.6300000000000002,24.009999999999998,-0.10264993961906221
0.6300000000000002,26.009999999999998,-0.056620288695790555
0.6300000000000002,28.009999999999998,-0.03575061740154095
0.6300000000000002,30.009999999999998,-0.022896865464274437
0.6300000000000002,32.01,-0.014061248715071742
0.6300000000000002,34.01,-0.00762112210139338
0.6300000000000002,36.01,-0.0027502700210043436
0.6300000000000002,38.01,0.0010292051163001137
0.6300000000000002,40.01,0.0040174097792399464
0.6300000000000002,42.01,0.006413969397582221
0.6300000000000002,44.01,0.008357461511505425
0.6300000000000002,46.01,0.009947313604949713
0.6300000000000002,48.01,0.011256770059869343
0.6300000000000002,50.01,0.012340966374207575
0.6300000000000002,52.01,0.013242164069275452
0.6300000000000002,54.01,0.013993259323691705
0.6300000000000002,56.01,0.014620200876210769
0.6300000000000002,58.01,0.015143696122256455
0.6300000000000002,60.01,0.015580439716218267
0.6300000000000002,62.01,0.015944014160433555
0.6300000000000002,64.00999999999999,0.01624556034851823
0.6300000000000002,66.00999999999999,0.01649428379805378
0.6300000000000002,68.00999999999999,0.016697841610978592
0.6300000000000002,70.00999999999999,0.016862641585715637
0.6300000000000002,72.00999999999999,0.0169940757847289
0.6300000000000002,74.00999999999999,0.01709670460491333
0.6300000000000002,76.00999999999999,0.01717440307869617
0.6300000000000002,78.00999999999999,0.0172304780576162
0.6300000000000002,80.00999999999999,0.017267762752460347
0.6300000000000002,82.00999999999999,0.01728869351154834
0.6300000000000002,84.00999999999999,0.01729537256259883
0.6300000000000002,86.00999999999999,0.017289619577831906
0.6300000000000002,88.00999999999999,0.017273014283284698
0.6300000000000002,90.00999999999999,0.01724693184579275
0.6300000000000002,92.00999999999999,0.0172125723984359
0.6300000000000002,94.00999999999999,0.017170985789051654
0.6300000000000002,96.00999999999999,0.017123092408272325
0.6300000000000002,98.00999999999999,0.017069700790505703
0.6500000000000002,0.01,-1.6879711803633022
0.6500000000000002,2.01,-0.11297883072063555
0.6500000000000002,4.01,-0.013377559168030947
0.6500000000000002,6.01,-0.007741940827010435
0.6500000000000002,8.01,-0.013372914535632812
0.6500000000000002,10.01,-0.021045941274886418
0.6500000000000002,12.01,-0.029313260711544248
0.6500000000000002,14.01,-0.038271652207684664
0.6500000000000002,16.009999999999998,-0.0486491544438133
0.6500000000000002,18.009999999999998,-0.062070744778744164
0.6500000000000002,20.009999999999998,-0.0831096415568531
0.6500000000000002,22.009999999999998,-0.1421324795076177
0.6500000000000002,24.009999999999998,-0.08888602906653749
0.6500000000000002,26.009999999999998,-0.0517177688453815
0.6500000000000002,28.009999999999998,-0.03290598148520387
0.6500000000000002,30.009999999999998,-0.020954698328700495
0.6500000000000002,32.01,-0.012619349699077057
0.6500000000000002,34.01,-0.006493803586543413
0.6500000000000002,36.01,-0.0018371544263087525
0.6500000000000002,38.01,0.0017882047037721224
0.6500000000000002,40.01,0.004660936822811794
0.6500000000000002,42.01,0.0069682389145923574
0.6500000000000002,44.01,0.008841007918728497
0.6500000000000002,46.01,0.010373680923552378
0.6500000000000002,48.01,0.011636126565369465
0.6500000000000002,50.01,0.01268111991306401
0.6500000000000002,52.01,0.013549225569583278
0.6500000000000002,54.01,0.014272090674493034
0.6500000000000002,56.01,0.014874725726402959
0.6500000000000002,58.01,0.015377120765946944
0.6500000000000002,60.01,0.0157954133834239
0.6500000000000002,62.01,0.016142747491194313
0.6500000000000002,64.00999999999999,0.016429914397856696
0.6500000000000002,66.00999999999999,0.01666583788468384
0.6500000000000002,68.00999999999999,0.016857945719353708
0.6500000000000002,70.00999999999999,0.017012457323685504
0.6500000000000002,72.00999999999999,0.017134608738800936
0.6500000000000002,74.00999999999999,0.017228830158203607
0.6500000000000002,76.00999999999999,0.01729888719447347
0.6500000000000002,78.00999999999999,0.017347994152714662
0.6500000000000002,80.00999999999999,0.017378905500829957
0.6500000000000002,82.00999999999999,0.017393990217053304
0.6500000000000002,84.00999999999999,0.017395292590766206
0.6500000000000002,86.00999999999999,0.017384582227631066
0.6500000000000002,88.00999999999999,0.01736339539309872
0.6500000000000002,90.00999999999999,0.01733306936864895
0.6500000000000002,92.00999999999999,0.017294771130149454
0.6500000000000002,94.00999999999999,0.017249521397161
0.6500000000000002,96.00999999999999,0.01719821488121397
0.6500000000000002,98.00999999999999,0.017141637401757427
0.6700000000000003,0.01,-1.7195903594734683
0.6700000000000003,2.01,-0.11452497661481996
0.6700000000000003,4.01,-0.01594082152566792
0.6700000000000003,6.01,-0.010455856648414787
0.6700000000000003,8.01,-0.01613443130738812
0.6700000000000003,10.01,-0.023889758209690904
0.6700000000000003,12.01,-0.03233098164303877
0.6700000000000003,14.01,-0.041618854382200296
0.6700000000000003,16.009999999999998,-0.052613801019518194
0.6700000000000003,18.009999999999998,-0.06731787328475121
0.6700000000000003,20.009999999999998,-0.09199807686448178
0.6700000000000003,22.009999999999998,-0.2182203283729756
0.6700000000000003,24.009999999999998,-0.07904102170564216
0.6700000000000003,26.009999999999998,-0.047522707076308984
0.6700000000000003,28.009999999999998,-0.030354524949735295
0.6700000000000003,30.009999999999998,-0.019174424346096067
0.6700000000000003,32.01,-0.011281075558451975
0.6700000000000003,34.01,-0.005439067911127054
0.6700000000000003,36.01,-0.0009780566178853541
0.6700000000000003,38.01,0.0025052155870661577
0.6700000000000003,40.01,0.0052707417661838115
0.6700000000000003,42.01,0.0074947292599885605
0.6700000000000003,44.01,0.009301202565236755
0.6700000000000003,46.01,0.01078009144073983
0.6700000000000003,48.01,0.011998192353219117
0.6700000000000003,50.01,0.013006118751971786
0.6700000000000003,52.01,0.013842873098543446
0.6700000000000003,54.01,0.014538947588134123
0.6700000000000003,56.01,0.015118481855509059
0.6700000000000003,58.01,0.015600797907280462
0.6700000000000003,60.01,0.016001513078232502
0.6700000000000003,62.01,0.016333360636971106
0.6700000000000003,64.00999999999999,0.0166068038508675
0.6700000000000003,66.00999999999999,0.01683050160204028
0.6700000000000003,68.00999999999999,0.017011665647678764
0.6700000000000003,70.00999999999999,0.01715633769252661
0.6700000000000003,72.00999999999999,0.017269606375164243
0.6700000000000003,74.00999999999999,0.01735577871688863
0.6700000000000003,76.00999999999999,0.017418516697672252
0.6700000000000003,78.00999999999999,0.017460946876235752
0.6700000000000003,80.00999999999999,0.017485748987915224
0.6700000000000003,82.00999999999999,0.017495228014359498
0.6700000000000003,84.00999999999999,0.017491373162452983
0.6700000000000003,86.00999999999999,0.017475906401994805
0.6700000000000003,88.00999999999999,0.01745032261946168
0.6700000000000003,90.00999999999999,0.017415923001533416
0.6700000000000003,92.00999999999999,0.017373842914514135
0.6700000000000003,94.00999999999999,0.017325075294135607
0.6700000000000003,96.00999999999999,0.01727049034533445
0.6700000000000003,98.00999999999999,0.01721085219924205
0.6900000000000003,0.01,-1.7506026953929081
0.6900000000000003,2.01,-0.11630274546396265
0.6900000000000003,4.01,-0.01861117563469114
0.6900000000000003,6.01,-0.013237246721156816
0.6900000000000003,8.01,-0.018949551518091863
0.6900000000000003,10.01,-0.026787439143155005
0.6900000000000003,12.01,-0.03541604698328316
0.6900000000000003,14.01,-0.0450674924933662
0.6900000000000003,16.009999999999998,-0.05676148495758539
0.6900000000000003,18.009999999999998,-0.07298958033697192
0.6900000000000003,20.009999999999998,-0.10261483596821827
0.6900000000000003,22.009999999999998,-0.15810575700173166
0.6900000000000003,24.009999999999998,-0.07141004528570541
0.6900000000000003,26.009999999999998,-0.043865480406406594
0.6900000000000003,28.009999999999998,-0.02804521637515643
0.6900000000000003,30.009999999999998,-0.017533165138895145
0.6900000000000003,32.01,-0.010033794422772076
0.6900000000000003,34.01,-0.004448990246684263
0.6900000000000003,36.01,-0.00016755844716866855
0.6900000000000003,38.01,0.0031841770528517103
0.6900000000000003,40.01,0.005849823262859972
0.6900000000000003,42.01,0.007995805348068761
0.6900000000000003,44.01,0.009739963547421215
0.6900000000000003,46.01,0.011168136438636667
0.6900000000000003,48.01,0.012344312320247006
0.6900000000000003,50.01,0.013317117271958424
0.6900000000000003,52.01,0.014124110522941056
0.6900000000000003,54.01,0.014794712808241042
0.6900000000000003,56.01,0.015352252969124751
0.6900000000000003,58.01,0.015815429135752367
0.6900000000000003,60.01,0.016199371466288637
0.6900000000000003,62.01,0.016516427780916897
0.6900000000000003,64.00999999999999,0.016776752786575793
0.6900000000000003,66.00999999999999,0.016988755730989704
0.6900000000000003,68.00999999999999,0.01715944446644717
0.6900000000000003,70.00999999999999,0.0172946926886628
0.6900000000000003,72.00999999999999,0.01739944949659073
0.6900000000000003,74.00999999999999,0.017477905164811378
0.6900000000000003,76.00999999999999,0.017533623338147005
0.6900000000000003,78.00999999999999,0.017569647228849475
0.6900000000000003,80.00999999999999,0.01758858552081448
0.6900000000000003,82.00999999999999,0.01759268229889163
0.6900000000000003,84.00999999999999,0.01758387431481469
0.6900000000000003,86.00999999999999,0.01756383814122106
0.6900000000000003,88.00999999999999,0.01753402920422167
0.6900000000000003,90.00999999999999,0.017495714247210283
0.6900000000000003,92.00999999999999,0.017449998456819292
0.6900000000000003,94.00999999999999,0.017397848226167335
0.6900000000000003,96.00999999999999,0.017340110338353837
0.6900000000000003,98.00999999999999,0.01727752818644133
0.7100000000000003,0.01,-1.7810252313818045
0.7100000000000003,2.01,-0.1183006803252456
0.7100000000000003,4.01,-0.02138359260001515
0.7100000000000003,6.01,-0.016083686630506577
0.7100000000000003,8.01,-0.0218175716865944
0.7100000000000003,10.01,-0.029739939380080526
0.7100000000000003,12.01,-0.03857181254805541
0.7100000000000003,14.01,-0.0486259541604408
0.7100000000000003,16.009999999999998,-0.06111535225488324
0.7100000000000003,18.009999999999998,-0.07917652295977115
0.7100000000000003,20.009999999999998,-0.11590123928023041
0.7100000000000003,22.009999999999998,-0.12538735215688124
0.7100000000000003,24.009999999999998,-0.06520240101447732
0.7100000000000003,26.009999999999998,-0.040630550529889
0.7100000000000003,28.009999999999998,-0.02593911616927242
0.7100000000000003,30.009999999999998,-0.016012485617387055
0.7100000000000003,32.01,-0.008866999371299285
0.7100000000000003,34.01,-0.0035168418590550772
0.7100000000000003,36.01,0.000599006544316181
0.7100000000000003,38.01,0.003828517152929702
0.7100000000000003,40.01,0.006400811131150681
0.7100000000000003,42.01,0.008473553617342498
0.7100000000000003,44.01,0.010158991031260105
0.7100000000000003,46.01,0.011539231661227608
0.7100000000000003,48.01,0.01267568660048897
0.7100000000000003,50.01,0.013615148119440914
0.7100000000000003,52.01,0.014393837653040338
0.7100000000000003,54.01,0.015040178894461253
0.7100000000000003,56.01,0.015576743682202299
0.7100000000000003,58.01,0.016021645969962837
0.7100000000000003,60.01,0.01638955858164376
0.7100000000000003,62.01,0.01669246669099472
0.7100000000000003,64.00999999999999,0.01694023412209653
0.7100000000000003,66.00999999999999,0.017141034373564044
0.7100000000000003,68.00999999999999,0.017301682431037777
0.7100000000000003,70.00999999999999,0.017427892848734052
0.7100000000000003,72.00999999999999,0.017524482380899802
0.7100000000000003,74.00999999999999,0.01759553044699416
0.7100000000000003,76.00999999999999,0.0176445072188064
0.7100000000000003,78.00999999999999,0.01767437660693686
0.7100000000000003,80.00999999999999,0.017687679631728584
0.7100000000000003,82.00999999999999,0.017686602338600775
0.7100000000000003,84.00999999999999,0.01767303144628406
0.7100000000000003,86.00999999999999,0.017648600198621304
0.7100000000000003,88.00999999999999,0.01761472633316497
0.7100000000000003,90.00999999999999,0.017572643678633128
0.7100000000000003,92.00999999999999,0.01752342856365899
0.7100000000000003,94.00999999999999,0.017468021991526472
0.7100000000000003,96.00999999999999,0.017407248325846964
0.7100000000000003,98.00999999999999,0.017341831102856135
0.7300000000000003,0.01,-1.8108740561619325
0.7300000000000003,2.01,-0.12050840075213798
0.7300000000000003,4.01,-0.024253596103022877
0.7300000000000003,6.01,-0.018993127645793917
0.7300000000000003,8.01,-0.02473809312044497
0.7300000000000003,10.01,-0.032748534887233005
0.7300000000000003,12.01,-0.04180213810015406
0.7300000000000003,14.01,-0.052303863027495456
0.7300000000000003,16.009999999999998,-0.06570321292897198
0.7300000000000003,18.009999999999998,-0.08600139330221546
0.7300000000000003,20.009999999999998,-0.13386525027557136
0.7300000000000003,22.009999999999998,-0.10768185836899975
0.7300000000000003,24.009999999999998,-0.05998624511304789
0.7300000000000003,26.009999999999998,-0.037735704197141555
0.7300000000000003,28.009999999999998,-0.024005848444168858
0.7300000000000003,30.009999999999998,-0.014597319545103273
0.7300000000000003,32.01,-0.007771860706886113
0.7300000000000003,34.01,-0.0026368632509965995
0.7300000000000003,36.01,0.0013256844086273296
0.7300000000000003,38.01,0.00444123630281869
0.7300000000000003,40.01,0.006926023540212735
0.7300000000000003,42.01,0.008929823370906347
0.7300000000000003,44.01,0.010559798469811829
0.7300000000000003,46.01,0.011894641727835012
0.7300000000000003,48.01,0.012993390211207998
0.7300000000000003,50.01,0.013901138393018792
0.7300000000000003,52.01,0.014652863844694207
0.7300000000000003,54.01,0.01527605984273463
0.7300000000000003,56.01,0.01579258958847583
0.7300000000000003,58.01,0.016220018688166315
0.7300000000000003,60.01,0.01657258965343288
0.7300000000000003,62.01,0.016861945718389462
0.7300000000000003,64.00999999999999,0.017097675919778642
0.7300000000000003,66.00999999999999,0.017287730679576997
0.7300000000000003,68.00999999999999,0.017438742210025362
0.7300000000000003,70.00999999999999,0.017556274049682945
0.7300000000000003,72.00999999999999,0.017645017211594075
0.7300000000000003,74.00999999999999,0.017708945675363203
0.7300000000000003,76.00999999999999,0.017751440615604408
0.7300000000000003,78.00999999999999,0.017775390369365707
0.7300000000000003,80.00999999999999,0.01778327142059758
0.7300000000000003,82.00999999999999,0.017777214412946437
0.7300000000000003,84.00999999999999,0.017759058274564907
0.7300000000000003,86.00999999999999,0.017730394832338996
0.7300000000000003,88.00999999999999,0.017692605778891195
0.7300000000000003,90.00999999999999,0.017646893443361913
0.7300000000000003,92.00999999999999,0.017594306525613317
0.7300000000000003,94.00999999999999,0.017535761704925195
0.7300000000000003,96.00999999999999,0.017472061860875625
0.7300000000000003,98.00999999999999,0.017403911489747664
0.7500000000000003,0.01,-1.8401643827082355
0.7500000000000003,2.01,-0.12291648853384583
0.7500000000000003,4.01,-0.027217205388294415
0.7500000000000003,6.01,-0.021963860902205236
0.7500000000000003,8.01,-0.02771100018275682
0.7500000000000003,10.01,-0.03581481753334104
0.7500000000000003,12.01,-0.0451114229341857
0.7500000000000003,14.01,-0.056112279078474915
0.7500000000000003,16.009999999999998,-0.07055883449579056
0.7500000000000003,18.009999999999998,-0.09363603242428101
0.7500000000000003,20.009999999999998,-0.1622588009239036
0.7500000000000003,22.009999999999998,-0.09556099405357833
0.7500000000000003,24.009999999999998,-0.05549982120913894
0.7500000000000003,26.009999999999998,-0.035120381829373944
0.7500000000000003,28.009999999999998,-0.022221270914144362
0.7500000000000003,30.009999999999998,-0.013275200720644028
0.7500000000000003,32.01,-0.0067408899057566675
0.7500000000000003,34.01,-0.0018040884424393425
0.7500000000000003,36.01,0.00201600475688091
0.7500000000000003,38.01,0.005024974568459067
0.7500000000000003,40.01,0.007427513607201604
0.7500000000000003,42.01,0.009366260784117664
0.7500000000000003,44.01,0.010943738476161159
0.7500000000000003,46.01,0.012235500488371133
0.7500000000000003,48.01,0.013298389511792056
0.7500000000000003,50.01,0.01417592325718779
0.7500000000000003,52.01,0.014901919475244765
0.7500000000000003,54.01,0.01550300091620909
0.7500000000000003,56.01,0.016000365796723176
0.7500000000000003,58.01,0.016411063828251048
0.7500000000000003,60.01,0.01674893176176294
0.7500000000000003,62.01,0.017025289757626082
0.7500000000000003,64.00999999999999,0.017249466765638693
0.7500000000000003,66.00999999999999,0.017429201730963694
0.7500000000000003,68.00999999999999,0.017570953350158246
0.7500000000000003,70.00999999999999,0.01768014161151769
0.7500000000000003,72.00999999999999,0.017761337864634776
0.7500000000000003,74.00999999999999,0.01781841563953448
0.7500000000000003,76.00999999999999,0.01785467124506843
0.7500000000000003,78.00999999999999,0.017872920889815985
0.7500000000000003,80.00999999999999,0.01787557941292143
0.7500000000000003,82.00999999999999,0.01786472450092202
0.7500000000000003,84.00999999999999,0.017842149367180007
0.7500000000000003,86.00999999999999,0.017809406197901397
0.7500000000000003,88.00999999999999,0.017767842164243416
0.7500000000000003,90.00999999999999,0.017718629413283227
0.7500000000000003,92.00999999999999,0.017662790156457484
0.7500000000000003,94.00999999999999,0.017601217744182496
0.7500000000000003,96.00999999999999,0.017534694438162846
0.7500000000000003,98.00999999999999,0.017463906459737458
0.7700000000000004,0.01,-1.8689106185565552
0.7700000000000004,2.01,-0.12551638876053758
0.7700000000000004,4.01,-0.030270886105898162
0.7700000000000004,6.01,-0.02499448696037075
0.7700000000000004,8.01,-0.03073644295224911
0.7700000000000004,10.01,-0.03894069525908417
0.7700000000000004,12.01,-0.04850465239183091
0.7700000000000004,14.01,-0.06006395171256682
0.7700000000000004,16.009999999999998,-0.07572373237065431
0.7700000000000004,18.009999999999998,-0.10233180439177358
0.7700000000000004,20.009999999999998,-0.24169582062215506
0.7700000000000004,22.009999999999998,-0.08638137467975959
0.7700000000000004,24.009999999999998,-0.051572492084764936
0.7700000000000004,26.009999999999998,-0.03273870307022185
0.7700000000000004,28.009999999999998,-0.020565885838031334
0.7700000000000004,30.009999999999998,-0.012035701157568237
0.7700000000000004,32.01,-0.005767683448005517
0.7700000000000004,34.01,-0.00101420717685874
0.7700000000000004,36.01,0.00267306393898725
0.7700000000000004,38.01,0.005582066305523159
0.7700000000000004,40.01,0.007907107665469374
0.7700000000000004,42.01,0.009784337079527416
0.7700000000000004,44.01,0.011312024408239904
0.7700000000000004,46.01,0.012562828098694198
0.7700000000000004,48.01,0.013591556072482087
0.7700000000000004,50.01,0.01444025745550859
0.7700000000000004,52.01,0.015141665677839332
0.7700000000000004,54.01,0.015721587003650634
0.7700000000000004,56.01,0.01620059420405478
0.7700000000000004,58.01,0.016595250588626653
0.7700000000000004,60.01,0.01691900952666885
0.7700000000000004,62.01,0.01718288534599792
0.7700000000000004,64.00999999999999,0.017395960375001712
0.7700000000000004,66.00999999999999,0.017565772730048126
0.7700000000000004,68.00999999999999,0.017698616105809535
0.7700000000000004,70.00999999999999,0.01779977381788463
0.7700000000000004,72.00999999999999,0.01787370315971138
0.7700000000000004,74.00999999999999,0.017924181823037504
0.7700000000000004,76.00999999999999,0.017954425072953115
0.7700000000000004,78.00999999999999,0.017967180179732
0.7700000000000004,80.00999999999999,0.017964803019601985
0.7700000000000004,82.00999999999999,0.017949320590124693
0.7700000000000004,84.00999999999999,0.01792248231960037
0.7700000000000004,86.00999999999999,0.01788580240316695
0.7700000000000004,88.00999999999999,0.017840594909942987
0.7700000000000004,90.00999999999999,0.01778800303035759
0.7700000000000004,92.00999999999999,0.0177290235502458
0.7700000000000004,94.00999999999999,0.017664527417219404
0.7700000000000004,96.00999999999999,0.017595277087769645
0.7700000000000004,98.00999999999999,0.01752194121777046
0.7900000000000004,0.01,-1.8971264287025695
0.7900000000000004,2.01,-0.12830032384855772
0.7900000000000004,4.01,-0.033411507810472474
0.7900000000000004,6.01,-0.02808388995674123
0.7900000000000004,8.01,-0.033814823742107855
0.7900000000000004,10.01,-0.042128397011393565
0.7900000000000004,12.01,-0.05198745673299569
0.7900000000000004,14.01,-0.0641736407055208
0.7900000000000004,16.009999999999998,-0.08124970208965007
0.7900000000000004,18.009999999999998,-0.11247786477109435
0.7900000000000004,20.009999999999998,-0.18195922742867163
0.7900000000000004,22.009999999999998,-0.07901961998259724
0.7900000000000004,24.009999999999998,-0.04808686039525015
0.7900000000000004,26.009999999999998,-0.030555089726516597
0.7900000000000004,28.009999999999998,-0.019023726228739022
0.7900000000000004,30.009999999999998,-0.010870012863017078
0.7900000000000004,32.01,-0.00484672480977836
0.7900000000000004,34.01,-0.0002634556565911398
0.7900000000000004,36.01,0.003299592220552764
0.7900000000000004,38.01,0.006114584891663485
0.7900000000000004,40.01,0.008366436921783895
0.7900000000000004,42.01,0.010185372024605508
0.7900000000000004,44.01,0.01166574848572733
0.7900000000000004,46.01,0.01287754542718657
0.7900000000000004,48.01,0.013873678424319325
0.7900000000000004,50.01,0.014694825098040489
0.7900000000000004,52.01,0.015372702639742818
0.7900000000000004,54.01,0.015932349761731652
0.7900000000000004,56.01,0.016393749722068543
0.7900000000000004,58.01,0.016773006316825927
0.7900000000000004,60.01,0.017083209992684006
0.7900000000000004,62.01,0.017335085046593642
0.7900000000000004,64.00999999999999,0.017537479554622742
0.7900000000000004,66.00999999999999,0.01769774060399553
0.7900000000000004,68.00999999999999,0.017822004737825727
0.7900000000000004,70.00999999999999,0.017915424950235924
0.7900000000000004,72.00999999999999,0.017982349664708446
0.7900000000000004,74.00999999999999,0.018026465005407725
0.7900000000000004,76.00999999999999,0.018050908736707647
0.7900000000000004,78.00999999999999,0.018058362152809992
0.7900000000000004,80.00999999999999,0.018051124659209297
0.7900000000000004,82.00999999999999,0.01803117467346094
0.7900000000000004,84.00999999999999,0.018000219635340264
0.7900000000000004,86.00999999999999,0.01795973728627713
0.7900000000000004,88.00999999999999,0.017911009916215758
0.7900000000000004,90.00999999999999,0.017855152901569433
0.7900000000000004,92.00999999999999,0.01779313859617298
0.7900000000000004,94.00999999999999,0.017725816410482393
0.7900000000000004,96.00999999999999,0.017653929752485007
0.7900000000000004,98.00999999999999,0.01757813037859494
0.8100000000000004,0.01,-1.9248247922276835
0.8100000000000004,2.01,-0.13126121858781392
0.8100000000000004,4.01,-0.03663630713212569
0.8100000000000004,6.01,-0.03123121570122695
0.8100000000000004,8.01,-0.036946787060150546
0.8100000000000004,10.01,-0.045380482417878315
0.8100000000000004,12.01,-0.055566184316955015
0.8100000000000004,14.01,-0.06845852599242333
0.8100000000000004,16.009999999999998,-0.08720249270618338
0.8100000000000004,18.009999999999998,-0.12472516138508076
0.8100000000000004,20.009999999999998,-0.14504325313917318
0.8100000000000004,22.009999999999998,-0.0728925717748736
0.8100000000000004,24.009999999999998,-0.044958726100521484
0.8100000000000004,26.009999999999998,-0.02854140580922168
0.8100000000000004,28.009999999999998,-0.017581556476128538
0.8100000000000004,30.009999999999998,-0.009770631359754986
0.8100000000000004,32.01,-0.0039732294837383185
0.8100000000000004,34.01,0.0004514709842506585
0.8100000000000004,36.01,0.003898008504332531
0.8100000000000004,38.01,0.0066243796245314705
0.8100000000000004,40.01,0.00880696382164401
0.8100000000000004,42.01,0.010570553649044774
0.8100000000000004,44.01,0.012005897083875646
0.8100000000000004,46.01,0.013180486274102338
0.8100000000000004,48.01,0.014145472064153381
0.8100000000000004,50.01,0.014940248021388934
0.8100000000000004,52.01,0.015595576709144675
0.8100000000000004,54.01,0.016135773744488678
0.8100000000000004,56.01,0.016580265630189283
0.8100000000000004,58.01,0.01694472123441823
0.8100000000000004,60.01,0.017241886838856253
0.8100000000000004,62.01,0.017482211230736934
0.8100000000000004,64.00999999999999,0.017674319624919877
0.8100000000000004,66.00999999999999,0.017825377121347415
0.8100000000000004,68.00999999999999,0.01794137036703115
0.8100000000000004,70.00999999999999,0.018027327913759973
0.8100000000000004,72.00999999999999,0.01808749412296743
0.8100000000000004,74.00999999999999,0.018125467514047578
0.8100000000000004,76.00999999999999,0.018144311644571334
0.8100000000000004,78.00999999999999,0.018146644587340797
0.8100000000000004,80.00999999999999,0.018134711597163407
0.8100000000000004,82.00999999999999,0.018110444478080256
0.8100000000000004,84.00999999999999,0.01807551035611531
0.8100000000000004,86.00999999999999,0.018031351954920512
0.8100000000000004,88.00999999999999,0.017979221019928316
0.8100000000000004,90.00999999999999,0.01792020618351832
0.8100000000000004,92.00999999999999,0.01785525629537203
0.8100000000000004,94.00999999999999,0.017785200037799296
0.8100000000000004,96.00999999999999,0.017710762480784036
0.8100000000000004,98.00999999999999,0.017632579103937174
0.8300000000000004,0.01,-1.9520180533334814
0.8300000000000004,2.01,-0.13439263459727713
0.8300000000000004,4.01,-0.03994285580450682
0.8300000000000004,6.01,-0.034435853195142925
0.8300000000000004,8.01,-0.04013321268948782
0.8300000000000004,10.01,-0.048699856314273635
0.8300000000000004,12.01,-0.05924799169827005
0.8300000000000004,14.01,-0.07293873559338834
0.8300000000000004,16.009999999999998,-0.09366729745059496
0.8300000000000004,18.009999999999998,-0.14029197338978922
0.8300000000000004,20.009999999999998,-0.1252281612380762
0.8300000000000004,22.009999999999998,-0.06765841165127455
0.8300000000000004,24.009999999999998,-0.04212566488368359
0.8300000000000004,26.009999999999998,-0.02667502467164544
0.8300000000000004,28.009999999999998,-0.016228286639720153
0.8300000000000004,30.009999999999998,-0.00873111266310965
0.8300000000000004,32.01,-0.0031430222943918183
0.8300000000000004,34.01,0.0011334894481536777
0.8300000000000004,36.01,0.004470465260408303
0.8300000000000004,38.01,0.007113106370222735
0.8300000000000004,40.01,0.009230004145280659
0.8300000000000004,42.01,0.01094095488563177
0.8300000000000004,44.01,0.012333363712863804
0.8300000000000004,46.01,0.013472407788800482
0.8300000000000004,48.01,0.01440758801447131
0.8300000000000004,50.01,0.01517709296298619
0.8300000000000004,52.01,0.015810786508193835
0.8300000000000004,54.01,0.01633230168706853
0.8300000000000004,56.01,0.01676053819734404
0.8300000000000004,58.01,0.017110752523291042
0.8300000000000004,60.01,0.017395364023802908
0.8300000000000004,62.01,0.017624559355734242
0.8300000000000004,64.00999999999999,0.017806751387951465
0.8300000000000004,66.00999999999999,0.017948931595913424
0.8300000000000004,68.00999999999999,0.018056943451465697
0.8300000000000004,70.00999999999999,0.01813569651854032
0.8300000000000004,72.00999999999999,0.018189335562355333
0.8300000000000004,74.00999999999999,0.018221375184259845
0.8300000000000004,76.00999999999999,0.01823480780093764
0.8300000000000004,78.00999999999999,0.018232190831873333
0.8300000000000004,80.00999999999999,0.018215717545909296
0.8300000000000004,82.00999999999999,0.018187274969488795
0.8300000000000004,84.00999999999999,0.01814849148030218
0.8300000000000004,86.00999999999999,0.01810077612646867
0.8300000000000004,88.00999999999999,0.018045351265606083
0.8300000000000004,90.00999999999999,0.017983279785929517
0.8300000000000004,92.00999999999999,0.0179154879033629
0.8300000000000004,94.00999999999999,0.017842784331653726
0.8300000000000004,96.00999999999999,0.017765876467329696
0.8300000000000004,98.00999999999999,0.017685384098658476
0.8500000000000004,0.01,-1.978717967269321
0.8500000000000004,2.01,-0.13768871285140583
0.8500000000000004,4.01,-0.04332903287474889
0.8500000000000004,6.01,-0.03769741913821107
0.8500000000000004,8.01,-0.043375211650974584
0.8500000000000004,10.01,-0.052089788377940455
0.8500000000000004,12.01,-0.0630409540695267
0.8500000000000004,14.01,-0.07763803336063582
0.8500000000000004,16.009999999999998,-0.10075725783590747
0.8500000000000004,18.009999999999998,-0.16190866045455737
0.8500000000000004,20.009999999999998,-0.1116901789924572
0.8500000000000004,22.009999999999998,-0.06309956612624167
0.8500000000000004,24.009999999999998,-0.03954012887908399
0.8500000000000004,26.009999999999998,-0.024937484659024227
0.8500000000000004,28.009999999999998,-0.014954535408386975
0.8500000000000004,30.009999999999998,-0.00774588418856725
0.8500000000000004,32.01,-0.0023524392703847116
0.8500000000000004,34.01,0.0017851859829593605
0.8500000000000004,36.01,0.005018885688065216
0.8500000000000004,38.01,0.007582253186117303
0.8500000000000004,40.01,0.00963674563409219
0.8500000000000004,42.01,0.011297547689537588
0.8500000000000004,44.01,0.012648960087979966
0.8500000000000004,46.01,0.01375399939154825
0.8500000000000004,48.01,0.014660620180588033
0.8500000000000004,50.01,0.015405877744220834
0.8500000000000004,52.01,0.016018788213903394
0.8500000000000004,54.01,0.016522339078066293
0.8500000000000004,56.01,0.016934930688919297
0.8500000000000004,58.01,0.017271427871715237
0.8500000000000004,60.01,0.01754393895291873
0.8500000000000004,62.01,0.017762400814533168
0.8500000000000004,64.00999999999999,0.01793502371026125
0.8500000000000004,66.00999999999999,0.01806863324174727
0.8500000000000004,68.00999999999999,0.01816893594536671
0.8500000000000004,70.00999999999999,0.01824072746828875
0.8500000000000004,72.00999999999999,0.01828805713592296
0.8500000000000004,74.00999999999999,0.018314359067547012
0.8500000000000004,76.00999999999999,0.01832255739940432
0.8500000000000004,78.00999999999999,0.018315151295600605
0.8500000000000004,80.00999999999999,0.01829428406265883
0.8500000000000004,82.00999999999999,0.01826179966638325
0.8500000000000004,84.00999999999999,0.018219289202133084
0.8500000000000004,86.00999999999999,0.018168129299443166
0.8500000000000004,88.00999999999999,0.018109514012322223
0.8500000000000004,90.00999999999999,0.018044481423528998
0.8500000000000004,92.00999999999999,0.01797393593133906
0.8500000000000004,94.00999999999999,0.01789866699461851
0.8500000000000004,96.00999999999999,0.01781936496027589
0.8500000000000004,98.00999999999999,0.017736634476891226
0.8700000000000004,0.01,-2.00493574214699
0.8700000000000004,2.01,-0.14114412315421038
0.8700000000000004,4.01,-0.046793000530849484
0.8700000000000004,6.01,-0.04101574506981006
0.8700000000000004,8.01,-0.046674124880492315
0.8700000000000004,10.01,-0.05555393826877948
0.8700000000000004,12.01,-0.06695420055670698
0.8700000000000004,14.01,-0.08258472682494383
0.8700000000000004,16.009999999999998,-0.10862721184134758
0.8700000000000004,18.009999999999998,-0.1982757657094728
0.8700000000000004,20.009999999999998,-0.10144254779071502
0.8700000000000004,22.009999999999998,-0.05906899732123531
0.8700000000000004,24.009999999999998,-0.03716507830106986
0.8700000000000004,26.009999999999998,-0.023313530668409386
0.8700000000000004,28.009999999999998,-0.01375229867371428
0.8700000000000004,30.009999999999998,-0.006810095859353441
0.8700000000000004,32.01,-0.0015982484143984399
0.8700000000000004,34.01,0.002408863812805725
0.8700000000000004,36.01,0.0055449946622166965
0.8700000000000004,38.01,0.008033161871418146
0.8700000000000004,40.01,0.010028263778289836
0.8700000000000004,42.01,0.011641215078994275
0.8700000000000004,44.01,0.01295342561590242
0.8700000000000004,46.01,0.014025890449571244
0.8700000000000004,48.01,0.014905111699541835
0.8700000000000004,50.01,0.01562707661998448
0.8700000000000004,52.01,0.016220000137768004
0.8700000000000004,54.01,0.016706258132243586
0.8700000000000004,56.01,0.017103776852048544
0.8700000000000004,58.01,0.0174270485637515
0.8700000000000004,60.01,0.017687885239872855
0.8700000000000004,62.01,0.017895985424564276
0.8700000000000004,64.00999999999999,0.01805936577926743
0.8700000000000004,66.00999999999999,0.018184693232018035
0.8700000000000004,68.00999999999999,0.018277543187617873
0.8700000000000004,70.00999999999999,0.018342602099779514
0.8700000000000004,72.00999999999999,0.018383827731364585
0.8700000000000004,74.00999999999999,0.018404576927356194
0.8700000000000004,76.00999999999999,0.01840770821689764
0.8700000000000004,78.00999999999999,0.018395664752433104
0.8700000000000004,80.00999999999999,0.01837054177240318
0.8700000000000004,82.00999999999999,0.018334141791196152
0.8700000000000004,84.00999999999999,0.018288019996420716
0.8700000000000004,86.00999999999999,0.01823352177860262
0.8700000000000004,88.00999999999999,0.018171813905805648
0.8700000000000004,90.00999999999999,0.018103910537923457
0.8700000000000004,92.00999999999999,0.018030695022473796
0.8700000000000004,94.00999999999999,0.01795293823386976
0.8700000000000004,96.00999999999999,0.017871314058266006
0.8700000000000004,98.00999999999999,0.017786412519937785
0.8900000000000005,0.01,-2.0306820766109506
0.8900000000000005,2.01,-0.14475401962555004
0.8900000000000005,4.01,-0.050333183077194615
0.8900000000000005,6.01,-0.044390866856476835
0.8900000000000005,8.01,-0.05003152451796232
0.8900000000000005,10.01,-0.05909638684509531
0.8900000000000005,12.01,-0.07099808029123716
0.8900000000000005,14.01,-0.08781288407622526
0.8900000000000005,16.009999999999998,-0.11749711995019159
0.8900000000000005,18.009999999999998,-0.4464726008468574
0.8900000000000005,20.009999999999998,-0.09322382242807273
0.8900000000000005,22.009999999999998,-0.05546269963672261
0.8900000000000005,24.009999999999998,-0.03497110595277063
0.8900000000000005,26.009999999999998,-0.021790415967164068
0.8900000000000005,28.009999999999998,-0.012614694534067576
0.8900000000000005,30.009999999999998,-0.005919501593099315
0.8900000000000005,32.01,-0.0008775851750101416
0.8900000000000005,34.01,0.003006582405599017
0.8900000000000005,36.01,0.006050344666725177
0.8900000000000005,38.01,0.008467046194900981
0.8900000000000005,40.01,0.010405535266891327
0.8900000000000005,42.01,0.011972761452137234
0.8900000000000005,44.01,0.013247435560113515
0.8900000000000005,46.01,0.014288656907819297
0.8900000000000005,48.01,0.015141560441884954
0.8900000000000005,50.01,0.015841124927000957
0.8900000000000005,52.01,0.016414806711718896
0.8900000000000005,54.01,0.016884401254094974
0.8900000000000005,56.01,0.017267383959137142
0.8900000000000005,58.01,0.017577892179800936
0.8900000000000005,60.01,0.017827455123560085
0.8900000000000005,62.01,0.01802554360575319
0.8900000000000005,64.00999999999999,0.018179989080578066
0.8900000000000005,66.00999999999999,0.018297306503361404
0.8900000000000005,68.00999999999999,0.018382945557130017
0.8900000000000005,70.00999999999999,0.018441487910000207
0.8900000000000005,72.00999999999999,0.018476803385303567
0.8900000000000005,74.00999999999999,0.018492174553347816
0.8900000000000005,76.00999999999999,0.018490396839727082
0.8900000000000005,78.00999999999999,0.01847385948761039
0.8900000000000005,80.00999999999999,0.01844461144394592
0.8900000000000005,82.00999999999999,0.018404415282198126
0.8900000000000005,84.00999999999999,0.018354791573190646
0.8900000000000005,86.00999999999999,0.018297055576728415
0.8900000000000005,88.00999999999999,0.01823234773313966
0.8900000000000005,90.00999999999999,0.018161659108264214
0.8900000000000005,92.00999999999999,0.01808585272226739
0.8900000000000005,94.00999999999999,0.018005681495527687
0.8900000000000005,96.00999999999999,0.01792180340842056
0.8900000000000005,98.00999999999999,0.017834794349739034
0.9100000000000005,0.01,-2.0559671945656026
0.9100000000000005,2.01,-0.14851400140259882
0.9100000000000005,4.01,-0.05394824866210012
0.9100000000000005,6.01,-0.047823016289431454
0.9100000000000005,8.01,-0.05344921776367459
0.9100000000000005,10.01,-0.0627216742119997
0.9100000000000005,12.01,-0.07518436708779713
0.9100000000000005,14.01,-0.0933639939121386
0.9100000000000005,16.009999999999998,-0.12769470887130913
0.9100000000000005,18.009999999999998,-0.19695112528364175
0.9100000000000005,20.009999999999998,-0.08638138355264746
0.9100000000000005,22.009999999999998,-0.05220441466515189
0.9100000000000005,24.009999999999998,-0.032934481593330775
0.9100000000000005,26.009999999999998,-0.020357383884248802
0.9100000000000005,28.009999999999998,-0.011535764535665549
0.9100000000000005,30.009999999999998,-0.005070364033848279
0.9100000000000005,32.01,-0.00018789947102433488
0.9100000000000005,34.01,0.0035801902022142475
0.9100000000000005,36.01,0.006536337655399548
0.9100000000000005,38.01,0.008885007393660497
0.9100000000000005,40.01,0.010769449501427608
0.9100000000000005,42.01,0.012292921465432299
0.9100000000000005,44.01,0.013531608098315228
0.9100000000000005,46.01,0.014542827040748338
0.9100000000000005,48.01,0.015370423797382925
0.9100000000000005,50.01,0.0160484231350509
0.9100000000000005,52.01,0.016603561969977674
0.9100000000000005,54.01,0.017057084068090596
0.9100000000000005,56.01,0.017426035474787126
0.9100000000000005,58.01,0.01772421496506283
0.9100000000000005,60.01,0.017962881589136045
0.9100000000000005,62.01,0.018151288294963083
0.9100000000000005,64.00999999999999,0.018297089136265546
0.9100000000000005,66.00999999999999,0.0184066533439519
0.9100000000000005,68.00999999999999,0.01848530993095127
0.9100000000000005,70.00999999999999,0.01853753990095295
0.9100000000000005,72.00999999999999,0.018567128527563863
0.9100000000000005,74.00999999999999,0.01857728691864503
0.9100000000000005,76.00999999999999,0.018570749743072067
0.9100000000000005,78.00999999999999,0.018549854307923688
0.9100000000000005,80.00999999999999,0.018516604937877757
0.9100000000000005,82.00999999999999,0.018472725685266717
0.9100000000000005,84.00999999999999,0.018419703718160093
0.9100000000000005,86.00999999999999,0.018358825210587272
0.9100000000000005,88.00999999999999,0.018291205174972406
0.9100000000000005,90.00999999999999,0.018217812365876343
0.9100000000000005,92.00999999999999,0.018139490156925755
0.9100000000000005,94.00999999999999,0.01805697411127358
0.9100000000000005,96.00999999999999,0.017970906824803085
0.9100000000000005,98.00999999999999,0.017881850511402033
0.9300000000000005,0.01,-2.0808008763110157
0.9300000000000005,2.01,-0.15242007789127437
0.9300000000000005,4.01,-0.0576370934272121
0.9300000000000005,6.01,-0.05131261460483403
0.9300000000000005,8.01,-0.056929253314496386
0.9300000000000005,10.01,-0.06643484558641174
0.9300000000000005,12.01,-0.07952651315607254
0.9300000000000005,14.01,-0.09928927718223027
0.9300000000000005,16.009999999999998,-0.1397400515830279
0.9300000000000005,18.009999999999998,-0.16247226344147692
0.9300000000000005,20.009999999999998,-0.08053349878969081
0.9300000000000005,22.009999999999998,-0.049236579724876155
0.9300000000000005,24.009999999999998,-0.03103578434552617
0.9300000000000005,26.009999999999998,-0.019005276530458262
0.9300000000000005,28.009999999999998,-0.01051031691479986
0.9300000000000005,30.009999999999998,-0.004259377274692931
0.9300000000000005,32.01,0.0004730881211344542
0.9300000000000005,34.01,0.004131352067763249
0.9300000000000005,36.01,0.00700424358117158
0.9300000000000005,38.01,0.009288047416372945
0.9300000000000005,40.01,0.011120818496700985
0.9300000000000005,42.01,0.012602367707019328
0.9300000000000005,44.01,0.01380651044639754
0.9300000000000005,46.01,0.014788886459293698
0.9300000000000005,48.01,0.015592122852172575
0.9300000000000005,50.01,0.016249340391824713
0.9300000000000005,52.01,0.01678659260098953
0.9300000000000005,54.01,0.017224598079080902
0.9300000000000005,56.01,0.01757999339900154
0.9300000000000005,58.01,0.017866253913739916
0.9300000000000005,60.01,0.018094380236967543
0.9300000000000005,62.01,0.01827341663316373
0.9300000000000005,64.00999999999999,0.01841084703778934
0.9300000000000005,66.00999999999999,0.018512900794470856
0.9300000000000005,68.00999999999999,0.01858479097109219
0.9300000000000005,70.00999999999999,0.018630901765774862
0.9300000000000005,72.00999999999999,0.01865493708207387
0.9300000000000005,74.00999999999999,0.018660039202759326
0.9300000000000005,76.00999999999999,0.01864888424494262
0.9300000000000005,78.00999999999999,0.0186237594347107
0.9300000000000005,80.00999999999999,0.018586626044831443
0.9300000000000005,82.00999999999999,0.01853917094317534
0.9300000000000005,84.00999999999999,0.018482849038574906
0.9300000000000005,86.00999999999999,0.018418918403405517
0.9300000000000005,88.00999999999999,0.01834846947253369
0.9300000000000005,90.00999999999999,0.018272449427494158
0.9300000000000005,92.00999999999999,0.01819168263739109
0.9300000000000005,94.00999999999999,0.018106887870985744
0.9300000000000005,96.00999999999999,0.018018692834681705
0.9300000000000005,98.00999999999999,0.017927646502700897
0.9500000000000005,0.01,-2.1051924873197816
0.9500000000000005,2.01,-0.1564686379936656
0.9500000000000005,4.01,-0.06139882779856058
0.9500000000000005,6.01,-0.05486026777551061
0.9500000000000005,8.01,-0.06047393044791555
0.9500000000000005,10.01,-0.07024150623641842
0.9500000000000005,12.01,-0.08403996587207317
0.9500000000000005,14.01,-0.10565298110371524
0.9500000000000005,16.009999999999998,-0.1545340435518383
0.9500000000000005,18.009999999999998,-0.1424077508967135
0.9500000000000005,20.009999999999998,-0.07543752613797236
0.9500000000000005,22.009999999999998,-0.04651468853871197
0.9500000000000005,24.009999999999998,-0.029258923056832618
0.9500000000000005,26.009999999999998,-0.017726234965139715
0.9500000000000005,28.009999999999998,-0.009533801637652448
0.9500000000000005,30.009999999999998,-0.0034836036507262407
0.9500000000000005,32.01,0.0011074228506583845
0.9500000000000005,34.01,0.004661572450575854
0.9500000000000005,36.01,0.007455216182669776
0.9500000000000005,38.01,0.00967708029214072
0.9500000000000005,40.01,0.01146038543073305
0.9500000000000005,42.01,0.012901717354827863
0.9500000000000005,44.01,0.014072664192326858
0.9500000000000005,46.01,0.015027282485322925
0.9500000000000005,48.01,0.015807046047729294
0.9500000000000005,50.01,0.016444217634642478
0.9500000000000005,52.01,0.016964200630593715
0.9500000000000005,54.01,0.01738721301408433
0.9500000000000005,56.01,0.017729500332897396
0.9500000000000005,58.01,0.018004228607749334
0.9500000000000005,60.01,0.018222150932325182
0.9500000000000005,62.01,0.01839211145618262
0.9500000000000005,64.00999999999999,0.018521430801747393
0.9500000000000005,66.00999999999999,0.018616203887426006
0.9500000000000005,68.00999999999999,0.018681532262802968
0.9500000000000005,70.00999999999999,0.018721706941329082
0.9500000000000005,72.00999999999999,0.018740353440271272
0.9500000000000005,74.00999999999999,0.018740547697350483
0.9500000000000005,76.00999999999999,0.01872490935189795
0.9500000000000005,78.00999999999999,0.018695677295596447
0.9500000000000005,80.00999999999999,0.018654771228338408
0.9500000000000005,82.00999999999999,0.01860384209360007
0.9500000000000005,84.00999999999999,0.01854431362086043
0.9500000000000005,86.00999999999999,0.01847741670857429
0.9500000000000005,88.00999999999999,0.018404218017903776
0.9500000000000005,90.00999999999999,0.018325643853594333
0.9500000000000005,92.00999999999999,0.018242500189394967
0.9500000000000005,94.00999999999999,0.018155489530397882
0.9500000000000005,96.00999999999999,0.018065225161937787
0.9500000000000005,98.00999999999999,0.017972243229558583
0.9700000000000005,0.01,-2.1291510046323268
0.9700000000000005,2.01,-0.1606564228342538
0.9700000000000005,4.01,-0.06523276468515926
0.9700000000000005,6.01,-0.058466763461175096
0.9700000000000005,8.01,-0.06408581087860835
0.9700000000000005,10.01,-0.07414788709229762
0.9700000000000005,12.01,-0.08874256669423278
0.9700000000000005,14.01,-0.11253720436137027
0.9700000000000005,16.009999999999998,-0.17385574826018124
0.9700000000000005,18.009999999999998,-0.1282747956467452
0.9700000000000005,20.009999999999998,-0.07092964299948536
0.9700000000000005,22.009999999999998,-0.04400362846048307
0.9700000000000005,24.009999999999998,-0.027590419690924184
0.9700000000000005,26.009999999999998,-0.016513466332103828
0.9700000000000005,28.009999999999998,-0.008602209810788313
0.9700000000000005,30.009999999999998,-0.0027404216425908324
0.9700000000000005,32.01,0.0017169463656823646
0.9700000000000005,34.01,0.00517221502733432
0.9700000000000005,36.01,0.007890306499323964
0.9700000000000005,38.01,0.010052941932758125
0.9700000000000005,40.01,0.011788832058010656
0.9700000000000005,42.01,0.013191537974869515
0.9700000000000005,44.01,0.014330549958367246
0.9700000000000005,46.01,0.015258427987030424
0.9700000000000005,48.01,0.01601555239595515
0.9700000000000005,50.01,0.016633370329569623
0.9700000000000005,52.01,0.017136665788528592
0.9700000000000005,54.01,0.017545178890949004
0.9700000000000005,56.01,0.01787478130599311
0.9700000000000005,58.01,0.01813834284453545
0.9700000000000005,60.01,0.01834637926680372
0.9700000000000005,62.01,0.0185075426164317
0.9700000000000005,64.00999999999999,0.018628996572188306
0.9700000000000005,66.00999999999999,0.018716706747084883
0.9700000000000005,68.00999999999999,0.018775667326682403
0.9700000000000005,70.00999999999999,0.018810079540588113
0.9700000000000005,72.00999999999999,0.01882349332693201
0.9700000000000005,74.00999999999999,0.018818920611840796
0.9700000000000005,76.00999999999999,0.018798926510994487
0.9700000000000005,78.00999999999999,0.018765703227967563
0.9700000000000005,80.00999999999999,0.018721130285504713
0.9700000000000005,82.00999999999999,0.0186668238926161
0.9700000000000005,84.00999999999999,0.018604177618293662
0.9700000000000005,86.00999999999999,0.018534396064941727
0.9700000000000005,88.00999999999999,0.01845852287971748
0.9700000000000005,90.00999999999999,0.018377464149760065
0.9700000000000005,92.00999999999999,0.018292008028786902
0.9700000000000005,94.00999999999999,0.018202841263117494
0.9700000000000005,96.00999999999999,0.018110563158840014
0.9700000000000005,98.00999999999999,0.01801569742368181
0.9900000000000005,0.01,-2.152685040689174
0.9900000000000005,2.01,-0.16498050156315702
0.9900000000000005,4.01,-0.0691384093874506
0.9900000000000005,6.01,-0.062133069531222065
0.9900000000000005,8.01,-0.06776773357468216
0.9900000000000005,10.01,-0.07816092305252045
0.9900000000000005,12.01,-0.09365505854057936
0.9900000000000005,14.01,-0.12004919425764787
0.9900000000000005,16.009999999999998,-0.20209024006380227
0.9900000000000005,18.009999999999998,-0.11739736188030736
0.9900000000000005,20.009999999999998,-0.06689404895482733
0.9900000000000005,22.009999999999998,-0.04167521732371884
0.9900000000000005,24.009999999999998,-0.026018875361836523
0.9900000000000005,26.009999999999998,-0.015361060801741336
0.9900000000000005,28.009999999999998,-0.0077119919825397645
0.9900000000000005,30.009999999999998,-0.0020274826317728625
0.9900000000000005,32.01,0.0023033224861587496
0.9900000000000005,34.01,0.005664519452808681
0.9900000000000005,36.01,0.008310474493966973
0.9900000000000005,38.01,0.010416398619338211
0.9900000000000005,40.01,0.012106785161543513
0.9900000000000005,42.01,0.013472352589478752
0.9900000000000005,44.01,0.014580611489724208
0.9900000000000005,46.01,0.015482704751065682
0.9900000000000005,48.01,0.01621797431348991
0.9900000000000005,50.01,0.016817090890623998
0.9900000000000005,52.01,0.017304247601313775
0.9900000000000005,54.01,0.017698727850385086
0.9900000000000005,56.01,0.018016045395265485
0.9900000000000005,58.01,0.01826878608118889
0.9900000000000005,60.01,0.018467237856736072
0.9900000000000005,62.01,0.018619868157254985
0.9900000000000005,64.00999999999999,0.018733689689822242
0.9900000000000005,66.00999999999999,0.018814543567853344
0.9900000000000005,68.00999999999999,0.018867320517496518
0.9900000000000005,70.00999999999999,0.018896135184259387
0.9900000000000005,72.00999999999999,0.01890446457054844
0.9900000000000005,74.00999999999999,0.018895258790115
0.9900000000000005,76.00999999999999,0.018871030278736656
0.9900000000000005,78.00999999999999,0.018833926105876024
0.9900000000000005,80.00999999999999,0.01878578693567485
0.9900000000000005,82.00999999999999,0.01872819536725223
0.9900000000000005,84.00999999999999,0.018662515773070664
0.9900000000000005,86.00999999999999,0.018589927290776454
0.9900000000000005,88.00999999999999,0.018511451271445756
0.9900000000000005,90.00999999999999,0.018427974210316243
0.9900000000000005,92.00999999999999,0.01834026698584488
0.9900000000000005,94.00999999999999,0.018249001063010736
0.9900000000000005,96.00999999999999,0.018154762188136442
0.9900000000000005,98.00999999999999,0.018058062003354663
